{
"type": "FeatureCollection",
"name": "police_station_boundary.writing_20260805_172659",
"crs": { "type": "name", "properties": { "name": "urn:ogc:def:crs:OGC:1.3:CRS84" } },
"features": [
{ "type": "Feature", "properties": { "Shape.STArea()": 202685881.0590128, "Shape.STLength()": 127708.04038346572, "OBJECTID": 527, "KGISPS_BOUNDID": 627, "PS_BOUNDName": "Bannur PS", "PS_BOUNDCode": "PSB - 627", "KGISPS_SUB_DIVID": 130, "_source_layer": "Police Station Boundary", "_source_layer_url": "https://kgis.ksrsac.in/kgismaps/rest/services/Home/Home_Department/MapServer/82", "_police_station": "Bannur PS" }, "geometry": { "type": "MultiPolygon", "coordinates": [ [ [ [ 76.828084432552259, 12.290601947450826 ], [ 76.828562257443394, 12.290511673948693 ], [ 76.828576570710538, 12.290508969644193 ], [ 76.828997170374691, 12.290462853628506 ], [ 76.829001836152273, 12.290395832755165 ], [ 76.82905050543684, 12.289696682222566 ], [ 76.829086124744649, 12.289449614002386 ], [ 76.829012414681486, 12.289416782682688 ], [ 76.828945130199145, 12.289386813522146 ], [ 76.828944319776113, 12.289128454143924 ], [ 76.828943073177228, 12.288730505984635 ], [ 76.828980489512091, 12.28872587833613 ], [ 76.828983792656516, 12.288719704329273 ], [ 76.829044293372107, 12.288606570320768 ], [ 76.828878019189247, 12.288497361733308 ], [ 76.828889431961557, 12.288349894929334 ], [ 76.828813801167371, 12.288350849596203 ], [ 76.828823542476897, 12.288069775212263 ], [ 76.828830940758067, 12.288051127163579 ], [ 76.828921424468348, 12.2879222213709 ], [ 76.828955982828759, 12.2878844551455 ], [ 76.82900451288387, 12.287831424516551 ], [ 76.829043822423174, 12.287788467983848 ], [ 76.82906496103152, 12.287765369504564 ], [ 76.829240677009764, 12.287260638918447 ], [ 76.829149271463336, 12.287051692813446 ], [ 76.829253633356387, 12.286795248209012 ], [ 76.829328238266669, 12.286759637656148 ], [ 76.829781604276548, 12.286627544934305 ], [ 76.82989325277876, 12.286615889357256 ], [ 76.829897918796519, 12.286615400788994 ], [ 76.829986179284461, 12.286606187499009 ], [ 76.82997191515733, 12.286262593831843 ], [ 76.829954804136435, 12.285834793085266 ], [ 76.8299410488642, 12.285483003056337 ], [ 76.829940526694614, 12.285460654058218 ], [ 76.829939376074634, 12.285328118693942 ], [ 76.829939164431522, 12.285303619958345 ], [ 76.829898176209582, 12.285066575592412 ], [ 76.829808550427401, 12.284618100166275 ], [ 76.829721844906103, 12.28421199976135 ], [ 76.82969463834587, 12.284088684733888 ], [ 76.82966819574105, 12.283978949276804 ], [ 76.829614243197113, 12.283755050049194 ], [ 76.82961276695616, 12.283748922447467 ], [ 76.829610564998262, 12.283724102564372 ], [ 76.829534877880405, 12.283087304173209 ], [ 76.829547994679814, 12.283018724540215 ], [ 76.82960505253979, 12.282720392200789 ], [ 76.829568164954125, 12.28175733634399 ], [ 76.829566177476394, 12.281705417960843 ], [ 76.829934334084527, 12.281604332443193 ], [ 76.830107875375845, 12.281507553700802 ], [ 76.830196093829315, 12.281378537316012 ], [ 76.830203835764479, 12.281373735583522 ], [ 76.830203764767276, 12.281367320190551 ], [ 76.830236028147027, 12.281320134381069 ], [ 76.830264913557016, 12.281166154820632 ], [ 76.830263189689617, 12.281160104804135 ], [ 76.830236315043891, 12.28106575479627 ], [ 76.83016710569413, 12.280825987527635 ], [ 76.830141595232121, 12.280786309690734 ], [ 76.830117964149508, 12.280647107349179 ], [ 76.829995742171803, 12.280582916753467 ], [ 76.829801069011864, 12.280480672548647 ], [ 76.829523658715331, 12.280302871842283 ], [ 76.829267305793152, 12.280077464620845 ], [ 76.829154173327439, 12.279944682895136 ], [ 76.829028028455511, 12.279645257598958 ], [ 76.828988426262327, 12.279547736543197 ], [ 76.828818503594363, 12.279129288838845 ], [ 76.828631754992202, 12.278808058240108 ], [ 76.828411767049673, 12.27842027201946 ], [ 76.828351587669303, 12.27831837863156 ], [ 76.82834245338401, 12.278248231969865 ], [ 76.828340009810091, 12.278190772058306 ], [ 76.828337147904662, 12.278123440746503 ], [ 76.828332072447921, 12.278004008106862 ], [ 76.828331362629527, 12.277981736254576 ], [ 76.828292870315792, 12.277839324504038 ], [ 76.828219349929981, 12.277799107278033 ], [ 76.828124613774079, 12.277747282760323 ], [ 76.828075900992943, 12.2777206364575 ], [ 76.828075743947224, 12.277710267070981 ], [ 76.827992630724594, 12.277710298447786 ], [ 76.827974427840957, 12.277135829297595 ], [ 76.82793519713691, 12.276730651631837 ], [ 76.828031175458108, 12.276716000658091 ], [ 76.828032437943335, 12.276715807836911 ], [ 76.82802709689544, 12.276692642197601 ], [ 76.827933385309095, 12.276155988970791 ], [ 76.828034712147016, 12.275856063363607 ], [ 76.827953114948045, 12.274769449297727 ], [ 76.828542640325992, 12.274748758487098 ], [ 76.828683035162214, 12.274754117905628 ], [ 76.828872068553991, 12.274761334556738 ], [ 76.828995736365755, 12.274820654353999 ], [ 76.829102952354731, 12.275785466032474 ], [ 76.82904823006055, 12.275837555228605 ], [ 76.829792665717079, 12.275768970719533 ], [ 76.829812925254885, 12.275767103518133 ], [ 76.829850248736761, 12.275763004493189 ], [ 76.829866776026876, 12.275761189336578 ], [ 76.830139431709256, 12.275731243026227 ], [ 76.830814043682409, 12.275432865136358 ], [ 76.831267379601542, 12.275151933347741 ], [ 76.831394290122162, 12.275073287352111 ], [ 76.831467757101265, 12.27497062501255 ], [ 76.831960047902982, 12.274838843382122 ], [ 76.832048686536041, 12.274815116261074 ], [ 76.832066471871485, 12.274810354901351 ], [ 76.83217198754609, 12.274782108374195 ], [ 76.832609745136253, 12.27465784382265 ], [ 76.832986628528872, 12.274556593305046 ], [ 76.833004708198217, 12.274551735914217 ], [ 76.833078753047857, 12.274750980015147 ], [ 76.833228141965847, 12.275066196945673 ], [ 76.833423446305048, 12.275750999982781 ], [ 76.833869717270474, 12.275758408383473 ], [ 76.833870048051409, 12.275760119052977 ], [ 76.834118380450079, 12.275758025254049 ], [ 76.834105661109263, 12.275581132009307 ], [ 76.8343100736152, 12.275565380482352 ], [ 76.834693431910068, 12.275535839070782 ], [ 76.834690473647512, 12.275148085599266 ], [ 76.835184098974139, 12.275056141272858 ], [ 76.835224742644485, 12.27503567233749 ], [ 76.835449087766548, 12.274922680953452 ], [ 76.835456226058099, 12.274783158374387 ], [ 76.835212977588256, 12.274154699300091 ], [ 76.835237665218415, 12.274138892903212 ], [ 76.835397352812393, 12.27403665185247 ], [ 76.835556905282189, 12.27416050310948 ], [ 76.83579891558729, 12.274026617149046 ], [ 76.835916265125562, 12.273972519003111 ], [ 76.836190829708698, 12.274918349252633 ], [ 76.836294344749135, 12.274884004265306 ], [ 76.837186221368256, 12.274588085593248 ], [ 76.837315228988487, 12.274597873708396 ], [ 76.837621830043972, 12.274621137141667 ], [ 76.837855785384207, 12.274747652298485 ], [ 76.841410509743099, 12.276590433475487 ], [ 76.842370890420639, 12.277143493035297 ], [ 76.842690850415096, 12.277250313894296 ], [ 76.842704298780546, 12.277339175466297 ], [ 76.842696326310303, 12.277375127189881 ], [ 76.842880339478967, 12.277921222106881 ], [ 76.842862936509377, 12.277973792979839 ], [ 76.842771320553638, 12.278250544006195 ], [ 76.842728562741428, 12.278316268081921 ], [ 76.84268571124251, 12.278382136502797 ], [ 76.842695810739968, 12.278580569630579 ], [ 76.842706971847349, 12.278799871002784 ], [ 76.842714667456022, 12.278951082884548 ], [ 76.842847979931861, 12.278916408281592 ], [ 76.84301907413986, 12.278871907139784 ], [ 76.843154689389451, 12.278836633890403 ], [ 76.843079668018419, 12.279461971383265 ], [ 76.843070903743765, 12.279533253450195 ], [ 76.843007940352521, 12.280101784235468 ], [ 76.843004679141387, 12.280131223352369 ], [ 76.842939025681062, 12.280387852644163 ], [ 76.84278098524176, 12.280810259255137 ], [ 76.842335673491107, 12.281657847368026 ], [ 76.842336278235734, 12.281687298437188 ], [ 76.842340462212348, 12.281890604470338 ], [ 76.842384404054215, 12.2828145982562 ], [ 76.842493781228114, 12.283475212941857 ], [ 76.842400002537275, 12.284073650322091 ], [ 76.842356218022928, 12.284353057850671 ], [ 76.842320827587415, 12.284578895760125 ], [ 76.842267060127099, 12.284859644964016 ], [ 76.842186691634794, 12.285279277252631 ], [ 76.842194982249808, 12.285301697638543 ], [ 76.842301888275529, 12.285590809322851 ], [ 76.842314769821556, 12.285628636374888 ], [ 76.842421003371712, 12.285940599271363 ], [ 76.842548684061612, 12.286315539192726 ], [ 76.842716548201153, 12.286808479989052 ], [ 76.84269064844014, 12.286852387363096 ], [ 76.842684886771281, 12.28686144970669 ], [ 76.842618179988264, 12.287032416204287 ], [ 76.843094327110705, 12.28752023116405 ], [ 76.843415546723918, 12.287951658115469 ], [ 76.843420278478206, 12.288093493808859 ], [ 76.843311931827117, 12.288118264411111 ], [ 76.843175653720195, 12.288149420176712 ], [ 76.843091069375319, 12.288090506553862 ], [ 76.843068103585779, 12.288174009064921 ], [ 76.843012260509255, 12.288377041259231 ], [ 76.842959406718421, 12.288643586956193 ], [ 76.842942414246153, 12.288729286369389 ], [ 76.84293132062993, 12.288785232427735 ], [ 76.843238316576361, 12.289101838030296 ], [ 76.843240155281876, 12.289273699697413 ], [ 76.843337280726956, 12.289266027636099 ], [ 76.843801024157074, 12.289229393374194 ], [ 76.843805494897126, 12.289234651917679 ], [ 76.843906118184279, 12.289353017264757 ], [ 76.844000350037177, 12.28941419757737 ], [ 76.844023943802426, 12.289568441252348 ], [ 76.844045296629474, 12.289708040717237 ], [ 76.844142437376618, 12.289697407101391 ], [ 76.844293928721314, 12.2899740921084 ], [ 76.844313614417729, 12.29001004726673 ], [ 76.844371871117829, 12.290169630622891 ], [ 76.844470684360815, 12.290191092701079 ], [ 76.844505314545444, 12.290293304433478 ], [ 76.84457229573205, 12.290301047572433 ], [ 76.84461549146792, 12.290306039613117 ], [ 76.844663644634281, 12.290308965375184 ], [ 76.844748157489178, 12.290314097345842 ], [ 76.844763907554139, 12.290539002986003 ], [ 76.844846807148983, 12.290578122136658 ], [ 76.844922565147229, 12.290613871802838 ], [ 76.8449149236191, 12.29064756251937 ], [ 76.845197215831078, 12.290672518949728 ], [ 76.845404196092176, 12.29068694201904 ], [ 76.845780874957811, 12.29071318831201 ], [ 76.84584129348562, 12.290717399602119 ], [ 76.845836885823431, 12.291003939006425 ], [ 76.845833462999721, 12.291226366972216 ], [ 76.846079779324995, 12.291243063111233 ], [ 76.846107799095492, 12.291244962036743 ], [ 76.84628272196737, 12.291256818502697 ], [ 76.846284254738336, 12.291319587832042 ], [ 76.846721010280802, 12.291302512405835 ], [ 76.847231288553076, 12.291280227929027 ], [ 76.847244178140841, 12.291405415461277 ], [ 76.847285313632383, 12.291400852384683 ], [ 76.847273253775427, 12.291687810234237 ], [ 76.847287783248717, 12.291828925868771 ], [ 76.847572691738321, 12.291857574247858 ], [ 76.847605373144916, 12.292285046812889 ], [ 76.847605873878052, 12.292291595724164 ], [ 76.847610551127914, 12.292351411545351 ], [ 76.847900589880012, 12.292404761584898 ], [ 76.848062959113378, 12.292434627515552 ], [ 76.848238829234703, 12.292466977314287 ], [ 76.848255991167406, 12.292641936515174 ], [ 76.84826279817284, 12.29271133359865 ], [ 76.848526100433176, 12.292683040811511 ], [ 76.848569574633501, 12.292678368614526 ], [ 76.848583580236195, 12.292675735856125 ], [ 76.848743066210531, 12.292645760804636 ], [ 76.848796960133669, 12.292631467670788 ], [ 76.848964865146272, 12.292586937228192 ], [ 76.849006863246402, 12.292585047167309 ], [ 76.849301128266816, 12.292594279923794 ], [ 76.849709969033952, 12.292582933510426 ], [ 76.8497830022323, 12.292576545445856 ], [ 76.849772911068712, 12.292816398943467 ], [ 76.849863260872823, 12.292895192778818 ], [ 76.850010279384705, 12.292863577579842 ], [ 76.850073146059231, 12.292899847576052 ], [ 76.850177313172878, 12.292909777337028 ], [ 76.850211323316159, 12.292865532493295 ], [ 76.850560578962344, 12.29284563021109 ], [ 76.850730129349756, 12.292835967699347 ], [ 76.851706523633197, 12.293031150605149 ], [ 76.851745495602231, 12.293058781671515 ], [ 76.851962617046951, 12.293098035621723 ], [ 76.852087533950609, 12.293193180025145 ], [ 76.852163668845094, 12.293251168645554 ], [ 76.852354437932561, 12.293301257502051 ], [ 76.852386658133042, 12.293178658458331 ], [ 76.852500408014407, 12.293179034316559 ], [ 76.852562588607327, 12.293179239627113 ], [ 76.852624752614759, 12.293028504070119 ], [ 76.852908237770833, 12.292842108962914 ], [ 76.852899627410849, 12.292687464357812 ], [ 76.852976915324106, 12.292526487426864 ], [ 76.853694130389883, 12.292629394476528 ], [ 76.853676398045593, 12.292551941292649 ], [ 76.853666739669805, 12.292509756374766 ], [ 76.853807700721816, 12.292456757256282 ], [ 76.853910971897875, 12.292414686572823 ], [ 76.854082361132669, 12.292448603100137 ], [ 76.854578515952767, 12.292473406987931 ], [ 76.854593332186326, 12.292380832687467 ], [ 76.854661088001208, 12.292385981066163 ], [ 76.854785843169324, 12.292395461274985 ], [ 76.855270733485639, 12.292411259845611 ], [ 76.855437558681658, 12.292099264135906 ], [ 76.855735326000143, 12.292055905312813 ], [ 76.855794326684887, 12.292043123677983 ], [ 76.855872792197317, 12.291718531328755 ], [ 76.856034682445852, 12.291479292774499 ], [ 76.856197846890865, 12.291211825314047 ], [ 76.85628067651048, 12.290985035344697 ], [ 76.856811263879649, 12.290994473592674 ], [ 76.856891060787092, 12.290599549855493 ], [ 76.857001299813462, 12.290203870857992 ], [ 76.857042856673942, 12.290034162817916 ], [ 76.857046807103245, 12.290018029681253 ], [ 76.857110376384284, 12.289962676385427 ], [ 76.857469451798266, 12.290327773094244 ], [ 76.857538095791313, 12.290310913337485 ], [ 76.857609088794604, 12.290293475400931 ], [ 76.857632398096328, 12.290141213250145 ], [ 76.857682580828268, 12.289999504995523 ], [ 76.857756451821089, 12.289993479826638 ], [ 76.857881443356462, 12.289746178919582 ], [ 76.857894022092964, 12.289721290920612 ], [ 76.857971280317457, 12.289576661841325 ], [ 76.857991994507657, 12.289537883743714 ], [ 76.858054036594623, 12.289530946365922 ], [ 76.85806972232804, 12.289369822774674 ], [ 76.858132928598266, 12.289348566276621 ], [ 76.858168200224725, 12.289062609788179 ], [ 76.858757300552071, 12.289215383107159 ], [ 76.858767691487031, 12.288879700323081 ], [ 76.859169172037667, 12.288962597895884 ], [ 76.85951674945143, 12.289009045046626 ], [ 76.859561700304198, 12.289015051407869 ], [ 76.859551881561174, 12.289168058889711 ], [ 76.85954850557161, 12.289220656233789 ], [ 76.859562209839567, 12.289222152133103 ], [ 76.859623746571629, 12.289228867397684 ], [ 76.859627181041105, 12.289342461344651 ], [ 76.859594817271756, 12.289398328889298 ], [ 76.859563204516377, 12.289452897870373 ], [ 76.859804943535394, 12.289455592708745 ], [ 76.860049423011134, 12.289621932189812 ], [ 76.860337495612228, 12.289591163457269 ], [ 76.860419948609319, 12.289612854678539 ], [ 76.860466320027271, 12.289625054567001 ], [ 76.860961241672953, 12.289770532426376 ], [ 76.86140264113952, 12.289914657843507 ], [ 76.861467223443981, 12.289922579418789 ], [ 76.861466200663656, 12.289765303524012 ], [ 76.861749238397181, 12.289804636546645 ], [ 76.861791232131708, 12.289810471012002 ], [ 76.861905875774653, 12.289786488277167 ], [ 76.86267181094621, 12.289987409400847 ], [ 76.862862082331134, 12.289696366503158 ], [ 76.863134364953822, 12.289679455821494 ], [ 76.863202048167722, 12.289580816196787 ], [ 76.863361820221286, 12.289587693254154 ], [ 76.863541673870586, 12.289505900028093 ], [ 76.863684285181307, 12.289454333073204 ], [ 76.863846996540246, 12.288856862596614 ], [ 76.863883597621097, 12.288779211190226 ], [ 76.863588420400561, 12.288661002524458 ], [ 76.863499368877584, 12.288625339785112 ], [ 76.863558541786659, 12.288536442264606 ], [ 76.86358681304111, 12.288493970660829 ], [ 76.863549312641936, 12.288469376510388 ], [ 76.863608375233753, 12.288310653046958 ], [ 76.863716580451296, 12.28828083827449 ], [ 76.863765028399996, 12.288205638883237 ], [ 76.86379797680037, 12.288154496109659 ], [ 76.863886689059868, 12.288040866914894 ], [ 76.863890394779972, 12.288036120701028 ], [ 76.864073907653506, 12.287889908920398 ], [ 76.864090493176079, 12.287798328537416 ], [ 76.864109937383617, 12.287690973119609 ], [ 76.864135440053516, 12.287669132458891 ], [ 76.864180266378938, 12.287630742966579 ], [ 76.863868033881218, 12.287421215724603 ], [ 76.864025936331913, 12.287205639196788 ], [ 76.864019205939073, 12.287129378427656 ], [ 76.864030664093377, 12.287110184191024 ], [ 76.864153592319909, 12.286904264275099 ], [ 76.864204815274675, 12.28677861928951 ], [ 76.864248092409639, 12.286672464591874 ], [ 76.864262756041342, 12.286636495067723 ], [ 76.864281101623092, 12.286591495089771 ], [ 76.86444854062195, 12.285983828220434 ], [ 76.864519530238852, 12.285779053826365 ], [ 76.864518610265151, 12.285763018000951 ], [ 76.864505714961879, 12.285537984161975 ], [ 76.864489962155275, 12.285263114375596 ], [ 76.864489159396726, 12.285249103349607 ], [ 76.864512604697666, 12.285104720281234 ], [ 76.864517716801586, 12.28507324122214 ], [ 76.864523999670368, 12.285034552058654 ], [ 76.864360286328363, 12.285042675854811 ], [ 76.863791994791555, 12.285069573186973 ], [ 76.863791259700946, 12.285063600819999 ], [ 76.863834890555225, 12.285004550500561 ], [ 76.863573051619738, 12.28436276279521 ], [ 76.86355079459787, 12.284308207746518 ], [ 76.863846489660432, 12.284136599203903 ], [ 76.863867025351823, 12.284130999031474 ], [ 76.863962994932507, 12.284104825380556 ], [ 76.864334387420811, 12.28400353726456 ], [ 76.864649881495978, 12.283917492868349 ], [ 76.864673758257922, 12.283910981366603 ], [ 76.864762396801297, 12.283840349353843 ], [ 76.864829257037172, 12.283794507295768 ], [ 76.864823252879333, 12.283791855532822 ], [ 76.864681650652756, 12.283729287150768 ], [ 76.86468542207399, 12.283727744748267 ], [ 76.864719858781356, 12.28355196731216 ], [ 76.864748935527345, 12.283352382889655 ], [ 76.864813036367295, 12.28323829126947 ], [ 76.864852310742236, 12.283168386888862 ], [ 76.864916756275647, 12.282951354343901 ], [ 76.864914355689947, 12.282914195851177 ], [ 76.864906663681737, 12.282795101277078 ], [ 76.864889010197729, 12.282792951881747 ], [ 76.864703016632575, 12.282770306566571 ], [ 76.864407679996773, 12.282067205083495 ], [ 76.864151565912707, 12.281732041413196 ], [ 76.864013532219019, 12.281424018887488 ], [ 76.863943042209343, 12.281433234784181 ], [ 76.863904559629262, 12.281393133893507 ], [ 76.86353349557686, 12.281006460513922 ], [ 76.863134661567599, 12.280775203710382 ], [ 76.863136313118517, 12.280669760890444 ], [ 76.863140853860372, 12.280647713220837 ], [ 76.863076394742635, 12.280620000382783 ], [ 76.863044166470601, 12.280616516454337 ], [ 76.862846455937472, 12.280512277224227 ], [ 76.86245115186378, 12.280366767384626 ], [ 76.862345912313529, 12.280350503716178 ], [ 76.86233611554276, 12.280348976799811 ], [ 76.86207928972884, 12.280308961275086 ], [ 76.862028684637792, 12.280305394291819 ], [ 76.861781486672939, 12.280287976071621 ], [ 76.861644214707127, 12.280322880913168 ], [ 76.861303507324877, 12.280328710430069 ], [ 76.860965512301959, 12.280217096657902 ], [ 76.860845547003535, 12.280079135940587 ], [ 76.860548982623811, 12.27996912011475 ], [ 76.860445505804449, 12.279939854887466 ], [ 76.86020388766724, 12.279902347313353 ], [ 76.86018280675178, 12.279807791487194 ], [ 76.860224624597564, 12.279778741305515 ], [ 76.860445361097902, 12.279781357108293 ], [ 76.860550148030896, 12.279819577259763 ], [ 76.860550834539467, 12.279731518033051 ], [ 76.860501431172835, 12.27956759628538 ], [ 76.860481248986076, 12.279500629058434 ], [ 76.860449008298943, 12.279426276765768 ], [ 76.860401413895687, 12.279405884893531 ], [ 76.860151638273067, 12.279553053663832 ], [ 76.859944121562506, 12.279564272145144 ], [ 76.859878481976395, 12.279453598048455 ], [ 76.860404679857496, 12.279179566307002 ], [ 76.861287990458337, 12.278079649818046 ], [ 76.861688267848137, 12.277248479287231 ], [ 76.862183944018668, 12.276450626946588 ], [ 76.862515126306477, 12.275083795340354 ], [ 76.862635687859751, 12.273985231111812 ], [ 76.862802488755079, 12.272465309225455 ], [ 76.862954534470603, 12.271583539774204 ], [ 76.8629585225451, 12.271560409403772 ], [ 76.863125849335177, 12.271622531794396 ], [ 76.863955605268046, 12.271833250132909 ], [ 76.864153598981432, 12.27194341699583 ], [ 76.864261715949169, 12.27206921412991 ], [ 76.864505502723574, 12.272634640350795 ], [ 76.864786801685725, 12.272822020602899 ], [ 76.865149271481044, 12.273148508578574 ], [ 76.865323063299797, 12.273207956004656 ], [ 76.865315042670929, 12.273270165157181 ], [ 76.865560133292831, 12.273325525007959 ], [ 76.865610831024426, 12.27333866209111 ], [ 76.865672958882953, 12.273360686933021 ], [ 76.866216873553796, 12.273553508955914 ], [ 76.86627032362901, 12.27357258464121 ], [ 76.866321373213538, 12.273604218024207 ], [ 76.86645913895687, 12.273649546483878 ], [ 76.866600460026447, 12.273745650587671 ], [ 76.866637869174326, 12.273759020813912 ], [ 76.866682916057954, 12.273775120237071 ], [ 76.866734219465229, 12.273793456610154 ], [ 76.866811963329738, 12.273821242757535 ], [ 76.866959137940938, 12.273873842724345 ], [ 76.867011373863264, 12.273892511640724 ], [ 76.867100339558078, 12.273925435712716 ], [ 76.868624921322123, 12.27448963430365 ], [ 76.869158108627673, 12.274686946608925 ], [ 76.869194877872857, 12.274627824203948 ], [ 76.869582480971019, 12.274746973434246 ], [ 76.869685696922929, 12.274778702015016 ], [ 76.869807687014699, 12.274876504377298 ], [ 76.870047699637439, 12.27491585246911 ], [ 76.870145439794186, 12.275005547888076 ], [ 76.870192021554828, 12.275026538837981 ], [ 76.87044623987731, 12.275141096291534 ], [ 76.870500050529884, 12.275165345117728 ], [ 76.87053059103188, 12.275101847839499 ], [ 76.87072894790893, 12.275164765468443 ], [ 76.870725034623888, 12.275210885522091 ], [ 76.870724675726478, 12.275215118128582 ], [ 76.870661002198233, 12.275326394784175 ], [ 76.871000462567139, 12.275427576917735 ], [ 76.871153912747644, 12.275473314462856 ], [ 76.871230650289576, 12.275496187182709 ], [ 76.871727859691376, 12.276013024053546 ], [ 76.872396389428886, 12.276707937709137 ], [ 76.873650588209102, 12.273835669527864 ], [ 76.875656766388033, 12.270608600336292 ], [ 76.877374019794587, 12.268198103306032 ], [ 76.87961007954712, 12.265909047790275 ], [ 76.883474259700748, 12.261953157802752 ], [ 76.884936311265932, 12.260863288177788 ], [ 76.886371408685179, 12.258424500521441 ], [ 76.887064165104803, 12.25636755196167 ], [ 76.887905208233889, 12.253870077289911 ], [ 76.88807488429623, 12.25319260438018 ], [ 76.888508449006963, 12.252225805439076 ], [ 76.889439371424487, 12.251183587195387 ], [ 76.890510714927998, 12.249150382748425 ], [ 76.891685589771598, 12.24770451493371 ], [ 76.892350187449225, 12.247166089215723 ], [ 76.892632046942907, 12.246769007319262 ], [ 76.895202268756606, 12.244748516151338 ], [ 76.897907303314739, 12.24250200758215 ], [ 76.901023462633134, 12.240467289899811 ], [ 76.902760757017006, 12.238978387706043 ], [ 76.904496168852347, 12.236552922762803 ], [ 76.906106797615962, 12.234301807976607 ], [ 76.906475062323324, 12.233378440971093 ], [ 76.907680277310646, 12.230633052227683 ], [ 76.908525065167197, 12.228708645053525 ], [ 76.909178606757052, 12.225621404358167 ], [ 76.910859417370489, 12.225930063541487 ], [ 76.911036525065853, 12.225443580239299 ], [ 76.911144201185863, 12.22547103964083 ], [ 76.911320337890345, 12.225525488823772 ], [ 76.911412156762694, 12.225558138043132 ], [ 76.912098356179271, 12.22580214453307 ], [ 76.912155431114556, 12.225811701870414 ], [ 76.912810942073435, 12.225921476626555 ], [ 76.912908881578161, 12.225929767020995 ], [ 76.913043828396056, 12.225941192100521 ], [ 76.913063196003208, 12.226020601731525 ], [ 76.912987726226774, 12.226037012182063 ], [ 76.912988872595122, 12.22614071243871 ], [ 76.913274199171141, 12.226143422739055 ], [ 76.913443681531035, 12.226138308853193 ], [ 76.913536936976556, 12.226165197831238 ], [ 76.913702997148491, 12.226213080225097 ], [ 76.914287002351898, 12.2262855692943 ], [ 76.914693370131829, 12.226336008866125 ], [ 76.914706404061377, 12.226326169054696 ], [ 76.914740817243526, 12.226300188345778 ], [ 76.914760146104115, 12.226177918590832 ], [ 76.915139313775668, 12.226210893619056 ], [ 76.915151825739983, 12.226212159550341 ], [ 76.915422099238739, 12.226239502332959 ], [ 76.915578455534842, 12.226256080839002 ], [ 76.916200096519759, 12.226321991887236 ], [ 76.916470983527475, 12.226321855589475 ], [ 76.916521131646462, 12.226321829628908 ], [ 76.916517252835504, 12.226490441085279 ], [ 76.916390774535699, 12.22667786046572 ], [ 76.91621508850389, 12.226927767694784 ], [ 76.916046485906563, 12.227194990458674 ], [ 76.916004797127641, 12.227489692774299 ], [ 76.915938696563956, 12.227909224761676 ], [ 76.915869092528069, 12.228339161101923 ], [ 76.915806655842744, 12.228828009031986 ], [ 76.915730503456601, 12.229504052592485 ], [ 76.915716893149764, 12.229743242967736 ], [ 76.915854643766167, 12.229898946348804 ], [ 76.916013353715783, 12.229964490795599 ], [ 76.916376789969249, 12.23019600553844 ], [ 76.916510875011042, 12.230282395326412 ], [ 76.916642054017942, 12.230257289754681 ], [ 76.916790414640118, 12.230254922026369 ], [ 76.917158821959887, 12.230249040993552 ], [ 76.917403925118677, 12.23024512955701 ], [ 76.917508224789017, 12.230241005279153 ], [ 76.917523543319078, 12.230364352087433 ], [ 76.917529314821593, 12.230410821730468 ], [ 76.917564747882508, 12.230503700102583 ], [ 76.917568214393768, 12.230512787727836 ], [ 76.917622928255014, 12.230656208272082 ], [ 76.917731014378617, 12.231036680427389 ], [ 76.917719266289879, 12.231113841727616 ], [ 76.917695150141995, 12.231294329963699 ], [ 76.917630585974308, 12.23150259672347 ], [ 76.917639072746738, 12.23158496136406 ], [ 76.91764774134802, 12.23166909177988 ], [ 76.917316332955224, 12.231708062641927 ], [ 76.917315179874251, 12.231708471095725 ], [ 76.917244961512495, 12.231733404012674 ], [ 76.91738340930722, 12.232059421160544 ], [ 76.917418121912192, 12.232253440105337 ], [ 76.917375801952645, 12.232536212271334 ], [ 76.917342070378368, 12.232823187121346 ], [ 76.917321301449803, 12.233156549801864 ], [ 76.917308630831997, 12.233253618720964 ], [ 76.9173860338487, 12.233346289194815 ], [ 76.917639167156793, 12.233366886206156 ], [ 76.918171109762454, 12.233378493233975 ], [ 76.918335038211922, 12.233401625702969 ], [ 76.918659024081975, 12.233303301741911 ], [ 76.91892368695521, 12.23332360013603 ], [ 76.919094975819959, 12.23344356988458 ], [ 76.919192009944936, 12.233631582668782 ], [ 76.919521160452717, 12.233623800902022 ], [ 76.91979158569147, 12.233616273546593 ], [ 76.919866839372574, 12.233612248970582 ], [ 76.919876201829794, 12.233694867615787 ], [ 76.920084636757096, 12.233695595036853 ], [ 76.92003448534561, 12.233976029423879 ], [ 76.920019356607881, 12.234060624182321 ], [ 76.919901255733691, 12.234127978740691 ], [ 76.9199159969248, 12.234243564181897 ], [ 76.919942107822067, 12.234448280083738 ], [ 76.919937342349471, 12.234574397989265 ], [ 76.919941883642124, 12.234654789756096 ], [ 76.919949268999574, 12.23478555355312 ], [ 76.919951946286005, 12.234832937690086 ], [ 76.91995759624271, 12.234932977007896 ], [ 76.920449259282961, 12.234950179807175 ], [ 76.920790016522332, 12.234962103327703 ], [ 76.921089374696365, 12.234972576845545 ], [ 76.921221539233372, 12.234977201559424 ], [ 76.921384001647496, 12.235012102366209 ], [ 76.922029873706265, 12.235150849324604 ], [ 76.922219386204489, 12.235191560189968 ], [ 76.922218578156276, 12.235325459616542 ], [ 76.922845411896006, 12.2354001195511 ], [ 76.92289871004283, 12.235406467634508 ], [ 76.923175182101502, 12.235416571104906 ], [ 76.923474002509138, 12.235422543588289 ], [ 76.923654353562455, 12.236381952844978 ], [ 76.924221818393931, 12.236803942011957 ], [ 76.924348365141967, 12.237113292462356 ], [ 76.924287714012735, 12.238227982763796 ], [ 76.92415448919219, 12.239765940149431 ], [ 76.924008765139845, 12.240333835896386 ], [ 76.923746510799646, 12.240804758798843 ], [ 76.923693988780272, 12.240886084159547 ], [ 76.923285015190274, 12.241519360092521 ], [ 76.922885914586971, 12.242268865735452 ], [ 76.922659351399119, 12.242496994623954 ], [ 76.92245484517484, 12.242628755243125 ], [ 76.922205545985392, 12.242624872067806 ], [ 76.921818119840751, 12.242559967948139 ], [ 76.921381624864026, 12.242446998702411 ], [ 76.921297017540468, 12.242434030990962 ], [ 76.921297648035022, 12.242740519102018 ], [ 76.921298250665643, 12.243033871646807 ], [ 76.921312602100159, 12.243806328588345 ], [ 76.921220756434238, 12.243809876223471 ], [ 76.920995161210271, 12.243818592329578 ], [ 76.920689841841309, 12.243812463289165 ], [ 76.919484059330372, 12.243788255684301 ], [ 76.919485218046844, 12.243713843808242 ], [ 76.919498654193362, 12.24285079242024 ], [ 76.919395850231339, 12.242845859174787 ], [ 76.919069851263018, 12.242830213174217 ], [ 76.919077160640725, 12.242690514197612 ], [ 76.918833953605898, 12.242688384060976 ], [ 76.918536008800174, 12.242685774755605 ], [ 76.918495198539176, 12.242686621164946 ], [ 76.91835587395525, 12.242689509760579 ], [ 76.918096254862419, 12.242883642694851 ], [ 76.917698255430736, 12.243126899452781 ], [ 76.917249665057966, 12.243403473608963 ], [ 76.916888799323942, 12.243640014764203 ], [ 76.916683013434621, 12.243746710188809 ], [ 76.916463881038837, 12.243933147625144 ], [ 76.916163915119384, 12.244226032562224 ], [ 76.915891034057722, 12.244552080689759 ], [ 76.91562735965509, 12.244973179365278 ], [ 76.915657763340022, 12.244989988722669 ], [ 76.915845791694295, 12.2450939510961 ], [ 76.915973328442092, 12.24512996842823 ], [ 76.916081656930473, 12.245160561010847 ], [ 76.916152300958316, 12.245180512390565 ], [ 76.916348579309783, 12.245235942816683 ], [ 76.917122506611236, 12.245316743627194 ], [ 76.917748374035284, 12.245334517243023 ], [ 76.917827254903855, 12.245337903462307 ], [ 76.917818861614805, 12.245457889669511 ], [ 76.917813437209062, 12.24553544609153 ], [ 76.917877770009767, 12.245536592011931 ], [ 76.918065713325134, 12.245539940265459 ], [ 76.918088734045739, 12.245550641104618 ], [ 76.918091295802171, 12.245551479161431 ], [ 76.919121601357546, 12.245611463874015 ], [ 76.919145917230438, 12.245458907063082 ], [ 76.919244748889383, 12.24483883307837 ], [ 76.920103634963539, 12.244928683918047 ], [ 76.920775405272636, 12.245044999936461 ], [ 76.920929317289222, 12.245084208970544 ], [ 76.920979817319648, 12.245020679650645 ], [ 76.92108392171518, 12.244823116496887 ], [ 76.921263530600143, 12.244312015701276 ], [ 76.921400702437822, 12.244370208766979 ], [ 76.921747978151018, 12.244517536628464 ], [ 76.92196245117573, 12.244634898007391 ], [ 76.922170545219103, 12.244685270230304 ], [ 76.922478417124239, 12.244759794300153 ], [ 76.922491049957287, 12.24467809936321 ], [ 76.922751400225152, 12.24326674400176 ], [ 76.923418939176017, 12.243368091355647 ], [ 76.923860017721665, 12.24367818025336 ], [ 76.923947759635254, 12.24361597314433 ], [ 76.92401913217995, 12.243565369620969 ], [ 76.924050197461725, 12.243544331633299 ], [ 76.924461988920186, 12.243265459967802 ], [ 76.924544611877437, 12.243514144367587 ], [ 76.924452014993179, 12.243923745476204 ], [ 76.924423666903621, 12.244049143509129 ], [ 76.924416639048431, 12.244083586274094 ], [ 76.924748873652049, 12.244277461078632 ], [ 76.925126774089307, 12.244414073262744 ], [ 76.9254735037145, 12.244484605699546 ], [ 76.925799624835363, 12.244595881567307 ], [ 76.926166158183136, 12.244720947427405 ], [ 76.926575963442772, 12.244792745056985 ], [ 76.927000493093146, 12.244867124051318 ], [ 76.927323233054622, 12.244923666197419 ], [ 76.92769647790341, 12.244978488533928 ], [ 76.927695714360567, 12.24502028990498 ], [ 76.9276946556989, 12.245040549087449 ], [ 76.927774665287629, 12.245054525814776 ], [ 76.927628149586297, 12.246312587449856 ], [ 76.927623968787486, 12.246392557252152 ], [ 76.927627425427673, 12.24640285860729 ], [ 76.927638544020866, 12.246435999876597 ], [ 76.927698423923943, 12.2466144674455 ], [ 76.927710038322019, 12.24664108753797 ], [ 76.927846905865806, 12.246813015560463 ], [ 76.928091815122173, 12.246900627029461 ], [ 76.928089520504543, 12.246931902920945 ], [ 76.928086397205547, 12.246974477378968 ], [ 76.927998637671308, 12.248170705814413 ], [ 76.927884871144457, 12.248171976678147 ], [ 76.927833371358474, 12.248172552590566 ], [ 76.927416618492074, 12.248177207389633 ], [ 76.927447247212854, 12.248261853347154 ], [ 76.927371536319967, 12.248279362958286 ], [ 76.927343040638036, 12.24829284246252 ], [ 76.927422667843814, 12.248868257846283 ], [ 76.927548653308676, 12.249332517938429 ], [ 76.927605410903311, 12.249906214625563 ], [ 76.927677434590706, 12.250634210222847 ], [ 76.927696551444072, 12.250827438234662 ], [ 76.927885847571531, 12.251162568864443 ], [ 76.927900407340871, 12.25148360026874 ], [ 76.927913111494121, 12.251763728159412 ], [ 76.927866561000741, 12.251907194837496 ], [ 76.927779987624902, 12.252174013168986 ], [ 76.927819121577144, 12.252474269490135 ], [ 76.927879757412143, 12.252939475276595 ], [ 76.927980535550958, 12.253273182051986 ], [ 76.927995038981791, 12.253566889384009 ], [ 76.928142517988462, 12.254345334176614 ], [ 76.928364848804833, 12.254379041771198 ], [ 76.928649592452899, 12.254364804848082 ], [ 76.928754003942444, 12.254473890787486 ], [ 76.928733865977733, 12.254808654929626 ], [ 76.9288206819718, 12.255831715636315 ], [ 76.92890223796168, 12.255812064591241 ], [ 76.928921656799261, 12.255807386192833 ], [ 76.928923581541952, 12.255832209625893 ], [ 76.9289334326985, 12.255959294346246 ], [ 76.929015584747432, 12.257019153557168 ], [ 76.929017264161132, 12.257040818841951 ], [ 76.928869875829861, 12.257027644008087 ], [ 76.928650127848627, 12.257040450236326 ], [ 76.928439231675881, 12.257083201070319 ], [ 76.928415698319924, 12.256999626358967 ], [ 76.927660516477957, 12.256966837808351 ], [ 76.92763053453838, 12.256954980251439 ], [ 76.927576473441519, 12.256962623508823 ], [ 76.927382894433549, 12.256910143891275 ], [ 76.927319858636054, 12.25689305474738 ], [ 76.927297524507736, 12.2569089893311 ], [ 76.926956973992588, 12.256905395592765 ], [ 76.926928995803635, 12.256904202907323 ], [ 76.926793838420153, 12.25689844842039 ], [ 76.92668795818183, 12.25689393891785 ], [ 76.926053207093361, 12.256856642969781 ], [ 76.925845871612083, 12.256835585478381 ], [ 76.92571723033798, 12.256822522236474 ], [ 76.925222077368645, 12.256772236579547 ], [ 76.925127084259373, 12.256762588468144 ], [ 76.925054482032238, 12.25677064787469 ], [ 76.925101052194947, 12.257667112746489 ], [ 76.925099068502973, 12.257908968272956 ], [ 76.925132383032093, 12.258402375405225 ], [ 76.925145952058642, 12.258956895108286 ], [ 76.925168725782115, 12.259299094460898 ], [ 76.925150202922055, 12.259280762353869 ], [ 76.925119764690805, 12.259285587474867 ], [ 76.925137789992519, 12.259404167745835 ], [ 76.924878116401047, 12.259430487546966 ], [ 76.924846560746971, 12.259433686314566 ], [ 76.92474272098724, 12.260989762325474 ], [ 76.924963973939867, 12.261111606193232 ], [ 76.925179414930611, 12.261153533910571 ], [ 76.925266063353234, 12.261398102330219 ], [ 76.925295557648809, 12.261774570103114 ], [ 76.925296563217387, 12.262259345154396 ], [ 76.925279118166983, 12.262653725152004 ], [ 76.924675112013873, 12.262793928812457 ], [ 76.924650471324227, 12.26279415420152 ], [ 76.924580524795417, 12.262794797027224 ], [ 76.924577747323596, 12.262794780368681 ], [ 76.924574813657657, 12.262801101729258 ], [ 76.924543683706304, 12.262801975528959 ], [ 76.924488266537665, 12.262803532280634 ], [ 76.924334484822268, 12.262807851930562 ], [ 76.924309523947784, 12.262845772979144 ], [ 76.924223491226414, 12.262976480293336 ], [ 76.924190150032331, 12.26302713399628 ], [ 76.923872507810458, 12.263309380785035 ], [ 76.923854090171261, 12.263321421919709 ], [ 76.923834434946457, 12.263334274360179 ], [ 76.923559772730997, 12.263513849606319 ], [ 76.923184957453415, 12.263023117894909 ], [ 76.923038484042962, 12.262866773239866 ], [ 76.922980610520383, 12.262759879784598 ], [ 76.922931191545658, 12.262668605288487 ], [ 76.922766796448798, 12.262663519753103 ], [ 76.922753671313572, 12.262376490425998 ], [ 76.922752310572321, 12.262346750476251 ], [ 76.922751963224371, 12.262339151489295 ], [ 76.922734772664327, 12.262335241743337 ], [ 76.922577568440545, 12.262299487540586 ], [ 76.922472833510568, 12.262072056242772 ], [ 76.922447775915515, 12.26183471950762 ], [ 76.922439567840541, 12.261756980408617 ], [ 76.922248163489257, 12.261310975215309 ], [ 76.922190337950198, 12.261097990198143 ], [ 76.922121907655338, 12.260729381310195 ], [ 76.921985774143977, 12.260566516123317 ], [ 76.921977682850667, 12.260560289226341 ], [ 76.921866686473166, 12.260507829113518 ], [ 76.921859925099213, 12.260469647013105 ], [ 76.921798166745347, 12.260353711988488 ], [ 76.92166568686936, 12.259705989049829 ], [ 76.921488266110615, 12.259289803430452 ], [ 76.921389591915428, 12.258796156844168 ], [ 76.921484721019311, 12.258797444545257 ], [ 76.921555200201553, 12.258798399656706 ], [ 76.924443153292955, 12.258620467616581 ], [ 76.924443357031336, 12.258219948302843 ], [ 76.924443472579995, 12.257992492462581 ], [ 76.924444109327482, 12.25674227795403 ], [ 76.924476632540845, 12.256724525850991 ], [ 76.924591853787007, 12.256661635320855 ], [ 76.924676958597345, 12.256600517012393 ], [ 76.924638491069501, 12.256237896483372 ], [ 76.924561554518988, 12.256105517182492 ], [ 76.924382533628062, 12.256081788698863 ], [ 76.923984304924389, 12.256029004796391 ], [ 76.923762000851212, 12.255934653938434 ], [ 76.923694994824757, 12.255948439407032 ], [ 76.922849352046256, 12.25592811913792 ], [ 76.922669816676645, 12.255923805209672 ], [ 76.922287349307553, 12.256089463347919 ], [ 76.922223758356154, 12.256092360194973 ], [ 76.921866253618617, 12.256108646999563 ], [ 76.921621240854606, 12.256190553499055 ], [ 76.920516393372381, 12.256345321857038 ], [ 76.92045044282068, 12.25639540981661 ], [ 76.92058227275254, 12.256749728753407 ], [ 76.920660951966383, 12.256961195518343 ], [ 76.920688187825291, 12.257252378344244 ], [ 76.920723527442476, 12.257630220402238 ], [ 76.920622141509256, 12.257626709314609 ], [ 76.919323694770611, 12.257812142300358 ], [ 76.919249186997746, 12.257822782329027 ], [ 76.918734305017566, 12.257868869436603 ], [ 76.917918687234106, 12.257988906256656 ], [ 76.917788878913058, 12.25798676698262 ], [ 76.917082760996635, 12.258017816511789 ], [ 76.917020844102879, 12.258024185800997 ], [ 76.916947650799983, 12.258031714899989 ], [ 76.91547500661477, 12.258183202015962 ], [ 76.915531898760307, 12.258945168164219 ], [ 76.915379359069561, 12.258952030829855 ], [ 76.91537398760461, 12.258941506749153 ], [ 76.915352242639031, 12.258941424505785 ], [ 76.915334391722538, 12.258941355740681 ], [ 76.915220534838255, 12.258940922480996 ], [ 76.914946871698334, 12.258939881326368 ], [ 76.914813210860729, 12.258939371048839 ], [ 76.914634529807557, 12.259190815764915 ], [ 76.914559595603777, 12.25949698886455 ], [ 76.914587463096339, 12.259739241039588 ], [ 76.914636511882335, 12.26016562416268 ], [ 76.914740518477529, 12.26053774357384 ], [ 76.914803347025426, 12.260970869876646 ], [ 76.914940495434379, 12.26116559317418 ], [ 76.914938718925356, 12.261243370905143 ], [ 76.915004096191723, 12.261719456867205 ], [ 76.915191262540532, 12.262169882119117 ], [ 76.915241661820062, 12.262408587213866 ], [ 76.91525121867781, 12.262453848982506 ], [ 76.915367642543742, 12.263245962138265 ], [ 76.915394116187031, 12.263343487040032 ], [ 76.915437837080177, 12.26350454840629 ], [ 76.915510202268777, 12.264161699444465 ], [ 76.915512356257466, 12.264181254742365 ], [ 76.915439936052962, 12.264655858094402 ], [ 76.915325693452473, 12.265570331758546 ], [ 76.915255973757539, 12.265579627881802 ], [ 76.915249313879187, 12.265577412053734 ], [ 76.914355990460152, 12.26564647103716 ], [ 76.914287215228299, 12.265651787864634 ], [ 76.913689850275972, 12.265668028850088 ], [ 76.912984938647341, 12.265867456838219 ], [ 76.912460319657228, 12.265912821504175 ], [ 76.912357062327615, 12.265921750730413 ], [ 76.91228809419944, 12.265820453598032 ], [ 76.912248980219275, 12.26584725745893 ], [ 76.91145479999382, 12.265901757592365 ], [ 76.911283383096503, 12.265713066172257 ], [ 76.910993890760253, 12.265710112288732 ], [ 76.910477159099543, 12.265722389284761 ], [ 76.910287497346175, 12.265726895329863 ], [ 76.910283310052961, 12.266581765564966 ], [ 76.910277810414001, 12.26770430163829 ], [ 76.910372034737065, 12.269305970609169 ], [ 76.91045472755826, 12.270711594500156 ], [ 76.910673615158942, 12.271456821698921 ], [ 76.910724087458078, 12.271628659697704 ], [ 76.910640184493573, 12.272154356112388 ], [ 76.910553592103909, 12.272483618097922 ], [ 76.910530480868474, 12.272900970556362 ], [ 76.910488832490245, 12.273195429628434 ], [ 76.910600993613315, 12.274044983127965 ], [ 76.910612313814099, 12.27413072663068 ], [ 76.910669777852448, 12.27438928276252 ], [ 76.910733297745765, 12.274675084166446 ], [ 76.91087115397886, 12.274813313451256 ], [ 76.91091309557639, 12.274804611365617 ], [ 76.911151990226543, 12.274722754327653 ], [ 76.911540708131639, 12.2747482199754 ], [ 76.912449365961635, 12.274807631839572 ], [ 76.912973162287912, 12.274947848144405 ], [ 76.913075515734164, 12.274991208243849 ], [ 76.913162212358031, 12.275027933955679 ], [ 76.913776786541248, 12.275300258005629 ], [ 76.915206461638107, 12.275412419640954 ], [ 76.915627678465597, 12.27563250303419 ], [ 76.915730395224188, 12.27566984793955 ], [ 76.91606741317996, 12.275828353872855 ], [ 76.916205706091773, 12.275843811366231 ], [ 76.916321228440594, 12.275856723750294 ], [ 76.916661499007034, 12.275897902592131 ], [ 76.917600751395725, 12.275995262352186 ], [ 76.918085496227405, 12.276003820927613 ], [ 76.918307709722825, 12.277473698064801 ], [ 76.918347923542441, 12.277727954136298 ], [ 76.918366763385265, 12.277725310355814 ], [ 76.918614609403747, 12.277690541868264 ], [ 76.91862608281572, 12.277811628859009 ], [ 76.918720095381246, 12.277901422752292 ], [ 76.918748828546413, 12.277928865893461 ], [ 76.918794230134822, 12.278565211486448 ], [ 76.91888220565059, 12.27886167541935 ], [ 76.918930979747131, 12.278997542062397 ], [ 76.918926800108721, 12.279426218787604 ], [ 76.919142930357793, 12.279407710779262 ], [ 76.920118283131515, 12.280592207493962 ], [ 76.920132134635622, 12.280608507202437 ], [ 76.920589016573274, 12.281686716873034 ], [ 76.920647773433515, 12.281897162354612 ], [ 76.920785031546501, 12.282463192232717 ], [ 76.921085464645202, 12.283395388182036 ], [ 76.921137249095025, 12.283622168010439 ], [ 76.921341583846257, 12.284517006183668 ], [ 76.921464315780995, 12.284512555491441 ], [ 76.921566692631458, 12.284830441040814 ], [ 76.922080853885632, 12.284734345155428 ], [ 76.922241693241148, 12.284704284250934 ], [ 76.92299781632299, 12.284405539962204 ], [ 76.923500588149281, 12.286095927592941 ], [ 76.923573435848809, 12.286340849802714 ], [ 76.923731172418627, 12.286871171684364 ], [ 76.923748140616112, 12.286928224752801 ], [ 76.923775492238661, 12.287020180339356 ], [ 76.923787995605082, 12.287020623011522 ], [ 76.923858524689706, 12.287023118082191 ], [ 76.923866286662729, 12.287095180163243 ], [ 76.924113350747703, 12.287817988215009 ], [ 76.924175917132118, 12.288692510596398 ], [ 76.924232523956931, 12.289316421880031 ], [ 76.924287810238638, 12.289925766844046 ], [ 76.924342742346823, 12.290531214102705 ], [ 76.924359660559034, 12.29071768377713 ], [ 76.924419331960863, 12.291286934459258 ], [ 76.923772819686477, 12.291254227994019 ], [ 76.923738221857406, 12.291608745518007 ], [ 76.923666779115806, 12.292340825640771 ], [ 76.923547395117382, 12.292358192043514 ], [ 76.922303794174098, 12.292539101199596 ], [ 76.922218494525055, 12.292551510326167 ], [ 76.921221470071245, 12.292627219709994 ], [ 76.921236027606454, 12.292707716864948 ], [ 76.921391624138934, 12.29356809735868 ], [ 76.92110005352724, 12.293664691074021 ], [ 76.920373569977116, 12.293709822141988 ], [ 76.919902465687798, 12.293748143509712 ], [ 76.919741656295287, 12.293761224712297 ], [ 76.918961749078008, 12.293824663127511 ], [ 76.918070220028596, 12.294051509226266 ], [ 76.917603251265319, 12.294170326800742 ], [ 76.917546676925454, 12.294342973037962 ], [ 76.917424610921302, 12.294715470808448 ], [ 76.916394789757177, 12.294733569601053 ], [ 76.916401554006796, 12.29491144273018 ], [ 76.916542011609351, 12.295890381641831 ], [ 76.916532228705734, 12.295997142297129 ], [ 76.916498552820144, 12.296364642211845 ], [ 76.916540283146844, 12.296735523773149 ], [ 76.916446902934808, 12.296974686858203 ], [ 76.916196586433841, 12.297411444389775 ], [ 76.916126345117149, 12.297936920765716 ], [ 76.916112410861416, 12.297990372142802 ], [ 76.916993889202345, 12.298140797101521 ], [ 76.917325687410965, 12.298197417622722 ], [ 76.917297327866905, 12.298271648585011 ], [ 76.917156217336284, 12.299184444106791 ], [ 76.917089264086755, 12.299615990408402 ], [ 76.917109469680824, 12.299648098310314 ], [ 76.91714349531469, 12.299702166099964 ], [ 76.917139174392048, 12.299760110956628 ], [ 76.917079769103225, 12.30055666806946 ], [ 76.917049325543303, 12.300964888358198 ], [ 76.917018240495807, 12.301335097875441 ], [ 76.917014884853856, 12.301375063695232 ], [ 76.916981219056595, 12.301775990769553 ], [ 76.916980182012495, 12.301785595181853 ], [ 76.916972219026889, 12.301929438199315 ], [ 76.916880236995155, 12.302264660772826 ], [ 76.916867328120219, 12.302311706599008 ], [ 76.916911990017823, 12.302573632698056 ], [ 76.916847233935528, 12.303129866782299 ], [ 76.916769000146601, 12.303752578163092 ], [ 76.917020641194398, 12.303762949463309 ], [ 76.917019337607911, 12.303827680994175 ], [ 76.917015515089361, 12.304017565383319 ], [ 76.917020075742869, 12.30409823504653 ], [ 76.917066864615705, 12.30492595063105 ], [ 76.91706754488483, 12.304937996964993 ], [ 76.917082206519368, 12.305040823380308 ], [ 76.917172958226089, 12.305625734175445 ], [ 76.917499478488935, 12.30728042424434 ], [ 76.917419487667559, 12.307863939597132 ], [ 76.917218425269297, 12.309053017994582 ], [ 76.917397045947112, 12.309097228456645 ], [ 76.91738849861494, 12.309157311649713 ], [ 76.9176597275776, 12.309578827095699 ], [ 76.917643658257916, 12.309669911982905 ], [ 76.917613914542571, 12.310613621483968 ], [ 76.917608561611189, 12.310783489780832 ], [ 76.917592907172036, 12.310929951852707 ], [ 76.917567969437712, 12.311163251871021 ], [ 76.91754704323192, 12.311303883122289 ], [ 76.917417664823816, 12.312147832132236 ], [ 76.91737285956853, 12.312440090876285 ], [ 76.917358532430171, 12.312583645875396 ], [ 76.917264491394533, 12.313525880592605 ], [ 76.917381508023425, 12.314026873941508 ], [ 76.917658059513684, 12.315193057817652 ], [ 76.917712404134733, 12.315422226350476 ], [ 76.918344311001704, 12.3179401054427 ], [ 76.918182468946, 12.32070946839722 ], [ 76.918000617768996, 12.321804183675729 ], [ 76.917959762939944, 12.322050115692937 ], [ 76.918134446163961, 12.322160046862571 ], [ 76.918315992905846, 12.322305289329327 ], [ 76.922410054000409, 12.32250384072479 ], [ 76.92287729773895, 12.322485228207615 ], [ 76.922358748003305, 12.322517126261022 ], [ 76.923824742742724, 12.323599912087834 ], [ 76.926218271107373, 12.325367731801734 ], [ 76.92632875517387, 12.325398817122608 ], [ 76.928030170674859, 12.32665015879107 ], [ 76.928122753814179, 12.328272429331358 ], [ 76.9281233465003, 12.328282832961447 ], [ 76.92818188200134, 12.328482390379062 ], [ 76.928182199284336, 12.328529309636586 ], [ 76.928185627208322, 12.329034891156921 ], [ 76.928406950584858, 12.329843643285091 ], [ 76.928421095414137, 12.330012462643017 ], [ 76.92844151949609, 12.330256278724089 ], [ 76.92845422821037, 12.330407963120109 ], [ 76.9285308629931, 12.330799272168788 ], [ 76.928595169239514, 12.331218556566448 ], [ 76.928607118601718, 12.331389185534681 ], [ 76.928632011722001, 12.331744595210134 ], [ 76.928569722854576, 12.331771470504291 ], [ 76.928565083213854, 12.331773478219114 ], [ 76.92856807716646, 12.331805757878442 ], [ 76.928600267930094, 12.332152913523444 ], [ 76.928765589022305, 12.332121484526068 ], [ 76.928786992184797, 12.332295583357176 ], [ 76.928823866443949, 12.332595521302069 ], [ 76.928827643433735, 12.332604520418407 ], [ 76.928849305330132, 12.332656145970201 ], [ 76.928950527325938, 12.332971953167249 ], [ 76.928951721322292, 12.332987637333144 ], [ 76.928965407476809, 12.333167030302651 ], [ 76.928850200450483, 12.333443434767556 ], [ 76.929359684403849, 12.333892109977265 ], [ 76.929554997159201, 12.334137349280214 ], [ 76.93021759608736, 12.334767922929315 ], [ 76.930313673413053, 12.335053683799487 ], [ 76.930317378157397, 12.335106909546278 ], [ 76.9303507064744, 12.33513845469041 ], [ 76.9303214591407, 12.335165692194035 ], [ 76.930308057955671, 12.335178157116422 ], [ 76.930284742824341, 12.335199872596389 ], [ 76.930530905864373, 12.335661048803065 ], [ 76.930553416656593, 12.335703223816687 ], [ 76.930581985191765, 12.335843490237103 ], [ 76.930626591579326, 12.336064425330852 ], [ 76.930675122291788, 12.336307915234679 ], [ 76.930716314832864, 12.336376905231358 ], [ 76.931161698597379, 12.337122770681326 ], [ 76.931250224082461, 12.337226101361763 ], [ 76.931347403437329, 12.337381925768311 ], [ 76.931699784437953, 12.338066622842039 ], [ 76.931689185103082, 12.338078442526845 ], [ 76.931657454813418, 12.338153365749145 ], [ 76.931649122391576, 12.338319686447258 ], [ 76.931599883067392, 12.338383329899314 ], [ 76.931373603385993, 12.338482117413353 ], [ 76.9313974737384, 12.338542031499573 ], [ 76.93144429010988, 12.338659537900636 ], [ 76.931357893594608, 12.338680702582428 ], [ 76.931266535294242, 12.338703083717931 ], [ 76.931264092516727, 12.338703685812478 ], [ 76.931221422911577, 12.338706437524593 ], [ 76.930601959561159, 12.338746395279944 ], [ 76.930561938161532, 12.33874898261651 ], [ 76.930448212779496, 12.338806467329174 ], [ 76.930407714678651, 12.338826933403615 ], [ 76.930002025935906, 12.338991122787494 ], [ 76.929721735710075, 12.339078491746482 ], [ 76.929581439024673, 12.339099291783022 ], [ 76.929494063457227, 12.339123396733257 ], [ 76.929442184211652, 12.339137713921666 ], [ 76.929199546913722, 12.339204660980283 ], [ 76.929120223760137, 12.339226544116721 ], [ 76.928914813833501, 12.339283218277055 ], [ 76.928908550279971, 12.339208328196097 ], [ 76.928904937970501, 12.339165079333595 ], [ 76.928584195537553, 12.339194405420169 ], [ 76.928410522075708, 12.339210288171916 ], [ 76.92840709709084, 12.339231566387022 ], [ 76.928381756360011, 12.339388966399527 ], [ 76.928327310738283, 12.339727194583034 ], [ 76.928301563075991, 12.339887158076706 ], [ 76.928289193282708, 12.339963972337996 ], [ 76.928217114958485, 12.340691590009314 ], [ 76.928198307150495, 12.34077204261205 ], [ 76.928073133682304, 12.34130735538305 ], [ 76.927835034220919, 12.342158072089324 ], [ 76.927636635371329, 12.342558513569312 ], [ 76.927568464184901, 12.342858296950489 ], [ 76.927566642699603, 12.342866295332934 ], [ 76.927538886969558, 12.342988346659464 ], [ 76.927172596489214, 12.343487653415814 ], [ 76.926984403956311, 12.34374419579912 ], [ 76.926856072709398, 12.343829537167911 ], [ 76.926725049956374, 12.344033570120651 ], [ 76.926705951358116, 12.344221263675394 ], [ 76.926385532224415, 12.344195403105735 ], [ 76.926112234548057, 12.344319708041436 ], [ 76.925881182251018, 12.344558650301364 ], [ 76.925557516489008, 12.344726694607353 ], [ 76.925544580630202, 12.344799883007466 ], [ 76.925495605224341, 12.345076913573697 ], [ 76.925465079005548, 12.345389671266396 ], [ 76.925453396616405, 12.345509322209422 ], [ 76.925231865676665, 12.346423637889306 ], [ 76.925198018347373, 12.346563327432232 ], [ 76.925194539708784, 12.346577680734038 ], [ 76.925209902775578, 12.346733116471777 ], [ 76.924831085065691, 12.346905722228767 ], [ 76.924495166211059, 12.347684815667197 ], [ 76.924482655665926, 12.347713849824212 ], [ 76.924177878568557, 12.348420714321325 ], [ 76.924086879240278, 12.348942673109983 ], [ 76.9238364100501, 12.349561404547456 ], [ 76.923746809819107, 12.349782747523507 ], [ 76.923688601522585, 12.349965463301929 ], [ 76.923570400987927, 12.349990512222886 ], [ 76.923570330716814, 12.34999536458448 ], [ 76.923566926110169, 12.350237289544035 ], [ 76.923565361301641, 12.350348003203703 ], [ 76.923490862751038, 12.350683080273917 ], [ 76.923505611325666, 12.350723139579948 ], [ 76.923567677426988, 12.350891707568259 ], [ 76.92361850214111, 12.35108347359359 ], [ 76.923678044404639, 12.352026800346387 ], [ 76.92377055482082, 12.352339427423548 ], [ 76.923825466894513, 12.352428585678915 ], [ 76.923858420657893, 12.352482089435703 ], [ 76.923924842454795, 12.353279882781743 ], [ 76.923958280334574, 12.353335576727458 ], [ 76.923995402001296, 12.353397418833277 ], [ 76.924039669557288, 12.353471164750403 ], [ 76.924515969687647, 12.35350974108162 ], [ 76.924601827137522, 12.353516688630465 ], [ 76.924940742911019, 12.353421924150192 ], [ 76.92546499710798, 12.353275329100576 ], [ 76.925542149104871, 12.353253758223785 ], [ 76.925759368262348, 12.35321813167276 ], [ 76.926230438375441, 12.353140879517461 ], [ 76.92815765368259, 12.353080889920125 ], [ 76.928388170164936, 12.353079970723256 ], [ 76.928619073090275, 12.35308248592465 ], [ 76.928722141957536, 12.35314267702131 ], [ 76.929063335933932, 12.353140606344891 ], [ 76.929257397083461, 12.353139433078573 ], [ 76.929272612683235, 12.353139341547223 ], [ 76.930051586397894, 12.353134617769946 ], [ 76.930299100423923, 12.353143569396117 ], [ 76.93113942160619, 12.353173959496422 ], [ 76.931516639552257, 12.35318759759882 ], [ 76.931950817290357, 12.353175592984117 ], [ 76.931951014921566, 12.353175588870439 ], [ 76.932354576853257, 12.353164430806535 ], [ 76.932558051965984, 12.353161644611877 ], [ 76.933181541701472, 12.353153107408785 ], [ 76.934076282574026, 12.353092217762287 ], [ 76.934235752393192, 12.353088409697062 ], [ 76.934923372633435, 12.353071987014903 ], [ 76.935267118299961, 12.353058528218606 ], [ 76.935267979489652, 12.353058494982921 ], [ 76.935709436136477, 12.353041214799024 ], [ 76.935875449008677, 12.35306593428238 ], [ 76.936267457113672, 12.353085261500055 ], [ 76.936803691326787, 12.353111697857308 ], [ 76.937299027012756, 12.35313611389048 ], [ 76.937308999196333, 12.353237777688324 ], [ 76.938145957251052, 12.353182161153665 ], [ 76.938928100186061, 12.353130179906499 ], [ 76.938995386365562, 12.353338295785308 ], [ 76.938980118565254, 12.353710150206473 ], [ 76.9388945208255, 12.354161837458904 ], [ 76.939040463049494, 12.354155609235466 ], [ 76.938992775288625, 12.35430748336216 ], [ 76.938974181129311, 12.354366728848122 ], [ 76.938915571691325, 12.35436890870437 ], [ 76.938775696819349, 12.354374102160669 ], [ 76.938747647948503, 12.354373945767245 ], [ 76.938646267092579, 12.354373602893599 ], [ 76.938304162751479, 12.356501555450334 ], [ 76.938289700863919, 12.356591498522244 ], [ 76.938113238900613, 12.356780699816355 ], [ 76.937969334551383, 12.35693500148043 ], [ 76.937968344814095, 12.356936056983352 ], [ 76.937744504023414, 12.359265236975055 ], [ 76.937690644512429, 12.359825664600645 ], [ 76.937542380743821, 12.361131114612869 ], [ 76.937391494606601, 12.36211996465034 ], [ 76.937386659572098, 12.36215166609229 ], [ 76.937480409315455, 12.362215833028886 ], [ 76.937530598787717, 12.362250190448949 ], [ 76.937508576098409, 12.362975146452108 ], [ 76.937374288531316, 12.363921695111809 ], [ 76.937318228016139, 12.36414971971549 ], [ 76.937277591081681, 12.364667744344805 ], [ 76.937274757059313, 12.36470387121266 ], [ 76.937273992350995, 12.364723618379053 ], [ 76.93727369656267, 12.364731265182531 ], [ 76.937272820630781, 12.364753885551378 ], [ 76.937270259866963, 12.36482011293767 ], [ 76.937267425696234, 12.364893281067163 ], [ 76.937255450542608, 12.365028292803556 ], [ 76.937248257201801, 12.365109403303682 ], [ 76.937218978730897, 12.365188470208473 ], [ 76.937089062917096, 12.365390038294402 ], [ 76.936957828065005, 12.365593668361058 ], [ 76.936957750958683, 12.365595557036597 ], [ 76.936951226048578, 12.365758175799296 ], [ 76.93704432800746, 12.365914808569707 ], [ 76.937056053085158, 12.365934525554522 ], [ 76.93700421181056, 12.366061047559127 ], [ 76.936843112189592, 12.366587083836265 ], [ 76.936785705827802, 12.366774539114674 ], [ 76.936679182367882, 12.366774307819167 ], [ 76.936564089428444, 12.367696817766243 ], [ 76.936562509267787, 12.367709462924889 ], [ 76.936528879921738, 12.367978998569109 ], [ 76.936334065590657, 12.368892771048555 ], [ 76.936247116795755, 12.36909841134672 ], [ 76.936192806236306, 12.369636325744631 ], [ 76.936180272611963, 12.369760480906189 ], [ 76.936175372744017, 12.369808987051593 ], [ 76.936214152576525, 12.369832322040638 ], [ 76.936902700737733, 12.370246772906963 ], [ 76.937156672360118, 12.370399636620578 ], [ 76.937186003056482, 12.370417292126268 ], [ 76.937191885804708, 12.370420831243212 ], [ 76.937227399831599, 12.371536129702482 ], [ 76.93713167156325, 12.372537357340898 ], [ 76.937127481635599, 12.372555174797705 ], [ 76.93706435820809, 12.372823619022586 ], [ 76.937061157803967, 12.372837227469191 ], [ 76.937005068853892, 12.373075747798444 ], [ 76.936724073080867, 12.374218437784215 ], [ 76.936720306768692, 12.374233733215442 ], [ 76.936747076165446, 12.374369224551453 ], [ 76.936745974865147, 12.374377854144672 ], [ 76.936699796954983, 12.374740228726125 ], [ 76.936641743956386, 12.375445261152818 ], [ 76.936660630708957, 12.375935998592766 ], [ 76.936671868994395, 12.375995869451806 ], [ 76.936942039781727, 12.377435662329486 ], [ 76.937237847697148, 12.379200513536929 ], [ 76.93723820348049, 12.379202626893463 ], [ 76.937277998671931, 12.379440045358114 ], [ 76.937586566475019, 12.381309264872151 ], [ 76.93779825881532, 12.382749519846442 ], [ 76.937807586101755, 12.382812971643462 ], [ 76.937818676395054, 12.38291995339843 ], [ 76.93782411407021, 12.382972398845737 ], [ 76.937682233383015, 12.383338504645209 ], [ 76.937577952489207, 12.383632817713503 ], [ 76.937607251734903, 12.383726217749844 ], [ 76.937503280772219, 12.383714590190369 ], [ 76.937478878947729, 12.383713554875104 ], [ 76.937447745730651, 12.383798854550291 ], [ 76.937440216770113, 12.383819478760014 ], [ 76.937443230842973, 12.383855744673323 ], [ 76.937450483573627, 12.383918539725562 ], [ 76.937444811748932, 12.383978634080885 ], [ 76.937442425070941, 12.384003833015228 ], [ 76.937411900327405, 12.384076774653163 ], [ 76.93737325910844, 12.384141317835198 ], [ 76.937315700467764, 12.384237452298382 ], [ 76.937105327265144, 12.38464771548735 ], [ 76.937037909617786, 12.384779192620021 ], [ 76.936937139275855, 12.384803506822228 ], [ 76.936934343673826, 12.384803572851148 ], [ 76.93681510731389, 12.384806149332812 ], [ 76.936811275597094, 12.38480623178606 ], [ 76.93680213663508, 12.384806425289245 ], [ 76.936798078099756, 12.384812154751886 ], [ 76.936757877829308, 12.384868928729766 ], [ 76.936536369579116, 12.38518173752521 ], [ 76.936378877635917, 12.385260953926261 ], [ 76.936325442556068, 12.385359501947647 ], [ 76.936313740382559, 12.385402985117631 ], [ 76.936313384927573, 12.385404282856175 ], [ 76.936310527994834, 12.385405259485104 ], [ 76.936302687521618, 12.385499963842289 ], [ 76.936274447097503, 12.385841247792678 ], [ 76.936372527673882, 12.386152838483625 ], [ 76.936542434545004, 12.386406702057201 ], [ 76.936551624092104, 12.386495978537871 ], [ 76.936552271979835, 12.386502288153769 ], [ 76.936579955623444, 12.386771114605912 ], [ 76.936511836312036, 12.387706291434554 ], [ 76.936506236643723, 12.387783165095147 ], [ 76.936577074198055, 12.388423404752553 ], [ 76.936573633165025, 12.388510450211099 ], [ 76.936488445138664, 12.390192417276282 ], [ 76.936486708235464, 12.390226802739193 ], [ 76.936445434918753, 12.39104176247811 ], [ 76.936075147580254, 12.39166685133123 ], [ 76.936085559904285, 12.391698005701235 ], [ 76.936095976988568, 12.391729181728683 ], [ 76.936360896890946, 12.392522050779874 ], [ 76.936657690613416, 12.393426687747223 ], [ 76.936846367925909, 12.393410109275278 ], [ 76.936870629491523, 12.393481561037992 ], [ 76.937030454698018, 12.393951931756787 ], [ 76.937128833015848, 12.394241480081401 ], [ 76.93712278980577, 12.394263728759539 ], [ 76.936974541216472, 12.39480934243101 ], [ 76.936951368493482, 12.394879756080821 ], [ 76.936924637501988, 12.394965761063007 ], [ 76.936767053142901, 12.395507088432646 ], [ 76.936589242923205, 12.396097107185252 ], [ 76.936613269865106, 12.39620373718231 ], [ 76.936642186150138, 12.396332075077648 ], [ 76.936666561584829, 12.396445545553037 ], [ 76.936707322214048, 12.396642006343429 ], [ 76.936863466410728, 12.39739447544639 ], [ 76.936864908115908, 12.397401435575167 ], [ 76.93691482016537, 12.397641972727628 ], [ 76.936931106086533, 12.397729551612175 ], [ 76.937000179457385, 12.398018688847804 ], [ 76.937156512973459, 12.398776440882211 ], [ 76.937169349344217, 12.398826717554972 ], [ 76.937190341247401, 12.398923091511902 ], [ 76.937221055837568, 12.39909920153039 ], [ 76.937220989795804, 12.399103206013949 ], [ 76.93721982711493, 12.399171970342046 ], [ 76.937583092598771, 12.399536097202503 ], [ 76.937598502135799, 12.400039784862358 ], [ 76.937601383929817, 12.400133846792935 ], [ 76.937609620353101, 12.400217245847051 ], [ 76.937646836451421, 12.400996970425156 ], [ 76.937113328698558, 12.401203758934894 ], [ 76.93680237272514, 12.401324284329627 ], [ 76.936792496876635, 12.401328117515774 ], [ 76.936783902123565, 12.40151778919441 ], [ 76.936767074427181, 12.401521837409717 ], [ 76.936764246167414, 12.401564551398772 ], [ 76.936761392081792, 12.401607628012144 ], [ 76.936695421843297, 12.402603509083331 ], [ 76.936013495013441, 12.402640300045611 ], [ 76.936012354348009, 12.40264036332006 ], [ 76.936012306201008, 12.402639820455478 ], [ 76.935895229548294, 12.402592546299894 ], [ 76.93586002104351, 12.402653949592725 ], [ 76.935858359657956, 12.4026568401805 ], [ 76.935678023992722, 12.402702803805123 ], [ 76.935547791824433, 12.402735991077572 ], [ 76.93554399306872, 12.402736961790259 ], [ 76.935535451220503, 12.402748244820874 ], [ 76.935473271773247, 12.402830420961061 ], [ 76.93544755148227, 12.402867007554061 ], [ 76.935306704608678, 12.403067256870226 ], [ 76.935285378660552, 12.403147300409861 ], [ 76.935265605212635, 12.403221537445942 ], [ 76.935255731361522, 12.403327275022203 ], [ 76.935241863149756, 12.403475738538583 ], [ 76.935203890049493, 12.403826527980048 ], [ 76.935170577973807, 12.404190012058054 ], [ 76.935169506652187, 12.404201709075322 ], [ 76.93513305575182, 12.404409345471471 ], [ 76.935029803428606, 12.404569286412382 ], [ 76.934831776707057, 12.404817326503151 ], [ 76.93482620505641, 12.404824026651138 ], [ 76.934749724343675, 12.404916040904196 ], [ 76.934746738319618, 12.404925218113211 ], [ 76.934711947964786, 12.405032246052258 ], [ 76.93462591393191, 12.405296873500738 ], [ 76.934522100081097, 12.405670309228736 ], [ 76.934416111608101, 12.406052630756777 ], [ 76.934318323660094, 12.406444458237704 ], [ 76.934076094019787, 12.406639488476072 ], [ 76.93406624820112, 12.406647423013018 ], [ 76.933782331224265, 12.406855730392548 ], [ 76.933590494289732, 12.406922633936436 ], [ 76.933303833049905, 12.407079148653866 ], [ 76.932606670789013, 12.407119928769902 ], [ 76.932591093937646, 12.407120832442475 ], [ 76.932482774977672, 12.407145973705115 ], [ 76.932431322896448, 12.407164814866423 ], [ 76.93211921890493, 12.407279103288507 ], [ 76.932337938388088, 12.407545450060798 ], [ 76.932403577436077, 12.407625370962172 ], [ 76.932359175760297, 12.407915182540327 ], [ 76.932245286441358, 12.408056361640135 ], [ 76.932215446140859, 12.40818215950684 ], [ 76.932242147706717, 12.408515514995463 ], [ 76.932215433536925, 12.408828410302746 ], [ 76.931843090913432, 12.409206988394603 ], [ 76.93160400419184, 12.409278514385569 ], [ 76.931518262954867, 12.409304160692569 ], [ 76.931375304072091, 12.409671135764313 ], [ 76.931270391156531, 12.410226404850697 ], [ 76.931207176061861, 12.411077612189874 ], [ 76.931006022996911, 12.411597172675553 ], [ 76.930946418335353, 12.41175113746165 ], [ 76.930802400803515, 12.412418165913415 ], [ 76.930624497665804, 12.413225893742274 ], [ 76.930279345218295, 12.413661486747769 ], [ 76.929984630058044, 12.414129265913228 ], [ 76.929900039365165, 12.414519130735993 ], [ 76.929784521553401, 12.414788481329643 ], [ 76.929605622536656, 12.415131162714509 ], [ 76.92956006851621, 12.415335787176334 ], [ 76.929481673918048, 12.415555547097181 ], [ 76.929458258537707, 12.415641744283496 ], [ 76.929421086149844, 12.415699096545586 ], [ 76.929351958496966, 12.415727749697187 ], [ 76.929258663588215, 12.41575217947919 ], [ 76.92917449800926, 12.41579879686539 ], [ 76.929063297577031, 12.415811440483198 ], [ 76.928908338067572, 12.41582906566112 ], [ 76.928774409397519, 12.41581125955901 ], [ 76.928696959194326, 12.415813912174503 ], [ 76.928589532820482, 12.41581759063631 ], [ 76.928500021726947, 12.415781954539618 ], [ 76.928434451572883, 12.415776372587429 ], [ 76.928355190360804, 12.415769612709893 ], [ 76.92830931416006, 12.415868079358273 ], [ 76.92830930154625, 12.415868114697911 ], [ 76.928096317161291, 12.415997832090161 ], [ 76.928039570666911, 12.41603238572163 ], [ 76.928039660252395, 12.416063781901817 ], [ 76.928039670291327, 12.416068766528225 ], [ 76.928030711272868, 12.416074194575943 ], [ 76.928036645064722, 12.416259349928776 ], [ 76.928040512288945, 12.416380155466577 ], [ 76.928041969845083, 12.416425736778292 ], [ 76.928003164946062, 12.416599368252665 ], [ 76.928003068018327, 12.416599817248686 ], [ 76.92798739524406, 12.41666994499789 ], [ 76.927961669829386, 12.416722245447678 ], [ 76.927887043293154, 12.416873994819195 ], [ 76.927880174789237, 12.416887960163068 ], [ 76.927766639074761, 12.417159379551425 ], [ 76.927721489351924, 12.417426368981946 ], [ 76.926833125777961, 12.41806713324123 ], [ 76.926633799809835, 12.418196292637777 ], [ 76.92663285439707, 12.41819690674307 ], [ 76.926616172640976, 12.418207714213082 ], [ 76.926600019304118, 12.418213352455403 ], [ 76.926108445264418, 12.418384830196498 ], [ 76.92609877669662, 12.418388200666751 ], [ 76.926053776673598, 12.418562794403833 ], [ 76.926030537526202, 12.418652996962802 ], [ 76.925879878728182, 12.419358180793379 ], [ 76.925876971101957, 12.419392192341443 ], [ 76.925874747260124, 12.419418276831985 ], [ 76.92587447120944, 12.419421502807531 ], [ 76.925870299212392, 12.419470271373678 ], [ 76.92586090867421, 12.419580175114685 ], [ 76.925860636082206, 12.419583371238776 ], [ 76.925854953231706, 12.419649892108026 ], [ 76.925855619016104, 12.419660140587823 ], [ 76.925861976156199, 12.419758500568211 ], [ 76.92586284428873, 12.419771878526889 ], [ 76.925868311189916, 12.419856479281915 ], [ 76.925882694969346, 12.420078996647199 ], [ 76.925882858971462, 12.420081538899765 ], [ 76.925906504024255, 12.420447271460851 ], [ 76.925880218450033, 12.420468157255193 ], [ 76.925863294512169, 12.420513435435788 ], [ 76.925854203887482, 12.420537746587744 ], [ 76.925853968474613, 12.420538371913846 ], [ 76.925849629721057, 12.420549980099413 ], [ 76.925847841354297, 12.420554762399179 ], [ 76.925842355448495, 12.420569438252693 ], [ 76.925832335922749, 12.420596234348947 ], [ 76.925758398161861, 12.420905111892033 ], [ 76.925700891290958, 12.421145329591052 ], [ 76.925699643626984, 12.421150109854837 ], [ 76.925662046484888, 12.421294164301839 ], [ 76.925549680538168, 12.421691942367501 ], [ 76.92552452879454, 12.421780958217088 ], [ 76.925478603166113, 12.422000316013367 ], [ 76.925458844737747, 12.422094692190942 ], [ 76.925456519751052, 12.422105783524 ], [ 76.925447547339004, 12.422148670549944 ], [ 76.925616433579805, 12.422082900338026 ], [ 76.925819296236085, 12.422003891209506 ], [ 76.926126322077181, 12.421884314350613 ], [ 76.926156746228003, 12.421872461936807 ], [ 76.926452045769906, 12.421842684595866 ], [ 76.926531070386261, 12.421683137344449 ], [ 76.926532534770161, 12.421638468898795 ], [ 76.926544705935825, 12.421267373330778 ], [ 76.926545926488146, 12.421230180505244 ], [ 76.926735327321424, 12.421240263547736 ], [ 76.926789160452969, 12.421243127283784 ], [ 76.926954597336419, 12.421251938072864 ], [ 76.927080467735152, 12.421258637738806 ], [ 76.927123319354394, 12.421260919716703 ], [ 76.927115679895437, 12.421427213531821 ], [ 76.927112089616003, 12.42150549115615 ], [ 76.927110443030671, 12.421541263449122 ], [ 76.927164993408098, 12.421593815329096 ], [ 76.927351916656164, 12.421773906826338 ], [ 76.927379807291643, 12.421800770375363 ], [ 76.927799394795585, 12.42218369881202 ], [ 76.927915526535344, 12.422289686733382 ], [ 76.928002796660365, 12.422369331422297 ], [ 76.928374066252857, 12.422780061353038 ], [ 76.928530127843317, 12.422952712324669 ], [ 76.928539049900763, 12.422962580229768 ], [ 76.928579945889581, 12.423038366429235 ], [ 76.928666959136734, 12.423199627875562 ], [ 76.928848415786376, 12.423535916576078 ], [ 76.928826234973499, 12.423610022429784 ], [ 76.928723072224386, 12.423954633103305 ], [ 76.928567249119666, 12.424304013225335 ], [ 76.928522618863454, 12.424404085445694 ], [ 76.928500107347659, 12.424454552730323 ], [ 76.928402536452296, 12.424591471954429 ], [ 76.928222859454308, 12.424843602001003 ], [ 76.92820231725122, 12.42487242809527 ], [ 76.928221998832839, 12.425261114924595 ], [ 76.928225855430057, 12.42533719195375 ], [ 76.92821804722395, 12.425640536592642 ], [ 76.928202748699064, 12.426083853975072 ], [ 76.92815803503386, 12.426556186269972 ], [ 76.928323164869269, 12.426849742786844 ], [ 76.928348756611811, 12.427235924451519 ], [ 76.928349432159919, 12.427246103238243 ], [ 76.928354264803232, 12.427319085768486 ], [ 76.928239431035109, 12.427589388792871 ], [ 76.928206770218864, 12.427666282613885 ], [ 76.928173132106323, 12.427745459268928 ], [ 76.928092173918941, 12.427720697417911 ], [ 76.928034848037129, 12.427703161610557 ], [ 76.927960604865703, 12.427923428032255 ], [ 76.927952361459262, 12.427947890488097 ], [ 76.927951487428132, 12.427950457298598 ], [ 76.927914792426122, 12.42805933248348 ], [ 76.927795443170666, 12.428413429414753 ], [ 76.927642332430267, 12.428635134950451 ], [ 76.927646011028344, 12.428856001690152 ], [ 76.92699897732227, 12.430849213828282 ], [ 76.926912277373688, 12.431116295727961 ], [ 76.926702251968138, 12.431644750305015 ], [ 76.926543517472652, 12.431985093413831 ], [ 76.926540477380385, 12.431991613684998 ], [ 76.926538157951683, 12.431996591389403 ], [ 76.926508607887726, 12.432059949627021 ], [ 76.926084471580921, 12.432969326031602 ], [ 76.925859567059717, 12.433221453753942 ], [ 76.925766683851919, 12.433321387402227 ], [ 76.925676196550356, 12.433418741584582 ], [ 76.925660568854482, 12.433482135393783 ], [ 76.925594204943124, 12.433751348329281 ], [ 76.925246771094379, 12.43397017850504 ], [ 76.925211678436767, 12.433992279463236 ], [ 76.92507634987777, 12.434315936073745 ], [ 76.925054969533292, 12.434367076704051 ], [ 76.925039294204737, 12.434445756651566 ], [ 76.925014099662832, 12.434572273369453 ], [ 76.925000419146571, 12.435022132506845 ], [ 76.924973957217958, 12.43589255801122 ], [ 76.924896974230123, 12.436211246954938 ], [ 76.924831547123873, 12.436379408859974 ], [ 76.924831259174951, 12.436380144829545 ], [ 76.924628795507942, 12.436900489042324 ], [ 76.924552774746275, 12.437396259490633 ], [ 76.924418002610338, 12.437779765565452 ], [ 76.924284847999758, 12.438158673105546 ], [ 76.923999481983316, 12.438847220154159 ], [ 76.923927211398535, 12.439021602100526 ], [ 76.923728504447155, 12.439533490118283 ], [ 76.923633265004085, 12.439778837104987 ], [ 76.923077776670794, 12.440515423853304 ], [ 76.923029493567171, 12.440579444751336 ], [ 76.92301147938727, 12.440604471017615 ], [ 76.922411333954145, 12.441438285466967 ], [ 76.92239895483263, 12.441455485035712 ], [ 76.922385424991262, 12.441474280837578 ], [ 76.9223740600182, 12.441490072238599 ], [ 76.922194545144663, 12.441739476905811 ], [ 76.92205020846977, 12.441707254623122 ], [ 76.920877947101076, 12.441586394289997 ], [ 76.920663573814238, 12.441564290915206 ], [ 76.920622922179973, 12.441557617235933 ], [ 76.920500040180386, 12.441537460838184 ], [ 76.920028227073814, 12.441460059742242 ], [ 76.919831496630763, 12.441427789624118 ], [ 76.919362667165842, 12.441350888556657 ], [ 76.919092889374284, 12.441306626944566 ], [ 76.919072777687575, 12.441303328683871 ], [ 76.918941088687049, 12.441270099325376 ], [ 76.91851822380093, 12.44116338986988 ], [ 76.918063375216136, 12.441113104081635 ], [ 76.91783793176684, 12.441007502645217 ], [ 76.917564513027088, 12.440990382458581 ], [ 76.917613954502571, 12.440473348597536 ], [ 76.917492709575129, 12.440418285191624 ], [ 76.917467638613545, 12.440406899074913 ], [ 76.917464197568691, 12.440092006777869 ], [ 76.917195751191187, 12.439651927934156 ], [ 76.917084449673652, 12.43954928758235 ], [ 76.917031409066936, 12.439513338702154 ], [ 76.916931281995403, 12.43944547778016 ], [ 76.916759385227195, 12.43932897496804 ], [ 76.916528658891039, 12.439255906512585 ], [ 76.916522170205539, 12.439253839281971 ], [ 76.916368483047322, 12.4392049252767 ], [ 76.916177741504441, 12.439348626944152 ], [ 76.916160475453822, 12.439361637203682 ], [ 76.915528762501737, 12.439778552950008 ], [ 76.915062272835499, 12.440072420266389 ], [ 76.914982225636749, 12.440122848618234 ], [ 76.914957099729918, 12.440082617214667 ], [ 76.91484856350057, 12.439908849597209 ], [ 76.913398681214375, 12.440140502433117 ], [ 76.912379553439195, 12.439885814584041 ], [ 76.911622589054247, 12.439696639657255 ], [ 76.911106831009846, 12.439567736593704 ], [ 76.9110684124758, 12.439558141551531 ], [ 76.911130899977294, 12.439706603168672 ], [ 76.910767167723634, 12.439662689194776 ], [ 76.910547654808653, 12.439636185783302 ], [ 76.910362593726916, 12.439613843377298 ], [ 76.910073358796794, 12.439501021527045 ], [ 76.909645852269492, 12.439334271835218 ], [ 76.909473471127242, 12.439267032658334 ], [ 76.909475796895094, 12.439119514044398 ], [ 76.909340593246725, 12.438989176617488 ], [ 76.909367642959154, 12.438658950731243 ], [ 76.909369608105933, 12.438635010110039 ], [ 76.908263927354795, 12.438323771005832 ], [ 76.908161842467536, 12.438295038063909 ], [ 76.908059157126019, 12.437814476406549 ], [ 76.908029360785619, 12.437675008846471 ], [ 76.907871088183953, 12.43761198031528 ], [ 76.907308773262955, 12.437568725608434 ], [ 76.907221299073882, 12.437561997493987 ], [ 76.907225267157699, 12.437541922981026 ], [ 76.907329446556815, 12.437014885322013 ], [ 76.907313693785369, 12.436908031750949 ], [ 76.907311425830343, 12.436892646995316 ], [ 76.907158823834379, 12.436854107637203 ], [ 76.906772486070523, 12.436756547834452 ], [ 76.906776120576197, 12.436720872465301 ], [ 76.906780033760313, 12.436682426631624 ], [ 76.906796823859153, 12.436529869041406 ], [ 76.906801884992035, 12.436483888737209 ], [ 76.906741135316437, 12.436468931424104 ], [ 76.905165925378398, 12.436080887258052 ], [ 76.904738144226641, 12.435149519922492 ], [ 76.904548847605682, 12.434737380592589 ], [ 76.904532890641534, 12.434393894630864 ], [ 76.904523739454305, 12.434196878198483 ], [ 76.904587645176093, 12.433963712322713 ], [ 76.904638883576638, 12.433776754730793 ], [ 76.904677664090954, 12.432815042476282 ], [ 76.904679285349829, 12.432774886395086 ], [ 76.90465115748367, 12.432485726321159 ], [ 76.904650465429981, 12.43247859074437 ], [ 76.904563036443562, 12.431579770820901 ], [ 76.904551914586207, 12.431465420240196 ], [ 76.904615988727599, 12.430984335997637 ], [ 76.904491009758033, 12.430196423544016 ], [ 76.904503790852999, 12.430037303200862 ], [ 76.90446236696171, 12.43000097675368 ], [ 76.904379834715527, 12.429928585541179 ], [ 76.904308239361498, 12.429920169907222 ], [ 76.904303671792164, 12.429658773024872 ], [ 76.904243618194911, 12.42959645798293 ], [ 76.904122427504035, 12.429790980126588 ], [ 76.904116561406099, 12.429800364526116 ], [ 76.904061454738155, 12.429770538947968 ], [ 76.904080609600484, 12.429698629155363 ], [ 76.904107880866576, 12.429596235829621 ], [ 76.904129723053359, 12.429514243621689 ], [ 76.904165719384906, 12.429379078441123 ], [ 76.904170993256102, 12.42923694549704 ], [ 76.904181459464084, 12.428954867508063 ], [ 76.904202799417234, 12.428563269831953 ], [ 76.904126582064976, 12.428482430916699 ], [ 76.904157611166966, 12.428373382302834 ], [ 76.904137040635419, 12.428206611255133 ], [ 76.90401315657266, 12.427201801407511 ], [ 76.904012883723297, 12.4271998184613 ], [ 76.903981651667593, 12.426970806973859 ], [ 76.903965793325966, 12.426854529113623 ], [ 76.904127895880237, 12.426121211081622 ], [ 76.904175428571747, 12.425906178864768 ], [ 76.904175842524651, 12.425904300455898 ], [ 76.904235718519161, 12.425633447967991 ], [ 76.904452518430219, 12.424652671257016 ], [ 76.904486730224789, 12.424497922184562 ], [ 76.904521074541094, 12.424342558462754 ], [ 76.904857194099989, 12.423906497425012 ], [ 76.904860054677357, 12.42390278596617 ], [ 76.905042661477097, 12.423665875005414 ], [ 76.905410419634265, 12.42328879252875 ], [ 76.905869043711519, 12.422818530198024 ], [ 76.906485130076106, 12.422186809176807 ], [ 76.906520036142879, 12.422151019466787 ], [ 76.90669209168172, 12.421974597384045 ], [ 76.906552658138352, 12.421910021331081 ], [ 76.906533183406111, 12.421912017618462 ], [ 76.906261900546866, 12.42193979321129 ], [ 76.906151258413615, 12.421951121541301 ], [ 76.906145042161938, 12.421950532583727 ], [ 76.905164088578132, 12.421858515375471 ], [ 76.904788975664658, 12.421759147777117 ], [ 76.904782999561732, 12.421757565570173 ], [ 76.904165334032839, 12.42159394359081 ], [ 76.904116031816855, 12.421581539446132 ], [ 76.904042334073566, 12.421553948452667 ], [ 76.903764000251954, 12.421449737745021 ], [ 76.90353601578903, 12.421336127164494 ], [ 76.903530211597214, 12.421333271091433 ], [ 76.903401599461944, 12.421270138408108 ], [ 76.903089266653424, 12.421281428147417 ], [ 76.902999548404921, 12.421231176744488 ], [ 76.902875399587174, 12.421161636637096 ], [ 76.902533384312264, 12.421157960276455 ], [ 76.902305946393895, 12.421155508122832 ], [ 76.902039732858285, 12.421064314480201 ], [ 76.901794747375675, 12.421036477360911 ], [ 76.901413930291653, 12.420993205554346 ], [ 76.901394786323536, 12.420922508317968 ], [ 76.901316022351963, 12.42063167772231 ], [ 76.901123334521159, 12.420445098287731 ], [ 76.901119583715911, 12.420441463988984 ], [ 76.900912091215631, 12.420240547330826 ], [ 76.900873597982326, 12.420203270299975 ], [ 76.900226646183071, 12.420058650478889 ], [ 76.900244266131836, 12.419547589285935 ], [ 76.900160125141028, 12.41938734437479 ], [ 76.900124381104732, 12.418742532233788 ], [ 76.900123338021515, 12.418723747458424 ], [ 76.900185211046875, 12.418664646024059 ], [ 76.900231158493298, 12.418620758807542 ], [ 76.900225522315111, 12.41861303872127 ], [ 76.900172182604734, 12.418539925590659 ], [ 76.900061958831344, 12.418388842405976 ], [ 76.900346138436404, 12.418027978624016 ], [ 76.900350035633863, 12.418023029792524 ], [ 76.900387020902912, 12.417918260156412 ], [ 76.900531202631058, 12.417509849971053 ], [ 76.900518546570169, 12.417442001236212 ], [ 76.90049235503632, 12.417301574622391 ], [ 76.900447573732237, 12.417195452293576 ], [ 76.900447396886705, 12.41719503324032 ], [ 76.900117860911777, 12.416414041601303 ], [ 76.900074342167258, 12.416310906596816 ], [ 76.899789938578294, 12.416145483439553 ], [ 76.899622271733719, 12.416048852305202 ], [ 76.899409413084797, 12.415926175866423 ], [ 76.899331248404891, 12.415881129472091 ], [ 76.898505938292729, 12.415404062077966 ], [ 76.898495122292658, 12.415397497196688 ], [ 76.898215394071102, 12.415227530905701 ], [ 76.898319555791701, 12.415004259785086 ], [ 76.898349803660139, 12.41493942027596 ], [ 76.898447026129602, 12.414731011063401 ], [ 76.898458858934447, 12.414705961818983 ], [ 76.898823005249838, 12.413913315446406 ], [ 76.89935934047044, 12.41274587003914 ], [ 76.899365606005063, 12.412732235735801 ], [ 76.899491762418222, 12.412457623935447 ], [ 76.899559592559669, 12.41207524712223 ], [ 76.899670058793774, 12.411452485289329 ], [ 76.899720088576402, 12.411170419492443 ], [ 76.899748934210479, 12.410902572484 ], [ 76.899822724319989, 12.410217385120045 ], [ 76.900044292226539, 12.410234878621615 ], [ 76.900062006334409, 12.410102833773864 ], [ 76.90010484791847, 12.409783571283098 ], [ 76.900124636782706, 12.409636092087927 ], [ 76.900132988382197, 12.409573854494296 ], [ 76.900133277202386, 12.409495516045137 ], [ 76.899546947254649, 12.409374521230278 ], [ 76.898102214874768, 12.409353362980589 ], [ 76.897357922298852, 12.409389845555344 ], [ 76.89724431301704, 12.409395412866493 ], [ 76.897091954878647, 12.409461294583869 ], [ 76.896400031718699, 12.409480220396155 ], [ 76.895516709297695, 12.409430086303519 ], [ 76.894946111319001, 12.409242606216617 ], [ 76.894510606173696, 12.409052457340247 ], [ 76.894304550894901, 12.408930762196155 ], [ 76.89400069547942, 12.408726960882651 ], [ 76.892863521891044, 12.408092045381981 ], [ 76.891775577464529, 12.407642275910586 ], [ 76.890778983248751, 12.407375897319669 ], [ 76.889598952142549, 12.407332420958122 ], [ 76.889410120659406, 12.407460647960953 ], [ 76.889164187491176, 12.407461714996364 ], [ 76.889160629394453, 12.407460909132302 ], [ 76.889158294441231, 12.407460374945204 ], [ 76.887554559815726, 12.407097929855269 ], [ 76.88623874116783, 12.406711663938674 ], [ 76.885759455163623, 12.406570965174762 ], [ 76.883587540837866, 12.406196494524538 ], [ 76.883557382657216, 12.406057416471116 ], [ 76.883056693023235, 12.406043911285552 ], [ 76.882886254418167, 12.406092536664049 ], [ 76.882562913890908, 12.406184779102684 ], [ 76.882322562335688, 12.406183609144831 ], [ 76.882088882451299, 12.406182474024753 ], [ 76.881494914241472, 12.40605254896529 ], [ 76.88118092807855, 12.405827801229382 ], [ 76.88045036611372, 12.405595763018312 ], [ 76.880346814987206, 12.405560149971651 ], [ 76.879805079093586, 12.404961443051352 ], [ 76.879702610975855, 12.404839598669842 ], [ 76.879647516300139, 12.404774078573457 ], [ 76.879649284937358, 12.40476566125353 ], [ 76.879694601324971, 12.404549810982747 ], [ 76.880101459114229, 12.404023340296689 ], [ 76.88011544362098, 12.404005245565653 ], [ 76.880122269341072, 12.403987276375767 ], [ 76.880431605025024, 12.40317285839571 ], [ 76.880504966818705, 12.402864557775354 ], [ 76.880495464337756, 12.402834849353052 ], [ 76.880475611648095, 12.402772753896711 ], [ 76.88046903155292, 12.402752150659538 ], [ 76.88057897009601, 12.40272861023956 ], [ 76.880576651622121, 12.402666025372318 ], [ 76.880564560224911, 12.402340060780828 ], [ 76.88056892897427, 12.401849913004913 ], [ 76.88057077849723, 12.401641793786487 ], [ 76.880578282805146, 12.401640748421602 ], [ 76.880779211271516, 12.401612718679326 ], [ 76.880782659473141, 12.400882011249605 ], [ 76.880989331952378, 12.400860162934581 ], [ 76.880952670797669, 12.400758441889078 ], [ 76.880947801359213, 12.40074492396514 ], [ 76.880928992355095, 12.400746764469458 ], [ 76.880781854907084, 12.400761148990631 ], [ 76.880766983286847, 12.400757462159433 ], [ 76.880674296445505, 12.400734495595577 ], [ 76.880489351002112, 12.400724670706893 ], [ 76.880055390417496, 12.400716786331262 ], [ 76.879689092175084, 12.400712658111518 ], [ 76.879663394659289, 12.400707807011443 ], [ 76.879601268130585, 12.400669964006644 ], [ 76.879599646324934, 12.40066897646734 ], [ 76.879340409316285, 12.400511069520471 ], [ 76.878993441134668, 12.400305267351673 ], [ 76.878937338296723, 12.400277627799676 ], [ 76.878760995981295, 12.40019076055292 ], [ 76.8785713875113, 12.400176661453298 ], [ 76.878234060546561, 12.400145131374799 ], [ 76.877672894497962, 12.400118557468824 ], [ 76.877635753414253, 12.400116804271898 ], [ 76.877594938714523, 12.400108884084634 ], [ 76.877383264686571, 12.399936304216151 ], [ 76.877268175539484, 12.399842469896218 ], [ 76.87724064077203, 12.399828743515206 ], [ 76.876985856294056, 12.39983690359959 ], [ 76.876750309374344, 12.399848630835324 ], [ 76.876614417598617, 12.399855390680845 ], [ 76.876230969786548, 12.399873660211119 ], [ 76.875815515623472, 12.399879138355983 ], [ 76.875769680595866, 12.399976914042766 ], [ 76.875707261720024, 12.400110065222371 ], [ 76.875604233838374, 12.400099146394744 ], [ 76.875177032257909, 12.400053884725365 ], [ 76.87464765126731, 12.400019774326234 ], [ 76.874466056760838, 12.400007756401068 ], [ 76.873596571958799, 12.399950249075685 ], [ 76.873436585755869, 12.399938982406688 ], [ 76.873298980651512, 12.399929291140969 ], [ 76.873137410205928, 12.399917915013891 ], [ 76.872997358800745, 12.399908052473535 ], [ 76.87281071548388, 12.399839968606901 ], [ 76.872807432413182, 12.399838770136025 ], [ 76.872799883548694, 12.399806545904941 ], [ 76.872763870821728, 12.399652898651171 ], [ 76.872735393199591, 12.399607559969541 ], [ 76.87267739532831, 12.399515223953651 ], [ 76.871270867067807, 12.399777138741962 ], [ 76.870533057348979, 12.39984005543826 ], [ 76.870494606845199, 12.39984333851722 ], [ 76.8700429580676, 12.400226957297315 ], [ 76.869794225739284, 12.400331345867366 ], [ 76.869683602905056, 12.400377774482655 ], [ 76.869330395728895, 12.40045706341164 ], [ 76.868831544263173, 12.400347393523461 ], [ 76.868644030050646, 12.400324274938324 ], [ 76.868390768016098, 12.400293041132556 ], [ 76.867905170094801, 12.400614769226104 ], [ 76.867546408083271, 12.400635902810563 ], [ 76.865541074044131, 12.400595579932357 ], [ 76.865412718146302, 12.400593001455576 ], [ 76.86528351857288, 12.400644901620172 ], [ 76.86519708841476, 12.400679622450657 ], [ 76.864753068136835, 12.400528682085289 ], [ 76.864641524830063, 12.40048957057693 ], [ 76.864466727761638, 12.40042828774839 ], [ 76.864416516308282, 12.400410683611808 ], [ 76.864415073554724, 12.400454392263654 ], [ 76.864408238992084, 12.400661604651601 ], [ 76.863813388285465, 12.400688786244544 ], [ 76.863431878259917, 12.400685370490672 ], [ 76.863359699620119, 12.400684725484012 ], [ 76.86310577401278, 12.400682454140798 ], [ 76.863015941175149, 12.400686129668411 ], [ 76.862961540474686, 12.400688357934333 ], [ 76.86288262077754, 12.401064446548011 ], [ 76.862852398587435, 12.401208470602761 ], [ 76.862813017827335, 12.401267379910918 ], [ 76.862694306615012, 12.401444936958473 ], [ 76.862611466780891, 12.401896014499727 ], [ 76.862577480602994, 12.402081056961647 ], [ 76.862504890769458, 12.402476340196905 ], [ 76.862613570000889, 12.402869849280737 ], [ 76.86249764439367, 12.403759799427233 ], [ 76.862497257083632, 12.40376275143266 ], [ 76.862481756716861, 12.403881781678264 ], [ 76.862492125259621, 12.404010726084744 ], [ 76.862509347490189, 12.404098410317923 ], [ 76.862526380849545, 12.404185135928849 ], [ 76.862358248713392, 12.404665212429473 ], [ 76.862336310532427, 12.404823991422486 ], [ 76.862331956305752, 12.404879108923797 ], [ 76.86232051947789, 12.405023764166485 ], [ 76.862326782780116, 12.405235220836472 ], [ 76.862344637753182, 12.405486073777345 ], [ 76.862258549108233, 12.405893802084764 ], [ 76.862053481791321, 12.406419015916306 ], [ 76.862039158921434, 12.406455701330408 ], [ 76.861619206737359, 12.406547979300299 ], [ 76.86125750109673, 12.406812177294059 ], [ 76.86125651451016, 12.407075898940738 ], [ 76.861255501104537, 12.407346972894747 ], [ 76.861284990251434, 12.407390995354 ], [ 76.861325556506017, 12.407451564062434 ], [ 76.861079988968925, 12.407750996993968 ], [ 76.860869003548274, 12.408069710776186 ], [ 76.860924927619919, 12.408429582217373 ], [ 76.860834363839487, 12.409144444799031 ], [ 76.860536507168376, 12.409498723794885 ], [ 76.859666329528935, 12.40957331451542 ], [ 76.859045853255637, 12.409626500599503 ], [ 76.858935153375143, 12.409635991895632 ], [ 76.858792857275347, 12.409260165450483 ], [ 76.858455970266107, 12.408370398348255 ], [ 76.858443418520096, 12.408393037913708 ], [ 76.858240697241186, 12.408758691509098 ], [ 76.857580487926299, 12.408795566461007 ], [ 76.857491246095535, 12.408800547116117 ], [ 76.857016989617904, 12.408827034002764 ], [ 76.856831822221523, 12.40863937883357 ], [ 76.85693385254875, 12.408339336578138 ], [ 76.857006484745725, 12.40812573732978 ], [ 76.85702241654441, 12.408078900453511 ], [ 76.856851025680854, 12.408070515535481 ], [ 76.85644686066783, 12.408050748020678 ], [ 76.855475566879633, 12.408003235900827 ], [ 76.855377895204867, 12.407998457382492 ], [ 76.855249022059738, 12.408016931252002 ], [ 76.855109482489141, 12.408036945023971 ], [ 76.854890981024354, 12.408068282105862 ], [ 76.854818336936788, 12.408185892767719 ], [ 76.854706327843985, 12.408367253883704 ], [ 76.854613148417044, 12.408518135743199 ], [ 76.854520556095423, 12.408668050033407 ], [ 76.854460044663014, 12.408766032183037 ], [ 76.854440672938111, 12.409062669549741 ], [ 76.854284121356358, 12.409493901642971 ], [ 76.854086852099627, 12.409635844474865 ], [ 76.854084604737025, 12.409634042140606 ], [ 76.854118231242552, 12.409001116623292 ], [ 76.853852599411582, 12.408854618806487 ], [ 76.853867205705612, 12.408814269201194 ], [ 76.853920341182146, 12.408667528093686 ], [ 76.853951624657682, 12.408581113051055 ], [ 76.853926633330673, 12.408294605906478 ], [ 76.853849886018978, 12.407414930952877 ], [ 76.853849717729787, 12.407412980627448 ], [ 76.853836396634492, 12.407260261819198 ], [ 76.853812000918836, 12.407257648244025 ], [ 76.853762446544806, 12.407252335010032 ], [ 76.853735721591406, 12.407249470704393 ], [ 76.853606653087937, 12.407235630494394 ], [ 76.853610779059395, 12.407079744525502 ], [ 76.85349400916823, 12.406984139297904 ], [ 76.853182095024707, 12.406728754532953 ], [ 76.852825673291306, 12.40652363173013 ], [ 76.852823592079616, 12.406522432940923 ], [ 76.852086261468557, 12.406098094186465 ], [ 76.851998166968045, 12.406047394187738 ], [ 76.851929049815922, 12.406007618134804 ], [ 76.851823315952373, 12.405953657996582 ], [ 76.851617188357451, 12.405848473324566 ], [ 76.8512636100767, 12.405668042623933 ], [ 76.851260262692264, 12.405666333635173 ], [ 76.851009724400981, 12.405538485740353 ], [ 76.850857484257148, 12.405149400548165 ], [ 76.85080872080799, 12.405024773536155 ], [ 76.850757570383905, 12.404894053462311 ], [ 76.850748854586811, 12.404871778932616 ], [ 76.850694075391402, 12.404878803441374 ], [ 76.850673927331229, 12.404881386808645 ], [ 76.850558128715505, 12.40489622225309 ], [ 76.850496785977896, 12.404904086013188 ], [ 76.850488471316908, 12.404905148755963 ], [ 76.850318995506768, 12.404802031320061 ], [ 76.850103171829389, 12.404670712421279 ], [ 76.850056046906388, 12.404521637599629 ], [ 76.849590939127012, 12.40411842144494 ], [ 76.849515126324718, 12.404052692860098 ], [ 76.849438699242157, 12.403986436954117 ], [ 76.849418373731609, 12.403873555959343 ], [ 76.849379288946608, 12.40383678134385 ], [ 76.849379130629373, 12.403836629667149 ], [ 76.849207757855467, 12.40367537397257 ], [ 76.848752163586326, 12.403263494304662 ], [ 76.848608133490728, 12.403113236426542 ], [ 76.848608027880616, 12.403113125968682 ], [ 76.848602218481631, 12.403107061638478 ], [ 76.848249692609357, 12.402739288495541 ], [ 76.848100591173818, 12.402559874833655 ], [ 76.847736126577715, 12.402121321355327 ], [ 76.847733552932326, 12.402118222295631 ], [ 76.847729781011537, 12.402113677049458 ], [ 76.847686275145847, 12.40206133482793 ], [ 76.847654659817721, 12.402136918583784 ], [ 76.847563252760736, 12.402141982744293 ], [ 76.846952552477418, 12.402175856873965 ], [ 76.846946589555245, 12.402176185805677 ], [ 76.846925056161254, 12.402177379995189 ], [ 76.845836398654299, 12.402243915467274 ], [ 76.845675713313369, 12.402253734735137 ], [ 76.845491969573786, 12.402264966253535 ], [ 76.845251754490548, 12.402279646807353 ], [ 76.844754623629711, 12.402214113594654 ], [ 76.844732863888566, 12.402211243480284 ], [ 76.844570312511323, 12.40219373409662 ], [ 76.844180971460801, 12.402151794971518 ], [ 76.844073886436789, 12.40214025984584 ], [ 76.843743140668835, 12.402104631330237 ], [ 76.843600735999374, 12.402106183847126 ], [ 76.842849472879536, 12.402114381778132 ], [ 76.842790279166096, 12.402115026081384 ], [ 76.842721473935214, 12.402115777231542 ], [ 76.842610703644013, 12.402116591923065 ], [ 76.842505350256133, 12.402117367070767 ], [ 76.841765895758826, 12.40212281444494 ], [ 76.841762695824812, 12.402122838879093 ], [ 76.84170145834895, 12.402123289829143 ], [ 76.841501156787061, 12.402124764233674 ], [ 76.840606848512508, 12.402131342625962 ], [ 76.840118843446589, 12.402134933998495 ], [ 76.839812432294124, 12.402137187369691 ], [ 76.839624005107382, 12.402184021851081 ], [ 76.839601231739792, 12.402184652614412 ], [ 76.839362801843308, 12.402191259535057 ], [ 76.838840774908093, 12.402205728868712 ], [ 76.838532984865722, 12.402214253183185 ], [ 76.837999378961385, 12.402110250956319 ], [ 76.837699651273923, 12.402070839879437 ], [ 76.837442742488491, 12.40203705441704 ], [ 76.837354365548308, 12.402025435083109 ], [ 76.837216464414155, 12.402007296902239 ], [ 76.837212722900233, 12.402006804310652 ], [ 76.83700468297738, 12.401979444053127 ], [ 76.8367882497989, 12.40195098528374 ], [ 76.836452387677085, 12.401907633306703 ], [ 76.836340632128497, 12.401893205312016 ], [ 76.83611718613848, 12.401925368412979 ], [ 76.835775348499425, 12.401974566262005 ], [ 76.835144370933349, 12.401963057510519 ], [ 76.834788410498902, 12.402020854358771 ], [ 76.834785608062177, 12.402021308984954 ], [ 76.834736327102817, 12.402029309936985 ], [ 76.834625108912334, 12.40199627918059 ], [ 76.834538406469576, 12.402073213319392 ], [ 76.834440820306995, 12.402159798632274 ], [ 76.834249541871259, 12.402193229649839 ], [ 76.834190467092043, 12.402203554636818 ], [ 76.833703995814787, 12.40203624206155 ], [ 76.833688372702056, 12.402049715268989 ], [ 76.833567985177623, 12.402153494528603 ], [ 76.833480574215471, 12.402153117190393 ], [ 76.832807903226538, 12.40215019334916 ], [ 76.832750294091056, 12.402196283173193 ], [ 76.832570758945394, 12.402339912766696 ], [ 76.832516631437429, 12.402205164038055 ], [ 76.832466187437959, 12.4022180868948 ], [ 76.832293816721375, 12.402717992132025 ], [ 76.832141296109896, 12.402662670074101 ], [ 76.832160021623892, 12.402273792347195 ], [ 76.832035477984675, 12.402020379080625 ], [ 76.831895456725078, 12.401735438592544 ], [ 76.831744838912044, 12.401428952993324 ], [ 76.831714089430122, 12.401113504982449 ], [ 76.831647322426733, 12.400896125409437 ], [ 76.831445676619651, 12.400645173707003 ], [ 76.831265176518414, 12.400430134374185 ], [ 76.831165229123869, 12.400337669303445 ], [ 76.831247584602693, 12.40025100982715 ], [ 76.831409261102849, 12.400080890282242 ], [ 76.831421398493276, 12.400068122263777 ], [ 76.831440902104077, 12.400066349163989 ], [ 76.831487667324893, 12.400062088046489 ], [ 76.83155917088709, 12.399860394933635 ], [ 76.831739468867525, 12.399351835204977 ], [ 76.831744059998641, 12.399326789052887 ], [ 76.831792026466957, 12.399220845703422 ], [ 76.831886894187221, 12.399011290988511 ], [ 76.831957061046751, 12.39854108549812 ], [ 76.831975698892606, 12.398416201148459 ], [ 76.83193811956167, 12.397959919769825 ], [ 76.831937491481511, 12.397952282521564 ], [ 76.831917366087055, 12.39770799379632 ], [ 76.831904572689169, 12.397552598372952 ], [ 76.831903788526517, 12.397543810621464 ], [ 76.831864255916145, 12.397101264315067 ], [ 76.832995558107598, 12.396760156156978 ], [ 76.832966648930977, 12.396703031216832 ], [ 76.832914865559573, 12.396600739705287 ], [ 76.833683890007777, 12.39606499934283 ], [ 76.833600904813679, 12.39597449125807 ], [ 76.834502493212597, 12.395502157075427 ], [ 76.83450318678878, 12.395501796255726 ], [ 76.834802649028745, 12.395344911649456 ], [ 76.834944759530572, 12.395270454930136 ], [ 76.83494310700199, 12.395254536865282 ], [ 76.834857533123923, 12.39443328944464 ], [ 76.834856129418029, 12.394419812907323 ], [ 76.834678614410407, 12.393604537712891 ], [ 76.835012016190873, 12.39346664138464 ], [ 76.834774667124918, 12.392816742104921 ], [ 76.834771268777743, 12.392807446876699 ], [ 76.834758153154013, 12.392771523659819 ], [ 76.834672963593661, 12.392513737960725 ], [ 76.834671200271941, 12.392508397947731 ], [ 76.834665877612977, 12.392492304914491 ], [ 76.834395870865919, 12.391679649907521 ], [ 76.834391464767833, 12.391665361161877 ], [ 76.834292795551207, 12.391345215662488 ], [ 76.834247685148597, 12.38993319473377 ], [ 76.83419998970291, 12.388519856918091 ], [ 76.834196995992556, 12.388429642728154 ], [ 76.834166348542368, 12.387505934249155 ], [ 76.83414904616852, 12.387110317278477 ], [ 76.834148732032091, 12.387103128956092 ], [ 76.834120542369348, 12.386458501451132 ], [ 76.834097609053558, 12.385450001913744 ], [ 76.834096641284958, 12.385407431615043 ], [ 76.834070061138007, 12.384886965918827 ], [ 76.834064887321915, 12.384785666643255 ], [ 76.83405826365221, 12.384655968794913 ], [ 76.833963249264315, 12.384689766723939 ], [ 76.833758461204667, 12.384762615195545 ], [ 76.832522151811574, 12.385202396302743 ], [ 76.832289654878693, 12.385285100509407 ], [ 76.830609231621949, 12.385861585071082 ], [ 76.830187501617885, 12.386082343325741 ], [ 76.829187716166189, 12.386605689028485 ], [ 76.828688300721382, 12.386852359643429 ], [ 76.828556330582728, 12.386896549960753 ], [ 76.82829893934759, 12.386982736881814 ], [ 76.828151182782491, 12.387014006378065 ], [ 76.827973957984142, 12.387024387205456 ], [ 76.827951651246153, 12.387023726534409 ], [ 76.827586301266123, 12.387012891466943 ], [ 76.827342752383117, 12.387023587974292 ], [ 76.826864145518556, 12.387044607774026 ], [ 76.825922109728452, 12.387085974289944 ], [ 76.825850373733601, 12.387089124809023 ], [ 76.825843186143913, 12.387089437965363 ], [ 76.825197821197705, 12.387117778285367 ], [ 76.825014838115436, 12.387125813232975 ], [ 76.825010776889812, 12.387125991470731 ], [ 76.824978691543578, 12.387127398383051 ], [ 76.82442307196591, 12.387158396032655 ], [ 76.824150167284586, 12.387165229303221 ], [ 76.823605375521851, 12.387178872827857 ], [ 76.82346718273773, 12.387182331505267 ], [ 76.823355360131188, 12.387185128604861 ], [ 76.823116205248184, 12.387191122342687 ], [ 76.823029882197517, 12.387193283551118 ], [ 76.823010284663056, 12.387284943487444 ], [ 76.823098065986272, 12.387286470327327 ], [ 76.823110588843832, 12.387349852349937 ], [ 76.822997166508301, 12.387346344535356 ], [ 76.822911422442246, 12.387343702144593 ], [ 76.822857082359192, 12.387342026745515 ], [ 76.822475937441581, 12.387330272136689 ], [ 76.821848268396693, 12.387333812240792 ], [ 76.821257293165445, 12.387300285564407 ], [ 76.819904309954609, 12.387223498622907 ], [ 76.819620098386522, 12.387229335616246 ], [ 76.817982953354942, 12.387140677928294 ], [ 76.817270852601084, 12.3870824062626 ], [ 76.816452662618801, 12.387065527521631 ], [ 76.81581781922273, 12.387014744746658 ], [ 76.815028745790656, 12.386951581749548 ], [ 76.814920565345957, 12.386934486051235 ], [ 76.814918794252293, 12.386934208637644 ], [ 76.814918056365215, 12.386875902160131 ], [ 76.814917368225508, 12.386820002432142 ], [ 76.814916292441353, 12.386732776165347 ], [ 76.814916146822355, 12.386721025551394 ], [ 76.81487652767153, 12.386712468217107 ], [ 76.814652206174472, 12.386664112382126 ], [ 76.814559050528231, 12.386644028188234 ], [ 76.814543190768148, 12.386640609833451 ], [ 76.814518362620547, 12.386357565185584 ], [ 76.814503519249541, 12.386188317069989 ], [ 76.814519572633245, 12.386154437460746 ], [ 76.81463050120351, 12.385920409191398 ], [ 76.814688630838987, 12.385797766742643 ], [ 76.814606736940448, 12.385194532837701 ], [ 76.814558678260042, 12.384777661997639 ], [ 76.814498872531345, 12.384191240267123 ], [ 76.814427484784133, 12.383491160900146 ], [ 76.814402400916734, 12.383245226509594 ], [ 76.814328184795158, 12.382976164915174 ], [ 76.814289411375128, 12.382835618925149 ], [ 76.814315354516296, 12.382784510068616 ], [ 76.814315431748483, 12.382784242902638 ], [ 76.814352981277892, 12.382655330251515 ], [ 76.814305557785033, 12.381973002328397 ], [ 76.814251459413356, 12.381477300890941 ], [ 76.814252752643213, 12.381268677717825 ], [ 76.814206937126613, 12.381252707082153 ], [ 76.814195252014073, 12.381009947108883 ], [ 76.814168922923812, 12.378844023685524 ], [ 76.814168314247638, 12.378567934353443 ], [ 76.814167880819824, 12.378370860936158 ], [ 76.814189039179155, 12.377823673381208 ], [ 76.814189050078824, 12.377823387676196 ], [ 76.814195148557218, 12.377665548706581 ], [ 76.814203788526427, 12.37744220796114 ], [ 76.814092545133136, 12.377417191983538 ], [ 76.814018115806789, 12.377400454051422 ], [ 76.813979127905483, 12.376663937457439 ], [ 76.81395508143261, 12.376439050386697 ], [ 76.813939781546651, 12.376295970239486 ], [ 76.813932541881144, 12.37622825047063 ], [ 76.813913445901704, 12.376176854700297 ], [ 76.81384083565851, 12.375981391786684 ], [ 76.813872743248737, 12.375908723184679 ], [ 76.813902145720121, 12.375755426258944 ], [ 76.813928936963492, 12.375615734178018 ], [ 76.813930711657477, 12.375449945303245 ], [ 76.813932385097985, 12.375292262372273 ], [ 76.813934269729529, 12.375116290329343 ], [ 76.81386131520658, 12.374930436315653 ], [ 76.813848042060982, 12.374795737127052 ], [ 76.813829519182875, 12.374607836869368 ], [ 76.813795223875672, 12.374491652396035 ], [ 76.813780195714642, 12.374461007400527 ], [ 76.813777790864549, 12.374348133571392 ], [ 76.813689289854764, 12.374275737654008 ], [ 76.813626424583759, 12.374224317438943 ], [ 76.813447081436664, 12.374256531031151 ], [ 76.813318434094853, 12.373983773964794 ], [ 76.813314817282276, 12.373976110415304 ], [ 76.813195139641323, 12.373722381994234 ], [ 76.812980165064985, 12.373079902197389 ], [ 76.81283032572513, 12.372677581738216 ], [ 76.812821691899259, 12.372654404536407 ], [ 76.812727657235783, 12.372401905835181 ], [ 76.812643789396418, 12.371761345387585 ], [ 76.812599882852439, 12.371425982678797 ], [ 76.812519879670958, 12.370533707859515 ], [ 76.812497421938005, 12.370283234771595 ], [ 76.812343393941077, 12.369335678727984 ], [ 76.812323482498442, 12.369213208091661 ], [ 76.812255128055583, 12.368818684131936 ], [ 76.812332828480763, 12.368665836512511 ], [ 76.812369759988627, 12.368593183451061 ], [ 76.812441999141939, 12.36845107348724 ], [ 76.812175325170273, 12.368419959130881 ], [ 76.812164687588123, 12.368418718440926 ], [ 76.81204707418695, 12.368404997084559 ], [ 76.812066809158509, 12.367888585323637 ], [ 76.812085900558898, 12.367665237050664 ], [ 76.812094504121049, 12.36756454661738 ], [ 76.812017096973364, 12.367559167919378 ], [ 76.812011272867807, 12.367296070237284 ], [ 76.812013232166962, 12.367044195063439 ], [ 76.812014926976957, 12.366827046820307 ], [ 76.811988482544635, 12.366462462660643 ], [ 76.811981436552728, 12.366360509758968 ], [ 76.811964701977629, 12.36611816507193 ], [ 76.811938506971046, 12.366040833619063 ], [ 76.811550901924804, 12.365713858727306 ], [ 76.811318482320132, 12.365464777812292 ], [ 76.81107869717728, 12.365207787714874 ], [ 76.810984594403848, 12.364929144612278 ], [ 76.810951026364577, 12.364899153318465 ], [ 76.81098757839672, 12.36438436301871 ], [ 76.811136367780023, 12.363898808993397 ], [ 76.811105148003975, 12.363119411420204 ], [ 76.810835437762719, 12.362847769717636 ], [ 76.810617839697116, 12.36243738539233 ], [ 76.81029970670798, 12.362132009736325 ], [ 76.809951685337055, 12.36179793191368 ], [ 76.809569005673609, 12.361430597995408 ], [ 76.809201919796578, 12.361078221458873 ], [ 76.808912442184436, 12.360713416848853 ], [ 76.808392276828599, 12.360311528119512 ], [ 76.808078710170136, 12.360315266414204 ], [ 76.807536686466761, 12.360459490517608 ], [ 76.807279029778798, 12.360713615765009 ], [ 76.806972853154406, 12.361015589338157 ], [ 76.806816335485124, 12.361354095582778 ], [ 76.806795146352101, 12.361834128778929 ], [ 76.806742861747964, 12.362163078411955 ], [ 76.806698438798833, 12.362442570271638 ], [ 76.806638875473837, 12.362604444532488 ], [ 76.806340140951875, 12.362884336577661 ], [ 76.806250795870369, 12.363134497550243 ], [ 76.806094143733333, 12.363392109616058 ], [ 76.806094564287193, 12.363649479054914 ], [ 76.806095036920169, 12.363936247623693 ], [ 76.805980768814607, 12.364160726862865 ], [ 76.805923814329461, 12.3644365543022 ], [ 76.805861979894729, 12.364736033144668 ], [ 76.80572285333966, 12.365039842160414 ], [ 76.805539795100827, 12.365439571239415 ], [ 76.805430063622168, 12.365606882669312 ], [ 76.805290294037889, 12.365819973674757 ], [ 76.805126147196404, 12.36607025301881 ], [ 76.805059389030561, 12.366415954002614 ], [ 76.804917574171739, 12.366600021445707 ], [ 76.804597869599704, 12.366756908034489 ], [ 76.804171856069885, 12.366964569364141 ], [ 76.80410785774005, 12.367033990661845 ], [ 76.803980400029531, 12.367112301470243 ], [ 76.803795188263777, 12.367230475952065 ], [ 76.803682858820835, 12.367845858062857 ], [ 76.803389809338995, 12.369451047443595 ], [ 76.803498536326956, 12.370520547192625 ], [ 76.803341626382348, 12.37045767166183 ], [ 76.799460870105037, 12.368902572921447 ], [ 76.799456176496165, 12.368697380069545 ], [ 76.799159611073122, 12.368174724223181 ], [ 76.798666939956988, 12.367306455892216 ], [ 76.798376218952555, 12.366794095364163 ], [ 76.797490767682703, 12.365233573598003 ], [ 76.797242919890152, 12.365376375152509 ], [ 76.796867599991657, 12.365592607686651 ], [ 76.797331998795968, 12.363995991914305 ], [ 76.797375209363196, 12.363847437546136 ], [ 76.797858362376886, 12.362186307753564 ], [ 76.797910168668139, 12.36200819753925 ], [ 76.797914743049247, 12.361992477284705 ], [ 76.797913687167537, 12.361891545768326 ], [ 76.797906224889019, 12.361177421023939 ], [ 76.797903151867004, 12.360883333173957 ], [ 76.798215065259896, 12.360383196668517 ], [ 76.798354967589503, 12.360062786998762 ], [ 76.798986712127643, 12.358616021769043 ], [ 76.798986955390845, 12.358615427197948 ], [ 76.799046490923075, 12.358470225020449 ], [ 76.799053042228181, 12.358464085769892 ], [ 76.799350579374035, 12.358185511738116 ], [ 76.799501877885859, 12.357755165531273 ], [ 76.799536186653071, 12.357657577964314 ], [ 76.799559350105909, 12.357573177056379 ], [ 76.799803183762904, 12.357029568705423 ], [ 76.800085817166078, 12.356729191016091 ], [ 76.8007720805643, 12.356330217449958 ], [ 76.80123936682314, 12.356234215521688 ], [ 76.801618175556911, 12.356065486083729 ], [ 76.802014225849163, 12.355977999065381 ], [ 76.802390113368361, 12.355770053946905 ], [ 76.803287582414114, 12.355547275107156 ], [ 76.80388421132713, 12.355370785403585 ], [ 76.804496882274435, 12.354998791866647 ], [ 76.805042495561338, 12.35483891639981 ], [ 76.806255572759397, 12.354850245322552 ], [ 76.806680156442781, 12.354856200827243 ], [ 76.807819195403454, 12.354920649229257 ], [ 76.80825029358158, 12.354794081988192 ], [ 76.809254186855682, 12.354640096053735 ], [ 76.810399476701605, 12.354412998000988 ], [ 76.811463699151233, 12.354066771600159 ], [ 76.812244776048701, 12.353661358304104 ], [ 76.812857409893596, 12.35328272805044 ], [ 76.813772548362181, 12.352446440775855 ], [ 76.814223102122327, 12.351862674191663 ], [ 76.814761096484816, 12.351179377171391 ], [ 76.815218323157325, 12.350562465973308 ], [ 76.815904957228057, 12.350110826245606 ], [ 76.816470513684195, 12.349798509810954 ], [ 76.816874471443214, 12.3495659665312 ], [ 76.816799287982022, 12.349373348847148 ], [ 76.816455245091674, 12.348567504039776 ], [ 76.816317001626913, 12.348329116389957 ], [ 76.81623006399515, 12.348179199318517 ], [ 76.816226521737704, 12.348173091778269 ], [ 76.815603602669611, 12.347098918514218 ], [ 76.815626690539801, 12.346108777286815 ], [ 76.814567896391679, 12.345672712102532 ], [ 76.814419126833513, 12.345611440273569 ], [ 76.808291946823658, 12.343174401881916 ], [ 76.807257420539287, 12.342818660184417 ], [ 76.806722986478391, 12.338731094509336 ], [ 76.80591471968232, 12.333038066687537 ], [ 76.805427031018027, 12.329938295367135 ], [ 76.805414216847012, 12.329856845102233 ], [ 76.80560614416072, 12.329833169727607 ], [ 76.806381767571253, 12.329778888716568 ], [ 76.80644858581033, 12.329774212373209 ], [ 76.808404540747802, 12.329637317221154 ], [ 76.808873675880804, 12.329612910070651 ], [ 76.809087962793498, 12.329601761313141 ], [ 76.809474247619889, 12.329581662786051 ], [ 76.81063480971585, 12.32952127760716 ], [ 76.810726462757216, 12.329516508619266 ], [ 76.810812778679505, 12.329448885907624 ], [ 76.811027484253898, 12.329280678669221 ], [ 76.811175511723889, 12.329164710367637 ], [ 76.811786599649963, 12.328685963305203 ], [ 76.812254607312852, 12.328356717573538 ], [ 76.81225697842001, 12.328350720695044 ], [ 76.812561692984133, 12.327580324482861 ], [ 76.812858186683812, 12.326830703822951 ], [ 76.813140638587683, 12.326116582213784 ], [ 76.813172027310529, 12.326030108753384 ], [ 76.813295983295916, 12.325688622107164 ], [ 76.813409242026964, 12.325117248165528 ], [ 76.813456805855665, 12.324632466281898 ], [ 76.813523199011058, 12.323955759184432 ], [ 76.81356150320083, 12.32325505931955 ], [ 76.813568046324619, 12.323135406866085 ], [ 76.814303875211877, 12.323338887001364 ], [ 76.814452444464777, 12.323361207404295 ], [ 76.814468209017321, 12.322901883881325 ], [ 76.814351620808154, 12.322412126236717 ], [ 76.814224277818639, 12.321501745468833 ], [ 76.814127508066122, 12.32081895479849 ], [ 76.81419082354536, 12.320532978433075 ], [ 76.814322795665746, 12.320199790509839 ], [ 76.814479747483034, 12.319991496022013 ], [ 76.814978869306046, 12.319532856273128 ], [ 76.815171584957966, 12.319172512402119 ], [ 76.815223726939038, 12.319075017901641 ], [ 76.815495311171077, 12.318343019812396 ], [ 76.815553764650048, 12.318271174935449 ], [ 76.81565470035666, 12.318154833171384 ], [ 76.815849898928946, 12.317929844570024 ], [ 76.81621028545463, 12.31778806413412 ], [ 76.81620603867465, 12.31754264948532 ], [ 76.816467123208255, 12.317447499926811 ], [ 76.816469200189218, 12.317360034484647 ], [ 76.816434293459466, 12.31706321100358 ], [ 76.816078843765609, 12.316768276320467 ], [ 76.815882287681021, 12.316408826953166 ], [ 76.815311018661006, 12.316320179336556 ], [ 76.814873149481357, 12.316162356796429 ], [ 76.814072320441298, 12.315886231215917 ], [ 76.813587744660126, 12.315343483821174 ], [ 76.813144068264535, 12.315151697267314 ], [ 76.812717861450949, 12.315084437790626 ], [ 76.81233789301875, 12.315119017378723 ], [ 76.811853995634323, 12.314983919872931 ], [ 76.811571392456969, 12.314706944537807 ], [ 76.811220369977107, 12.314476895011643 ], [ 76.811037169979485, 12.3146987521023 ], [ 76.810928972251844, 12.314872944238621 ], [ 76.810860658325126, 12.315053978400535 ], [ 76.810558148965114, 12.315029051282078 ], [ 76.810503125205031, 12.315046982541602 ], [ 76.810409438307289, 12.315077512910628 ], [ 76.810330936119257, 12.315103090434611 ], [ 76.809395200682289, 12.313427635793708 ], [ 76.808330696674901, 12.311616418552264 ], [ 76.807980293997502, 12.310643128193812 ], [ 76.807836128708288, 12.310278927496565 ], [ 76.806390867596903, 12.310094571847999 ], [ 76.805297476307402, 12.309854786149693 ], [ 76.805290716047509, 12.309328825246313 ], [ 76.805290670871273, 12.309320734667036 ], [ 76.804432931195507, 12.309179537250776 ], [ 76.804122237981133, 12.309331937767583 ], [ 76.803955647830449, 12.309315066202759 ], [ 76.803639741418493, 12.309208478450117 ], [ 76.802418330130038, 12.309107076863112 ], [ 76.802387159926653, 12.309077191347855 ], [ 76.802279229080739, 12.308973685286329 ], [ 76.802152523188511, 12.308991850760979 ], [ 76.801991422270575, 12.308977694149934 ], [ 76.801877508102081, 12.308961522400203 ], [ 76.80163593728382, 12.308927227434875 ], [ 76.801201000376523, 12.308899131495483 ], [ 76.800915546338231, 12.308880688666861 ], [ 76.800743664704171, 12.308569609234047 ], [ 76.800544259824491, 12.308504278910464 ], [ 76.799818495896332, 12.308519011484846 ], [ 76.799006930451171, 12.308391060727875 ], [ 76.798477928856371, 12.308152449501561 ], [ 76.79814476284588, 12.308028228338728 ], [ 76.797654066327894, 12.308084959399146 ], [ 76.797129391192314, 12.307976062494946 ], [ 76.797064562495379, 12.307962608380157 ], [ 76.796972923745486, 12.307950672864644 ], [ 76.796858455034254, 12.307921962599721 ], [ 76.796517509248361, 12.307889546548472 ], [ 76.796241967312582, 12.307918002543959 ], [ 76.795871273275608, 12.307876527872047 ], [ 76.795353464670825, 12.307947401160092 ], [ 76.794697907162771, 12.308051209290442 ], [ 76.794260679899395, 12.308000473119773 ], [ 76.793828338316288, 12.308038515411083 ], [ 76.79334849998807, 12.308090643486791 ], [ 76.793082344638904, 12.308044337172477 ], [ 76.792768812051349, 12.308096210840302 ], [ 76.792274694897799, 12.308124995883212 ], [ 76.792003387955376, 12.308202559378264 ], [ 76.791085103081812, 12.307894273636995 ], [ 76.789466514733348, 12.305353178214212 ], [ 76.787861893711678, 12.303044883916177 ], [ 76.78782223898034, 12.302986148286433 ], [ 76.787774629889626, 12.302927802733929 ], [ 76.787488773726693, 12.302577481019087 ], [ 76.787558708163914, 12.302337822211797 ], [ 76.787572887385778, 12.302293349021491 ], [ 76.787622096929326, 12.30213899812825 ], [ 76.787632565711249, 12.302106163617642 ], [ 76.787665663391934, 12.30200234936513 ], [ 76.787467713824512, 12.301953251272279 ], [ 76.787468070116105, 12.301916626777693 ], [ 76.787475315734227, 12.301172059765808 ], [ 76.787475410573165, 12.301156448512161 ], [ 76.787477415833877, 12.300826683135703 ], [ 76.78748168408103, 12.300124622320109 ], [ 76.787482347390522, 12.300015523420445 ], [ 76.787482542632929, 12.299710334684173 ], [ 76.787503461815305, 12.299605382504341 ], [ 76.787613047815611, 12.299156448349141 ], [ 76.78768758389387, 12.298846984400413 ], [ 76.788346351527323, 12.296419815730873 ], [ 76.788350573155554, 12.296404263366977 ], [ 76.788753482810947, 12.296128400953693 ], [ 76.790573186134125, 12.294882486907875 ], [ 76.794275939664644, 12.292345153385549 ], [ 76.794276690142283, 12.292308077154837 ], [ 76.794277111762455, 12.292287297029288 ], [ 76.7942344141116, 12.292136791589439 ], [ 76.794375713557983, 12.292119941544543 ], [ 76.795278091217938, 12.292012333221003 ], [ 76.795402401206601, 12.292032256865143 ], [ 76.795500215843674, 12.292011528191907 ], [ 76.795561587932184, 12.292054778093572 ], [ 76.79593292751035, 12.29205520072834 ], [ 76.796328625556626, 12.291814850379374 ], [ 76.7964502932861, 12.291949513694595 ], [ 76.796530230665383, 12.291895701338088 ], [ 76.796566299260206, 12.291910164825449 ], [ 76.796876120521105, 12.291886217535422 ], [ 76.797368641762731, 12.291848149193564 ], [ 76.79748512545828, 12.291823677927445 ], [ 76.797661012547906, 12.291786727387366 ], [ 76.797755642886898, 12.291766840520262 ], [ 76.797920098915668, 12.291740209874314 ], [ 76.798915679087656, 12.291578996435277 ], [ 76.798972242583346, 12.291569709243671 ], [ 76.800261686259518, 12.291351730187715 ], [ 76.800355757372245, 12.291381706780475 ], [ 76.800440248013416, 12.291408629697438 ], [ 76.800463266045767, 12.291415964416837 ], [ 76.801431490893265, 12.291729213970624 ], [ 76.801752134961532, 12.291907140721284 ], [ 76.801781546660706, 12.291923462373097 ], [ 76.801847079866391, 12.291959827165838 ], [ 76.803889285728843, 12.293032396915709 ], [ 76.804458514586315, 12.293319700673118 ], [ 76.804828818857359, 12.293480387171869 ], [ 76.806288274862496, 12.293691298940393 ], [ 76.806584700160371, 12.293855238425062 ], [ 76.807375274529107, 12.294203959288945 ], [ 76.808191302106479, 12.294560654431098 ], [ 76.808982454788975, 12.29493949255172 ], [ 76.809980164136988, 12.294384407362967 ], [ 76.810355441533929, 12.294175618174302 ], [ 76.810839238355015, 12.293904442099999 ], [ 76.811036626609919, 12.293901306757807 ], [ 76.81116338943815, 12.293876957804127 ], [ 76.811283940911892, 12.293879420903032 ], [ 76.811524073346291, 12.293856052981564 ], [ 76.811922454587318, 12.293817286299753 ], [ 76.812068421003033, 12.293772232333401 ], [ 76.812063328789932, 12.293745154322819 ], [ 76.812041676219252, 12.293634619038261 ], [ 76.812395167223059, 12.293545355012355 ], [ 76.812726108803162, 12.29356861348403 ], [ 76.813174144526116, 12.293322239743862 ], [ 76.813424683291075, 12.293260121366751 ], [ 76.81386424413499, 12.293209147487117 ], [ 76.814030839592917, 12.293202053551862 ], [ 76.814040454718139, 12.293277826489609 ], [ 76.814084782445278, 12.293687858236476 ], [ 76.814458485205051, 12.293940766197498 ], [ 76.814646284535129, 12.29392632887077 ], [ 76.814817926295134, 12.293808362373463 ], [ 76.814968408330401, 12.293704938988601 ], [ 76.815077990612338, 12.293636662248966 ], [ 76.815082346949239, 12.29346616153838 ], [ 76.81590413034175, 12.293046956576344 ], [ 76.816719933320655, 12.292653182553268 ], [ 76.817444941928642, 12.292562233215492 ], [ 76.818073518097506, 12.292520175023487 ], [ 76.819061338368741, 12.292044034034063 ], [ 76.820057757846243, 12.292029589252047 ], [ 76.820869318966132, 12.292220649386556 ], [ 76.821393800513789, 12.292324962827163 ], [ 76.821754130511877, 12.292537277244678 ], [ 76.821829766298151, 12.292622522153927 ], [ 76.821910938261894, 12.292714011374652 ], [ 76.822122697878498, 12.292799221870501 ], [ 76.822074032639307, 12.292684558946736 ], [ 76.822066054138389, 12.292665760326084 ], [ 76.822672836618068, 12.292684090788095 ], [ 76.823925375853975, 12.292644587296786 ], [ 76.82486060706573, 12.292651372974317 ], [ 76.825325887476509, 12.29252576706425 ], [ 76.825973154489063, 12.292412345233581 ], [ 76.826637028878054, 12.292111633475722 ], [ 76.82766444518569, 12.291585605077463 ], [ 76.827731314238164, 12.291094456291223 ], [ 76.827845200122411, 12.290877877081952 ], [ 76.828084432552259, 12.290601947450826 ] ], [ [ 76.904843849498192, 12.356441090477805 ], [ 76.904860392749498, 12.356637290954204 ], [ 76.90487314601323, 12.356788615164602 ], [ 76.9048084965562, 12.356798973807672 ], [ 76.904349412774934, 12.356872548279279 ], [ 76.904284018475451, 12.35690588809968 ], [ 76.903958203652181, 12.357072002247623 ], [ 76.903528382680022, 12.357235641871034 ], [ 76.903471057967877, 12.357257468682988 ], [ 76.902909040195127, 12.35734425013613 ], [ 76.902758981129708, 12.357317309232231 ], [ 76.902313632623802, 12.357237372383519 ], [ 76.902274065641862, 12.357122238662532 ], [ 76.902215613629593, 12.357124097801227 ], [ 76.901371055889726, 12.357150991858326 ], [ 76.900925399889246, 12.357084941691632 ], [ 76.900732440122979, 12.357030174665471 ], [ 76.900539496188372, 12.35705230511182 ], [ 76.900382148629916, 12.357018385302329 ], [ 76.900308223123162, 12.357027471755311 ], [ 76.900258932755719, 12.357033536356186 ], [ 76.900103720766467, 12.356962670631093 ], [ 76.899100472527053, 12.356871816467066 ], [ 76.899091970252172, 12.356891332292811 ], [ 76.899041145975531, 12.357008045398308 ], [ 76.898698857009336, 12.356772968691764 ], [ 76.89829956105487, 12.356771062232148 ], [ 76.898246384783718, 12.356770808456398 ], [ 76.898202060372995, 12.356714994043527 ], [ 76.898082202005938, 12.356564083129751 ], [ 76.89801798241453, 12.356613958540002 ], [ 76.897903397952362, 12.356702957111384 ], [ 76.898118441149663, 12.356865849484237 ], [ 76.898118494582093, 12.356866501699743 ], [ 76.898153965447577, 12.357261835711402 ], [ 76.898153827501119, 12.357262467568599 ], [ 76.897974356939727, 12.358097258257404 ], [ 76.897993472669086, 12.358281635653892 ], [ 76.898034591457531, 12.358678340285833 ], [ 76.898142578447164, 12.358758730525958 ], [ 76.898317513931858, 12.358888961832053 ], [ 76.898339981989679, 12.35903815285562 ], [ 76.898356186885138, 12.359145768356333 ], [ 76.898378746308993, 12.359179697433399 ], [ 76.898650046471801, 12.359587740485582 ], [ 76.898659530703512, 12.359865778841002 ], [ 76.898678508309033, 12.360422585783331 ], [ 76.898688441382731, 12.360713867970722 ], [ 76.89864454328783, 12.361149017267779 ], [ 76.898709282391479, 12.361234801176163 ], [ 76.898718194241468, 12.361250226657958 ], [ 76.89874363575457, 12.361294275977002 ], [ 76.898743574823897, 12.361479419674662 ], [ 76.898743429236703, 12.361481412800082 ], [ 76.898732402175526, 12.361635801405955 ], [ 76.898712234549748, 12.361918072385182 ], [ 76.898726058817957, 12.362700273011731 ], [ 76.898624408560664, 12.362713019897791 ], [ 76.898624875858474, 12.362726043081764 ], [ 76.898637333243116, 12.363074776897388 ], [ 76.898632588609999, 12.363554801741699 ], [ 76.89854285315478, 12.36356469245815 ], [ 76.898600520375155, 12.364034857253687 ], [ 76.898612508551722, 12.364167670981285 ], [ 76.898613103256793, 12.364174271343021 ], [ 76.898632574865317, 12.364390025352494 ], [ 76.898659408104024, 12.364779435573771 ], [ 76.898663069368084, 12.36483255432927 ], [ 76.898668513040562, 12.364911474007075 ], [ 76.898641612182914, 12.365259492694584 ], [ 76.898653682474674, 12.365747804221101 ], [ 76.898682943169646, 12.366932097758228 ], [ 76.898697040287814, 12.367200405314639 ], [ 76.898698322138117, 12.367224744566412 ], [ 76.898777795720051, 12.367536456506068 ], [ 76.898832723858533, 12.367755142673373 ], [ 76.898823273763171, 12.367783617884216 ], [ 76.899021702374895, 12.369635537904426 ], [ 76.89903554736614, 12.369768295149138 ], [ 76.899048011321909, 12.369887807825132 ], [ 76.898634492670396, 12.369830356863355 ], [ 76.898608074096515, 12.37016247504574 ], [ 76.898864408649402, 12.370191477214126 ], [ 76.89887259094985, 12.370192407099417 ], [ 76.898948641339089, 12.37020101050328 ], [ 76.899069661065283, 12.37021469772507 ], [ 76.89907305294021, 12.370241686809488 ], [ 76.899104004604467, 12.370488273344364 ], [ 76.899263348904128, 12.371757501701644 ], [ 76.899309007247126, 12.372220179716015 ], [ 76.899309223659571, 12.372222389950048 ], [ 76.899272424941913, 12.372256858087146 ], [ 76.899199017371842, 12.372325607732718 ], [ 76.89919870562747, 12.37295912185415 ], [ 76.899173277917996, 12.373351356916654 ], [ 76.899166681534638, 12.373605219558847 ], [ 76.899160648710804, 12.37383782760779 ], [ 76.899134554622947, 12.373840079718059 ], [ 76.898995657367124, 12.373852089639751 ], [ 76.89893930677168, 12.373856963654115 ], [ 76.898947292930941, 12.374102600568396 ], [ 76.898956925456446, 12.374226438053997 ], [ 76.898966270139837, 12.374346576240244 ], [ 76.898968289425454, 12.374372552634133 ], [ 76.899059370801425, 12.374352857643924 ], [ 76.899464007591476, 12.374265333826823 ], [ 76.900028313091681, 12.374360658898782 ], [ 76.900156669048826, 12.374382338437595 ], [ 76.900286717059856, 12.374423758127497 ], [ 76.900363635788011, 12.374448260101301 ], [ 76.900934120373208, 12.374541163751147 ], [ 76.900922217658689, 12.374688251536684 ], [ 76.901296134115753, 12.374769549274145 ], [ 76.901346109729246, 12.375309115389641 ], [ 76.901477787945396, 12.375322001747962 ], [ 76.901632558845733, 12.375337150655843 ], [ 76.901715177331241, 12.375345232591703 ], [ 76.901730171004658, 12.375716401240199 ], [ 76.901730712458402, 12.375729850485696 ], [ 76.901731093169616, 12.375729858668681 ], [ 76.902960248478536, 12.375748790484412 ], [ 76.903708311253652, 12.375755950195515 ], [ 76.903757806754015, 12.375756424280009 ], [ 76.904517099418825, 12.375816473673337 ], [ 76.904962383068721, 12.375910747901205 ], [ 76.905348758881971, 12.375923394768359 ], [ 76.905416669818877, 12.375925618588473 ], [ 76.905472549056569, 12.375926222053989 ], [ 76.905648654713559, 12.375928136617798 ], [ 76.906149437419757, 12.375933571956923 ], [ 76.906597780151955, 12.376008038332253 ], [ 76.906781230736769, 12.376038512207785 ], [ 76.906875535424533, 12.376054175248326 ], [ 76.907241568360718, 12.376062515105826 ], [ 76.907660341148301, 12.376072048032144 ], [ 76.907666664325589, 12.376072193467953 ], [ 76.907794039941137, 12.376046486907812 ], [ 76.908244127487734, 12.375955188283957 ], [ 76.908217110992567, 12.376100571487145 ], [ 76.908265307256571, 12.376108005412746 ], [ 76.90830835157756, 12.376114641237747 ], [ 76.908351581877625, 12.376226867767958 ], [ 76.908431695982387, 12.376649807717946 ], [ 76.908529501979473, 12.377032812161136 ], [ 76.908546315449101, 12.377098670126733 ], [ 76.908539117506294, 12.377133656484867 ], [ 76.90853796897234, 12.377139205182718 ], [ 76.908513526180258, 12.37725801595983 ], [ 76.908517077156716, 12.377281307784193 ], [ 76.908748303364689, 12.378796883774051 ], [ 76.908764364429615, 12.378902141506863 ], [ 76.908793521874514, 12.378983941696198 ], [ 76.908866075274233, 12.379142823349964 ], [ 76.909305100384799, 12.379177820618818 ], [ 76.909192978804299, 12.379951454863924 ], [ 76.909176792741803, 12.380063146752557 ], [ 76.909160935124632, 12.380172590254469 ], [ 76.90930166493699, 12.380290938398035 ], [ 76.9095076607165, 12.380354996973914 ], [ 76.909500552619875, 12.380616271780703 ], [ 76.909635440285513, 12.380659732099252 ], [ 76.909641791565534, 12.380629336931401 ], [ 76.909956541231423, 12.38066526573864 ], [ 76.910038363943485, 12.380674458586505 ], [ 76.91031748162716, 12.38109686971881 ], [ 76.910401138791855, 12.381232567441961 ], [ 76.910415777416034, 12.381256303680361 ], [ 76.910529048078686, 12.38144004720801 ], [ 76.910534057973493, 12.381503320640284 ], [ 76.910424550459425, 12.381536286769716 ], [ 76.910417389661092, 12.381791562043761 ], [ 76.910387246820378, 12.382866336384396 ], [ 76.91053518190617, 12.383814802985528 ], [ 76.910672608600919, 12.383986418391729 ], [ 76.910708125243943, 12.384030778313351 ], [ 76.910718290813023, 12.384028359508994 ], [ 76.910718662555979, 12.384028271028344 ], [ 76.910900232531731, 12.383985018987785 ], [ 76.912905906731424, 12.383507231180349 ], [ 76.913173595594657, 12.383371161192306 ], [ 76.913905622730965, 12.38320821806388 ], [ 76.914552141197234, 12.383209610277385 ], [ 76.916695539160202, 12.382478828354321 ], [ 76.917767947357234, 12.382230582864738 ], [ 76.918819486406122, 12.382405165400183 ], [ 76.919483609585399, 12.382266410951578 ], [ 76.92028746056522, 12.382309924778156 ], [ 76.920922597521454, 12.382212578284467 ], [ 76.921107212523978, 12.382184276875304 ], [ 76.921221073494948, 12.382216607812914 ], [ 76.921351393981595, 12.382253614514925 ], [ 76.921420526684699, 12.382269341596277 ], [ 76.921789001368381, 12.382353145373738 ], [ 76.922111814139669, 12.382426562847902 ], [ 76.92261798381773, 12.382512071215968 ], [ 76.92278610594893, 12.38254047439756 ], [ 76.922793555098067, 12.382420275853086 ], [ 76.922788266654891, 12.382339963884867 ], [ 76.922717108724996, 12.381260271145266 ], [ 76.922285865357324, 12.381006955532435 ], [ 76.922168609357911, 12.380938079285754 ], [ 76.92215971583181, 12.380932856488929 ], [ 76.922061212853862, 12.3808749946995 ], [ 76.922362809077057, 12.380344406355292 ], [ 76.922401912887011, 12.380275618916615 ], [ 76.922416067094261, 12.380218362119134 ], [ 76.922493922739292, 12.379903480861167 ], [ 76.922556965652646, 12.379648478602876 ], [ 76.92257900317172, 12.379394662146504 ], [ 76.92260926353336, 12.37904617266053 ], [ 76.922613356142662, 12.378881532110901 ], [ 76.922548741498375, 12.378303705099166 ], [ 76.922598057445796, 12.37754696787831 ], [ 76.922603478542058, 12.37752348460438 ], [ 76.922620776301855, 12.377448526299338 ], [ 76.92275014847948, 12.37744574019243 ], [ 76.922856343249393, 12.377443452413782 ], [ 76.922849596935961, 12.377337776984794 ], [ 76.922843487239589, 12.377247974956754 ], [ 76.922821942318762, 12.37693163758801 ], [ 76.922802391672192, 12.376644427077311 ], [ 76.92274414693442, 12.376516187080759 ], [ 76.922610827245407, 12.376222641726805 ], [ 76.922569050149008, 12.375520044810649 ], [ 76.922557648312562, 12.375410380135856 ], [ 76.922508513403216, 12.37493781768149 ], [ 76.922504032130291, 12.374895860173059 ], [ 76.922498820717976, 12.374846977115032 ], [ 76.922375734408249, 12.374434378234302 ], [ 76.922344011120799, 12.374267368810109 ], [ 76.92239323201504, 12.374055996469449 ], [ 76.922421807071544, 12.373933225281689 ], [ 76.921369281862127, 12.373948613946943 ], [ 76.921328796613736, 12.373950019018196 ], [ 76.921192407619444, 12.373371311610864 ], [ 76.921163069144669, 12.373360702548593 ], [ 76.920879470323072, 12.373258176072751 ], [ 76.920886791737274, 12.373225096777945 ], [ 76.920856252002835, 12.372914200243237 ], [ 76.920705737602248, 12.372700991468093 ], [ 76.920644924613498, 12.372340586113619 ], [ 76.920529518572721, 12.371656667165988 ], [ 76.920524894032042, 12.371629264366947 ], [ 76.920270385908694, 12.371619064945053 ], [ 76.918398951072305, 12.368958532621022 ], [ 76.918291989609784, 12.368869446042675 ], [ 76.918139248901767, 12.368742222491614 ], [ 76.918036076534776, 12.368656287005882 ], [ 76.917956502893162, 12.368590009235939 ], [ 76.917899964558032, 12.368542915043264 ], [ 76.917875771216032, 12.368473505349769 ], [ 76.917920172463596, 12.368461142117418 ], [ 76.917944017742997, 12.368454495168146 ], [ 76.917960960368347, 12.368449782325046 ], [ 76.917907460155263, 12.368249628397308 ], [ 76.917872456316331, 12.368257711605871 ], [ 76.917847605051563, 12.368263454557653 ], [ 76.917745838972706, 12.367711118925467 ], [ 76.917707017042702, 12.367500430972422 ], [ 76.917691283613522, 12.367415043864884 ], [ 76.917691198256165, 12.367414560002219 ], [ 76.917946870699737, 12.366909398922349 ], [ 76.917991495555228, 12.366821231733992 ], [ 76.917999238378286, 12.366331563525753 ], [ 76.918007899773784, 12.365460514114837 ], [ 76.91801079986918, 12.365168904844099 ], [ 76.918011805494132, 12.365068046001541 ], [ 76.918045442087887, 12.364987283830203 ], [ 76.918058254748047, 12.364956510453871 ], [ 76.917890559696687, 12.364929096595299 ], [ 76.917795226233338, 12.364899654994023 ], [ 76.918140532459731, 12.364659238424064 ], [ 76.918178198782712, 12.364260121286717 ], [ 76.91818752535454, 12.364110412976499 ], [ 76.918729243043757, 12.36397756132064 ], [ 76.918952897555627, 12.363689230023512 ], [ 76.918992093778641, 12.363578921459085 ], [ 76.91903863846828, 12.363447916202047 ], [ 76.919121882107873, 12.363024040254214 ], [ 76.91913057284016, 12.362979775217136 ], [ 76.919152208915875, 12.362963135471619 ], [ 76.919398493472798, 12.362773739880334 ], [ 76.919400927326379, 12.362394717199136 ], [ 76.919401186567953, 12.362353519649082 ], [ 76.919416190414353, 12.362343603419497 ], [ 76.919729685384638, 12.36213642842333 ], [ 76.919789355965094, 12.362039214075654 ], [ 76.919924319435751, 12.361819361894423 ], [ 76.920024781845726, 12.361600419235005 ], [ 76.920066786220119, 12.361508884563445 ], [ 76.920092339085599, 12.360858557198171 ], [ 76.920081857760209, 12.360610023374111 ], [ 76.920073232536154, 12.360405545501854 ], [ 76.920057919240662, 12.36036902046294 ], [ 76.919951119694616, 12.360114337510906 ], [ 76.919914665371167, 12.359943939485696 ], [ 76.919866964889778, 12.35995199756624 ], [ 76.919862822605666, 12.359952691116215 ], [ 76.919661225728817, 12.359986757485769 ], [ 76.919288145087421, 12.359437164481843 ], [ 76.919217488923323, 12.359356176901708 ], [ 76.918631924649318, 12.35945680043613 ], [ 76.918294266368292, 12.359514824260847 ], [ 76.918189736242397, 12.359512455330234 ], [ 76.918020476639825, 12.359519514145743 ], [ 76.91796221239936, 12.359388611316131 ], [ 76.917598914297031, 12.35938952249 ], [ 76.916929772899124, 12.359466782801334 ], [ 76.916876204385531, 12.359398952660548 ], [ 76.91679262711709, 12.359293132514589 ], [ 76.916702657389578, 12.359288504769964 ], [ 76.916644606821365, 12.359285514165768 ], [ 76.91635866975237, 12.359124817769436 ], [ 76.916065547484848, 12.358917973875831 ], [ 76.91549433048057, 12.358802132560154 ], [ 76.915471087412683, 12.358793021690367 ], [ 76.915232524322931, 12.35869948578889 ], [ 76.914684724080686, 12.358685010461603 ], [ 76.914448709775812, 12.358678770861282 ], [ 76.914242377371536, 12.35865757051808 ], [ 76.91408967917495, 12.358610989553721 ], [ 76.91387692261236, 12.358546503339893 ], [ 76.913505466525464, 12.35852912252078 ], [ 76.913308056313966, 12.358523653571035 ], [ 76.912953998605929, 12.358513860474345 ], [ 76.912390204011686, 12.358373077937493 ], [ 76.912172662356895, 12.358368531413037 ], [ 76.911754301440453, 12.358359787685611 ], [ 76.911357866181646, 12.358318810630179 ], [ 76.911334303966186, 12.35831637116827 ], [ 76.911248755165488, 12.358310906987233 ], [ 76.911231123922335, 12.357980941958825 ], [ 76.911189697825947, 12.357117812426017 ], [ 76.9111755205452, 12.357026745497842 ], [ 76.911124285059856, 12.356697726749594 ], [ 76.91070435568669, 12.356642811346946 ], [ 76.909508090991707, 12.35651421810657 ], [ 76.908880934480123, 12.356464810627765 ], [ 76.908334804318045, 12.356321929895822 ], [ 76.908158707131093, 12.356336703088306 ], [ 76.90815249031445, 12.356335944940954 ], [ 76.907591507078664, 12.356267497218312 ], [ 76.907331137285141, 12.356172872681212 ], [ 76.907312938055085, 12.356166257407407 ], [ 76.906950741899877, 12.356096254664303 ], [ 76.906515795096453, 12.356131642706485 ], [ 76.906164198968, 12.356131626278751 ], [ 76.905652465386083, 12.356131606859227 ], [ 76.904843849498192, 12.356441090477805 ] ] ], [ [ [ 76.958223920176479, 12.354835607599799 ], [ 76.958292270272196, 12.354366292672385 ], [ 76.958240778990856, 12.354321002289348 ], [ 76.958304034578362, 12.354059693154296 ], [ 76.958317466676377, 12.353986367136045 ], [ 76.958316367037398, 12.353867745220759 ], [ 76.958314709779245, 12.353687773355771 ], [ 76.958311458373458, 12.353335561452027 ], [ 76.95787183034642, 12.353507083326814 ], [ 76.95773069363247, 12.353328122381779 ], [ 76.957705907953283, 12.353310917162567 ], [ 76.957556598395158, 12.35320721646206 ], [ 76.957402509413882, 12.353210089332755 ], [ 76.957363237797423, 12.353210824447331 ], [ 76.957283137778518, 12.353177882463743 ], [ 76.957215907520833, 12.353150238411756 ], [ 76.956489421688346, 12.352851447521008 ], [ 76.95652017444587, 12.352850561346298 ], [ 76.956542408155059, 12.352598559253801 ], [ 76.956549981276339, 12.352559793655212 ], [ 76.956593902806645, 12.352335080642732 ], [ 76.956599754538971, 12.351569901088432 ], [ 76.956662153987594, 12.351085861193109 ], [ 76.956621719546007, 12.350694485375994 ], [ 76.956615914580993, 12.350638291460601 ], [ 76.95667571299235, 12.350328619742113 ], [ 76.956720742620902, 12.350095437999459 ], [ 76.956844986915101, 12.349485952731493 ], [ 76.956885242001192, 12.349075364701235 ], [ 76.956975118305579, 12.348053329321589 ], [ 76.956978473393477, 12.348015171579213 ], [ 76.956919528561059, 12.34780791306026 ], [ 76.956789391567867, 12.347394571219196 ], [ 76.956671260686349, 12.347373574055517 ], [ 76.956658824478538, 12.346685231305282 ], [ 76.956672540514475, 12.346481794606698 ], [ 76.956812276472988, 12.346159419364113 ], [ 76.95707603416885, 12.345553213574243 ], [ 76.957132319539795, 12.345445000907551 ], [ 76.957199440781636, 12.345372654954884 ], [ 76.957250667497476, 12.345317443258001 ], [ 76.957441134939643, 12.344628844299898 ], [ 76.95745767561553, 12.344569029081374 ], [ 76.957584281828815, 12.344568702508781 ], [ 76.957709819835173, 12.344568381744413 ], [ 76.957772643929317, 12.344005037421212 ], [ 76.957790321947883, 12.343791889542782 ], [ 76.957858154772453, 12.343765013863919 ], [ 76.957916227532891, 12.343742007108148 ], [ 76.95814032554344, 12.34274176419304 ], [ 76.958269342653168, 12.342182036834217 ], [ 76.958434465399236, 12.341465684177367 ], [ 76.958452178266995, 12.341388857614504 ], [ 76.958507816033588, 12.340773355960001 ], [ 76.958577220367758, 12.340729954991208 ], [ 76.958882396721464, 12.340539114753225 ], [ 76.958916830685055, 12.340517577493177 ], [ 76.958970720196959, 12.34050166595078 ], [ 76.959232975238208, 12.340465772438975 ], [ 76.959400863544801, 12.34030492251286 ], [ 76.959431747977405, 12.340275344006686 ], [ 76.959421131556596, 12.340239320340768 ], [ 76.959353534449434, 12.340010084505481 ], [ 76.959344697572945, 12.339935705645352 ], [ 76.95928057235372, 12.339395845356179 ], [ 76.95927426166601, 12.339340492990258 ], [ 76.959271749004031, 12.339318454816409 ], [ 76.959401035758631, 12.339320323788895 ], [ 76.959560507099084, 12.339322633704395 ], [ 76.959576002517835, 12.339322855826673 ], [ 76.959614167499524, 12.339287697138483 ], [ 76.960174234679471, 12.338771745040047 ], [ 76.960178059405578, 12.338768225129167 ], [ 76.960185332671145, 12.338761529660987 ], [ 76.960196612884971, 12.338350191214596 ], [ 76.960191321488566, 12.338320782399675 ], [ 76.960187317085996, 12.338298539856588 ], [ 76.960173740077821, 12.33822302466098 ], [ 76.960154645259422, 12.338075670048521 ], [ 76.960308514766837, 12.337373702133208 ], [ 76.960403251147014, 12.336941568371197 ], [ 76.960470017042667, 12.336420922767635 ], [ 76.96051367831835, 12.335734264658909 ], [ 76.960692901329239, 12.335051367904633 ], [ 76.960723753250704, 12.334840784487941 ], [ 76.960729193039697, 12.334516671732924 ], [ 76.96039886954901, 12.334205405002814 ], [ 76.960117119406007, 12.333437175004844 ], [ 76.960114879973744, 12.333399701019394 ], [ 76.960103689471964, 12.333212481981368 ], [ 76.960095713280225, 12.333079115504773 ], [ 76.9600874375339, 12.332940694233741 ], [ 76.959999865287045, 12.332251971147743 ], [ 76.959946462316012, 12.332127701891199 ], [ 76.959835229183852, 12.331868875168393 ], [ 76.959810107398653, 12.331556093541471 ], [ 76.959794574472937, 12.331362648390852 ], [ 76.959790180867216, 12.331307923039144 ], [ 76.959802818414488, 12.331032788592864 ], [ 76.959721091069341, 12.330580927759643 ], [ 76.959753437887059, 12.330343168005896 ], [ 76.9597589334156, 12.330302745257162 ], [ 76.959763040927456, 12.330272598217817 ], [ 76.959772553909147, 12.330058177699906 ], [ 76.959772585337831, 12.330057458926738 ], [ 76.959840906729568, 12.328518929588112 ], [ 76.959181903384902, 12.327948426199226 ], [ 76.959033466276239, 12.327882500849668 ], [ 76.958295400494862, 12.327554679744493 ], [ 76.958373101499916, 12.32685976598709 ], [ 76.958330242242809, 12.326758836958915 ], [ 76.967815797664926, 12.327307201864281 ], [ 76.96949691376922, 12.327408363095815 ], [ 76.969771376331266, 12.327427740084993 ], [ 76.970152423488344, 12.32745176922549 ], [ 76.972658876720132, 12.327590676731667 ], [ 76.972834607036106, 12.327608986593534 ], [ 76.973369188104456, 12.327664688122509 ], [ 76.97379091186906, 12.327708627415838 ], [ 76.97433680856777, 12.327699066607158 ], [ 76.974464986925753, 12.327696822135353 ], [ 76.975195555089314, 12.327769510688732 ], [ 76.975950285436468, 12.327944371404261 ], [ 76.976208859314383, 12.328344115047081 ], [ 76.976640288205729, 12.328340305344431 ], [ 76.976815206333683, 12.328730340767684 ], [ 76.976825177726823, 12.328752580331884 ], [ 76.976825540973749, 12.328753458025052 ], [ 76.976870409573806, 12.328862251657462 ], [ 76.976902471051403, 12.328939993188291 ], [ 76.977185526308219, 12.32962629284442 ], [ 76.977197432827538, 12.329655156949714 ], [ 76.977233857320059, 12.329775077199271 ], [ 76.97741894304076, 12.330384470531703 ], [ 76.977544346846898, 12.330893922088219 ], [ 76.977590280743001, 12.331580244245794 ], [ 76.97769113471611, 12.332122847788932 ], [ 76.977732475519019, 12.332744504647525 ], [ 76.977794809526245, 12.333344537953391 ], [ 76.977637152346276, 12.333402761398592 ], [ 76.977509141021827, 12.33345003597562 ], [ 76.977511189918346, 12.333510678566908 ], [ 76.977528237818788, 12.334015950818944 ], [ 76.977505743586164, 12.334235818225242 ], [ 76.977378331536073, 12.335481117330341 ], [ 76.977323092552581, 12.335960119012814 ], [ 76.977201086510235, 12.337018088499381 ], [ 76.977211676672809, 12.339052711282084 ], [ 76.977213144896524, 12.339151963103774 ], [ 76.977215053972856, 12.339281420236276 ], [ 76.977310443301604, 12.339337624936826 ], [ 76.977307315709325, 12.339849900681088 ], [ 76.977309990763786, 12.339897543525989 ], [ 76.97739959861093, 12.341492353111459 ], [ 76.977408400630907, 12.341599125737476 ], [ 76.977484543003001, 12.342522788141606 ], [ 76.977333439313924, 12.343936755315617 ], [ 76.977261871935056, 12.344606500933239 ], [ 76.977214571823225, 12.34511871295028 ], [ 76.977144959833055, 12.345872605732634 ], [ 76.977142850211706, 12.345917569999216 ], [ 76.977074067960757, 12.347384771529894 ], [ 76.977119481986747, 12.34808680321621 ], [ 76.977115869340224, 12.348118792251894 ], [ 76.977031862897832, 12.348862394621277 ], [ 76.977028978955303, 12.348918705682264 ], [ 76.976999993684913, 12.349484670718478 ], [ 76.976976653796953, 12.349747611445535 ], [ 76.976902082698672, 12.350587627593933 ], [ 76.976878845460945, 12.350849427855746 ], [ 76.976877099584868, 12.350869126707723 ], [ 76.976852039674696, 12.350884057198517 ], [ 76.976629179038326, 12.351016810513872 ], [ 76.976648525632498, 12.351196945848336 ], [ 76.976701396385124, 12.351689250782314 ], [ 76.976712639382328, 12.351792032426308 ], [ 76.976697487316002, 12.352151614709209 ], [ 76.97667741117705, 12.352627834095779 ], [ 76.976659914318788, 12.353101915287652 ], [ 76.976637824200083, 12.353421841151114 ], [ 76.976578074232279, 12.354287177891894 ], [ 76.976585053128574, 12.354486108475502 ], [ 76.976564994170715, 12.354486362552137 ], [ 76.975600543990552, 12.35449867761484 ], [ 76.974814713662866, 12.354456149431437 ], [ 76.973953776905446, 12.354492790785601 ], [ 76.972653034327024, 12.354548137632497 ], [ 76.972213515661679, 12.354493096289993 ], [ 76.971770340233689, 12.354517480885431 ], [ 76.971702217914242, 12.354320030923919 ], [ 76.971695397077099, 12.354289565348111 ], [ 76.971645361955041, 12.354066098802873 ], [ 76.971636436936805, 12.353853548326548 ], [ 76.971618331367367, 12.353422300480309 ], [ 76.971261376032118, 12.353392847827482 ], [ 76.971124985442117, 12.352744627648097 ], [ 76.971035425993378, 12.352764550005075 ], [ 76.970898799614019, 12.352794942176393 ], [ 76.970692411088351, 12.352846545821988 ], [ 76.970079969587616, 12.352935000702907 ], [ 76.96998443892511, 12.353000991506006 ], [ 76.969929551057717, 12.353021279100762 ], [ 76.969860381880522, 12.353042995911238 ], [ 76.96977498136259, 12.353069812012935 ], [ 76.969414986811842, 12.353182848176452 ], [ 76.969293889513168, 12.35323611522335 ], [ 76.968422450838318, 12.353441157844935 ], [ 76.968159841530792, 12.353502945537043 ], [ 76.966795465490904, 12.3539116036455 ], [ 76.966501824603441, 12.353929345390009 ], [ 76.966511415180804, 12.354009073331557 ], [ 76.966419365115428, 12.35404916764162 ], [ 76.966322487652519, 12.354091366553341 ], [ 76.965832531222986, 12.354144316696239 ], [ 76.965046494621689, 12.354215718867428 ], [ 76.964693319489086, 12.354247794692531 ], [ 76.964297089809975, 12.354359722198193 ], [ 76.963542401876396, 12.354495050566591 ], [ 76.963490774544923, 12.354506301373815 ], [ 76.963427406049519, 12.35452011152616 ], [ 76.963399866729006, 12.354523020701885 ], [ 76.962717273850672, 12.354595163554901 ], [ 76.962477283184469, 12.354620527710573 ], [ 76.962395253986216, 12.35464066337345 ], [ 76.961574742684547, 12.354842069125302 ], [ 76.960962576999734, 12.355093329560088 ], [ 76.960888939675513, 12.355025427245074 ], [ 76.960490306599269, 12.355032789097907 ], [ 76.960470224803487, 12.354702862611241 ], [ 76.960309307687396, 12.35471986539917 ], [ 76.9593220486082, 12.354824199623415 ], [ 76.959244206517567, 12.354753935508816 ], [ 76.959223044305361, 12.35473482803358 ], [ 76.959091081534822, 12.354615701685971 ], [ 76.958671590183656, 12.354677865608473 ], [ 76.95833375081321, 12.354796912725549 ], [ 76.958223920176479, 12.354835607599799 ] ] ], [ [ [ 76.940914144742152, 12.220710475285211 ], [ 76.940950549107086, 12.220511746771693 ], [ 76.941069069044076, 12.220508815340308 ], [ 76.941064983031083, 12.220344687161003 ], [ 76.941125312887323, 12.220021551286726 ], [ 76.941092444589927, 12.21982642715062 ], [ 76.941084588134828, 12.219546840808441 ], [ 76.940990985131094, 12.218138678319653 ], [ 76.941120610869348, 12.218135289954592 ], [ 76.941488468506975, 12.218242908731787 ], [ 76.941594417807849, 12.218271065224361 ], [ 76.941592779356128, 12.218318295647206 ], [ 76.941731715047766, 12.218956556569637 ], [ 76.941824778955635, 12.219325270031701 ], [ 76.942071180877761, 12.219947795199085 ], [ 76.942325610761188, 12.220616544811731 ], [ 76.942386980702764, 12.220691975050558 ], [ 76.942328816434568, 12.220716721875771 ], [ 76.941911366215564, 12.220750142501306 ], [ 76.941542889349222, 12.22075918079625 ], [ 76.941503000263708, 12.220874801551098 ], [ 76.941370331638595, 12.220822881768804 ], [ 76.940930791986858, 12.220969484946259 ], [ 76.940914144742152, 12.220710475285211 ] ] ], [ [ [ 76.827927120455158, 12.290631667385151 ], [ 76.827923378659619, 12.290635823198558 ], [ 76.827922281054498, 12.290635410218478 ], [ 76.827917293392204, 12.290633525466605 ], [ 76.827909541877574, 12.290630597098103 ], [ 76.827947910424584, 12.290374051217329 ], [ 76.828080311963447, 12.290370341079933 ], [ 76.828080411467894, 12.290536011429028 ], [ 76.828084432552259, 12.290601947450826 ], [ 76.827927120455158, 12.290631667385151 ] ] ] ] } }
]
}
