{
"type": "FeatureCollection",
"name": "hoblis_in_police_area.writing_20260805_172659",
"crs": { "type": "name", "properties": { "name": "urn:ogc:def:crs:OGC:1.3:CRS84" } },
"features": [
{ "type": "Feature", "properties": { "OBJECTID": 214, "KGISHobliID": 285, "KGISHobliCode": "110403", "KGISHobliName": "Guttala", "BhuCodeHobli": null, "SHAPE.STArea()": 342419435.05640519, "SHAPE.STLength()": 105064.01078672172, "KGISTalukCode": "1104", "created_user": null, "created_date": null, "last_edited_user": "SA", "last_edited_date": 1629110273000.0, "_overlap_percent": 0.01368772421956343, "_police_station": "Lakshmeshwar PS", "_police_feature_index": "659", "_admin_layer": "Hobli", "_geometry_clipped": true }, "geometry": { "type": "MultiPolygon", "coordinates": [ [ [ [ 75.667033765680415, 14.987239256420283 ], [ 75.667119403109481, 14.987202186600129 ], [ 75.667657420754423, 14.986969315619792 ], [ 75.667787343622905, 14.986913080623252 ], [ 75.667871418533963, 14.986876689543825 ], [ 75.66870918943772, 14.986517138028745 ], [ 75.668752074639102, 14.986498693933596 ], [ 75.669262477677862, 14.986251605147235 ], [ 75.669716001943286, 14.985909028152337 ], [ 75.670448441707009, 14.985343129407669 ], [ 75.670867430115777, 14.98500643153546 ], [ 75.670867533091055, 14.98500634805794 ], [ 75.671203114845767, 14.984735097492074 ], [ 75.672038028671466, 14.984048628239984 ], [ 75.67273993987736, 14.98345905084487 ], [ 75.673233716956773, 14.983048666138178 ], [ 75.673234214167366, 14.983048253318103 ], [ 75.67375620107704, 14.982615263854109 ], [ 75.674395705975968, 14.982087491972758 ], [ 75.674616603668355, 14.982036000797525 ], [ 75.674868783470984, 14.981977258393023 ], [ 75.674953338099485, 14.98195756245469 ], [ 75.675278101472273, 14.981881984297743 ], [ 75.675364100448519, 14.981862460454423 ], [ 75.675320630163299, 14.981768686905523 ], [ 75.675166157122007, 14.981804542348597 ], [ 75.674842691563697, 14.981881419266355 ], [ 75.674507252119824, 14.981961144623437 ], [ 75.674287179181533, 14.982013453243006 ], [ 75.673649534723694, 14.982543743490446 ], [ 75.673129852610558, 14.982979184074933 ], [ 75.673129357268436, 14.982979599601459 ], [ 75.672638270420748, 14.983392562692208 ], [ 75.671941136918562, 14.983986363976896 ], [ 75.671113741050945, 14.984678959326748 ], [ 75.670782245290681, 14.984953302315894 ], [ 75.670782144181089, 14.98495338759602 ], [ 75.670369550679425, 14.985294844517334 ], [ 75.669651892399841, 14.985872485044524 ], [ 75.669211427764438, 14.986226390444992 ], [ 75.66871102481872, 14.986481316997731 ], [ 75.66866889001885, 14.986500311270635 ], [ 75.667845992611291, 14.986871275436277 ], [ 75.667104401574719, 14.987205584610892 ], [ 75.667019948418016, 14.987243656286003 ], [ 75.666930100712392, 14.98728415635393 ], [ 75.667033765680415, 14.987239256420283 ] ] ], [ [ [ 75.665812806999597, 14.987473465338242 ], [ 75.665812523624297, 14.987472182796621 ], [ 75.665574747914874, 14.987543856566255 ], [ 75.665812806999597, 14.987473465338242 ] ] ], [ [ [ 75.656542409513861, 14.989416957565719 ], [ 75.656547348682366, 14.989415597172782 ], [ 75.657039896305051, 14.989279612828927 ], [ 75.657229410987398, 14.989242215475736 ], [ 75.657581387674227, 14.989172734750001 ], [ 75.657995829359123, 14.989134928107694 ], [ 75.657998665240612, 14.989134353970636 ], [ 75.658003445382505, 14.989133917063084 ], [ 75.658203296382567, 14.98909313224733 ], [ 75.65830094089084, 14.989073205632186 ], [ 75.658337011496684, 14.989065842641967 ], [ 75.658337420471085, 14.989065759189998 ], [ 75.658348107696327, 14.98906357210531 ], [ 75.658614947427225, 14.989009062161911 ], [ 75.658829539641971, 14.988965208274534 ], [ 75.659382764303103, 14.98886760218285 ], [ 75.65951541605844, 14.988850037358029 ], [ 75.660028500362316, 14.988782497767204 ], [ 75.660028609118058, 14.988782477562653 ], [ 75.660293937183269, 14.988733603327724 ], [ 75.660299443792269, 14.988732592894555 ], [ 75.660695341165265, 14.988660201954522 ], [ 75.66099157433429, 14.988590220373881 ], [ 75.661016872349578, 14.988584244316996 ], [ 75.661065354934664, 14.988572789236125 ], [ 75.661065699741314, 14.988572708677669 ], [ 75.661451078771606, 14.988481963570177 ], [ 75.661456845274529, 14.988480181182387 ], [ 75.661658794538496, 14.988430171189142 ], [ 75.662164585789014, 14.988305630064398 ], [ 75.662164887862261, 14.988305565901754 ], [ 75.662419686138207, 14.988258103052592 ], [ 75.662567974446063, 14.988230292197855 ], [ 75.662960391233554, 14.988155986350847 ], [ 75.663064430642933, 14.988136298591261 ], [ 75.663064458522285, 14.988136291277595 ], [ 75.663083634180069, 14.988131339038535 ], [ 75.663147344887875, 14.988114893043351 ], [ 75.663297607361471, 14.988076164743827 ], [ 75.6632977960315, 14.98807612170337 ], [ 75.663309904589823, 14.988073128341902 ], [ 75.663313142488136, 14.988072336896689 ], [ 75.663318495281089, 14.988070920007416 ], [ 75.663389626914153, 14.988052662286529 ], [ 75.663444729510573, 14.988038521333237 ], [ 75.663500010516287, 14.988024330123556 ], [ 75.6635707573639, 14.988006167490823 ], [ 75.663584850616289, 14.988002554472191 ], [ 75.66368810141573, 14.987971472010743 ], [ 75.66373816037212, 14.987961596616916 ], [ 75.663859294898302, 14.98793763218174 ], [ 75.66474853716899, 14.987712703898803 ], [ 75.663827197550575, 14.987908365971936 ], [ 75.663700939947361, 14.987927702904734 ], [ 75.663648792782183, 14.98793569395861 ], [ 75.663542729782108, 14.987964155551275 ], [ 75.663528164587376, 14.987967335987188 ], [ 75.663455054300059, 14.987983333004108 ], [ 75.663397926568095, 14.987995832636962 ], [ 75.663340984703126, 14.988008287415287 ], [ 75.66326747564321, 14.988024366900087 ], [ 75.663261948435363, 14.988025623371092 ], [ 75.663258598613652, 14.988026312077182 ], [ 75.66324607314813, 14.988028925131195 ], [ 75.66324587794827, 14.988028961862106 ], [ 75.663090567764911, 14.988063066928923 ], [ 75.663024691361386, 14.988077531156192 ], [ 75.663004860022397, 14.988081882282295 ], [ 75.663004831210216, 14.988081888694598 ], [ 75.66289683076333, 14.988097976183832 ], [ 75.662489631310805, 14.988158873216769 ], [ 75.66233600727459, 14.988181847376373 ], [ 75.662072349711138, 14.988221280592532 ], [ 75.662072038309631, 14.988221335741455 ], [ 75.661549305573971, 14.988330270032911 ], [ 75.66134034151608, 14.988373817188149 ], [ 75.661334362351425, 14.988375401294372 ], [ 75.660946486391438, 14.988478319529165 ], [ 75.660946138828024, 14.988478410944285 ], [ 75.6608973400986, 14.988491402029213 ], [ 75.66057370207173, 14.988577559006488 ], [ 75.660175218957932, 14.988661999453258 ], [ 75.66016967659057, 14.988663177240204 ], [ 75.659902617383906, 14.988720134219756 ], [ 75.659902507706434, 14.988720157139129 ], [ 75.659386284668031, 14.988802321648595 ], [ 75.659252826954813, 14.988823660515598 ], [ 75.658695916960909, 14.988938146014782 ], [ 75.658479798078602, 14.98898885705086 ], [ 75.658211038799351, 14.989051927611113 ], [ 75.658200274498171, 14.98905445845927 ], [ 75.658199862772236, 14.989054554575963 ], [ 75.658163530641161, 14.989063078223868 ], [ 75.657863864815468, 14.989133387942807 ], [ 75.657859055309032, 14.989133955118541 ], [ 75.65785619831469, 14.989134620626066 ], [ 75.657439253973138, 14.989183455774715 ], [ 75.65708465177687, 14.989264261025101 ], [ 75.656893712230186, 14.989307772084544 ], [ 75.656542407969113, 14.989416957794939 ], [ 75.656542409513861, 14.989416957565719 ] ] ], [ [ [ 75.618131873130054, 14.974116462464975 ], [ 75.618700582812494, 14.974155324783265 ], [ 75.618772529382113, 14.974160234051366 ], [ 75.618772526419093, 14.974160267961503 ], [ 75.61877568506867, 14.974127570160283 ], [ 75.618703602216584, 14.974124750588848 ], [ 75.618133965556396, 14.974102484253466 ], [ 75.617657449421756, 14.97408385743042 ], [ 75.618131873130054, 14.974116462464975 ] ] ], [ [ [ 75.60872576178285, 14.968086193798065 ], [ 75.608725761788861, 14.968086194068972 ], [ 75.608725766474834, 14.968086178932161 ], [ 75.60872576178285, 14.968086193798065 ] ] ], [ [ [ 75.60881479639815, 14.96777976034371 ], [ 75.608776848509535, 14.967915511691714 ], [ 75.608760537236961, 14.967973861115054 ], [ 75.60882722937464, 14.967758429676085 ], [ 75.60881479639815, 14.96777976034371 ] ] ], [ [ [ 75.610942855661662, 14.959565586791763 ], [ 75.610837462460296, 14.959880469178991 ], [ 75.610770797469172, 14.960079641239048 ], [ 75.610712213754525, 14.960248958790739 ], [ 75.610698195327103, 14.960297459564194 ], [ 75.610678230141772, 14.960366562868831 ], [ 75.610679019028197, 14.960363904776555 ], [ 75.610693423369796, 14.960315395739253 ], [ 75.610753329296884, 14.960146005040622 ], [ 75.611014863190633, 14.95938261146569 ], [ 75.611022680131086, 14.95932709731421 ], [ 75.610942855661662, 14.959565586791763 ] ] ], [ [ [ 75.605102405513463, 14.956292187149634 ], [ 75.605473349595357, 14.956212268444688 ], [ 75.605574526588796, 14.956190470331011 ], [ 75.606258326906058, 14.956116893447026 ], [ 75.60663239226389, 14.956144604612954 ], [ 75.607021492171825, 14.956267957815953 ], [ 75.607209306590121, 14.956559288902707 ], [ 75.607461791575943, 14.957099222187258 ], [ 75.60769941020402, 14.957600921290469 ], [ 75.609654724373911, 14.958203289557797 ], [ 75.610043841228801, 14.958331421751479 ], [ 75.610304920119191, 14.958207615256281 ], [ 75.610597990385457, 14.958068639225562 ], [ 75.610672878459852, 14.958033125521776 ], [ 75.610837850576502, 14.957988669927735 ], [ 75.61093384918226, 14.958002766274264 ], [ 75.611037309022876, 14.958045545386005 ], [ 75.611126069963575, 14.958109893585137 ], [ 75.611278169555547, 14.95838576823283 ], [ 75.611438078383912, 14.958812321333466 ], [ 75.611307498542061, 14.959179023691961 ], [ 75.611198159809845, 14.959069887344048 ], [ 75.611074878177064, 14.958946834667987 ], [ 75.611055693328865, 14.959092645015165 ], [ 75.611066867962194, 14.959013285284827 ], [ 75.611296440854289, 14.959244123639177 ], [ 75.61136513078732, 14.959313196846557 ], [ 75.611397369369072, 14.959313246125998 ], [ 75.611777567328389, 14.959313807068067 ], [ 75.611823347851328, 14.959313880572473 ], [ 75.611780850187614, 14.959215459560074 ], [ 75.611624155258795, 14.958852586137111 ], [ 75.611604485238828, 14.9588070351681 ], [ 75.611442394415889, 14.958431670789484 ], [ 75.61132959450957, 14.958170456493828 ], [ 75.611242740208866, 14.957969322102315 ], [ 75.611242503381376, 14.957968773958989 ], [ 75.611175244120744, 14.957948604947214 ], [ 75.610818603984328, 14.95784161743563 ], [ 75.610527140061919, 14.957896732274827 ], [ 75.610258389726241, 14.957947555842219 ], [ 75.610036018041086, 14.957907205141264 ], [ 75.609963866987243, 14.95789412327537 ], [ 75.609792833054257, 14.957863097296748 ], [ 75.609459849080949, 14.957885378745232 ], [ 75.609234324466939, 14.957900478475603 ], [ 75.609053205099983, 14.957855173566484 ], [ 75.608685742207072, 14.957763255468235 ], [ 75.608362157793451, 14.957573664918797 ], [ 75.608006893496025, 14.957365507040521 ], [ 75.607618287321813, 14.956839729368825 ], [ 75.607586969605734, 14.956797356113608 ], [ 75.607586898676615, 14.956797265894153 ], [ 75.607193353947096, 14.956332346166416 ], [ 75.607131938801501, 14.956259789629682 ], [ 75.607076886995884, 14.956194753489227 ], [ 75.607039495659663, 14.956150574571291 ], [ 75.606097817674481, 14.956025502759241 ], [ 75.60576027408591, 14.956076416788175 ], [ 75.605607049705739, 14.956099528330721 ], [ 75.605379364486026, 14.956133870609253 ], [ 75.605138841169648, 14.956268275257898 ], [ 75.605003795413282, 14.95634374092284 ], [ 75.605102405513463, 14.956292187149634 ] ] ], [ [ [ 75.60400022087218, 14.956495970643491 ], [ 75.604015521157251, 14.956504300166936 ], [ 75.60426421755966, 14.956500363972866 ], [ 75.604477402509417, 14.956521327731053 ], [ 75.604617517107243, 14.956539043842838 ], [ 75.604743703026315, 14.95647971831163 ], [ 75.604936252164691, 14.956379052815977 ], [ 75.604741166249326, 14.956399101677023 ], [ 75.604230037134741, 14.956451632162429 ], [ 75.604122143659154, 14.956462723232439 ], [ 75.603968208381588, 14.956478545557873 ], [ 75.60400022087218, 14.956495970643491 ] ] ], [ [ [ 75.603834180561677, 14.955795158178327 ], [ 75.603733094555579, 14.955990448722476 ], [ 75.603716308884003, 14.95602289270769 ], [ 75.603707048465239, 14.956040793614655 ], [ 75.603691817594353, 14.956070231029466 ], [ 75.603688490610764, 14.956076661523413 ], [ 75.603687729393059, 14.956078133574069 ], [ 75.603681381579634, 14.95609040338652 ], [ 75.603639474696934, 14.956171401532876 ], [ 75.603609998905327, 14.956228374269482 ], [ 75.603598141248838, 14.956251293367391 ], [ 75.603635199400244, 14.95627765971089 ], [ 75.603636199061157, 14.956278370940357 ], [ 75.603733013098505, 14.956093973621543 ], [ 75.603835848598422, 14.955898106167032 ], [ 75.603840642917248, 14.955888983953553 ], [ 75.60383423182077, 14.955795059310685 ], [ 75.603834180561677, 14.955795158178327 ] ] ], [ [ [ 75.600027390433098, 14.95584453395066 ], [ 75.599945335242992, 14.95580799475899 ], [ 75.599871212897156, 14.955868639390609 ], [ 75.599871406440911, 14.955871023853435 ], [ 75.599874838998218, 14.955913579069087 ], [ 75.599911416759213, 14.955929599723856 ], [ 75.600027390433098, 14.95584453395066 ] ] ], [ [ [ 75.59570311210247, 14.956183245174321 ], [ 75.595708046389746, 14.956050665064511 ], [ 75.59566870974119, 14.956120784984662 ], [ 75.595666785078336, 14.956177359650768 ], [ 75.59570311210247, 14.956183245174321 ] ] ], [ [ [ 75.596221611147996, 14.956540023870629 ], [ 75.596077274074915, 14.956329999650508 ], [ 75.595941370950442, 14.95630018781555 ], [ 75.595664671378259, 14.956239490988018 ], [ 75.595661579925817, 14.956330362950254 ], [ 75.595940747640483, 14.956393048777171 ], [ 75.596077358104779, 14.956423725779983 ], [ 75.596148333675856, 14.956526104999599 ], [ 75.596221611147996, 14.956540023870629 ] ] ], [ [ [ 75.595652890177391, 14.95664255486102 ], [ 75.595652192245552, 14.956607676229938 ], [ 75.595651719717694, 14.956584425780633 ], [ 75.595608172207889, 14.956576476310444 ], [ 75.595611977490378, 14.956718360803523 ], [ 75.595652890177391, 14.95664255486102 ] ] ], [ [ [ 75.595146429861671, 14.95707419616271 ], [ 75.595139596482198, 14.957051915290574 ], [ 75.595139378045374, 14.957051951119173 ], [ 75.595014839962388, 14.957073416515776 ], [ 75.595022502157519, 14.957083565945101 ], [ 75.595066111711049, 14.957141332197798 ], [ 75.595142560560859, 14.95707809079563 ], [ 75.595146429861671, 14.95707419616271 ] ] ], [ [ [ 75.565222194694769, 14.971394970416069 ], [ 75.565232021128963, 14.971406677500042 ], [ 75.565235835555598, 14.971406504409707 ], [ 75.566217012565886, 14.971356740584307 ], [ 75.56689415447174, 14.971318184001948 ], [ 75.566993029770657, 14.971312535467719 ], [ 75.568770389210528, 14.971179469744607 ], [ 75.568854561148527, 14.971173167245245 ], [ 75.568873641981497, 14.971171739127865 ], [ 75.568875283679318, 14.971171478273753 ], [ 75.569250834786502, 14.971111916950798 ], [ 75.570447017805378, 14.970922832065417 ], [ 75.570455191324001, 14.970922026881661 ], [ 75.570516700532039, 14.970915974817322 ], [ 75.572983562817413, 14.970677845825964 ], [ 75.573555736944186, 14.970623143004131 ], [ 75.573737061982769, 14.97056200666753 ], [ 75.57420658795688, 14.970403667343202 ], [ 75.574250362770144, 14.970388904652225 ], [ 75.574251060573729, 14.9703886696418 ], [ 75.575155457837056, 14.970079060304075 ], [ 75.576010589515406, 14.96978614643645 ], [ 75.577155853830249, 14.969553978928687 ], [ 75.577573884344758, 14.969469075339271 ], [ 75.579031314936216, 14.969173821164418 ], [ 75.579031803859351, 14.969173726802907 ], [ 75.579071209887331, 14.969167276503981 ], [ 75.580007182942396, 14.969014072490221 ], [ 75.580011652368242, 14.969013336956923 ], [ 75.580084693280071, 14.969001321323539 ], [ 75.580436871195829, 14.968943275783779 ], [ 75.58129790985744, 14.968800743623927 ], [ 75.581926621928162, 14.968696229083903 ], [ 75.582192736339934, 14.968651906460986 ], [ 75.582211882748851, 14.968648717721912 ], [ 75.582211999890262, 14.968648703861753 ], [ 75.582240948196215, 14.968647506218245 ], [ 75.582280479541708, 14.968645870205952 ], [ 75.582280587407681, 14.968645865410258 ], [ 75.582404554323645, 14.968640734774921 ], [ 75.582544943844738, 14.968634882273546 ], [ 75.582961450824087, 14.968617517883395 ], [ 75.583281925330454, 14.968604038989538 ], [ 75.583303180620703, 14.968603141143209 ], [ 75.583377724773698, 14.968599991499747 ], [ 75.583527337524941, 14.968593670004797 ], [ 75.583614328192127, 14.968590691872722 ], [ 75.583614879565232, 14.968589963578575 ], [ 75.583617554868667, 14.968586424477968 ], [ 75.583624128695959, 14.968577732973559 ], [ 75.583639167701932, 14.968557853469736 ], [ 75.583826167788942, 14.968312080701851 ], [ 75.583881788478052, 14.968239573657762 ], [ 75.583941455281362, 14.96816217419066 ], [ 75.584100046508127, 14.967962805525186 ], [ 75.584208119639641, 14.967826944223734 ], [ 75.584343948390242, 14.967656190988617 ], [ 75.584364830771136, 14.967629938954536 ], [ 75.584744916939385, 14.967171702918199 ], [ 75.585049121294233, 14.96675487533245 ], [ 75.585239124387186, 14.96649452807225 ], [ 75.585304123157016, 14.966405630915997 ], [ 75.585400010544845, 14.966239414061263 ], [ 75.585555368132987, 14.965970107347804 ], [ 75.585802136165285, 14.965337021838577 ], [ 75.585847338840509, 14.96521728459498 ], [ 75.585858845387676, 14.965186796167265 ], [ 75.585842974091392, 14.965219543353024 ], [ 75.585786018777327, 14.965337030661413 ], [ 75.585477343516359, 14.965958334743576 ], [ 75.585185837377594, 14.966386893344028 ], [ 75.585124632123822, 14.96647688101222 ], [ 75.584658589162402, 14.967162039759719 ], [ 75.584296804653121, 14.967624973431082 ], [ 75.583881495556213, 14.968159209438802 ], [ 75.583821349705033, 14.968236578473686 ], [ 75.583765046178129, 14.968309009499391 ], [ 75.583574392530352, 14.968554257249801 ], [ 75.583558983225942, 14.968574078931074 ], [ 75.583552244717978, 14.968582744636421 ], [ 75.583549501495312, 14.968586273060986 ], [ 75.583548936167332, 14.968586999582506 ], [ 75.583462804787686, 14.968589969163773 ], [ 75.583219881233447, 14.968600333526249 ], [ 75.582902940816112, 14.968613859357914 ], [ 75.582353030118085, 14.968637315037371 ], [ 75.582163165574556, 14.968645416446778 ], [ 75.582163049363132, 14.968645430304544 ], [ 75.581880674490307, 14.968693013805558 ], [ 75.581258984566503, 14.968797798734009 ], [ 75.580409398672074, 14.96894099685608 ], [ 75.580062673419278, 14.968999433521724 ], [ 75.579990828721733, 14.969011540132236 ], [ 75.579986433709337, 14.969012280900476 ], [ 75.579029664369585, 14.969173538758172 ], [ 75.579029184748748, 14.969173634000171 ], [ 75.577568054872771, 14.969463074312966 ], [ 75.577148860606229, 14.969546114803217 ], [ 75.576002290142071, 14.969773233543153 ], [ 75.575139233569658, 14.970061457070583 ], [ 75.574227444091221, 14.97036594160517 ], [ 75.574226741628081, 14.970366173010916 ], [ 75.573710028109389, 14.970536255771151 ], [ 75.573527635337783, 14.970596303538635 ], [ 75.572964842089164, 14.970648519095635 ], [ 75.570566042014335, 14.970871074754262 ], [ 75.570501791862554, 14.970877035140139 ], [ 75.570493259331599, 14.970877827661958 ], [ 75.569249719571403, 14.971062197703354 ], [ 75.568861557067038, 14.971119754465986 ], [ 75.568859861405883, 14.971120006413683 ], [ 75.568840247436142, 14.97112134002594 ], [ 75.566933319190127, 14.971250774725487 ], [ 75.566832310059993, 14.971255906876742 ], [ 75.566139242529303, 14.971291120602471 ], [ 75.565229332957429, 14.971337350862377 ], [ 75.565222194694769, 14.971394970416069 ] ] ] ] } },
{ "type": "Feature", "properties": { "OBJECTID": 208, "KGISHobliID": 331, "KGISHobliCode": "110202", "KGISHobliName": "Hattimattura", "BhuCodeHobli": null, "SHAPE.STArea()": 286739572.1167599, "SHAPE.STLength()": 107643.9442870364, "KGISTalukCode": "1102", "created_user": null, "created_date": null, "last_edited_user": null, "last_edited_date": null, "_overlap_percent": 0.028174371300464088, "_police_station": "Lakshmeshwar PS", "_police_feature_index": "659", "_admin_layer": "Hobli", "_geometry_clipped": true }, "geometry": { "type": "MultiPolygon", "coordinates": [ [ [ [ 75.542068688968484, 14.978513094204233 ], [ 75.542145586800274, 14.978532091652925 ], [ 75.542147146514196, 14.978532476703224 ], [ 75.542151988170147, 14.978532796089169 ], [ 75.543203252050077, 14.97860219022394 ], [ 75.543318002041772, 14.978610271540568 ], [ 75.543417444597665, 14.978617274535578 ], [ 75.543602332007097, 14.978630293950788 ], [ 75.543762562588583, 14.978641978810288 ], [ 75.544047889043284, 14.97866324592891 ], [ 75.544718869614414, 14.978715163482793 ], [ 75.545796240866451, 14.978788898811933 ], [ 75.546171323206011, 14.978815400070291 ], [ 75.546207661381601, 14.978820039609165 ], [ 75.546268346683235, 14.978827830333895 ], [ 75.546296130428999, 14.978831397307603 ], [ 75.546558369799058, 14.978865061906951 ], [ 75.546695169542488, 14.978882737099095 ], [ 75.546916408675969, 14.978911453855345 ], [ 75.546974210230047, 14.978918980984377 ], [ 75.54703300050015, 14.978933866816082 ], [ 75.5471164154702, 14.978954988720993 ], [ 75.547133491769912, 14.978959319017839 ], [ 75.547222740078553, 14.978981948467901 ], [ 75.5473288455199, 14.979009757629523 ], [ 75.547428360983204, 14.979035839478529 ], [ 75.547571934858723, 14.979073469191379 ], [ 75.547659350941416, 14.979071894089483 ], [ 75.547725725821167, 14.979070698583547 ], [ 75.547988397423723, 14.979066054255433 ], [ 75.54855186323779, 14.979056526526046 ], [ 75.54918368888336, 14.979046679086107 ], [ 75.549927886899539, 14.979015487341815 ], [ 75.549987979214833, 14.979016806133112 ], [ 75.550028190812412, 14.979017688271556 ], [ 75.550300558034024, 14.979023666246938 ], [ 75.550448898852878, 14.979027093632036 ], [ 75.551425329138638, 14.979049650295606 ], [ 75.552924127893391, 14.979085770117569 ], [ 75.552959024213564, 14.979086610381303 ], [ 75.553003468915136, 14.979087681532638 ], [ 75.55315592138804, 14.9790943383371 ], [ 75.554946473321806, 14.979172511116319 ], [ 75.555155674179659, 14.979171611333284 ], [ 75.55517566889786, 14.979171530106793 ], [ 75.555634237419838, 14.979169836382612 ], [ 75.555727947821282, 14.979169677637314 ], [ 75.555807892763198, 14.97916954246125 ], [ 75.55769441599314, 14.97916634586948 ], [ 75.557694669894673, 14.979166346152603 ], [ 75.559748288227411, 14.97918935824217 ], [ 75.560506131834401, 14.979214094929688 ], [ 75.560754516211432, 14.97922220236482 ], [ 75.560754558072333, 14.979222205878223 ], [ 75.561215283377379, 14.979244566930841 ], [ 75.561564275407534, 14.979261830157895 ], [ 75.561750698870597, 14.979271051938788 ], [ 75.561883453199954, 14.979276595997611 ], [ 75.56212914762061, 14.97928599326643 ], [ 75.562223230496471, 14.979289591931792 ], [ 75.56231362911997, 14.979293049565159 ], [ 75.562452982465828, 14.979298379023389 ], [ 75.56251761921942, 14.979300851377788 ], [ 75.562534928050241, 14.979301512961843 ], [ 75.562562280451402, 14.979302559317805 ], [ 75.562639418033655, 14.979305095725923 ], [ 75.562659319795699, 14.979305749998597 ], [ 75.562668378227045, 14.979306047693401 ], [ 75.56266840520037, 14.979306048530942 ], [ 75.562766945761808, 14.979309289706695 ], [ 75.563053507157889, 14.979318713495152 ], [ 75.563315847324787, 14.979327339685582 ], [ 75.563369933621928, 14.979328706849028 ], [ 75.563370281480417, 14.979328715934557 ], [ 75.563660982038712, 14.979335826927656 ], [ 75.564503374187424, 14.979354527107894 ], [ 75.564540927641687, 14.979355360826274 ], [ 75.564668217110537, 14.979358058972693 ], [ 75.564716473952615, 14.979359081329443 ], [ 75.564769979299854, 14.979360215440636 ], [ 75.564829415738046, 14.979362856424931 ], [ 75.565077620898165, 14.979373841810027 ], [ 75.565116664762357, 14.979375569497517 ], [ 75.565122153560111, 14.979375811751044 ], [ 75.565118457207717, 14.979380987763982 ], [ 75.565113182582465, 14.979382619150151 ], [ 75.565240889686606, 14.979538139041541 ], [ 75.565727280919745, 14.978879885569105 ], [ 75.565540166100718, 14.977904385983262 ], [ 75.565692948827291, 14.977050039757826 ], [ 75.565587847647066, 14.976382913884066 ], [ 75.565225017020452, 14.975960417976479 ], [ 75.564995590692703, 14.97573852421621 ], [ 75.564470019083316, 14.975187257815794 ], [ 75.564232893487812, 14.974843386636723 ], [ 75.563775378362465, 14.97490910408917 ], [ 75.563663991265713, 14.974658212343929 ], [ 75.563685105531093, 14.974263468451557 ], [ 75.563647388364259, 14.973954985095618 ], [ 75.563632005255386, 14.973718208425906 ], [ 75.563881152823285, 14.973014325259571 ], [ 75.563945975228648, 14.972397010941703 ], [ 75.564107720796827, 14.972145443957645 ], [ 75.564202089200748, 14.972069571065658 ], [ 75.564689669048576, 14.971677551462969 ], [ 75.565127655409597, 14.971445137333811 ], [ 75.565222194694769, 14.971394970416069 ], [ 75.565229332957429, 14.971337350862377 ], [ 75.565148544036575, 14.971341455548078 ], [ 75.565144734313066, 14.97134164851518 ], [ 75.565135773819577, 14.971329979061892 ], [ 75.564894953515392, 14.971016463179678 ], [ 75.564807690252564, 14.971164812050551 ], [ 75.564736596483797, 14.971285677309032 ], [ 75.564609440874293, 14.971391578528401 ], [ 75.564314262792564, 14.97163742760471 ], [ 75.564113233643084, 14.971804852670786 ], [ 75.564010055642967, 14.971890787189967 ], [ 75.563727230459406, 14.972126337284351 ], [ 75.563712997997428, 14.972208645265175 ], [ 75.563707608962076, 14.97274406877102 ], [ 75.563383592616802, 14.973659137904026 ], [ 75.56344495972418, 14.973851656268744 ], [ 75.563486944599575, 14.97398338649227 ], [ 75.563432158882406, 14.974589909091451 ], [ 75.563647931245356, 14.974954300643894 ], [ 75.563846532423966, 14.974921218358437 ], [ 75.564055995167152, 14.974886330703555 ], [ 75.564085824411663, 14.974910411417607 ], [ 75.564207343766242, 14.975008518875701 ], [ 75.564402706185291, 14.975434881923634 ], [ 75.564567486614891, 14.975536420708899 ], [ 75.564900206747325, 14.975741445618659 ], [ 75.565061666674197, 14.975996289145941 ], [ 75.565458422283314, 14.976447391486966 ], [ 75.565467790346119, 14.976912768382022 ], [ 75.565470157855358, 14.977030317234346 ], [ 75.565298840700663, 14.977764882599564 ], [ 75.565399871343004, 14.978342436343256 ], [ 75.565475010660705, 14.97877196760613 ], [ 75.565125499650975, 14.979280346427316 ], [ 75.565097332094496, 14.979321333364215 ], [ 75.565040184812815, 14.979318814253263 ], [ 75.564882485882649, 14.979311860170776 ], [ 75.564803094137133, 14.979308356405012 ], [ 75.564513417651966, 14.979295584753151 ], [ 75.564453596204245, 14.979292946446943 ], [ 75.564223651984875, 14.979288171472099 ], [ 75.563346332786992, 14.979269950720733 ], [ 75.563012819356743, 14.979263018264836 ], [ 75.561820805286601, 14.979238252543594 ], [ 75.561578681094232, 14.97923054402243 ], [ 75.56157631022262, 14.979230466685307 ], [ 75.561106360549019, 14.979215507312244 ], [ 75.560700012258906, 14.979202572150079 ], [ 75.560699975980555, 14.979202569527025 ], [ 75.559801189001064, 14.979187620913537 ], [ 75.557793264817576, 14.979164385423957 ], [ 75.557793010913741, 14.979164384236865 ], [ 75.555737752312254, 14.979153815035351 ], [ 75.555280295958127, 14.979151460466927 ], [ 75.555260341688395, 14.979151357170169 ], [ 75.555051479887609, 14.979150284408467 ], [ 75.553109429633309, 14.979042527542237 ], [ 75.551530436789193, 14.978976298779283 ], [ 75.550407188502035, 14.978929178501309 ], [ 75.550035550499118, 14.978913591887002 ], [ 75.549293895644169, 14.978929845923222 ], [ 75.548660328439411, 14.978943730082142 ], [ 75.548096122384663, 14.978956089646326 ], [ 75.547833303098187, 14.978961851902476 ], [ 75.547679478394912, 14.97896522026395 ], [ 75.547333473580323, 14.978872885596681 ], [ 75.547228165798657, 14.978845658561823 ], [ 75.547087384437546, 14.978809257814644 ], [ 75.54702996783621, 14.978801687297825 ], [ 75.546810315752751, 14.97877272273892 ], [ 75.546674591568618, 14.978754827149993 ], [ 75.546326998750175, 14.978708994730642 ], [ 75.54629101560073, 14.978704250389539 ], [ 75.54591920489969, 14.978676847346229 ], [ 75.544855082826643, 14.978598423963305 ], [ 75.54419707316049, 14.978541077530471 ], [ 75.543918376920132, 14.978516789587587 ], [ 75.543762198397076, 14.978503179408023 ], [ 75.543374450797842, 14.978469390257859 ], [ 75.542364341725147, 14.978373017730693 ], [ 75.541385362748557, 14.978279622619741 ], [ 75.541374879742548, 14.978341688774631 ], [ 75.542068688968484, 14.978513094204233 ] ] ], [ [ [ 75.543289520120069, 15.001659542772124 ], [ 75.543295377665373, 15.001622892467855 ], [ 75.543299690736333, 15.001486985199092 ], [ 75.543305370328085, 15.001308042824478 ], [ 75.543367031287573, 14.999365297600072 ], [ 75.543371269661634, 14.999276440100516 ], [ 75.543369432354368, 14.999252377675401 ], [ 75.543367035036908, 14.999245598218351 ], [ 75.543329827436438, 14.99914037073682 ], [ 75.542935983030716, 14.998026518421437 ], [ 75.542935686034838, 14.998025667478837 ], [ 75.542764898843714, 14.997541135454727 ], [ 75.542704655423805, 14.997398599494463 ], [ 75.54266455849293, 14.997296644316249 ], [ 75.542626687085686, 14.997208222541005 ], [ 75.542469420682465, 14.996841087260425 ], [ 75.542288829174183, 14.996386384987536 ], [ 75.542037877692835, 14.995754235559007 ], [ 75.541866979678588, 14.995323484392738 ], [ 75.541800131576792, 14.9952665565605 ], [ 75.541780006400842, 14.995249415902496 ], [ 75.541752013109132, 14.995107987277702 ], [ 75.5415968448592, 14.994324039943725 ], [ 75.54149949827675, 14.993871968712787 ], [ 75.541324454691889, 14.99305580499697 ], [ 75.541324808239082, 14.993047710759161 ], [ 75.541327481644373, 14.992986427115426 ], [ 75.541329109387476, 14.992949095253119 ], [ 75.541331601266833, 14.992892558503405 ], [ 75.541351038135389, 14.992451517962492 ], [ 75.541152431623615, 14.991634642369508 ], [ 75.541081677347307, 14.991341887568543 ], [ 75.540958657420248, 14.990153188519455 ], [ 75.540956265321086, 14.989991444627039 ], [ 75.540954093328622, 14.989841415388861 ], [ 75.54094548967646, 14.98921300657152 ], [ 75.540933579490954, 14.989007343839672 ], [ 75.540933320745779, 14.989002828531305 ], [ 75.54092383645829, 14.988837237380464 ], [ 75.540923714838868, 14.988835104019998 ], [ 75.540909911364977, 14.988591054553062 ], [ 75.540895317499675, 14.988328174788363 ], [ 75.540857602313864, 14.987613295593594 ], [ 75.540811697040738, 14.986638705530856 ], [ 75.540856561618895, 14.986084508356157 ], [ 75.540868213904147, 14.98594057507816 ], [ 75.540928235253986, 14.985363285825686 ], [ 75.540960489943458, 14.984923308555823 ], [ 75.541000831262153, 14.984164047528598 ], [ 75.541029141299589, 14.983725913971123 ], [ 75.541042642988074, 14.983501505118596 ], [ 75.541075873509143, 14.982949188780781 ], [ 75.541085315628365, 14.982792252674331 ], [ 75.541107022973506, 14.982454107099567 ], [ 75.54112076445287, 14.982252636202192 ], [ 75.54112153859802, 14.982241292567014 ], [ 75.541125063063618, 14.982098187690273 ], [ 75.541144252136945, 14.98136844456875 ], [ 75.541194586237665, 14.980671503781599 ], [ 75.541259696943172, 14.980109446923839 ], [ 75.541258894648507, 14.980090698017204 ], [ 75.541257096323562, 14.980048643149786 ], [ 75.541250776540281, 14.979900864871258 ], [ 75.541266266756423, 14.979444109318036 ], [ 75.541285759815381, 14.978869322655212 ], [ 75.54109757214664, 14.979983472577441 ], [ 75.541073781571555, 14.980209389518944 ], [ 75.541015611281139, 14.980761804028663 ], [ 75.540963026401897, 14.981452661993183 ], [ 75.540936687389788, 14.982177591529474 ], [ 75.540931521781616, 14.982319796210938 ], [ 75.540923655736293, 14.982536261944418 ], [ 75.54091195711645, 14.982880228697606 ], [ 75.540879664244727, 14.983829853765336 ], [ 75.540860457204417, 14.984275333133573 ], [ 75.540832416703807, 14.985046918431104 ], [ 75.540816593385273, 14.985482495377759 ], [ 75.540773567289179, 14.986054749194029 ], [ 75.540732574757413, 14.986746152540256 ], [ 75.540792158011385, 14.987706150720891 ], [ 75.540835844079638, 14.988409899083472 ], [ 75.540851902411674, 14.988668565940049 ], [ 75.540866813935878, 14.988908692652803 ], [ 75.540866944769306, 14.988910791636052 ], [ 75.540877331038729, 14.989078169840051 ], [ 75.540889893271881, 14.98928054195328 ], [ 75.540900138332447, 14.989900047030472 ], [ 75.540902580265907, 14.990047954637143 ], [ 75.540905220502765, 14.990207414213993 ], [ 75.541027277881099, 14.991375156098657 ], [ 75.541096739624024, 14.991661023025495 ], [ 75.541290392504237, 14.992458025921614 ], [ 75.541266899727475, 14.992948420328611 ], [ 75.541265138506517, 14.992985198301811 ], [ 75.541262244219553, 14.99304557114918 ], [ 75.541261861532419, 14.993053544308355 ], [ 75.541429483662341, 14.993849036563669 ], [ 75.541522280316784, 14.994289401663469 ], [ 75.54169568992296, 14.995191006192258 ], [ 75.541715315809782, 14.995207114672844 ], [ 75.541780548103361, 14.995260651523878 ], [ 75.541945207002939, 14.995677488324329 ], [ 75.542187050502392, 14.99628973074031 ], [ 75.542361217974133, 14.996730640269478 ], [ 75.542513313761233, 14.997086779778948 ], [ 75.542549969455791, 14.997172627821689 ], [ 75.542588711399205, 14.997271741087147 ], [ 75.542645617605615, 14.997417296549669 ], [ 75.542805560541893, 14.997911212734312 ], [ 75.542805838045666, 14.997912079997146 ], [ 75.543210397375532, 14.999161453244335 ], [ 75.543211728564287, 14.999185840541942 ], [ 75.543216526423777, 14.999273633172116 ], [ 75.54326197449133, 15.001511264034844 ], [ 75.543059799237966, 15.00304026853529 ], [ 75.543055522979429, 15.003111229690315 ], [ 75.543054314200063, 15.003131315912775 ], [ 75.543289520120069, 15.001659542772124 ] ] ], [ [ [ 75.542687482195589, 15.011505915099885 ], [ 75.54268804181784, 15.011498776001735 ], [ 75.542696559263518, 15.011389609836225 ], [ 75.542702526718386, 15.011036717941167 ], [ 75.542750373380571, 15.008739496693421 ], [ 75.542759547431189, 15.008299018182788 ], [ 75.542759915845537, 15.008292780009224 ], [ 75.542764589624355, 15.008211947117434 ], [ 75.542770778151734, 15.008106965165675 ], [ 75.542809825235466, 15.007444592257187 ], [ 75.542885424464629, 15.006235292649841 ], [ 75.54281247932964, 15.007302107256336 ], [ 75.542760235098442, 15.008066209658514 ], [ 75.542754732617794, 15.008146704590452 ], [ 75.542754299956115, 15.008152916698752 ], [ 75.542652992599102, 15.010878896634935 ], [ 75.542639934128985, 15.011230248605877 ], [ 75.542635649665357, 15.011345583206838 ], [ 75.542635367321267, 15.011353124866504 ], [ 75.542537021409814, 15.013310436398076 ], [ 75.542533727271902, 15.013376031908717 ], [ 75.542687482195589, 15.011505915099885 ] ] ], [ [ [ 75.541880368847828, 15.014597353451887 ], [ 75.542381773214174, 15.015014867457925 ], [ 75.542389139867268, 15.014947796111194 ], [ 75.541837426423456, 15.014492192020542 ], [ 75.54181131493408, 15.014525034564077 ], [ 75.541804226972602, 15.014533950318294 ], [ 75.541880368847828, 15.014597353451887 ] ] ], [ [ [ 75.540801995458366, 15.019963873474415 ], [ 75.540542422876626, 15.019884805196353 ], [ 75.540414182463806, 15.019845741464449 ], [ 75.540397187779732, 15.019840719859964 ], [ 75.539908596622553, 15.019697501098589 ], [ 75.53983270887133, 15.01967540271025 ], [ 75.539648095302667, 15.019621737513861 ], [ 75.539358916261079, 15.019537721315931 ], [ 75.539291688808817, 15.019518909357176 ], [ 75.539170824635946, 15.019485087396683 ], [ 75.538783066215757, 15.01937655019913 ], [ 75.538460638335678, 15.019286283882389 ], [ 75.538392477349774, 15.019267201732275 ], [ 75.538223710838253, 15.019219958856089 ], [ 75.538191679095149, 15.019267171503255 ], [ 75.538385526561669, 15.019317978122199 ], [ 75.53877639681464, 15.019420425943283 ], [ 75.539166574878791, 15.01952269028728 ], [ 75.539357017804463, 15.019572602758295 ], [ 75.539652243730075, 15.019653085003437 ], [ 75.539842480610005, 15.019704946759303 ], [ 75.539920810178344, 15.019726298901496 ], [ 75.540427310990822, 15.019864378750746 ], [ 75.540445027037762, 15.019869206068636 ], [ 75.540800842521691, 15.01996793696541 ], [ 75.540801995458366, 15.019963873474415 ] ] ], [ [ [ 75.47362828363174, 15.044472608502726 ], [ 75.473809708016134, 15.044436470553583 ], [ 75.473971981499176, 15.044404147914324 ], [ 75.474170987044403, 15.044365423451367 ], [ 75.474333397824267, 15.044332975505236 ], [ 75.474578094274023, 15.044278535264635 ], [ 75.474658508959507, 15.044260692228834 ], [ 75.475448449460941, 15.044087139610994 ], [ 75.475567736576707, 15.044054446539755 ], [ 75.475592249852667, 15.044047728438683 ], [ 75.47573907555568, 15.044007447432186 ], [ 75.475902373956558, 15.043962281364943 ], [ 75.476052844950402, 15.043920494440199 ], [ 75.476170043452711, 15.043888297260631 ], [ 75.476223775729238, 15.043899255221959 ], [ 75.476258447152716, 15.043906326664395 ], [ 75.476273633300423, 15.043909426597928 ], [ 75.476319000590365, 15.043915177327367 ], [ 75.477024395122015, 15.044014607259403 ], [ 75.477096506211765, 15.044026012815259 ], [ 75.477100383534918, 15.044026717095713 ], [ 75.477408791646809, 15.044085588180627 ], [ 75.477868154478372, 15.04417327476601 ], [ 75.477977901997974, 15.044186258959261 ], [ 75.478027729710604, 15.044192153653761 ], [ 75.478160771437985, 15.044207893226089 ], [ 75.478390745397277, 15.044237017087369 ], [ 75.478418584118259, 15.044240542273183 ], [ 75.478521557399731, 15.044253694165802 ], [ 75.478993687085563, 15.044314757693332 ], [ 75.479891514177808, 15.044429754386515 ], [ 75.480354654318617, 15.044492697388479 ], [ 75.480398374182883, 15.04449885581351 ], [ 75.480507614759304, 15.04451424382709 ], [ 75.480509490579593, 15.044514364623408 ], [ 75.48063485612461, 15.044496832946786 ], [ 75.480515036278916, 15.044482381498819 ], [ 75.480038198869167, 15.044424852543374 ], [ 75.479111744305868, 15.044313098317614 ], [ 75.478623924725838, 15.044251691996172 ], [ 75.478517482627382, 15.044238298832711 ], [ 75.478250891179741, 15.044204746208642 ], [ 75.477947768457625, 15.044167416901425 ], [ 75.477148976694437, 15.04400921305901 ], [ 75.476449847723032, 15.043870746139032 ], [ 75.476404935902565, 15.043861883499167 ], [ 75.476389998484819, 15.043858932227906 ], [ 75.476303051747067, 15.043841765940208 ], [ 75.476186665065114, 15.043872942573509 ], [ 75.476036953264526, 15.043913044574747 ], [ 75.475874509968776, 15.043956561689665 ], [ 75.475728561790405, 15.043995656583563 ], [ 75.475585632547933, 15.044033943134192 ], [ 75.474800850523849, 15.044200951563573 ], [ 75.474720932918771, 15.044218065815716 ], [ 75.474193933778011, 15.044330954037891 ], [ 75.473997698983197, 15.044371866970247 ], [ 75.473658394103168, 15.044444072227023 ], [ 75.473312841038307, 15.044514669869152 ], [ 75.47328892408153, 15.044537485819831 ], [ 75.47362828363174, 15.044472608502726 ] ] ], [ [ [ 75.471864506579408, 15.044915904493255 ], [ 75.472338948149101, 15.044892910920172 ], [ 75.472341938863096, 15.04489276908679 ], [ 75.472764800380759, 15.04476917502404 ], [ 75.473057231753089, 15.044683703513268 ], [ 75.47306912305686, 15.044680227825596 ], [ 75.473146158054575, 15.044657710966808 ], [ 75.473150712822687, 15.044656379695436 ], [ 75.473169355604426, 15.044639430713723 ], [ 75.473170903689152, 15.04463801630383 ], [ 75.473097456752612, 15.044660575318847 ], [ 75.472809316279964, 15.044749069370358 ], [ 75.472392457794669, 15.044877090123579 ], [ 75.472389462514911, 15.044877270843095 ], [ 75.47191478946273, 15.044905819746459 ], [ 75.471848412329365, 15.044909808180881 ], [ 75.47181701860687, 15.044911695143799 ], [ 75.471806169254734, 15.044918789265193 ], [ 75.471864506579408, 15.044915904493255 ] ] ], [ [ [ 75.460957729911215, 15.043874853936538 ], [ 75.461012445526222, 15.043900402884905 ], [ 75.461772699950927, 15.044254514626772 ], [ 75.461824924584306, 15.044278456438416 ], [ 75.462220330876491, 15.044460968896779 ], [ 75.462794745309481, 15.044717601541459 ], [ 75.463217027057297, 15.044907087683724 ], [ 75.463219465937257, 15.044908166717947 ], [ 75.463263669406615, 15.044927745118374 ], [ 75.463324830527654, 15.044954834483157 ], [ 75.463908733028148, 15.045213079475158 ], [ 75.463918654340745, 15.045217472090652 ], [ 75.464059463010315, 15.045279952931871 ], [ 75.465125927997121, 15.045720859428306 ], [ 75.465504595650586, 15.045876157871373 ], [ 75.46520209204202, 15.045748295458834 ], [ 75.464140784678136, 15.045299703939955 ], [ 75.464000790121077, 15.045236410515258 ], [ 75.463990927297715, 15.045231962634229 ], [ 75.46341061234132, 15.044970848178219 ], [ 75.463305924036547, 15.04492372973956 ], [ 75.4633035009482, 15.044922639824932 ], [ 75.462884002799427, 15.044731493682416 ], [ 75.462312736646396, 15.044473212121368 ], [ 75.461916559861152, 15.044290662517612 ], [ 75.461864111095366, 15.044266762771469 ], [ 75.461098909809408, 15.043913902704073 ], [ 75.46104376276763, 15.043888474897118 ], [ 75.460838150192558, 15.043793655796128 ], [ 75.460838142006054, 15.043793742605757 ], [ 75.460835438604093, 15.043817714686378 ], [ 75.460957729911215, 15.043874853936538 ] ] ], [ [ [ 75.452111138557697, 15.04955289807007 ], [ 75.45230956676798, 15.049666128572984 ], [ 75.4524983354342, 15.049773703145679 ], [ 75.452581443704346, 15.049821009696071 ], [ 75.452644491701193, 15.049856896809876 ], [ 75.452761367865477, 15.049923366964295 ], [ 75.45316334935913, 15.050151599256257 ], [ 75.453564778161038, 15.05037896579168 ], [ 75.45370198076435, 15.050456560402122 ], [ 75.453703490686834, 15.05045741446626 ], [ 75.453762076750152, 15.050490526468009 ], [ 75.453762169894929, 15.050490577815223 ], [ 75.453798768287641, 15.050489624987637 ], [ 75.453819297218956, 15.050489097943974 ], [ 75.453708196297669, 15.050424805235837 ], [ 75.453305438749439, 15.050191736779178 ], [ 75.452902185572938, 15.049958379259147 ], [ 75.452784948255456, 15.049890533867652 ], [ 75.452638343732346, 15.049805696642101 ], [ 75.452449002308441, 15.049696125281367 ], [ 75.452249977266931, 15.049580953193082 ], [ 75.452068570698117, 15.049475974772159 ], [ 75.452065655645583, 15.049513810598615 ], [ 75.45206468812502, 15.049526354474954 ], [ 75.452111138557697, 15.04955289807007 ] ] ], [ [ [ 75.436898293863436, 15.060715253392429 ], [ 75.438053795356822, 15.060771098402176 ], [ 75.438208803805068, 15.060780534403117 ], [ 75.438359635194615, 15.060770185919635 ], [ 75.439103036027404, 15.060718272957956 ], [ 75.439371432284901, 15.06070093895627 ], [ 75.439239019871692, 15.060698390915245 ], [ 75.438494404780045, 15.060691563998949 ], [ 75.438343301961297, 15.060690178845864 ], [ 75.438191639033207, 15.060688791961438 ], [ 75.437061659566808, 15.060692048007136 ], [ 75.436431857686188, 15.060688623939596 ], [ 75.436898293863436, 15.060715253392429 ] ] ], [ [ [ 75.436108054414646, 15.060670137586333 ], [ 75.436166503473387, 15.060673474519721 ], [ 75.436097663421847, 15.060665466206309 ], [ 75.436028651729842, 15.060657438580041 ], [ 75.436108054414646, 15.060670137586333 ] ] ], [ [ [ 75.429382822124353, 15.060983561459556 ], [ 75.429419420617108, 15.060987216922758 ], [ 75.429201702671349, 15.060939250820269 ], [ 75.429196344633283, 15.060940559903024 ], [ 75.429382822124353, 15.060983561459556 ] ] ], [ [ [ 75.425868531112613, 15.061147388573557 ], [ 75.425911263988908, 15.061147734881413 ], [ 75.425742981989529, 15.060909293543389 ], [ 75.425629876344672, 15.060849405806103 ], [ 75.425868531112613, 15.061147388573557 ] ] ] ] } },
{ "type": "Feature", "properties": { "OBJECTID": 684, "KGISHobliID": 681, "KGISHobliCode": "080702", "KGISHobliName": "Lakshmeshvara", "BhuCodeHobli": null, "SHAPE.STArea()": 380198203.63827085, "SHAPE.STLength()": 114366.46591032029, "KGISTalukCode": "0807", "created_user": null, "created_date": null, "last_edited_user": "SA", "last_edited_date": 1629110263000.0, "_overlap_percent": 97.266203715424055, "_police_station": "Lakshmeshwar PS", "_police_feature_index": "659", "_admin_layer": "Hobli", "_geometry_clipped": true }, "geometry": { "type": "MultiPolygon", "coordinates": [ [ [ [ 75.521890761731626, 15.197083100486397 ], [ 75.522176388138007, 15.197084129522223 ], [ 75.522465010227251, 15.196767745142957 ], [ 75.522949106339894, 15.196715334556394 ], [ 75.522950002640627, 15.196715235737935 ], [ 75.522913788745157, 15.195847875748514 ], [ 75.522911311247483, 15.195784707486668 ], [ 75.523553602463139, 15.195758932805068 ], [ 75.523882258122555, 15.195647160430935 ], [ 75.525190009970004, 15.195493841312175 ], [ 75.525757682793127, 15.195454731210075 ], [ 75.526272035320744, 15.195315084734837 ], [ 75.526546191537292, 15.195251642982768 ], [ 75.526823954020429, 15.195187374273932 ], [ 75.526956871039005, 15.195181192997101 ], [ 75.527400675884792, 15.195217665438584 ], [ 75.527586008887624, 15.195287796814252 ], [ 75.527849556840593, 15.195293927857652 ], [ 75.529487431165592, 15.195309209455184 ], [ 75.529592916944452, 15.195310217959653 ], [ 75.530377398672087, 15.195336435149219 ], [ 75.5310317763971, 15.195358541077125 ], [ 75.531137267245285, 15.195343340614205 ], [ 75.531359679519653, 15.195299183297905 ], [ 75.53152079572439, 15.195262079442029 ], [ 75.531673180261791, 15.195226867528813 ], [ 75.532541886350799, 15.195066606557676 ], [ 75.532939091146886, 15.195015529293316 ], [ 75.533334113117732, 15.194964296484345 ], [ 75.533502306879001, 15.194942358368451 ], [ 75.534779126183267, 15.19491514553455 ], [ 75.535193942190375, 15.194904998682324 ], [ 75.535592296419964, 15.194872302875426 ], [ 75.53582433902983, 15.194867226663309 ], [ 75.537576152782762, 15.194703226969752 ], [ 75.53777152038073, 15.194681737915463 ], [ 75.539536175140853, 15.194259055302011 ], [ 75.540678025447832, 15.193664119255638 ], [ 75.540822844907254, 15.193588377167634 ], [ 75.54152864106814, 15.193308438618198 ], [ 75.541508526478651, 15.192851110446304 ], [ 75.541585880048189, 15.192184368940532 ], [ 75.541619218130691, 15.191439546370679 ], [ 75.541658605536412, 15.191433027276123 ], [ 75.541684298250331, 15.191430036122517 ], [ 75.541685292784763, 15.191390410185072 ], [ 75.541697549527399, 15.190902023316383 ], [ 75.541724204270253, 15.189873106499258 ], [ 75.541734829363662, 15.189462960134382 ], [ 75.541062415586211, 15.187284560731635 ], [ 75.540909489517006, 15.186789130867989 ], [ 75.540891072719205, 15.185686966335295 ], [ 75.540883390059278, 15.185227200335019 ], [ 75.5408813106026, 15.18510263128654 ], [ 75.540254470877699, 15.18225527145564 ], [ 75.540234359605606, 15.182163915150873 ], [ 75.540149975178707, 15.181780603212299 ], [ 75.540215021788768, 15.181261501823995 ], [ 75.540202936311417, 15.179972113969072 ], [ 75.538988114054646, 15.180165467527624 ], [ 75.536821122165165, 15.180578112882916 ], [ 75.536599175948794, 15.178643632831056 ], [ 75.536492618767738, 15.177784560402889 ], [ 75.536448940775216, 15.177432400889149 ], [ 75.536391569562085, 15.177077000294037 ], [ 75.536378324267389, 15.176994950913365 ], [ 75.536357090784179, 15.176863420665761 ], [ 75.536307943821981, 15.176319261355886 ], [ 75.536296710618316, 15.176194913668862 ], [ 75.536276467812499, 15.17597079568433 ], [ 75.536257667797344, 15.175509361944524 ], [ 75.536197658288472, 15.174036419237463 ], [ 75.536168224255249, 15.173314017005424 ], [ 75.536140374242777, 15.172912141597045 ], [ 75.536116259993449, 15.172564161833966 ], [ 75.536128306545578, 15.172463012422236 ], [ 75.536133336635928, 15.17242077112698 ], [ 75.536171324876946, 15.172101790097848 ], [ 75.536286656336628, 15.171133351992511 ], [ 75.536298044563907, 15.171037716274277 ], [ 75.536332326844388, 15.170749845089604 ], [ 75.536340014139824, 15.17068531292286 ], [ 75.536435791290018, 15.169881058699405 ], [ 75.536451870307076, 15.169746038438726 ], [ 75.536450449767329, 15.169624997037198 ], [ 75.536483590241247, 15.169390551215793 ], [ 75.536588047683324, 15.168651594727722 ], [ 75.536599892805768, 15.168567792235596 ], [ 75.53661518124423, 15.168488437732526 ], [ 75.536688331022063, 15.168108714849716 ], [ 75.53678492470263, 15.167494947944482 ], [ 75.536780364105823, 15.16741848038173 ], [ 75.536765450682267, 15.167168370973691 ], [ 75.536938077456654, 15.167112614279647 ], [ 75.537104300881822, 15.166491456934883 ], [ 75.537130129277159, 15.166364993959437 ], [ 75.537251382597333, 15.165771302737992 ], [ 75.537134190137749, 15.164916879209613 ], [ 75.537131311834429, 15.164471513297693 ], [ 75.537415240074509, 15.16368563845646 ], [ 75.537406390131224, 15.163437489978765 ], [ 75.537397511712484, 15.163188743064689 ], [ 75.537760648375865, 15.162633160376778 ], [ 75.537879611214706, 15.162451151226913 ], [ 75.53794005504767, 15.162358674759759 ], [ 75.53778104726149, 15.162011733532882 ], [ 75.537759273561122, 15.16186827795125 ], [ 75.538161834449497, 15.160792309791528 ], [ 75.537777078967153, 15.160173936665934 ], [ 75.537842267264523, 15.159999574028049 ], [ 75.538000268504078, 15.15967878293576 ], [ 75.538236869432893, 15.15919840846432 ], [ 75.538293241146221, 15.159223082688758 ], [ 75.538308949972603, 15.158672687418475 ], [ 75.539650772678598, 15.157544216770232 ], [ 75.539926904048258, 15.157208430681642 ], [ 75.53996472308495, 15.157249154654661 ], [ 75.540103202892311, 15.15739826232014 ], [ 75.5405440373857, 15.157999235702228 ], [ 75.540697119811142, 15.158217200320445 ], [ 75.540731471245934, 15.158262440181767 ], [ 75.540883617616743, 15.158462811788361 ], [ 75.541163372057426, 15.158653492893523 ], [ 75.541291853472558, 15.158915913399488 ], [ 75.541500347680895, 15.159341753133308 ], [ 75.541751839671505, 15.159855412472734 ], [ 75.541780453162872, 15.159862673989872 ], [ 75.541951989787123, 15.159906209911153 ], [ 75.542564849679579, 15.159928695510413 ], [ 75.542929056610973, 15.159344747845953 ], [ 75.54333590313621, 15.158687028385557 ], [ 75.543431038293178, 15.158545443501659 ], [ 75.543887984638317, 15.157865389284249 ], [ 75.544345013988874, 15.157484216621789 ], [ 75.5446428971985, 15.157458999054915 ], [ 75.544587840037991, 15.156552711026313 ], [ 75.544598957434573, 15.156550441181011 ], [ 75.545537928941044, 15.156358691270901 ], [ 75.545551740548845, 15.156282157777357 ], [ 75.545613899576026, 15.155937726740433 ], [ 75.545644776416808, 15.155639273927321 ], [ 75.545654737810381, 15.155543009262219 ], [ 75.546433702877778, 15.155712777132292 ], [ 75.546432012974279, 15.155752833543485 ], [ 75.547332751519136, 15.155958443690722 ], [ 75.547963347785611, 15.156102384067662 ], [ 75.548764527887215, 15.156310934265484 ], [ 75.549804520720286, 15.156581635242103 ], [ 75.550218138632772, 15.15667658533579 ], [ 75.550221479167334, 15.156716493870897 ], [ 75.550284120316277, 15.157854572189075 ], [ 75.550391007363316, 15.158560150950096 ], [ 75.550397980027782, 15.158606175713473 ], [ 75.550406397930374, 15.158675825827439 ], [ 75.550442550349004, 15.158974978862279 ], [ 75.550492687226807, 15.159389859896875 ], [ 75.550631787507783, 15.160540881030306 ], [ 75.550666219777597, 15.160740494213583 ], [ 75.550819808882338, 15.161630907549377 ], [ 75.550821575121958, 15.161641148198878 ], [ 75.55091203997803, 15.162165612719743 ], [ 75.550983526250548, 15.163493275347266 ], [ 75.550992118835012, 15.163652840505044 ], [ 75.550993000944558, 15.16366924547569 ], [ 75.551011138606782, 15.164091945918807 ], [ 75.55101695551572, 15.164227450508623 ], [ 75.551046104332514, 15.164906726269173 ], [ 75.551050884233362, 15.165018115415563 ], [ 75.551051106131581, 15.165023283460831 ], [ 75.551058726222777, 15.165200849260255 ], [ 75.551135773329236, 15.166336716775074 ], [ 75.55120945734275, 15.167423017494528 ], [ 75.552270774699906, 15.167734071310104 ], [ 75.552336757738232, 15.167753410530146 ], [ 75.553876931601792, 15.168026829928046 ], [ 75.555368393902214, 15.168367114483049 ], [ 75.555732360124196, 15.168444766153156 ], [ 75.555776979989574, 15.168995381848744 ], [ 75.555785275355589, 15.16909776568345 ], [ 75.555750437251064, 15.170008692757083 ], [ 75.555818415031879, 15.170812842147306 ], [ 75.555888257860005, 15.17145387684619 ], [ 75.555874920167355, 15.172632690586511 ], [ 75.556073857172152, 15.173309715118712 ], [ 75.556112601973936, 15.173441567936523 ], [ 75.556174827236788, 15.173663352324807 ], [ 75.556626984364286, 15.175411019413531 ], [ 75.556543527243292, 15.175779083313481 ], [ 75.556819829710918, 15.176789993754639 ], [ 75.556848380612763, 15.176832007740149 ], [ 75.55760938462393, 15.176733547561534 ], [ 75.561511901449663, 15.176228578838836 ], [ 75.563506541160379, 15.175969105750809 ], [ 75.565573799646955, 15.175714058139896 ], [ 75.567173212814851, 15.175503599859542 ], [ 75.567384892170892, 15.175472118402149 ], [ 75.573145978666133, 15.174837870928373 ], [ 75.574592869248107, 15.174663632099842 ], [ 75.576933604445202, 15.173330437874581 ], [ 75.577562398050475, 15.172970404712039 ], [ 75.577523849346747, 15.172830229922496 ], [ 75.577239846553923, 15.171798559153721 ], [ 75.576697743392074, 15.169351727503164 ], [ 75.576672428200638, 15.169253081422475 ], [ 75.576623070185434, 15.168921144713376 ], [ 75.576676180538101, 15.168601573041595 ], [ 75.576808606981359, 15.167793127995353 ], [ 75.576810790767425, 15.167779741273039 ], [ 75.576932232682552, 15.167420647783079 ], [ 75.57712906762103, 15.166892383401775 ], [ 75.577121631345818, 15.166249958725482 ], [ 75.577144536267696, 15.165906722444904 ], [ 75.577145494074983, 15.165892300984284 ], [ 75.577287446072432, 15.165669860098282 ], [ 75.577149566905874, 15.16517235535323 ], [ 75.57718688861172, 15.164728593871917 ], [ 75.577187581222915, 15.164720384048728 ], [ 75.57715267701785, 15.164274585206343 ], [ 75.577251815885575, 15.164099496087625 ], [ 75.577238958677029, 15.163665385573974 ], [ 75.577444631926326, 15.163501483435013 ], [ 75.577357794244051, 15.163272688791103 ], [ 75.577357032022135, 15.163270680090843 ], [ 75.577358013967512, 15.163268608987901 ], [ 75.577322728946498, 15.163176400178605 ], [ 75.577321953644599, 15.16317437343028 ], [ 75.577479296396262, 15.162845414386254 ], [ 75.577471741726015, 15.16264513883109 ], [ 75.577633603599864, 15.162442539018198 ], [ 75.577742118284235, 15.162067517513179 ], [ 75.577615390177925, 15.161894724657225 ], [ 75.577648800560823, 15.161880272010027 ], [ 75.577587835303248, 15.161797535368098 ], [ 75.577972201581829, 15.161639690057639 ], [ 75.578035348148177, 15.161010973543863 ], [ 75.578036602885888, 15.160998632484262 ], [ 75.578047610058036, 15.16089007247305 ], [ 75.578203389468257, 15.160791772349656 ], [ 75.578417213963718, 15.160656477775641 ], [ 75.578404604652178, 15.160189932344801 ], [ 75.578102810424838, 15.159667139118625 ], [ 75.57803338542189, 15.158662520754849 ], [ 75.577947024313701, 15.158270105214726 ], [ 75.577535809252311, 15.157428187760413 ], [ 75.577536877952042, 15.157360511749596 ], [ 75.577533985401132, 15.15711693002461 ], [ 75.57778819744162, 15.156928494653217 ], [ 75.577887150567435, 15.156855035917403 ], [ 75.577966019660423, 15.156577497272998 ], [ 75.577963632131144, 15.156567867895747 ], [ 75.577782858010977, 15.155952587835126 ], [ 75.577404788457358, 15.1559608144275 ], [ 75.577192448066896, 15.15596543419877 ], [ 75.577213487006986, 15.155933155314724 ], [ 75.577146338506992, 15.155934439468425 ], [ 75.577187079783855, 15.155870232123162 ], [ 75.577568364889984, 15.155264302109254 ], [ 75.577779061922243, 15.15493673865069 ], [ 75.577819484967137, 15.154872363855795 ], [ 75.578237375718999, 15.154282870868135 ], [ 75.578286768699968, 15.154212708653956 ], [ 75.578373366515905, 15.154213113223546 ], [ 75.578565296082473, 15.154249116705845 ], [ 75.57925211334728, 15.153322492789307 ], [ 75.579074187623377, 15.153257311679454 ], [ 75.578792891111291, 15.153176960829155 ], [ 75.578787215721547, 15.153152183058635 ], [ 75.578476937593777, 15.152008611452324 ], [ 75.57819138417338, 15.150880089379765 ], [ 75.578160149265983, 15.150759070744519 ], [ 75.578169579883522, 15.150722025788422 ], [ 75.578321797357361, 15.149707695901066 ], [ 75.578491494282943, 15.148716962526844 ], [ 75.578497974983705, 15.148700073241036 ], [ 75.579463481454624, 15.148530001822563 ], [ 75.579826524900398, 15.148426575031618 ], [ 75.58006982507699, 15.148354627380945 ], [ 75.580533634192093, 15.148195503279885 ], [ 75.581575415694246, 15.147778276266747 ], [ 75.583922346347904, 15.147208271922425 ], [ 75.584092388367409, 15.147243382764406 ], [ 75.585042614777393, 15.147018445775547 ], [ 75.585585967346262, 15.146889821619586 ], [ 75.585678201245145, 15.146870127657881 ], [ 75.586176447386165, 15.146809180279201 ], [ 75.586833604814004, 15.146882868738361 ], [ 75.588070003504114, 15.146676205720635 ], [ 75.588978473098237, 15.146089962771327 ], [ 75.588957064022296, 15.14606960305329 ], [ 75.588894404207707, 15.146009975863169 ], [ 75.588967904225598, 15.145482773847077 ], [ 75.588977845672588, 15.145411423136188 ], [ 75.589003063988201, 15.145411560760094 ], [ 75.589022993793051, 15.145411672708711 ], [ 75.589032054999308, 15.145350563477709 ], [ 75.589057265944021, 15.145350730949328 ], [ 75.589143059159269, 15.145351319842129 ], [ 75.5894579957546, 15.145225823537665 ], [ 75.589464895738772, 15.145173545184424 ], [ 75.589364967725302, 15.145082991361457 ], [ 75.589206037615682, 15.145047041794353 ], [ 75.58916208585002, 15.145037081541396 ], [ 75.589297314648789, 15.144707133705298 ], [ 75.589343462629444, 15.144594530695363 ], [ 75.589385942974516, 15.144570522760596 ], [ 75.589407530740559, 15.144518397177242 ], [ 75.58962671295825, 15.144392329144786 ], [ 75.589723692199598, 15.144372974672509 ], [ 75.589971214714495, 15.144323592328487 ], [ 75.590621319490211, 15.144023624687911 ], [ 75.592276507021609, 15.143768852552311 ], [ 75.592897865037926, 15.143752765689371 ], [ 75.593367449602553, 15.143780543683826 ], [ 75.593788500904125, 15.143815208065242 ], [ 75.595253482835048, 15.1439268255832 ], [ 75.595312290766984, 15.143808178680917 ], [ 75.595466393569367, 15.143475587496686 ], [ 75.595472786964393, 15.143475952152585 ], [ 75.595559391511927, 15.143352220677837 ], [ 75.59606331918944, 15.142632262790874 ], [ 75.596656031684304, 15.141745852576619 ], [ 75.598012733341037, 15.140204250993127 ], [ 75.598170445576145, 15.140025042842415 ], [ 75.59959348414209, 15.139418118901727 ], [ 75.599872268100214, 15.139295099591342 ], [ 75.601490768579666, 15.138320862253432 ], [ 75.602083369186957, 15.137442930840709 ], [ 75.602184088735243, 15.13730088269778 ], [ 75.601868943830112, 15.137090483429379 ], [ 75.601471816451081, 15.136908497204898 ], [ 75.601727743279042, 15.136473537075021 ], [ 75.602231020440428, 15.135513349794024 ], [ 75.602670501219237, 15.134656993900704 ], [ 75.602825604218296, 15.134720351260821 ], [ 75.603766538569261, 15.135101607377731 ], [ 75.603787376266609, 15.135111475643393 ], [ 75.603641883729921, 15.133716233074358 ], [ 75.603538679984737, 15.132691268739649 ], [ 75.603257457307066, 15.129716351116372 ], [ 75.601614526488447, 15.130016658454069 ], [ 75.60027631203279, 15.130267159327472 ], [ 75.600287566005392, 15.130253349913444 ], [ 75.600119357538787, 15.13028426805206 ], [ 75.601668792847732, 15.128414179634962 ], [ 75.602292169483775, 15.127939643914621 ], [ 75.603322546922513, 15.127383868364312 ], [ 75.603395605217017, 15.12734446655743 ], [ 75.603390608682147, 15.126162606534061 ], [ 75.603240931177595, 15.123997108180951 ], [ 75.60324251036532, 15.123862125497896 ], [ 75.603245226985706, 15.12363077320803 ], [ 75.603182726778954, 15.12302551720164 ], [ 75.60322083274049, 15.11887961243313 ], [ 75.603222106283226, 15.118838282195833 ], [ 75.603576251361176, 15.115645622346724 ], [ 75.603581057530505, 15.115619773006943 ], [ 75.603822771673308, 15.113653162334318 ], [ 75.603826761277219, 15.113623241427103 ], [ 75.603831209572817, 15.113589870872268 ], [ 75.603833364391434, 15.11357238522287 ], [ 75.60383770688793, 15.113541128830411 ], [ 75.603921139827577, 15.112915225397259 ], [ 75.60415475112184, 15.111162700688091 ], [ 75.604177974605065, 15.110966776355784 ], [ 75.604349665190355, 15.109643601382363 ], [ 75.604437529603175, 15.109012404174578 ], [ 75.604466236545974, 15.108810190894999 ], [ 75.60474120724875, 15.106906237695148 ], [ 75.604740288722937, 15.106874017267341 ], [ 75.604649281004711, 15.10437470397741 ], [ 75.604654004721453, 15.104097278144618 ], [ 75.604679693702195, 15.103189436525399 ], [ 75.604680201800647, 15.103168398343294 ], [ 75.604694520871362, 15.103054127118703 ], [ 75.604732211222938, 15.102743941864766 ], [ 75.604754807089265, 15.102543219718289 ], [ 75.604891491168942, 15.101138744256572 ], [ 75.604974283441223, 15.100471326741618 ], [ 75.604976066773261, 15.100457000586569 ], [ 75.605079756748736, 15.099948864262489 ], [ 75.605218976585391, 15.099266557632619 ], [ 75.605461008296331, 15.09808038485532 ], [ 75.605447075557137, 15.098058505622113 ], [ 75.605431493157326, 15.098034068661695 ], [ 75.605139441647395, 15.097916777759105 ], [ 75.603557129648578, 15.097815851631937 ], [ 75.602652038155142, 15.097697025728616 ], [ 75.60155096905541, 15.097441082876685 ], [ 75.601321526731098, 15.09750048053667 ], [ 75.60033510718965, 15.097879325024817 ], [ 75.599571941204104, 15.098192704315618 ], [ 75.599344756463509, 15.098216468173822 ], [ 75.599316191378691, 15.098219454903504 ], [ 75.598135980378331, 15.098023897114658 ], [ 75.598088804784396, 15.098016079468746 ], [ 75.598009221182338, 15.098007342991542 ], [ 75.596978341462631, 15.097894184072739 ], [ 75.595775172469871, 15.097728251103517 ], [ 75.595747837341747, 15.097345270191685 ], [ 75.595793715879623, 15.097154270813558 ], [ 75.596304076593896, 15.095658142683215 ], [ 75.59652010766608, 15.095076951102653 ], [ 75.596844664733027, 15.093237259046752 ], [ 75.59705612857735, 15.092038573769772 ], [ 75.595502145618724, 15.091834222848654 ], [ 75.595176845170087, 15.091791439220156 ], [ 75.595166885238996, 15.091155128087269 ], [ 75.595184104765153, 15.091092545488463 ], [ 75.595183487198767, 15.091052374516963 ], [ 75.595470340834311, 15.090015831149755 ], [ 75.595588738429825, 15.089588502582417 ], [ 75.595605332997877, 15.089528634615506 ], [ 75.595666772590121, 15.089307068236177 ], [ 75.595704858390093, 15.089169774967244 ], [ 75.595706307357943, 15.089163486943647 ], [ 75.595808666107885, 15.088719230079018 ], [ 75.5958118066591, 15.088703229666818 ], [ 75.595830160734522, 15.088609636391542 ], [ 75.595864497100109, 15.08836408077539 ], [ 75.595935673788361, 15.087854981644698 ], [ 75.595959485114591, 15.087684582551361 ], [ 75.595968371586125, 15.087628273196428 ], [ 75.595970852970183, 15.087609746906619 ], [ 75.596005627678593, 15.087379668206182 ], [ 75.59605982930033, 15.087013357816192 ], [ 75.596103211488796, 15.08667663455482 ], [ 75.596125523858049, 15.086498333257525 ], [ 75.59613896197709, 15.08635473104251 ], [ 75.596179854544161, 15.08619481490472 ], [ 75.596214374576306, 15.086009374550686 ], [ 75.596235048003265, 15.085895090469947 ], [ 75.596232880954176, 15.08585773353002 ], [ 75.596230429257815, 15.085816734827104 ], [ 75.596256754716777, 15.085409467250878 ], [ 75.596266143134088, 15.085351958840835 ], [ 75.596291799173969, 15.085125489626337 ], [ 75.596287990137, 15.085091922361427 ], [ 75.596294725399801, 15.085079699644085 ], [ 75.596294831547368, 15.085080392789093 ], [ 75.596363040555147, 15.085077328620937 ], [ 75.596362467837665, 15.085064259690027 ], [ 75.596370045968058, 15.085050980602473 ], [ 75.596379924474277, 15.084790811976301 ], [ 75.596376048941963, 15.084742741740097 ], [ 75.596326866279313, 15.084133394534238 ], [ 75.596311390193918, 15.083799869181789 ], [ 75.596308357441274, 15.083734673567509 ], [ 75.596308376962398, 15.083718310688239 ], [ 75.596309786953881, 15.082817144468649 ], [ 75.596310267325109, 15.082515125641004 ], [ 75.596309065463444, 15.082446807050875 ], [ 75.596292146278884, 15.081484918024973 ], [ 75.596291640392465, 15.081456311749717 ], [ 75.596284730825602, 15.081063411324761 ], [ 75.596275848690695, 15.080558320511447 ], [ 75.596266539509188, 15.0800281698695 ], [ 75.596246280351423, 15.079670542599469 ], [ 75.596185487081968, 15.079232015101249 ], [ 75.596178105989097, 15.079174682775657 ], [ 75.5961239192265, 15.078753481611656 ], [ 75.596111704919721, 15.078658590483551 ], [ 75.596049729395915, 15.078176869341601 ], [ 75.596011160448924, 15.077877077631666 ], [ 75.595972115153799, 15.077573583164362 ], [ 75.595946810785406, 15.077083224725863 ], [ 75.595889773630446, 15.076569233095864 ], [ 75.595844713184135, 15.076163046110132 ], [ 75.595830993547253, 15.076039349662334 ], [ 75.595783968510915, 15.075615541064845 ], [ 75.595780990821368, 15.075584700970746 ], [ 75.595738783224192, 15.075147616005854 ], [ 75.595719028857388, 15.074943020737846 ], [ 75.595677168066459, 15.07450941459965 ], [ 75.595575933382648, 15.073849887927073 ], [ 75.59546154202063, 15.073236185269712 ], [ 75.595461395585218, 15.073235388260526 ], [ 75.595405608363208, 15.072936051927222 ], [ 75.595426010391463, 15.072539728902518 ], [ 75.595449737512695, 15.072078754893374 ], [ 75.595449511985919, 15.071981610857993 ], [ 75.595449498549641, 15.07197142739655 ], [ 75.595449057849336, 15.071780190547921 ], [ 75.595434783795625, 15.071725905799759 ], [ 75.59542957587108, 15.071706066899294 ], [ 75.595460244255506, 15.071287674632515 ], [ 75.595497578593978, 15.070838661012568 ], [ 75.59551503748655, 15.070564787203287 ], [ 75.595520583934317, 15.070466826988733 ], [ 75.595554025239394, 15.070120872714254 ], [ 75.595608525785437, 15.06932838487417 ], [ 75.595636607120724, 15.069213055145799 ], [ 75.595651645516966, 15.068994621003837 ], [ 75.595653933989979, 15.06896137487364 ], [ 75.595650894505042, 15.068927666288994 ], [ 75.595644230844385, 15.068853753972835 ], [ 75.595637711225308, 15.068781449626755 ], [ 75.595258702713807, 15.068367384785599 ], [ 75.595017970268856, 15.068394140615572 ], [ 75.594893634451026, 15.068276253540544 ], [ 75.594883275953094, 15.068271852550172 ], [ 75.594147744814805, 15.067677100897777 ], [ 75.5934885185155, 15.067224446695073 ], [ 75.593309252999248, 15.067051663203864 ], [ 75.59307817426226, 15.066828939207852 ], [ 75.592787044172255, 15.066548333871568 ], [ 75.592092360898732, 15.066011302034243 ], [ 75.592031916995339, 15.065956183710114 ], [ 75.591845949658946, 15.065786603325401 ], [ 75.591322152499757, 15.065376915943006 ], [ 75.590530145564372, 15.064678424237727 ], [ 75.590499592129731, 15.064651475515442 ], [ 75.590334441596795, 15.064561370265238 ], [ 75.5903860470533, 15.0645283046358 ], [ 75.590315184069951, 15.064489118710238 ], [ 75.591074126628612, 15.064009525631343 ], [ 75.591522020061277, 15.063446103732037 ], [ 75.591445658358751, 15.063349654198655 ], [ 75.591384789616797, 15.063272754865272 ], [ 75.591261846731143, 15.063157142931853 ], [ 75.59101091725293, 15.062910590721499 ], [ 75.590631136312851, 15.062533927251796 ], [ 75.5905484383035, 15.0624401791769 ], [ 75.590299330288019, 15.062180100908687 ], [ 75.589924621940355, 15.061815382974107 ], [ 75.589563791259224, 15.06143395352459 ], [ 75.588966095517833, 15.060886565014476 ], [ 75.588875265714634, 15.060767873114045 ], [ 75.588846830782458, 15.060733874072636 ], [ 75.588502947947532, 15.060386617187353 ], [ 75.588152225723633, 15.060034161842104 ], [ 75.588110899032472, 15.059991825267268 ], [ 75.587361110096438, 15.059275377014677 ], [ 75.586284136480387, 15.058248963451653 ], [ 75.585438915766858, 15.057455000581715 ], [ 75.585368228911747, 15.057356980234445 ], [ 75.585248326957213, 15.05723944660244 ], [ 75.584612945376293, 15.056650559800447 ], [ 75.584614735529058, 15.056607286950106 ], [ 75.584627462435336, 15.056299518444897 ], [ 75.584529121916518, 15.056189765830256 ], [ 75.584532549173389, 15.056155911961376 ], [ 75.584566130246756, 15.055696207874307 ], [ 75.584620840282582, 15.054690567349835 ], [ 75.584639833960566, 15.054321609589389 ], [ 75.58466784271306, 15.053950921700263 ], [ 75.584668558573881, 15.05394629821188 ], [ 75.584812780385121, 15.053918440039576 ], [ 75.58649872382442, 15.053771061764573 ], [ 75.586611986203053, 15.053766502767791 ], [ 75.587896351466611, 15.053577246763959 ], [ 75.58995089573304, 15.053184488116917 ], [ 75.589977806433737, 15.053183198581598 ], [ 75.590093219944904, 15.053176490511641 ], [ 75.590120996735962, 15.053183287483925 ], [ 75.590209914177848, 15.053204454017482 ], [ 75.590203036178309, 15.05317712538246 ], [ 75.590223421128627, 15.052987872601092 ], [ 75.590251383551873, 15.052451847747982 ], [ 75.590419630975319, 15.051224104108343 ], [ 75.590497693588105, 15.05046675468231 ], [ 75.590528604048842, 15.050281908066218 ], [ 75.590650202686447, 15.049663877513254 ], [ 75.590707426220206, 15.049370473169468 ], [ 75.590950968933441, 15.048165133219452 ], [ 75.59124967259811, 15.046579340246407 ], [ 75.591595024754, 15.044609258444071 ], [ 75.591535999344273, 15.044350345192903 ], [ 75.591365834794516, 15.04361187948988 ], [ 75.591342733807195, 15.043512526370145 ], [ 75.591324372234439, 15.043347836790613 ], [ 75.591164195153013, 15.041780491910517 ], [ 75.591014629893266, 15.040200620144633 ], [ 75.590987344257201, 15.039700744240946 ], [ 75.591038403786001, 15.038561246404624 ], [ 75.591074237339271, 15.037771456495458 ], [ 75.591075514298197, 15.037743303802602 ], [ 75.591076597975771, 15.037721310191472 ], [ 75.591081148446904, 15.037628921476745 ], [ 75.591116603955498, 15.03690797260726 ], [ 75.591189859768363, 15.035630217582499 ], [ 75.591168813199744, 15.035508649417052 ], [ 75.591130016128133, 15.0352840959634 ], [ 75.591042456134574, 15.034699485475336 ], [ 75.590957531374357, 15.033952738796845 ], [ 75.59094430813586, 15.033837379340289 ], [ 75.590964555976868, 15.033627713430615 ], [ 75.59090434095954, 15.032071212496168 ], [ 75.590880902296476, 15.030766251512645 ], [ 75.590943369720208, 15.030497766759213 ], [ 75.591138937007841, 15.029757907373378 ], [ 75.591200237793501, 15.029544327560222 ], [ 75.591219960431062, 15.02947587006809 ], [ 75.591315554793027, 15.028418762588009 ], [ 75.591391188618218, 15.027553009977995 ], [ 75.591368130076233, 15.02720078934925 ], [ 75.591334357890275, 15.025389602288335 ], [ 75.591326181175219, 15.024166417407034 ], [ 75.591318438286294, 15.023971222475499 ], [ 75.591421076344673, 15.023467592409515 ], [ 75.591400232829344, 15.022573201415495 ], [ 75.592275638279077, 15.019291961376741 ], [ 75.592367579959586, 15.019299691431216 ], [ 75.592378715364077, 15.019253422397815 ], [ 75.592663333763795, 15.018088111275942 ], [ 75.59306037860263, 15.01653279431275 ], [ 75.593145924403458, 15.01625855480413 ], [ 75.593368851383502, 15.015558824555379 ], [ 75.593403115770812, 15.015545965074224 ], [ 75.595718180821251, 15.014678962843453 ], [ 75.597219501915006, 15.013936848697909 ], [ 75.598720168552944, 15.013393398889333 ], [ 75.600816352356091, 15.012737560439911 ], [ 75.603220159218438, 15.012025224701382 ], [ 75.604611926893796, 15.011442430532322 ], [ 75.605102499255878, 15.011244955361427 ], [ 75.605905093408396, 15.010924974268127 ], [ 75.607760045453247, 15.010326138847486 ], [ 75.607841308133999, 15.010300981950385 ], [ 75.609224489569456, 15.009797469928277 ], [ 75.610190153550491, 15.009434901215814 ], [ 75.610271725270692, 15.009404480911465 ], [ 75.610279031148551, 15.009401993191631 ], [ 75.61161421007958, 15.008886102257909 ], [ 75.611839657829364, 15.008803132221601 ], [ 75.611939992629971, 15.00876631246858 ], [ 75.614233931899975, 15.007943606857651 ], [ 75.614641969027772, 15.007800145900648 ], [ 75.614744586244072, 15.007766210016243 ], [ 75.61586957825331, 15.007402621511664 ], [ 75.616159905494683, 15.00730277708006 ], [ 75.616524821792567, 15.007185564586091 ], [ 75.616606241117381, 15.007113981677415 ], [ 75.618667768193504, 15.006428343060991 ], [ 75.618794145793458, 15.006394141019397 ], [ 75.618826402801261, 15.006389752646896 ], [ 75.618882292186186, 15.006382167401378 ], [ 75.618922543536598, 15.006376713074275 ], [ 75.619270669239341, 15.005347506975403 ], [ 75.619338548722169, 15.005141873679991 ], [ 75.619595751690284, 15.004354275707332 ], [ 75.619621729341304, 15.004123329204894 ], [ 75.619656047138207, 15.003233553137331 ], [ 75.619699965332202, 15.003211931962632 ], [ 75.621344371150258, 15.002397528457124 ], [ 75.621556729342387, 15.002334455531281 ], [ 75.622565352337944, 15.002034254583883 ], [ 75.62265728971839, 15.001904003386986 ], [ 75.622912879117337, 15.001541770648974 ], [ 75.62301689970289, 15.001447614954575 ], [ 75.623090078950298, 15.001405762138337 ], [ 75.623623194617565, 15.001100592018073 ], [ 75.62389452242536, 15.000945101751817 ], [ 75.624603952943644, 15.000590714803044 ], [ 75.624651076342744, 15.000499298289816 ], [ 75.624952447908541, 14.999912633860074 ], [ 75.625130251898227, 14.99956481345202 ], [ 75.625369302306183, 14.999053367814859 ], [ 75.625374536416047, 14.999053808193194 ], [ 75.625755623227434, 14.999086073058738 ], [ 75.625813004453747, 14.999084337784 ], [ 75.626262277857293, 14.999070486469718 ], [ 75.626347771831519, 14.99898471946606 ], [ 75.62706618492426, 14.998354865638373 ], [ 75.627761427598728, 14.997766154722337 ], [ 75.627787291929351, 14.997734217479511 ], [ 75.627819852020664, 14.997709263844719 ], [ 75.627880000899637, 14.997663234285346 ], [ 75.628014351174016, 14.997629995320677 ], [ 75.628273307718075, 14.997565729185755 ], [ 75.629099734722388, 14.997194875532696 ], [ 75.630521793882735, 14.996535895735686 ], [ 75.630440866783772, 14.995987004197463 ], [ 75.630437102638936, 14.995969214273194 ], [ 75.630387341755636, 14.995379345989294 ], [ 75.630298194583986, 14.994922935063235 ], [ 75.631317318054428, 14.994810550029829 ], [ 75.631467583857074, 14.994798315488927 ], [ 75.631862180664655, 14.994768460933285 ], [ 75.632063841314348, 14.994762769083982 ], [ 75.632096861700987, 14.993563972097963 ], [ 75.632102458900619, 14.993452765239534 ], [ 75.632186337575973, 14.991538038431413 ], [ 75.631978314689647, 14.991557362765166 ], [ 75.631980582630305, 14.99147448529142 ], [ 75.631510875696122, 14.990086609252423 ], [ 75.631473729269914, 14.98997683805586 ], [ 75.63086579095345, 14.988293013358554 ], [ 75.630812592894145, 14.988134255691874 ], [ 75.630486553938155, 14.987161185858506 ], [ 75.630284297082213, 14.986442431504587 ], [ 75.630270243780586, 14.986392503880165 ], [ 75.630109735633638, 14.98582210937713 ], [ 75.63008232367855, 14.985752995289102 ], [ 75.629526589587158, 14.984351990904527 ], [ 75.629527704627762, 14.984350368624192 ], [ 75.629401023801975, 14.984035438916175 ], [ 75.628158578298581, 14.983573646101014 ], [ 75.628152977989942, 14.983571564978389 ], [ 75.626179030845591, 14.982980787427353 ], [ 75.62293526171355, 14.982009930449442 ], [ 75.621930643452004, 14.981816467465753 ], [ 75.619403351198528, 14.981299379964566 ], [ 75.617874361310513, 14.980986533386675 ], [ 75.617827731572646, 14.980976991529447 ], [ 75.617753717530036, 14.980961847149981 ], [ 75.617753965830602, 14.980960542795978 ], [ 75.617755669171359, 14.980951614021723 ], [ 75.617757648301279, 14.980941237070494 ], [ 75.617763981970015, 14.980907864836357 ], [ 75.617765761416464, 14.980898557046912 ], [ 75.617772439935422, 14.98086382052773 ], [ 75.617774181848759, 14.980854721682025 ], [ 75.617831384331026, 14.980513369251574 ], [ 75.61791492907048, 14.980014765932296 ], [ 75.617937006827603, 14.97986904276771 ], [ 75.617955774869813, 14.979745151219113 ], [ 75.617979000757728, 14.979591826156794 ], [ 75.617979013555086, 14.979591748371348 ], [ 75.618014285940561, 14.979419554178669 ], [ 75.618098755305198, 14.979007193754864 ], [ 75.618098891803982, 14.979006470121961 ], [ 75.618162806235389, 14.978658596358512 ], [ 75.61836742638441, 14.977544937211448 ], [ 75.618397206275731, 14.977382746106395 ], [ 75.618397343709177, 14.977381700618714 ], [ 75.618440223967028, 14.977055883649509 ], [ 75.618638935356074, 14.975543179843262 ], [ 75.618772526419093, 14.974160267961503 ], [ 75.618772529382113, 14.974160234051366 ], [ 75.618700582812494, 14.974155324783265 ], [ 75.618131873130054, 14.974116462464975 ], [ 75.617657449421756, 14.97408385743042 ], [ 75.617367989542913, 14.974072542560787 ], [ 75.616428547596499, 14.974035818229403 ], [ 75.615919339670754, 14.974015908125809 ], [ 75.614328309498276, 14.973953695508968 ], [ 75.614318687484385, 14.973953319107638 ], [ 75.614153070989275, 14.973924736895187 ], [ 75.613829417013079, 14.973871254819796 ], [ 75.613615478585004, 14.973835903210336 ], [ 75.613518717782839, 14.973819914459686 ], [ 75.613484485750647, 14.973814259294722 ], [ 75.613446233244943, 14.973807933260895 ], [ 75.61339430691973, 14.973799351245132 ], [ 75.613386855899606, 14.973798116418921 ], [ 75.612469149153199, 14.97370169319413 ], [ 75.612187737759342, 14.973672127587731 ], [ 75.612074984368306, 14.973660280236775 ], [ 75.612054054805625, 14.973658080716653 ], [ 75.611660492044493, 14.973669170772363 ], [ 75.611660199117296, 14.97366917969457 ], [ 75.611228390821665, 14.973697718141956 ], [ 75.610467357762516, 14.973755558674108 ], [ 75.610067689735331, 14.97377441933782 ], [ 75.609828154038709, 14.973790246595197 ], [ 75.609676092529412, 14.973800291476584 ], [ 75.609674607941287, 14.973795255197006 ], [ 75.609413891486426, 14.972910779467282 ], [ 75.609086819173967, 14.971648821626596 ], [ 75.609032295171758, 14.971438458363112 ], [ 75.609019215415273, 14.971387996764344 ], [ 75.608999858008048, 14.971297966754125 ], [ 75.608821247340927, 14.970467404413073 ], [ 75.608820911884692, 14.970465853905802 ], [ 75.608697088660961, 14.969890006425469 ], [ 75.608693736782072, 14.969819770102594 ], [ 75.608675661276152, 14.969440835807132 ], [ 75.608626362615553, 14.968407258482479 ], [ 75.608664048047515, 14.96828554371451 ], [ 75.608685877572356, 14.968215029557726 ], [ 75.608725761788861, 14.968086194068972 ], [ 75.60872576178285, 14.968086193798065 ], [ 75.608725766474834, 14.968086178932161 ], [ 75.608760537236961, 14.967973861115054 ], [ 75.608776848509535, 14.967915511691714 ], [ 75.60881479639815, 14.96777976034371 ], [ 75.60882722937464, 14.967758429676085 ], [ 75.608851658763328, 14.967679516950488 ], [ 75.608851668880746, 14.967679477143934 ], [ 75.608853957151354, 14.967672082889354 ], [ 75.60885684227803, 14.967653750375703 ], [ 75.60890847520821, 14.967324157387692 ], [ 75.608908415081459, 14.967280135136527 ], [ 75.608908159853442, 14.967102454082877 ], [ 75.6089066609848, 14.966054750295708 ], [ 75.608945058793992, 14.965919720078737 ], [ 75.609389827780689, 14.964355580214162 ], [ 75.609400568216458, 14.964317807960297 ], [ 75.609579883619261, 14.963830404607513 ], [ 75.609941114955419, 14.962832203783453 ], [ 75.609941161981794, 14.962832061717041 ], [ 75.610014319842364, 14.962591199823384 ], [ 75.610634770787982, 14.960512995827969 ], [ 75.610678230141772, 14.960366562868831 ], [ 75.610698195327103, 14.960297459564194 ], [ 75.610712213754525, 14.960248958790739 ], [ 75.610770797469172, 14.960079641239048 ], [ 75.610837462460296, 14.959880469178991 ], [ 75.610942855661662, 14.959565586791763 ], [ 75.611022680131086, 14.95932709731421 ], [ 75.611055693328865, 14.959092645015165 ], [ 75.611074878177064, 14.958946834667987 ], [ 75.611198159809845, 14.959069887344048 ], [ 75.611307498542061, 14.959179023691961 ], [ 75.611438078383912, 14.958812321333466 ], [ 75.611278169555547, 14.95838576823283 ], [ 75.611126069963575, 14.958109893585137 ], [ 75.611037309022876, 14.958045545386005 ], [ 75.61093384918226, 14.958002766274264 ], [ 75.610837850576502, 14.957988669927735 ], [ 75.610672878459852, 14.958033125521776 ], [ 75.610597990385457, 14.958068639225562 ], [ 75.610304920119191, 14.958207615256281 ], [ 75.610043841228801, 14.958331421751479 ], [ 75.609654724373911, 14.958203289557797 ], [ 75.60769941020402, 14.957600921290469 ], [ 75.607461791575943, 14.957099222187258 ], [ 75.607209306590121, 14.956559288902707 ], [ 75.607021492171825, 14.956267957815953 ], [ 75.60663239226389, 14.956144604612954 ], [ 75.606258326906058, 14.956116893447026 ], [ 75.605574526588796, 14.956190470331011 ], [ 75.605473349595357, 14.956212268444688 ], [ 75.605102405513463, 14.956292187149634 ], [ 75.605003795413282, 14.95634374092284 ], [ 75.604941585666012, 14.956378504695286 ], [ 75.604936252164691, 14.956379052815977 ], [ 75.604743703026315, 14.95647971831163 ], [ 75.604617517107243, 14.956539043842838 ], [ 75.604477402509417, 14.956521327731053 ], [ 75.60426421755966, 14.956500363972866 ], [ 75.604015521157251, 14.956504300166936 ], [ 75.60400022087218, 14.956495970643491 ], [ 75.603968208381588, 14.956478545557873 ], [ 75.60379638161875, 14.956496206869842 ], [ 75.603795843349644, 14.95649626525036 ], [ 75.603595658002845, 14.956355587660777 ], [ 75.603636199061157, 14.956278370940357 ], [ 75.603635199400244, 14.95627765971089 ], [ 75.603598141248838, 14.956251293367391 ], [ 75.603609998905327, 14.956228374269482 ], [ 75.603639474696934, 14.956171401532876 ], [ 75.603681381579634, 14.95609040338652 ], [ 75.603687729393059, 14.956078133574069 ], [ 75.603688490610764, 14.956076661523413 ], [ 75.603691817594353, 14.956070231029466 ], [ 75.603707048465239, 14.956040793614655 ], [ 75.603716308884003, 14.95602289270769 ], [ 75.603733094555579, 14.955990448722476 ], [ 75.603834180561677, 14.955795158178327 ], [ 75.60383423182077, 14.955795059310685 ], [ 75.603820223490743, 14.95558983273197 ], [ 75.603614289034823, 14.955193372801915 ], [ 75.603178393946891, 14.954969784975917 ], [ 75.602755644478449, 14.954752932261757 ], [ 75.602373394588597, 14.954750831718229 ], [ 75.602151065893437, 14.955020616864886 ], [ 75.602129913726841, 14.955046284401373 ], [ 75.60211571693344, 14.955030438906377 ], [ 75.601927458441423, 14.954820379721648 ], [ 75.601503724834046, 14.954787105794653 ], [ 75.601205873160794, 14.954947237465094 ], [ 75.60089393696019, 14.955261253628887 ], [ 75.60047113615542, 14.955390742856478 ], [ 75.60044584219844, 14.955398489551591 ], [ 75.600112149791258, 14.955671511104635 ], [ 75.600111864025322, 14.955671746013151 ], [ 75.599945335242992, 14.95580799475899 ], [ 75.600027390433098, 14.95584453395066 ], [ 75.599911416759213, 14.955929599723856 ], [ 75.600002175423199, 14.955969351014891 ], [ 75.599840456781592, 14.956087980227723 ], [ 75.599762581971476, 14.956145103141386 ], [ 75.599617977137768, 14.956168176295463 ], [ 75.598965490270857, 14.95627228971586 ], [ 75.598586820313884, 14.956371369382019 ], [ 75.598565882977468, 14.956088424503895 ], [ 75.598551993560136, 14.955900671962363 ], [ 75.597885698924017, 14.955820046437601 ], [ 75.597720368669854, 14.955940845306021 ], [ 75.597431061845612, 14.95615222491298 ], [ 75.597398277288448, 14.956176182104921 ], [ 75.597116336769432, 14.956382180843431 ], [ 75.596698781632909, 14.956040073206269 ], [ 75.596468036517535, 14.956125011678354 ], [ 75.596331954365908, 14.956175098928755 ], [ 75.596083545106325, 14.956266534691592 ], [ 75.595901883181227, 14.956062428265389 ], [ 75.595755254696414, 14.95602902344589 ], [ 75.595724159537269, 14.95602194241885 ], [ 75.595708046389746, 14.956050665064511 ], [ 75.59570311210247, 14.956183245174321 ], [ 75.595666785078336, 14.956177359650768 ], [ 75.595664671378259, 14.956239490988018 ], [ 75.595941370950442, 14.95630018781555 ], [ 75.596077274074915, 14.956329999650508 ], [ 75.596221611147996, 14.956540023870629 ], [ 75.596148333675856, 14.956526104999599 ], [ 75.596266576709297, 14.956696665508034 ], [ 75.596028938880124, 14.956653285989272 ], [ 75.595749364033196, 14.956602250464032 ], [ 75.595651719717694, 14.956584425780633 ], [ 75.595652192245552, 14.956607676229938 ], [ 75.595652890177391, 14.95664255486102 ], [ 75.595611977490378, 14.956718360803523 ], [ 75.595612864914315, 14.956751449463008 ], [ 75.595613793425869, 14.956785976708073 ], [ 75.595555310975442, 14.956894631041973 ], [ 75.595469432038939, 14.956991329784984 ], [ 75.595382936501565, 14.957088711784388 ], [ 75.595382872535779, 14.957088784277868 ], [ 75.595324705557957, 14.95706206928636 ], [ 75.595281524941754, 14.957042236874472 ], [ 75.59528147208276, 14.957042290353209 ], [ 75.595206658260238, 14.957117391430121 ], [ 75.595152178873661, 14.957172079518223 ], [ 75.595035912325898, 14.95728879416332 ], [ 75.59497805501212, 14.957214184442817 ], [ 75.595049432431011, 14.957155129933916 ], [ 75.595066111711049, 14.957141332197798 ], [ 75.595022502157519, 14.957083565945101 ], [ 75.595014839962388, 14.957073416515776 ], [ 75.594974548459746, 14.957080361163253 ], [ 75.594860171016094, 14.957100073463275 ], [ 75.594622095052458, 14.957141103409896 ], [ 75.594569367427425, 14.957150192049298 ], [ 75.594568746277261, 14.957150209940233 ], [ 75.594522156531312, 14.95715163765364 ], [ 75.594500299223043, 14.957152307532153 ], [ 75.594421086242889, 14.957154736902906 ], [ 75.594417325874034, 14.957154847949615 ], [ 75.594409400685322, 14.957155096410094 ], [ 75.594397298530296, 14.9571554615216 ], [ 75.594220064351106, 14.957267654930716 ], [ 75.594170101121492, 14.957299277807163 ], [ 75.594148953032885, 14.957312671690904 ], [ 75.593986528132163, 14.957415490819884 ], [ 75.593986417649191, 14.957415556201324 ], [ 75.593925744777522, 14.95745008368125 ], [ 75.593863793364392, 14.957485340450329 ], [ 75.593785962936636, 14.957529631420389 ], [ 75.593670809109895, 14.95759515598842 ], [ 75.593628235151485, 14.957619383117535 ], [ 75.593450890514163, 14.957726190611048 ], [ 75.593353474185349, 14.957797799514744 ], [ 75.593229190227021, 14.957889151957376 ], [ 75.593083991336172, 14.957979679894617 ], [ 75.592854704851533, 14.958122632426148 ], [ 75.592831921086344, 14.958135443689171 ], [ 75.592468295917158, 14.95833988600647 ], [ 75.592412304251638, 14.958290540832357 ], [ 75.592336320660095, 14.958223575380003 ], [ 75.592142245624828, 14.957967246597125 ], [ 75.591931737044021, 14.957972962899342 ], [ 75.591845487282583, 14.958067789847293 ], [ 75.591844482255809, 14.958068895435073 ], [ 75.591751632689139, 14.958129161856677 ], [ 75.591750800015376, 14.958129703752983 ], [ 75.591639091197905, 14.95820220696613 ], [ 75.59162452048939, 14.958212258358055 ], [ 75.591624444375782, 14.958212310088076 ], [ 75.591522502294993, 14.958282637122384 ], [ 75.591490154870002, 14.958304945121087 ], [ 75.591367800843429, 14.958389344600757 ], [ 75.591354339309774, 14.958398635480718 ], [ 75.59111213074263, 14.958529109967253 ], [ 75.591086199341873, 14.958484345377151 ], [ 75.59108534998839, 14.958482873014759 ], [ 75.591055632531791, 14.958431562707917 ], [ 75.590936666038047, 14.958527843709417 ], [ 75.590936632636982, 14.958527871822477 ], [ 75.590919338447861, 14.958543837506063 ], [ 75.590865298252197, 14.958593721885732 ], [ 75.590864798282254, 14.958594186070723 ], [ 75.590845374310419, 14.958612118219349 ], [ 75.590803518121902, 14.958650751369426 ], [ 75.590800559069507, 14.958653482128108 ], [ 75.590757453547837, 14.958688572684805 ], [ 75.590642722226391, 14.958781967593914 ], [ 75.590376165219425, 14.958869053120671 ], [ 75.59029205690743, 14.958896532353116 ], [ 75.590288611904214, 14.958897377538037 ], [ 75.590288584025771, 14.958897384842782 ], [ 75.590269131422318, 14.958902158072229 ], [ 75.59003835139697, 14.958958759016051 ], [ 75.590021727147814, 14.958922523788923 ], [ 75.589930228595776, 14.958723161018582 ], [ 75.589862430594309, 14.958575427089954 ], [ 75.589671249805036, 14.958565678564113 ], [ 75.589373899666668, 14.959132973640976 ], [ 75.588588689374831, 14.960631033895991 ], [ 75.588588662556759, 14.96063108911429 ], [ 75.588176295261391, 14.961601914433222 ], [ 75.588061777466791, 14.961741188937733 ], [ 75.587570293089072, 14.962338904335621 ], [ 75.587172169599654, 14.962823081446951 ], [ 75.587014302990639, 14.963114445357139 ], [ 75.586927875599585, 14.963210470724 ], [ 75.586863496105934, 14.96328200016325 ], [ 75.586817734963333, 14.963332841472386 ], [ 75.58684049302903, 14.963402888376715 ], [ 75.586879131238035, 14.963521816260027 ], [ 75.586889180903754, 14.963552739035515 ], [ 75.587002030681418, 14.963996335257068 ], [ 75.586984478019716, 14.964169794619083 ], [ 75.586962416259809, 14.96438781342373 ], [ 75.586959650567366, 14.9644151699902 ], [ 75.586958618130055, 14.964425360771196 ], [ 75.586803278232324, 14.964496733543326 ], [ 75.586434249251852, 14.964666311859318 ], [ 75.586427355607157, 14.964669480306267 ], [ 75.586216361315124, 14.964830926764259 ], [ 75.585969676894379, 14.965019691173856 ], [ 75.585922249136956, 14.965055984452077 ], [ 75.585902884903291, 14.965095929600803 ], [ 75.585858845387676, 14.965186796167265 ], [ 75.585847338840509, 14.96521728459498 ], [ 75.585802136165285, 14.965337021838577 ], [ 75.585555368132987, 14.965970107347804 ], [ 75.585400010544845, 14.966239414061263 ], [ 75.585304123157016, 14.966405630915997 ], [ 75.585239124387186, 14.96649452807225 ], [ 75.585049121294233, 14.96675487533245 ], [ 75.584744916939385, 14.967171702918199 ], [ 75.584364830771136, 14.967629938954536 ], [ 75.584343948390242, 14.967656190988617 ], [ 75.584208119639641, 14.967826944223734 ], [ 75.584100046508127, 14.967962805525186 ], [ 75.583941455281362, 14.96816217419066 ], [ 75.583881788478052, 14.968239573657762 ], [ 75.583826167788942, 14.968312080701851 ], [ 75.583639167701932, 14.968557853469736 ], [ 75.583624128695959, 14.968577732973559 ], [ 75.583617554868667, 14.968586424477968 ], [ 75.583614879565232, 14.968589963578575 ], [ 75.583614328192127, 14.968590691872722 ], [ 75.583527337524941, 14.968593670004797 ], [ 75.583377724773698, 14.968599991499747 ], [ 75.583303180620703, 14.968603141143209 ], [ 75.583281925330454, 14.968604038989538 ], [ 75.582961450824087, 14.968617517883395 ], [ 75.582544943844738, 14.968634882273546 ], [ 75.582404554323645, 14.968640734774921 ], [ 75.582280587407681, 14.968645865410258 ], [ 75.582280479541708, 14.968645870205952 ], [ 75.582240948196215, 14.968647506218245 ], [ 75.582211999890262, 14.968648703861753 ], [ 75.582211882748851, 14.968648717721912 ], [ 75.582192736339934, 14.968651906460986 ], [ 75.581926621928162, 14.968696229083903 ], [ 75.58129790985744, 14.968800743623927 ], [ 75.580436871195829, 14.968943275783779 ], [ 75.580084693280071, 14.969001321323539 ], [ 75.580011652368242, 14.969013336956923 ], [ 75.580007182942396, 14.969014072490221 ], [ 75.579071209887331, 14.969167276503981 ], [ 75.579031803859351, 14.969173726802907 ], [ 75.579031314936216, 14.969173821164418 ], [ 75.577573884344758, 14.969469075339271 ], [ 75.577155853830249, 14.969553978928687 ], [ 75.576010589515406, 14.96978614643645 ], [ 75.575155457837056, 14.970079060304075 ], [ 75.574251060573729, 14.9703886696418 ], [ 75.574250362770144, 14.970388904652225 ], [ 75.57420658795688, 14.970403667343202 ], [ 75.573737061982769, 14.97056200666753 ], [ 75.573555736944186, 14.970623143004131 ], [ 75.572983562817413, 14.970677845825964 ], [ 75.570516700532039, 14.970915974817322 ], [ 75.570455191324001, 14.970922026881661 ], [ 75.570447017805378, 14.970922832065417 ], [ 75.569250834786502, 14.971111916950798 ], [ 75.568875283679318, 14.971171478273753 ], [ 75.568873641981497, 14.971171739127865 ], [ 75.568854561148527, 14.971173167245245 ], [ 75.568770389210528, 14.971179469744607 ], [ 75.566993029770657, 14.971312535467719 ], [ 75.56689415447174, 14.971318184001948 ], [ 75.566217012565886, 14.971356740584307 ], [ 75.565235835555598, 14.971406504409707 ], [ 75.565232021128963, 14.971406677500042 ], [ 75.565222194694769, 14.971394970416069 ], [ 75.565127655409597, 14.971445137333811 ], [ 75.564689669048576, 14.971677551462969 ], [ 75.564202089200748, 14.972069571065658 ], [ 75.564107720796827, 14.972145443957645 ], [ 75.563945975228648, 14.972397010941703 ], [ 75.563881152823285, 14.973014325259571 ], [ 75.563632005255386, 14.973718208425906 ], [ 75.563647388364259, 14.973954985095618 ], [ 75.563685105531093, 14.974263468451557 ], [ 75.563663991265713, 14.974658212343929 ], [ 75.563775378362465, 14.97490910408917 ], [ 75.564232893487812, 14.974843386636723 ], [ 75.564470019083316, 14.975187257815794 ], [ 75.564995590692703, 14.97573852421621 ], [ 75.565225017020452, 14.975960417976479 ], [ 75.565587847647066, 14.976382913884066 ], [ 75.565692948827291, 14.977050039757826 ], [ 75.565540166100718, 14.977904385983262 ], [ 75.565727280919745, 14.978879885569105 ], [ 75.565240889686606, 14.979538139041541 ], [ 75.565113182582465, 14.979382619150151 ], [ 75.565118457207717, 14.979380987763982 ], [ 75.565122153560111, 14.979375811751044 ], [ 75.565116664762357, 14.979375569497517 ], [ 75.565077620898165, 14.979373841810027 ], [ 75.564829415738046, 14.979362856424931 ], [ 75.564769979299854, 14.979360215440636 ], [ 75.564716473952615, 14.979359081329443 ], [ 75.564668217110537, 14.979358058972693 ], [ 75.564540927641687, 14.979355360826274 ], [ 75.564503374187424, 14.979354527107894 ], [ 75.563660982038712, 14.979335826927656 ], [ 75.563370281480417, 14.979328715934557 ], [ 75.563369933621928, 14.979328706849028 ], [ 75.563315847324787, 14.979327339685582 ], [ 75.563053507157889, 14.979318713495152 ], [ 75.562766945761808, 14.979309289706695 ], [ 75.56266840520037, 14.979306048530942 ], [ 75.562668378227045, 14.979306047693401 ], [ 75.562659319795699, 14.979305749998597 ], [ 75.562639418033655, 14.979305095725923 ], [ 75.562562280451402, 14.979302559317805 ], [ 75.562534928050241, 14.979301512961843 ], [ 75.56251761921942, 14.979300851377788 ], [ 75.562452982465828, 14.979298379023389 ], [ 75.56231362911997, 14.979293049565159 ], [ 75.562223230496471, 14.979289591931792 ], [ 75.56212914762061, 14.97928599326643 ], [ 75.561883453199954, 14.979276595997611 ], [ 75.561750698870597, 14.979271051938788 ], [ 75.561564275407534, 14.979261830157895 ], [ 75.561215283377379, 14.979244566930841 ], [ 75.560754558072333, 14.979222205878223 ], [ 75.560754516211432, 14.97922220236482 ], [ 75.560506131834401, 14.979214094929688 ], [ 75.559748288227411, 14.97918935824217 ], [ 75.557694669894673, 14.979166346152603 ], [ 75.55769441599314, 14.97916634586948 ], [ 75.555807892763198, 14.97916954246125 ], [ 75.555727947821282, 14.979169677637314 ], [ 75.555634237419838, 14.979169836382612 ], [ 75.55517566889786, 14.979171530106793 ], [ 75.555155674179659, 14.979171611333284 ], [ 75.554946473321806, 14.979172511116319 ], [ 75.55315592138804, 14.9790943383371 ], [ 75.553003468915136, 14.979087681532638 ], [ 75.552959024213564, 14.979086610381303 ], [ 75.552924127893391, 14.979085770117569 ], [ 75.551425329138638, 14.979049650295606 ], [ 75.550448898852878, 14.979027093632036 ], [ 75.550300558034024, 14.979023666246938 ], [ 75.550028190812412, 14.979017688271556 ], [ 75.549987979214833, 14.979016806133112 ], [ 75.549927886899539, 14.979015487341815 ], [ 75.54918368888336, 14.979046679086107 ], [ 75.54855186323779, 14.979056526526046 ], [ 75.547988397423723, 14.979066054255433 ], [ 75.547725725821167, 14.979070698583547 ], [ 75.547659350941416, 14.979071894089483 ], [ 75.547571934858723, 14.979073469191379 ], [ 75.547428360983204, 14.979035839478529 ], [ 75.5473288455199, 14.979009757629523 ], [ 75.547222740078553, 14.978981948467901 ], [ 75.547133491769912, 14.978959319017839 ], [ 75.5471164154702, 14.978954988720993 ], [ 75.54703300050015, 14.978933866816082 ], [ 75.546974210230047, 14.978918980984377 ], [ 75.546916408675969, 14.978911453855345 ], [ 75.546695169542488, 14.978882737099095 ], [ 75.546558369799058, 14.978865061906951 ], [ 75.546296130428999, 14.978831397307603 ], [ 75.546268346683235, 14.978827830333895 ], [ 75.546207661381601, 14.978820039609165 ], [ 75.546171323206011, 14.978815400070291 ], [ 75.545796240866451, 14.978788898811933 ], [ 75.544718869614414, 14.978715163482793 ], [ 75.544047889043284, 14.97866324592891 ], [ 75.543762562588583, 14.978641978810288 ], [ 75.543602332007097, 14.978630293950788 ], [ 75.543417444597665, 14.978617274535578 ], [ 75.543318002041772, 14.978610271540568 ], [ 75.543203252050077, 14.97860219022394 ], [ 75.542151988170147, 14.978532796089169 ], [ 75.542147146514196, 14.978532476703224 ], [ 75.542145586800274, 14.978532091652925 ], [ 75.542068688968484, 14.978513094204233 ], [ 75.541374879742548, 14.978341688774631 ], [ 75.541345882064917, 14.978513373723557 ], [ 75.541285759815381, 14.978869322655212 ], [ 75.541266266756423, 14.979444109318036 ], [ 75.541250776540281, 14.979900864871258 ], [ 75.541257096323562, 14.980048643149786 ], [ 75.541258894648507, 14.980090698017204 ], [ 75.541259696943172, 14.980109446923839 ], [ 75.541194586237665, 14.980671503781599 ], [ 75.541144252136945, 14.98136844456875 ], [ 75.541125063063618, 14.982098187690273 ], [ 75.54112153859802, 14.982241292567014 ], [ 75.54112076445287, 14.982252636202192 ], [ 75.541107022973506, 14.982454107099567 ], [ 75.541085315628365, 14.982792252674331 ], [ 75.541075873509143, 14.982949188780781 ], [ 75.541042642988074, 14.983501505118596 ], [ 75.541029141299589, 14.983725913971123 ], [ 75.541000831262153, 14.984164047528598 ], [ 75.540960489943458, 14.984923308555823 ], [ 75.540928235253986, 14.985363285825686 ], [ 75.540868213904147, 14.98594057507816 ], [ 75.540856561618895, 14.986084508356157 ], [ 75.540811697040738, 14.986638705530856 ], [ 75.540857602313864, 14.987613295593594 ], [ 75.540895317499675, 14.988328174788363 ], [ 75.540909911364977, 14.988591054553062 ], [ 75.540923714838868, 14.988835104019998 ], [ 75.54092383645829, 14.988837237380464 ], [ 75.540933320745779, 14.989002828531305 ], [ 75.540933579490954, 14.989007343839672 ], [ 75.54094548967646, 14.98921300657152 ], [ 75.540954093328622, 14.989841415388861 ], [ 75.540956265321086, 14.989991444627039 ], [ 75.540958657420248, 14.990153188519455 ], [ 75.541081677347307, 14.991341887568543 ], [ 75.541152431623615, 14.991634642369508 ], [ 75.541351038135389, 14.992451517962492 ], [ 75.541331601266833, 14.992892558503405 ], [ 75.541329109387476, 14.992949095253119 ], [ 75.541327481644373, 14.992986427115426 ], [ 75.541324808239082, 14.993047710759161 ], [ 75.541324454691889, 14.99305580499697 ], [ 75.54149949827675, 14.993871968712787 ], [ 75.5415968448592, 14.994324039943725 ], [ 75.541752013109132, 14.995107987277702 ], [ 75.541780006400842, 14.995249415902496 ], [ 75.541800131576792, 14.9952665565605 ], [ 75.541866979678588, 14.995323484392738 ], [ 75.542037877692835, 14.995754235559007 ], [ 75.542288829174183, 14.996386384987536 ], [ 75.542469420682465, 14.996841087260425 ], [ 75.542626687085686, 14.997208222541005 ], [ 75.54266455849293, 14.997296644316249 ], [ 75.542704655423805, 14.997398599494463 ], [ 75.542764898843714, 14.997541135454727 ], [ 75.542935686034838, 14.998025667478837 ], [ 75.542935983030716, 14.998026518421437 ], [ 75.543329827436438, 14.99914037073682 ], [ 75.543367035036908, 14.999245598218351 ], [ 75.543369432354368, 14.999252377675401 ], [ 75.543371269661634, 14.999276440100516 ], [ 75.543367031287573, 14.999365297600072 ], [ 75.543305370328085, 15.001308042824478 ], [ 75.543299690736333, 15.001486985199092 ], [ 75.543295377665373, 15.001622892467855 ], [ 75.543289520120069, 15.001659542772124 ], [ 75.543054314200063, 15.003131315912775 ], [ 75.543036179084382, 15.003432666166434 ], [ 75.542967253407909, 15.004871284711589 ], [ 75.542940474994879, 15.005430184676895 ], [ 75.542885424464629, 15.006235292649841 ], [ 75.542809825235466, 15.007444592257187 ], [ 75.542770778151734, 15.008106965165675 ], [ 75.542764589624355, 15.008211947117434 ], [ 75.542759915845537, 15.008292780009224 ], [ 75.542759547431189, 15.008299018182788 ], [ 75.542750373380571, 15.008739496693421 ], [ 75.542702526718386, 15.011036717941167 ], [ 75.542696559263518, 15.011389609836225 ], [ 75.54268804181784, 15.011498776001735 ], [ 75.542687482195589, 15.011505915099885 ], [ 75.542533727271902, 15.013376031908717 ], [ 75.542532796721559, 15.013394561771767 ], [ 75.542497314313522, 15.014101376164627 ], [ 75.542420941266386, 15.01497405765636 ], [ 75.542389139867268, 15.014947796111194 ], [ 75.542381773214174, 15.015014867457925 ], [ 75.541880368847828, 15.014597353451887 ], [ 75.541804226972602, 15.014533950318294 ], [ 75.541109961808672, 15.015407247610185 ], [ 75.539758824113093, 15.017189137826174 ], [ 75.539198399429111, 15.017928219462211 ], [ 75.539156254337769, 15.017983800426824 ], [ 75.539092070082376, 15.018068433995026 ], [ 75.538668596449497, 15.018626899596375 ], [ 75.538601924306406, 15.018714826183169 ], [ 75.538316426076832, 15.019091339788263 ], [ 75.538264717850566, 15.019159517262334 ], [ 75.538223710838253, 15.019219958856089 ], [ 75.538392477349774, 15.019267201732275 ], [ 75.538460638335678, 15.019286283882389 ], [ 75.538783066215757, 15.01937655019913 ], [ 75.539170824635946, 15.019485087396683 ], [ 75.539291688808817, 15.019518909357176 ], [ 75.539358916261079, 15.019537721315931 ], [ 75.539648095302667, 15.019621737513861 ], [ 75.53983270887133, 15.01967540271025 ], [ 75.539908596622553, 15.019697501098589 ], [ 75.540397187779732, 15.019840719859964 ], [ 75.540414182463806, 15.019845741464449 ], [ 75.540542422876626, 15.019884805196353 ], [ 75.540801995458366, 15.019963873474415 ], [ 75.540800842521691, 15.01996793696541 ], [ 75.540852981781086, 15.019982404452268 ], [ 75.540797197610729, 15.020204563468804 ], [ 75.540723843689278, 15.020496724232725 ], [ 75.540718264374036, 15.020518960837402 ], [ 75.540279748432468, 15.021789379584714 ], [ 75.540279719818443, 15.021789468253125 ], [ 75.539756250686992, 15.023439207257558 ], [ 75.539544876852347, 15.024112272899419 ], [ 75.539344223643198, 15.024680472395698 ], [ 75.539102836208471, 15.02558787014752 ], [ 75.539000640840982, 15.025981977455681 ], [ 75.538716871716005, 15.026682956710932 ], [ 75.538704066217221, 15.026714595702094 ], [ 75.538500311679726, 15.027176285126712 ], [ 75.537852707933368, 15.028334717092537 ], [ 75.537390483962142, 15.029201259015034 ], [ 75.537289244857362, 15.029364848540414 ], [ 75.536275441014752, 15.030887242218386 ], [ 75.536143107428884, 15.031093822475867 ], [ 75.536044591166629, 15.031233897916538 ], [ 75.53595494707254, 15.031368514321583 ], [ 75.535756710721927, 15.031626522260749 ], [ 75.535678904384824, 15.031730730662414 ], [ 75.53560377425525, 15.031825574539528 ], [ 75.535319758134818, 15.032184126007749 ], [ 75.535223043544846, 15.032306221831107 ], [ 75.535114766336648, 15.032462967711576 ], [ 75.535114482686595, 15.03246337431394 ], [ 75.534877648329555, 15.0328061942835 ], [ 75.53483947087247, 15.032862237095578 ], [ 75.534811597599017, 15.032903161037661 ], [ 75.534811289871143, 15.032903611996524 ], [ 75.534766288657593, 15.032969676371943 ], [ 75.534497622089702, 15.033366366683383 ], [ 75.534387142343618, 15.03352965757246 ], [ 75.534382065449151, 15.033536983564385 ], [ 75.534346537543897, 15.033589439888093 ], [ 75.534244292984653, 15.033735771491893 ], [ 75.534217887111964, 15.033773561970154 ], [ 75.534070886020032, 15.033983960063063 ], [ 75.533916476191408, 15.034204952372079 ], [ 75.533905706522717, 15.034220364310798 ], [ 75.533743656948445, 15.034436892901258 ], [ 75.533553905890344, 15.034690420137357 ], [ 75.533530410565675, 15.034721819051766 ], [ 75.533509167932507, 15.034739189398422 ], [ 75.533396614714249, 15.034831234587767 ], [ 75.533158710672751, 15.034796472899037 ], [ 75.532592761010463, 15.034713773225477 ], [ 75.531851074413623, 15.034605391525757 ], [ 75.531441521784046, 15.034545540742762 ], [ 75.528173932209512, 15.034068012514147 ], [ 75.527734128045751, 15.034003735589907 ], [ 75.527722864355852, 15.034002282657744 ], [ 75.523804976207472, 15.033496170802549 ], [ 75.522400189068975, 15.033314754039548 ], [ 75.520724509408026, 15.033072915242798 ], [ 75.520634832760379, 15.033059977951742 ], [ 75.520633275864327, 15.033059754591957 ], [ 75.520389882475214, 15.03325998789353 ], [ 75.520001679834195, 15.033579801472243 ], [ 75.518828914150717, 15.034545933693355 ], [ 75.518449606829563, 15.034858407632143 ], [ 75.518050211616327, 15.035197081111736 ], [ 75.516477001639174, 15.036534601220302 ], [ 75.516325263303827, 15.036664111280054 ], [ 75.516325007996443, 15.036664328841255 ], [ 75.515747520354239, 15.037179055554089 ], [ 75.515747415442107, 15.037179143488743 ], [ 75.515037117822459, 15.037812235621148 ], [ 75.514234182565417, 15.038528195165114 ], [ 75.513548995524062, 15.03908447072553 ], [ 75.512703255575445, 15.039771289930714 ], [ 75.512254649027611, 15.040135607864251 ], [ 75.51184539506886, 15.040467601927404 ], [ 75.511738576005826, 15.040554259833181 ], [ 75.511611743127773, 15.040661622985695 ], [ 75.511412220810953, 15.040830527358381 ], [ 75.511188452881953, 15.041019956485775 ], [ 75.51104902236986, 15.04113798970487 ], [ 75.510943874446824, 15.04122700135386 ], [ 75.510928774258858, 15.041239784767694 ], [ 75.510915515169486, 15.041251009008192 ], [ 75.510899148585111, 15.041264865708714 ], [ 75.510879865945896, 15.041281269453801 ], [ 75.51086310086977, 15.041295385617195 ], [ 75.51085948086471, 15.041298447767783 ], [ 75.510857779021478, 15.041299885478754 ], [ 75.510856429063764, 15.041301027665641 ], [ 75.510816936801149, 15.041334459244359 ], [ 75.510812258370507, 15.04133841791745 ], [ 75.510636381351304, 15.041487304389202 ], [ 75.510557393895752, 15.041554171993456 ], [ 75.510287347854771, 15.041782772636138 ], [ 75.510126390261505, 15.041919024031706 ], [ 75.510049879591392, 15.041983795652156 ], [ 75.509760469624823, 15.042228790509524 ], [ 75.5097083277861, 15.042272925763253 ], [ 75.508079257025074, 15.043702604812919 ], [ 75.507561827522665, 15.044157814731188 ], [ 75.507560270738367, 15.04415806140973 ], [ 75.50755946210468, 15.044158772022042 ], [ 75.507017560410034, 15.044244202660279 ], [ 75.506361273966931, 15.044348371137549 ], [ 75.505402308637983, 15.044500563981993 ], [ 75.505399854206814, 15.044500864176287 ], [ 75.504632567970489, 15.044594557593788 ], [ 75.503376593027838, 15.044747930531589 ], [ 75.502719797418621, 15.044828122305701 ], [ 75.502719687680411, 15.04482813972627 ], [ 75.502280368721273, 15.044881785705128 ], [ 75.501940224647129, 15.044932623284692 ], [ 75.501843571905866, 15.044947074455347 ], [ 75.501620094138943, 15.044980469733051 ], [ 75.501199972844503, 15.045043266729175 ], [ 75.501002537879103, 15.045072778733307 ], [ 75.500780612938982, 15.045105941936253 ], [ 75.500271474433873, 15.045182049104024 ], [ 75.500100151028562, 15.045207651394763 ], [ 75.500099394201058, 15.045207850152661 ], [ 75.50006077004015, 15.045218026639155 ], [ 75.499775249475974, 15.045293287662211 ], [ 75.49940810572248, 15.045390056194528 ], [ 75.499038764566151, 15.045487394025965 ], [ 75.498509486748731, 15.045626894697365 ], [ 75.498213600000966, 15.0457048833819 ], [ 75.497503028442267, 15.04589214732046 ], [ 75.497374239829242, 15.045926108542337 ], [ 75.497062378768121, 15.046008298583933 ], [ 75.496827323871443, 15.046070255736703 ], [ 75.496826827356742, 15.046070378874957 ], [ 75.496346724743191, 15.046185606107873 ], [ 75.496062393725921, 15.046253845098351 ], [ 75.495710685735446, 15.04633825851287 ], [ 75.495531364778429, 15.046381293948695 ], [ 75.495044607799684, 15.046498115141139 ], [ 75.494901967202111, 15.046532348374418 ], [ 75.494864680571368, 15.046814777768351 ], [ 75.494794521739266, 15.046798647978632 ], [ 75.494767038561065, 15.046791795184529 ], [ 75.494715292123672, 15.046778898965153 ], [ 75.494507082347582, 15.046727015571165 ], [ 75.494052771862599, 15.046613810566889 ], [ 75.493620779508518, 15.046506164201466 ], [ 75.492973314896545, 15.046344824399648 ], [ 75.492723588960573, 15.046283362926205 ], [ 75.49272335717869, 15.046283307375466 ], [ 75.492245351063758, 15.046168953993552 ], [ 75.491416079785097, 15.045970564381271 ], [ 75.49138560104916, 15.045963272840591 ], [ 75.491265880133966, 15.045934632591493 ], [ 75.491238176476216, 15.045928098080219 ], [ 75.491017389683478, 15.045876021657241 ], [ 75.490729666378044, 15.045808164103992 ], [ 75.490413803991956, 15.045733664920862 ], [ 75.490228659369691, 15.045689999259556 ], [ 75.490146739126189, 15.045670678452966 ], [ 75.490092950666806, 15.045657990799077 ], [ 75.489924931719287, 15.045618367186867 ], [ 75.489614608334975, 15.045545172186847 ], [ 75.489462837948111, 15.045509662974647 ], [ 75.489388110118327, 15.045491912164765 ], [ 75.489279628232779, 15.045466161423052 ], [ 75.489189374380175, 15.045444876452056 ], [ 75.48915796350137, 15.045435914048047 ], [ 75.489010640589527, 15.045394020207757 ], [ 75.489009214383429, 15.045393611013171 ], [ 75.488942392090635, 15.045374406433117 ], [ 75.487963893932331, 15.045095206591501 ], [ 75.487503383241233, 15.044964997456495 ], [ 75.487426811688735, 15.044946777108425 ], [ 75.487250205054323, 15.04490476322518 ], [ 75.486320470998791, 15.044683563809821 ], [ 75.486080797040557, 15.044626539602438 ], [ 75.485657727647592, 15.044525880826733 ], [ 75.485555752106734, 15.044501618773692 ], [ 75.485303004056973, 15.044441481773511 ], [ 75.485301902891294, 15.044441223748052 ], [ 75.485004019520105, 15.044372249518402 ], [ 75.484754837167856, 15.04431598554854 ], [ 75.48445376626475, 15.044248003753006 ], [ 75.48421141257009, 15.044193282362967 ], [ 75.484138143350279, 15.044176739979816 ], [ 75.484030883167122, 15.044190517286323 ], [ 75.483942362774599, 15.044201891321798 ], [ 75.483504160120845, 15.044254190480084 ], [ 75.482934736631393, 15.044323754807479 ], [ 75.482743415297762, 15.044344980926265 ], [ 75.482733603867032, 15.044346150878802 ], [ 75.482731237508489, 15.044346330397641 ], [ 75.4823732933082, 15.044373547275857 ], [ 75.482277850187288, 15.044380805478955 ], [ 75.480887492812613, 15.044486517832643 ], [ 75.480674259123873, 15.044501585636478 ], [ 75.48067229466119, 15.044501348401301 ], [ 75.48063485612461, 15.044496832946786 ], [ 75.480509490579593, 15.044514364623408 ], [ 75.480507614759304, 15.04451424382709 ], [ 75.480398374182883, 15.04449885581351 ], [ 75.480354654318617, 15.044492697388479 ], [ 75.479891514177808, 15.044429754386515 ], [ 75.478993687085563, 15.044314757693332 ], [ 75.478521557399731, 15.044253694165802 ], [ 75.478418584118259, 15.044240542273183 ], [ 75.478390745397277, 15.044237017087369 ], [ 75.478160771437985, 15.044207893226089 ], [ 75.478027729710604, 15.044192153653761 ], [ 75.477977901997974, 15.044186258959261 ], [ 75.477868154478372, 15.04417327476601 ], [ 75.477408791646809, 15.044085588180627 ], [ 75.477100383534918, 15.044026717095713 ], [ 75.477096506211765, 15.044026012815259 ], [ 75.477024395122015, 15.044014607259403 ], [ 75.476319000590365, 15.043915177327367 ], [ 75.476273633300423, 15.043909426597928 ], [ 75.476258447152716, 15.043906326664395 ], [ 75.476223775729238, 15.043899255221959 ], [ 75.476170043452711, 15.043888297260631 ], [ 75.476052844950402, 15.043920494440199 ], [ 75.475902373956558, 15.043962281364943 ], [ 75.47573907555568, 15.044007447432186 ], [ 75.475592249852667, 15.044047728438683 ], [ 75.475567736576707, 15.044054446539755 ], [ 75.475448449460941, 15.044087139610994 ], [ 75.474658508959507, 15.044260692228834 ], [ 75.474578094274023, 15.044278535264635 ], [ 75.474333397824267, 15.044332975505236 ], [ 75.474170987044403, 15.044365423451367 ], [ 75.473971981499176, 15.044404147914324 ], [ 75.473809708016134, 15.044436470553583 ], [ 75.47362828363174, 15.044472608502726 ], [ 75.47328892408153, 15.044537485819831 ], [ 75.473207393866488, 15.044615262828939 ], [ 75.473189542049269, 15.044632291534187 ], [ 75.47318505529968, 15.044633669677415 ], [ 75.473170903689152, 15.04463801630383 ], [ 75.473169355604426, 15.044639430713723 ], [ 75.473150712822687, 15.044656379695436 ], [ 75.473146158054575, 15.044657710966808 ], [ 75.47306912305686, 15.044680227825596 ], [ 75.473057231753089, 15.044683703513268 ], [ 75.472764800380759, 15.04476917502404 ], [ 75.472341938863096, 15.04489276908679 ], [ 75.472338948149101, 15.044892910920172 ], [ 75.471864506579408, 15.044915904493255 ], [ 75.471806169254734, 15.044918789265193 ], [ 75.471185201608364, 15.045324824557355 ], [ 75.470885251537013, 15.045520948527692 ], [ 75.470866568357422, 15.045531480161625 ], [ 75.470629458050411, 15.045665139943866 ], [ 75.470628072628315, 15.045665920334391 ], [ 75.470407998723459, 15.045789977479945 ], [ 75.470056664173896, 15.045988025842185 ], [ 75.469523677088162, 15.046288465306574 ], [ 75.469296469370946, 15.046416538569282 ], [ 75.468562981421286, 15.046837706728237 ], [ 75.468560463353768, 15.046839154855661 ], [ 75.468338869676643, 15.046965793463931 ], [ 75.468337470325835, 15.046966593759608 ], [ 75.468241464160442, 15.04702146222027 ], [ 75.467858353732623, 15.04686147244389 ], [ 75.466759563227157, 15.046402603480241 ], [ 75.465969023733166, 15.04607246262082 ], [ 75.465504595650586, 15.045876157871373 ], [ 75.465125927997121, 15.045720859428306 ], [ 75.464059463010315, 15.045279952931871 ], [ 75.463918654340745, 15.045217472090652 ], [ 75.463908733028148, 15.045213079475158 ], [ 75.463324830527654, 15.044954834483157 ], [ 75.463263669406615, 15.044927745118374 ], [ 75.463219465937257, 15.044908166717947 ], [ 75.463217027057297, 15.044907087683724 ], [ 75.462794745309481, 15.044717601541459 ], [ 75.462220330876491, 15.044460968896779 ], [ 75.461824924584306, 15.044278456438416 ], [ 75.461772699950927, 15.044254514626772 ], [ 75.461012445526222, 15.043900402884905 ], [ 75.460957729911215, 15.043874853936538 ], [ 75.460835438604093, 15.043817714686378 ], [ 75.460822438514299, 15.043932991365294 ], [ 75.460684644316331, 15.045154586874647 ], [ 75.460552367917501, 15.046340828189292 ], [ 75.460523196667054, 15.046596725980244 ], [ 75.460523068824799, 15.046597846411608 ], [ 75.460469074169282, 15.047071320376416 ], [ 75.460426788795502, 15.047442155040025 ], [ 75.46041092083118, 15.047581279309288 ], [ 75.460408600448531, 15.047601602614547 ], [ 75.460382585577392, 15.047829766320941 ], [ 75.460378723799167, 15.047863616183173 ], [ 75.460378865432119, 15.047865452110219 ], [ 75.460379206156802, 15.047869886902884 ], [ 75.460407888006728, 15.048242182425243 ], [ 75.460410590715313, 15.048277300982177 ], [ 75.460417745417018, 15.048370173956622 ], [ 75.460418880404049, 15.048384887586856 ], [ 75.460452698903282, 15.048823911046567 ], [ 75.460505285252168, 15.049500163103625 ], [ 75.460510929669312, 15.049579847497894 ], [ 75.46052096933569, 15.049721588994707 ], [ 75.460521023109209, 15.049722368214232 ], [ 75.460528646970459, 15.049830036613134 ], [ 75.460536842528597, 15.049945710502728 ], [ 75.460536884749644, 15.049946308926954 ], [ 75.460536229053957, 15.049946405186686 ], [ 75.459937206018353, 15.050034943947535 ], [ 75.459768044161464, 15.050059947501255 ], [ 75.459766325403137, 15.050060201415429 ], [ 75.458990969783088, 15.050174817046637 ], [ 75.458694130390896, 15.050218788988179 ], [ 75.458643397934878, 15.050237947956337 ], [ 75.45847600420403, 15.050301170255292 ], [ 75.458428762387598, 15.050319009383998 ], [ 75.45834724959505, 15.050349799213411 ], [ 75.458130766680142, 15.050431557533441 ], [ 75.458045657129375, 15.050463702517414 ], [ 75.457958860300707, 15.050496481026515 ], [ 75.45738327589379, 15.050502168025728 ], [ 75.456793042392007, 15.050508497822207 ], [ 75.456547434561827, 15.050511127279671 ], [ 75.456327251074029, 15.050513498338274 ], [ 75.455584721689888, 15.050521446481465 ], [ 75.455205176488107, 15.050525522133045 ], [ 75.454326940982185, 15.050534921651984 ], [ 75.453942896517489, 15.050539030416127 ], [ 75.453906269952583, 15.050539423689179 ], [ 75.45390617587357, 15.050539370535708 ], [ 75.453847385970477, 15.050505353077323 ], [ 75.453845870415208, 15.050504475518986 ], [ 75.453819297218956, 15.050489097943974 ], [ 75.453798768287641, 15.050489624987637 ], [ 75.453762169894929, 15.050490577815223 ], [ 75.453762076750152, 15.050490526468009 ], [ 75.453703490686834, 15.05045741446626 ], [ 75.45370198076435, 15.050456560402122 ], [ 75.453564778161038, 15.05037896579168 ], [ 75.45316334935913, 15.050151599256257 ], [ 75.452761367865477, 15.049923366964295 ], [ 75.452644491701193, 15.049856896809876 ], [ 75.452581443704346, 15.049821009696071 ], [ 75.4524983354342, 15.049773703145679 ], [ 75.45230956676798, 15.049666128572984 ], [ 75.452111138557697, 15.04955289807007 ], [ 75.45206468812502, 15.049526354474954 ], [ 75.452059233099234, 15.049597078727778 ], [ 75.452057688601556, 15.049616446600922 ], [ 75.452054665905052, 15.049654415543065 ], [ 75.452046828774513, 15.049756454583072 ], [ 75.452043779211792, 15.049796244424307 ], [ 75.452040305632238, 15.049841437977653 ], [ 75.452038786281562, 15.049861261463858 ], [ 75.452036511620051, 15.049890860618214 ], [ 75.452030846015361, 15.049964693916623 ], [ 75.452024807314871, 15.05004337299909 ], [ 75.452019659441305, 15.050110362175408 ], [ 75.452013146437352, 15.050195308479095 ], [ 75.452011274625363, 15.050219616070287 ], [ 75.452004068715638, 15.050313492588403 ], [ 75.452003125350899, 15.050325418566933 ], [ 75.45199191324744, 15.050470906956757 ], [ 75.451990702578158, 15.050487108929433 ], [ 75.451990644455449, 15.050487341397378 ], [ 75.451989928495735, 15.050490188007545 ], [ 75.45195964875299, 15.050610145658908 ], [ 75.451906434466395, 15.050820965230626 ], [ 75.451793356033718, 15.051268978243591 ], [ 75.451769861387106, 15.051362073476668 ], [ 75.451731878987687, 15.051512534289598 ], [ 75.451674912759813, 15.051738236330406 ], [ 75.45163907732011, 15.051880209738377 ], [ 75.451614277854247, 15.05197845455822 ], [ 75.451581987031773, 15.052196835856556 ], [ 75.451536699353724, 15.05249716026502 ], [ 75.451524450994015, 15.052578422917719 ], [ 75.451495050651602, 15.052773381503533 ], [ 75.451475038807686, 15.052906126059584 ], [ 75.451456582450163, 15.053033092165897 ], [ 75.451426653159075, 15.053238913577848 ], [ 75.451407721907799, 15.053360410852463 ], [ 75.451407657678587, 15.053360836808544 ], [ 75.45140243533551, 15.053394342978402 ], [ 75.451377946654745, 15.053551498829497 ], [ 75.451351630228714, 15.053720369042477 ], [ 75.451351520989761, 15.053721069932635 ], [ 75.451301938479446, 15.054039246916284 ], [ 75.451283493587411, 15.054157603289818 ], [ 75.451256299491433, 15.054332129436109 ], [ 75.451249577131634, 15.054375261760562 ], [ 75.451233738335532, 15.054476898055345 ], [ 75.451228972184623, 15.054507479472132 ], [ 75.451187701631014, 15.054772301959902 ], [ 75.451112707058343, 15.055253548406464 ], [ 75.451003818422677, 15.055964782319222 ], [ 75.450993686166953, 15.056030935121306 ], [ 75.450932677253093, 15.056468372936367 ], [ 75.450904985202612, 15.056666935347977 ], [ 75.450904759276327, 15.056671432760281 ], [ 75.450904756542229, 15.056671459888532 ], [ 75.450894278970267, 15.056879972006465 ], [ 75.450893667292348, 15.056892158600087 ], [ 75.450855377219213, 15.057654217693088 ], [ 75.450855159305476, 15.057658544215325 ], [ 75.450837530640001, 15.058009453555215 ], [ 75.450811028861906, 15.058536881328209 ], [ 75.450798883257846, 15.058687155905409 ], [ 75.450799310732052, 15.058770061364557 ], [ 75.450800320991675, 15.058967682513281 ], [ 75.450802369368986, 15.059367311408016 ], [ 75.450590439400941, 15.05938248892698 ], [ 75.4490786292493, 15.059490800886188 ], [ 75.449067327584061, 15.059691870238689 ], [ 75.449067317607373, 15.059691993215203 ], [ 75.44904487302928, 15.060091325287873 ], [ 75.449028907255126, 15.060375443075076 ], [ 75.44902627914766, 15.060375579369181 ], [ 75.449025850033919, 15.060382144844045 ], [ 75.448350668092331, 15.060410469801338 ], [ 75.447642577955932, 15.060447033396771 ], [ 75.447641388099271, 15.060447096318303 ], [ 75.447113273564867, 15.060474372516785 ], [ 75.447074271644453, 15.060477814400022 ], [ 75.447074162802579, 15.06047782184722 ], [ 75.44678388323797, 15.060503436978211 ], [ 75.445838348968834, 15.060586866788107 ], [ 75.445810636714967, 15.060588153515004 ], [ 75.444913171739358, 15.060629806295422 ], [ 75.444802729208405, 15.060634932045009 ], [ 75.444203911364596, 15.060650189950341 ], [ 75.442773124886784, 15.060686651173 ], [ 75.441831252921503, 15.060710642809633 ], [ 75.440976923695658, 15.060717967031346 ], [ 75.440448828556612, 15.060721671528345 ], [ 75.439371432284901, 15.06070093895627 ], [ 75.439103036027404, 15.060718272957956 ], [ 75.438359635194615, 15.060770185919635 ], [ 75.438208803805068, 15.060780534403117 ], [ 75.438053795356822, 15.060771098402176 ], [ 75.436898293863436, 15.060715253392429 ], [ 75.436431857686188, 15.060688623939596 ], [ 75.436290104210244, 15.060687853263149 ], [ 75.436166503473387, 15.060673474519721 ], [ 75.436108054414646, 15.060670137586333 ], [ 75.436028651729842, 15.060657438580041 ], [ 75.436001323922696, 15.06065425973576 ], [ 75.435965842056277, 15.060659361006969 ], [ 75.433676314089766, 15.060988484885041 ], [ 75.432185309842509, 15.060967947896534 ], [ 75.432182098974977, 15.06096793502606 ], [ 75.431025242814115, 15.060963125099672 ], [ 75.431011751229093, 15.06106316541425 ], [ 75.430479295575481, 15.061067375774075 ], [ 75.430096100336016, 15.061070404251632 ], [ 75.430080770218723, 15.061070525526299 ], [ 75.430035474870891, 15.061070883506492 ], [ 75.429584465318527, 15.06102357842266 ], [ 75.429419420617108, 15.060987216922758 ], [ 75.429382822124353, 15.060983561459556 ], [ 75.429196344633283, 15.060940559903024 ], [ 75.428480727244391, 15.061115400464367 ], [ 75.428426553496251, 15.061117881432523 ], [ 75.428255222993428, 15.061125726934796 ], [ 75.427767798688294, 15.061148047204513 ], [ 75.427617753037609, 15.061154918168228 ], [ 75.427253243171066, 15.061171609115991 ], [ 75.42701802337794, 15.061182379386457 ], [ 75.426824404930571, 15.061191244889349 ], [ 75.426752657244762, 15.061191709833459 ], [ 75.426649205295064, 15.061192379929143 ], [ 75.4263118613583, 15.061194563596709 ], [ 75.426147678555466, 15.06119562601738 ], [ 75.425945984863205, 15.06119693141911 ], [ 75.425911263988908, 15.061147734881413 ], [ 75.425868531112613, 15.061147388573557 ], [ 75.425629876344672, 15.060849405806103 ], [ 75.425270492420793, 15.060659117425315 ], [ 75.424818764691594, 15.06052795555251 ], [ 75.424343341402846, 15.06093962946524 ], [ 75.423700371173183, 15.060735272865397 ], [ 75.423056252750527, 15.060789451106118 ], [ 75.422198021047095, 15.061127121270944 ], [ 75.421821697181059, 15.061338528124161 ], [ 75.420974320685417, 15.061362555065561 ], [ 75.420535157186507, 15.061375006040533 ], [ 75.420258869014773, 15.061382838401109 ], [ 75.42009349521517, 15.061385909362189 ], [ 75.419255854178047, 15.061401463988522 ], [ 75.419255823327546, 15.061400913450498 ], [ 75.418760059098204, 15.061408726292205 ], [ 75.417723183942087, 15.061411913182118 ], [ 75.417169895121333, 15.06141361277637 ], [ 75.416972414817465, 15.061414218711832 ], [ 75.417025030940067, 15.061448092812995 ], [ 75.417012823745623, 15.06152591823046 ], [ 75.41701057675219, 15.061540243351226 ], [ 75.417066589513439, 15.061570840735564 ], [ 75.41702929616234, 15.06182104040327 ], [ 75.417002502944641, 15.062000737355246 ], [ 75.416992184600758, 15.062070030949554 ], [ 75.416989082303274, 15.062090914060795 ], [ 75.416875323142591, 15.06207463236721 ], [ 75.416811938935339, 15.062492781607189 ], [ 75.416719001962321, 15.06264182275075 ], [ 75.416790431168181, 15.063118669639566 ], [ 75.416808597238088, 15.06323993805948 ], [ 75.417178188870722, 15.063631592550744 ], [ 75.41745903899384, 15.063929208232247 ], [ 75.417780933879513, 15.064270315480952 ], [ 75.41794124630718, 15.064440194730638 ], [ 75.417998662487122, 15.064552999788352 ], [ 75.418307121979382, 15.065159023185629 ], [ 75.418311411917443, 15.065178895457651 ], [ 75.418397296356602, 15.065576766541454 ], [ 75.418396474053651, 15.065583536125738 ], [ 75.41831937721139, 15.06600349378281 ], [ 75.418290100911221, 15.066162968937094 ], [ 75.418284973857354, 15.066190889662341 ], [ 75.418271425721386, 15.066264687120681 ], [ 75.418219823453441, 15.066903912564158 ], [ 75.418239664821101, 15.066904770132243 ], [ 75.418150736018333, 15.068744859992782 ], [ 75.41795448579559, 15.070812270833056 ], [ 75.417942879343187, 15.07095671256508 ], [ 75.417903187369234, 15.071450710682882 ], [ 75.417905152485403, 15.07159895805119 ], [ 75.417908936577902, 15.071884451104303 ], [ 75.417911795810355, 15.071912541528842 ], [ 75.417912267282034, 15.071917169632547 ], [ 75.417912595509065, 15.071920391226543 ], [ 75.417937478597523, 15.072164828348805 ], [ 75.417935494306889, 15.072608764924986 ], [ 75.417935402949396, 15.072629171447675 ], [ 75.417848104283024, 15.073415740463089 ], [ 75.41782937037911, 15.073584534466963 ], [ 75.418003916399726, 15.073599319292921 ], [ 75.417844186550468, 15.074321680870236 ], [ 75.417697446571211, 15.075206451883417 ], [ 75.417681535659625, 15.075302380464416 ], [ 75.417455257813799, 15.077182534685477 ], [ 75.41743980734006, 15.077179472372265 ], [ 75.417429454549264, 15.077276943588029 ], [ 75.417293845070617, 15.07724487816267 ], [ 75.417294041027461, 15.07801297862588 ], [ 75.41729371136654, 15.078016657998523 ], [ 75.417163000673412, 15.079511647313184 ], [ 75.417158866951638, 15.079539561642697 ], [ 75.417151806656364, 15.079622274981082 ], [ 75.41714616368958, 15.079688381993279 ], [ 75.417138859573825, 15.079773947296889 ], [ 75.416954676441577, 15.081827354409143 ], [ 75.41694567025246, 15.081904772404451 ], [ 75.416865301999295, 15.082607298481772 ], [ 75.416857529158065, 15.082676370304032 ], [ 75.416812041635609, 15.083084819424037 ], [ 75.41681384483887, 15.083122009689481 ], [ 75.41678343758565, 15.083419007622499 ], [ 75.416712828567285, 15.084108672953315 ], [ 75.416709681765681, 15.084138384601712 ], [ 75.416628945871821, 15.08492901978069 ], [ 75.416659402594917, 15.084931430149036 ], [ 75.417160372079664, 15.084979546508432 ], [ 75.418671006470007, 15.085110860182715 ], [ 75.418685084679439, 15.085114889035605 ], [ 75.418723384749015, 15.085125850028884 ], [ 75.418990882712009, 15.085202277752252 ], [ 75.419095178403225, 15.085232076411351 ], [ 75.419155159540921, 15.085249213784623 ], [ 75.419749294201694, 15.085418618082553 ], [ 75.420227883796784, 15.085680422066382 ], [ 75.420349094930145, 15.085746727757984 ], [ 75.420379482029034, 15.085763351026916 ], [ 75.420402323482776, 15.086033686349372 ], [ 75.420477143624964, 15.086919200583147 ], [ 75.420506718993266, 15.087269223835467 ], [ 75.420505779742655, 15.087293181376971 ], [ 75.420504765176688, 15.087324266941099 ], [ 75.420487426640051, 15.087855715144823 ], [ 75.420481167347646, 15.088047572942079 ], [ 75.420480012378107, 15.088082974008666 ], [ 75.420449014999448, 15.089033045145451 ], [ 75.420443634259328, 15.089089633372321 ], [ 75.420424181740856, 15.089294229918027 ], [ 75.420209872713144, 15.089915624818483 ], [ 75.420177150741821, 15.090010503338716 ], [ 75.42005419766258, 15.090367004300052 ], [ 75.420061550651056, 15.090363625624324 ], [ 75.420123226705243, 15.090462127157327 ], [ 75.420112757516463, 15.09046701602805 ], [ 75.421557731047741, 15.090876154517787 ], [ 75.421782875707351, 15.090912239995669 ], [ 75.421827830366922, 15.090919445087614 ], [ 75.422016157193923, 15.090949324481429 ], [ 75.422071573345391, 15.090958116608288 ], [ 75.422439124123102, 15.091015737350084 ], [ 75.422490788642179, 15.091023727206114 ], [ 75.423447297071135, 15.091401056628563 ], [ 75.423640949677193, 15.091426071520502 ], [ 75.423743151188461, 15.091439240137644 ], [ 75.424114441959603, 15.091486939547577 ], [ 75.424179506185112, 15.091495260135501 ], [ 75.42420044777576, 15.091497937717911 ], [ 75.424207819543767, 15.091498880442817 ], [ 75.424208072298399, 15.091496357547108 ], [ 75.424321290144064, 15.091510251146245 ], [ 75.424328865654346, 15.09151116997905 ], [ 75.424316958891211, 15.091512808805554 ], [ 75.424314344760873, 15.091533789588029 ], [ 75.424257413619443, 15.091990734028723 ], [ 75.42420836051312, 15.092387303662509 ], [ 75.424207947481079, 15.092390652296045 ], [ 75.424201930644045, 15.092439464748995 ], [ 75.424188962125044, 15.092513822739011 ], [ 75.423989209559949, 15.093663612966967 ], [ 75.423970150662683, 15.093704796975363 ], [ 75.423962412505432, 15.09375466560768 ], [ 75.423714761275605, 15.094319275529571 ], [ 75.423709884842481, 15.094354391201747 ], [ 75.423698963885812, 15.094446263376573 ], [ 75.423617923582952, 15.095128012226631 ], [ 75.423581446455643, 15.095163147548268 ], [ 75.422474834404753, 15.09622901868584 ], [ 75.422480260943402, 15.096303144254431 ], [ 75.42259082054089, 15.097813509531029 ], [ 75.422590774081343, 15.097823897654223 ], [ 75.422586716390711, 15.098734290467679 ], [ 75.422586671028256, 15.098744469460195 ], [ 75.422649108288823, 15.09877788783054 ], [ 75.422989958491527, 15.098960458587198 ], [ 75.423643034897808, 15.099310454264964 ], [ 75.424027808053722, 15.099516415092936 ], [ 75.424095959555515, 15.099552848970692 ], [ 75.424918299705027, 15.099991719743524 ], [ 75.424982782843017, 15.100026122404779 ], [ 75.425010926450284, 15.100041137187571 ], [ 75.425323448553058, 15.100200056692326 ], [ 75.425598344040012, 15.100339841747916 ], [ 75.426177047593384, 15.100664764472278 ], [ 75.426546792461536, 15.100872362071158 ], [ 75.427936577542724, 15.101652656996556 ], [ 75.429492591332576, 15.102473673122107 ], [ 75.431127255421444, 15.103336156184767 ], [ 75.432060811362732, 15.103828712861944 ], [ 75.432962544567474, 15.104304475068977 ], [ 75.433569321914447, 15.106147916051144 ], [ 75.434143266955772, 15.107891572672962 ], [ 75.434073814737161, 15.107935702636768 ], [ 75.434034299815437, 15.107960810024474 ], [ 75.433766142667608, 15.108719074241233 ], [ 75.433434250194338, 15.109685497155699 ], [ 75.433162457537122, 15.110483637148073 ], [ 75.432605066178141, 15.112096529904536 ], [ 75.432357137531895, 15.112812003774584 ], [ 75.432279667277314, 15.112922058620413 ], [ 75.432190331798878, 15.113045671264679 ], [ 75.43172981392614, 15.113682887351404 ], [ 75.430949170282744, 15.11476304036208 ], [ 75.430760559181266, 15.115017395115853 ], [ 75.430221493399571, 15.115766662645788 ], [ 75.430165614913648, 15.115847207760362 ], [ 75.430165592640137, 15.115847238541834 ], [ 75.429820160634904, 15.116345145611545 ], [ 75.429816258938629, 15.116363889418592 ], [ 75.429808180822093, 15.11640267402173 ], [ 75.429804133643088, 15.116449922301033 ], [ 75.429803946326572, 15.116452106037929 ], [ 75.429761135891567, 15.116951941124558 ], [ 75.429722895294177, 15.117398403507254 ], [ 75.429645527693367, 15.118224754417975 ], [ 75.429561868694762, 15.119048062284117 ], [ 75.429519531561809, 15.119435798966958 ], [ 75.429471962657345, 15.119871443419257 ], [ 75.429403613395493, 15.120627450442207 ], [ 75.42932285204482, 15.121480470063629 ], [ 75.429317557839141, 15.121533019674279 ], [ 75.429275990954238, 15.121993515927848 ], [ 75.42925872396367, 15.122185854310672 ], [ 75.429182695173694, 15.122908475896484 ], [ 75.42914702995877, 15.12331342991299 ], [ 75.429091483177444, 15.124119893184615 ], [ 75.429087729534956, 15.124174394390854 ], [ 75.429068357201459, 15.12445565045237 ], [ 75.428986620698439, 15.125209532598433 ], [ 75.428955688924901, 15.125495840929725 ], [ 75.428813405735141, 15.126585013246856 ], [ 75.42875241797158, 15.126650787289218 ], [ 75.428748109587488, 15.126684333054817 ], [ 75.428476016902607, 15.126977516786663 ], [ 75.428231589110112, 15.127240888733555 ], [ 75.427897263349507, 15.127597861194772 ], [ 75.427374933186201, 15.12815557055675 ], [ 75.427225890659969, 15.128318689956016 ], [ 75.426413831437102, 15.129207435986956 ], [ 75.425741833686587, 15.129912041366227 ], [ 75.425508785706242, 15.130156395882254 ], [ 75.425307428093163, 15.130378429997446 ], [ 75.425194486009332, 15.130499688552124 ], [ 75.424989901796806, 15.130719338952657 ], [ 75.424984812377275, 15.130724802904657 ], [ 75.424267548284917, 15.131524437692461 ], [ 75.424267361625255, 15.131524645983841 ], [ 75.423878099271718, 15.131953386731885 ], [ 75.423870930556362, 15.131961653625595 ], [ 75.423053908048388, 15.132903913126935 ], [ 75.422859481239612, 15.133129789908045 ], [ 75.422334111694596, 15.1337401217097 ], [ 75.422241180236171, 15.133848081126342 ], [ 75.421465075988948, 15.134655224478466 ], [ 75.421167408479462, 15.134965570881658 ], [ 75.421049952736482, 15.135088029244807 ], [ 75.421029364507319, 15.135109494570774 ], [ 75.420932058455776, 15.13521094493179 ], [ 75.420926629349111, 15.135218887541347 ], [ 75.420850948525981, 15.135329625078988 ], [ 75.420494208747101, 15.135851610809976 ], [ 75.419747744193472, 15.136938619699192 ], [ 75.419225582960252, 15.13766231063021 ], [ 75.419225535625827, 15.137662378524881 ], [ 75.419198439199732, 15.137699931408401 ], [ 75.418583834453685, 15.138500484671793 ], [ 75.418324074165028, 15.138818344322617 ], [ 75.417954863042027, 15.139290772540445 ], [ 75.417408241531589, 15.139977673813089 ], [ 75.417294806644435, 15.140120212657324 ], [ 75.417096478612294, 15.140369430045304 ], [ 75.416779220275586, 15.140859202164082 ], [ 75.416608906649216, 15.141122130408316 ], [ 75.416320831467658, 15.141566852364685 ], [ 75.416086647390912, 15.141923952348579 ], [ 75.415983263497324, 15.142081599282202 ], [ 75.415799980790709, 15.142787714445504 ], [ 75.415725999407556, 15.143071848186244 ], [ 75.415501744511388, 15.143933124438844 ], [ 75.415370952301188, 15.144426175002424 ], [ 75.415367609446179, 15.144438766644631 ], [ 75.415232760194897, 15.144947101359413 ], [ 75.415176264324089, 15.145134032884386 ], [ 75.415040627455383, 15.145650289306465 ], [ 75.414864745305593, 15.146319719209036 ], [ 75.414554490625221, 15.147508227118243 ], [ 75.414513180307026, 15.147666476331349 ], [ 75.414362402393095, 15.148642185447629 ], [ 75.41427557637607, 15.149316924680813 ], [ 75.414264400366861, 15.149558098655989 ], [ 75.414252378331284, 15.149608887205456 ], [ 75.414197325856492, 15.149841685739144 ], [ 75.414168049807074, 15.14996533133127 ], [ 75.41405652614236, 15.150436341919672 ], [ 75.414036038766326, 15.150557219317429 ], [ 75.414013330571549, 15.150690592602791 ], [ 75.413885286237118, 15.151442642749689 ], [ 75.413789030199197, 15.151812108495848 ], [ 75.413753850348911, 15.151911732321674 ], [ 75.413750648617139, 15.15193724438647 ], [ 75.413750644014058, 15.151937270613534 ], [ 75.413661535038131, 15.152643424483896 ], [ 75.413646703588839, 15.152694810039835 ], [ 75.413645962174897, 15.152702142950204 ], [ 75.413367798902101, 15.153708474704855 ], [ 75.41335856955294, 15.15374186790836 ], [ 75.413307951668415, 15.154337718967529 ], [ 75.413252018916253, 15.154918410901338 ], [ 75.413106073785173, 15.15552757015867 ], [ 75.413025781869507, 15.156126692169488 ], [ 75.412865995551172, 15.156807704719842 ], [ 75.412711542834643, 15.157646146507405 ], [ 75.412728071915041, 15.157689014431508 ], [ 75.41277824202399, 15.157819122437841 ], [ 75.412741197434514, 15.157994195800924 ], [ 75.412720250164611, 15.158093184954323 ], [ 75.412488219006491, 15.159200985607873 ], [ 75.412292262119905, 15.160217411491899 ], [ 75.412202866726275, 15.160681130616851 ], [ 75.412096381985336, 15.161310894390869 ], [ 75.411954432742135, 15.162015476621498 ], [ 75.411922835599484, 15.162007754780523 ], [ 75.411911906879908, 15.162076106599354 ], [ 75.411852507937397, 15.161994657144588 ], [ 75.411765886662849, 15.161973518565766 ], [ 75.411736995981443, 15.16196646196766 ], [ 75.411717575847064, 15.16196697797402 ], [ 75.411710064025357, 15.161965612045432 ], [ 75.409452815937314, 15.162026983489987 ], [ 75.409422164595227, 15.162027821170291 ], [ 75.40930755664418, 15.162030933122351 ], [ 75.409207937427325, 15.162033644433226 ], [ 75.406135978003789, 15.162248537312937 ], [ 75.406008318283909, 15.162257467216756 ], [ 75.405941747661061, 15.162749865966557 ], [ 75.405855631834086, 15.163386847596891 ], [ 75.405779442709715, 15.163950384727798 ], [ 75.405779188449173, 15.163952265692711 ], [ 75.405663705047701, 15.164778251251153 ], [ 75.405651409368531, 15.164877887818635 ], [ 75.4056238469568, 15.165101238594948 ], [ 75.405553953864185, 15.165667610342384 ], [ 75.405547348425102, 15.165667123164559 ], [ 75.404773519768071, 15.165610042431187 ], [ 75.404643814919751, 15.165597066463452 ], [ 75.403403138324848, 15.165434719669383 ], [ 75.403356339452856, 15.165428595901744 ], [ 75.403240940344205, 15.165916955854239 ], [ 75.40319862732801, 15.166096016964193 ], [ 75.402747976818588, 15.166038814089172 ], [ 75.401661826294557, 15.165764243557117 ], [ 75.398525968746199, 15.165352226126345 ], [ 75.397452031740812, 15.165260803673327 ], [ 75.396956931562215, 15.165222430415671 ], [ 75.396885235748869, 15.165220705939008 ], [ 75.395863347942267, 15.16519697696449 ], [ 75.395767384525158, 15.165190299629502 ], [ 75.395666741037161, 15.165183295951634 ], [ 75.395556759448397, 15.165175642755084 ], [ 75.395539308507608, 15.165388364662398 ], [ 75.395588517710692, 15.165879159203648 ], [ 75.395504092596596, 15.166313781748267 ], [ 75.395463299581564, 15.166602480695978 ], [ 75.395396292127614, 15.166925241116846 ], [ 75.395317876348955, 15.167319987146083 ], [ 75.395313282880963, 15.167357267248414 ], [ 75.395122227649665, 15.169022082997133 ], [ 75.395114017580951, 15.169095408293851 ], [ 75.394981194569283, 15.170839555063054 ], [ 75.39493319016988, 15.171342153502604 ], [ 75.394834866724082, 15.172409091076211 ], [ 75.394826820229525, 15.172496417708262 ], [ 75.394804093108505, 15.17262817988151 ], [ 75.394800972394691, 15.172661585161444 ], [ 75.394811320708129, 15.172662819200903 ], [ 75.394810536696625, 15.172671236752233 ], [ 75.395576875969894, 15.172773986340577 ], [ 75.396990439566736, 15.17291538991314 ], [ 75.397345345977854, 15.17296644956825 ], [ 75.397514376325105, 15.172990917268253 ], [ 75.399410475634696, 15.173226330930884 ], [ 75.399836737443181, 15.17330847026731 ], [ 75.400202215639524, 15.173378896653432 ], [ 75.400200077720385, 15.173391947370643 ], [ 75.400188047993922, 15.173465394068076 ], [ 75.400345083891608, 15.173496961173736 ], [ 75.400065134181489, 15.175233092828645 ], [ 75.399927729169264, 15.176085205309745 ], [ 75.39978187574431, 15.176919370203288 ], [ 75.399761509452958, 15.177035859408759 ], [ 75.399638980819901, 15.177652132455163 ], [ 75.399541326129608, 15.1781432958911 ], [ 75.399447187490267, 15.17861682510248 ], [ 75.39939872828036, 15.178860593874626 ], [ 75.399369570436832, 15.179001122988319 ], [ 75.399095419598424, 15.180258560758981 ], [ 75.399092001381263, 15.180275998562568 ], [ 75.398917678125116, 15.181165326447916 ], [ 75.398905826305366, 15.181225788521608 ], [ 75.398766065876345, 15.181854377157903 ], [ 75.398765075867729, 15.181863578019447 ], [ 75.398746057099288, 15.182040346685003 ], [ 75.398632499693193, 15.183096005922238 ], [ 75.398437304558414, 15.183937304343551 ], [ 75.398090053788252, 15.18543393187376 ], [ 75.398076173636071, 15.185493754669331 ], [ 75.398070917539911, 15.185523107075655 ], [ 75.397786401189833, 15.187111636808531 ], [ 75.397782457253754, 15.187179038186661 ], [ 75.397707170093938, 15.188466075809465 ], [ 75.397705826877811, 15.188489035711708 ], [ 75.397705779780594, 15.188544918435012 ], [ 75.397705569257354, 15.188797889211321 ], [ 75.397704336111033, 15.19028193965347 ], [ 75.397702406380915, 15.191009197508675 ], [ 75.397713556006707, 15.191327958555149 ], [ 75.397828863625065, 15.192538815018706 ], [ 75.397872558625394, 15.193180695826248 ], [ 75.397851885700561, 15.193295294843185 ], [ 75.397940049413904, 15.194087427015269 ], [ 75.398012333390895, 15.194625084470413 ], [ 75.398013093572018, 15.194900928631112 ], [ 75.398021636304534, 15.19568686736155 ], [ 75.398022786088873, 15.195792621962781 ], [ 75.397981911570525, 15.197272855770199 ], [ 75.398088663506911, 15.198306176244072 ], [ 75.398097686721229, 15.198379550538665 ], [ 75.398113647524184, 15.198509330368802 ], [ 75.398089917562103, 15.198528520651926 ], [ 75.39809174363981, 15.198544599619382 ], [ 75.398071288616322, 15.198560905559408 ], [ 75.398302279855685, 15.200658042660686 ], [ 75.398277242813322, 15.20081569612409 ], [ 75.398316726908519, 15.200812494064966 ], [ 75.398414913465231, 15.200804529717182 ], [ 75.398480197095992, 15.200799237312841 ], [ 75.398766583997201, 15.200776008590012 ], [ 75.398821004176312, 15.200769816645408 ], [ 75.398884895911081, 15.200762546638673 ], [ 75.401108536896587, 15.200484079500866 ], [ 75.401347151097909, 15.200444192432002 ], [ 75.402656494261933, 15.200225318975267 ], [ 75.402784258557205, 15.20020396089682 ], [ 75.403262801066049, 15.200157508001476 ], [ 75.403594715159798, 15.200177587630199 ], [ 75.403899670385925, 15.200196036266517 ], [ 75.403921032637996, 15.200197016829803 ], [ 75.404148198436943, 15.200209611547873 ], [ 75.405176426763589, 15.200266616811259 ], [ 75.408227979501746, 15.200435767666166 ], [ 75.408367723602836, 15.200438571732509 ], [ 75.408448369126816, 15.200059157277042 ], [ 75.408457235000242, 15.200017447406353 ], [ 75.408603251693947, 15.200009924315241 ], [ 75.408781663668634, 15.200000732106039 ], [ 75.408780556380265, 15.200021354532229 ], [ 75.408770990791908, 15.200149697827779 ], [ 75.408871433213477, 15.200143665184227 ], [ 75.409880797576761, 15.200083020824682 ], [ 75.412453479840664, 15.20023424745559 ], [ 75.413144358978016, 15.200239386077246 ], [ 75.413813946937751, 15.200234165116758 ], [ 75.41392476908463, 15.200233300409195 ], [ 75.413924982287199, 15.200233300017027 ], [ 75.414535335855817, 15.200228987784021 ], [ 75.414777077781224, 15.200239996204832 ], [ 75.414815342241283, 15.200242165998386 ], [ 75.415041513181365, 15.200249987002019 ], [ 75.416144847119725, 15.200288137772175 ], [ 75.419145129398856, 15.20035926300026 ], [ 75.420053959847195, 15.200364724192852 ], [ 75.420187424652099, 15.200367779452652 ], [ 75.420192905808207, 15.200367904830699 ], [ 75.420251026127303, 15.20035924454883 ], [ 75.42031581616105, 15.200349594477538 ], [ 75.420447489353421, 15.200288112960086 ], [ 75.420607627957423, 15.200275753195474 ], [ 75.421139690230959, 15.200223773072056 ], [ 75.421327191121321, 15.200205669464525 ], [ 75.42132751412413, 15.200205639024936 ], [ 75.422194987402847, 15.20012613614781 ], [ 75.422194992852027, 15.200126135727718 ], [ 75.422272419761654, 15.200117060302093 ], [ 75.422349019383972, 15.200114261379996 ], [ 75.42427091175422, 15.199966097177393 ], [ 75.42427813443669, 15.199965559190385 ], [ 75.424430725033247, 15.19995426963043 ], [ 75.4244406191671, 15.199953449045452 ], [ 75.424529319139623, 15.199946084306113 ], [ 75.42452935603923, 15.199946844572301 ], [ 75.4245305535797, 15.199969774438483 ], [ 75.424541564503471, 15.199967808074231 ], [ 75.424542089244042, 15.199974612134815 ], [ 75.424559113416819, 15.199970690641697 ], [ 75.424691748258454, 15.199947141184504 ], [ 75.424808970914057, 15.199926327576152 ], [ 75.427378063354496, 15.199459678142494 ], [ 75.427950497161007, 15.199375560030594 ], [ 75.428014877523879, 15.199368093709779 ], [ 75.428222570638383, 15.199344005239258 ], [ 75.428268864983323, 15.199339704106961 ], [ 75.428479956895558, 15.199320093193732 ], [ 75.428736655596239, 15.199310727988468 ], [ 75.428742283433039, 15.199310659405182 ], [ 75.429063464957068, 15.199271337068996 ], [ 75.430419828282396, 15.199105293853972 ], [ 75.430773862897638, 15.199061952691267 ], [ 75.430772072284114, 15.199035672565397 ], [ 75.430776452800217, 15.199034807108022 ], [ 75.431066094343521, 15.198979821171877 ], [ 75.431200602495792, 15.198954286182632 ], [ 75.431713264193164, 15.198867451433305 ], [ 75.431777368655517, 15.198861811727072 ], [ 75.431778442850387, 15.198861717449489 ], [ 75.432607129916022, 15.198789912985799 ], [ 75.432658503821131, 15.198786622806564 ], [ 75.43265881805192, 15.198794164980505 ], [ 75.432660025309204, 15.198823127790275 ], [ 75.432729853981741, 15.19881690626384 ], [ 75.4327810702721, 15.198813479842805 ], [ 75.432784430053573, 15.199099606213238 ], [ 75.432796512681321, 15.200128979067605 ], [ 75.432875782587757, 15.201374159528884 ], [ 75.432877254758154, 15.201394349421815 ], [ 75.432946713993033, 15.2023458847407 ], [ 75.432950572132654, 15.202381409709441 ], [ 75.433080106526361, 15.203584024625483 ], [ 75.433114975403171, 15.203907753445719 ], [ 75.433115507869744, 15.203912728499944 ], [ 75.4331211846565, 15.203965763805938 ], [ 75.433133376324363, 15.204079662171841 ], [ 75.433209457151861, 15.204792493601998 ], [ 75.433334519807815, 15.205903276188009 ], [ 75.433409360377681, 15.206821271748012 ], [ 75.433506457904741, 15.208132099342755 ], [ 75.43352674677817, 15.208405999432378 ], [ 75.433458325856378, 15.208657592255667 ], [ 75.433492277878187, 15.208938280082823 ], [ 75.433576345837352, 15.209633290893136 ], [ 75.434096935483282, 15.209610419316437 ], [ 75.434301858815104, 15.209601416102583 ], [ 75.434301860583375, 15.20960141591047 ], [ 75.434301863669276, 15.209601415889319 ], [ 75.434447280595307, 15.209595027062475 ], [ 75.435381964323255, 15.209553958872581 ], [ 75.436016523998646, 15.209464857182768 ], [ 75.437064507720748, 15.209365870978523 ], [ 75.439555715906693, 15.209130544447127 ], [ 75.441001039810757, 15.209038964025378 ], [ 75.442063079222848, 15.208971663092795 ], [ 75.44235089765624, 15.208957697253336 ], [ 75.443662566055906, 15.208776726973063 ], [ 75.443859136660933, 15.208771005954519 ], [ 75.443964230334288, 15.208767947057021 ], [ 75.444028520422222, 15.208763024890715 ], [ 75.445610975954935, 15.208641861857194 ], [ 75.44651949262456, 15.208474458378635 ], [ 75.446689227742993, 15.208442516438449 ], [ 75.446888603425791, 15.208404232108936 ], [ 75.447506589187029, 15.208298137992974 ], [ 75.447723612933615, 15.208260879209172 ], [ 75.447723720902573, 15.208260863624862 ], [ 75.447826323373476, 15.208243559552409 ], [ 75.449207882969219, 15.20803565389571 ], [ 75.449237852664083, 15.208033964884114 ], [ 75.449258990189009, 15.208033043897924 ], [ 75.449269914114538, 15.208032568229369 ], [ 75.449331004508593, 15.208030617240217 ], [ 75.449327466142861, 15.208037641590478 ], [ 75.449380452529823, 15.208038522292332 ], [ 75.449251848869096, 15.208915083376327 ], [ 75.449014166178046, 15.209498314845767 ], [ 75.448826068902463, 15.209959872493089 ], [ 75.448690958308433, 15.2103122702873 ], [ 75.44809004900803, 15.211458593299163 ], [ 75.448998278194367, 15.211398548773266 ], [ 75.450111221053874, 15.21121654634584 ], [ 75.452031780433572, 15.210826335715916 ], [ 75.45287282090753, 15.210582110196885 ], [ 75.453219283759054, 15.210476044257012 ], [ 75.453470911412765, 15.21043530991405 ], [ 75.453653670734965, 15.210406495308348 ], [ 75.455877268451161, 15.209862683694107 ], [ 75.457325464354, 15.209414879551476 ], [ 75.458809820262957, 15.20910159837203 ], [ 75.459009669207447, 15.209057424038813 ], [ 75.459794071337299, 15.20889101420811 ], [ 75.460825781508234, 15.208601978193315 ], [ 75.461077278133047, 15.208524184655717 ], [ 75.461260958956473, 15.208468313753253 ], [ 75.462104385613316, 15.208371627797428 ], [ 75.462368330775263, 15.208282849799803 ], [ 75.462498773947019, 15.208259132472021 ], [ 75.462955533678183, 15.208176481985372 ], [ 75.463357901246454, 15.208041861266162 ], [ 75.463628735127259, 15.208005016089782 ], [ 75.464657739353783, 15.207950720930025 ], [ 75.464927641254789, 15.207906405706721 ], [ 75.465134149674029, 15.207901460162461 ], [ 75.465104517353993, 15.207750369135972 ], [ 75.465235684275072, 15.207736446259098 ], [ 75.465171075992657, 15.207277469752739 ], [ 75.465102281429495, 15.206829672676481 ], [ 75.46509812743507, 15.206785234859627 ], [ 75.465091410084, 15.206713106740025 ], [ 75.465718694816829, 15.206630002271574 ], [ 75.466330965902856, 15.206550252398666 ], [ 75.46680237431238, 15.206503743340949 ], [ 75.466946507917328, 15.206489846824226 ], [ 75.467538716466393, 15.206426362667026 ], [ 75.468125498680934, 15.206366327373109 ], [ 75.468158894734827, 15.206362795244919 ], [ 75.468549238702494, 15.206321578754174 ], [ 75.468645079046382, 15.206308413219102 ], [ 75.468749740830333, 15.206294043581927 ], [ 75.469311223441053, 15.206195860546991 ], [ 75.469622423492098, 15.206146778605559 ], [ 75.469871353090042, 15.206107522572653 ], [ 75.470431484101553, 15.206019186828518 ], [ 75.470706792326752, 15.205972732481214 ], [ 75.470980866329, 15.205926486514233 ], [ 75.471535013872426, 15.205832882554517 ], [ 75.471652083827195, 15.205813806050831 ], [ 75.471750740788309, 15.205797726250335 ], [ 75.472085006151119, 15.205743258488583 ], [ 75.472635663839228, 15.205648718922024 ], [ 75.472781596994494, 15.205629388623066 ], [ 75.47320012673606, 15.205573946518001 ], [ 75.473765497978107, 15.205503800586417 ], [ 75.473796437350558, 15.205497607574024 ], [ 75.474055589658832, 15.205445737917769 ], [ 75.474344403425619, 15.20543289420957 ], [ 75.474711872489394, 15.205400337966992 ], [ 75.474884867065782, 15.205384080033429 ], [ 75.475086297800985, 15.205365147318183 ], [ 75.475464798188412, 15.205343699389159 ], [ 75.475842543231451, 15.205318435399656 ], [ 75.476220595529412, 15.205287834251244 ], [ 75.476397288261211, 15.20527296594201 ], [ 75.476585034901575, 15.205257166381456 ], [ 75.476950736032322, 15.205232856350795 ], [ 75.477314065978362, 15.20521031642563 ], [ 75.477529373409268, 15.20518397570687 ], [ 75.477880180409599, 15.205147631753631 ], [ 75.477886321959872, 15.205147006645742 ], [ 75.478115499899843, 15.205124852529467 ], [ 75.478545962110488, 15.205051350553152 ], [ 75.478571900111803, 15.205046968453628 ], [ 75.478633346320322, 15.20503660807455 ], [ 75.479025601511225, 15.20496811822596 ], [ 75.479419747058273, 15.204903616084319 ], [ 75.479815761789254, 15.204835790397496 ], [ 75.480216204338831, 15.204771301468687 ], [ 75.480616849700979, 15.204707272480174 ], [ 75.480867559078746, 15.2046651346401 ], [ 75.481018305502872, 15.204639858892325 ], [ 75.481421060726674, 15.204578589549925 ], [ 75.481824201609328, 15.204510146609326 ], [ 75.482231830682977, 15.204442102880098 ], [ 75.482281960270328, 15.204433978051014 ], [ 75.482413391938806, 15.204412714399423 ], [ 75.482505097057526, 15.204417463047074 ], [ 75.482666927563145, 15.204425994864842 ], [ 75.484425231551953, 15.204102944851565 ], [ 75.484543135493865, 15.204077444555676 ], [ 75.485385158331667, 15.204132502346786 ], [ 75.486168736598557, 15.204094286563617 ], [ 75.487247181208673, 15.203880972384326 ], [ 75.487285345329042, 15.203873446451988 ], [ 75.488159777183157, 15.203706938990667 ], [ 75.488277217804438, 15.203677447159547 ], [ 75.488395924544818, 15.203673820002065 ], [ 75.489860642147946, 15.203498095050133 ], [ 75.490344512309832, 15.203451304604492 ], [ 75.49108186944278, 15.203391662710908 ], [ 75.491108705821276, 15.203389482262626 ], [ 75.490996899658271, 15.202746448684547 ], [ 75.490970475435418, 15.202636223311512 ], [ 75.490881301978717, 15.20249526329467 ], [ 75.490907622277135, 15.202349353693728 ], [ 75.491278318033991, 15.201856029188701 ], [ 75.491790532546943, 15.201175765136691 ], [ 75.491815046814551, 15.201184942680753 ], [ 75.491819403779033, 15.201179184542692 ], [ 75.49197916067601, 15.201240748745919 ], [ 75.492163049960027, 15.201235155920724 ], [ 75.492312122010986, 15.201125151612338 ], [ 75.492284875927297, 15.20082018891341 ], [ 75.492454014010974, 15.20063568799705 ], [ 75.492961776709237, 15.19992995693122 ], [ 75.493727491189219, 15.199532954859309 ], [ 75.493729017637747, 15.199531981434841 ], [ 75.493877732724215, 15.199444275990221 ], [ 75.493867762577693, 15.199397071558861 ], [ 75.494084388185257, 15.199361083878829 ], [ 75.495116998219814, 15.199189323326708 ], [ 75.495180364446128, 15.19918351035701 ], [ 75.495261400200079, 15.199169896092604 ], [ 75.495439594176247, 15.199151744490928 ], [ 75.495515417072738, 15.199143634832391 ], [ 75.495613400155904, 15.199126031010898 ], [ 75.495740644678705, 15.199113034893468 ], [ 75.496205535680375, 15.199080109043635 ], [ 75.497229958891651, 15.199024093402194 ], [ 75.498198287342106, 15.198877408754855 ], [ 75.498318445668005, 15.198857290847583 ], [ 75.498318546065605, 15.19885727377215 ], [ 75.498559755626033, 15.198809109854231 ], [ 75.498777932440703, 15.198767103950615 ], [ 75.499368725218233, 15.198647121005273 ], [ 75.499972441630277, 15.198526029251644 ], [ 75.500095397303411, 15.198501988777716 ], [ 75.500419916502295, 15.198438019090528 ], [ 75.500582699300594, 15.198405662690046 ], [ 75.501184523871231, 15.198325779759001 ], [ 75.501722164946074, 15.198259926420024 ], [ 75.501893566416399, 15.198236770882662 ], [ 75.502007627759269, 15.198221752911088 ], [ 75.502141698422037, 15.198204100962306 ], [ 75.502166741122579, 15.198200803469424 ], [ 75.502228788406285, 15.198186222887584 ], [ 75.502315372385752, 15.198165398618265 ], [ 75.502419737279595, 15.198130712191041 ], [ 75.502406877314954, 15.198031971403713 ], [ 75.502401733177891, 15.197992488288097 ], [ 75.502440237567598, 15.197992936640475 ], [ 75.502551465085446, 15.19799219449683 ], [ 75.502549575144656, 15.197978045570249 ], [ 75.502588075272669, 15.19797905443458 ], [ 75.502780318960674, 15.197984099231249 ], [ 75.502781219894601, 15.197984122864245 ], [ 75.503018150305039, 15.197972010978237 ], [ 75.503699700720958, 15.197914991706238 ], [ 75.503737292712756, 15.197907986862223 ], [ 75.50432627158628, 15.197935565725412 ], [ 75.504950025205815, 15.197971744158931 ], [ 75.505565536393334, 15.197974899896922 ], [ 75.505954610661661, 15.197984937759944 ], [ 75.506059168847429, 15.197987501699378 ], [ 75.506392746528235, 15.197971098202995 ], [ 75.507003549059434, 15.197955728844994 ], [ 75.507655224288456, 15.197941202263866 ], [ 75.507670993553376, 15.197940820432208 ], [ 75.508664742649827, 15.197913173889035 ], [ 75.508704293410858, 15.197911276343424 ], [ 75.508775770870201, 15.197907820317743 ], [ 75.508885983248121, 15.197893807487359 ], [ 75.51017472497783, 15.197720957883124 ], [ 75.510805066713829, 15.197610354639462 ], [ 75.511362660695085, 15.197527199956131 ], [ 75.511402239534277, 15.197521932384578 ], [ 75.511644278292891, 15.197551027833802 ], [ 75.512218108847051, 15.197592704170017 ], [ 75.51246356548063, 15.197613326092851 ], [ 75.512673510810217, 15.197631103051844 ], [ 75.513007912767861, 15.197658161282952 ], [ 75.51365300562891, 15.197699700427636 ], [ 75.514456076555803, 15.197783435105972 ], [ 75.514681483658791, 15.197301538452876 ], [ 75.5147948635787, 15.197059976891012 ], [ 75.515020997690286, 15.196557553927459 ], [ 75.515289379690913, 15.195961058096502 ], [ 75.515457733174344, 15.19559418121572 ], [ 75.515493276474118, 15.195515626970009 ], [ 75.515529565602165, 15.195453227743968 ], [ 75.515655649696086, 15.195551287792009 ], [ 75.515671856169007, 15.195517809909944 ], [ 75.515701772239751, 15.195456011098697 ], [ 75.516033871034324, 15.195734105729928 ], [ 75.516468557223021, 15.196073020294516 ], [ 75.517021474205791, 15.196469575837908 ], [ 75.517041843445853, 15.196482365842359 ], [ 75.517049549875594, 15.196489711885175 ], [ 75.517180712267461, 15.196583782378934 ], [ 75.517302913178924, 15.196716007969776 ], [ 75.517425906626713, 15.196680860766854 ], [ 75.518197478488702, 15.196785612849023 ], [ 75.518308176918282, 15.196790098926549 ], [ 75.519716314089592, 15.196948314172124 ], [ 75.52032561072744, 15.197044676921056 ], [ 75.520896980371901, 15.197110794495771 ], [ 75.521046948751291, 15.197108012831064 ], [ 75.5212240818353, 15.197095702219885 ], [ 75.521673155208759, 15.197089525024682 ], [ 75.521890761731626, 15.197083100486397 ] ] ], [ [ [ 75.595142560560859, 14.95707809079563 ], [ 75.595146599584865, 14.957074749561038 ], [ 75.595146429861671, 14.95707419616271 ], [ 75.595142560560859, 14.95707809079563 ] ] ] ] } },
{ "type": "Feature", "properties": { "OBJECTID": 165, "KGISHobliID": 914, "KGISHobliCode": "080401", "KGISHobliName": "Shirahatti", "BhuCodeHobli": null, "SHAPE.STArea()": 488131339.50041741, "SHAPE.STLength()": 141117.23643984148, "KGISTalukCode": "0804", "created_user": null, "created_date": null, "last_edited_user": "SA", "last_edited_date": 1610779758000.0, "_overlap_percent": 11.895701220872875, "_police_station": "Lakshmeshwar PS", "_police_feature_index": "659", "_admin_layer": "Hobli", "_geometry_clipped": true }, "geometry": { "type": "MultiPolygon", "coordinates": [ [ [ [ 75.535592296419964, 15.194872302875426 ], [ 75.535193942190375, 15.194904998682324 ], [ 75.534779126183267, 15.19491514553455 ], [ 75.533502306879001, 15.194942358368451 ], [ 75.533334113117732, 15.194964296484345 ], [ 75.532939091146886, 15.195015529293316 ], [ 75.532541886350799, 15.195066606557676 ], [ 75.531673180261791, 15.195226867528813 ], [ 75.53152079572439, 15.195262079442029 ], [ 75.531359679519653, 15.195299183297905 ], [ 75.531137267245285, 15.195343340614205 ], [ 75.5310317763971, 15.195358541077125 ], [ 75.530377398672087, 15.195336435149219 ], [ 75.529592916944452, 15.195310217959653 ], [ 75.529606872843146, 15.195368876426388 ], [ 75.529679128512115, 15.195370154093004 ], [ 75.530479227323355, 15.195402917634807 ], [ 75.531148293594939, 15.195430313593373 ], [ 75.531256201372742, 15.195415884874025 ], [ 75.531483871401534, 15.195373391176815 ], [ 75.531648951238481, 15.195337563462079 ], [ 75.531805206326993, 15.195303635141915 ], [ 75.532643939775411, 15.195121544308389 ], [ 75.533028542887124, 15.195061577115354 ], [ 75.533411268720684, 15.195001908447718 ], [ 75.53357425332571, 15.194976504651581 ], [ 75.53481057741223, 15.194928032508511 ], [ 75.535212626690253, 15.194912266400484 ], [ 75.535599151499085, 15.194874621785289 ], [ 75.53582433902983, 15.194867226663309 ], [ 75.535592296419964, 15.194872302875426 ] ] ], [ [ [ 75.541658605536412, 15.191433027276123 ], [ 75.541619218130691, 15.191439546370679 ], [ 75.541585880048189, 15.192184368940532 ], [ 75.541508526478651, 15.192851110446304 ], [ 75.54152864106814, 15.193308438618198 ], [ 75.540822844907254, 15.193588377167634 ], [ 75.540678025447832, 15.193664119255638 ], [ 75.539536175140853, 15.194259055302011 ], [ 75.53777152038073, 15.194681737915463 ], [ 75.537576152782762, 15.194703226969752 ], [ 75.53582433902983, 15.194867226663309 ], [ 75.537646465511472, 15.194807430626627 ], [ 75.537845304570638, 15.194800907371087 ], [ 75.539621353550274, 15.194522191189524 ], [ 75.540749869126671, 15.194029735304843 ], [ 75.540891357108165, 15.19396798355495 ], [ 75.541566779770278, 15.193749464569761 ], [ 75.541595223417545, 15.19333437087705 ], [ 75.541659745583004, 15.192408305372375 ], [ 75.541684298250331, 15.191430036122517 ], [ 75.541658605536412, 15.191433027276123 ] ] ], [ [ [ 75.577238958677029, 15.163665385573974 ], [ 75.577251815885575, 15.164099496087625 ], [ 75.57715267701785, 15.164274585206343 ], [ 75.577187581222915, 15.164720384048728 ], [ 75.57718688861172, 15.164728593871917 ], [ 75.577149566905874, 15.16517235535323 ], [ 75.577287446072432, 15.165669860098282 ], [ 75.577145494074983, 15.165892300984284 ], [ 75.577144536267696, 15.165906722444904 ], [ 75.577121631345818, 15.166249958725482 ], [ 75.57712906762103, 15.166892383401775 ], [ 75.576932232682552, 15.167420647783079 ], [ 75.576810790767425, 15.167779741273039 ], [ 75.576808606981359, 15.167793127995353 ], [ 75.576676180538101, 15.168601573041595 ], [ 75.576623070185434, 15.168921144713376 ], [ 75.576672428200638, 15.169253081422475 ], [ 75.576697743392074, 15.169351727503164 ], [ 75.577239846553923, 15.171798559153721 ], [ 75.577523849346747, 15.172830229922496 ], [ 75.577562398050475, 15.172970404712039 ], [ 75.576933604445202, 15.173330437874581 ], [ 75.574592869248107, 15.174663632099842 ], [ 75.573145978666133, 15.174837870928373 ], [ 75.567384892170892, 15.175472118402149 ], [ 75.567173212814851, 15.175503599859542 ], [ 75.567371356547369, 15.175477527178609 ], [ 75.573183560671836, 15.174902497692546 ], [ 75.574629664204622, 15.174727945096999 ], [ 75.576970139256758, 15.173385852394194 ], [ 75.577599964084087, 15.173024685494969 ], [ 75.577560649671383, 15.172883644769335 ], [ 75.577271566985686, 15.171846542764291 ], [ 75.576721220354443, 15.169396218186304 ], [ 75.576695746459961, 15.169297753329026 ], [ 75.576645946025621, 15.168966768840724 ], [ 75.5766986417905, 15.168648792100857 ], [ 75.576830431711983, 15.167845929497206 ], [ 75.576832611134648, 15.167832650370222 ], [ 75.576953845578075, 15.167476689098708 ], [ 75.577150602764348, 15.166953391859177 ], [ 75.577144894046526, 15.166317132139374 ], [ 75.577168963370227, 15.165977305742402 ], [ 75.577169973690772, 15.165963026990411 ], [ 75.577311966301721, 15.165742853392704 ], [ 75.577177424000311, 15.165250455355384 ], [ 75.57721713958469, 15.164811422360247 ], [ 75.577217874313135, 15.164803297411815 ], [ 75.577185657696759, 15.164362080759879 ], [ 75.577284710233926, 15.164188447401107 ], [ 75.57727367214973, 15.163758236916593 ], [ 75.577479510675715, 15.163593379842618 ], [ 75.577444631926326, 15.163501483435013 ], [ 75.577238958677029, 15.163665385573974 ] ] ], [ [ [ 75.577633603599864, 15.162442539018198 ], [ 75.577471741726015, 15.16264513883109 ], [ 75.577479296396262, 15.162845414386254 ], [ 75.577321953644599, 15.16317437343028 ], [ 75.577322728946498, 15.163176400178605 ], [ 75.577358013967512, 15.163268608987901 ], [ 75.57751249550715, 15.162942779078367 ], [ 75.577504837121339, 15.162743401534236 ], [ 75.577663842645336, 15.162540241258046 ], [ 75.577781081905442, 15.162120644128752 ], [ 75.577742118284235, 15.162067517513179 ], [ 75.577633603599864, 15.162442539018198 ] ] ], [ [ [ 75.578203389468257, 15.160791772349656 ], [ 75.578047610058036, 15.16089007247305 ], [ 75.578036602885888, 15.160998632484262 ], [ 75.578035348148177, 15.161010973543863 ], [ 75.577972201581829, 15.161639690057639 ], [ 75.577587835303248, 15.161797535368098 ], [ 75.577648800560823, 15.161880272010027 ], [ 75.577991295451994, 15.16173211573642 ], [ 75.578044184029679, 15.161095776176065 ], [ 75.578045227041045, 15.161083277446862 ], [ 75.578054361329606, 15.160973325447676 ], [ 75.578205792175851, 15.160873043895581 ], [ 75.578419246636088, 15.160731686799027 ], [ 75.578417213963718, 15.160656477775641 ], [ 75.578203389468257, 15.160791772349656 ] ] ], [ [ [ 75.577887150567435, 15.156855035917403 ], [ 75.57778819744162, 15.156928494653217 ], [ 75.577533985401132, 15.15711693002461 ], [ 75.577536877952042, 15.157360511749596 ], [ 75.577540312214765, 15.157143035135276 ], [ 75.577791324455845, 15.156958138346141 ], [ 75.577888841120412, 15.156886306998633 ], [ 75.577974055389177, 15.156609906954701 ], [ 75.577966019660423, 15.156577497272998 ], [ 75.577887150567435, 15.156855035917403 ] ] ], [ [ [ 75.577963632131144, 15.156567867895747 ], [ 75.577810926787194, 15.155951977073487 ], [ 75.577782858010977, 15.155952587835126 ], [ 75.577963632131144, 15.156567867895747 ] ] ], [ [ [ 75.578565296082473, 15.154249116705845 ], [ 75.578373366515905, 15.154213113223546 ], [ 75.578286768699968, 15.154212708653956 ], [ 75.578237375718999, 15.154282870868135 ], [ 75.577819484967137, 15.154872363855795 ], [ 75.577779061922243, 15.15493673865069 ], [ 75.577568364889984, 15.155264302109254 ], [ 75.577187079783855, 15.155870232123162 ], [ 75.577146338506992, 15.155934439468425 ], [ 75.577213487006986, 15.155933155314724 ], [ 75.577234626988528, 15.155900721408367 ], [ 75.577632546987473, 15.155290216626463 ], [ 75.57785542122727, 15.154961141961774 ], [ 75.577898602730471, 15.154896614533628 ], [ 75.578284172149168, 15.154320433506804 ], [ 75.578330025104307, 15.154251912203357 ], [ 75.578413988365213, 15.154255932558808 ], [ 75.578600176282208, 15.154299615437633 ], [ 75.5792910877731, 15.153336770636685 ], [ 75.57925211334728, 15.153322492789307 ], [ 75.578565296082473, 15.154249116705845 ] ] ], [ [ [ 75.578160149265983, 15.150759070744519 ], [ 75.57819138417338, 15.150880089379765 ], [ 75.578160798406927, 15.150759212828865 ], [ 75.578169579883522, 15.150722025788422 ], [ 75.578160149265983, 15.150759070744519 ] ] ], [ [ [ 75.579826524900398, 15.148426575031618 ], [ 75.579463481454624, 15.148530001822563 ], [ 75.578497974983705, 15.148700073241036 ], [ 75.578491494282943, 15.148716962526844 ], [ 75.578321797357361, 15.149707695901066 ], [ 75.578169579883522, 15.150722025788422 ], [ 75.578379661251816, 15.149832522774224 ], [ 75.578663494102713, 15.148729095463768 ], [ 75.578668082827988, 15.148711288871516 ], [ 75.579563372576985, 15.148525795477966 ], [ 75.579911453598328, 15.148408961628279 ], [ 75.58006982507699, 15.148354627380945 ], [ 75.579826524900398, 15.148426575031618 ] ] ], [ [ [ 75.589003063988201, 15.145411560760094 ], [ 75.588977845672588, 15.145411423136188 ], [ 75.588967904225598, 15.145482773847077 ], [ 75.588894404207707, 15.146009975863169 ], [ 75.588957064022296, 15.14606960305329 ], [ 75.588978473098237, 15.146089962771327 ], [ 75.589036377316177, 15.14605259670016 ], [ 75.589003715567529, 15.146020459066072 ], [ 75.588941802382479, 15.145959542545535 ], [ 75.589021288677216, 15.145423172095684 ], [ 75.589022993793051, 15.145411672708711 ], [ 75.589003063988201, 15.145411560760094 ] ] ], [ [ [ 75.589343462629444, 15.144594530695363 ], [ 75.589297314648789, 15.144707133705298 ], [ 75.58916208585002, 15.145037081541396 ], [ 75.589206037615682, 15.145047041794353 ], [ 75.589364967725302, 15.145082991361457 ], [ 75.589464895738772, 15.145173545184424 ], [ 75.5894579957546, 15.145225823537665 ], [ 75.58950786070892, 15.145205953292088 ], [ 75.589521625154333, 15.145108578877791 ], [ 75.589422920746657, 15.145016218265583 ], [ 75.589264522212247, 15.144979621844509 ], [ 75.589220701236187, 15.14496949581641 ], [ 75.589359971449866, 15.144633233319478 ], [ 75.589385942974516, 15.144570522760596 ], [ 75.589343462629444, 15.144594530695363 ] ] ], [ [ [ 75.595253482835048, 15.1439268255832 ], [ 75.595257186174706, 15.143927107742025 ], [ 75.595312290766984, 15.143808178680917 ], [ 75.595253482835048, 15.1439268255832 ] ] ], [ [ [ 75.601471816451081, 15.136908497204898 ], [ 75.601868943830112, 15.137090483429379 ], [ 75.602184088735243, 15.13730088269778 ], [ 75.602083369186957, 15.137442930840709 ], [ 75.601490768579666, 15.138320862253432 ], [ 75.599872268100214, 15.139295099591342 ], [ 75.59959348414209, 15.139418118901727 ], [ 75.599872049135854, 15.139299311324899 ], [ 75.601509525780202, 15.138324270361849 ], [ 75.602144208295883, 15.137395086276992 ], [ 75.602244763336259, 15.137247871795557 ], [ 75.601929901384153, 15.137028242220072 ], [ 75.601538266214376, 15.136835034638366 ], [ 75.601727743279042, 15.136473537075021 ], [ 75.601471816451081, 15.136908497204898 ] ] ], [ [ [ 75.60027631203279, 15.130267159327472 ], [ 75.601614526488447, 15.130016658454069 ], [ 75.603257457307066, 15.129716351116372 ], [ 75.603256629059644, 15.129707589490584 ], [ 75.60144309339978, 15.130040954206654 ], [ 75.600287566005392, 15.130253349913444 ], [ 75.60027631203279, 15.130267159327472 ] ] ], [ [ [ 75.603576251361176, 15.115645622346724 ], [ 75.603222106283226, 15.118838282195833 ], [ 75.60322083274049, 15.11887961243313 ], [ 75.603182726778954, 15.12302551720164 ], [ 75.603295790511794, 15.118883691418789 ], [ 75.603296904551186, 15.118842895912401 ], [ 75.603577830847527, 15.115646027675181 ], [ 75.603581057530505, 15.115619773006943 ], [ 75.603576251361176, 15.115645622346724 ] ] ], [ [ [ 75.603833364391434, 15.11357238522287 ], [ 75.603831209572817, 15.113589870872268 ], [ 75.60383770688793, 15.113541128830411 ], [ 75.603833364391434, 15.11357238522287 ] ] ], [ [ [ 75.603921139827577, 15.112915225397259 ], [ 75.604127654747373, 15.111365976409433 ], [ 75.60415475112184, 15.111162700688091 ], [ 75.603921139827577, 15.112915225397259 ] ] ], [ [ [ 75.604732211222938, 15.102743941864766 ], [ 75.604694520871362, 15.103054127118703 ], [ 75.604680201800647, 15.103168398343294 ], [ 75.604679693702195, 15.103189436525399 ], [ 75.604654004721453, 15.104097278144618 ], [ 75.604649281004711, 15.10437470397741 ], [ 75.604740288722937, 15.106874017267341 ], [ 75.60474120724875, 15.106906237695148 ], [ 75.604466236545974, 15.108810190894999 ], [ 75.604437529603175, 15.109012404174578 ], [ 75.604349665190355, 15.109643601382363 ], [ 75.604177974605065, 15.110966776355784 ], [ 75.60415475112184, 15.111162700688091 ], [ 75.604346986046792, 15.109795196732442 ], [ 75.604441847184475, 15.109141801280224 ], [ 75.604472332862329, 15.108931824517391 ], [ 75.604743520667554, 15.106915104060883 ], [ 75.604743029173747, 15.106882517247387 ], [ 75.604705100644409, 15.104366150596002 ], [ 75.604700811826518, 15.104081875194737 ], [ 75.604697537834966, 15.10315375851542 ], [ 75.60469746471253, 15.103132528414973 ], [ 75.604708618671225, 15.103017846156801 ], [ 75.604738665600095, 15.102709079016003 ], [ 75.604754807089265, 15.102543219718289 ], [ 75.604732211222938, 15.102743941864766 ] ] ], [ [ [ 75.5958118066591, 15.088703229666818 ], [ 75.595808666107885, 15.088719230079018 ], [ 75.595706307357943, 15.089163486943647 ], [ 75.595704858390093, 15.089169774967244 ], [ 75.595666772590121, 15.089307068236177 ], [ 75.595605332997877, 15.089528634615506 ], [ 75.595588738429825, 15.089588502582417 ], [ 75.595470340834311, 15.090015831149755 ], [ 75.595183487198767, 15.091052374516963 ], [ 75.595184104765153, 15.091092545488463 ], [ 75.595453222333006, 15.090114465335205 ], [ 75.595571545429124, 15.089684413904811 ], [ 75.595588135082735, 15.089624113805174 ], [ 75.595649572735795, 15.089400834217141 ], [ 75.595687668382311, 15.089262390040171 ], [ 75.595689120929663, 15.089256050475091 ], [ 75.595791878779252, 15.088807727856052 ], [ 75.59579504680957, 15.088791570063098 ], [ 75.595828765758228, 15.088619612527868 ], [ 75.595830160734522, 15.088609636391542 ], [ 75.5958118066591, 15.088703229666818 ] ] ], [ [ [ 75.596294831547368, 15.085080392789093 ], [ 75.596294725399801, 15.085079699644085 ], [ 75.596287990137, 15.085091922361427 ], [ 75.596291799173969, 15.085125489626337 ], [ 75.596266143134088, 15.085351958840835 ], [ 75.596256754716777, 15.085409467250878 ], [ 75.596230429257815, 15.085816734827104 ], [ 75.596232880954176, 15.08585773353002 ], [ 75.596235048003265, 15.085895090469947 ], [ 75.596214374576306, 15.086009374550686 ], [ 75.596179854544161, 15.08619481490472 ], [ 75.59613896197709, 15.08635473104251 ], [ 75.596125523858049, 15.086498333257525 ], [ 75.596103211488796, 15.08667663455482 ], [ 75.59605982930033, 15.087013357816192 ], [ 75.596005627678593, 15.087379668206182 ], [ 75.595970852970183, 15.087609746906619 ], [ 75.595968371586125, 15.087628273196428 ], [ 75.595996388590009, 15.087450742732349 ], [ 75.596055290508886, 15.087077530036231 ], [ 75.596104806812349, 15.08673288089923 ], [ 75.596131145415512, 15.08654955772972 ], [ 75.596148475965848, 15.0864013381149 ], [ 75.596193439721972, 15.086235840362487 ], [ 75.596234202283554, 15.086042661888325 ], [ 75.596259491252994, 15.085922806512174 ], [ 75.596259314285206, 15.08588335863803 ], [ 75.59625913192717, 15.085839974442242 ], [ 75.596310614652779, 15.085404839493586 ], [ 75.596323625062041, 15.085343179988573 ], [ 75.596364040889242, 15.085100155403341 ], [ 75.596363040555147, 15.085077328620937 ], [ 75.596294831547368, 15.085080392789093 ] ] ], [ [ [ 75.591074126628612, 15.064009525631343 ], [ 75.590315184069951, 15.064489118710238 ], [ 75.5903860470533, 15.0645283046358 ], [ 75.591095652536609, 15.064073632716486 ], [ 75.591555214458452, 15.063488030300091 ], [ 75.591522020061277, 15.063446103732037 ], [ 75.591074126628612, 15.064009525631343 ] ] ], [ [ [ 75.632102458900619, 14.993452765239534 ], [ 75.632096861700987, 14.993563972097963 ], [ 75.632063841314348, 14.994762769083982 ], [ 75.631862180664655, 14.994768460933285 ], [ 75.631467583857074, 14.994798315488927 ], [ 75.631317318054428, 14.994810550029829 ], [ 75.630298194583986, 14.994922935063235 ], [ 75.630387341755636, 14.995379345989294 ], [ 75.630437102638936, 14.995969214273194 ], [ 75.630440866783772, 14.995987004197463 ], [ 75.630521793882735, 14.996535895735686 ], [ 75.629099734722388, 14.997194875532696 ], [ 75.628273307718075, 14.997565729185755 ], [ 75.628014351174016, 14.997629995320677 ], [ 75.627880000899637, 14.997663234285346 ], [ 75.627819852020664, 14.997709263844719 ], [ 75.627787291929351, 14.997734217479511 ], [ 75.627761427598728, 14.997766154722337 ], [ 75.62706618492426, 14.998354865638373 ], [ 75.626347771831519, 14.99898471946606 ], [ 75.626262277857293, 14.999070486469718 ], [ 75.625813004453747, 14.999084337784 ], [ 75.625755623227434, 14.999086073058738 ], [ 75.625374536416047, 14.999053808193194 ], [ 75.625369302306183, 14.999053367814859 ], [ 75.625130251898227, 14.99956481345202 ], [ 75.624952447908541, 14.999912633860074 ], [ 75.624651076342744, 15.000499298289816 ], [ 75.624603952943644, 15.000590714803044 ], [ 75.62389452242536, 15.000945101751817 ], [ 75.623623194617565, 15.001100592018073 ], [ 75.623090078950298, 15.001405762138337 ], [ 75.62301689970289, 15.001447614954575 ], [ 75.622912879117337, 15.001541770648974 ], [ 75.62265728971839, 15.001904003386986 ], [ 75.622565352337944, 15.002034254583883 ], [ 75.621556729342387, 15.002334455531281 ], [ 75.621344371150258, 15.002397528457124 ], [ 75.619699965332202, 15.003211931962632 ], [ 75.619656047138207, 15.003233553137331 ], [ 75.619621729341304, 15.004123329204894 ], [ 75.619595751690284, 15.004354275707332 ], [ 75.619338548722169, 15.005141873679991 ], [ 75.619270669239341, 15.005347506975403 ], [ 75.618922543536598, 15.006376713074275 ], [ 75.618882292186186, 15.006382167401378 ], [ 75.618826402801261, 15.006389752646896 ], [ 75.618794145793458, 15.006394141019397 ], [ 75.618667768193504, 15.006428343060991 ], [ 75.616606241117381, 15.007113981677415 ], [ 75.616524821792567, 15.007185564586091 ], [ 75.616159905494683, 15.00730277708006 ], [ 75.61586957825331, 15.007402621511664 ], [ 75.614744586244072, 15.007766210016243 ], [ 75.614641969027772, 15.007800145900648 ], [ 75.614233931899975, 15.007943606857651 ], [ 75.611939992629971, 15.00876631246858 ], [ 75.611839657829364, 15.008803132221601 ], [ 75.61161421007958, 15.008886102257909 ], [ 75.610279031148551, 15.009401993191631 ], [ 75.610271725270692, 15.009404480911465 ], [ 75.610190153550491, 15.009434901215814 ], [ 75.609224489569456, 15.009797469928277 ], [ 75.607841308133999, 15.010300981950385 ], [ 75.607760045453247, 15.010326138847486 ], [ 75.605905093408396, 15.010924974268127 ], [ 75.605102499255878, 15.011244955361427 ], [ 75.604611926893796, 15.011442430532322 ], [ 75.603220159218438, 15.012025224701382 ], [ 75.600816352356091, 15.012737560439911 ], [ 75.598720168552944, 15.013393398889333 ], [ 75.597219501915006, 15.013936848697909 ], [ 75.595718180821251, 15.014678962843453 ], [ 75.593403115770812, 15.015545965074224 ], [ 75.593368851383502, 15.015558824555379 ], [ 75.593145924403458, 15.01625855480413 ], [ 75.59306037860263, 15.01653279431275 ], [ 75.592663333763795, 15.018088111275942 ], [ 75.592378715364077, 15.019253422397815 ], [ 75.592367579959586, 15.019299691431216 ], [ 75.592275638279077, 15.019291961376741 ], [ 75.591400232829344, 15.022573201415495 ], [ 75.591421076344673, 15.023467592409515 ], [ 75.591318438286294, 15.023971222475499 ], [ 75.591326181175219, 15.024166417407034 ], [ 75.591334357890275, 15.025389602288335 ], [ 75.591368130076233, 15.02720078934925 ], [ 75.591391188618218, 15.027553009977995 ], [ 75.591315554793027, 15.028418762588009 ], [ 75.591219960431062, 15.02947587006809 ], [ 75.591200237793501, 15.029544327560222 ], [ 75.591138937007841, 15.029757907373378 ], [ 75.590943369720208, 15.030497766759213 ], [ 75.590880902296476, 15.030766251512645 ], [ 75.59090434095954, 15.032071212496168 ], [ 75.590964555976868, 15.033627713430615 ], [ 75.59094430813586, 15.033837379340289 ], [ 75.590957531374357, 15.033952738796845 ], [ 75.591042456134574, 15.034699485475336 ], [ 75.591130016128133, 15.0352840959634 ], [ 75.591168813199744, 15.035508649417052 ], [ 75.591189859768363, 15.035630217582499 ], [ 75.591116603955498, 15.03690797260726 ], [ 75.591081148446904, 15.037628921476745 ], [ 75.591076597975771, 15.037721310191472 ], [ 75.591075514298197, 15.037743303802602 ], [ 75.591074237339271, 15.037771456495458 ], [ 75.591038403786001, 15.038561246404624 ], [ 75.590987344257201, 15.039700744240946 ], [ 75.591014629893266, 15.040200620144633 ], [ 75.591164195153013, 15.041780491910517 ], [ 75.591324372234439, 15.043347836790613 ], [ 75.591342733807195, 15.043512526370145 ], [ 75.591365834794516, 15.04361187948988 ], [ 75.591535999344273, 15.044350345192903 ], [ 75.591595024754, 15.044609258444071 ], [ 75.59124967259811, 15.046579340246407 ], [ 75.590950968933441, 15.048165133219452 ], [ 75.590707426220206, 15.049370473169468 ], [ 75.590650202686447, 15.049663877513254 ], [ 75.590528604048842, 15.050281908066218 ], [ 75.590497693588105, 15.05046675468231 ], [ 75.590419630975319, 15.051224104108343 ], [ 75.590251383551873, 15.052451847747982 ], [ 75.590223421128627, 15.052987872601092 ], [ 75.590203036178309, 15.05317712538246 ], [ 75.590209914177848, 15.053204454017482 ], [ 75.590120996735962, 15.053183287483925 ], [ 75.590093219944904, 15.053176490511641 ], [ 75.589977806433737, 15.053183198581598 ], [ 75.58995089573304, 15.053184488116917 ], [ 75.587896351466611, 15.053577246763959 ], [ 75.586611986203053, 15.053766502767791 ], [ 75.58649872382442, 15.053771061764573 ], [ 75.584812780385121, 15.053918440039576 ], [ 75.584668558573881, 15.05394629821188 ], [ 75.58466784271306, 15.053950921700263 ], [ 75.584639833960566, 15.054321609589389 ], [ 75.584620840282582, 15.054690567349835 ], [ 75.584566130246756, 15.055696207874307 ], [ 75.584532549173389, 15.056155911961376 ], [ 75.584529121916518, 15.056189765830256 ], [ 75.584627462435336, 15.056299518444897 ], [ 75.584637720621615, 15.056051449779352 ], [ 75.584692951092237, 15.054888483082076 ], [ 75.584713395664622, 15.0544580054405 ], [ 75.584742700097465, 15.054018694725603 ], [ 75.584743633260018, 15.05401528846979 ], [ 75.584889198440536, 15.054000007930606 ], [ 75.586565417276233, 15.053816201799556 ], [ 75.586677429001128, 15.053802704676364 ], [ 75.588017433424014, 15.053641229317245 ], [ 75.590194414653908, 15.053253862335037 ], [ 75.590222983425448, 15.053253310706811 ], [ 75.590345489845078, 15.053250940812559 ], [ 75.590374576192303, 15.053259281223141 ], [ 75.590459698394966, 15.053283690505483 ], [ 75.590559115660497, 15.053312198719247 ], [ 75.590701085710108, 15.0533171236216 ], [ 75.591031578351775, 15.053286933359033 ], [ 75.591157519581998, 15.053275433757591 ], [ 75.591804590490725, 15.053209480624247 ], [ 75.591836862901644, 15.053206201483782 ], [ 75.592578480954572, 15.053154165624759 ], [ 75.592607725960931, 15.053150884332965 ], [ 75.592959524014574, 15.053111270334737 ], [ 75.593176670444777, 15.053103133215492 ], [ 75.593332654248513, 15.053097287565757 ], [ 75.594025605974977, 15.053068256364817 ], [ 75.594896103220194, 15.05303178291712 ], [ 75.59609953968527, 15.052988458922853 ], [ 75.597089510531134, 15.052952816038198 ], [ 75.598252700493617, 15.05294383289724 ], [ 75.59908597272306, 15.052937395350183 ], [ 75.599169219833925, 15.052936751638757 ], [ 75.599440995426065, 15.054744615502571 ], [ 75.599527161522971, 15.054749203948672 ], [ 75.599591236677881, 15.054756289006741 ], [ 75.599769247470334, 15.054775985033556 ], [ 75.600544703330797, 15.054467555404345 ], [ 75.601734830060934, 15.054328688429168 ], [ 75.602370641474451, 15.054356075350842 ], [ 75.603214468101783, 15.054283273329032 ], [ 75.603240495402488, 15.054480493197431 ], [ 75.603254302089141, 15.054642532723035 ], [ 75.603367419641799, 15.055970067545905 ], [ 75.603478498374869, 15.056691229286351 ], [ 75.603763339726939, 15.05796387166084 ], [ 75.604220209892418, 15.05800206617837 ], [ 75.604450566265967, 15.058903326656997 ], [ 75.605317379477086, 15.059314216108961 ], [ 75.60535600474438, 15.059332525451156 ], [ 75.605366277826903, 15.059345637861021 ], [ 75.605372026905101, 15.059352975359953 ], [ 75.605657427169803, 15.059717262694885 ], [ 75.605867190025123, 15.059991023233778 ], [ 75.606092189525882, 15.060021439356746 ], [ 75.606298763605579, 15.060114264798324 ], [ 75.60664500534557, 15.060925481685075 ], [ 75.60667497185716, 15.06099568879111 ], [ 75.607646137316237, 15.060954972576139 ], [ 75.608165952642025, 15.060933031252144 ], [ 75.609277908232656, 15.060938543804205 ], [ 75.609351950720281, 15.060937410165916 ], [ 75.609355276948762, 15.060991094158386 ], [ 75.609369550246029, 15.061097166028393 ], [ 75.610826157774042, 15.061174391921195 ], [ 75.610831684806271, 15.060071524233139 ], [ 75.61085585675842, 15.058540776095402 ], [ 75.611453002554143, 15.058532016749995 ], [ 75.613798369363224, 15.058610550766284 ], [ 75.614020924781414, 15.058627551016828 ], [ 75.614536476844435, 15.058666936441123 ], [ 75.614890165581286, 15.058739561790631 ], [ 75.615215835884598, 15.058771871277802 ], [ 75.615305767433256, 15.058780790237408 ], [ 75.615666379306688, 15.058812545062684 ], [ 75.615947916814577, 15.058829111261316 ], [ 75.616029805619533, 15.058833931902193 ], [ 75.61708171970821, 15.05902177271801 ], [ 75.617549806886302, 15.05909402399946 ], [ 75.61764681436587, 15.059125289518709 ], [ 75.617725045587235, 15.059130293983195 ], [ 75.617787210894377, 15.05913427264047 ], [ 75.61831721858735, 15.059342179758518 ], [ 75.6189122942517, 15.059639639116975 ], [ 75.619479863350136, 15.059980028574719 ], [ 75.620241733391339, 15.060301808609845 ], [ 75.620434635185589, 15.060385727903913 ], [ 75.620722920109401, 15.060511137973775 ], [ 75.621348054564294, 15.060742524775621 ], [ 75.621939391014408, 15.060860988968022 ], [ 75.622679244746294, 15.061011912505327 ], [ 75.622871402712917, 15.061034025763778 ], [ 75.62280992438437, 15.060859460096401 ], [ 75.622954863176062, 15.06108181459253 ], [ 75.623050047362398, 15.06043657418493 ], [ 75.623678905450589, 15.058806700672303 ], [ 75.623655040305536, 15.058367107213904 ], [ 75.624031558446802, 15.058293306194873 ], [ 75.624034394452821, 15.058284120262389 ], [ 75.626109802106356, 15.057830132880692 ], [ 75.626329407663903, 15.057782091211861 ], [ 75.626339948826796, 15.05780217047273 ], [ 75.626865266336807, 15.05880273554677 ], [ 75.627619352420581, 15.059030232868844 ], [ 75.627784972334268, 15.058960729960354 ], [ 75.628377121177223, 15.058712230921957 ], [ 75.628454531461003, 15.05866891046632 ], [ 75.628651034283138, 15.058609468708831 ], [ 75.62866514482694, 15.058605201281095 ], [ 75.629036415805331, 15.058344368762942 ], [ 75.629050083625657, 15.058334767617522 ], [ 75.629825149542, 15.057852714610764 ], [ 75.630059487635052, 15.057625616153002 ], [ 75.630148059036202, 15.057563390776922 ], [ 75.63056017970186, 15.05715362157202 ], [ 75.630648392007856, 15.057065912160821 ], [ 75.630868965777609, 15.057209646677864 ], [ 75.631413495126651, 15.057564484452977 ], [ 75.631597798673141, 15.057684583659656 ], [ 75.631660560910134, 15.057783234732748 ], [ 75.631678710911117, 15.057811764594151 ], [ 75.631793403352745, 15.057992044247454 ], [ 75.632389271902838, 15.057951739250043 ], [ 75.632423290649839, 15.05795261090547 ], [ 75.632684370261487, 15.057924639060989 ], [ 75.63319939731592, 15.058247893160194 ], [ 75.633556329622763, 15.058572720240482 ], [ 75.634071862244596, 15.058784780163746 ], [ 75.634662812782778, 15.058859533001835 ], [ 75.634879814374216, 15.058714594879614 ], [ 75.635156165072544, 15.058262373413298 ], [ 75.635257986619067, 15.057712484458017 ], [ 75.635508681101953, 15.05745437402271 ], [ 75.635933596567298, 15.057382933049077 ], [ 75.636391398989545, 15.057432971142081 ], [ 75.636840431419927, 15.057612445059622 ], [ 75.63697282540312, 15.057855621735799 ], [ 75.637088006869305, 15.058260571123878 ], [ 75.637469673282851, 15.058658294364248 ], [ 75.638085829078975, 15.05866838797046 ], [ 75.638777426972609, 15.058533077651813 ], [ 75.639535140577607, 15.058543624088863 ], [ 75.640117182981356, 15.058788256030205 ], [ 75.640523670003788, 15.059234601537096 ], [ 75.640722182341719, 15.059623637883019 ], [ 75.640937821723185, 15.05987517101417 ], [ 75.641579131683372, 15.059836789149971 ], [ 75.642055482663835, 15.059808275495858 ], [ 75.64248542909246, 15.060228106845509 ], [ 75.642758808023387, 15.060641656397316 ], [ 75.643116156648517, 15.061182230585169 ], [ 75.643638032473405, 15.061647836811023 ], [ 75.644586199247271, 15.061974552335922 ], [ 75.645500840698716, 15.062365887919192 ], [ 75.645949505447462, 15.062658621112943 ], [ 75.646663149427042, 15.063389148849486 ], [ 75.647386033121208, 15.063852683840496 ], [ 75.648042935516145, 15.06412990301026 ], [ 75.648633030327474, 15.064463542411403 ], [ 75.64901505993214, 15.06476415239363 ], [ 75.649244859604153, 15.064944976375306 ], [ 75.64923647892185, 15.065180518895172 ], [ 75.649403495656955, 15.064993939520699 ], [ 75.649446186936999, 15.064966319199151 ], [ 75.649961497694051, 15.063734903454169 ], [ 75.650094037319661, 15.063281073453595 ], [ 75.650477037935303, 15.061969625254712 ], [ 75.65093825032092, 15.060655779606618 ], [ 75.651343230445192, 15.058797477115913 ], [ 75.6519850478374, 15.058845968026739 ], [ 75.654120564133279, 15.059006977362523 ], [ 75.655234814288391, 15.059090979985035 ], [ 75.656647564017632, 15.059165432711186 ], [ 75.656829906188037, 15.059175041403966 ], [ 75.658734403937785, 15.059052361270485 ], [ 75.65946680397505, 15.059021705381291 ], [ 75.66100266573352, 15.059016506473286 ], [ 75.661193003445163, 15.059107529322459 ], [ 75.661559894208608, 15.059125698559777 ], [ 75.662606707984608, 15.059136101436884 ], [ 75.662997066008785, 15.059149307923095 ], [ 75.663741207584565, 15.059183283488709 ], [ 75.664177331037152, 15.059310695729106 ], [ 75.665172464426263, 15.059395791710029 ], [ 75.665409117383717, 15.058236350438484 ], [ 75.665467265882327, 15.057105245027504 ], [ 75.665473767648422, 15.056832424280028 ], [ 75.665494337264008, 15.05651343144404 ], [ 75.665496477253001, 15.056402027151115 ], [ 75.665497943830275, 15.056245733470098 ], [ 75.665500368358877, 15.055987764890554 ], [ 75.665512971610838, 15.054544643442499 ], [ 75.665518194286093, 15.053946442384687 ], [ 75.665523351484069, 15.05378771676407 ], [ 75.665525409936819, 15.053724359245065 ], [ 75.665541441906939, 15.053230907650159 ], [ 75.665545403961033, 15.053097169375102 ], [ 75.665554292339152, 15.052797470905833 ], [ 75.665573389145649, 15.052610981232736 ], [ 75.665583575441786, 15.052511493308131 ], [ 75.665602352458919, 15.052328092855447 ], [ 75.665642972906127, 15.051863340098778 ], [ 75.665679440683476, 15.051446084641928 ], [ 75.665698406949247, 15.050708233705027 ], [ 75.665730383894442, 15.049677346812091 ], [ 75.665733644832329, 15.049572216100159 ], [ 75.666270376890452, 15.045609960085244 ], [ 75.66628858327141, 15.045475561562613 ], [ 75.666422271658547, 15.044835713493537 ], [ 75.666449033969513, 15.044707615600807 ], [ 75.6666099306061, 15.043795215627478 ], [ 75.666995191014166, 15.042615680627902 ], [ 75.664408293430597, 15.041996276246969 ], [ 75.664238419055067, 15.041951915053156 ], [ 75.662063082821049, 15.041465425938238 ], [ 75.66169637121989, 15.041385433915469 ], [ 75.658160077118637, 15.040614018174274 ], [ 75.657933793353465, 15.036124656618499 ], [ 75.657822006959279, 15.034190109847431 ], [ 75.657762086247715, 15.033153138855059 ], [ 75.657715320827293, 15.032343827429951 ], [ 75.657934909078435, 15.032317359969456 ], [ 75.659402449064999, 15.032575307837524 ], [ 75.659703034525151, 15.032390496632406 ], [ 75.659710613402552, 15.032391435659758 ], [ 75.659858047546678, 15.032295188234224 ], [ 75.660176107461339, 15.032099632382341 ], [ 75.660506199852861, 15.032054735710961 ], [ 75.661197842445063, 15.031865246473544 ], [ 75.662132994025669, 15.031782046910257 ], [ 75.662641832940722, 15.031793741794255 ], [ 75.663897431805225, 15.031756950236931 ], [ 75.66468388991909, 15.031712422853944 ], [ 75.665573902436762, 15.031809924098448 ], [ 75.666073684559592, 15.031574011112593 ], [ 75.666488015769787, 15.031536795774221 ], [ 75.666615029109025, 15.031496302636155 ], [ 75.667208202807643, 15.031307189895315 ], [ 75.667775236005468, 15.031308473884772 ], [ 75.668406974936119, 15.031281234556692 ], [ 75.668852228841189, 15.031269869824467 ], [ 75.669612097077305, 15.031261762575367 ], [ 75.669849043292956, 15.03120153257942 ], [ 75.669952838971483, 15.031013289335604 ], [ 75.669884185653004, 15.029983993959958 ], [ 75.669903331886076, 15.029637525417286 ], [ 75.670070464041544, 15.029193506793288 ], [ 75.670315307380307, 15.028116179008672 ], [ 75.67044574528704, 15.027878563677932 ], [ 75.671074846799556, 15.027138453184483 ], [ 75.671399869613182, 15.026869937842413 ], [ 75.671718354092107, 15.026674923006038 ], [ 75.672776581038477, 15.026403235019014 ], [ 75.674168002203842, 15.025673034639693 ], [ 75.676545506721098, 15.024576622651528 ], [ 75.676724666814962, 15.024494000372821 ], [ 75.677221947288984, 15.024230013605367 ], [ 75.677872331107451, 15.023878352430852 ], [ 75.6779767139314, 15.023830817384114 ], [ 75.678061397133661, 15.023799059116772 ], [ 75.678569043298197, 15.023608672048436 ], [ 75.680161480698175, 15.022832486675087 ], [ 75.679778104542024, 15.02275237368552 ], [ 75.679157071636325, 15.020372716369948 ], [ 75.679704519906608, 15.016485892043342 ], [ 75.680496500410683, 15.013014909512718 ], [ 75.680662205958384, 15.011089136041601 ], [ 75.680520634856805, 15.008342401454597 ], [ 75.680387929895517, 15.007034152594356 ], [ 75.680361797426499, 15.00677654636146 ], [ 75.680385710821099, 15.006644670094083 ], [ 75.68027834628073, 15.006312550225255 ], [ 75.680454110290441, 15.006084857361776 ], [ 75.680930951963518, 15.005266774548701 ], [ 75.680632197381314, 15.004878078371107 ], [ 75.680424785298186, 15.004436696408341 ], [ 75.680104416960916, 15.004317863831986 ], [ 75.680094438921046, 15.004314162552662 ], [ 75.680106427949468, 15.003957509373427 ], [ 75.680138966020323, 15.002989475501215 ], [ 75.680141156044542, 15.002924328213386 ], [ 75.680048413032111, 15.002715297407427 ], [ 75.679426868164853, 15.002394076276339 ], [ 75.679424585601978, 15.00238257611897 ], [ 75.679444080989015, 15.002163186711048 ], [ 75.679387893116086, 15.001872114505295 ], [ 75.679365244412892, 15.001754788936786 ], [ 75.679360967523493, 15.001732633061756 ], [ 75.679050956632281, 15.001308992314557 ], [ 75.678817609106176, 15.000739192523451 ], [ 75.678680807583021, 15.000004274220537 ], [ 75.67865372493587, 14.999899691928546 ], [ 75.67863259686591, 14.999818106736381 ], [ 75.678447878737501, 14.99910479623807 ], [ 75.678409316708468, 14.99895588278177 ], [ 75.678291179390399, 14.99837995565659 ], [ 75.678307315651551, 14.998195203846379 ], [ 75.678306679936426, 14.998190928595017 ], [ 75.678273005583691, 14.997964605102982 ], [ 75.678015878754792, 14.997308926989012 ], [ 75.677954953328182, 14.997153567974095 ], [ 75.677639010955076, 14.996522061032703 ], [ 75.677903390838708, 14.995613761889897 ], [ 75.678412064319332, 14.994642490013026 ], [ 75.678945978694458, 14.993035755628471 ], [ 75.678952245625609, 14.993016897078734 ], [ 75.678397254005503, 14.991079125031955 ], [ 75.678153088612419, 14.990169063513898 ], [ 75.677768620702238, 14.988736048184208 ], [ 75.677231731349323, 14.987079141925264 ], [ 75.676952329095755, 14.98623420105748 ], [ 75.676656780772603, 14.985340423714858 ], [ 75.676400683270998, 14.984490309219906 ], [ 75.676061230923608, 14.983366301488708 ], [ 75.675364100448519, 14.981862460454423 ], [ 75.675278101472273, 14.981881984297743 ], [ 75.674953338099485, 14.98195756245469 ], [ 75.674868783470984, 14.981977258393023 ], [ 75.674616603668355, 14.982036000797525 ], [ 75.674395705975968, 14.982087491972758 ], [ 75.67375620107704, 14.982615263854109 ], [ 75.673234214167366, 14.983048253318103 ], [ 75.673233716956773, 14.983048666138178 ], [ 75.67273993987736, 14.98345905084487 ], [ 75.672038028671466, 14.984048628239984 ], [ 75.671203114845767, 14.984735097492074 ], [ 75.670867533091055, 14.98500634805794 ], [ 75.670867430115777, 14.98500643153546 ], [ 75.670448441707009, 14.985343129407669 ], [ 75.669716001943286, 14.985909028152337 ], [ 75.669262477677862, 14.986251605147235 ], [ 75.668752074639102, 14.986498693933596 ], [ 75.66870918943772, 14.986517138028745 ], [ 75.667871418533963, 14.986876689543825 ], [ 75.667787343622905, 14.986913080623252 ], [ 75.667657420754423, 14.986969315619792 ], [ 75.667119403109481, 14.987202186600129 ], [ 75.667033765680415, 14.987239256420283 ], [ 75.666930100712392, 14.98728415635393 ], [ 75.66691335447365, 14.987291704947433 ], [ 75.666576677263109, 14.987443480687785 ], [ 75.666112601536085, 14.987575904220444 ], [ 75.666104650968421, 14.987578174072615 ], [ 75.665851783468966, 14.987650320990628 ], [ 75.665814280913978, 14.987480136196597 ], [ 75.665812806999597, 14.987473465338242 ], [ 75.665574747914874, 14.987543856566255 ], [ 75.665388133004356, 14.987600108713032 ], [ 75.66474853716899, 14.987712703898803 ], [ 75.663859294898302, 14.98793763218174 ], [ 75.66373816037212, 14.987961596616916 ], [ 75.66368810141573, 14.987971472010743 ], [ 75.663584850616289, 14.988002554472191 ], [ 75.6635707573639, 14.988006167490823 ], [ 75.663500010516287, 14.988024330123556 ], [ 75.663444729510573, 14.988038521333237 ], [ 75.663389626914153, 14.988052662286529 ], [ 75.663318495281089, 14.988070920007416 ], [ 75.663313142488136, 14.988072336896689 ], [ 75.663309904589823, 14.988073128341902 ], [ 75.6632977960315, 14.98807612170337 ], [ 75.663297607361471, 14.988076164743827 ], [ 75.663147344887875, 14.988114893043351 ], [ 75.663083634180069, 14.988131339038535 ], [ 75.663064458522285, 14.988136291277595 ], [ 75.663064430642933, 14.988136298591261 ], [ 75.662960391233554, 14.988155986350847 ], [ 75.662567974446063, 14.988230292197855 ], [ 75.662419686138207, 14.988258103052592 ], [ 75.662164887862261, 14.988305565901754 ], [ 75.662164585789014, 14.988305630064398 ], [ 75.661658794538496, 14.988430171189142 ], [ 75.661456845274529, 14.988480181182387 ], [ 75.661451078771606, 14.988481963570177 ], [ 75.661065699741314, 14.988572708677669 ], [ 75.661065354934664, 14.988572789236125 ], [ 75.661016872349578, 14.988584244316996 ], [ 75.66099157433429, 14.988590220373881 ], [ 75.660695341165265, 14.988660201954522 ], [ 75.660299443792269, 14.988732592894555 ], [ 75.660293937183269, 14.988733603327724 ], [ 75.660028609118058, 14.988782477562653 ], [ 75.660028500362316, 14.988782497767204 ], [ 75.65951541605844, 14.988850037358029 ], [ 75.659382764303103, 14.98886760218285 ], [ 75.658829539641971, 14.988965208274534 ], [ 75.658614947427225, 14.989009062161911 ], [ 75.658348107696327, 14.98906357210531 ], [ 75.658337420471085, 14.989065759189998 ], [ 75.658337011496684, 14.989065842641967 ], [ 75.65830094089084, 14.989073205632186 ], [ 75.658203296382567, 14.98909313224733 ], [ 75.658003445382505, 14.989133917063084 ], [ 75.657998665240612, 14.989134353970636 ], [ 75.657995829359123, 14.989134928107694 ], [ 75.657581387674227, 14.989172734750001 ], [ 75.657229410987398, 14.989242215475736 ], [ 75.657039896305051, 14.989279612828927 ], [ 75.656547348682366, 14.989415597172782 ], [ 75.656542409513861, 14.989416957565719 ], [ 75.656542407969113, 14.989416957794939 ], [ 75.65639689764815, 14.989462182546033 ], [ 75.656391916262422, 14.989463729296215 ], [ 75.65599868808647, 14.989551488869541 ], [ 75.655861261203697, 14.989595221123901 ], [ 75.655623754303562, 14.989670796078016 ], [ 75.655447657033903, 14.989726828944544 ], [ 75.655080465393596, 14.989843672016628 ], [ 75.655075902225221, 14.98984512170478 ], [ 75.6545904612058, 14.990060895683193 ], [ 75.654617489065444, 14.990177744410749 ], [ 75.654111060775136, 14.990283045823391 ], [ 75.653942346961998, 14.990318126185375 ], [ 75.653908419778702, 14.990325179477571 ], [ 75.653607907996943, 14.990422771039393 ], [ 75.653580364049034, 14.990431718087525 ], [ 75.653344722171013, 14.990508268102253 ], [ 75.653343124051219, 14.990508797950358 ], [ 75.652851286412414, 14.990673063584739 ], [ 75.652815641367553, 14.990679531279822 ], [ 75.652300186985855, 14.990773071821284 ], [ 75.651686636912075, 14.990884406380237 ], [ 75.651683883541949, 14.990884906974282 ], [ 75.651043364207666, 14.990889492628764 ], [ 75.650760695064562, 14.990892752824401 ], [ 75.650328377182632, 14.990897739871501 ], [ 75.650327309712694, 14.990897825188668 ], [ 75.650115782074266, 14.990915259911237 ], [ 75.650111668442392, 14.990915599826078 ], [ 75.649748305365861, 14.990945540340855 ], [ 75.649680368997977, 14.990951138595834 ], [ 75.649675810437088, 14.990951670530791 ], [ 75.649308794668016, 14.990994520076141 ], [ 75.64911283926098, 14.991017562668112 ], [ 75.649093101654813, 14.991019884500204 ], [ 75.648549074295389, 14.991073254125574 ], [ 75.647721788301226, 14.99115525881464 ], [ 75.647295324929985, 14.991197532780895 ], [ 75.647291387942388, 14.991197853157827 ], [ 75.647221144189572, 14.991203554879183 ], [ 75.646715030664481, 14.991244634596434 ], [ 75.645961110468079, 14.991307419269884 ], [ 75.645139488486436, 14.991375840201465 ], [ 75.644829672642487, 14.991401638865279 ], [ 75.644778104227612, 14.991405932684899 ], [ 75.644427480036327, 14.991435126256796 ], [ 75.644426419995369, 14.99143520971734 ], [ 75.643794709197692, 14.991507450805795 ], [ 75.642705988609023, 14.991631931480297 ], [ 75.641250623082684, 14.991798329507896 ], [ 75.64124934054847, 14.991798345774365 ], [ 75.641132171291616, 14.991799788408567 ], [ 75.640473202714716, 14.99180789603562 ], [ 75.638905420719112, 14.991827170436771 ], [ 75.638899060119712, 14.991827248844878 ], [ 75.637035824966816, 14.99168507891982 ], [ 75.637033315040853, 14.991684887944636 ], [ 75.635947852613256, 14.99160206006639 ], [ 75.635940887714312, 14.991601908635111 ], [ 75.635902732381581, 14.991601078500397 ], [ 75.635797145527022, 14.991598785684717 ], [ 75.634664889267214, 14.991574239571898 ], [ 75.632931797170755, 14.991536656414523 ], [ 75.63269356011979, 14.991536239489907 ], [ 75.63221477378238, 14.991535396843494 ], [ 75.632186337575973, 14.991538038431413 ], [ 75.632102458900619, 14.993452765239534 ] ] ] ] } },
{ "type": "Feature", "properties": { "OBJECTID": 166, "KGISHobliID": 1238, "KGISHobliCode": "080402", "KGISHobliName": "Lakshmeshvara", "BhuCodeHobli": null, "SHAPE.STArea()": 30592483.380811099, "SHAPE.STLength()": 32379.66991612894, "KGISTalukCode": "0804", "created_user": null, "created_date": null, "last_edited_user": null, "last_edited_date": null, "_overlap_percent": 0.18125597899346074, "_police_station": "Lakshmeshwar PS", "_police_feature_index": "659", "_admin_layer": "Hobli", "_geometry_clipped": true }, "geometry": { "type": "MultiPolygon", "coordinates": [ [ [ [ 75.468158894734827, 15.206362795244919 ], [ 75.468125498680934, 15.206366327373109 ], [ 75.467538716466393, 15.206426362667026 ], [ 75.466946507917328, 15.206489846824226 ], [ 75.46680237431238, 15.206503743340949 ], [ 75.466330965902856, 15.206550252398666 ], [ 75.465718694816829, 15.206630002271574 ], [ 75.465091410084, 15.206713106740025 ], [ 75.46509812743507, 15.206785234859627 ], [ 75.465102281429495, 15.206829672676481 ], [ 75.465171075992657, 15.207277469752739 ], [ 75.465235684275072, 15.207736446259098 ], [ 75.465104517353993, 15.207750369135972 ], [ 75.465134149674029, 15.207901460162461 ], [ 75.464927641254789, 15.207906405706721 ], [ 75.464657739353783, 15.207950720930025 ], [ 75.463628735127259, 15.208005016089782 ], [ 75.463357901246454, 15.208041861266162 ], [ 75.462955533678183, 15.208176481985372 ], [ 75.462498773947019, 15.208259132472021 ], [ 75.462368330775263, 15.208282849799803 ], [ 75.462104385613316, 15.208371627797428 ], [ 75.461260958956473, 15.208468313753253 ], [ 75.461077278133047, 15.208524184655717 ], [ 75.460825781508234, 15.208601978193315 ], [ 75.459794071337299, 15.20889101420811 ], [ 75.459009669207447, 15.209057424038813 ], [ 75.458809820262957, 15.20910159837203 ], [ 75.457325464354, 15.209414879551476 ], [ 75.455877268451161, 15.209862683694107 ], [ 75.453653670734965, 15.210406495308348 ], [ 75.453470911412765, 15.21043530991405 ], [ 75.453219283759054, 15.210476044257012 ], [ 75.45287282090753, 15.210582110196885 ], [ 75.452031780433572, 15.210826335715916 ], [ 75.450111221053874, 15.21121654634584 ], [ 75.448998278194367, 15.211398548773266 ], [ 75.44809004900803, 15.211458593299163 ], [ 75.448057432672741, 15.211520813763528 ], [ 75.448140050170849, 15.211582673682626 ], [ 75.448197045104763, 15.211579048641013 ], [ 75.449151191135712, 15.211518362445355 ], [ 75.450256840358477, 15.211326639605433 ], [ 75.452164840936305, 15.210898692192519 ], [ 75.453014152722545, 15.210640794265244 ], [ 75.453365899628679, 15.210533984245263 ], [ 75.453618203446283, 15.210488981109018 ], [ 75.453801000302107, 15.210456376397863 ], [ 75.456000519633392, 15.209935747586682 ], [ 75.457395904651278, 15.209605446799577 ], [ 75.458950617132899, 15.2091967892945 ], [ 75.459158151034188, 15.209143148787739 ], [ 75.45981644259551, 15.208973004776041 ], [ 75.460888032012051, 15.208709724662091 ], [ 75.461142723933136, 15.208635277737388 ], [ 75.461327428425221, 15.208581287880612 ], [ 75.462156426140439, 15.208496164671612 ], [ 75.462414317572325, 15.208407305936054 ], [ 75.462540269256152, 15.208384361764764 ], [ 75.46297846094005, 15.20830451951235 ], [ 75.463548995941139, 15.208180269202781 ], [ 75.463891221874704, 15.208150692735545 ], [ 75.464850717038118, 15.208067742349581 ], [ 75.465104889209883, 15.208015035197779 ], [ 75.465298360974145, 15.208004045557312 ], [ 75.465276745739061, 15.207851669548797 ], [ 75.465400619475218, 15.207833771049911 ], [ 75.465342569447103, 15.207366899264166 ], [ 75.465268964106869, 15.206909059733958 ], [ 75.465264077044949, 15.20686363618182 ], [ 75.465256148647384, 15.206789946514808 ], [ 75.46586851910709, 15.206694943130648 ], [ 75.466465494297026, 15.206601250196137 ], [ 75.466925214518881, 15.206542486801395 ], [ 75.467065818898263, 15.206524513802696 ], [ 75.467645557048911, 15.206443672504253 ], [ 75.468224316210978, 15.206366213020237 ], [ 75.468257389753148, 15.206361669883048 ], [ 75.468549238702494, 15.206321578754174 ], [ 75.468158894734827, 15.206362795244919 ] ] ], [ [ [ 75.482666927563145, 15.204425994864842 ], [ 75.482505097057526, 15.204417463047074 ], [ 75.482413391938806, 15.204412714399423 ], [ 75.482281960270328, 15.204433978051014 ], [ 75.482231830682977, 15.204442102880098 ], [ 75.481824201609328, 15.204510146609326 ], [ 75.481421060726674, 15.204578589549925 ], [ 75.481018305502872, 15.204639858892325 ], [ 75.480867559078746, 15.2046651346401 ], [ 75.480616849700979, 15.204707272480174 ], [ 75.480216204338831, 15.204771301468687 ], [ 75.479815761789254, 15.204835790397496 ], [ 75.479419747058273, 15.204903616084319 ], [ 75.479025601511225, 15.20496811822596 ], [ 75.478633346320322, 15.20503660807455 ], [ 75.478571900111803, 15.205046968453628 ], [ 75.478545962110488, 15.205051350553152 ], [ 75.478115499899843, 15.205124852529467 ], [ 75.477886321959872, 15.205147006645742 ], [ 75.477880180409599, 15.205147631753631 ], [ 75.477529373409268, 15.20518397570687 ], [ 75.477314065978362, 15.20521031642563 ], [ 75.477461460510838, 15.205195743601989 ], [ 75.477674357312949, 15.205174712998456 ], [ 75.478021211631216, 15.205145628838304 ], [ 75.478027282677374, 15.205145116886262 ], [ 75.478253816894409, 15.205126871156873 ], [ 75.478678426212227, 15.205058982140962 ], [ 75.478704007353286, 15.205054891899065 ], [ 75.478764605972657, 15.205045204114541 ], [ 75.479151336425318, 15.204980442473953 ], [ 75.479539944391718, 15.204918920911977 ], [ 75.47993024704229, 15.204853483119303 ], [ 75.480324805908054, 15.204790834596631 ], [ 75.480719365448962, 15.204728184482303 ], [ 75.480966109299729, 15.20468675024259 ], [ 75.481114428434836, 15.204661843963429 ], [ 75.481510633602383, 15.204601278280142 ], [ 75.481906659335408, 15.204533555601504 ], [ 75.482306485415052, 15.204466310479132 ], [ 75.482355609797494, 15.204458319784083 ], [ 75.482484334774696, 15.204437380129853 ], [ 75.482574480537693, 15.20444176684531 ], [ 75.482733406301591, 15.204449502927613 ], [ 75.484425231551953, 15.204102944851565 ], [ 75.482666927563145, 15.204425994864842 ] ] ], [ [ [ 75.491790532546943, 15.201175765136691 ], [ 75.491278318033991, 15.201856029188701 ], [ 75.490907622277135, 15.202349353693728 ], [ 75.490881301978717, 15.20249526329467 ], [ 75.490970475435418, 15.202636223311512 ], [ 75.490996899658271, 15.202746448684547 ], [ 75.491108705821276, 15.203389482262626 ], [ 75.49108186944278, 15.203391662710908 ], [ 75.490344512309832, 15.203451304604492 ], [ 75.489860642147946, 15.203498095050133 ], [ 75.488395924544818, 15.203673820002065 ], [ 75.488277217804438, 15.203677447159547 ], [ 75.488159777183157, 15.203706938990667 ], [ 75.487285345329042, 15.203873446451988 ], [ 75.487247181208673, 15.203880972384326 ], [ 75.486168736598557, 15.204094286563617 ], [ 75.485385158331667, 15.204132502346786 ], [ 75.484543135493865, 15.204077444555676 ], [ 75.484425231551953, 15.204102944851565 ], [ 75.484545038842739, 15.204078403299977 ], [ 75.485398159747163, 15.204133958792806 ], [ 75.486187668011951, 15.204095458925833 ], [ 75.487271096278221, 15.203882094987074 ], [ 75.487309376744449, 15.203874555237528 ], [ 75.488185120884353, 15.203707854979303 ], [ 75.488302590482476, 15.203678414604592 ], [ 75.488421074498291, 15.203674696605351 ], [ 75.489880131809343, 15.203499933096634 ], [ 75.490360576733124, 15.203453949279295 ], [ 75.491091411334082, 15.203396011291549 ], [ 75.491117985332949, 15.203393903741086 ], [ 75.491013918822787, 15.202750914755701 ], [ 75.490989092191228, 15.202640675953845 ], [ 75.490902663199478, 15.20249964305521 ], [ 75.490930631459449, 15.202353764211479 ], [ 75.491304000815532, 15.201860337999944 ], [ 75.491815046814551, 15.201184942680753 ], [ 75.491790532546943, 15.201175765136691 ] ] ], [ [ [ 75.495116998219814, 15.199189323326708 ], [ 75.494084388185257, 15.199361083878829 ], [ 75.493867762577693, 15.199397071558861 ], [ 75.493877732724215, 15.199444275990221 ], [ 75.493729017637747, 15.199531981434841 ], [ 75.493727491189219, 15.199532954859309 ], [ 75.492961776709237, 15.19992995693122 ], [ 75.492454014010974, 15.20063568799705 ], [ 75.492284875927297, 15.20082018891341 ], [ 75.492312122010986, 15.201125151612338 ], [ 75.492163049960027, 15.201235155920724 ], [ 75.49197916067601, 15.201240748745919 ], [ 75.491989988617732, 15.201244921420884 ], [ 75.492184328318487, 15.201239178633299 ], [ 75.492332187173758, 15.201129141706501 ], [ 75.492310011077862, 15.200823256608182 ], [ 75.492478287326122, 15.200638484528168 ], [ 75.492983752465861, 15.199931256769773 ], [ 75.493735422055607, 15.199534791722677 ], [ 75.493737037001907, 15.19953384070593 ], [ 75.493902177281456, 15.199445497996029 ], [ 75.493894866976831, 15.199399477494786 ], [ 75.494131882004453, 15.199359658742022 ], [ 75.495180364446128, 15.19918351035701 ], [ 75.495116998219814, 15.199189323326708 ] ] ], [ [ [ 75.495439594176247, 15.199151744490928 ], [ 75.495467900155234, 15.199148861122666 ], [ 75.495493524927028, 15.199147575158813 ], [ 75.495494432259591, 15.199147405002636 ], [ 75.495515417072738, 15.199143634832391 ], [ 75.495439594176247, 15.199151744490928 ] ] ], [ [ [ 75.498198287342106, 15.198877408754855 ], [ 75.497229958891651, 15.199024093402194 ], [ 75.497235853462996, 15.199023771085995 ], [ 75.497244253767889, 15.19902331133566 ], [ 75.498150544810414, 15.198885847320543 ], [ 75.498259874512769, 15.198867252518934 ], [ 75.498318445668005, 15.198857290847583 ], [ 75.498198287342106, 15.198877408754855 ] ] ], [ [ [ 75.501184523871231, 15.198325779759001 ], [ 75.500582699300594, 15.198405662690046 ], [ 75.500419916502295, 15.198438019090528 ], [ 75.500095397303411, 15.198501988777716 ], [ 75.499972441630277, 15.198526029251644 ], [ 75.499368725218233, 15.198647121005273 ], [ 75.498777932440703, 15.198767103950615 ], [ 75.498559755626033, 15.198809109854231 ], [ 75.498318546065605, 15.19885727377215 ], [ 75.49852460755605, 15.198822227223422 ], [ 75.498761485762259, 15.198781939241744 ], [ 75.499395570985683, 15.198661893725612 ], [ 75.500037537646492, 15.198533301674582 ], [ 75.500167593979882, 15.198507250086218 ], [ 75.500509070208651, 15.198438848769577 ], [ 75.500679503475098, 15.198404708718416 ], [ 75.501303039863828, 15.198316548259283 ], [ 75.501722164946074, 15.198259926420024 ], [ 75.501184523871231, 15.198325779759001 ] ] ], [ [ [ 75.502440237567598, 15.197992936640475 ], [ 75.502401733177891, 15.197992488288097 ], [ 75.502406877314954, 15.198031971403713 ], [ 75.502419737279595, 15.198130712191041 ], [ 75.502315372385752, 15.198165398618265 ], [ 75.502228788406285, 15.198186222887584 ], [ 75.502166741122579, 15.198200803469424 ], [ 75.502263819671526, 15.198188020669754 ], [ 75.502373464626046, 15.198162524174361 ], [ 75.502461505494836, 15.198142050995505 ], [ 75.502567097210914, 15.198109246762126 ], [ 75.50255458901313, 15.198015581591079 ], [ 75.502551465085446, 15.19799219449683 ], [ 75.502440237567598, 15.197992936640475 ] ] ], [ [ [ 75.515529565602165, 15.195453227743968 ], [ 75.515493276474118, 15.195515626970009 ], [ 75.515457733174344, 15.19559418121572 ], [ 75.515289379690913, 15.195961058096502 ], [ 75.515020997690286, 15.196557553927459 ], [ 75.5147948635787, 15.197059976891012 ], [ 75.514681483658791, 15.197301538452876 ], [ 75.514456076555803, 15.197783435105972 ], [ 75.51365300562891, 15.197699700427636 ], [ 75.513007912767861, 15.197658161282952 ], [ 75.512673510810217, 15.197631103051844 ], [ 75.51246356548063, 15.197613326092851 ], [ 75.512218108847051, 15.197592704170017 ], [ 75.511644278292891, 15.197551027833802 ], [ 75.511402239534277, 15.197521932384578 ], [ 75.511362660695085, 15.197527199956131 ], [ 75.510805066713829, 15.197610354639462 ], [ 75.51017472497783, 15.197720957883124 ], [ 75.508885983248121, 15.197893807487359 ], [ 75.508775770870201, 15.197907820317743 ], [ 75.508704293410858, 15.197911276343424 ], [ 75.508664742649827, 15.197913173889035 ], [ 75.507670993553376, 15.197940820432208 ], [ 75.507655224288456, 15.197941202263866 ], [ 75.507003549059434, 15.197955728844994 ], [ 75.506392746528235, 15.197971098202995 ], [ 75.506059168847429, 15.197987501699378 ], [ 75.505954610661661, 15.197984937759944 ], [ 75.505565536393334, 15.197974899896922 ], [ 75.504950025205815, 15.197971744158931 ], [ 75.50432627158628, 15.197935565725412 ], [ 75.503737292712756, 15.197907986862223 ], [ 75.503699700720958, 15.197914991706238 ], [ 75.503018150305039, 15.197972010978237 ], [ 75.502781219894601, 15.197984122864245 ], [ 75.503153777040438, 15.197993895658106 ], [ 75.503812222834895, 15.198025096875492 ], [ 75.503848353528909, 15.198024908405911 ], [ 75.504461578221708, 15.198021717523707 ], [ 75.505097849698785, 15.198040031858143 ], [ 75.505717871910662, 15.198031528024069 ], [ 75.506107507373741, 15.198035193331799 ], [ 75.506212041330429, 15.198036176024253 ], [ 75.506545493070391, 15.198015740402241 ], [ 75.50715424166809, 15.197994420104042 ], [ 75.507802245952419, 15.19797595507351 ], [ 75.507817914516281, 15.19797550836519 ], [ 75.508804544865853, 15.197946893628245 ], [ 75.508843785918216, 15.19794512513697 ], [ 75.508914698899005, 15.197941931621163 ], [ 75.509024096426501, 15.197928597718501 ], [ 75.510303243098804, 15.197768023826509 ], [ 75.510929953946274, 15.197665902367241 ], [ 75.511485700258049, 15.197590586292238 ], [ 75.511524672062052, 15.197585304709209 ], [ 75.511762531230573, 15.197614992656737 ], [ 75.512328473258876, 15.197657282428816 ], [ 75.512571289890232, 15.197677996128387 ], [ 75.512779322021657, 15.197695743892881 ], [ 75.513111332672111, 15.197722546137289 ], [ 75.513753988137495, 15.197762826645389 ], [ 75.514555271818864, 15.197852321289254 ], [ 75.514795445485689, 15.197360917866643 ], [ 75.514916144722974, 15.197113962065727 ], [ 75.515157799598711, 15.196598296731672 ], [ 75.515447190063909, 15.195981912704701 ], [ 75.515632104217445, 15.195599925935577 ], [ 75.515655649696086, 15.195551287792009 ], [ 75.515529565602165, 15.195453227743968 ] ] ], [ [ [ 75.517041843445853, 15.196482365842359 ], [ 75.517021474205791, 15.196469575837908 ], [ 75.517049549875594, 15.196489711885175 ], [ 75.517041843445853, 15.196482365842359 ] ] ], [ [ [ 75.519716314089592, 15.196948314172124 ], [ 75.518308176918282, 15.196790098926549 ], [ 75.518197478488702, 15.196785612849023 ], [ 75.517425906626713, 15.196680860766854 ], [ 75.517302913178924, 15.196716007969776 ], [ 75.51742352119895, 15.196846509997274 ], [ 75.517560127808864, 15.196812259641908 ], [ 75.518332169159081, 15.196965700030615 ], [ 75.518443390374841, 15.19697721220987 ], [ 75.519906119976568, 15.196996134420887 ], [ 75.52032561072744, 15.197044676921056 ], [ 75.519716314089592, 15.196948314172124 ] ] ], [ [ [ 75.520896980371901, 15.197110794495771 ], [ 75.520938234816413, 15.197115568364744 ], [ 75.521046948751291, 15.197108012831064 ], [ 75.520896980371901, 15.197110794495771 ] ] ], [ [ [ 75.529592916944452, 15.195310217959653 ], [ 75.529487431165592, 15.195309209455184 ], [ 75.527849556840593, 15.195293927857652 ], [ 75.527586008887624, 15.195287796814252 ], [ 75.527400675884792, 15.195217665438584 ], [ 75.526956871039005, 15.195181192997101 ], [ 75.526823954020429, 15.195187374273932 ], [ 75.526546191537292, 15.195251642982768 ], [ 75.526272035320744, 15.195315084734837 ], [ 75.525757682793127, 15.195454731210075 ], [ 75.525190009970004, 15.195493841312175 ], [ 75.523882258122555, 15.195647160430935 ], [ 75.523553602463139, 15.195758932805068 ], [ 75.522911311247483, 15.195784707486668 ], [ 75.522913788745157, 15.195847875748514 ], [ 75.522950002640627, 15.196715235737935 ], [ 75.522949106339894, 15.196715334556394 ], [ 75.522465010227251, 15.196767745142957 ], [ 75.522176388138007, 15.197084129522223 ], [ 75.521890761731626, 15.197083100486397 ], [ 75.521673155208759, 15.197089525024682 ], [ 75.522033320798272, 15.197084570793852 ], [ 75.522308449501352, 15.197090209476331 ], [ 75.522583129478932, 15.196774449473692 ], [ 75.523050345991038, 15.196728927128541 ], [ 75.523051212531414, 15.196728841035878 ], [ 75.522989797919678, 15.195852652578566 ], [ 75.52298532749964, 15.195788867849537 ], [ 75.523616000471677, 15.195770832643348 ], [ 75.5239404479792, 15.195661669187965 ], [ 75.525241571314794, 15.195519664317731 ], [ 75.5258092654542, 15.195485002983327 ], [ 75.526323929587065, 15.195347859946239 ], [ 75.526598613389254, 15.195285795609134 ], [ 75.526877107262848, 15.19522287038526 ], [ 75.527010672752269, 15.195217635027822 ], [ 75.52745774399466, 15.195258024291901 ], [ 75.527645343473807, 15.195330566895645 ], [ 75.52791140219324, 15.195338883454729 ], [ 75.529571779447437, 15.195368255884626 ], [ 75.529606872843146, 15.195368876426388 ], [ 75.529592916944452, 15.195310217959653 ] ] ] ] } }
]
}
