{
"type": "FeatureCollection",
"name": "hoblis_in_police_area.writing_20260805_172659",
"crs": { "type": "name", "properties": { "name": "urn:ogc:def:crs:OGC:1.3:CRS84" } },
"features": [
{ "type": "Feature", "properties": { "OBJECTID": 213, "KGISHobliID": 467, "KGISHobliCode": "110402", "KGISHobliName": "Karajagi", "BhuCodeHobli": null, "SHAPE.STArea()": 238345815.38733357, "SHAPE.STLength()": 124366.04737553494, "KGISTalukCode": "1104", "created_user": null, "created_date": null, "last_edited_user": null, "last_edited_date": null, "_overlap_percent": 34.48203153127227, "_police_station": "Guttal PS", "_police_feature_index": "212", "_admin_layer": "Hobli", "_geometry_clipped": true }, "geometry": { "type": "Polygon", "coordinates": [ [ [ 75.499382399183062, 14.966550635480818 ], [ 75.499524591184496, 14.966568634925567 ], [ 75.499851134406214, 14.966610561579239 ], [ 75.499934737672561, 14.966617250472833 ], [ 75.501714092824258, 14.966768727794497 ], [ 75.502939827822885, 14.966972175110408 ], [ 75.503972684313183, 14.967148289725179 ], [ 75.505082962042039, 14.967340048114599 ], [ 75.505198640961083, 14.967360116998734 ], [ 75.505199460102247, 14.967371551080173 ], [ 75.505204193916057, 14.967437510587878 ], [ 75.505789081720351, 14.96745395960775 ], [ 75.507693647469196, 14.967381537075159 ], [ 75.50808123370436, 14.967271612617846 ], [ 75.508647062782984, 14.967160352737434 ], [ 75.509203004585714, 14.967101920777498 ], [ 75.509843870406044, 14.967032140322635 ], [ 75.510283111701142, 14.966988431958391 ], [ 75.510735056009366, 14.966979076119459 ], [ 75.510752468302798, 14.966976733516466 ], [ 75.510899047682514, 14.966956870637137 ], [ 75.511446204710808, 14.96676444899312 ], [ 75.512151402987001, 14.966482939127069 ], [ 75.51295633817395, 14.966159683359342 ], [ 75.513246790779419, 14.966056988855328 ], [ 75.514000332395497, 14.965735655058985 ], [ 75.514352230764189, 14.965649664044953 ], [ 75.515341793473425, 14.965407538529147 ], [ 75.516347921860287, 14.96507698440241 ], [ 75.517416857687707, 14.964757126333986 ], [ 75.517700531627824, 14.964597648291578 ], [ 75.518176958928521, 14.964329896624818 ], [ 75.518756867787076, 14.964116761066371 ], [ 75.519327561818102, 14.963974173350831 ], [ 75.520297056421057, 14.96373197472397 ], [ 75.520993218476193, 14.963591108462797 ], [ 75.521721450858919, 14.963508743893531 ], [ 75.521996794497397, 14.963470631563762 ], [ 75.522017076816269, 14.963421246109693 ], [ 75.522035529420947, 14.963376289469906 ], [ 75.522585245166866, 14.961770921004703 ], [ 75.523068522297592, 14.960465969977312 ], [ 75.523156518773547, 14.960227627499746 ], [ 75.52326726626147, 14.959928185763221 ], [ 75.524363027206789, 14.957007297915386 ], [ 75.524405103443357, 14.956898902671007 ], [ 75.525044039756352, 14.954468257899386 ], [ 75.525199559416095, 14.953879924999653 ], [ 75.525204300319686, 14.953862000391176 ], [ 75.525798025221775, 14.951676029113726 ], [ 75.525831922066601, 14.951551997155391 ], [ 75.525838192462643, 14.951529053101639 ], [ 75.52583906714797, 14.951525845172563 ], [ 75.525859898376993, 14.951430009416233 ], [ 75.52586507770036, 14.95140619271108 ], [ 75.525985169109461, 14.951018408176278 ], [ 75.525994237349238, 14.950957948644705 ], [ 75.528475475943807, 14.952143021584249 ], [ 75.528488795045689, 14.952149001177423 ], [ 75.530293437796573, 14.95127377295405 ], [ 75.530286833446894, 14.951252390101558 ], [ 75.530313963734002, 14.951239414980048 ], [ 75.530311613123473, 14.951231955222037 ], [ 75.530352378281876, 14.951213330895925 ], [ 75.530293207344783, 14.951036665058698 ], [ 75.530298963011973, 14.950886131973936 ], [ 75.530724824273634, 14.950225256332702 ], [ 75.530757131178078, 14.950228803645166 ], [ 75.530758214026193, 14.950227190361206 ], [ 75.531017326606076, 14.950256094448513 ], [ 75.531256414225197, 14.950247294711213 ], [ 75.531392090440448, 14.949871407197399 ], [ 75.531233385137227, 14.949534574977864 ], [ 75.531053863532293, 14.94924283654346 ], [ 75.530890135008946, 14.948870860960261 ], [ 75.530861848558402, 14.948844215177804 ], [ 75.530652437887952, 14.948650490839782 ], [ 75.530652226634231, 14.948646751725073 ], [ 75.530622705487332, 14.94861894286101 ], [ 75.530603758982053, 14.948252359450736 ], [ 75.53030848080472, 14.947916438992564 ], [ 75.53030011358301, 14.947897506876306 ], [ 75.530284911063404, 14.947879969240589 ], [ 75.530136853803981, 14.947537506010995 ], [ 75.530112377687644, 14.947121528018632 ], [ 75.530094159897573, 14.946811992472373 ], [ 75.530133756646123, 14.946776593045016 ], [ 75.530148437764439, 14.946763467436288 ], [ 75.530142607630538, 14.946756202382115 ], [ 75.530139038128709, 14.946728415529975 ], [ 75.530125923518042, 14.94671196583665 ], [ 75.530125084093569, 14.946705041607435 ], [ 75.529896522760765, 14.94658343323497 ], [ 75.529867001476504, 14.946580160169967 ], [ 75.529860709902209, 14.946579462334952 ], [ 75.529473619546849, 14.946536712771051 ], [ 75.529314459973861, 14.94645807824398 ], [ 75.529208236028992, 14.946377890724708 ], [ 75.528812312166096, 14.945938674793961 ], [ 75.528774180987952, 14.945873849124412 ], [ 75.528508421092241, 14.945735863731539 ], [ 75.528319184206737, 14.945628827231804 ], [ 75.528185543171091, 14.945465821622038 ], [ 75.528188220909826, 14.945451582933154 ], [ 75.528186374170218, 14.94544933536166 ], [ 75.528222908858339, 14.945257956055897 ], [ 75.528197241120367, 14.945033013986141 ], [ 75.528200651370767, 14.945024960207457 ], [ 75.528199762592237, 14.945016876414087 ], [ 75.52827858424466, 14.944831303462468 ], [ 75.5283925014337, 14.944626121188735 ], [ 75.528337480791706, 14.944425937130536 ], [ 75.528223524399564, 14.944222204485088 ], [ 75.527902739759881, 14.9440553665621 ], [ 75.527597672410579, 14.943808104379846 ], [ 75.527407648032863, 14.943826894962879 ], [ 75.527121005611278, 14.943858428686108 ], [ 75.526893887807404, 14.943857586374284 ], [ 75.52689125202032, 14.943852855747433 ], [ 75.526884071230199, 14.943852747694875 ], [ 75.52667276815346, 14.943470910619228 ], [ 75.526575214291881, 14.943140906949203 ], [ 75.526644565891544, 14.943098401183692 ], [ 75.526740993562825, 14.943072901382742 ], [ 75.526970881863122, 14.94301209183436 ], [ 75.527128857060021, 14.942970288357468 ], [ 75.528000709485468, 14.942937069580241 ], [ 75.529295932565987, 14.942873808762252 ], [ 75.529393876056702, 14.942869025266566 ], [ 75.530394115274675, 14.94282016511206 ], [ 75.534475359363654, 14.942666966482024 ], [ 75.537340051045234, 14.942452820199982 ], [ 75.53935136035841, 14.942302446634784 ], [ 75.54258031032893, 14.942125295364558 ], [ 75.542721281449715, 14.942117560651146 ], [ 75.542728637658897, 14.942117156230884 ], [ 75.542730752852648, 14.942117041812729 ], [ 75.542812661890451, 14.942102025601006 ], [ 75.542855037718041, 14.942091012656498 ], [ 75.54290449172241, 14.941894179128726 ], [ 75.542907077931062, 14.941883901595695 ], [ 75.543378076712074, 14.94002899848873 ], [ 75.543578081506865, 14.939232190459734 ], [ 75.543719337296523, 14.938400418802958 ], [ 75.544393446332052, 14.936164591045495 ], [ 75.544548353782744, 14.935771516091645 ], [ 75.544940676115232, 14.934383301425658 ], [ 75.54513231867675, 14.933188968023382 ], [ 75.545179491312098, 14.932897253206383 ], [ 75.545429755766264, 14.931352363412431 ], [ 75.545621286741721, 14.930170617403386 ], [ 75.545657010219358, 14.929950043882377 ], [ 75.545769059866188, 14.929257328376869 ], [ 75.546226831241256, 14.927803051332612 ], [ 75.546866767042658, 14.92528977644313 ], [ 75.547047147936595, 14.924457722643536 ], [ 75.547209982041963, 14.924025517701452 ], [ 75.547272859461657, 14.924060955115481 ], [ 75.547322565115138, 14.924088968871883 ], [ 75.54757662974626, 14.924118892169421 ], [ 75.547776117390569, 14.924138395998547 ], [ 75.548038873474013, 14.924164101170998 ], [ 75.548271158936501, 14.924186844925366 ], [ 75.5483716487756, 14.924196151311433 ], [ 75.549233664874478, 14.924246867236157 ], [ 75.549277058830256, 14.92424943013425 ], [ 75.549493962696872, 14.924255326542896 ], [ 75.550088581963365, 14.924271524749567 ], [ 75.550338034109416, 14.924278336599153 ], [ 75.550393725805748, 14.92427985802385 ], [ 75.55052537743093, 14.924284869997489 ], [ 75.550984282146132, 14.924302364291549 ], [ 75.551322488524036, 14.924315280911486 ], [ 75.551764670238967, 14.924332195534083 ], [ 75.551972059135807, 14.924340138605549 ], [ 75.552247416026901, 14.924361648791217 ], [ 75.552527684258934, 14.924383550911996 ], [ 75.553204706777507, 14.924436456963182 ], [ 75.55346317241127, 14.924456632299597 ], [ 75.553564173044904, 14.92446450850057 ], [ 75.554022743568694, 14.924493664793937 ], [ 75.554461210254146, 14.924521488337797 ], [ 75.555149945977803, 14.924564874484496 ], [ 75.556306744906209, 14.924658245478145 ], [ 75.556329161487398, 14.924532042163262 ], [ 75.556385437153125, 14.924448250621408 ], [ 75.556385881760988, 14.92444759045738 ], [ 75.556441716774216, 14.924364567547853 ], [ 75.556682559559377, 14.923599845243814 ], [ 75.557032750068316, 14.922519372822059 ], [ 75.557152485308421, 14.921990042111666 ], [ 75.55718146712961, 14.92184352767266 ], [ 75.557245790718738, 14.921518840083735 ], [ 75.55737663272545, 14.921077406928802 ], [ 75.557493583441712, 14.920634622472505 ], [ 75.557638938637979, 14.920077103685932 ], [ 75.557751609589076, 14.919690991667974 ], [ 75.557772543137887, 14.919640290713952 ], [ 75.558167627159293, 14.918684948281863 ], [ 75.558180658840996, 14.918663642314952 ], [ 75.558376736157427, 14.918333562889236 ], [ 75.55916051482204, 14.916720172683661 ], [ 75.559849481511421, 14.915311996589619 ], [ 75.559859484393741, 14.915287379018919 ], [ 75.559910883723262, 14.915160902851849 ], [ 75.55992837097665, 14.915117873223091 ], [ 75.55992875809639, 14.91511692569201 ], [ 75.560244207168836, 14.914325509292123 ], [ 75.5609080553768, 14.91241351500833 ], [ 75.561272195179072, 14.911384874422042 ], [ 75.561392002921309, 14.911053037522979 ], [ 75.561114940197641, 14.910915498153667 ], [ 75.560427678621352, 14.910575172262426 ], [ 75.559948185710525, 14.90980262044995 ], [ 75.559196561008818, 14.908604052037536 ], [ 75.5586071987548, 14.907423222058245 ], [ 75.558084891627544, 14.906376059715427 ], [ 75.557435170351113, 14.905487827340666 ], [ 75.557007794229932, 14.904704212814027 ], [ 75.556582144094008, 14.903923151727721 ], [ 75.555721721091089, 14.903565885285664 ], [ 75.554387998032212, 14.903058262436874 ], [ 75.552292347512832, 14.902518725300492 ], [ 75.550943248265099, 14.901690225216226 ], [ 75.550095051520358, 14.900948014767694 ], [ 75.548727800495797, 14.899748481520795 ], [ 75.547655048820062, 14.899229487545526 ], [ 75.546012660864747, 14.899261147385863 ], [ 75.545053898482152, 14.899668831649414 ], [ 75.544388118953705, 14.899853250471518 ], [ 75.544157113100241, 14.900409830360092 ], [ 75.54356297621139, 14.901847557584789 ], [ 75.54302655119811, 14.903628723444362 ], [ 75.542644604711938, 14.905427782136719 ], [ 75.542820728680724, 14.906853334840177 ], [ 75.542876386673271, 14.90816618081228 ], [ 75.542767696274055, 14.909296582052107 ], [ 75.542578643395586, 14.910015539349866 ], [ 75.542170367608662, 14.910964906110452 ], [ 75.541437581337604, 14.911822699184846 ], [ 75.541136304479423, 14.912070771705926 ], [ 75.540220193508247, 14.912305757515332 ], [ 75.539227217986976, 14.912557330982565 ], [ 75.538479114728247, 14.91274390855852 ], [ 75.537808465593315, 14.912909242713983 ], [ 75.536937735037768, 14.913393126597517 ], [ 75.536086841873967, 14.914032916318728 ], [ 75.535674244423689, 14.914633402958733 ], [ 75.535507692034599, 14.91534108791318 ], [ 75.535087117148265, 14.916338830790432 ], [ 75.534425249113937, 14.917038977646687 ], [ 75.53376216213087, 14.9177370804577 ], [ 75.533333218458608, 14.918122738495944 ], [ 75.532402875986492, 14.91840580418191 ], [ 75.531454734298833, 14.918433062066788 ], [ 75.530638873339683, 14.918293151328301 ], [ 75.530203870415292, 14.918181865366703 ], [ 75.529735690978129, 14.918062010390512 ], [ 75.529229991967384, 14.917933138762422 ], [ 75.529169307420659, 14.917926801227338 ], [ 75.52917498884986, 14.917628124601872 ], [ 75.529175165420867, 14.917618202647436 ], [ 75.529150991635177, 14.917283369728835 ], [ 75.529090213429058, 14.916516405765096 ], [ 75.529087467008878, 14.916489074968629 ], [ 75.528630741567298, 14.912810899773028 ], [ 75.528505055482825, 14.911874534523832 ], [ 75.528491671875926, 14.911773300308489 ], [ 75.528381870162605, 14.910932606750034 ], [ 75.528333921985507, 14.910559941288291 ], [ 75.527883636595917, 14.906917564689321 ], [ 75.52776765990113, 14.906869108386557 ], [ 75.527727140878696, 14.906852172185841 ], [ 75.527737916389654, 14.906681582276219 ], [ 75.527745062800818, 14.906568464211375 ], [ 75.527887855381152, 14.906484100260187 ], [ 75.527855070542614, 14.906416300757201 ], [ 75.52781409910834, 14.906331573724671 ], [ 75.527767409879075, 14.906235022519411 ], [ 75.527615946337335, 14.90599022834173 ], [ 75.527563772130293, 14.905700256397132 ], [ 75.527458722785752, 14.905277457844354 ], [ 75.527381341396563, 14.905056227210434 ], [ 75.527317335613546, 14.904808060729449 ], [ 75.527269004396743, 14.904605436381416 ], [ 75.527248710192481, 14.90442085745214 ], [ 75.527093144197949, 14.903696681152811 ], [ 75.526964592401882, 14.903204582124639 ], [ 75.526805206277572, 14.902728144143861 ], [ 75.526675920468449, 14.90231256935145 ], [ 75.526652163446101, 14.902213867617986 ], [ 75.526463938131471, 14.901448508139527 ], [ 75.526136197871736, 14.900109965473728 ], [ 75.526123945841533, 14.900055047988221 ], [ 75.525708011491105, 14.898591174751333 ], [ 75.525688845918978, 14.898523394219344 ], [ 75.525681101085468, 14.898492544284943 ], [ 75.52568857861759, 14.898205863081502 ], [ 75.525667388904012, 14.898124952456737 ], [ 75.525657682514066, 14.898034726788431 ], [ 75.52558235576339, 14.897330857881979 ], [ 75.525583285009702, 14.897290421787444 ], [ 75.525592014506799, 14.896916140554699 ], [ 75.525579532088443, 14.89679406263998 ], [ 75.525583904372382, 14.896654496982192 ], [ 75.5255686513364, 14.896548067213606 ], [ 75.525514127294997, 14.896166683757484 ], [ 75.52545987035171, 14.895785710118066 ], [ 75.525445037991886, 14.89568133076321 ], [ 75.52543799309818, 14.895434074330998 ], [ 75.525406812405549, 14.895025974528995 ], [ 75.525420885116134, 14.894465287615056 ], [ 75.525425453100638, 14.894287516108736 ], [ 75.525421515422508, 14.893953237607381 ], [ 75.525444515970861, 14.893376516793836 ], [ 75.525446182432049, 14.893335292430553 ], [ 75.52544296212335, 14.893296203899464 ], [ 75.525416049731007, 14.892968549016794 ], [ 75.525415791091206, 14.892933563725277 ], [ 75.525413996906352, 14.892690399800363 ], [ 75.525413556846758, 14.892630808085039 ], [ 75.525413105113032, 14.892569467870358 ], [ 75.525412721899784, 14.892556347572476 ], [ 75.525412500067674, 14.892548056596906 ], [ 75.525401253109621, 14.892122711426213 ], [ 75.52540003146342, 14.891755556336632 ], [ 75.52539997797011, 14.891739236582604 ], [ 75.525403375880316, 14.891368252886702 ], [ 75.525403558256599, 14.891348370444533 ], [ 75.525409308390508, 14.891316974208312 ], [ 75.525470883640949, 14.890980847570995 ], [ 75.525489995849284, 14.890812522147149 ], [ 75.525503797180619, 14.890700712323298 ], [ 75.525522844005906, 14.89054647018294 ], [ 75.525619730034919, 14.889762705862898 ], [ 75.525623487217672, 14.88973642053552 ], [ 75.52567220303645, 14.889395811851278 ], [ 75.525778659273797, 14.88820918996362 ], [ 75.525808481555941, 14.887807342039524 ], [ 75.525794295927469, 14.887487895099797 ], [ 75.525792184768704, 14.887439994474216 ], [ 75.525805188232638, 14.887282204894996 ], [ 75.525822499783985, 14.887073081570527 ], [ 75.525817084897142, 14.886929417362913 ], [ 75.525806351059344, 14.886641767766326 ], [ 75.525795664699999, 14.88634300758503 ], [ 75.52577155533001, 14.885651561238513 ], [ 75.525757109742003, 14.885387357063044 ], [ 75.525744068247775, 14.885146669787725 ], [ 75.525729724093367, 14.884879403182172 ], [ 75.525726200013537, 14.884863367125112 ], [ 75.525693417178132, 14.884714118617211 ], [ 75.525685153677173, 14.884510445020551 ], [ 75.525646238504663, 14.883518095950778 ], [ 75.525632646204059, 14.883153546536615 ], [ 75.525630437719698, 14.883093056535861 ], [ 75.525626654146038, 14.882973356189831 ], [ 75.525605309191448, 14.882259385774669 ], [ 75.525608432207932, 14.881513584687426 ], [ 75.525613810486902, 14.881450052178076 ], [ 75.525669082181537, 14.880815408054938 ], [ 75.525703738749584, 14.880434913599617 ], [ 75.525707658380256, 14.880365995996126 ], [ 75.52571981269368, 14.88031401137849 ], [ 75.525728378932897, 14.880277480611218 ], [ 75.52573682501945, 14.880227426605252 ], [ 75.525767584900294, 14.880045850990747 ], [ 75.525904242255962, 14.879234549124014 ], [ 75.525887826256039, 14.879104917241904 ], [ 75.525965018008208, 14.879102385109425 ], [ 75.52901451442581, 14.879019122885222 ], [ 75.529107712630037, 14.87805826777223 ], [ 75.529170250396433, 14.877405657127214 ], [ 75.529195616484813, 14.877138761985799 ], [ 75.529220833363851, 14.876872075124226 ], [ 75.52926653389369, 14.876385013915108 ], [ 75.529265760185538, 14.876278921500511 ], [ 75.529260967574928, 14.875695050993665 ], [ 75.529276090138296, 14.875431945915462 ], [ 75.529254040050517, 14.875019797243954 ], [ 75.529281527855616, 14.874605632080309 ], [ 75.529226506723518, 14.874020970514225 ], [ 75.529198236891872, 14.873651071113605 ], [ 75.529160803356788, 14.873285009026045 ], [ 75.529260467772929, 14.872532895976059 ], [ 75.529209005551792, 14.87175666190727 ], [ 75.529217269362377, 14.871564764958483 ], [ 75.529199490443531, 14.871232676933428 ], [ 75.52915853164555, 14.870453168297519 ], [ 75.529137836173575, 14.86967256051366 ], [ 75.529103385883047, 14.869007458675082 ], [ 75.529100002113466, 14.868941018776646 ], [ 75.529141004523282, 14.868421432299709 ], [ 75.529126717713339, 14.867539610113479 ], [ 75.529076790293573, 14.866794914322526 ], [ 75.529072696053618, 14.866733290377743 ], [ 75.529015556153254, 14.865972735138103 ], [ 75.528993259808331, 14.865660145192221 ], [ 75.528993448945343, 14.865529408311216 ], [ 75.528995840847699, 14.86442065092986 ], [ 75.529020392634948, 14.864296428003389 ], [ 75.529014272741435, 14.862928085944361 ], [ 75.528981017775934, 14.862457534190197 ], [ 75.528983277646375, 14.861784146221652 ], [ 75.528973863378582, 14.861322978306253 ], [ 75.528972705862358, 14.861232391043931 ], [ 75.528968761994761, 14.860926241984673 ], [ 75.528984492488419, 14.860524184055178 ], [ 75.528985477682113, 14.860498938404996 ], [ 75.52903729739667, 14.859809851300806 ], [ 75.529061895863052, 14.859481644228453 ], [ 75.529113976088752, 14.858584365667202 ], [ 75.529113122636815, 14.85853314763774 ], [ 75.529108006996665, 14.858226388233186 ], [ 75.529107860303284, 14.858210805497524 ], [ 75.529104269999578, 14.857827670499825 ], [ 75.529101884220537, 14.857575043224038 ], [ 75.529064124066011, 14.857380214279472 ], [ 75.529166482580649, 14.857058290554226 ], [ 75.529185215762467, 14.856999361534015 ], [ 75.529178704753619, 14.856765067149666 ], [ 75.529149576472577, 14.856459252644932 ], [ 75.529126214831678, 14.85526408013159 ], [ 75.529130617878764, 14.855075430309554 ], [ 75.529131685011762, 14.855029631540749 ], [ 75.529142946586433, 14.854444110953278 ], [ 75.529145983046519, 14.854285161259693 ], [ 75.529197991503224, 14.853131168516938 ], [ 75.5292010125996, 14.853063670439681 ], [ 75.529170524242929, 14.852911014530253 ], [ 75.529125734386227, 14.85255240393659 ], [ 75.529099171172433, 14.852553939688123 ], [ 75.529070121141544, 14.852408638014909 ], [ 75.529050368816598, 14.85230110815189 ], [ 75.529006146025395, 14.851852988408284 ], [ 75.528966216629357, 14.850822539104112 ], [ 75.528947273023149, 14.85055217243927 ], [ 75.528893210852161, 14.850545214132721 ], [ 75.528877518402936, 14.850542598517299 ], [ 75.528861826663714, 14.850544860523895 ], [ 75.528861378016927, 14.850538868270963 ], [ 75.528785962245749, 14.850475554928096 ], [ 75.528724647552309, 14.84997176726645 ], [ 75.528657393905846, 14.849686727816136 ], [ 75.5286569854037, 14.849449114719148 ], [ 75.528652260928794, 14.849376896045937 ], [ 75.528639052957672, 14.849175026183731 ], [ 75.528610116513434, 14.848732733231273 ], [ 75.528603705598016, 14.848634730752931 ], [ 75.528593842734054, 14.848170826574743 ], [ 75.528582991864354, 14.847620092053482 ], [ 75.528490510655942, 14.846999300138371 ], [ 75.528467215339234, 14.846842899867646 ], [ 75.528355377309694, 14.845964063032167 ], [ 75.528341162977085, 14.845852359616988 ], [ 75.528276691684582, 14.845440023255213 ], [ 75.528071953407661, 14.844153411995997 ], [ 75.528048020128153, 14.843948725025323 ], [ 75.527838613642999, 14.842188296062718 ], [ 75.527830043701556, 14.842116503836715 ], [ 75.527640935337232, 14.842117818453165 ], [ 75.527839549488718, 14.840982950817276 ], [ 75.528204193815, 14.840968271729901 ], [ 75.528206984526207, 14.840947803687687 ], [ 75.528239166955714, 14.840711678725715 ], [ 75.528239998876714, 14.840705579552056 ], [ 75.528305199929349, 14.840647098929416 ], [ 75.529025898800029, 14.839935190605607 ], [ 75.52960216673614, 14.839294242098884 ], [ 75.530578575405031, 14.838068804350799 ], [ 75.531050277702647, 14.83739036904427 ], [ 75.531815418985758, 14.836195354239591 ], [ 75.532751726105246, 14.833768086703554 ], [ 75.53277029493465, 14.833669335677939 ], [ 75.533570241189167, 14.833344257283516 ], [ 75.533739743086329, 14.833349749810175 ], [ 75.534950890317376, 14.832515065724726 ], [ 75.537183147472916, 14.830101428027422 ], [ 75.539906765482513, 14.827595855699139 ], [ 75.540732859153067, 14.827905254352142 ], [ 75.541637785064751, 14.828154753080247 ], [ 75.541638741307466, 14.828150601005774 ], [ 75.54200099325962, 14.826574019297274 ], [ 75.542006143772241, 14.82655155110408 ], [ 75.542012065448404, 14.826527124619837 ], [ 75.542032848799778, 14.826441394009743 ], [ 75.542081484179477, 14.826240731750138 ], [ 75.542084768358933, 14.826227180579854 ], [ 75.542127742139499, 14.826049789646381 ], [ 75.542637972973196, 14.823936183813899 ], [ 75.542685100339355, 14.823745410416791 ], [ 75.543014198107883, 14.82240895037099 ], [ 75.543106711394842, 14.82200936164919 ], [ 75.543587686593597, 14.819892986413342 ], [ 75.543603073701561, 14.819832525369888 ], [ 75.545942754187365, 14.820007819046234 ], [ 75.546395608803337, 14.820041458716686 ], [ 75.546422430395154, 14.820044548570952 ], [ 75.545881811502611, 14.81685226044408 ], [ 75.54587500138561, 14.816812604617189 ], [ 75.546917458749974, 14.816723928872308 ], [ 75.546978715355166, 14.816718674314341 ], [ 75.5473093586034, 14.815424149697504 ], [ 75.546259053505239, 14.81492676728532 ], [ 75.546313076795528, 14.81473580954601 ], [ 75.546322524244516, 14.81470866951698 ], [ 75.546323712588148, 14.814698176408591 ], [ 75.546331944460576, 14.814625425533453 ], [ 75.546407193213483, 14.814347547735107 ], [ 75.54667041974615, 14.813466317416969 ], [ 75.546708929411153, 14.81332923384049 ], [ 75.549662805643322, 14.813386018272842 ], [ 75.55049731124376, 14.813354513750109 ], [ 75.550843691148643, 14.81337230654926 ], [ 75.552051824863227, 14.813325082591406 ], [ 75.552989677159019, 14.81328137908439 ], [ 75.553642474025196, 14.813172449048157 ], [ 75.555749239804541, 14.812794791507937 ], [ 75.555893576030755, 14.81276811041041 ], [ 75.556396977808589, 14.812674479716815 ], [ 75.557931276562854, 14.812324869012793 ], [ 75.558410849361536, 14.812219984107971 ], [ 75.560314081358712, 14.811795671406156 ], [ 75.560317719381942, 14.811794843443035 ], [ 75.560307352711433, 14.811770216566515 ], [ 75.560263314710127, 14.811665594551863 ], [ 75.559591550689262, 14.809942681818592 ], [ 75.559560498151512, 14.809873330487118 ], [ 75.558988810615972, 14.808237107892731 ], [ 75.558969124112636, 14.808162022202083 ], [ 75.558941878482216, 14.808085419683165 ], [ 75.559035917691617, 14.807308838769435 ], [ 75.559114385127913, 14.806858214728518 ], [ 75.559567759733383, 14.804237172201143 ], [ 75.559575313547612, 14.804193189259728 ], [ 75.560029542525527, 14.801807505329203 ], [ 75.560628817354626, 14.798386826443082 ], [ 75.560661973628669, 14.79818503820275 ], [ 75.56067643112921, 14.798096065738759 ], [ 75.560676071867078, 14.798032544484887 ], [ 75.560414965643531, 14.797753090631764 ], [ 75.555892935202223, 14.79288139637587 ], [ 75.555906404430971, 14.792812738054588 ], [ 75.556815456417027, 14.788296933566588 ], [ 75.556642677442539, 14.784527676901387 ], [ 75.55621247589005, 14.784633220382744 ], [ 75.555646334046372, 14.784701978855184 ], [ 75.555458231776043, 14.784620397976068 ], [ 75.555430245723258, 14.784608250010812 ], [ 75.553766737677776, 14.783822699250411 ], [ 75.553755157184042, 14.783850458057058 ], [ 75.553594458750965, 14.78380931184779 ], [ 75.552594623462653, 14.783553313785722 ], [ 75.550701813015579, 14.783215003452284 ], [ 75.550537534613198, 14.783183153283483 ], [ 75.548374154367835, 14.782763696382933 ], [ 75.548153725646401, 14.782720956886168 ], [ 75.548099541976228, 14.782730500914823 ], [ 75.548038462067524, 14.782723117499266 ], [ 75.547489043269039, 14.782656701477171 ], [ 75.544942888629421, 14.782761118717334 ], [ 75.543010250711944, 14.782866183489958 ], [ 75.541519128422124, 14.78294530020486 ], [ 75.541249441014827, 14.782959611070565 ], [ 75.541211938246107, 14.782955022091143 ], [ 75.540426239411758, 14.782858891857659 ], [ 75.538547172529221, 14.782733028321132 ], [ 75.538203094560487, 14.782701838344389 ], [ 75.536180558602481, 14.782518486919946 ], [ 75.534811670707811, 14.782394377821049 ], [ 75.534702090283091, 14.782379976182447 ], [ 75.53458171375361, 14.782364157450971 ], [ 75.53441921710953, 14.7823416942806 ], [ 75.534333583014401, 14.782331807266287 ], [ 75.532898267411582, 14.782166084408914 ], [ 75.53288294747145, 14.782164461652808 ], [ 75.530649701409885, 14.781927916298883 ], [ 75.530250790792977, 14.7818856620875 ], [ 75.53000204329679, 14.781867919883835 ], [ 75.528750578711865, 14.781778671022588 ], [ 75.528611102510524, 14.781768717161977 ], [ 75.528581766399085, 14.781766625345815 ], [ 75.528360569932246, 14.781750849790063 ], [ 75.528052935786008, 14.781728907800492 ], [ 75.526987604171637, 14.781667219950045 ], [ 75.525917658898422, 14.781605267347993 ], [ 75.52412862608837, 14.781416276825983 ], [ 75.524147107697459, 14.78136727216617 ], [ 75.524124023109323, 14.781365252249934 ], [ 75.524159066862211, 14.781272443919745 ], [ 75.524008626344795, 14.779989375694964 ], [ 75.524149073793353, 14.778180264831551 ], [ 75.52422963330315, 14.777142557381044 ], [ 75.524232348104519, 14.777054121388495 ], [ 75.524324368230907, 14.774056947445878 ], [ 75.524261086498797, 14.77405849882998 ], [ 75.523852269382758, 14.774068522906282 ], [ 75.522549009993142, 14.774042986612134 ], [ 75.522461935056441, 14.774041800367149 ], [ 75.519449019987803, 14.774000558212975 ], [ 75.518989417356082, 14.773994264800299 ], [ 75.518902093441795, 14.773992705278578 ], [ 75.518713275254356, 14.773989341312189 ], [ 75.518512644088005, 14.773985768650299 ], [ 75.518254919764559, 14.773981173938456 ], [ 75.517403926814367, 14.773966004685954 ], [ 75.517357816870344, 14.773965182196189 ], [ 75.515844954204425, 14.77424506591478 ], [ 75.51545906151317, 14.774192555456256 ], [ 75.515328793127424, 14.774170443320623 ], [ 75.5152972285304, 14.774115312508913 ], [ 75.515242656143769, 14.774131631395919 ], [ 75.515174870090334, 14.774151903583654 ], [ 75.515129186341454, 14.774165566231538 ], [ 75.51507572814991, 14.774181554402617 ], [ 75.51339229892065, 14.774494759181412 ], [ 75.513075796038791, 14.774549717367606 ], [ 75.512809351097218, 14.774595983959809 ], [ 75.511925802214463, 14.774642386071951 ], [ 75.511888713403522, 14.774644334380952 ], [ 75.511158946294444, 14.774802017510725 ], [ 75.510561590632065, 14.774917188226844 ], [ 75.509860311919809, 14.775065367213758 ], [ 75.509243966915136, 14.775142956504959 ], [ 75.509073408875892, 14.775164428205503 ], [ 75.508836012381394, 14.775170611232474 ], [ 75.508754673764471, 14.775165896530444 ], [ 75.508501627051018, 14.775165623096978 ], [ 75.508301589754609, 14.775153828255398 ], [ 75.50820808643013, 14.775148314688753 ], [ 75.508104839405206, 14.775142226718717 ], [ 75.508104227825214, 14.775169330552895 ], [ 75.508103769655719, 14.775189680352007 ], [ 75.508132208722543, 14.775616941459212 ], [ 75.50813222381575, 14.775617838302519 ], [ 75.508145994739834, 14.776399094094401 ], [ 75.508143209198707, 14.776591801181393 ], [ 75.508137100003282, 14.777014333832975 ], [ 75.508135505363356, 14.777124573578517 ], [ 75.508157238037356, 14.777545441941708 ], [ 75.508152203682357, 14.777633745618624 ], [ 75.508116963703472, 14.778251723967747 ], [ 75.508116350783325, 14.778257466410187 ], [ 75.508040387928986, 14.778968914365242 ], [ 75.508002673069186, 14.779670416070545 ], [ 75.508001679068499, 14.779688903672582 ], [ 75.507929923478756, 14.780429786388924 ], [ 75.50791429931229, 14.780612580987762 ], [ 75.50786617564242, 14.781175608659428 ], [ 75.507866142352896, 14.781176077965254 ], [ 75.507826550140123, 14.78173179790867 ], [ 75.507817058561798, 14.781865019356129 ], [ 75.507769574300099, 14.782688961437328 ], [ 75.507768069270938, 14.78271507089271 ], [ 75.507646314459294, 14.783352017640466 ], [ 75.507599884016884, 14.783524863329266 ], [ 75.507249869964085, 14.784827849837413 ], [ 75.507245020504527, 14.784845902892577 ], [ 75.507236936280705, 14.785667424613118 ], [ 75.507233290008188, 14.786037959882396 ], [ 75.507473811071932, 14.78782141807819 ], [ 75.507570802950355, 14.787834296202135 ], [ 75.507902872423671, 14.78787838566396 ], [ 75.507892727634925, 14.788297361003758 ], [ 75.507603219849898, 14.788306033894409 ], [ 75.506011172166666, 14.788353720539568 ], [ 75.505987733665393, 14.788396790341805 ], [ 75.505965209345177, 14.788438181919346 ], [ 75.505943954512745, 14.788477239918569 ], [ 75.505742850720139, 14.788846784138025 ], [ 75.505758026296775, 14.789386985610905 ], [ 75.505356015528193, 14.789689965496253 ], [ 75.504257597701951, 14.790894098753624 ], [ 75.504138062738448, 14.791125359806932 ], [ 75.503531844714189, 14.792267677290713 ], [ 75.503421896756279, 14.792483045432432 ], [ 75.503162791025872, 14.792990586153909 ], [ 75.502909526328537, 14.793490869237962 ], [ 75.502898700772064, 14.793512342821474 ], [ 75.502695532706767, 14.793915336511715 ], [ 75.502538010913312, 14.794435469043455 ], [ 75.50239024857332, 14.794851909689354 ], [ 75.502224644298209, 14.795364636883258 ], [ 75.502106744904992, 14.795734017649467 ], [ 75.501984616168755, 14.795722808597853 ], [ 75.501763430628387, 14.795702509958161 ], [ 75.501128413156323, 14.79564423142201 ], [ 75.50093780219774, 14.795626737893002 ], [ 75.500899662900324, 14.795790480691764 ], [ 75.500724912326632, 14.795755109952012 ], [ 75.500690201048727, 14.795896638557458 ], [ 75.500651916980132, 14.796040307706852 ], [ 75.50060018234467, 14.796234461645094 ], [ 75.5005576927432, 14.796406680811558 ], [ 75.500516619127666, 14.796573161230471 ], [ 75.500491888692991, 14.796711386224061 ], [ 75.500199619806537, 14.796879558097478 ], [ 75.500126240459949, 14.79692178092616 ], [ 75.499939859510462, 14.796924222067904 ], [ 75.499826663418332, 14.797232862575553 ], [ 75.49974931000915, 14.797443774371059 ], [ 75.494810753984623, 14.796865114359223 ], [ 75.494550310968677, 14.79683459525072 ], [ 75.494573965722992, 14.797409676504477 ], [ 75.494587907928548, 14.797748568251018 ], [ 75.494650519524257, 14.798700262084923 ], [ 75.494655125726254, 14.798770277269861 ], [ 75.494658040208435, 14.798806068317166 ], [ 75.494725789893806, 14.79963819432168 ], [ 75.494770479041605, 14.800187068952877 ], [ 75.494774384373414, 14.800721718130125 ], [ 75.494778073460509, 14.801226956176006 ], [ 75.494781727023977, 14.801727159292774 ], [ 75.494782452343927, 14.801826540106331 ], [ 75.494819561785448, 14.802590006662239 ], [ 75.494768392605025, 14.802922080878869 ], [ 75.494714590440523, 14.803505709128883 ], [ 75.49471325491109, 14.803644164510812 ], [ 75.4946999072572, 14.805027141459689 ], [ 75.494699628029664, 14.805056042798629 ], [ 75.494737863963906, 14.805897976128788 ], [ 75.494748323378019, 14.806075830721866 ], [ 75.494813253189093, 14.807179887274478 ], [ 75.494908655130317, 14.807785549922521 ], [ 75.49511152056229, 14.809073437869717 ], [ 75.495165149512971, 14.809413896619915 ], [ 75.495173912123605, 14.809469581710097 ], [ 75.495180005281725, 14.809508288861954 ], [ 75.495218409701451, 14.80975230652194 ], [ 75.495533256173047, 14.811537298404049 ], [ 75.49554090551058, 14.811580657441322 ], [ 75.495626426751571, 14.812080958771718 ], [ 75.49576743357801, 14.812907915097302 ], [ 75.495761897754036, 14.812943976509247 ], [ 75.495562808889332, 14.814240650699581 ], [ 75.495401687846993, 14.815316774473146 ], [ 75.495334465943628, 14.815652707417076 ], [ 75.495302874626063, 14.815743887728239 ], [ 75.495249823730148, 14.816264132321546 ], [ 75.495183598190096, 14.816916523384659 ], [ 75.495085679450227, 14.817683864794992 ], [ 75.494982876817389, 14.818489473946153 ], [ 75.494902477422912, 14.819075231843437 ], [ 75.494862372557506, 14.819386197243716 ], [ 75.494860194080118, 14.819403362791732 ], [ 75.494825445186066, 14.819677152423495 ], [ 75.494785987338062, 14.819978458733335 ], [ 75.494763859383397, 14.820249112000125 ], [ 75.494721034503371, 14.820522274328821 ], [ 75.494682683862067, 14.820832436673832 ], [ 75.494640056951653, 14.821340269595115 ], [ 75.494500582441944, 14.823001857543195 ], [ 75.49449030361373, 14.82314193217945 ], [ 75.494357243766075, 14.82495505975454 ], [ 75.49433578608766, 14.825247460657286 ], [ 75.494395177600893, 14.825266277761722 ], [ 75.494522274432171, 14.8253065467126 ], [ 75.494511781419178, 14.825446044964531 ], [ 75.494533000119148, 14.82545334434378 ], [ 75.494546088941306, 14.82579034747523 ], [ 75.494530796363776, 14.825971922330941 ], [ 75.494514202976674, 14.826227748870135 ], [ 75.494296142178243, 14.826833223145226 ], [ 75.494295376573675, 14.826884918015779 ], [ 75.494294349900755, 14.826954262520916 ], [ 75.494281641690833, 14.827259914164159 ], [ 75.49426325000347, 14.827814472338687 ], [ 75.494261915339393, 14.827865641332824 ], [ 75.494259058108298, 14.827975278579789 ], [ 75.494258663180517, 14.828008888701348 ], [ 75.494257504861082, 14.828107456028871 ], [ 75.494257436421634, 14.828113337391787 ], [ 75.49425648297985, 14.828194475808209 ], [ 75.494249680947135, 14.828773637826433 ], [ 75.494246616540494, 14.829034419584559 ], [ 75.494238829133707, 14.82969742874109 ], [ 75.494245952570452, 14.829846686908194 ], [ 75.494262658410321, 14.83019666875493 ], [ 75.494284957763426, 14.830663858730418 ], [ 75.494303589150931, 14.831054212008919 ], [ 75.494324879741868, 14.831500266997272 ], [ 75.494382894156544, 14.83271567668713 ], [ 75.494400817533332, 14.833091180545429 ], [ 75.494415003437638, 14.833388365149254 ], [ 75.494429438231236, 14.833690760478634 ], [ 75.494437464688929, 14.833858930548566 ], [ 75.494462517729076, 14.834206516501903 ], [ 75.494513879356106, 14.834919102369454 ], [ 75.494533186153447, 14.835186968389833 ], [ 75.494557433445848, 14.835523374933016 ], [ 75.494580160687121, 14.835838691024847 ], [ 75.494615613031741, 14.836148345351418 ], [ 75.494618476313192, 14.836205881040954 ], [ 75.494652344576906, 14.836886262106116 ], [ 75.494656947036191, 14.836979862465466 ], [ 75.494794434518198, 14.837466172987282 ], [ 75.494762347737392, 14.837937678232015 ], [ 75.494735418114942, 14.838405408569859 ], [ 75.494709544186264, 14.839081212113154 ], [ 75.494687098692239, 14.839797807836685 ], [ 75.494655836788297, 14.840535451083191 ], [ 75.494580476789437, 14.841086660327898 ], [ 75.494576170219574, 14.841317919996211 ], [ 75.494628156064209, 14.841313623074349 ], [ 75.495646874617123, 14.841216035545722 ], [ 75.497226169417758, 14.841179046699777 ], [ 75.498444566099181, 14.841203599026601 ], [ 75.50001738757588, 14.84118909377103 ], [ 75.501328313045562, 14.841179682059005 ], [ 75.502006419067698, 14.841092011661759 ], [ 75.506116310601044, 14.84064972697422 ], [ 75.506579702655472, 14.840584298235319 ], [ 75.506632927834232, 14.840576782693379 ], [ 75.506941357984672, 14.840564892086407 ], [ 75.506962666400554, 14.841090193092221 ], [ 75.507020077431761, 14.841141490168072 ], [ 75.50720754246602, 14.841192862048471 ], [ 75.507271913987623, 14.840965770864033 ], [ 75.50739471920474, 14.840893780944773 ], [ 75.507781575848597, 14.841035566674247 ], [ 75.508261590392891, 14.841432861797632 ], [ 75.508353277348988, 14.841600731197104 ], [ 75.508523395773679, 14.84191220771033 ], [ 75.508576067950642, 14.841988497967508 ], [ 75.508667136853944, 14.84212039518661 ], [ 75.508707830492511, 14.842797806435186 ], [ 75.508905748318796, 14.843337566120141 ], [ 75.508861990406785, 14.843962717988065 ], [ 75.508734629219276, 14.843962996219622 ], [ 75.508476661495678, 14.844113218700455 ], [ 75.508774553669085, 14.844769815239541 ], [ 75.508992041951529, 14.845036368156533 ], [ 75.508969096715276, 14.845280519770164 ], [ 75.509046092185159, 14.84579880131543 ], [ 75.509288514894877, 14.846786565515497 ], [ 75.509290414283853, 14.846794306763904 ], [ 75.509299406320096, 14.846830941014453 ], [ 75.509317762140384, 14.846989523531517 ], [ 75.509319194627366, 14.84700189663309 ], [ 75.509260720051884, 14.847347569189902 ], [ 75.508150540766295, 14.847300098732877 ], [ 75.508033404920127, 14.848156359501196 ], [ 75.508001561485315, 14.848622192486623 ], [ 75.507995026536364, 14.848717801433027 ], [ 75.507807078162728, 14.84918715545923 ], [ 75.507572544599725, 14.849652823122323 ], [ 75.507563904289, 14.849669644970865 ], [ 75.507449958063148, 14.849891469795191 ], [ 75.507350601567694, 14.850084892489244 ], [ 75.506884136359616, 14.850034727772078 ], [ 75.506662581161535, 14.850010900428405 ], [ 75.506033766669944, 14.849899239359416 ], [ 75.505892428714716, 14.84990063000771 ], [ 75.505918138349585, 14.850038021615951 ], [ 75.505945980860503, 14.850231591345263 ], [ 75.505996334660267, 14.85058166612394 ], [ 75.506004970378712, 14.850653870539935 ], [ 75.506065139620475, 14.851076122688784 ], [ 75.506081163760257, 14.851188577801183 ], [ 75.506078224328107, 14.851286659641806 ], [ 75.506082813498054, 14.851403769847952 ], [ 75.506035474707417, 14.851632030095347 ], [ 75.506021833921025, 14.851752870088859 ], [ 75.505991207233407, 14.852024188531455 ], [ 75.506013177758859, 14.852488623424158 ], [ 75.505716217320156, 14.852451321965908 ], [ 75.503170905021847, 14.852023198020703 ], [ 75.502306561362005, 14.851920909929543 ], [ 75.500518910447397, 14.851639551037806 ], [ 75.499724223768524, 14.851504791444187 ], [ 75.498471889324705, 14.851317321986627 ], [ 75.498218877759982, 14.851279446189764 ], [ 75.496866841688117, 14.851240614542819 ], [ 75.496519666808069, 14.851237366032638 ], [ 75.495829658521217, 14.851339204204997 ], [ 75.495489238489398, 14.851387919278404 ], [ 75.495261103529614, 14.851371714028161 ], [ 75.495233319651518, 14.85136957059883 ], [ 75.494496111810207, 14.851407107998659 ], [ 75.492661816380917, 14.851336216633639 ], [ 75.492651163730386, 14.851420460501144 ], [ 75.492544358347487, 14.852265113879895 ], [ 75.49250403572357, 14.852583991447613 ], [ 75.49249708950677, 14.852753438376892 ], [ 75.492499040828548, 14.852935334749848 ], [ 75.492469295292253, 14.853183806843507 ], [ 75.492458935817851, 14.853328600705058 ], [ 75.492440474689204, 14.853586625791269 ], [ 75.492386346864336, 14.854029941390266 ], [ 75.492308631395971, 14.854515875490049 ], [ 75.492304435915457, 14.854862012093635 ], [ 75.492280151232066, 14.854980538966798 ], [ 75.492194441704228, 14.855398870304077 ], [ 75.49211244420988, 14.856170614652255 ], [ 75.492110315451384, 14.856186966335521 ], [ 75.492028682139008, 14.856813910188379 ], [ 75.492005105005191, 14.856916241178755 ], [ 75.491916242738455, 14.857386518154483 ], [ 75.491906557662958, 14.857650837707897 ], [ 75.491887259356446, 14.857903225572729 ], [ 75.491749604692743, 14.858971230222174 ], [ 75.49173144345788, 14.859088282874355 ], [ 75.491728668442448, 14.859106197324172 ], [ 75.491707603462004, 14.859242206227798 ], [ 75.491602599818762, 14.859920194082319 ], [ 75.491582917618146, 14.860264417154715 ], [ 75.491544220234559, 14.860670055160671 ], [ 75.491538591637791, 14.860726242852143 ], [ 75.491332958135416, 14.862779025843906 ], [ 75.491291003735768, 14.863680763748297 ], [ 75.49128093660579, 14.86377197598428 ], [ 75.491095782223638, 14.865449673050266 ], [ 75.489317773133422, 14.865682073621477 ], [ 75.48922127538475, 14.865677504668479 ], [ 75.489195425266587, 14.865676280436604 ], [ 75.489081540469329, 14.86665190547755 ], [ 75.488908784328942, 14.868335294769516 ], [ 75.489009786553495, 14.868353686119029 ], [ 75.489087197403933, 14.868342044512552 ], [ 75.492242540195306, 14.867805056230198 ], [ 75.492408621350734, 14.867782766511164 ], [ 75.493673437589223, 14.867613011600913 ], [ 75.496072206662603, 14.867266215468227 ], [ 75.497065446528083, 14.867307219184438 ], [ 75.497320153652254, 14.867281779430535 ], [ 75.497709728704265, 14.867309482294321 ], [ 75.497837928878468, 14.868520302452769 ], [ 75.497902085654417, 14.869126247096435 ], [ 75.497932574851845, 14.869659781846039 ], [ 75.49798151305005, 14.870516124576872 ], [ 75.498025497210406, 14.871285805217834 ], [ 75.498055586174132, 14.871812293218751 ], [ 75.49802506856841, 14.872354002185128 ], [ 75.498003793967001, 14.872731673215348 ], [ 75.497991932913251, 14.872942221155581 ], [ 75.497995798135619, 14.873022452817676 ], [ 75.498025393488049, 14.873636737442938 ], [ 75.498061341596369, 14.874382959349855 ], [ 75.498048535496736, 14.875090369906973 ], [ 75.498039242297082, 14.875603693565674 ], [ 75.498040261196707, 14.876888761347908 ], [ 75.498027775053401, 14.876991810051098 ], [ 75.497981475153935, 14.877373927389369 ], [ 75.498002515739856, 14.877734395379898 ], [ 75.498011783823415, 14.877893134786619 ], [ 75.497997374404761, 14.878012857500492 ], [ 75.497953758444382, 14.878375278530564 ], [ 75.497791011418968, 14.879220444159907 ], [ 75.497787894719409, 14.879231114812328 ], [ 75.497686450989022, 14.879578415356887 ], [ 75.497615560736307, 14.879821107302254 ], [ 75.497576024119013, 14.879989809086911 ], [ 75.49738848353789, 14.880790028273182 ], [ 75.497368516214465, 14.880875226268383 ], [ 75.497239402628892, 14.881405049849615 ], [ 75.497063025009453, 14.882142958214818 ], [ 75.497060549868252, 14.882153304702067 ], [ 75.497075795475965, 14.883109888849777 ], [ 75.497075974899886, 14.883129365538064 ], [ 75.498456994394644, 14.883403850995933 ], [ 75.498775177338501, 14.883467091064793 ], [ 75.503256733169835, 14.884357759604189 ], [ 75.503311747612187, 14.88436869604176 ], [ 75.50330539165445, 14.884604279965169 ], [ 75.503285449070972, 14.885343935687121 ], [ 75.503277658099819, 14.88563297050435 ], [ 75.50323866075658, 14.886185240532724 ], [ 75.503226450326579, 14.886358140551025 ], [ 75.503209606350381, 14.886596682163857 ], [ 75.503230930791744, 14.887003026204873 ], [ 75.503235190083757, 14.887084201539063 ], [ 75.505205552226485, 14.887294393201472 ], [ 75.507670403637803, 14.887658071180983 ], [ 75.509379937388204, 14.887903380426982 ], [ 75.511619460122333, 14.888224716784213 ], [ 75.511885181903111, 14.888226125409641 ], [ 75.512081840704383, 14.88898780019608 ], [ 75.512264777367903, 14.889918708599845 ], [ 75.512792157568995, 14.890765821264569 ], [ 75.513326648454097, 14.891842287610791 ], [ 75.513145030314789, 14.893065897686524 ], [ 75.513318387597565, 14.893777266459866 ], [ 75.513719715012101, 14.894591015227856 ], [ 75.514557036788958, 14.895704645450934 ], [ 75.514873468553077, 14.8965371155413 ], [ 75.514714202236732, 14.897209151146036 ], [ 75.514379570009069, 14.897671127755631 ], [ 75.514138677357593, 14.897971910619347 ], [ 75.513968500611313, 14.897941095518656 ], [ 75.513847812394815, 14.897919238345159 ], [ 75.511496423841805, 14.897785297360937 ], [ 75.511443548579422, 14.89777791134884 ], [ 75.511444183741432, 14.897782321032595 ], [ 75.511528757555453, 14.898369733611208 ], [ 75.511520124054655, 14.899169131339331 ], [ 75.511520036346994, 14.899177268429296 ], [ 75.511528047953874, 14.900375449735677 ], [ 75.511534383548351, 14.901322770643336 ], [ 75.511539542768816, 14.902469914464902 ], [ 75.511620514988763, 14.90400582591613 ], [ 75.511630612290887, 14.904197353905447 ], [ 75.511130854053079, 14.904708941034153 ], [ 75.510998584877797, 14.90520040055892 ], [ 75.51100514958685, 14.905476221073814 ], [ 75.511188370050036, 14.905663260878569 ], [ 75.511567662474633, 14.905857759995547 ], [ 75.511567812948016, 14.906020665608963 ], [ 75.511567939694075, 14.906156597485401 ], [ 75.51156810546874, 14.906336605897168 ], [ 75.511602520471271, 14.906784927659599 ], [ 75.511613855010779, 14.906932584157932 ], [ 75.511620329550155, 14.907328849724481 ], [ 75.511624455323755, 14.907581344423409 ], [ 75.511628877895888, 14.907852023493898 ], [ 75.51163131055219, 14.908000975545422 ], [ 75.511626564407237, 14.908080937399774 ], [ 75.511623491390296, 14.908423610302885 ], [ 75.511609278832154, 14.908857847160247 ], [ 75.511632455525472, 14.90892555756996 ], [ 75.511631759220975, 14.908962185062965 ], [ 75.511639272898762, 14.908984793342912 ], [ 75.511773396582271, 14.909388343614397 ], [ 75.511922332881966, 14.909836458034283 ], [ 75.51220864615884, 14.911755377728314 ], [ 75.512234049170118, 14.911925635836084 ], [ 75.512410658107427, 14.912150305972583 ], [ 75.511220785498068, 14.9126470926154 ], [ 75.510251781611188, 14.913051657575082 ], [ 75.509596292466455, 14.913325326196416 ], [ 75.509565068139281, 14.913803210830666 ], [ 75.509949841656464, 14.91473456177364 ], [ 75.510178423815901, 14.915490966257682 ], [ 75.510300787066058, 14.916653800455238 ], [ 75.509915871824518, 14.917625831439072 ], [ 75.509659127030304, 14.918274190480133 ], [ 75.50963307276308, 14.918623255668443 ], [ 75.50963213965305, 14.91880740082183 ], [ 75.50963042574908, 14.919145610535493 ], [ 75.509665278973031, 14.919209229339604 ], [ 75.509877681085555, 14.919596934313121 ], [ 75.510080334689249, 14.920050325412875 ], [ 75.510170068511385, 14.920456758776174 ], [ 75.509938373852293, 14.921393901562816 ], [ 75.510017654699382, 14.92148534614725 ], [ 75.509729050434018, 14.92152686527632 ], [ 75.509736744364574, 14.921625071132903 ], [ 75.509612469585662, 14.92178658835449 ], [ 75.50956229317562, 14.921851801467021 ], [ 75.509426783893289, 14.922077763320891 ], [ 75.509483723649979, 14.922182818354807 ], [ 75.50947874218528, 14.922193394004633 ], [ 75.509516709622645, 14.922262331732099 ], [ 75.50947280332673, 14.922356227832521 ], [ 75.509456655112487, 14.922543330163911 ], [ 75.509561172563068, 14.922626245087315 ], [ 75.509586829091162, 14.922696621394639 ], [ 75.50959716597724, 14.922704726502806 ], [ 75.509750306690691, 14.923114475973978 ], [ 75.509740199737593, 14.923222605972295 ], [ 75.509603476682784, 14.923370663596533 ], [ 75.509675835708137, 14.923593905864239 ], [ 75.509785724234135, 14.923932945389945 ], [ 75.50959335018581, 14.924868132218485 ], [ 75.509461286185214, 14.925234471039582 ], [ 75.509327040226808, 14.925945836347221 ], [ 75.509310911152483, 14.926039611799876 ], [ 75.509226028784468, 14.9260422481518 ], [ 75.509206103333597, 14.926042867510091 ], [ 75.50909790275162, 14.92629228393467 ], [ 75.508416776194082, 14.929409145080159 ], [ 75.50822800714451, 14.930263165418832 ], [ 75.507876590576842, 14.931673102861682 ], [ 75.507348179969142, 14.933793121655397 ], [ 75.506960245916318, 14.935349509228192 ], [ 75.506952211759383, 14.935406121711146 ], [ 75.506690826533088, 14.937247932711006 ], [ 75.50663723918349, 14.937553299018496 ], [ 75.506251951952535, 14.939748801696227 ], [ 75.506245032130778, 14.939788230218934 ], [ 75.50621509316457, 14.939909801712707 ], [ 75.506205829519843, 14.939947419998369 ], [ 75.506119804946564, 14.940138468947898 ], [ 75.505607165333686, 14.941482908737505 ], [ 75.505232356022063, 14.942544165342666 ], [ 75.505214742467913, 14.942594038092016 ], [ 75.504314513677897, 14.943600736510136 ], [ 75.504270073347271, 14.943653402380191 ], [ 75.50286741214164, 14.945315641183377 ], [ 75.502858043456541, 14.945335240921363 ], [ 75.501937203756128, 14.94726158141003 ], [ 75.501576461535066, 14.948035241673606 ], [ 75.501091565952848, 14.949075154480907 ], [ 75.500647216991567, 14.950102260414951 ], [ 75.500645855460675, 14.950114238159578 ], [ 75.500643514281265, 14.950119207685518 ], [ 75.500433424391289, 14.951740859785263 ], [ 75.500294644043436, 14.952812052615675 ], [ 75.500190736885727, 14.953433288717848 ], [ 75.499999676149145, 14.954575588140994 ], [ 75.49984351843672, 14.955451764327117 ], [ 75.499566339845074, 14.957006940101119 ], [ 75.49955327906757, 14.957080229404946 ], [ 75.499049203365033, 14.958554115340004 ], [ 75.498706190560924, 14.959557060914339 ], [ 75.498402342478272, 14.960438978630808 ], [ 75.498451992377994, 14.960746494362764 ], [ 75.498525843395782, 14.961203895228159 ], [ 75.49859588118133, 14.961637656835705 ], [ 75.498943563809576, 14.963847077127674 ], [ 75.498958146300239, 14.963936903332215 ], [ 75.499294806631767, 14.966011008848183 ], [ 75.499382395715827, 14.966550615846625 ], [ 75.499382399183062, 14.966550635480818 ] ] ] } },
{ "type": "Feature", "properties": { "OBJECTID": 214, "KGISHobliID": 285, "KGISHobliCode": "110403", "KGISHobliName": "Guttala", "BhuCodeHobli": null, "SHAPE.STArea()": 342419435.05640519, "SHAPE.STLength()": 105064.01078672172, "KGISTalukCode": "1104", "created_user": null, "created_date": null, "last_edited_user": "SA", "last_edited_date": 1629110273000.0, "_overlap_percent": 99.902988773464969, "_police_station": "Guttal PS", "_police_feature_index": "212", "_admin_layer": "Hobli", "_geometry_clipped": true }, "geometry": { "type": "MultiPolygon", "coordinates": [ [ [ [ 75.694973190043768, 14.965875527103286 ], [ 75.694975275301871, 14.965825109947065 ], [ 75.694989087958348, 14.965491181271018 ], [ 75.695029284077364, 14.964830738743641 ], [ 75.695045568214624, 14.964627753094465 ], [ 75.695087171879081, 14.964531731034194 ], [ 75.695116848894642, 14.964462851951676 ], [ 75.695151126822267, 14.964382280106578 ], [ 75.69516343360894, 14.96435335314106 ], [ 75.695219420495789, 14.964221756487266 ], [ 75.695281717520558, 14.964072129762972 ], [ 75.695299325590994, 14.964029247726559 ], [ 75.695308271774451, 14.964007332995436 ], [ 75.695311390336187, 14.963999676890898 ], [ 75.695548632209224, 14.963411830817209 ], [ 75.695590292116165, 14.963308603900735 ], [ 75.695784273875589, 14.962720640903978 ], [ 75.695990876353946, 14.962094227160321 ], [ 75.696062758048512, 14.961876259664203 ], [ 75.696287957104815, 14.961193433905564 ], [ 75.696386070088991, 14.960895983846394 ], [ 75.696386156702872, 14.960895735867618 ], [ 75.696664757316256, 14.960170293644461 ], [ 75.696803227457352, 14.959809732959879 ], [ 75.696806631243689, 14.959800876268272 ], [ 75.696873628437785, 14.959626410006289 ], [ 75.697142793962399, 14.958946252776123 ], [ 75.697329077840976, 14.958475522561789 ], [ 75.69732960635227, 14.958474180215143 ], [ 75.697541294851305, 14.957933192183976 ], [ 75.697621487928544, 14.957657024798513 ], [ 75.698055747142448, 14.956161471598779 ], [ 75.698300712423645, 14.955323819834959 ], [ 75.698301343354245, 14.955321658991693 ], [ 75.698309891411299, 14.955240691661569 ], [ 75.69832559245927, 14.955091922684828 ], [ 75.698337405794049, 14.954980027152155 ], [ 75.698337956527183, 14.954978659421505 ], [ 75.698496180612779, 14.954585059703851 ], [ 75.698601526484637, 14.954322993554904 ], [ 75.699081622970581, 14.953128646720723 ], [ 75.699147163717299, 14.952967887262197 ], [ 75.699392730622421, 14.952365569569826 ], [ 75.699462949259797, 14.952193329411717 ], [ 75.699463618159001, 14.952191700041114 ], [ 75.699464640997618, 14.952187665670161 ], [ 75.699539609657265, 14.951892085239443 ], [ 75.699595849331175, 14.95167034403417 ], [ 75.69963952290037, 14.951498156200429 ], [ 75.699645537793444, 14.95147443582867 ], [ 75.699673362187283, 14.951365395049377 ], [ 75.699697251014015, 14.951271781584166 ], [ 75.69973256948424, 14.951142970286373 ], [ 75.699746808992074, 14.951091039495841 ], [ 75.69976577232211, 14.951021880780136 ], [ 75.699771663633186, 14.951000492374856 ], [ 75.699771671621235, 14.951000374821556 ], [ 75.699794653206482, 14.950707493999268 ], [ 75.699812666193054, 14.950477976431593 ], [ 75.699855516365005, 14.950488223848533 ], [ 75.699862007270681, 14.950394490992901 ], [ 75.701147259000479, 14.946935464423927 ], [ 75.700237647964656, 14.946663474317214 ], [ 75.698686129151255, 14.946173724058337 ], [ 75.697221269311342, 14.945910735511193 ], [ 75.695985323879654, 14.945694656665806 ], [ 75.695008470963444, 14.945533996302212 ], [ 75.691264931912016, 14.94470503224791 ], [ 75.688963082628732, 14.943498527547531 ], [ 75.687439035763305, 14.942699686967268 ], [ 75.686258181076553, 14.941742754785915 ], [ 75.68316024451002, 14.939232199020426 ], [ 75.682723735497319, 14.936877885545744 ], [ 75.682898472959508, 14.93458580360155 ], [ 75.682907000420428, 14.932624707537464 ], [ 75.682921196917448, 14.93087358489319 ], [ 75.683114887207793, 14.929372691232425 ], [ 75.68334088271159, 14.92792084528425 ], [ 75.683379845050581, 14.92763662141131 ], [ 75.683635012982734, 14.926474674624751 ], [ 75.683928011121068, 14.925168224125024 ], [ 75.684203376393697, 14.924249475117913 ], [ 75.68448608508335, 14.923324074265803 ], [ 75.684769101671336, 14.92239179398004 ], [ 75.68493059873785, 14.921856446858516 ], [ 75.685052755337153, 14.921413307921835 ], [ 75.685339241837056, 14.920469278105266 ], [ 75.685642484378036, 14.919549117706875 ], [ 75.686213844394302, 14.917725501688215 ], [ 75.686513810517667, 14.916820480601036 ], [ 75.686819420018068, 14.915914970290673 ], [ 75.687002526505083, 14.915377534484202 ], [ 75.687128174812031, 14.915008744080898 ], [ 75.687209132138236, 14.914792603956762 ], [ 75.687454463807313, 14.91437269219446 ], [ 75.687605375603511, 14.914125969536345 ], [ 75.688151053880745, 14.913282592979829 ], [ 75.688627219308557, 14.912508759463998 ], [ 75.689120801506746, 14.91173455890821 ], [ 75.689461523109117, 14.911187487724117 ], [ 75.689526539672983, 14.909541166199137 ], [ 75.689557567414028, 14.908647555867102 ], [ 75.689601523024805, 14.908470506387994 ], [ 75.689857508329524, 14.907665721689607 ], [ 75.690157290425645, 14.906742499575927 ], [ 75.690169056606123, 14.906706262327003 ], [ 75.691672614555401, 14.902070378200612 ], [ 75.692145292874699, 14.900884342854303 ], [ 75.69324565696057, 14.898123282420894 ], [ 75.693323978535815, 14.89792675221004 ], [ 75.694084085459622, 14.896019426437766 ], [ 75.694836663732204, 14.894522000647111 ], [ 75.694845797612899, 14.894503732553483 ], [ 75.694846233201517, 14.894502960009515 ], [ 75.694858916255299, 14.89447772418683 ], [ 75.695558718794686, 14.893234533494596 ], [ 75.696430111262629, 14.891865902945945 ], [ 75.696720846219634, 14.891374264260319 ], [ 75.696744298168028, 14.89133460633818 ], [ 75.696958763765423, 14.891442321124845 ], [ 75.697143805398568, 14.891535257703785 ], [ 75.697874152043866, 14.891900725537552 ], [ 75.698091162893164, 14.892021637256322 ], [ 75.698101085884844, 14.892023942257643 ], [ 75.698304519334343, 14.892071192390796 ], [ 75.698573790565433, 14.892133850528674 ], [ 75.699591587765383, 14.89239998482687 ], [ 75.700296831144868, 14.892525051561778 ], [ 75.701235923236368, 14.892729008009738 ], [ 75.701849387466112, 14.892898346393595 ], [ 75.701857807355196, 14.892900670296266 ], [ 75.702964821098277, 14.893206833178436 ], [ 75.704690904654029, 14.893645785784829 ], [ 75.705647809936977, 14.893898091968081 ], [ 75.705669170233321, 14.893903723664577 ], [ 75.706394009923386, 14.894098974455686 ], [ 75.707023187476651, 14.894126221558011 ], [ 75.707281474254131, 14.894181625440369 ], [ 75.708172209063548, 14.89437265696367 ], [ 75.708450824157723, 14.894403269580438 ], [ 75.708754028173431, 14.894436583820653 ], [ 75.710789934698369, 14.894543315139105 ], [ 75.710795727217615, 14.894544410480513 ], [ 75.710798468310173, 14.894544553469279 ], [ 75.711065311973172, 14.894594794903051 ], [ 75.711073765868875, 14.894596386961643 ], [ 75.711115675269028, 14.894604254343637 ], [ 75.711547728377312, 14.894685358327798 ], [ 75.712615409654163, 14.894888522690701 ], [ 75.712953442976087, 14.894970929746963 ], [ 75.713006725060552, 14.894983919119188 ], [ 75.713907508201828, 14.895221238739108 ], [ 75.714084772082956, 14.895234593816676 ], [ 75.714108068481337, 14.895236349260552 ], [ 75.714457267167859, 14.895262670554448 ], [ 75.71488506176766, 14.895308479299503 ], [ 75.715574969348523, 14.895382349519231 ], [ 75.715884335214355, 14.895423232781511 ], [ 75.715952439798599, 14.895432231605904 ], [ 75.715999003264685, 14.895438384795044 ], [ 75.717056009236373, 14.895578427611367 ], [ 75.717973738359319, 14.895709810535166 ], [ 75.718020530568921, 14.895716509553681 ], [ 75.718543751303628, 14.895791576372275 ], [ 75.720033239206728, 14.896011506651446 ], [ 75.720981452337966, 14.896179011237754 ], [ 75.721057954111245, 14.896192525052349 ], [ 75.721525850965577, 14.89627539659574 ], [ 75.722352322959907, 14.896417271331865 ], [ 75.72244319132173, 14.896432870281791 ], [ 75.723012236517135, 14.896530709462894 ], [ 75.723784945441039, 14.896662602203138 ], [ 75.723873892848729, 14.89667778444386 ], [ 75.724489198841567, 14.896782810283428 ], [ 75.725958560596752, 14.896999689476766 ], [ 75.726113283717865, 14.897023258333984 ], [ 75.726548079607937, 14.897089490049209 ], [ 75.726625676268796, 14.897100534920659 ], [ 75.727560509720277, 14.897233599366649 ], [ 75.727673176150034, 14.897247171506628 ], [ 75.72780835597851, 14.89726345571324 ], [ 75.727852747198725, 14.897169051248781 ], [ 75.727863249853115, 14.897146946499969 ], [ 75.7280702671531, 14.896223969341889 ], [ 75.728073169648184, 14.896209667291636 ], [ 75.728091213977464, 14.896120751000231 ], [ 75.728106689529397, 14.896044496044794 ], [ 75.727999811356611, 14.895720850540522 ], [ 75.727629885491211, 14.894403193404525 ], [ 75.727744614884671, 14.89409519035334 ], [ 75.727757500264332, 14.894093559454131 ], [ 75.727770552264431, 14.89405954379151 ], [ 75.727857954417942, 14.894048904740639 ], [ 75.728091313615025, 14.894020500018263 ], [ 75.729006798139864, 14.89390906405025 ], [ 75.729979667983855, 14.893778968908251 ], [ 75.730043227361662, 14.893770561165143 ], [ 75.730137169092131, 14.89370576398241 ], [ 75.730314156434105, 14.893583683911004 ], [ 75.730993521587351, 14.893104084727339 ], [ 75.731169748098225, 14.8929808615681 ], [ 75.731573704697553, 14.892698409666384 ], [ 75.731943395628946, 14.892439916693926 ], [ 75.732046517512401, 14.892360038550967 ], [ 75.732135181504461, 14.892342071837628 ], [ 75.732614974830582, 14.892244871489281 ], [ 75.732929407375238, 14.892181165716648 ], [ 75.732929817062697, 14.89218108213668 ], [ 75.73295528283235, 14.892175921666214 ], [ 75.732964850674435, 14.892134406162986 ], [ 75.733012215264296, 14.891928893238944 ], [ 75.733008474012166, 14.891654917825129 ], [ 75.733005114223644, 14.891408799098858 ], [ 75.733004831131851, 14.891387758753513 ], [ 75.73352751021848, 14.890904406477276 ], [ 75.733645794899658, 14.890891005797277 ], [ 75.734643284067815, 14.890778009880284 ], [ 75.734767883557993, 14.890763712847155 ], [ 75.734927194786863, 14.890744268607056 ], [ 75.735002616646469, 14.890701369463295 ], [ 75.735185136006933, 14.890597565144278 ], [ 75.735522300079609, 14.890405817863824 ], [ 75.735960719325035, 14.890156478811461 ], [ 75.73606379754969, 14.890089701727863 ], [ 75.736125836145433, 14.88947574363635 ], [ 75.736786604131566, 14.889166258489098 ], [ 75.736851763002292, 14.888919131406016 ], [ 75.736939143766293, 14.888883414108316 ], [ 75.73693962972753, 14.888881577063225 ], [ 75.737816693121857, 14.888523134707837 ], [ 75.737845430496833, 14.888511389722769 ], [ 75.737952142001504, 14.88846777814269 ], [ 75.738085954878898, 14.888408177142979 ], [ 75.738110003206771, 14.888354863402748 ], [ 75.738154686666476, 14.888333648051088 ], [ 75.738076741383765, 14.887979023609741 ], [ 75.73813873839589, 14.887947897980141 ], [ 75.73813121657102, 14.88791225202554 ], [ 75.738531587770098, 14.887700584824774 ], [ 75.738994639540593, 14.887439963542334 ], [ 75.739136019146656, 14.887145526025655 ], [ 75.739046226950066, 14.886997184272412 ], [ 75.739009331081533, 14.886936223576244 ], [ 75.738972787970411, 14.886903757899125 ], [ 75.738821421957283, 14.886769276713371 ], [ 75.738347187126934, 14.886327951868472 ], [ 75.737986786516274, 14.88600622291097 ], [ 75.737161301362562, 14.885264194779039 ], [ 75.736332716821806, 14.884522122710775 ], [ 75.736164671465744, 14.884359161710286 ], [ 75.73602793896157, 14.884226572560452 ], [ 75.735935236584311, 14.883982000833491 ], [ 75.735851532628473, 14.883761172623245 ], [ 75.735565586720384, 14.883014980694984 ], [ 75.734428290441159, 14.882934358915538 ], [ 75.734273326803731, 14.882922895158888 ], [ 75.734152495371674, 14.88291395378733 ], [ 75.73412031724601, 14.882232644096478 ], [ 75.734118282466568, 14.882198609762593 ], [ 75.734076909352012, 14.881506920914886 ], [ 75.734073393536406, 14.881448095461693 ], [ 75.734026476827935, 14.880663552152239 ], [ 75.733997174324884, 14.880173584390258 ], [ 75.733979555931938, 14.879879004259175 ], [ 75.733926436759674, 14.879094365822253 ], [ 75.733873275106163, 14.878315703327091 ], [ 75.733861404753583, 14.878031302623812 ], [ 75.733857677412288, 14.87794204057486 ], [ 75.733841659798088, 14.877558254496062 ], [ 75.733822508595424, 14.876792027924653 ], [ 75.733816591793556, 14.876555290479098 ], [ 75.733803363232624, 14.876025800372917 ], [ 75.733771835844522, 14.875256402916722 ], [ 75.733746532685103, 14.874484116886961 ], [ 75.733741530716145, 14.874097467522578 ], [ 75.733740738982135, 14.874036215830429 ], [ 75.733736663631063, 14.873721007464081 ], [ 75.733705156873043, 14.872948627236143 ], [ 75.73366125802265, 14.87217606957994 ], [ 75.733623531981195, 14.871406586746556 ], [ 75.733617294153234, 14.871102984405335 ], [ 75.733616689889203, 14.871073530888815 ], [ 75.733607609324224, 14.871008932592185 ], [ 75.733584288237054, 14.870843125065129 ], [ 75.733551550916516, 14.870657512366236 ], [ 75.733430062145615, 14.869895777298829 ], [ 75.733311676366228, 14.869134084604855 ], [ 75.733193285051911, 14.868372396302954 ], [ 75.733167291875404, 14.868212810867993 ], [ 75.733068722425884, 14.867607626605677 ], [ 75.733057146194398, 14.867539930748261 ], [ 75.732937956845362, 14.866842772588162 ], [ 75.732801018254449, 14.866074843481869 ], [ 75.732670263598536, 14.865388104264079 ], [ 75.7326547748455, 14.865306775736341 ], [ 75.732508540962868, 14.864538707772979 ], [ 75.73239799404837, 14.86393600931042 ], [ 75.732386347863482, 14.863872517524861 ], [ 75.7323856611617, 14.863859070784113 ], [ 75.731967311000787, 14.863806080995509 ], [ 75.731126701798132, 14.863699593518453 ], [ 75.73110095159781, 14.863696329543005 ], [ 75.730318282014309, 14.863623128668857 ], [ 75.730300862718138, 14.863621693257635 ], [ 75.729269261979553, 14.863536598033027 ], [ 75.728480192408298, 14.863471079485558 ], [ 75.727737090277529, 14.863528691504031 ], [ 75.727717141551324, 14.863530238301662 ], [ 75.726672229157103, 14.863655193525544 ], [ 75.725418302052631, 14.863817366838608 ], [ 75.724477271397987, 14.863928705000212 ], [ 75.724200731832255, 14.863961425909249 ], [ 75.723449622720963, 14.864028126286467 ], [ 75.722749122019678, 14.864053600241101 ], [ 75.722440081484393, 14.864140032736769 ], [ 75.72239351498979, 14.86415305501367 ], [ 75.722362265729373, 14.864161792620823 ], [ 75.722225017875502, 14.864200181750181 ], [ 75.722167323827932, 14.863996722159969 ], [ 75.722125478195508, 14.863847795081274 ], [ 75.722124334329578, 14.863843712278276 ], [ 75.722072787935332, 14.863660273856294 ], [ 75.721977247669827, 14.863320225022887 ], [ 75.721793597871496, 14.862666476469135 ], [ 75.721784350430966, 14.862633548530653 ], [ 75.721715879360715, 14.862371262189397 ], [ 75.721707714662898, 14.862339963595547 ], [ 75.72164557903875, 14.862101933425109 ], [ 75.721461000241931, 14.861693444689708 ], [ 75.721398301482012, 14.861554691336835 ], [ 75.720864446108266, 14.861163102060043 ], [ 75.720441261589187, 14.8608506349061 ], [ 75.719776602938637, 14.860359867908462 ], [ 75.718846784308113, 14.859670059402381 ], [ 75.718610857616852, 14.859431455498479 ], [ 75.718570190778109, 14.859390325408443 ], [ 75.718427309070321, 14.859245821616025 ], [ 75.718279262012203, 14.85909925270408 ], [ 75.717980642222386, 14.858803612754349 ], [ 75.717375982074458, 14.858204991073427 ], [ 75.717342969121873, 14.858171734813393 ], [ 75.716860077924551, 14.857685302771241 ], [ 75.7167952815456, 14.857620042001338 ], [ 75.715708721739119, 14.857132278044189 ], [ 75.715569899833781, 14.857069964256745 ], [ 75.715491701456585, 14.856932631493386 ], [ 75.715459433607862, 14.856875971605174 ], [ 75.715172354482846, 14.856371798112429 ], [ 75.714965857037043, 14.855966665015405 ], [ 75.714965799988093, 14.855966558512362 ], [ 75.714885539634935, 14.85580908465413 ], [ 75.714843522392016, 14.855765313623396 ], [ 75.714532305147173, 14.855441071411912 ], [ 75.714218980653001, 14.85516714512919 ], [ 75.713996445378356, 14.854972586891247 ], [ 75.713828377925935, 14.854785347635906 ], [ 75.71371480938889, 14.854658821944208 ], [ 75.713419805282172, 14.854364806911372 ], [ 75.713355312855569, 14.854194135531266 ], [ 75.713045558748888, 14.853424245353946 ], [ 75.712692706336057, 14.852815088781151 ], [ 75.712194456602674, 14.852610649509399 ], [ 75.71187572077902, 14.852463170218275 ], [ 75.711865640501344, 14.852458506769167 ], [ 75.711841791847561, 14.85249652805248 ], [ 75.711770884364569, 14.852465869068453 ], [ 75.711706092566104, 14.852437688171268 ], [ 75.711589438107623, 14.852386268650651 ], [ 75.711526101939342, 14.852492644576502 ], [ 75.711246103311055, 14.852967918581264 ], [ 75.711212437172193, 14.852964272753519 ], [ 75.711168050110643, 14.853036751322801 ], [ 75.710985050159138, 14.853024075663448 ], [ 75.710213532276256, 14.852934453993663 ], [ 75.710173327986197, 14.852926225516168 ], [ 75.709347935176865, 14.852766674561794 ], [ 75.708754395070244, 14.85287694430227 ], [ 75.708680763762459, 14.852890824726908 ], [ 75.708417181035699, 14.852940489136303 ], [ 75.708006166389239, 14.853018823715153 ], [ 75.707205921202501, 14.853168938732196 ], [ 75.70719023194124, 14.853173879868994 ], [ 75.707063349867326, 14.853213783428014 ], [ 75.706949808033968, 14.853252936029003 ], [ 75.706762356206383, 14.853317572668477 ], [ 75.706123986328762, 14.853531170987896 ], [ 75.705946975467839, 14.853569966281674 ], [ 75.705461617959955, 14.853676341348615 ], [ 75.704861010025752, 14.853815320942831 ], [ 75.70480133491418, 14.853829131114527 ], [ 75.7046515190154, 14.853846383798038 ], [ 75.704486937498558, 14.853866822412581 ], [ 75.703868711209168, 14.853943585328544 ], [ 75.703524296514743, 14.853986351438662 ], [ 75.703085902581293, 14.85404078422169 ], [ 75.703043306846538, 14.854045518109107 ], [ 75.702322348652189, 14.854125739210025 ], [ 75.702244585190144, 14.853862637927646 ], [ 75.702125563670265, 14.85341603147622 ], [ 75.702025267881567, 14.852972304152731 ], [ 75.701566055168328, 14.852608218891469 ], [ 75.701402996236069, 14.852605473750664 ], [ 75.701368279431378, 14.852604883579263 ], [ 75.700532651698111, 14.852612823595456 ], [ 75.699696919266316, 14.852615727904917 ], [ 75.698862986357483, 14.852623614199839 ], [ 75.698647026881119, 14.852628262398154 ], [ 75.698029268661372, 14.852641559180169 ], [ 75.697202124577089, 14.852649268753423 ], [ 75.697163008809596, 14.852649629724123 ], [ 75.696374973776813, 14.852656970850946 ], [ 75.695463977380243, 14.852671845358726 ], [ 75.695227561803051, 14.85348100563753 ], [ 75.695015772912484, 14.854191275667219 ], [ 75.694889795608717, 14.854613438988968 ], [ 75.694854795928251, 14.854933284039795 ], [ 75.694835317421635, 14.855176295336525 ], [ 75.694815224439012, 14.855427140498218 ], [ 75.694747126348204, 14.856289859460929 ], [ 75.694385351454912, 14.85717788804895 ], [ 75.69417028935689, 14.857722813519969 ], [ 75.694075569640916, 14.857962821830272 ], [ 75.694006913563157, 14.858134067799492 ], [ 75.69398995796827, 14.858176370116402 ], [ 75.693578514607978, 14.85920267957259 ], [ 75.693340397339327, 14.859158984814089 ], [ 75.693237921018337, 14.85914018194754 ], [ 75.692943400546042, 14.85909380734426 ], [ 75.692743938581643, 14.858899036310305 ], [ 75.692247276145295, 14.858437177347367 ], [ 75.691948216319446, 14.858156724404072 ], [ 75.691690552428568, 14.857925913992258 ], [ 75.691389634366502, 14.857632104500366 ], [ 75.691188596544904, 14.857448926082325 ], [ 75.69111816346593, 14.857384747848272 ], [ 75.690853535304626, 14.857140643024781 ], [ 75.690577099821368, 14.856903382867269 ], [ 75.690573842931656, 14.856898427468222 ], [ 75.690400528455925, 14.856634737381288 ], [ 75.690169389187488, 14.856350065466511 ], [ 75.689946510075501, 14.856045219319562 ], [ 75.689759950544442, 14.855793419089125 ], [ 75.689576835459803, 14.855544921788367 ], [ 75.689292502983974, 14.855217451301108 ], [ 75.689133212927075, 14.854971995756324 ], [ 75.688895159054496, 14.854677375670242 ], [ 75.688700352589109, 14.854445755582756 ], [ 75.688333879087338, 14.853928689995463 ], [ 75.687649803869647, 14.85304329041255 ], [ 75.687009673714925, 14.852163309068031 ], [ 75.686618784483898, 14.851611513558927 ], [ 75.686107391985857, 14.851051013696988 ], [ 75.686069958169938, 14.850770175999765 ], [ 75.685902688762866, 14.850508977259191 ], [ 75.685693722269122, 14.850192137442779 ], [ 75.685410204379096, 14.849756862205695 ], [ 75.685113090575143, 14.849377942118407 ], [ 75.684939153792968, 14.849155454269166 ], [ 75.684781576500129, 14.84884992946869 ], [ 75.68451121899426, 14.848323195121958 ], [ 75.684295979487644, 14.847937926520002 ], [ 75.684156746099831, 14.847634236101404 ], [ 75.683963287242889, 14.84727153860463 ], [ 75.683805202047154, 14.84703090292302 ], [ 75.683451837452125, 14.846571944129476 ], [ 75.683252050087134, 14.846276048126912 ], [ 75.682843914252373, 14.845712453849513 ], [ 75.68262264458788, 14.845409807883243 ], [ 75.682290636608784, 14.844947067858463 ], [ 75.68216006871765, 14.844769664559838 ], [ 75.681942417170973, 14.844470485999635 ], [ 75.681841755071403, 14.844333254235234 ], [ 75.681722978965638, 14.844171322444698 ], [ 75.681563109760418, 14.8439310916709 ], [ 75.681374792576179, 14.843698253654223 ], [ 75.681213532434015, 14.843342165338807 ], [ 75.681088212750879, 14.84302304580865 ], [ 75.680845816466061, 14.842446785643228 ], [ 75.680713319693581, 14.842140972542323 ], [ 75.680526374481772, 14.841725520030115 ], [ 75.680495479870004, 14.841649336980804 ], [ 75.680338554076613, 14.841262376999456 ], [ 75.680140569758393, 14.84081898180593 ], [ 75.680013324344543, 14.840472987098005 ], [ 75.67987311882375, 14.840383492731467 ], [ 75.679679827117425, 14.84023586102003 ], [ 75.67967869423417, 14.840234995547672 ], [ 75.679480658520987, 14.840083039902529 ], [ 75.679346743635392, 14.839923236202512 ], [ 75.679309659463016, 14.839813613954764 ], [ 75.679308648221081, 14.839729350364848 ], [ 75.679296160690285, 14.839582035784019 ], [ 75.679277736458559, 14.839533108058038 ], [ 75.679187080891069, 14.83941137654999 ], [ 75.679005527707432, 14.839088752879102 ], [ 75.678886452173373, 14.838881941704249 ], [ 75.678729517325493, 14.838582843393782 ], [ 75.678557095297222, 14.838279326297195 ], [ 75.678384679356427, 14.837975814451031 ], [ 75.678211086338067, 14.837673493881177 ], [ 75.678048169373952, 14.837370980754484 ], [ 75.677881809155011, 14.83707554754319 ], [ 75.677721367579679, 14.836780017188248 ], [ 75.677545449209418, 14.836480071553472 ], [ 75.677407394608693, 14.836174798611493 ], [ 75.677269346885524, 14.835869515598333 ], [ 75.677131297720294, 14.835564237003739 ], [ 75.676993249867451, 14.835258951970697 ], [ 75.676858758147915, 14.834953614780373 ], [ 75.676718339401546, 14.834648373579391 ], [ 75.67657792105021, 14.834343127747685 ], [ 75.676444668161352, 14.834041275450724 ], [ 75.676316176609816, 14.833740507515174 ], [ 75.676187679872001, 14.833439745829976 ], [ 75.676068681366417, 14.833138806966424 ], [ 75.675933147073678, 14.832842838420065 ], [ 75.675836582175364, 14.832535664940055 ], [ 75.675749497807558, 14.832228338792731 ], [ 75.675655270919734, 14.831918778791294 ], [ 75.675620472997593, 14.831804458660171 ], [ 75.675561048984292, 14.831609225046575 ], [ 75.67546681714235, 14.831299681218551 ], [ 75.675372591131676, 14.830990127371198 ], [ 75.67527836354526, 14.830680572567115 ], [ 75.675184133459339, 14.830371018617136 ], [ 75.675089907390728, 14.830061469118514 ], [ 75.674996882214714, 14.829753069647795 ], [ 75.674903896147768, 14.829447002536421 ], [ 75.674812093387857, 14.829140912913502 ], [ 75.674728610173347, 14.828835859330479 ], [ 75.674645129055122, 14.828530801173478 ], [ 75.674562851552778, 14.828226886720595 ], [ 75.674465151268848, 14.827923242538034 ], [ 75.674356678628598, 14.827524654273134 ], [ 75.674299899619896, 14.827316024780131 ], [ 75.674155070713965, 14.82706815025232 ], [ 75.673898233586854, 14.826628573016066 ], [ 75.673174758357504, 14.824299512016362 ], [ 75.672261442008846, 14.822045053687157 ], [ 75.67121833348925, 14.81947014162184 ], [ 75.670356542448701, 14.81735679416078 ], [ 75.6693633877792, 14.815409134105527 ], [ 75.667631140471727, 14.812715731375494 ], [ 75.666248080539049, 14.810565242519942 ], [ 75.665155884761589, 14.808826624475792 ], [ 75.664761542836757, 14.808022289992509 ], [ 75.664415382606265, 14.807017491335136 ], [ 75.664261846495521, 14.806486993846075 ], [ 75.66387916854724, 14.80541464121392 ], [ 75.663538552031369, 14.803299682179645 ], [ 75.664352297743378, 14.801988518311854 ], [ 75.664781262430608, 14.801498369452045 ], [ 75.664985421331295, 14.801307250947156 ], [ 75.665327137825486, 14.801069080874862 ], [ 75.663020229600491, 14.800015326568779 ], [ 75.662952042864788, 14.800004676352222 ], [ 75.662577604878564, 14.799946189867468 ], [ 75.661837022266141, 14.799881048698881 ], [ 75.661284391000478, 14.799832437927501 ], [ 75.661280414480416, 14.79982990614039 ], [ 75.661533296216803, 14.796723524061205 ], [ 75.660964093572574, 14.796693965441815 ], [ 75.66079239099237, 14.79666753478817 ], [ 75.66060787227778, 14.796675466167024 ], [ 75.658953940022542, 14.796746555093074 ], [ 75.659199747797174, 14.795135488996499 ], [ 75.659220113753378, 14.795009917336264 ], [ 75.659266131452426, 14.795013541372564 ], [ 75.659281282275757, 14.794911084918485 ], [ 75.659388971456579, 14.794921002235842 ], [ 75.663148023312374, 14.795181679270069 ], [ 75.663144495079436, 14.795175279446772 ], [ 75.663430799374495, 14.795174623988776 ], [ 75.663195568758908, 14.794911376329768 ], [ 75.662429027028011, 14.794759759256841 ], [ 75.661969597869088, 14.794516292677386 ], [ 75.661845861162831, 14.794318249723423 ], [ 75.661448875746999, 14.793998342232687 ], [ 75.660852279537181, 14.793859344208737 ], [ 75.660459061505136, 14.793656428284249 ], [ 75.660302664019241, 14.793304986649442 ], [ 75.660442213491066, 14.792470389985164 ], [ 75.660460695177292, 14.792456447437917 ], [ 75.66046735660106, 14.792414235684152 ], [ 75.660949119080414, 14.792057035132521 ], [ 75.660896595859654, 14.791721482927743 ], [ 75.660042879127928, 14.79160589272097 ], [ 75.659794833103618, 14.791383256808516 ], [ 75.659140888077573, 14.791038342284002 ], [ 75.658313414996044, 14.790507324784933 ], [ 75.657817191810764, 14.79011045116787 ], [ 75.657369960746053, 14.789943667145758 ], [ 75.656395648950735, 14.789940633806271 ], [ 75.65509158903582, 14.789347610475668 ], [ 75.654370695201962, 14.789192074034482 ], [ 75.65368427562386, 14.788863810153654 ], [ 75.653295511786652, 14.788349647241724 ], [ 75.653251462959247, 14.787877536024682 ], [ 75.653259637971104, 14.787854546292545 ], [ 75.653257123759374, 14.787828479543995 ], [ 75.653517555252662, 14.787102038945724 ], [ 75.653545531088639, 14.786712649937339 ], [ 75.653522585720722, 14.78612765776948 ], [ 75.652703433991391, 14.785596646652555 ], [ 75.652464067836476, 14.785265110928568 ], [ 75.651997082704739, 14.784807816672132 ], [ 75.65151461424955, 14.784393409856344 ], [ 75.651433052536248, 14.784451321887047 ], [ 75.651394480788113, 14.78447871074685 ], [ 75.651355810391948, 14.784502311747438 ], [ 75.650988888737345, 14.784726252071517 ], [ 75.649913555380081, 14.785583406784568 ], [ 75.649884910417143, 14.785611301759609 ], [ 75.648399828595458, 14.787057338140665 ], [ 75.648257495802241, 14.78719591815995 ], [ 75.648006264397864, 14.787440537195367 ], [ 75.647304728048923, 14.789750681931936 ], [ 75.646745418657403, 14.791452191060856 ], [ 75.646029193223342, 14.793644475607428 ], [ 75.645927768394884, 14.79392549374119 ], [ 75.645920380581217, 14.793976230198286 ], [ 75.645905942681935, 14.79407533435711 ], [ 75.645901079308288, 14.794108703430025 ], [ 75.64587330886954, 14.794101462843312 ], [ 75.645873298192257, 14.794101534965353 ], [ 75.64586836044306, 14.794134893396965 ], [ 75.645084761788368, 14.793939457324491 ], [ 75.64462459104287, 14.793718242328881 ], [ 75.644109822486286, 14.793648234076194 ], [ 75.644048158077013, 14.793653379686386 ], [ 75.64357339673964, 14.79369300135896 ], [ 75.643573127317978, 14.793693020192599 ], [ 75.643103447202535, 14.79372394294683 ], [ 75.642961140642853, 14.79373331372579 ], [ 75.642909192724602, 14.793736737680534 ], [ 75.642193568957879, 14.793805311395491 ], [ 75.641966758934785, 14.793827045220473 ], [ 75.641743653448856, 14.79383825937961 ], [ 75.6417323092423, 14.793838213195173 ], [ 75.640998467876059, 14.793836822127542 ], [ 75.640651838876579, 14.793836147100793 ], [ 75.640629208671129, 14.793836258786428 ], [ 75.64062905906323, 14.793836258297933 ], [ 75.640188132340967, 14.793838403979056 ], [ 75.639578108554886, 14.793853915582602 ], [ 75.63935555704019, 14.793884617172626 ], [ 75.638859878045594, 14.793995748252865 ], [ 75.638605687053058, 14.794012567680825 ], [ 75.638522315689229, 14.794000321185973 ], [ 75.638079717487088, 14.793935315286816 ], [ 75.637582891290918, 14.793862346055974 ], [ 75.637252415502672, 14.793813801221189 ], [ 75.637141191871805, 14.79381220994027 ], [ 75.636104445797159, 14.793909924501905 ], [ 75.635277573060421, 14.793962744210935 ], [ 75.634472773440194, 14.793979640394872 ], [ 75.634015792622833, 14.79400904062175 ], [ 75.633891033283206, 14.794019492215918 ], [ 75.633754180342279, 14.794027201419251 ], [ 75.632541531731675, 14.794095469729889 ], [ 75.631897861610227, 14.794131712726475 ], [ 75.631118398982821, 14.79417558815779 ], [ 75.62969288174888, 14.794134069719089 ], [ 75.628345622182223, 14.794094818200135 ], [ 75.628017873695214, 14.794085266899067 ], [ 75.626065335682625, 14.793750668932679 ], [ 75.625116626071133, 14.793519282413929 ], [ 75.624838747300657, 14.793451509791227 ], [ 75.624580982132002, 14.793374058295774 ], [ 75.624258624552539, 14.793277198715597 ], [ 75.624064280527065, 14.793284161817096 ], [ 75.623055275577158, 14.793226511014218 ], [ 75.622588543402699, 14.793199839509629 ], [ 75.621764912490562, 14.793035474263942 ], [ 75.620686825102894, 14.792892825591025 ], [ 75.619284991384419, 14.79303531619953 ], [ 75.618223352760353, 14.793001347962912 ], [ 75.616206087489971, 14.792820826979204 ], [ 75.615902084758474, 14.792791922362373 ], [ 75.615330683537579, 14.792750835825437 ], [ 75.613824459291436, 14.79263141989227 ], [ 75.613223315394649, 14.792586535025764 ], [ 75.613207622957049, 14.792585363454563 ], [ 75.613209586882093, 14.792478994301506 ], [ 75.613211905392333, 14.792360248063623 ], [ 75.61321640438068, 14.792129853992632 ], [ 75.613232089656066, 14.791326503135787 ], [ 75.613257610342359, 14.790019420030376 ], [ 75.612935669296206, 14.789465076018612 ], [ 75.612254992414606, 14.788293022952949 ], [ 75.612244508228073, 14.788275833204265 ], [ 75.611647711053493, 14.787297183471313 ], [ 75.611620489375269, 14.787252544547782 ], [ 75.611617827158355, 14.787247887381696 ], [ 75.611592565205044, 14.787203584102691 ], [ 75.610821185934981, 14.785851199772123 ], [ 75.609637963408034, 14.783721962276793 ], [ 75.609411826582487, 14.783315015196411 ], [ 75.609440852031128, 14.781364373011543 ], [ 75.609469422109825, 14.780922471618377 ], [ 75.609518124328162, 14.779355141597012 ], [ 75.609535980355645, 14.77878049929309 ], [ 75.609561087483385, 14.77666328621924 ], [ 75.609569641315503, 14.775941931814652 ], [ 75.609682422199697, 14.77318446826698 ], [ 75.60971065206607, 14.772650543181246 ], [ 75.609827606367062, 14.770438372550251 ], [ 75.609822948241671, 14.770428582640278 ], [ 75.60978787137087, 14.770354927235303 ], [ 75.609479211574325, 14.770456502595847 ], [ 75.609090881772772, 14.770542475944424 ], [ 75.608782246030742, 14.770568478734573 ], [ 75.608773474571024, 14.770433505823695 ], [ 75.608773568212769, 14.770421418714339 ], [ 75.608731950256157, 14.770420415470019 ], [ 75.608727435811261, 14.769942532936 ], [ 75.608705908586728, 14.768443366496649 ], [ 75.608705581480635, 14.76842064741623 ], [ 75.608708988966612, 14.766497732738124 ], [ 75.608690428515615, 14.766502715390754 ], [ 75.608651192709075, 14.766497832998152 ], [ 75.608599062761897, 14.766511849713085 ], [ 75.608123185247692, 14.766451670478144 ], [ 75.60720068989383, 14.766445462951459 ], [ 75.605187596299515, 14.766431905968133 ], [ 75.605152775477634, 14.766431187116581 ], [ 75.601940197669691, 14.766365113225852 ], [ 75.594950179127352, 14.767558736820485 ], [ 75.594395884565017, 14.76770402305978 ], [ 75.586214375992157, 14.769874358351561 ], [ 75.586131154602896, 14.7698714874901 ], [ 75.586065621519339, 14.769925233441731 ], [ 75.583972942317345, 14.769896778704368 ], [ 75.582881701693111, 14.769876337880362 ], [ 75.582511961878851, 14.769869410460407 ], [ 75.581042023290422, 14.769842260728243 ], [ 75.579980744342279, 14.769846914515744 ], [ 75.579904108922094, 14.769797524271688 ], [ 75.579892400515817, 14.769797404492524 ], [ 75.578227452345644, 14.769780412892315 ], [ 75.576538184941541, 14.769763161688781 ], [ 75.575400013575106, 14.769749082495023 ], [ 75.575364942930591, 14.76964339636883 ], [ 75.575305189187915, 14.769463331652004 ], [ 75.574732613049761, 14.768066136969791 ], [ 75.574295442574879, 14.766963389757482 ], [ 75.573840204227423, 14.765852467159135 ], [ 75.573670890341788, 14.765420724384475 ], [ 75.57283214467202, 14.764885196859284 ], [ 75.571798451528039, 14.764225121325442 ], [ 75.570355505362343, 14.764201535932518 ], [ 75.568876335826289, 14.7641572779426 ], [ 75.567374938971142, 14.764122213660379 ], [ 75.566317266533574, 14.764096173835263 ], [ 75.566291783247493, 14.76409872267439 ], [ 75.565904357559432, 14.764813835276163 ], [ 75.565029074115245, 14.765996240408054 ], [ 75.564439639529468, 14.766877280234343 ], [ 75.563710917824025, 14.768021555425127 ], [ 75.563010621295305, 14.769008499526855 ], [ 75.562892808557123, 14.769175709366991 ], [ 75.562775351893777, 14.769342710339291 ], [ 75.562739591057621, 14.769401530702231 ], [ 75.562728569802658, 14.769419665829911 ], [ 75.561682888051038, 14.771155974913439 ], [ 75.561682477297822, 14.77115667116751 ], [ 75.560932790304051, 14.772428224402844 ], [ 75.559585268988087, 14.774757102260274 ], [ 75.559559660026721, 14.774788935401791 ], [ 75.559305610040923, 14.775105289880164 ], [ 75.558278834506339, 14.776388199801385 ], [ 75.557853750185714, 14.776921244885559 ], [ 75.557540006884622, 14.777315142012329 ], [ 75.557185500490419, 14.777737495218707 ], [ 75.557131627874526, 14.777801693590595 ], [ 75.557075313719309, 14.77789228408632 ], [ 75.556169283498463, 14.77934195478025 ], [ 75.554651463205971, 14.781798773895336 ], [ 75.554033638127194, 14.783182932047254 ], [ 75.553837184961552, 14.783653834901989 ], [ 75.553766737677776, 14.783822699250411 ], [ 75.555430245723258, 14.784608250010812 ], [ 75.555458231776043, 14.784620397976068 ], [ 75.555646334046372, 14.784701978855184 ], [ 75.55621247589005, 14.784633220382744 ], [ 75.556642677442539, 14.784527676901387 ], [ 75.556815456417027, 14.788296933566588 ], [ 75.555906404430971, 14.792812738054588 ], [ 75.555892935202223, 14.79288139637587 ], [ 75.560414965643531, 14.797753090631764 ], [ 75.560676071867078, 14.798032544484887 ], [ 75.56067643112921, 14.798096065738759 ], [ 75.560661973628669, 14.79818503820275 ], [ 75.560628817354626, 14.798386826443082 ], [ 75.560029542525527, 14.801807505329203 ], [ 75.559575313547612, 14.804193189259728 ], [ 75.559567759733383, 14.804237172201143 ], [ 75.559114385127913, 14.806858214728518 ], [ 75.559035917691617, 14.807308838769435 ], [ 75.558941878482216, 14.808085419683165 ], [ 75.558969124112636, 14.808162022202083 ], [ 75.558988810615972, 14.808237107892731 ], [ 75.559560498151512, 14.809873330487118 ], [ 75.559591550689262, 14.809942681818592 ], [ 75.560263314710127, 14.811665594551863 ], [ 75.560307352711433, 14.811770216566515 ], [ 75.560317719381942, 14.811794843443035 ], [ 75.560314081358712, 14.811795671406156 ], [ 75.558410849361536, 14.812219984107971 ], [ 75.557931276562854, 14.812324869012793 ], [ 75.556396977808589, 14.812674479716815 ], [ 75.555893576030755, 14.81276811041041 ], [ 75.555749239804541, 14.812794791507937 ], [ 75.553642474025196, 14.813172449048157 ], [ 75.552989677159019, 14.81328137908439 ], [ 75.552051824863227, 14.813325082591406 ], [ 75.550843691148643, 14.81337230654926 ], [ 75.55049731124376, 14.813354513750109 ], [ 75.549662805643322, 14.813386018272842 ], [ 75.546708929411153, 14.81332923384049 ], [ 75.54667041974615, 14.813466317416969 ], [ 75.546407193213483, 14.814347547735107 ], [ 75.546331944460576, 14.814625425533453 ], [ 75.546323712588148, 14.814698176408591 ], [ 75.546322524244516, 14.81470866951698 ], [ 75.546313076795528, 14.81473580954601 ], [ 75.546259053505239, 14.81492676728532 ], [ 75.5473093586034, 14.815424149697504 ], [ 75.546978715355166, 14.816718674314341 ], [ 75.546917458749974, 14.816723928872308 ], [ 75.54587500138561, 14.816812604617189 ], [ 75.545881811502611, 14.81685226044408 ], [ 75.546422430395154, 14.820044548570952 ], [ 75.546395608803337, 14.820041458716686 ], [ 75.545942754187365, 14.820007819046234 ], [ 75.543603073701561, 14.819832525369888 ], [ 75.543587686593597, 14.819892986413342 ], [ 75.543106711394842, 14.82200936164919 ], [ 75.543014198107883, 14.82240895037099 ], [ 75.542685100339355, 14.823745410416791 ], [ 75.542637972973196, 14.823936183813899 ], [ 75.542127742139499, 14.826049789646381 ], [ 75.542084768358933, 14.826227180579854 ], [ 75.542081484179477, 14.826240731750138 ], [ 75.542032848799778, 14.826441394009743 ], [ 75.542012065448404, 14.826527124619837 ], [ 75.542006143772241, 14.82655155110408 ], [ 75.54200099325962, 14.826574019297274 ], [ 75.541638741307466, 14.828150601005774 ], [ 75.541637785064751, 14.828154753080247 ], [ 75.540732859153067, 14.827905254352142 ], [ 75.539906765482513, 14.827595855699139 ], [ 75.537183147472916, 14.830101428027422 ], [ 75.534950890317376, 14.832515065724726 ], [ 75.533739743086329, 14.833349749810175 ], [ 75.533570241189167, 14.833344257283516 ], [ 75.53277029493465, 14.833669335677939 ], [ 75.532751726105246, 14.833768086703554 ], [ 75.531815418985758, 14.836195354239591 ], [ 75.531050277702647, 14.83739036904427 ], [ 75.530578575405031, 14.838068804350799 ], [ 75.52960216673614, 14.839294242098884 ], [ 75.529025898800029, 14.839935190605607 ], [ 75.528305199929349, 14.840647098929416 ], [ 75.528239998876714, 14.840705579552056 ], [ 75.528239166955714, 14.840711678725715 ], [ 75.528206984526207, 14.840947803687687 ], [ 75.528204193815, 14.840968271729901 ], [ 75.527839549488718, 14.840982950817276 ], [ 75.527640935337232, 14.842117818453165 ], [ 75.527830043701556, 14.842116503836715 ], [ 75.527838613642999, 14.842188296062718 ], [ 75.528048020128153, 14.843948725025323 ], [ 75.528071953407661, 14.844153411995997 ], [ 75.528276691684582, 14.845440023255213 ], [ 75.528341162977085, 14.845852359616988 ], [ 75.528355377309694, 14.845964063032167 ], [ 75.528467215339234, 14.846842899867646 ], [ 75.528490510655942, 14.846999300138371 ], [ 75.528582991864354, 14.847620092053482 ], [ 75.528593842734054, 14.848170826574743 ], [ 75.528603705598016, 14.848634730752931 ], [ 75.528610116513434, 14.848732733231273 ], [ 75.528639052957672, 14.849175026183731 ], [ 75.528652260928794, 14.849376896045937 ], [ 75.5286569854037, 14.849449114719148 ], [ 75.528657393905846, 14.849686727816136 ], [ 75.528724647552309, 14.84997176726645 ], [ 75.528785962245749, 14.850475554928096 ], [ 75.528861378016927, 14.850538868270963 ], [ 75.528861826663714, 14.850544860523895 ], [ 75.528877518402936, 14.850542598517299 ], [ 75.528893210852161, 14.850545214132721 ], [ 75.528947273023149, 14.85055217243927 ], [ 75.528966216629357, 14.850822539104112 ], [ 75.529006146025395, 14.851852988408284 ], [ 75.529050368816598, 14.85230110815189 ], [ 75.529070121141544, 14.852408638014909 ], [ 75.529099171172433, 14.852553939688123 ], [ 75.529125734386227, 14.85255240393659 ], [ 75.529170524242929, 14.852911014530253 ], [ 75.5292010125996, 14.853063670439681 ], [ 75.529197991503224, 14.853131168516938 ], [ 75.529145983046519, 14.854285161259693 ], [ 75.529142946586433, 14.854444110953278 ], [ 75.529131685011762, 14.855029631540749 ], [ 75.529130617878764, 14.855075430309554 ], [ 75.529126214831678, 14.85526408013159 ], [ 75.529149576472577, 14.856459252644932 ], [ 75.529178704753619, 14.856765067149666 ], [ 75.529185215762467, 14.856999361534015 ], [ 75.529166482580649, 14.857058290554226 ], [ 75.529064124066011, 14.857380214279472 ], [ 75.529101884220537, 14.857575043224038 ], [ 75.529104269999578, 14.857827670499825 ], [ 75.529107860303284, 14.858210805497524 ], [ 75.529108006996665, 14.858226388233186 ], [ 75.529113122636815, 14.85853314763774 ], [ 75.529113976088752, 14.858584365667202 ], [ 75.529061895863052, 14.859481644228453 ], [ 75.52903729739667, 14.859809851300806 ], [ 75.528985477682113, 14.860498938404996 ], [ 75.528984492488419, 14.860524184055178 ], [ 75.528968761994761, 14.860926241984673 ], [ 75.528972705862358, 14.861232391043931 ], [ 75.528973863378582, 14.861322978306253 ], [ 75.528983277646375, 14.861784146221652 ], [ 75.528981017775934, 14.862457534190197 ], [ 75.529014272741435, 14.862928085944361 ], [ 75.529020392634948, 14.864296428003389 ], [ 75.528995840847699, 14.86442065092986 ], [ 75.528993448945343, 14.865529408311216 ], [ 75.528993259808331, 14.865660145192221 ], [ 75.529015556153254, 14.865972735138103 ], [ 75.529072696053618, 14.866733290377743 ], [ 75.529076790293573, 14.866794914322526 ], [ 75.529126717713339, 14.867539610113479 ], [ 75.529141004523282, 14.868421432299709 ], [ 75.529100002113466, 14.868941018776646 ], [ 75.529103385883047, 14.869007458675082 ], [ 75.529137836173575, 14.86967256051366 ], [ 75.52915853164555, 14.870453168297519 ], [ 75.529199490443531, 14.871232676933428 ], [ 75.529217269362377, 14.871564764958483 ], [ 75.529209005551792, 14.87175666190727 ], [ 75.529260467772929, 14.872532895976059 ], [ 75.529160803356788, 14.873285009026045 ], [ 75.529198236891872, 14.873651071113605 ], [ 75.529226506723518, 14.874020970514225 ], [ 75.529281527855616, 14.874605632080309 ], [ 75.529254040050517, 14.875019797243954 ], [ 75.529276090138296, 14.875431945915462 ], [ 75.529260967574928, 14.875695050993665 ], [ 75.529265760185538, 14.876278921500511 ], [ 75.52926653389369, 14.876385013915108 ], [ 75.529220833363851, 14.876872075124226 ], [ 75.529195616484813, 14.877138761985799 ], [ 75.529170250396433, 14.877405657127214 ], [ 75.529107712630037, 14.87805826777223 ], [ 75.52901451442581, 14.879019122885222 ], [ 75.525965018008208, 14.879102385109425 ], [ 75.525887826256039, 14.879104917241904 ], [ 75.525904242255962, 14.879234549124014 ], [ 75.525767584900294, 14.880045850990747 ], [ 75.52573682501945, 14.880227426605252 ], [ 75.525728378932897, 14.880277480611218 ], [ 75.52571981269368, 14.88031401137849 ], [ 75.525707658380256, 14.880365995996126 ], [ 75.525703738749584, 14.880434913599617 ], [ 75.525669082181537, 14.880815408054938 ], [ 75.525613810486902, 14.881450052178076 ], [ 75.525608432207932, 14.881513584687426 ], [ 75.525605309191448, 14.882259385774669 ], [ 75.525626654146038, 14.882973356189831 ], [ 75.525630437719698, 14.883093056535861 ], [ 75.525632646204059, 14.883153546536615 ], [ 75.525646238504663, 14.883518095950778 ], [ 75.525685153677173, 14.884510445020551 ], [ 75.525693417178132, 14.884714118617211 ], [ 75.525726200013537, 14.884863367125112 ], [ 75.525729724093367, 14.884879403182172 ], [ 75.525744068247775, 14.885146669787725 ], [ 75.525757109742003, 14.885387357063044 ], [ 75.52577155533001, 14.885651561238513 ], [ 75.525795664699999, 14.88634300758503 ], [ 75.525806351059344, 14.886641767766326 ], [ 75.525817084897142, 14.886929417362913 ], [ 75.525822499783985, 14.887073081570527 ], [ 75.525805188232638, 14.887282204894996 ], [ 75.525792184768704, 14.887439994474216 ], [ 75.525794295927469, 14.887487895099797 ], [ 75.525808481555941, 14.887807342039524 ], [ 75.525778659273797, 14.88820918996362 ], [ 75.52567220303645, 14.889395811851278 ], [ 75.525623487217672, 14.88973642053552 ], [ 75.525619730034919, 14.889762705862898 ], [ 75.525522844005906, 14.89054647018294 ], [ 75.525503797180619, 14.890700712323298 ], [ 75.525489995849284, 14.890812522147149 ], [ 75.525470883640949, 14.890980847570995 ], [ 75.525409308390508, 14.891316974208312 ], [ 75.525403558256599, 14.891348370444533 ], [ 75.525403375880316, 14.891368252886702 ], [ 75.52539997797011, 14.891739236582604 ], [ 75.52540003146342, 14.891755556336632 ], [ 75.525401253109621, 14.892122711426213 ], [ 75.525412500067674, 14.892548056596906 ], [ 75.525412721899784, 14.892556347572476 ], [ 75.525413105113032, 14.892569467870358 ], [ 75.525413556846758, 14.892630808085039 ], [ 75.525413996906352, 14.892690399800363 ], [ 75.525415791091206, 14.892933563725277 ], [ 75.525416049731007, 14.892968549016794 ], [ 75.52544296212335, 14.893296203899464 ], [ 75.525446182432049, 14.893335292430553 ], [ 75.525444515970861, 14.893376516793836 ], [ 75.525421515422508, 14.893953237607381 ], [ 75.525425453100638, 14.894287516108736 ], [ 75.525420885116134, 14.894465287615056 ], [ 75.525406812405549, 14.895025974528995 ], [ 75.52543799309818, 14.895434074330998 ], [ 75.525445037991886, 14.89568133076321 ], [ 75.52545987035171, 14.895785710118066 ], [ 75.525514127294997, 14.896166683757484 ], [ 75.5255686513364, 14.896548067213606 ], [ 75.525583904372382, 14.896654496982192 ], [ 75.525579532088443, 14.89679406263998 ], [ 75.525592014506799, 14.896916140554699 ], [ 75.525583285009702, 14.897290421787444 ], [ 75.52558235576339, 14.897330857881979 ], [ 75.525657682514066, 14.898034726788431 ], [ 75.525667388904012, 14.898124952456737 ], [ 75.52568857861759, 14.898205863081502 ], [ 75.525681101085468, 14.898492544284943 ], [ 75.525688845918978, 14.898523394219344 ], [ 75.525708011491105, 14.898591174751333 ], [ 75.526123945841533, 14.900055047988221 ], [ 75.526136197871736, 14.900109965473728 ], [ 75.526463938131471, 14.901448508139527 ], [ 75.526652163446101, 14.902213867617986 ], [ 75.526675920468449, 14.90231256935145 ], [ 75.526805206277572, 14.902728144143861 ], [ 75.526964592401882, 14.903204582124639 ], [ 75.527093144197949, 14.903696681152811 ], [ 75.527248710192481, 14.90442085745214 ], [ 75.527269004396743, 14.904605436381416 ], [ 75.527317335613546, 14.904808060729449 ], [ 75.527381341396563, 14.905056227210434 ], [ 75.527458722785752, 14.905277457844354 ], [ 75.527563772130293, 14.905700256397132 ], [ 75.527615946337335, 14.90599022834173 ], [ 75.527767409879075, 14.906235022519411 ], [ 75.52781409910834, 14.906331573724671 ], [ 75.527855070542614, 14.906416300757201 ], [ 75.527887855381152, 14.906484100260187 ], [ 75.527745062800818, 14.906568464211375 ], [ 75.527737916389654, 14.906681582276219 ], [ 75.527727140878696, 14.906852172185841 ], [ 75.52776765990113, 14.906869108386557 ], [ 75.527883636595917, 14.906917564689321 ], [ 75.528333921985507, 14.910559941288291 ], [ 75.528381870162605, 14.910932606750034 ], [ 75.528491671875926, 14.911773300308489 ], [ 75.528505055482825, 14.911874534523832 ], [ 75.528630741567298, 14.912810899773028 ], [ 75.529087467008878, 14.916489074968629 ], [ 75.529090213429058, 14.916516405765096 ], [ 75.529150991635177, 14.917283369728835 ], [ 75.529175165420867, 14.917618202647436 ], [ 75.52917498884986, 14.917628124601872 ], [ 75.529169307420659, 14.917926801227338 ], [ 75.529229991967384, 14.917933138762422 ], [ 75.529735690978129, 14.918062010390512 ], [ 75.530203870415292, 14.918181865366703 ], [ 75.530638873339683, 14.918293151328301 ], [ 75.531454734298833, 14.918433062066788 ], [ 75.532402875986492, 14.91840580418191 ], [ 75.533333218458608, 14.918122738495944 ], [ 75.53376216213087, 14.9177370804577 ], [ 75.534425249113937, 14.917038977646687 ], [ 75.535087117148265, 14.916338830790432 ], [ 75.535507692034599, 14.91534108791318 ], [ 75.535674244423689, 14.914633402958733 ], [ 75.536086841873967, 14.914032916318728 ], [ 75.536937735037768, 14.913393126597517 ], [ 75.537808465593315, 14.912909242713983 ], [ 75.538479114728247, 14.91274390855852 ], [ 75.539227217986976, 14.912557330982565 ], [ 75.540220193508247, 14.912305757515332 ], [ 75.541136304479423, 14.912070771705926 ], [ 75.541437581337604, 14.911822699184846 ], [ 75.542170367608662, 14.910964906110452 ], [ 75.542578643395586, 14.910015539349866 ], [ 75.542767696274055, 14.909296582052107 ], [ 75.542876386673271, 14.90816618081228 ], [ 75.542820728680724, 14.906853334840177 ], [ 75.542644604711938, 14.905427782136719 ], [ 75.54302655119811, 14.903628723444362 ], [ 75.54356297621139, 14.901847557584789 ], [ 75.544157113100241, 14.900409830360092 ], [ 75.544388118953705, 14.899853250471518 ], [ 75.545053898482152, 14.899668831649414 ], [ 75.546012660864747, 14.899261147385863 ], [ 75.547655048820062, 14.899229487545526 ], [ 75.548727800495797, 14.899748481520795 ], [ 75.550095051520358, 14.900948014767694 ], [ 75.550943248265099, 14.901690225216226 ], [ 75.552292347512832, 14.902518725300492 ], [ 75.554387998032212, 14.903058262436874 ], [ 75.555721721091089, 14.903565885285664 ], [ 75.556582144094008, 14.903923151727721 ], [ 75.557007794229932, 14.904704212814027 ], [ 75.557435170351113, 14.905487827340666 ], [ 75.558084891627544, 14.906376059715427 ], [ 75.5586071987548, 14.907423222058245 ], [ 75.559196561008818, 14.908604052037536 ], [ 75.559948185710525, 14.90980262044995 ], [ 75.560427678621352, 14.910575172262426 ], [ 75.561114940197641, 14.910915498153667 ], [ 75.561392002921309, 14.911053037522979 ], [ 75.561272195179072, 14.911384874422042 ], [ 75.5609080553768, 14.91241351500833 ], [ 75.560244207168836, 14.914325509292123 ], [ 75.55992875809639, 14.91511692569201 ], [ 75.55992837097665, 14.915117873223091 ], [ 75.559910883723262, 14.915160902851849 ], [ 75.559859484393741, 14.915287379018919 ], [ 75.559849481511421, 14.915311996589619 ], [ 75.55916051482204, 14.916720172683661 ], [ 75.558376736157427, 14.918333562889236 ], [ 75.558180658840996, 14.918663642314952 ], [ 75.558167627159293, 14.918684948281863 ], [ 75.557772543137887, 14.919640290713952 ], [ 75.557751609589076, 14.919690991667974 ], [ 75.557638938637979, 14.920077103685932 ], [ 75.557493583441712, 14.920634622472505 ], [ 75.55737663272545, 14.921077406928802 ], [ 75.557245790718738, 14.921518840083735 ], [ 75.55718146712961, 14.92184352767266 ], [ 75.557152485308421, 14.921990042111666 ], [ 75.557032750068316, 14.922519372822059 ], [ 75.556682559559377, 14.923599845243814 ], [ 75.556441716774216, 14.924364567547853 ], [ 75.556385881760988, 14.92444759045738 ], [ 75.556385437153125, 14.924448250621408 ], [ 75.556329161487398, 14.924532042163262 ], [ 75.556306744906209, 14.924658245478145 ], [ 75.555149945977803, 14.924564874484496 ], [ 75.554461210254146, 14.924521488337797 ], [ 75.554022743568694, 14.924493664793937 ], [ 75.553564173044904, 14.92446450850057 ], [ 75.55346317241127, 14.924456632299597 ], [ 75.553204706777507, 14.924436456963182 ], [ 75.552527684258934, 14.924383550911996 ], [ 75.552247416026901, 14.924361648791217 ], [ 75.551972059135807, 14.924340138605549 ], [ 75.551764670238967, 14.924332195534083 ], [ 75.551322488524036, 14.924315280911486 ], [ 75.550984282146132, 14.924302364291549 ], [ 75.55052537743093, 14.924284869997489 ], [ 75.550393725805748, 14.92427985802385 ], [ 75.550338034109416, 14.924278336599153 ], [ 75.550088581963365, 14.924271524749567 ], [ 75.549493962696872, 14.924255326542896 ], [ 75.549277058830256, 14.92424943013425 ], [ 75.549233664874478, 14.924246867236157 ], [ 75.5483716487756, 14.924196151311433 ], [ 75.548271158936501, 14.924186844925366 ], [ 75.548038873474013, 14.924164101170998 ], [ 75.547776117390569, 14.924138395998547 ], [ 75.54757662974626, 14.924118892169421 ], [ 75.547322565115138, 14.924088968871883 ], [ 75.547272859461657, 14.924060955115481 ], [ 75.547209982041963, 14.924025517701452 ], [ 75.547047147936595, 14.924457722643536 ], [ 75.546866767042658, 14.92528977644313 ], [ 75.546226831241256, 14.927803051332612 ], [ 75.545769059866188, 14.929257328376869 ], [ 75.545657010219358, 14.929950043882377 ], [ 75.545621286741721, 14.930170617403386 ], [ 75.545429755766264, 14.931352363412431 ], [ 75.545179491312098, 14.932897253206383 ], [ 75.54513231867675, 14.933188968023382 ], [ 75.544940676115232, 14.934383301425658 ], [ 75.544548353782744, 14.935771516091645 ], [ 75.544393446332052, 14.936164591045495 ], [ 75.543719337296523, 14.938400418802958 ], [ 75.543578081506865, 14.939232190459734 ], [ 75.543378076712074, 14.94002899848873 ], [ 75.542907077931062, 14.941883901595695 ], [ 75.54290449172241, 14.941894179128726 ], [ 75.542855037718041, 14.942091012656498 ], [ 75.542866434382987, 14.942088050806646 ], [ 75.542833499838864, 14.942213511228221 ], [ 75.542910974987365, 14.942234250675194 ], [ 75.542961653222463, 14.942056185007074 ], [ 75.54297064324885, 14.942056905799449 ], [ 75.542983565586937, 14.942012779927925 ], [ 75.544531131403659, 14.942139237433775 ], [ 75.54515803157814, 14.942190460498528 ], [ 75.546922221578754, 14.942192961942361 ], [ 75.546930677369545, 14.942192743710716 ], [ 75.548563519521082, 14.942150634234052 ], [ 75.548586974857287, 14.942151371725974 ], [ 75.549076700361312, 14.942166753073124 ], [ 75.549903881556745, 14.942186720248923 ], [ 75.550498120710941, 14.942204059490399 ], [ 75.551221701738712, 14.942225776587389 ], [ 75.551728874993586, 14.942240815556035 ], [ 75.553644929383992, 14.942451684569917 ], [ 75.55472276002898, 14.942460047498244 ], [ 75.554854237273418, 14.942456198761809 ], [ 75.55546127448288, 14.942460279803733 ], [ 75.557258491726188, 14.942623222756266 ], [ 75.558574603311584, 14.942787722979748 ], [ 75.558827338776638, 14.942854904618743 ], [ 75.559101735643097, 14.942744090022494 ], [ 75.559157472847886, 14.942750579730756 ], [ 75.559833720733423, 14.942713016415903 ], [ 75.559917148132484, 14.942709521145002 ], [ 75.560325331343861, 14.942692085273961 ], [ 75.560323018982103, 14.942714751486324 ], [ 75.560344112853528, 14.942713859428279 ], [ 75.56032916485411, 14.942857155843896 ], [ 75.560430000457984, 14.9428658342331 ], [ 75.562753676972505, 14.943107372612412 ], [ 75.562838365354935, 14.943115652545812 ], [ 75.565444433274919, 14.943388320564418 ], [ 75.565475914664347, 14.943391578755339 ], [ 75.565499597108385, 14.943418633779132 ], [ 75.565566450217261, 14.943494998557467 ], [ 75.567045629873192, 14.945567293112342 ], [ 75.567045867825954, 14.945668858596731 ], [ 75.567065938778725, 14.945697292228349 ], [ 75.567066123468152, 14.94636867239857 ], [ 75.567046340165248, 14.947432334509212 ], [ 75.567030190786213, 14.948300453096968 ], [ 75.567029985316069, 14.948311446416717 ], [ 75.567023934733456, 14.948636670131993 ], [ 75.56694471522728, 14.949856518858248 ], [ 75.566860344180867, 14.951155671481736 ], [ 75.56686027037361, 14.951156957278188 ], [ 75.566704199895426, 14.953065143928907 ], [ 75.566701810509514, 14.953110331654527 ], [ 75.566597818092788, 14.955214501685452 ], [ 75.566597177893044, 14.955279176292489 ], [ 75.566582789805381, 14.956732725675067 ], [ 75.566582787929917, 14.956732948965321 ], [ 75.566628170458131, 14.957382712659568 ], [ 75.566633840191344, 14.95765821206624 ], [ 75.566633558979902, 14.957665509655397 ], [ 75.566582034063572, 14.958720171620637 ], [ 75.566540648279712, 14.959559898600657 ], [ 75.566534366466641, 14.960215507795038 ], [ 75.566536434896861, 14.960379570121932 ], [ 75.56655115029929, 14.961537908223395 ], [ 75.566558163853529, 14.962079993325666 ], [ 75.566552769237859, 14.962172404909406 ], [ 75.566553120867113, 14.962187019038925 ], [ 75.566443197652191, 14.964327084571329 ], [ 75.56634106349469, 14.965095792191493 ], [ 75.566334981630817, 14.965141554994416 ], [ 75.566155886366033, 14.965742032906329 ], [ 75.566131381305581, 14.965824201980135 ], [ 75.565849641610441, 14.967495415782356 ], [ 75.565840223632861, 14.967551280394616 ], [ 75.565840220522034, 14.967551299965276 ], [ 75.565840188251826, 14.967551490264272 ], [ 75.565665595309241, 14.968587123122498 ], [ 75.56565719365787, 14.968630618364893 ], [ 75.565654441404831, 14.96864684853616 ], [ 75.565512335422042, 14.969380804007175 ], [ 75.565512211568674, 14.969381450736252 ], [ 75.565483626129094, 14.969529272884069 ], [ 75.565399179971294, 14.969966357722907 ], [ 75.565229332957429, 14.971337350862377 ], [ 75.566139242529303, 14.971291120602471 ], [ 75.566832310059993, 14.971255906876742 ], [ 75.566933319190127, 14.971250774725487 ], [ 75.568840247436142, 14.97112134002594 ], [ 75.568859861405883, 14.971120006413683 ], [ 75.568861557067038, 14.971119754465986 ], [ 75.569249719571403, 14.971062197703354 ], [ 75.570493259331599, 14.970877827661958 ], [ 75.570501791862554, 14.970877035140139 ], [ 75.570566042014335, 14.970871074754262 ], [ 75.572964842089164, 14.970648519095635 ], [ 75.573527635337783, 14.970596303538635 ], [ 75.573710028109389, 14.970536255771151 ], [ 75.574226741628081, 14.970366173010916 ], [ 75.574227444091221, 14.97036594160517 ], [ 75.575139233569658, 14.970061457070583 ], [ 75.576002290142071, 14.969773233543153 ], [ 75.577148860606229, 14.969546114803217 ], [ 75.577568054872771, 14.969463074312966 ], [ 75.579029184748748, 14.969173634000171 ], [ 75.579029664369585, 14.969173538758172 ], [ 75.579986433709337, 14.969012280900476 ], [ 75.579990828721733, 14.969011540132236 ], [ 75.580062673419278, 14.968999433521724 ], [ 75.580409398672074, 14.96894099685608 ], [ 75.581258984566503, 14.968797798734009 ], [ 75.581880674490307, 14.968693013805558 ], [ 75.582163049363132, 14.968645430304544 ], [ 75.582163165574556, 14.968645416446778 ], [ 75.582353030118085, 14.968637315037371 ], [ 75.582902940816112, 14.968613859357914 ], [ 75.583219881233447, 14.968600333526249 ], [ 75.583462804787686, 14.968589969163773 ], [ 75.583548936167332, 14.968586999582506 ], [ 75.583549501495312, 14.968586273060986 ], [ 75.583552244717978, 14.968582744636421 ], [ 75.583558983225942, 14.968574078931074 ], [ 75.583574392530352, 14.968554257249801 ], [ 75.583765046178129, 14.968309009499391 ], [ 75.583821349705033, 14.968236578473686 ], [ 75.583881495556213, 14.968159209438802 ], [ 75.584296804653121, 14.967624973431082 ], [ 75.584658589162402, 14.967162039759719 ], [ 75.585124632123822, 14.96647688101222 ], [ 75.585185837377594, 14.966386893344028 ], [ 75.585477343516359, 14.965958334743576 ], [ 75.585786018777327, 14.965337030661413 ], [ 75.585842974091392, 14.965219543353024 ], [ 75.585858845387676, 14.965186796167265 ], [ 75.585894884785048, 14.965091304049105 ], [ 75.585910253629521, 14.965050593453805 ], [ 75.585954981920892, 14.965014049444717 ], [ 75.586187629493949, 14.964823977634421 ], [ 75.586386618534377, 14.964661413860409 ], [ 75.586393362506499, 14.964658264785001 ], [ 75.586750949131257, 14.964488002628709 ], [ 75.58689944425187, 14.964415190109227 ], [ 75.586899615236703, 14.96440488853308 ], [ 75.586900065427145, 14.964377234149035 ], [ 75.586903589271913, 14.96415684368883 ], [ 75.586922662523421, 14.963981684358258 ], [ 75.586828224215665, 14.963595785528245 ], [ 75.586813119161931, 14.963534062743603 ], [ 75.58680328548067, 14.963502879032728 ], [ 75.586765459323829, 14.963382978964727 ], [ 75.586743167559618, 14.963312381169885 ], [ 75.586789306290299, 14.963261200776895 ], [ 75.586854305622126, 14.963189157148321 ], [ 75.586887822961046, 14.96315205142586 ], [ 75.586941720486408, 14.963092383399447 ], [ 75.58706369916257, 14.962869800557137 ], [ 75.587102639642254, 14.962798744240997 ], [ 75.587506955399462, 14.962309954943537 ], [ 75.588006225645699, 14.96170614417443 ], [ 75.588102917491298, 14.961589199493721 ], [ 75.588122565065291, 14.961565437454395 ], [ 75.588527772295834, 14.960626127173612 ], [ 75.588544117061204, 14.960588238256252 ], [ 75.588544143876803, 14.960588182133886 ], [ 75.589344031297898, 14.959081797297522 ], [ 75.589427879883758, 14.958924092959098 ], [ 75.589463081675717, 14.958857885482034 ], [ 75.589646747197577, 14.958512445168557 ], [ 75.589678563900463, 14.958513635947321 ], [ 75.589692889322308, 14.958514172137532 ], [ 75.589840036693758, 14.958519679434835 ], [ 75.589840887005323, 14.958521505296629 ], [ 75.589873012589493, 14.958590446426083 ], [ 75.589908119426283, 14.958665786188551 ], [ 75.589926487598433, 14.958705197488669 ], [ 75.590000000581085, 14.958862929358681 ], [ 75.590016683349091, 14.958898802802921 ], [ 75.590035148433103, 14.958894058365377 ], [ 75.590250457556849, 14.958838732403244 ], [ 75.590270165067736, 14.958833658360534 ], [ 75.590270192943692, 14.958833650151707 ], [ 75.590273683369631, 14.958832752412789 ], [ 75.590358920792696, 14.958803978331712 ], [ 75.590629063242034, 14.958712684080634 ], [ 75.590677561276635, 14.958673077256913 ], [ 75.590717767829787, 14.958640241768814 ], [ 75.590745585428579, 14.958617524293194 ], [ 75.590789365165435, 14.958581760259779 ], [ 75.590792371520166, 14.958578984174654 ], [ 75.590834903848247, 14.958539701048688 ], [ 75.590854641307331, 14.958521466125649 ], [ 75.59085514962679, 14.958520994686396 ], [ 75.590910063490142, 14.958470260921292 ], [ 75.590927637768146, 14.958454021480126 ], [ 75.590927672099127, 14.958453993364675 ], [ 75.591048513584155, 14.958355769158203 ], [ 75.59105919619347, 14.958373884665036 ], [ 75.591059261143073, 14.958373831155939 ], [ 75.591061468375074, 14.958377738318241 ], [ 75.591078377993057, 14.958406412776235 ], [ 75.591079231016437, 14.958407867047484 ], [ 75.591105281789851, 14.958452080742731 ], [ 75.591351058679265, 14.958317269172541 ], [ 75.591364729700274, 14.958307731839417 ], [ 75.591488992160492, 14.95822104189361 ], [ 75.591521846551714, 14.958198113284281 ], [ 75.591625394710007, 14.95812578858393 ], [ 75.591625471748557, 14.95812573504335 ], [ 75.591640273207602, 14.958115391938474 ], [ 75.591753737016731, 14.958040599556689 ], [ 75.591754582662162, 14.958040040449177 ], [ 75.591848904449677, 14.957977797499504 ], [ 75.591849928015264, 14.957976670165628 ], [ 75.591937745111323, 14.957879961370537 ], [ 75.59215100861266, 14.957869351346675 ], [ 75.592346056350124, 14.958122315314924 ], [ 75.592422540881032, 14.958188167442621 ], [ 75.592478884794687, 14.958236771256628 ], [ 75.592848046990582, 14.958024661479154 ], [ 75.592871178150631, 14.958011369244195 ], [ 75.592923514226172, 14.95797812669008 ], [ 75.592971864994595, 14.957947415060637 ], [ 75.593104056243845, 14.957863449373178 ], [ 75.593251487637119, 14.957769802863655 ], [ 75.593377727042366, 14.9576756923933 ], [ 75.59347664021125, 14.95760194414386 ], [ 75.593656419781084, 14.957491585389375 ], [ 75.593699543856388, 14.957466544053917 ], [ 75.593816143310406, 14.957398863090003 ], [ 75.593894912741987, 14.957353153873258 ], [ 75.593957589217368, 14.95731679313251 ], [ 75.594018951938267, 14.95728120697647 ], [ 75.59401906427604, 14.957281139782022 ], [ 75.59418333825198, 14.957175451683344 ], [ 75.594204715957815, 14.95716169737387 ], [ 75.594255210627097, 14.957129235926011 ], [ 75.594434196417964, 14.957014246121945 ], [ 75.594446335582916, 14.95701381581838 ], [ 75.594454283897633, 14.957013524804655 ], [ 75.594458055370865, 14.957013394742745 ], [ 75.594537477446764, 14.957010595950276 ], [ 75.594559383787754, 14.957009839148983 ], [ 75.594606066054894, 14.957008251165258 ], [ 75.594606689059518, 14.957008231461222 ], [ 75.594659572176781, 14.956998888361827 ], [ 75.594898015045146, 14.956957427985543 ], [ 75.59501245671936, 14.956937767938495 ], [ 75.595177326668974, 14.956909535869858 ], [ 75.595177545105642, 14.956909500041215 ], [ 75.595184350059412, 14.956932645832115 ], [ 75.595138748873467, 14.95697048668055 ], [ 75.595086625130023, 14.957013740995105 ], [ 75.595014809506822, 14.957073376173994 ], [ 75.595014839962388, 14.957073416515776 ], [ 75.595139378045374, 14.957051951119173 ], [ 75.595139596482198, 14.957051915290574 ], [ 75.595146429861671, 14.95707419616271 ], [ 75.59518912189661, 14.957031224625279 ], [ 75.595243983904737, 14.956976029244917 ], [ 75.595319297114159, 14.956900279531059 ], [ 75.595319350900539, 14.956900225145796 ], [ 75.595362310349728, 14.956920461349617 ], [ 75.595420183061307, 14.956947715934216 ], [ 75.595420247954493, 14.956947642534228 ], [ 75.595464868997766, 14.956897355859388 ], [ 75.595507351282436, 14.956849471480025 ], [ 75.595551905544895, 14.95679926271449 ], [ 75.595593786162269, 14.956752066992795 ], [ 75.595611977490378, 14.956718360803523 ], [ 75.595608172207889, 14.956576476310444 ], [ 75.595651719717694, 14.956584425780633 ], [ 75.595650664231044, 14.956532491193784 ], [ 75.595649823752353, 14.956491113476662 ], [ 75.595648603349773, 14.956431018601993 ], [ 75.595789227839049, 14.956457809500222 ], [ 75.596067720788184, 14.956510792491398 ], [ 75.596124877694805, 14.956521649595153 ], [ 75.596148333675856, 14.956526104999599 ], [ 75.596077358104779, 14.956423725779983 ], [ 75.595940747640483, 14.956393048777171 ], [ 75.595661579925817, 14.956330362950254 ], [ 75.595664671378259, 14.956239490988018 ], [ 75.595663640322286, 14.956239264815546 ], [ 75.595666498139849, 14.956177313162422 ], [ 75.595666785078336, 14.956177359650768 ], [ 75.59566870974119, 14.956120784984662 ], [ 75.595708046389746, 14.956050665064511 ], [ 75.595710955625705, 14.955972496364192 ], [ 75.59572211478654, 14.955952600917055 ], [ 75.595732555852891, 14.95593398662125 ], [ 75.595766365536932, 14.95587371085016 ], [ 75.595797332002334, 14.955881004667654 ], [ 75.595943352237384, 14.955915428145309 ], [ 75.596123820197533, 14.956121613436988 ], [ 75.596371603473273, 14.956031203597053 ], [ 75.596507304966863, 14.955981711303107 ], [ 75.59673734701677, 14.955897829698847 ], [ 75.597062048214639, 14.956168107451079 ], [ 75.597136557860892, 14.956230128930846 ], [ 75.597152831074027, 14.956243674749741 ], [ 75.59743421230867, 14.956038282266167 ], [ 75.597466911543265, 14.956014417509403 ], [ 75.597755274298038, 14.955804055618989 ], [ 75.597919906267023, 14.955684006233504 ], [ 75.598583662429363, 14.955768221209636 ], [ 75.598597608664718, 14.955956337043288 ], [ 75.598616369245235, 14.956212531282901 ], [ 75.598618394150009, 14.956240181881679 ], [ 75.598633427855631, 14.956236295595495 ], [ 75.598995670472107, 14.956142651808472 ], [ 75.599645353241968, 14.956041572548555 ], [ 75.599779831456416, 14.956020667751483 ], [ 75.599789266206912, 14.95601920095751 ], [ 75.599866689930778, 14.955962406499017 ], [ 75.599911416759213, 14.955929599723856 ], [ 75.599874838998218, 14.955913579069087 ], [ 75.599871406440911, 14.955871023853435 ], [ 75.599871212897156, 14.955868639390609 ], [ 75.599945335242992, 14.95580799475899 ], [ 75.599900580342577, 14.955788065393373 ], [ 75.599897070531497, 14.955745485970446 ], [ 75.599896872335492, 14.955743100615759 ], [ 75.600045310759228, 14.955621613200092 ], [ 75.600135744491539, 14.955547597849412 ], [ 75.600136027472558, 14.955547364756349 ], [ 75.600467280288299, 14.955276288846187 ], [ 75.600492416528084, 14.955268680888578 ], [ 75.600529859324638, 14.955257346482 ], [ 75.600912517457701, 14.955141515898172 ], [ 75.601222159671579, 14.954829291315988 ], [ 75.601279934515873, 14.954798338000504 ], [ 75.601327891866617, 14.95477264425864 ], [ 75.601517979211309, 14.954670803179654 ], [ 75.601938724644498, 14.954706379527114 ], [ 75.60212569428991, 14.954917484513507 ], [ 75.602139797381156, 14.954933411622807 ], [ 75.602160763887113, 14.954907864818153 ], [ 75.602381216619605, 14.954639349424097 ], [ 75.602760312589368, 14.95464365972753 ], [ 75.602853877197902, 14.954692595759104 ], [ 75.603012741928708, 14.954775684641932 ], [ 75.603179626109096, 14.954862967061441 ], [ 75.603225747262456, 14.954887080982456 ], [ 75.603265567321372, 14.954907899884361 ], [ 75.603304695440244, 14.954928357165779 ], [ 75.603345097569218, 14.954949480095404 ], [ 75.60336601247036, 14.954960414865697 ], [ 75.603416532147548, 14.95498682886441 ], [ 75.603447723840389, 14.955003136557549 ], [ 75.60359699477516, 14.955081178463649 ], [ 75.603631793069155, 14.955127191081511 ], [ 75.603794500930022, 14.955442332772403 ], [ 75.603819030904674, 14.955508909646603 ], [ 75.603831487214052, 14.955682713704462 ], [ 75.603833416811455, 14.955709633988695 ], [ 75.603838895910698, 14.955786063296186 ], [ 75.60383423182077, 14.955795059310685 ], [ 75.603840642917248, 14.955888983953553 ], [ 75.603835848598422, 14.955898106167032 ], [ 75.603733013098505, 14.956093973621543 ], [ 75.603636199061157, 14.956278370940357 ], [ 75.6037525796187, 14.956361172299125 ], [ 75.60379751794872, 14.956393144788548 ], [ 75.603901810323237, 14.956442403669815 ], [ 75.603968208381588, 14.956478545557873 ], [ 75.604122143659154, 14.956462723232439 ], [ 75.604230037134741, 14.956451632162429 ], [ 75.604741166249326, 14.956399101677023 ], [ 75.604936252164691, 14.956379052815977 ], [ 75.605003795413282, 14.95634374092284 ], [ 75.605138841169648, 14.956268275257898 ], [ 75.605379364486026, 14.956133870609253 ], [ 75.605607049705739, 14.956099528330721 ], [ 75.60576027408591, 14.956076416788175 ], [ 75.606097817674481, 14.956025502759241 ], [ 75.607039495659663, 14.956150574571291 ], [ 75.607076886995884, 14.956194753489227 ], [ 75.607131938801501, 14.956259789629682 ], [ 75.607193353947096, 14.956332346166416 ], [ 75.607586898676615, 14.956797265894153 ], [ 75.607586969605734, 14.956797356113608 ], [ 75.607618287321813, 14.956839729368825 ], [ 75.608006893496025, 14.957365507040521 ], [ 75.608362157793451, 14.957573664918797 ], [ 75.608685742207072, 14.957763255468235 ], [ 75.609053205099983, 14.957855173566484 ], [ 75.609234324466939, 14.957900478475603 ], [ 75.609459849080949, 14.957885378745232 ], [ 75.609792833054257, 14.957863097296748 ], [ 75.609963866987243, 14.95789412327537 ], [ 75.610036018041086, 14.957907205141264 ], [ 75.610258389726241, 14.957947555842219 ], [ 75.610527140061919, 14.957896732274827 ], [ 75.610818603984328, 14.95784161743563 ], [ 75.611175244120744, 14.957948604947214 ], [ 75.611242503381376, 14.957968773958989 ], [ 75.611242740208866, 14.957969322102315 ], [ 75.61132959450957, 14.958170456493828 ], [ 75.611442394415889, 14.958431670789484 ], [ 75.611604485238828, 14.9588070351681 ], [ 75.611624155258795, 14.958852586137111 ], [ 75.611780850187614, 14.959215459560074 ], [ 75.611823347851328, 14.959313880572473 ], [ 75.611777567328389, 14.959313807068067 ], [ 75.611397369369072, 14.959313246125998 ], [ 75.61136513078732, 14.959313196846557 ], [ 75.611296440854289, 14.959244123639177 ], [ 75.611066867962194, 14.959013285284827 ], [ 75.611055693328865, 14.959092645015165 ], [ 75.611026248058934, 14.959316437509605 ], [ 75.611022680131086, 14.95932709731421 ], [ 75.611014863190633, 14.95938261146569 ], [ 75.610753329296884, 14.960146005040622 ], [ 75.610693423369796, 14.960315395739253 ], [ 75.610679019028197, 14.960363904776555 ], [ 75.610678230141772, 14.960366562868831 ], [ 75.610655128994239, 14.960446520335291 ], [ 75.610050464812616, 14.962523853150538 ], [ 75.609979061399116, 14.962764555768631 ], [ 75.609979015300198, 14.962764696928478 ], [ 75.609842183152509, 14.963150086285365 ], [ 75.609827887201405, 14.963190350665263 ], [ 75.609625016098065, 14.963761738445417 ], [ 75.609619314463416, 14.963777528080845 ], [ 75.609449266265514, 14.964248455153289 ], [ 75.609438800080184, 14.964286191417774 ], [ 75.609005631449548, 14.96584846151282 ], [ 75.60899394544326, 14.965890639145977 ], [ 75.608968276549831, 14.965983289154217 ], [ 75.608977025933712, 14.967031360534703 ], [ 75.608978530280282, 14.967209077129349 ], [ 75.608978551301419, 14.967211581377363 ], [ 75.608978900127511, 14.967253107594551 ], [ 75.608929878561625, 14.967582319338202 ], [ 75.60882722937464, 14.967758429676085 ], [ 75.608760537236961, 14.967973861115054 ], [ 75.608759259718227, 14.967978431112977 ], [ 75.608746182941914, 14.968021492112426 ], [ 75.608725766474834, 14.968086178932161 ], [ 75.608725761788861, 14.968086194068972 ], [ 75.608729453376881, 14.968252740055579 ], [ 75.608754754261938, 14.96939409808739 ], [ 75.608754842742144, 14.969398097504639 ], [ 75.608755388818352, 14.969745685262263 ], [ 75.608755514523565, 14.96977868116155 ], [ 75.608755635643945, 14.969810382429339 ], [ 75.608850586193526, 14.970308443886195 ], [ 75.608857708499087, 14.970345804999058 ], [ 75.608857985052154, 14.970347244461546 ], [ 75.608888187677152, 14.970505366222465 ], [ 75.609004697984545, 14.971115333171616 ], [ 75.609020623612835, 14.971198095399922 ], [ 75.609031844810133, 14.971244461051864 ], [ 75.609039094657888, 14.971274272740557 ], [ 75.609078734108706, 14.971437275706556 ], [ 75.609114224214281, 14.971580616043337 ], [ 75.60912529947511, 14.97162534659571 ], [ 75.609363271612509, 14.972586480011987 ], [ 75.609522189213891, 14.973121465413996 ], [ 75.609531754228968, 14.973153664896197 ], [ 75.609636004370486, 14.973504614284165 ], [ 75.609637561996649, 14.973509827568769 ], [ 75.609658356917407, 14.973508823611258 ], [ 75.609790252114706, 14.973502457117151 ], [ 75.610030528621166, 14.973492184406373 ], [ 75.610069932969736, 14.973492160390736 ], [ 75.61043492771222, 14.973491938833304 ], [ 75.611207122634994, 14.973475393129609 ], [ 75.611643478915582, 14.973467747585053 ], [ 75.611643774670981, 14.973467752216507 ], [ 75.611789235224407, 14.973470046348691 ], [ 75.612040533465134, 14.973474010154177 ], [ 75.612061606736532, 14.973477042852325 ], [ 75.612175108284902, 14.973493333566728 ], [ 75.612458225024909, 14.973533683004073 ], [ 75.613380217955807, 14.973662966209718 ], [ 75.613387697570943, 14.973664446869126 ], [ 75.613439818461316, 14.973674742499579 ], [ 75.613478213094709, 14.97368232663216 ], [ 75.613512569201532, 14.97368910433218 ], [ 75.613560007624343, 14.973698458724588 ], [ 75.613609674668822, 14.973708251919151 ], [ 75.61382432922305, 14.973750514205072 ], [ 75.614148961861645, 14.973814282989963 ], [ 75.614315036611103, 14.973848032597607 ], [ 75.614324682795285, 14.973848733498741 ], [ 75.61591819904892, 14.973962703423558 ], [ 75.616427595754757, 14.97399858900898 ], [ 75.61645732474318, 14.974000655854525 ], [ 75.617260295945044, 14.974056478320284 ], [ 75.617366718511832, 14.974063876786118 ], [ 75.617657449421756, 14.97408385743042 ], [ 75.618133965556396, 14.974102484253466 ], [ 75.618703602216584, 14.974124750588848 ], [ 75.61877568506867, 14.974127570160283 ], [ 75.618772526419093, 14.974160267961503 ], [ 75.618650694603645, 14.975554568271034 ], [ 75.618466249497047, 14.977046417886656 ], [ 75.618462146891815, 14.97707937635375 ], [ 75.618453351693418, 14.977150032260035 ], [ 75.618426205199398, 14.977368119035471 ], [ 75.618426076099922, 14.977369151843448 ], [ 75.618397633286662, 14.97752928706727 ], [ 75.618214467276033, 14.978557064792625 ], [ 75.618201472844746, 14.978629978704834 ], [ 75.618198362528901, 14.978647379801908 ], [ 75.618139931941371, 14.978974293918489 ], [ 75.618139800072115, 14.978975010306231 ], [ 75.618057904971536, 14.979383426503334 ], [ 75.618023631702002, 14.979554076539891 ], [ 75.618023618904644, 14.979554154325337 ], [ 75.618001294398852, 14.979706232936286 ], [ 75.61798322670839, 14.979829154321742 ], [ 75.617961937285742, 14.979973775993997 ], [ 75.617880665692724, 14.980468817426988 ], [ 75.617858879722149, 14.980606700526303 ], [ 75.617851281574019, 14.980654789163816 ], [ 75.61783184132581, 14.980777822741791 ], [ 75.617830320991416, 14.980786027757869 ], [ 75.617824489239993, 14.980817343663141 ], [ 75.617822936880316, 14.980825732293892 ], [ 75.617817421482599, 14.980855800617451 ], [ 75.617815697021982, 14.980865147133628 ], [ 75.617814213418512, 14.980873188411843 ], [ 75.617813996366138, 14.980874362493907 ], [ 75.617835375951955, 14.980879830289791 ], [ 75.617889806367174, 14.980893751156882 ], [ 75.617937345736877, 14.980907208813015 ], [ 75.617954216004762, 14.980910881565656 ], [ 75.619494257355441, 14.981246133203522 ], [ 75.622059916066888, 14.981782516547504 ], [ 75.623075682637335, 14.981975643822345 ], [ 75.626219775047744, 14.982880583326443 ], [ 75.626350796966847, 14.982918293174029 ], [ 75.628337203068256, 14.983475660007375 ], [ 75.628342843074989, 14.983477640663583 ], [ 75.629582053828528, 14.983912124745096 ], [ 75.629632935011827, 14.984026366170523 ], [ 75.629717049313626, 14.984215223237536 ], [ 75.629716014005126, 14.984216758507138 ], [ 75.630330424045354, 14.985507384222513 ], [ 75.63036051612518, 14.985589728353602 ], [ 75.630547206680873, 14.986280474099502 ], [ 75.63055556345607, 14.986311353209709 ], [ 75.630563622170087, 14.986341127458848 ], [ 75.63080152975482, 14.987218535925283 ], [ 75.631070961542633, 14.988065256458617 ], [ 75.631103189423484, 14.988166535831864 ], [ 75.631152509543341, 14.988321244860821 ], [ 75.63171596245995, 14.989958989239394 ], [ 75.63174084941501, 14.990036654487177 ], [ 75.631750176045159, 14.990065760663116 ], [ 75.63214852092517, 14.991290426106463 ], [ 75.632190381357319, 14.991419119943497 ], [ 75.632188602773553, 14.991478893312598 ], [ 75.632187913711775, 14.991502059448003 ], [ 75.632391579359265, 14.991471362358912 ], [ 75.632412264518436, 14.991468244653516 ], [ 75.632608694255126, 14.991458188513077 ], [ 75.632866624720592, 14.991444983372814 ], [ 75.633101249367456, 14.991440703540512 ], [ 75.634807968693323, 14.991437126755992 ], [ 75.635845657024888, 14.991428514252847 ], [ 75.635919395752779, 14.99142790163803 ], [ 75.635946563340426, 14.991427560922057 ], [ 75.636022762979366, 14.991426605993674 ], [ 75.636060104295439, 14.991426121144467 ], [ 75.636066919661062, 14.991426030697644 ], [ 75.637126986803437, 14.991470061067554 ], [ 75.637129433201025, 14.991470157291587 ], [ 75.638942243737745, 14.991539209861111 ], [ 75.638948417487541, 14.991538853521112 ], [ 75.640496654861835, 14.991552209444389 ], [ 75.641146936395643, 14.991553704887668 ], [ 75.641162460395179, 14.991553712737851 ], [ 75.641262551167372, 14.991553761060144 ], [ 75.641263817007271, 14.991553761113963 ], [ 75.642698681083957, 14.991398611513967 ], [ 75.643770639727521, 14.991278233947822 ], [ 75.64439186347883, 14.991207319048343 ], [ 75.644392905855455, 14.991207238350174 ], [ 75.644737579984209, 14.99117867012176 ], [ 75.644788260347966, 14.991174452056102 ], [ 75.644865921999028, 14.991167965243566 ], [ 75.645092672298986, 14.991149024059679 ], [ 75.645899363943954, 14.991080951225614 ], [ 75.646638771163708, 14.991017785767299 ], [ 75.647134687004311, 14.990976151168024 ], [ 75.647199547181643, 14.990970686264717 ], [ 75.647203483202645, 14.990970355043368 ], [ 75.647207338323909, 14.990970029476189 ], [ 75.647624661088614, 14.990927032192122 ], [ 75.648433228929136, 14.990843326345725 ], [ 75.648964188070451, 14.990788686041222 ], [ 75.648983428842953, 14.990786313199791 ], [ 75.649184703895841, 14.990764439002172 ], [ 75.649354217274023, 14.990746110508157 ], [ 75.649410110553958, 14.990740066611993 ], [ 75.649561477518333, 14.990723699986543 ], [ 75.649566156129907, 14.990723193025843 ], [ 75.649635507210903, 14.990717947882954 ], [ 75.649671577511668, 14.99071520876999 ], [ 75.649765624741107, 14.990708066948484 ], [ 75.650005889104747, 14.990689821903684 ], [ 75.650010076267961, 14.990689501670758 ], [ 75.650208185955549, 14.990674373660159 ], [ 75.650225134531553, 14.990673079485685 ], [ 75.650226217827992, 14.990672999548302 ], [ 75.650655664919611, 14.99067258376415 ], [ 75.650776368389245, 14.990672635060809 ], [ 75.650935258937466, 14.990672702877038 ], [ 75.651565611391362, 14.990676240783731 ], [ 75.651568379673094, 14.99067575099744 ], [ 75.652183886710318, 14.99056707185934 ], [ 75.652694961440162, 14.990476456157957 ], [ 75.652729932900954, 14.990470235415838 ], [ 75.652786450423292, 14.990452960329495 ], [ 75.65329875483485, 14.990296365087952 ], [ 75.653300590962118, 14.990295805627539 ], [ 75.653570404767379, 14.990215074868425 ], [ 75.653601882370765, 14.990205648230276 ], [ 75.653944817380946, 14.990102894743673 ], [ 75.653982848516151, 14.990095396618807 ], [ 75.65417503440294, 14.990057569182017 ], [ 75.654548689715241, 14.989989884173124 ], [ 75.654607726990164, 14.989979190284975 ], [ 75.65473960547709, 14.989955301013998 ], [ 75.654736637224758, 14.989920302963364 ], [ 75.654728624781768, 14.989825829647017 ], [ 75.654735268072315, 14.989823926473527 ], [ 75.655208129968543, 14.989688480829269 ], [ 75.65521276409774, 14.989687428726311 ], [ 75.655585574226308, 14.989602752446466 ], [ 75.655631030668602, 14.989592434587017 ], [ 75.655669659531185, 14.989583666053038 ], [ 75.655764303111113, 14.989562182386059 ], [ 75.656005274877828, 14.989507541049262 ], [ 75.656144662138928, 14.989475978204032 ], [ 75.656542407969113, 14.989416957794939 ], [ 75.656893712230186, 14.989307772084544 ], [ 75.65708465177687, 14.989264261025101 ], [ 75.657439253973138, 14.989183455774715 ], [ 75.65785619831469, 14.989134620626066 ], [ 75.657859055309032, 14.989133955118541 ], [ 75.657863864815468, 14.989133387942807 ], [ 75.658163530641161, 14.989063078223868 ], [ 75.658199862772236, 14.989054554575963 ], [ 75.658200274498171, 14.98905445845927 ], [ 75.658211038799351, 14.989051927611113 ], [ 75.658479798078602, 14.98898885705086 ], [ 75.658695916960909, 14.988938146014782 ], [ 75.659252826954813, 14.988823660515598 ], [ 75.659386284668031, 14.988802321648595 ], [ 75.659902507706434, 14.988720157139129 ], [ 75.659902617383906, 14.988720134219756 ], [ 75.66016967659057, 14.988663177240204 ], [ 75.660175218957932, 14.988661999453258 ], [ 75.66057370207173, 14.988577559006488 ], [ 75.6608973400986, 14.988491402029213 ], [ 75.660946138828024, 14.988478410944285 ], [ 75.660946486391438, 14.988478319529165 ], [ 75.661334362351425, 14.988375401294372 ], [ 75.66134034151608, 14.988373817188149 ], [ 75.661549305573971, 14.988330270032911 ], [ 75.662072038309631, 14.988221335741455 ], [ 75.662072349711138, 14.988221280592532 ], [ 75.66233600727459, 14.988181847376373 ], [ 75.662489631310805, 14.988158873216769 ], [ 75.66289683076333, 14.988097976183832 ], [ 75.663004831210216, 14.988081888694598 ], [ 75.663004860022397, 14.988081882282295 ], [ 75.663024691361386, 14.988077531156192 ], [ 75.663090567764911, 14.988063066928923 ], [ 75.66324587794827, 14.988028961862106 ], [ 75.66324607314813, 14.988028925131195 ], [ 75.663258598613652, 14.988026312077182 ], [ 75.663261948435363, 14.988025623371092 ], [ 75.66326747564321, 14.988024366900087 ], [ 75.663340984703126, 14.988008287415287 ], [ 75.663397926568095, 14.987995832636962 ], [ 75.663455054300059, 14.987983333004108 ], [ 75.663528164587376, 14.987967335987188 ], [ 75.663542729782108, 14.987964155551275 ], [ 75.663648792782183, 14.98793569395861 ], [ 75.663700939947361, 14.987927702904734 ], [ 75.663827197550575, 14.987908365971936 ], [ 75.66474853716899, 14.987712703898803 ], [ 75.665391541755838, 14.987598028439294 ], [ 75.665574747914874, 14.987543856566255 ], [ 75.665812523624297, 14.987472182796621 ], [ 75.665812806999597, 14.987473465338242 ], [ 75.665819741298606, 14.98747141494885 ], [ 75.665821251657604, 14.987478917034846 ], [ 75.665853972873464, 14.987640408692631 ], [ 75.66610872686752, 14.987568373788182 ], [ 75.666116738840515, 14.987566110988976 ], [ 75.666584487167782, 14.987434230902604 ], [ 75.66692569097313, 14.987286066324138 ], [ 75.666930100712392, 14.98728415635393 ], [ 75.667019948418016, 14.987243656286003 ], [ 75.667104401574719, 14.987205584610892 ], [ 75.667845992611291, 14.986871275436277 ], [ 75.66866889001885, 14.986500311270635 ], [ 75.66871102481872, 14.986481316997731 ], [ 75.669211427764438, 14.986226390444992 ], [ 75.669651892399841, 14.985872485044524 ], [ 75.670369550679425, 14.985294844517334 ], [ 75.670782144181089, 14.98495338759602 ], [ 75.670782245290681, 14.984953302315894 ], [ 75.671113741050945, 14.984678959326748 ], [ 75.671941136918562, 14.983986363976896 ], [ 75.672638270420748, 14.983392562692208 ], [ 75.673129357268436, 14.982979599601459 ], [ 75.673129852610558, 14.982979184074933 ], [ 75.673649534723694, 14.982543743490446 ], [ 75.674287179181533, 14.982013453243006 ], [ 75.674507252119824, 14.981961144623437 ], [ 75.674842691563697, 14.981881419266355 ], [ 75.675166157122007, 14.981804542348597 ], [ 75.675320630163299, 14.981768686905523 ], [ 75.675320270599713, 14.981767911374829 ], [ 75.67531440989012, 14.981755267240613 ], [ 75.675297177044939, 14.981718093220669 ], [ 75.675264281614886, 14.981647119937055 ], [ 75.677729720446948, 14.980351542082479 ], [ 75.677754376665334, 14.980338625586334 ], [ 75.677754505724494, 14.980338557397516 ], [ 75.677756495461807, 14.980337505474955 ], [ 75.67775757250476, 14.980336937230192 ], [ 75.677772412659891, 14.98032916332564 ], [ 75.677787094039743, 14.980321472162446 ], [ 75.677789311292571, 14.980320311979074 ], [ 75.677794262034666, 14.980317718856902 ], [ 75.67780533584677, 14.980311803159672 ], [ 75.677807970913307, 14.980310421141191 ], [ 75.677812506591295, 14.980308037188422 ], [ 75.677816112849015, 14.980306141483663 ], [ 75.677823071890472, 14.98030248462973 ], [ 75.677837596275694, 14.980294851790553 ], [ 75.677842021460123, 14.980292525122039 ], [ 75.677887118269368, 14.980268828295651 ], [ 75.677895911077272, 14.980264207674354 ], [ 75.677931390561525, 14.980245562440977 ], [ 75.677943590929218, 14.980239151574139 ], [ 75.677981773240973, 14.980219086140812 ], [ 75.677994239152341, 14.980212535255129 ], [ 75.678028469800438, 14.980194546458593 ], [ 75.678042183605982, 14.980187341833821 ], [ 75.678075012222237, 14.980170088591755 ], [ 75.678082922956989, 14.980165931661947 ], [ 75.678142333308116, 14.980134712855341 ], [ 75.678158354386895, 14.980126290813047 ], [ 75.678221345889654, 14.980093187200097 ], [ 75.678237138567937, 14.980084889689314 ], [ 75.678312641434061, 14.980045211511962 ], [ 75.678331536185837, 14.980035283770608 ], [ 75.678406882105378, 14.979995689204495 ], [ 75.678431745166861, 14.979982623755074 ], [ 75.678440261264328, 14.979978149492032 ], [ 75.678509323130925, 14.979941855361918 ], [ 75.678536121146394, 14.979927772490301 ], [ 75.678592429283015, 14.97989818289434 ], [ 75.678613618289489, 14.979887045890679 ], [ 75.678629503781636, 14.979878698353732 ], [ 75.678650456953221, 14.979867686810204 ], [ 75.678651462513997, 14.979867161265396 ], [ 75.678673642361346, 14.9798345876362 ], [ 75.678767763369422, 14.979696356470471 ], [ 75.679294406051909, 14.978922929236834 ], [ 75.67950461495316, 14.978614213368509 ], [ 75.679633254488678, 14.978425294537622 ], [ 75.679967625241133, 14.978314362952203 ], [ 75.680227086833597, 14.978228281189185 ], [ 75.681953930670844, 14.977140959611763 ], [ 75.682542750310816, 14.977002193719592 ], [ 75.683595816171135, 14.976754015329918 ], [ 75.68385483294152, 14.976692973588664 ], [ 75.684065559600057, 14.976643309459741 ], [ 75.684182831571334, 14.976615667464014 ], [ 75.684221559805238, 14.976606544042394 ], [ 75.684241527971778, 14.976601839030145 ], [ 75.684373886456029, 14.976570669202568 ], [ 75.684875011691858, 14.97644986762147 ], [ 75.685066846315863, 14.976403628779043 ], [ 75.685066945736693, 14.976403600454276 ], [ 75.685074016612077, 14.976401267511733 ], [ 75.685120436753024, 14.976385966841521 ], [ 75.685315822885528, 14.976321571569432 ], [ 75.686041797192459, 14.97608350849743 ], [ 75.68616687433169, 14.976042498880869 ], [ 75.686771417123879, 14.975842474083608 ], [ 75.686772549605493, 14.975842099101493 ], [ 75.687933819942927, 14.975457893418778 ], [ 75.687949660805444, 14.975452212578094 ], [ 75.688133194234283, 14.975386394250506 ], [ 75.688557672974198, 14.975232172911197 ], [ 75.688657226166228, 14.975195838010116 ], [ 75.688682959080154, 14.975186446605074 ], [ 75.688683652984906, 14.975186194083046 ], [ 75.688764767978213, 14.975156573268752 ], [ 75.688764837560129, 14.975156520622702 ], [ 75.68876520076563, 14.975156387531973 ], [ 75.688785151733171, 14.975141430957111 ], [ 75.689452314437958, 14.974641288352974 ], [ 75.689839271230937, 14.974351201821673 ], [ 75.690016067441476, 14.974218664129619 ], [ 75.690417815254193, 14.973921037200657 ], [ 75.690489272339605, 14.973868160767974 ], [ 75.690508840504137, 14.973853680748453 ], [ 75.690510776036064, 14.973851423760699 ], [ 75.690856296371379, 14.973448603553702 ], [ 75.692038931387884, 14.972069202446409 ], [ 75.692734209134642, 14.971256505309217 ], [ 75.692744186608095, 14.971244825198763 ], [ 75.692773364808062, 14.971210654155957 ], [ 75.692793928471175, 14.971176456834115 ], [ 75.693347405887053, 14.970256014154426 ], [ 75.69366221443741, 14.969727032127917 ], [ 75.693733849337306, 14.969605231719518 ], [ 75.693774107285307, 14.969536781698967 ], [ 75.69435624927533, 14.968577585364709 ], [ 75.694758529563956, 14.967949246345711 ], [ 75.694848777786589, 14.96780789272956 ], [ 75.694897492928277, 14.967731299153057 ], [ 75.695017812668297, 14.967542120041198 ], [ 75.695017655798765, 14.967539326046662 ], [ 75.695003549339717, 14.967222553051723 ], [ 75.694973278494672, 14.966457664946871 ], [ 75.694968757352257, 14.96634348595015 ], [ 75.694968757382895, 14.96634348271491 ], [ 75.694965210242216, 14.966311668151956 ], [ 75.694969601564125, 14.966254362579367 ], [ 75.694973190043768, 14.965875527103286 ] ] ], [ [ [ 75.595071991998537, 14.957149121366593 ], [ 75.595142560560859, 14.95707809079563 ], [ 75.595066111711049, 14.957141332197798 ], [ 75.595071991998537, 14.957149121366593 ] ] ] ] } },
{ "type": "Feature", "properties": { "OBJECTID": 684, "KGISHobliID": 681, "KGISHobliCode": "080702", "KGISHobliName": "Lakshmeshvara", "BhuCodeHobli": null, "SHAPE.STArea()": 380198203.63827085, "SHAPE.STLength()": 114366.46591032029, "KGISTalukCode": "0807", "created_user": null, "created_date": null, "last_edited_user": "SA", "last_edited_date": 1629110263000.0, "_overlap_percent": 0.022496564221905057, "_police_station": "Guttal PS", "_police_feature_index": "212", "_admin_layer": "Hobli", "_geometry_clipped": true }, "geometry": { "type": "MultiPolygon", "coordinates": [ [ [ [ 75.595014809506822, 14.957073376173994 ], [ 75.595086625130023, 14.957013740995105 ], [ 75.595138748873467, 14.95697048668055 ], [ 75.595184350059412, 14.956932645832115 ], [ 75.595177545105642, 14.956909500041215 ], [ 75.595177326668974, 14.956909535869858 ], [ 75.59501245671936, 14.956937767938495 ], [ 75.594898015045146, 14.956957427985543 ], [ 75.594659572176781, 14.956998888361827 ], [ 75.594606689059518, 14.957008231461222 ], [ 75.594606066054894, 14.957008251165258 ], [ 75.594559383787754, 14.957009839148983 ], [ 75.594537477446764, 14.957010595950276 ], [ 75.594458055370865, 14.957013394742745 ], [ 75.594454283897633, 14.957013524804655 ], [ 75.594446335582916, 14.95701381581838 ], [ 75.594434196417964, 14.957014246121945 ], [ 75.594255210627097, 14.957129235926011 ], [ 75.594204715957815, 14.95716169737387 ], [ 75.59418333825198, 14.957175451683344 ], [ 75.59401906427604, 14.957281139782022 ], [ 75.594018951938267, 14.95728120697647 ], [ 75.593957589217368, 14.95731679313251 ], [ 75.593894912741987, 14.957353153873258 ], [ 75.593816143310406, 14.957398863090003 ], [ 75.593699543856388, 14.957466544053917 ], [ 75.593656419781084, 14.957491585389375 ], [ 75.59347664021125, 14.95760194414386 ], [ 75.593377727042366, 14.9576756923933 ], [ 75.593251487637119, 14.957769802863655 ], [ 75.593104056243845, 14.957863449373178 ], [ 75.592971864994595, 14.957947415060637 ], [ 75.592923514226172, 14.95797812669008 ], [ 75.592871178150631, 14.958011369244195 ], [ 75.592848046990582, 14.958024661479154 ], [ 75.592478884794687, 14.958236771256628 ], [ 75.592422540881032, 14.958188167442621 ], [ 75.592346056350124, 14.958122315314924 ], [ 75.59215100861266, 14.957869351346675 ], [ 75.591937745111323, 14.957879961370537 ], [ 75.591849928015264, 14.957976670165628 ], [ 75.591848904449677, 14.957977797499504 ], [ 75.591754582662162, 14.958040040449177 ], [ 75.591753737016731, 14.958040599556689 ], [ 75.591640273207602, 14.958115391938474 ], [ 75.591625471748557, 14.95812573504335 ], [ 75.591625394710007, 14.95812578858393 ], [ 75.591521846551714, 14.958198113284281 ], [ 75.591488992160492, 14.95822104189361 ], [ 75.591364729700274, 14.958307731839417 ], [ 75.591351058679265, 14.958317269172541 ], [ 75.591105281789851, 14.958452080742731 ], [ 75.591079231016437, 14.958407867047484 ], [ 75.591078377993057, 14.958406412776235 ], [ 75.591061468375074, 14.958377738318241 ], [ 75.591059261143073, 14.958373831155939 ], [ 75.59105919619347, 14.958373884665036 ], [ 75.591048513584155, 14.958355769158203 ], [ 75.590927672099127, 14.958453993364675 ], [ 75.590927637768146, 14.958454021480126 ], [ 75.590910063490142, 14.958470260921292 ], [ 75.59085514962679, 14.958520994686396 ], [ 75.590854641307331, 14.958521466125649 ], [ 75.590834903848247, 14.958539701048688 ], [ 75.590792371520166, 14.958578984174654 ], [ 75.590789365165435, 14.958581760259779 ], [ 75.590745585428579, 14.958617524293194 ], [ 75.590717767829787, 14.958640241768814 ], [ 75.590677561276635, 14.958673077256913 ], [ 75.590629063242034, 14.958712684080634 ], [ 75.590358920792696, 14.958803978331712 ], [ 75.590273683369631, 14.958832752412789 ], [ 75.590270192943692, 14.958833650151707 ], [ 75.590270165067736, 14.958833658360534 ], [ 75.590250457556849, 14.958838732403244 ], [ 75.590035148433103, 14.958894058365377 ], [ 75.590016683349091, 14.958898802802921 ], [ 75.590000000581085, 14.958862929358681 ], [ 75.589926487598433, 14.958705197488669 ], [ 75.589908119426283, 14.958665786188551 ], [ 75.589873012589493, 14.958590446426083 ], [ 75.589840887005323, 14.958521505296629 ], [ 75.589840036693758, 14.958519679434835 ], [ 75.589692889322308, 14.958514172137532 ], [ 75.589678563900463, 14.958513635947321 ], [ 75.589646747197577, 14.958512445168557 ], [ 75.589463081675717, 14.958857885482034 ], [ 75.589427879883758, 14.958924092959098 ], [ 75.589344031297898, 14.959081797297522 ], [ 75.588544143876803, 14.960588182133886 ], [ 75.588544117061204, 14.960588238256252 ], [ 75.588527772295834, 14.960626127173612 ], [ 75.588122565065291, 14.961565437454395 ], [ 75.588102917491298, 14.961589199493721 ], [ 75.588006225645699, 14.96170614417443 ], [ 75.587506955399462, 14.962309954943537 ], [ 75.587102639642254, 14.962798744240997 ], [ 75.58706369916257, 14.962869800557137 ], [ 75.586941720486408, 14.963092383399447 ], [ 75.586887822961046, 14.96315205142586 ], [ 75.586854305622126, 14.963189157148321 ], [ 75.586789306290299, 14.963261200776895 ], [ 75.586743167559618, 14.963312381169885 ], [ 75.586765459323829, 14.963382978964727 ], [ 75.58680328548067, 14.963502879032728 ], [ 75.586813119161931, 14.963534062743603 ], [ 75.586828224215665, 14.963595785528245 ], [ 75.586922662523421, 14.963981684358258 ], [ 75.586903589271913, 14.96415684368883 ], [ 75.586900065427145, 14.964377234149035 ], [ 75.586899615236703, 14.96440488853308 ], [ 75.58689944425187, 14.964415190109227 ], [ 75.586750949131257, 14.964488002628709 ], [ 75.586393362506499, 14.964658264785001 ], [ 75.586386618534377, 14.964661413860409 ], [ 75.586187629493949, 14.964823977634421 ], [ 75.585954981920892, 14.965014049444717 ], [ 75.585910253629521, 14.965050593453805 ], [ 75.585894884785048, 14.965091304049105 ], [ 75.585858845387676, 14.965186796167265 ], [ 75.585902884903291, 14.965095929600803 ], [ 75.585922249136956, 14.965055984452077 ], [ 75.585969676894379, 14.965019691173856 ], [ 75.586216361315124, 14.964830926764259 ], [ 75.586427355607157, 14.964669480306267 ], [ 75.586434249251852, 14.964666311859318 ], [ 75.586803278232324, 14.964496733543326 ], [ 75.586958618130055, 14.964425360771196 ], [ 75.586959650567366, 14.9644151699902 ], [ 75.586962416259809, 14.96438781342373 ], [ 75.586984478019716, 14.964169794619083 ], [ 75.587002030681418, 14.963996335257068 ], [ 75.586889180903754, 14.963552739035515 ], [ 75.586879131238035, 14.963521816260027 ], [ 75.58684049302903, 14.963402888376715 ], [ 75.586817734963333, 14.963332841472386 ], [ 75.586863496105934, 14.96328200016325 ], [ 75.586927875599585, 14.963210470724 ], [ 75.587014302990639, 14.963114445357139 ], [ 75.587172169599654, 14.962823081446951 ], [ 75.587570293089072, 14.962338904335621 ], [ 75.588061777466791, 14.961741188937733 ], [ 75.588176295261391, 14.961601914433222 ], [ 75.588588662556759, 14.96063108911429 ], [ 75.588588689374831, 14.960631033895991 ], [ 75.589373899666668, 14.959132973640976 ], [ 75.589671249805036, 14.958565678564113 ], [ 75.589862430594309, 14.958575427089954 ], [ 75.589930228595776, 14.958723161018582 ], [ 75.590021727147814, 14.958922523788923 ], [ 75.59003835139697, 14.958958759016051 ], [ 75.590269131422318, 14.958902158072229 ], [ 75.590288584025771, 14.958897384842782 ], [ 75.590288611904214, 14.958897377538037 ], [ 75.59029205690743, 14.958896532353116 ], [ 75.590376165219425, 14.958869053120671 ], [ 75.590642722226391, 14.958781967593914 ], [ 75.590757453547837, 14.958688572684805 ], [ 75.590800559069507, 14.958653482128108 ], [ 75.590803518121902, 14.958650751369426 ], [ 75.590845374310419, 14.958612118219349 ], [ 75.590864798282254, 14.958594186070723 ], [ 75.590865298252197, 14.958593721885732 ], [ 75.590919338447861, 14.958543837506063 ], [ 75.590936632636982, 14.958527871822477 ], [ 75.590936666038047, 14.958527843709417 ], [ 75.591055632531791, 14.958431562707917 ], [ 75.59108534998839, 14.958482873014759 ], [ 75.591086199341873, 14.958484345377151 ], [ 75.59111213074263, 14.958529109967253 ], [ 75.591354339309774, 14.958398635480718 ], [ 75.591367800843429, 14.958389344600757 ], [ 75.591490154870002, 14.958304945121087 ], [ 75.591522502294993, 14.958282637122384 ], [ 75.591624444375782, 14.958212310088076 ], [ 75.59162452048939, 14.958212258358055 ], [ 75.591639091197905, 14.95820220696613 ], [ 75.591750800015376, 14.958129703752983 ], [ 75.591751632689139, 14.958129161856677 ], [ 75.591844482255809, 14.958068895435073 ], [ 75.591845487282583, 14.958067789847293 ], [ 75.591931737044021, 14.957972962899342 ], [ 75.592142245624828, 14.957967246597125 ], [ 75.592336320660095, 14.958223575380003 ], [ 75.592412304251638, 14.958290540832357 ], [ 75.592468295917158, 14.95833988600647 ], [ 75.592831921086344, 14.958135443689171 ], [ 75.592854704851533, 14.958122632426148 ], [ 75.593083991336172, 14.957979679894617 ], [ 75.593229190227021, 14.957889151957376 ], [ 75.593353474185349, 14.957797799514744 ], [ 75.593450890514163, 14.957726190611048 ], [ 75.593628235151485, 14.957619383117535 ], [ 75.593670809109895, 14.95759515598842 ], [ 75.593785962936636, 14.957529631420389 ], [ 75.593863793364392, 14.957485340450329 ], [ 75.593925744777522, 14.95745008368125 ], [ 75.593986417649191, 14.957415556201324 ], [ 75.593986528132163, 14.957415490819884 ], [ 75.594148953032885, 14.957312671690904 ], [ 75.594170101121492, 14.957299277807163 ], [ 75.594220064351106, 14.957267654930716 ], [ 75.594397298530296, 14.9571554615216 ], [ 75.594409400685322, 14.957155096410094 ], [ 75.594417325874034, 14.957154847949615 ], [ 75.594421086242889, 14.957154736902906 ], [ 75.594500299223043, 14.957152307532153 ], [ 75.594522156531312, 14.95715163765364 ], [ 75.594568746277261, 14.957150209940233 ], [ 75.594569367427425, 14.957150192049298 ], [ 75.594622095052458, 14.957141103409896 ], [ 75.594860171016094, 14.957100073463275 ], [ 75.594974548459746, 14.957080361163253 ], [ 75.595014839962388, 14.957073416515776 ], [ 75.595014809506822, 14.957073376173994 ] ] ], [ [ [ 75.595071991998537, 14.957149121366593 ], [ 75.595066111711049, 14.957141332197798 ], [ 75.595049432431011, 14.957155129933916 ], [ 75.59497805501212, 14.957214184442817 ], [ 75.595035912325898, 14.95728879416332 ], [ 75.595152178873661, 14.957172079518223 ], [ 75.595206658260238, 14.957117391430121 ], [ 75.59528147208276, 14.957042290353209 ], [ 75.595281524941754, 14.957042236874472 ], [ 75.595324705557957, 14.95706206928636 ], [ 75.595382872535779, 14.957088784277868 ], [ 75.595382936501565, 14.957088711784388 ], [ 75.595469432038939, 14.956991329784984 ], [ 75.595555310975442, 14.956894631041973 ], [ 75.595613793425869, 14.956785976708073 ], [ 75.595612864914315, 14.956751449463008 ], [ 75.595611977490378, 14.956718360803523 ], [ 75.595593786162269, 14.956752066992795 ], [ 75.595551905544895, 14.95679926271449 ], [ 75.595507351282436, 14.956849471480025 ], [ 75.595464868997766, 14.956897355859388 ], [ 75.595420247954493, 14.956947642534228 ], [ 75.595420183061307, 14.956947715934216 ], [ 75.595362310349728, 14.956920461349617 ], [ 75.595319350900539, 14.956900225145796 ], [ 75.595319297114159, 14.956900279531059 ], [ 75.595243983904737, 14.956976029244917 ], [ 75.59518912189661, 14.957031224625279 ], [ 75.595146429861671, 14.95707419616271 ], [ 75.595146599584865, 14.957074749561038 ], [ 75.595142560560859, 14.95707809079563 ], [ 75.595071991998537, 14.957149121366593 ] ] ], [ [ [ 75.596124877694805, 14.956521649595153 ], [ 75.596067720788184, 14.956510792491398 ], [ 75.595789227839049, 14.956457809500222 ], [ 75.595648603349773, 14.956431018601993 ], [ 75.595649823752353, 14.956491113476662 ], [ 75.595650664231044, 14.956532491193784 ], [ 75.595651719717694, 14.956584425780633 ], [ 75.595749364033196, 14.956602250464032 ], [ 75.596028938880124, 14.956653285989272 ], [ 75.596266576709297, 14.956696665508034 ], [ 75.596148333675856, 14.956526104999599 ], [ 75.596124877694805, 14.956521649595153 ] ] ], [ [ [ 75.595666498139849, 14.956177313162422 ], [ 75.595663640322286, 14.956239264815546 ], [ 75.595664671378259, 14.956239490988018 ], [ 75.595666785078336, 14.956177359650768 ], [ 75.595666498139849, 14.956177313162422 ] ] ], [ [ [ 75.599866689930778, 14.955962406499017 ], [ 75.599789266206912, 14.95601920095751 ], [ 75.599779831456416, 14.956020667751483 ], [ 75.599645353241968, 14.956041572548555 ], [ 75.598995670472107, 14.956142651808472 ], [ 75.598633427855631, 14.956236295595495 ], [ 75.598618394150009, 14.956240181881679 ], [ 75.598616369245235, 14.956212531282901 ], [ 75.598597608664718, 14.955956337043288 ], [ 75.598583662429363, 14.955768221209636 ], [ 75.597919906267023, 14.955684006233504 ], [ 75.597755274298038, 14.955804055618989 ], [ 75.597466911543265, 14.956014417509403 ], [ 75.59743421230867, 14.956038282266167 ], [ 75.597152831074027, 14.956243674749741 ], [ 75.597136557860892, 14.956230128930846 ], [ 75.597062048214639, 14.956168107451079 ], [ 75.59673734701677, 14.955897829698847 ], [ 75.596507304966863, 14.955981711303107 ], [ 75.596371603473273, 14.956031203597053 ], [ 75.596123820197533, 14.956121613436988 ], [ 75.595943352237384, 14.955915428145309 ], [ 75.595797332002334, 14.955881004667654 ], [ 75.595766365536932, 14.95587371085016 ], [ 75.595732555852891, 14.95593398662125 ], [ 75.59572211478654, 14.955952600917055 ], [ 75.595710955625705, 14.955972496364192 ], [ 75.595708046389746, 14.956050665064511 ], [ 75.595724159537269, 14.95602194241885 ], [ 75.595755254696414, 14.95602902344589 ], [ 75.595901883181227, 14.956062428265389 ], [ 75.596083545106325, 14.956266534691592 ], [ 75.596331954365908, 14.956175098928755 ], [ 75.596468036517535, 14.956125011678354 ], [ 75.596698781632909, 14.956040073206269 ], [ 75.597116336769432, 14.956382180843431 ], [ 75.597398277288448, 14.956176182104921 ], [ 75.597431061845612, 14.95615222491298 ], [ 75.597720368669854, 14.955940845306021 ], [ 75.597885698924017, 14.955820046437601 ], [ 75.598551993560136, 14.955900671962363 ], [ 75.598565882977468, 14.956088424503895 ], [ 75.598586820313884, 14.956371369382019 ], [ 75.598965490270857, 14.95627228971586 ], [ 75.599617977137768, 14.956168176295463 ], [ 75.599762581971476, 14.956145103141386 ], [ 75.599840456781592, 14.956087980227723 ], [ 75.600002175423199, 14.955969351014891 ], [ 75.599911416759213, 14.955929599723856 ], [ 75.599866689930778, 14.955962406499017 ] ] ], [ [ [ 75.603838895910698, 14.955786063296186 ], [ 75.603833416811455, 14.955709633988695 ], [ 75.603831487214052, 14.955682713704462 ], [ 75.603819030904674, 14.955508909646603 ], [ 75.603794500930022, 14.955442332772403 ], [ 75.603631793069155, 14.955127191081511 ], [ 75.60359699477516, 14.955081178463649 ], [ 75.603447723840389, 14.955003136557549 ], [ 75.603416532147548, 14.95498682886441 ], [ 75.60336601247036, 14.954960414865697 ], [ 75.603345097569218, 14.954949480095404 ], [ 75.603304695440244, 14.954928357165779 ], [ 75.603265567321372, 14.954907899884361 ], [ 75.603225747262456, 14.954887080982456 ], [ 75.603179626109096, 14.954862967061441 ], [ 75.603012741928708, 14.954775684641932 ], [ 75.602853877197902, 14.954692595759104 ], [ 75.602760312589368, 14.95464365972753 ], [ 75.602381216619605, 14.954639349424097 ], [ 75.602160763887113, 14.954907864818153 ], [ 75.602139797381156, 14.954933411622807 ], [ 75.60212569428991, 14.954917484513507 ], [ 75.601938724644498, 14.954706379527114 ], [ 75.601517979211309, 14.954670803179654 ], [ 75.601327891866617, 14.95477264425864 ], [ 75.601279934515873, 14.954798338000504 ], [ 75.601222159671579, 14.954829291315988 ], [ 75.600912517457701, 14.955141515898172 ], [ 75.600529859324638, 14.955257346482 ], [ 75.600492416528084, 14.955268680888578 ], [ 75.600467280288299, 14.955276288846187 ], [ 75.600136027472558, 14.955547364756349 ], [ 75.600135744491539, 14.955547597849412 ], [ 75.600045310759228, 14.955621613200092 ], [ 75.599896872335492, 14.955743100615759 ], [ 75.599897070531497, 14.955745485970446 ], [ 75.599900580342577, 14.955788065393373 ], [ 75.599945335242992, 14.95580799475899 ], [ 75.600111864025322, 14.955671746013151 ], [ 75.600112149791258, 14.955671511104635 ], [ 75.60044584219844, 14.955398489551591 ], [ 75.60047113615542, 14.955390742856478 ], [ 75.60089393696019, 14.955261253628887 ], [ 75.601205873160794, 14.954947237465094 ], [ 75.601503724834046, 14.954787105794653 ], [ 75.601927458441423, 14.954820379721648 ], [ 75.60211571693344, 14.955030438906377 ], [ 75.602129913726841, 14.955046284401373 ], [ 75.602151065893437, 14.955020616864886 ], [ 75.602373394588597, 14.954750831718229 ], [ 75.602755644478449, 14.954752932261757 ], [ 75.603178393946891, 14.954969784975917 ], [ 75.603614289034823, 14.955193372801915 ], [ 75.603820223490743, 14.95558983273197 ], [ 75.60383423182077, 14.955795059310685 ], [ 75.603838895910698, 14.955786063296186 ] ] ], [ [ [ 75.603901810323237, 14.956442403669815 ], [ 75.60379751794872, 14.956393144788548 ], [ 75.6037525796187, 14.956361172299125 ], [ 75.603636199061157, 14.956278370940357 ], [ 75.603595658002845, 14.956355587660777 ], [ 75.603795843349644, 14.95649626525036 ], [ 75.60379638161875, 14.956496206869842 ], [ 75.603968208381588, 14.956478545557873 ], [ 75.603901810323237, 14.956442403669815 ] ] ], [ [ [ 75.604936252164691, 14.956379052815977 ], [ 75.604941585666012, 14.956378504695286 ], [ 75.605003795413282, 14.95634374092284 ], [ 75.604936252164691, 14.956379052815977 ] ] ], [ [ [ 75.611026248058934, 14.959316437509605 ], [ 75.611055693328865, 14.959092645015165 ], [ 75.611022680131086, 14.95932709731421 ], [ 75.611026248058934, 14.959316437509605 ] ] ], [ [ [ 75.608929878561625, 14.967582319338202 ], [ 75.608978900127511, 14.967253107594551 ], [ 75.608978551301419, 14.967211581377363 ], [ 75.608978530280282, 14.967209077129349 ], [ 75.608977025933712, 14.967031360534703 ], [ 75.608968276549831, 14.965983289154217 ], [ 75.60899394544326, 14.965890639145977 ], [ 75.609005631449548, 14.96584846151282 ], [ 75.609438800080184, 14.964286191417774 ], [ 75.609449266265514, 14.964248455153289 ], [ 75.609619314463416, 14.963777528080845 ], [ 75.609625016098065, 14.963761738445417 ], [ 75.609827887201405, 14.963190350665263 ], [ 75.609842183152509, 14.963150086285365 ], [ 75.609979015300198, 14.962764696928478 ], [ 75.609979061399116, 14.962764555768631 ], [ 75.610050464812616, 14.962523853150538 ], [ 75.610655128994239, 14.960446520335291 ], [ 75.610678230141772, 14.960366562868831 ], [ 75.610634770787982, 14.960512995827969 ], [ 75.610014319842364, 14.962591199823384 ], [ 75.609941161981794, 14.962832061717041 ], [ 75.609941114955419, 14.962832203783453 ], [ 75.609579883619261, 14.963830404607513 ], [ 75.609400568216458, 14.964317807960297 ], [ 75.609389827780689, 14.964355580214162 ], [ 75.608945058793992, 14.965919720078737 ], [ 75.6089066609848, 14.966054750295708 ], [ 75.608908159853442, 14.967102454082877 ], [ 75.608908415081459, 14.967280135136527 ], [ 75.60890847520821, 14.967324157387692 ], [ 75.60885684227803, 14.967653750375703 ], [ 75.608853957151354, 14.967672082889354 ], [ 75.608851668880746, 14.967679477143934 ], [ 75.608851658763328, 14.967679516950488 ], [ 75.60882722937464, 14.967758429676085 ], [ 75.608929878561625, 14.967582319338202 ] ] ], [ [ [ 75.608746182941914, 14.968021492112426 ], [ 75.608759259718227, 14.967978431112977 ], [ 75.608760537236961, 14.967973861115054 ], [ 75.608725766474834, 14.968086178932161 ], [ 75.608746182941914, 14.968021492112426 ] ] ], [ [ [ 75.617366718511832, 14.974063876786118 ], [ 75.617260295945044, 14.974056478320284 ], [ 75.61645732474318, 14.974000655854525 ], [ 75.616427595754757, 14.97399858900898 ], [ 75.61591819904892, 14.973962703423558 ], [ 75.614324682795285, 14.973848733498741 ], [ 75.614315036611103, 14.973848032597607 ], [ 75.614148961861645, 14.973814282989963 ], [ 75.61382432922305, 14.973750514205072 ], [ 75.613609674668822, 14.973708251919151 ], [ 75.613560007624343, 14.973698458724588 ], [ 75.613512569201532, 14.97368910433218 ], [ 75.613478213094709, 14.97368232663216 ], [ 75.613439818461316, 14.973674742499579 ], [ 75.613387697570943, 14.973664446869126 ], [ 75.613380217955807, 14.973662966209718 ], [ 75.612458225024909, 14.973533683004073 ], [ 75.612175108284902, 14.973493333566728 ], [ 75.612061606736532, 14.973477042852325 ], [ 75.612040533465134, 14.973474010154177 ], [ 75.611789235224407, 14.973470046348691 ], [ 75.611643774670981, 14.973467752216507 ], [ 75.611643478915582, 14.973467747585053 ], [ 75.611207122634994, 14.973475393129609 ], [ 75.61043492771222, 14.973491938833304 ], [ 75.610069932969736, 14.973492160390736 ], [ 75.610030528621166, 14.973492184406373 ], [ 75.609790252114706, 14.973502457117151 ], [ 75.609658356917407, 14.973508823611258 ], [ 75.609637561996649, 14.973509827568769 ], [ 75.609636004370486, 14.973504614284165 ], [ 75.609531754228968, 14.973153664896197 ], [ 75.609522189213891, 14.973121465413996 ], [ 75.609363271612509, 14.972586480011987 ], [ 75.60912529947511, 14.97162534659571 ], [ 75.609114224214281, 14.971580616043337 ], [ 75.609078734108706, 14.971437275706556 ], [ 75.609039094657888, 14.971274272740557 ], [ 75.609031844810133, 14.971244461051864 ], [ 75.609020623612835, 14.971198095399922 ], [ 75.609004697984545, 14.971115333171616 ], [ 75.608888187677152, 14.970505366222465 ], [ 75.608857985052154, 14.970347244461546 ], [ 75.608857708499087, 14.970345804999058 ], [ 75.608850586193526, 14.970308443886195 ], [ 75.608755635643945, 14.969810382429339 ], [ 75.608755514523565, 14.96977868116155 ], [ 75.608755388818352, 14.969745685262263 ], [ 75.608754842742144, 14.969398097504639 ], [ 75.608754754261938, 14.96939409808739 ], [ 75.608729453376881, 14.968252740055579 ], [ 75.608725761788861, 14.968086194068972 ], [ 75.608685877572356, 14.968215029557726 ], [ 75.608664048047515, 14.96828554371451 ], [ 75.608626362615553, 14.968407258482479 ], [ 75.608675661276152, 14.969440835807132 ], [ 75.608693736782072, 14.969819770102594 ], [ 75.608697088660961, 14.969890006425469 ], [ 75.608820911884692, 14.970465853905802 ], [ 75.608821247340927, 14.970467404413073 ], [ 75.608999858008048, 14.971297966754125 ], [ 75.609019215415273, 14.971387996764344 ], [ 75.609032295171758, 14.971438458363112 ], [ 75.609086819173967, 14.971648821626596 ], [ 75.609413891486426, 14.972910779467282 ], [ 75.609674607941287, 14.973795255197006 ], [ 75.609676092529412, 14.973800291476584 ], [ 75.609828154038709, 14.973790246595197 ], [ 75.610067689735331, 14.97377441933782 ], [ 75.610467357762516, 14.973755558674108 ], [ 75.611228390821665, 14.973697718141956 ], [ 75.611660199117296, 14.97366917969457 ], [ 75.611660492044493, 14.973669170772363 ], [ 75.612054054805625, 14.973658080716653 ], [ 75.612074984368306, 14.973660280236775 ], [ 75.612187737759342, 14.973672127587731 ], [ 75.612469149153199, 14.97370169319413 ], [ 75.613386855899606, 14.973798116418921 ], [ 75.61339430691973, 14.973799351245132 ], [ 75.613446233244943, 14.973807933260895 ], [ 75.613484485750647, 14.973814259294722 ], [ 75.613518717782839, 14.973819914459686 ], [ 75.613615478585004, 14.973835903210336 ], [ 75.613829417013079, 14.973871254819796 ], [ 75.614153070989275, 14.973924736895187 ], [ 75.614318687484385, 14.973953319107638 ], [ 75.614328309498276, 14.973953695508968 ], [ 75.615919339670754, 14.974015908125809 ], [ 75.616428547596499, 14.974035818229403 ], [ 75.617367989542913, 14.974072542560787 ], [ 75.617657449421756, 14.97408385743042 ], [ 75.617366718511832, 14.974063876786118 ] ] ], [ [ [ 75.632187913711775, 14.991502059448003 ], [ 75.632188602773553, 14.991478893312598 ], [ 75.632190381357319, 14.991419119943497 ], [ 75.63214852092517, 14.991290426106463 ], [ 75.631750176045159, 14.990065760663116 ], [ 75.63174084941501, 14.990036654487177 ], [ 75.63171596245995, 14.989958989239394 ], [ 75.631152509543341, 14.988321244860821 ], [ 75.631103189423484, 14.988166535831864 ], [ 75.631070961542633, 14.988065256458617 ], [ 75.63080152975482, 14.987218535925283 ], [ 75.630563622170087, 14.986341127458848 ], [ 75.63055556345607, 14.986311353209709 ], [ 75.630547206680873, 14.986280474099502 ], [ 75.63036051612518, 14.985589728353602 ], [ 75.630330424045354, 14.985507384222513 ], [ 75.629716014005126, 14.984216758507138 ], [ 75.629717049313626, 14.984215223237536 ], [ 75.629632935011827, 14.984026366170523 ], [ 75.629582053828528, 14.983912124745096 ], [ 75.628342843074989, 14.983477640663583 ], [ 75.628337203068256, 14.983475660007375 ], [ 75.626350796966847, 14.982918293174029 ], [ 75.626219775047744, 14.982880583326443 ], [ 75.623075682637335, 14.981975643822345 ], [ 75.622059916066888, 14.981782516547504 ], [ 75.619494257355441, 14.981246133203522 ], [ 75.617954216004762, 14.980910881565656 ], [ 75.617937345736877, 14.980907208813015 ], [ 75.617889806367174, 14.980893751156882 ], [ 75.617835375951955, 14.980879830289791 ], [ 75.617813996366138, 14.980874362493907 ], [ 75.617814213418512, 14.980873188411843 ], [ 75.617815697021982, 14.980865147133628 ], [ 75.617817421482599, 14.980855800617451 ], [ 75.617822936880316, 14.980825732293892 ], [ 75.617824489239993, 14.980817343663141 ], [ 75.617830320991416, 14.980786027757869 ], [ 75.61783184132581, 14.980777822741791 ], [ 75.617851281574019, 14.980654789163816 ], [ 75.617858879722149, 14.980606700526303 ], [ 75.617880665692724, 14.980468817426988 ], [ 75.617961937285742, 14.979973775993997 ], [ 75.61798322670839, 14.979829154321742 ], [ 75.618001294398852, 14.979706232936286 ], [ 75.618023618904644, 14.979554154325337 ], [ 75.618023631702002, 14.979554076539891 ], [ 75.618057904971536, 14.979383426503334 ], [ 75.618139800072115, 14.978975010306231 ], [ 75.618139931941371, 14.978974293918489 ], [ 75.618198362528901, 14.978647379801908 ], [ 75.618201472844746, 14.978629978704834 ], [ 75.618214467276033, 14.978557064792625 ], [ 75.618397633286662, 14.97752928706727 ], [ 75.618426076099922, 14.977369151843448 ], [ 75.618426205199398, 14.977368119035471 ], [ 75.618453351693418, 14.977150032260035 ], [ 75.618462146891815, 14.97707937635375 ], [ 75.618466249497047, 14.977046417886656 ], [ 75.618650694603645, 14.975554568271034 ], [ 75.618772526419093, 14.974160267961503 ], [ 75.618638935356074, 14.975543179843262 ], [ 75.618440223967028, 14.977055883649509 ], [ 75.618397343709177, 14.977381700618714 ], [ 75.618397206275731, 14.977382746106395 ], [ 75.61836742638441, 14.977544937211448 ], [ 75.618162806235389, 14.978658596358512 ], [ 75.618098891803982, 14.979006470121961 ], [ 75.618098755305198, 14.979007193754864 ], [ 75.618014285940561, 14.979419554178669 ], [ 75.617979013555086, 14.979591748371348 ], [ 75.617979000757728, 14.979591826156794 ], [ 75.617955774869813, 14.979745151219113 ], [ 75.617937006827603, 14.97986904276771 ], [ 75.61791492907048, 14.980014765932296 ], [ 75.617831384331026, 14.980513369251574 ], [ 75.617774181848759, 14.980854721682025 ], [ 75.617772439935422, 14.98086382052773 ], [ 75.617765761416464, 14.980898557046912 ], [ 75.617763981970015, 14.980907864836357 ], [ 75.617757648301279, 14.980941237070494 ], [ 75.617755669171359, 14.980951614021723 ], [ 75.617753965830602, 14.980960542795978 ], [ 75.617753717530036, 14.980961847149981 ], [ 75.617827731572646, 14.980976991529447 ], [ 75.617874361310513, 14.980986533386675 ], [ 75.619403351198528, 14.981299379964566 ], [ 75.621930643452004, 14.981816467465753 ], [ 75.62293526171355, 14.982009930449442 ], [ 75.626179030845591, 14.982980787427353 ], [ 75.628152977989942, 14.983571564978389 ], [ 75.628158578298581, 14.983573646101014 ], [ 75.629401023801975, 14.984035438916175 ], [ 75.629527704627762, 14.984350368624192 ], [ 75.629526589587158, 14.984351990904527 ], [ 75.63008232367855, 14.985752995289102 ], [ 75.630109735633638, 14.98582210937713 ], [ 75.630270243780586, 14.986392503880165 ], [ 75.630284297082213, 14.986442431504587 ], [ 75.630486553938155, 14.987161185858506 ], [ 75.630812592894145, 14.988134255691874 ], [ 75.63086579095345, 14.988293013358554 ], [ 75.631473729269914, 14.98997683805586 ], [ 75.631510875696122, 14.990086609252423 ], [ 75.631980582630305, 14.99147448529142 ], [ 75.631978314689647, 14.991557362765166 ], [ 75.632186337575973, 14.991538038431413 ], [ 75.632187913711775, 14.991502059448003 ] ] ] ] } },
{ "type": "Feature", "properties": { "OBJECTID": 165, "KGISHobliID": 914, "KGISHobliCode": "080401", "KGISHobliName": "Shirahatti", "BhuCodeHobli": null, "SHAPE.STArea()": 488131339.50041741, "SHAPE.STLength()": 141117.23643984148, "KGISTalukCode": "0804", "created_user": null, "created_date": null, "last_edited_user": "SA", "last_edited_date": 1610779758000.0, "_overlap_percent": 0.014949350527263117, "_police_station": "Guttal PS", "_police_feature_index": "212", "_admin_layer": "Hobli", "_geometry_clipped": true }, "geometry": { "type": "MultiPolygon", "coordinates": [ [ [ [ 75.656144662138928, 14.989475978204032 ], [ 75.656005274877828, 14.989507541049262 ], [ 75.655764303111113, 14.989562182386059 ], [ 75.655669659531185, 14.989583666053038 ], [ 75.655631030668602, 14.989592434587017 ], [ 75.655585574226308, 14.989602752446466 ], [ 75.65521276409774, 14.989687428726311 ], [ 75.655208129968543, 14.989688480829269 ], [ 75.654735268072315, 14.989823926473527 ], [ 75.654728624781768, 14.989825829647017 ], [ 75.654736637224758, 14.989920302963364 ], [ 75.65473960547709, 14.989955301013998 ], [ 75.654607726990164, 14.989979190284975 ], [ 75.654548689715241, 14.989989884173124 ], [ 75.65417503440294, 14.990057569182017 ], [ 75.653982848516151, 14.990095396618807 ], [ 75.653944817380946, 14.990102894743673 ], [ 75.653601882370765, 14.990205648230276 ], [ 75.653570404767379, 14.990215074868425 ], [ 75.653300590962118, 14.990295805627539 ], [ 75.65329875483485, 14.990296365087952 ], [ 75.652786450423292, 14.990452960329495 ], [ 75.652729932900954, 14.990470235415838 ], [ 75.652694961440162, 14.990476456157957 ], [ 75.652183886710318, 14.99056707185934 ], [ 75.651568379673094, 14.99067575099744 ], [ 75.651565611391362, 14.990676240783731 ], [ 75.650935258937466, 14.990672702877038 ], [ 75.650776368389245, 14.990672635060809 ], [ 75.650655664919611, 14.99067258376415 ], [ 75.650226217827992, 14.990672999548302 ], [ 75.650225134531553, 14.990673079485685 ], [ 75.650208185955549, 14.990674373660159 ], [ 75.650010076267961, 14.990689501670758 ], [ 75.650005889104747, 14.990689821903684 ], [ 75.649765624741107, 14.990708066948484 ], [ 75.649671577511668, 14.99071520876999 ], [ 75.649635507210903, 14.990717947882954 ], [ 75.649566156129907, 14.990723193025843 ], [ 75.649561477518333, 14.990723699986543 ], [ 75.649410110553958, 14.990740066611993 ], [ 75.649354217274023, 14.990746110508157 ], [ 75.649184703895841, 14.990764439002172 ], [ 75.648983428842953, 14.990786313199791 ], [ 75.648964188070451, 14.990788686041222 ], [ 75.648433228929136, 14.990843326345725 ], [ 75.647624661088614, 14.990927032192122 ], [ 75.647207338323909, 14.990970029476189 ], [ 75.647203483202645, 14.990970355043368 ], [ 75.647199547181643, 14.990970686264717 ], [ 75.647134687004311, 14.990976151168024 ], [ 75.646638771163708, 14.991017785767299 ], [ 75.645899363943954, 14.991080951225614 ], [ 75.645092672298986, 14.991149024059679 ], [ 75.644865921999028, 14.991167965243566 ], [ 75.644788260347966, 14.991174452056102 ], [ 75.644737579984209, 14.99117867012176 ], [ 75.644392905855455, 14.991207238350174 ], [ 75.64439186347883, 14.991207319048343 ], [ 75.643770639727521, 14.991278233947822 ], [ 75.642698681083957, 14.991398611513967 ], [ 75.641263817007271, 14.991553761113963 ], [ 75.641262551167372, 14.991553761060144 ], [ 75.641162460395179, 14.991553712737851 ], [ 75.641146936395643, 14.991553704887668 ], [ 75.640496654861835, 14.991552209444389 ], [ 75.638948417487541, 14.991538853521112 ], [ 75.638942243737745, 14.991539209861111 ], [ 75.637129433201025, 14.991470157291587 ], [ 75.637126986803437, 14.991470061067554 ], [ 75.636066919661062, 14.991426030697644 ], [ 75.636060104295439, 14.991426121144467 ], [ 75.636022762979366, 14.991426605993674 ], [ 75.635946563340426, 14.991427560922057 ], [ 75.635919395752779, 14.99142790163803 ], [ 75.635845657024888, 14.991428514252847 ], [ 75.634807968693323, 14.991437126755992 ], [ 75.633101249367456, 14.991440703540512 ], [ 75.632866624720592, 14.991444983372814 ], [ 75.632608694255126, 14.991458188513077 ], [ 75.632412264518436, 14.991468244653516 ], [ 75.632391579359265, 14.991471362358912 ], [ 75.632187913711775, 14.991502059448003 ], [ 75.632186337575973, 14.991538038431413 ], [ 75.63221477378238, 14.991535396843494 ], [ 75.63269356011979, 14.991536239489907 ], [ 75.632931797170755, 14.991536656414523 ], [ 75.634664889267214, 14.991574239571898 ], [ 75.635797145527022, 14.991598785684717 ], [ 75.635902732381581, 14.991601078500397 ], [ 75.635940887714312, 14.991601908635111 ], [ 75.635947852613256, 14.99160206006639 ], [ 75.637033315040853, 14.991684887944636 ], [ 75.637035824966816, 14.99168507891982 ], [ 75.638899060119712, 14.991827248844878 ], [ 75.638905420719112, 14.991827170436771 ], [ 75.640473202714716, 14.99180789603562 ], [ 75.641132171291616, 14.991799788408567 ], [ 75.64124934054847, 14.991798345774365 ], [ 75.641250623082684, 14.991798329507896 ], [ 75.642705988609023, 14.991631931480297 ], [ 75.643794709197692, 14.991507450805795 ], [ 75.644426419995369, 14.99143520971734 ], [ 75.644427480036327, 14.991435126256796 ], [ 75.644778104227612, 14.991405932684899 ], [ 75.644829672642487, 14.991401638865279 ], [ 75.645139488486436, 14.991375840201465 ], [ 75.645961110468079, 14.991307419269884 ], [ 75.646715030664481, 14.991244634596434 ], [ 75.647221144189572, 14.991203554879183 ], [ 75.647291387942388, 14.991197853157827 ], [ 75.647295324929985, 14.991197532780895 ], [ 75.647721788301226, 14.99115525881464 ], [ 75.648549074295389, 14.991073254125574 ], [ 75.649093101654813, 14.991019884500204 ], [ 75.64911283926098, 14.991017562668112 ], [ 75.649308794668016, 14.990994520076141 ], [ 75.649675810437088, 14.990951670530791 ], [ 75.649680368997977, 14.990951138595834 ], [ 75.649748305365861, 14.990945540340855 ], [ 75.650111668442392, 14.990915599826078 ], [ 75.650115782074266, 14.990915259911237 ], [ 75.650327309712694, 14.990897825188668 ], [ 75.650328377182632, 14.990897739871501 ], [ 75.650760695064562, 14.990892752824401 ], [ 75.651043364207666, 14.990889492628764 ], [ 75.651683883541949, 14.990884906974282 ], [ 75.651686636912075, 14.990884406380237 ], [ 75.652300186985855, 14.990773071821284 ], [ 75.652815641367553, 14.990679531279822 ], [ 75.652851286412414, 14.990673063584739 ], [ 75.653343124051219, 14.990508797950358 ], [ 75.653344722171013, 14.990508268102253 ], [ 75.653580364049034, 14.990431718087525 ], [ 75.653607907996943, 14.990422771039393 ], [ 75.653908419778702, 14.990325179477571 ], [ 75.653942346961998, 14.990318126185375 ], [ 75.654111060775136, 14.990283045823391 ], [ 75.654617489065444, 14.990177744410749 ], [ 75.6545904612058, 14.990060895683193 ], [ 75.655075902225221, 14.98984512170478 ], [ 75.655080465393596, 14.989843672016628 ], [ 75.655447657033903, 14.989726828944544 ], [ 75.655623754303562, 14.989670796078016 ], [ 75.655861261203697, 14.989595221123901 ], [ 75.65599868808647, 14.989551488869541 ], [ 75.656391916262422, 14.989463729296215 ], [ 75.65639689764815, 14.989462182546033 ], [ 75.656542407969113, 14.989416957794939 ], [ 75.656144662138928, 14.989475978204032 ] ] ], [ [ [ 75.665391541755838, 14.987598028439294 ], [ 75.66474853716899, 14.987712703898803 ], [ 75.665388133004356, 14.987600108713032 ], [ 75.665574747914874, 14.987543856566255 ], [ 75.665391541755838, 14.987598028439294 ] ] ], [ [ [ 75.66692569097313, 14.987286066324138 ], [ 75.666584487167782, 14.987434230902604 ], [ 75.666116738840515, 14.987566110988976 ], [ 75.66610872686752, 14.987568373788182 ], [ 75.665853972873464, 14.987640408692631 ], [ 75.665821251657604, 14.987478917034846 ], [ 75.665819741298606, 14.98747141494885 ], [ 75.665812806999597, 14.987473465338242 ], [ 75.665814280913978, 14.987480136196597 ], [ 75.665851783468966, 14.987650320990628 ], [ 75.666104650968421, 14.987578174072615 ], [ 75.666112601536085, 14.987575904220444 ], [ 75.666576677263109, 14.987443480687785 ], [ 75.66691335447365, 14.987291704947433 ], [ 75.666930100712392, 14.98728415635393 ], [ 75.66692569097313, 14.987286066324138 ] ] ], [ [ [ 75.694968757352257, 14.96634348595015 ], [ 75.694973278494672, 14.966457664946871 ], [ 75.695003549339717, 14.967222553051723 ], [ 75.695017655798765, 14.967539326046662 ], [ 75.695017812668297, 14.967542120041198 ], [ 75.694897492928277, 14.967731299153057 ], [ 75.694848777786589, 14.96780789272956 ], [ 75.694758529563956, 14.967949246345711 ], [ 75.69435624927533, 14.968577585364709 ], [ 75.693774107285307, 14.969536781698967 ], [ 75.693733849337306, 14.969605231719518 ], [ 75.69366221443741, 14.969727032127917 ], [ 75.693347405887053, 14.970256014154426 ], [ 75.692793928471175, 14.971176456834115 ], [ 75.692773364808062, 14.971210654155957 ], [ 75.692744186608095, 14.971244825198763 ], [ 75.692734209134642, 14.971256505309217 ], [ 75.692038931387884, 14.972069202446409 ], [ 75.690856296371379, 14.973448603553702 ], [ 75.690510776036064, 14.973851423760699 ], [ 75.690508840504137, 14.973853680748453 ], [ 75.690489272339605, 14.973868160767974 ], [ 75.690417815254193, 14.973921037200657 ], [ 75.690016067441476, 14.974218664129619 ], [ 75.689839271230937, 14.974351201821673 ], [ 75.689452314437958, 14.974641288352974 ], [ 75.688785151733171, 14.975141430957111 ], [ 75.68876520076563, 14.975156387531973 ], [ 75.688764837560129, 14.975156520622702 ], [ 75.688764767978213, 14.975156573268752 ], [ 75.688683652984906, 14.975186194083046 ], [ 75.688682959080154, 14.975186446605074 ], [ 75.688657226166228, 14.975195838010116 ], [ 75.688557672974198, 14.975232172911197 ], [ 75.688133194234283, 14.975386394250506 ], [ 75.687949660805444, 14.975452212578094 ], [ 75.687933819942927, 14.975457893418778 ], [ 75.688196414168416, 14.975371014256856 ], [ 75.688636438448839, 14.975225432151181 ], [ 75.688766526326106, 14.975182385424283 ], [ 75.688767247246773, 14.975182147285535 ], [ 75.688851523363795, 14.975154291579976 ], [ 75.688851594808568, 14.975154239832335 ], [ 75.688851971989891, 14.97515411483589 ], [ 75.690131353115348, 14.974227491634027 ], [ 75.690541410635987, 14.973932584100774 ], [ 75.690634276262017, 14.973865792495099 ], [ 75.690636221057787, 14.973863524629456 ], [ 75.690983623303381, 14.973458619185109 ], [ 75.692174686375267, 14.972070351904403 ], [ 75.692878313243085, 14.971250207526575 ], [ 75.692888446540167, 14.97123840127148 ], [ 75.69291808850609, 14.971203856326772 ], [ 75.693495913337657, 14.970234864167574 ], [ 75.693816821454433, 14.969696709719653 ], [ 75.693932517704653, 14.969502687636256 ], [ 75.694496357193984, 14.968549028899831 ], [ 75.69486105946315, 14.967921474000457 ], [ 75.694943793050669, 14.967780283363258 ], [ 75.695099335835195, 14.967514804847948 ], [ 75.695099024553599, 14.967511999570998 ], [ 75.695063576917704, 14.967194014143157 ], [ 75.694977988038175, 14.966426273133813 ], [ 75.694968757382895, 14.96634348271491 ], [ 75.694968757352257, 14.96634348595015 ] ] ], [ [ [ 75.695548632209224, 14.963411830817209 ], [ 75.695311390336187, 14.963999676890898 ], [ 75.695308271774451, 14.964007332995436 ], [ 75.695299325590994, 14.964029247726559 ], [ 75.695281717520558, 14.964072129762972 ], [ 75.695219420495789, 14.964221756487266 ], [ 75.69516343360894, 14.96435335314106 ], [ 75.695151126822267, 14.964382280106578 ], [ 75.695116848894642, 14.964462851951676 ], [ 75.695087171879081, 14.964531731034194 ], [ 75.695045568214624, 14.964627753094465 ], [ 75.695029284077364, 14.964830738743641 ], [ 75.694989087958348, 14.965491181271018 ], [ 75.694975275301871, 14.965825109947065 ], [ 75.694973190043768, 14.965875527103286 ], [ 75.694969601564125, 14.966254362579367 ], [ 75.69500171883135, 14.965835240859324 ], [ 75.695031590385497, 14.965445450665936 ], [ 75.695086806050696, 14.96477691438089 ], [ 75.695103698655146, 14.964572300458173 ], [ 75.695146162939011, 14.964475840006417 ], [ 75.695176625581354, 14.964406623114906 ], [ 75.695283362555017, 14.964164147986725 ], [ 75.695349689319585, 14.964013464771492 ], [ 75.695368718177306, 14.963970243896611 ], [ 75.69537844028001, 14.963948148697689 ], [ 75.695381839477349, 14.963940428452533 ], [ 75.695590292116165, 14.963308603900735 ], [ 75.695548632209224, 14.963411830817209 ] ] ] ] } }
]
}
