{
"type": "FeatureCollection",
"name": "villages_in_police_area.writing_20260805_172659",
"crs": { "type": "name", "properties": { "name": "urn:ogc:def:crs:OGC:1.3:CRS84" } },
"features": [
{ "type": "Feature", "properties": { "OBJECTID": 18986, "KGISVillageID": 24260, "KGISVillageCode": "2205060011", "KGISVillageName": "Upparakanahalli", "KGISHobliID": 1093, "UniqueVillageCode": "2205060011_1", "Bhucode": "220501004027", "CensusVillageCode": "2957305550614362", "BhoomiVillageCode": "2205060011", "created_user": null, "created_date": null, "last_edited_user": null, "last_edited_date": null, "LGDGPCode": "219362", "LGDGPCode_Secondary": null, "Category": "Cadastral data available and has bhoomi linkage", "SHAPE.STArea()": 2883626.2539663999, "SHAPE.STLength()": 8294.8328031374967, "LGD_VillageCode": 614362.0, "_overlap_percent": 0.1093230172985567, "_police_station": "Basaralu PS", "_police_feature_index": "485", "_admin_layer": "Village", "_geometry_clipped": true }, "geometry": { "type": "MultiPolygon", "coordinates": [ [ [ [ 76.849518529189083, 12.656611659314649 ], [ 76.849520403267363, 12.656614597418304 ], [ 76.850402106361514, 12.656486097518927 ], [ 76.850479312526858, 12.65647484551876 ], [ 76.8507853638542, 12.656430239823035 ], [ 76.850894325022637, 12.656414359682451 ], [ 76.851161679817494, 12.656385865575738 ], [ 76.851553184930836, 12.656344139247832 ], [ 76.851646944553565, 12.656334146566953 ], [ 76.851676218517298, 12.656341459494456 ], [ 76.851802970925746, 12.656373121492841 ], [ 76.852018732990501, 12.656427018438169 ], [ 76.852088336379495, 12.656444405423683 ], [ 76.852250924070873, 12.656446785723805 ], [ 76.852575902416703, 12.656451542876304 ], [ 76.852685348543631, 12.656453144813463 ], [ 76.852906233744747, 12.65639082525969 ], [ 76.853026966995202, 12.656356139668905 ], [ 76.853169350084912, 12.656332355777273 ], [ 76.853323761687008, 12.656309503490125 ], [ 76.853323659975572, 12.656309510147699 ], [ 76.852663772667228, 12.656396891078201 ], [ 76.852518992774748, 12.656408843524579 ], [ 76.852186066929789, 12.656436330945752 ], [ 76.852151684847328, 12.656424622869858 ], [ 76.851700365167446, 12.656332270055426 ], [ 76.851502498107777, 12.656291780145299 ], [ 76.851494700979757, 12.656292951552061 ], [ 76.850090730582352, 12.656503720520497 ], [ 76.849505701424349, 12.656591544811022 ], [ 76.849518529189083, 12.656611659314649 ] ] ], [ [ [ 76.847231897981018, 12.655826130242344 ], [ 76.8472402286787, 12.65582516947425 ], [ 76.847230899967897, 12.655807191877342 ], [ 76.847030339937476, 12.655849371404445 ], [ 76.847231897981018, 12.655826130242344 ] ] ], [ [ [ 76.845732524672925, 12.656114048025895 ], [ 76.845734418973592, 12.656113653497766 ], [ 76.845680454585818, 12.655951339436067 ], [ 76.845676944943548, 12.655951371484516 ], [ 76.845732524672925, 12.656114048025895 ] ] ], [ [ [ 76.843183771863593, 12.654939634035937 ], [ 76.843787150663189, 12.655290427295645 ], [ 76.843862136943187, 12.655342880128659 ], [ 76.844089282022168, 12.655501768948234 ], [ 76.844465571816272, 12.655726471703405 ], [ 76.844470005402627, 12.655727900335181 ], [ 76.844099987802153, 12.655503278370709 ], [ 76.843801239654482, 12.655289827170972 ], [ 76.843208822756836, 12.654934555306653 ], [ 76.843152228222095, 12.654941904574606 ], [ 76.843183771863593, 12.654939634035937 ] ] ], [ [ [ 76.840976039012801, 12.6516530857887 ], [ 76.840987504206254, 12.651669259933067 ], [ 76.841053981949287, 12.651643134947413 ], [ 76.841182571181207, 12.651832038890873 ], [ 76.841317585903724, 12.652030381726046 ], [ 76.841509051799719, 12.652311653774474 ], [ 76.841806902060497, 12.65274920746344 ], [ 76.841965933527703, 12.652982829884806 ], [ 76.842135685708001, 12.653232202056053 ], [ 76.842170566799439, 12.653291240156916 ], [ 76.842303034041635, 12.65351544786791 ], [ 76.842333966259787, 12.653567792080896 ], [ 76.842337402663134, 12.653573608208179 ], [ 76.842346954313172, 12.65358977110496 ], [ 76.842665251316348, 12.65412840179723 ], [ 76.842891987717053, 12.654674027128095 ], [ 76.842978626898287, 12.654882516847659 ], [ 76.842772859115044, 12.654169806313842 ], [ 76.842326676297958, 12.653496997187666 ], [ 76.842148020010995, 12.653227598277537 ], [ 76.841228701152929, 12.651841324477259 ], [ 76.841139879436895, 12.651707383874561 ], [ 76.841114525609882, 12.651669150080266 ], [ 76.841072547821071, 12.65160585205478 ], [ 76.840979143764301, 12.651616890656245 ], [ 76.840959038790459, 12.651629102623252 ], [ 76.840976039012801, 12.6516530857887 ] ] ], [ [ [ 76.854532324973235, 12.656241786717793 ], [ 76.854543859929677, 12.656240847689933 ], [ 76.854689835663862, 12.656228963566262 ], [ 76.855145269834665, 12.656191887161652 ], [ 76.855179268448069, 12.656189119416636 ], [ 76.855246772586725, 12.656183623504708 ], [ 76.854640689647567, 12.656223298877858 ], [ 76.854401794529252, 12.656238937394491 ], [ 76.854532324973235, 12.656241786717793 ] ] ] ] } },
{ "type": "Feature", "properties": { "OBJECTID": 18960, "KGISVillageID": 24234, "KGISVillageCode": "2205070012", "KGISVillageName": "Hatna", "KGISHobliID": 247, "UniqueVillageCode": "2205070012_1", "Bhucode": "220501002054", "CensusVillageCode": "2957305550614353", "BhoomiVillageCode": "2205070012", "created_user": null, "created_date": null, "last_edited_user": null, "last_edited_date": null, "LGDGPCode": "219326", "LGDGPCode_Secondary": null, "Category": "Cadastral data available and has bhoomi linkage", "SHAPE.STArea()": 6854240.6362241553, "SHAPE.STLength()": 10503.301861285861, "LGD_VillageCode": 614400.0, "_overlap_percent": 0.065160993960391975, "_police_station": "Basaralu PS", "_police_feature_index": "485", "_admin_layer": "Village", "_geometry_clipped": true }, "geometry": { "type": "MultiPolygon", "coordinates": [ [ [ [ 76.773391496711014, 12.649653779005957 ], [ 76.773523488505845, 12.649642862113263 ], [ 76.773522331986115, 12.649630303993417 ], [ 76.773517346256256, 12.649630645421738 ], [ 76.773190502603555, 12.649670216985825 ], [ 76.773391496711014, 12.649653779005957 ] ] ], [ [ [ 76.760924747350415, 12.64783543931269 ], [ 76.761068664703316, 12.647867430816774 ], [ 76.7645871567196, 12.648609080652285 ], [ 76.766283280115232, 12.648966580833953 ], [ 76.767811215918385, 12.649228667038948 ], [ 76.769742722114245, 12.649559959575059 ], [ 76.766285289012373, 12.648887395403319 ], [ 76.761093780249354, 12.647864243016603 ], [ 76.760678295564915, 12.647773588743714 ], [ 76.760680846716454, 12.647781222389737 ], [ 76.760924747350415, 12.64783543931269 ] ] ] ] } },
{ "type": "Feature", "properties": { "OBJECTID": 18919, "KGISVillageID": 24193, "KGISVillageCode": "2205070017", "KGISVillageName": "Chikkagangavadi", "KGISHobliID": 247, "UniqueVillageCode": "2205070017_1", "Bhucode": "220501002012", "CensusVillageCode": "2957305550614392", "BhoomiVillageCode": "2205070017", "created_user": null, "created_date": null, "last_edited_user": null, "last_edited_date": null, "LGDGPCode": "219332", "LGDGPCode_Secondary": null, "Category": "Cadastral data available and has bhoomi linkage", "SHAPE.STArea()": 1773012.948068335, "SHAPE.STLength()": 10756.583218629065, "LGD_VillageCode": 614392.0, "_overlap_percent": 0.064281818165226962, "_police_station": "Basaralu PS", "_police_feature_index": "485", "_admin_layer": "Village", "_geometry_clipped": true }, "geometry": { "type": "MultiPolygon", "coordinates": [ [ [ [ 76.758331289552274, 12.65674695845107 ], [ 76.758149025389287, 12.656652385073244 ], [ 76.758052707852045, 12.656601365539041 ], [ 76.757864644154253, 12.656501746660224 ], [ 76.757502200492851, 12.656309756941718 ], [ 76.75736199997074, 12.656282993041954 ], [ 76.756952821378974, 12.656201522722329 ], [ 76.756552019989442, 12.656121719316982 ], [ 76.756521467315281, 12.65611551940067 ], [ 76.756531123396755, 12.656138124834518 ], [ 76.756539341751804, 12.656157365442548 ], [ 76.757347080023905, 12.65632033254794 ], [ 76.75748699388555, 12.656347575609068 ], [ 76.758129935761389, 12.65669485199632 ], [ 76.758255578379718, 12.656761493251995 ], [ 76.758331289552274, 12.65674695845107 ] ] ], [ [ [ 76.74252348346306, 12.668948984487868 ], [ 76.742508230692124, 12.668924209851808 ], [ 76.74234888856698, 12.668977479817016 ], [ 76.74235397989402, 12.668999151876832 ], [ 76.74252348346306, 12.668948984487868 ] ] ], [ [ [ 76.739840614266697, 12.670677202389221 ], [ 76.739874160888476, 12.670674091294174 ], [ 76.739890364945779, 12.670672485686447 ], [ 76.740090096927688, 12.670652699250834 ], [ 76.740083551000737, 12.67064242339605 ], [ 76.739947272665447, 12.670650074113583 ], [ 76.739691216037585, 12.670691057469087 ], [ 76.739840614266697, 12.670677202389221 ] ] ], [ [ [ 76.738603664693926, 12.670720270711506 ], [ 76.738658609747745, 12.67084309619899 ], [ 76.738707597316719, 12.670830784974815 ], [ 76.738660110510509, 12.670697733159139 ], [ 76.738594053030397, 12.670698784678628 ], [ 76.738603664693926, 12.670720270711506 ] ] ] ] } },
{ "type": "Feature", "properties": { "OBJECTID": 18965, "KGISVillageID": 24239, "KGISVillageCode": "2205060014", "KGISVillageName": "Chokanahalli", "KGISHobliID": 1093, "UniqueVillageCode": "2205060014_1", "Bhucode": "220501004005", "CensusVillageCode": "2957305550614361", "BhoomiVillageCode": "2205060014", "created_user": null, "created_date": null, "last_edited_user": null, "last_edited_date": null, "LGDGPCode": "219362", "LGDGPCode_Secondary": null, "Category": "Cadastral data available and has bhoomi linkage", "SHAPE.STArea()": 10242858.575282015, "SHAPE.STLength()": 13289.443962766225, "LGD_VillageCode": 614361.0, "_overlap_percent": 0.047304323387220799, "_police_station": "Basaralu PS", "_police_feature_index": "485", "_admin_layer": "Village", "_geometry_clipped": true }, "geometry": { "type": "MultiPolygon", "coordinates": [ [ [ [ 76.839161351966609, 12.652711523366708 ], [ 76.839265173378863, 12.652668183310796 ], [ 76.839352728210528, 12.652631633382267 ], [ 76.839451722842242, 12.652561080302247 ], [ 76.839467750926417, 12.65254965763237 ], [ 76.839496890645378, 12.652531635609559 ], [ 76.839557253971577, 12.652494303605305 ], [ 76.839768458563512, 12.652363682185367 ], [ 76.839987042604022, 12.652237862519913 ], [ 76.840109374284452, 12.652167446262602 ], [ 76.840224256969663, 12.652101317877353 ], [ 76.840448231955079, 12.651941250021995 ], [ 76.840465748184471, 12.651928731760327 ], [ 76.840297715066555, 12.652030796385626 ], [ 76.839840231209337, 12.652295817166884 ], [ 76.839429444528903, 12.652557171293159 ], [ 76.839052519849176, 12.652756955541571 ], [ 76.839161351966609, 12.652711523366708 ] ] ], [ [ [ 76.837993479418188, 12.653443798260266 ], [ 76.838383311866352, 12.653218931734667 ], [ 76.838608799142975, 12.653047277265573 ], [ 76.838434944436983, 12.653162246862768 ], [ 76.838018509158985, 12.653415187863008 ], [ 76.837707238057803, 12.653577591085181 ], [ 76.837993479418188, 12.653443798260266 ] ] ], [ [ [ 76.828523982184379, 12.65726803984276 ], [ 76.828651079593655, 12.65742628963358 ], [ 76.828935064968633, 12.657297435315575 ], [ 76.829327151705797, 12.657119530229098 ], [ 76.830129516029515, 12.656755461167027 ], [ 76.828666351699042, 12.657339129701388 ], [ 76.828537299009426, 12.657178440284261 ], [ 76.828523982184379, 12.65726803984276 ] ] ], [ [ [ 76.828545263297158, 12.657124854188289 ], [ 76.828546257264023, 12.657119231744312 ], [ 76.828552689074286, 12.657082849934191 ], [ 76.828567386139412, 12.656999727953258 ], [ 76.828594631891946, 12.656845635997795 ], [ 76.828645515703812, 12.656557829447641 ], [ 76.828666009046387, 12.656455591344534 ], [ 76.828672404634659, 12.656423689393218 ], [ 76.828885063444105, 12.655362868568874 ], [ 76.828967286076505, 12.65487089160834 ], [ 76.829027525835926, 12.654510450378359 ], [ 76.829238421379173, 12.653345562122871 ], [ 76.829112176794197, 12.653310491616347 ], [ 76.828545263297158, 12.657124854188289 ] ] ], [ [ [ 76.822370639030567, 12.651301358385233 ], [ 76.822371067208181, 12.651305920949765 ], [ 76.822379981234349, 12.651401031213535 ], [ 76.822382043864167, 12.65142306271559 ], [ 76.822398844768031, 12.651602784476889 ], [ 76.822428819245545, 12.651616956523968 ], [ 76.822417729331875, 12.651502175502563 ], [ 76.8224081209746, 12.651402745835746 ], [ 76.822383333929707, 12.651146205590877 ], [ 76.822355683388423, 12.651141715476143 ], [ 76.822370639030567, 12.651301358385233 ] ] ], [ [ [ 76.841072547821071, 12.65160585205478 ], [ 76.84105094525728, 12.651573277694091 ], [ 76.840979143764301, 12.651616890656245 ], [ 76.841072547821071, 12.65160585205478 ] ] ], [ [ [ 76.840827761503817, 12.651732037118682 ], [ 76.840842230837978, 12.651726351176714 ], [ 76.840875475234682, 12.651713286404158 ], [ 76.840987504206254, 12.651669259933067 ], [ 76.840976039012801, 12.6516530857887 ], [ 76.840959038790459, 12.651629102623252 ], [ 76.840726703851814, 12.651770225244318 ], [ 76.840827761503817, 12.651732037118682 ] ] ] ] } },
{ "type": "Feature", "properties": { "OBJECTID": 18946, "KGISVillageID": 24220, "KGISVillageCode": "2205070033", "KGISVillageName": "Manuganahalli", "KGISHobliID": 247, "UniqueVillageCode": "2205070033_1", "Bhucode": "220501002040", "CensusVillageCode": "2957305550614405", "BhoomiVillageCode": "2205070033", "created_user": null, "created_date": null, "last_edited_user": null, "last_edited_date": null, "LGDGPCode": "219352", "LGDGPCode_Secondary": null, "Category": "Cadastral data available and has bhoomi linkage", "SHAPE.STArea()": 1673450.26612313, "SHAPE.STLength()": 5449.7639212564427, "LGD_VillageCode": 614474.0, "_overlap_percent": 98.794415353861268, "_police_station": "Basaralu PS", "_police_feature_index": "485", "_admin_layer": "Village", "_geometry_clipped": true }, "geometry": { "type": "Polygon", "coordinates": [ [ [ 76.815817904711579, 12.657838993363333 ], [ 76.815809054973187, 12.657851595094614 ], [ 76.815798181655822, 12.657848535509203 ], [ 76.815786757875088, 12.657854062037329 ], [ 76.815779241657935, 12.657843205261965 ], [ 76.815751231150557, 12.657802745146693 ], [ 76.815726253482637, 12.657766682514552 ], [ 76.815688112759247, 12.657711616062551 ], [ 76.815616974755102, 12.657711527325977 ], [ 76.815501468041603, 12.657711421211143 ], [ 76.815481525137187, 12.657686498905424 ], [ 76.815440472710961, 12.657740063645743 ], [ 76.815423063704714, 12.657812455887067 ], [ 76.815412519023823, 12.657854947894352 ], [ 76.815252927109114, 12.658444673271575 ], [ 76.815234983999389, 12.658577823591243 ], [ 76.815204285570275, 12.658751447257893 ], [ 76.815167121284702, 12.658953014246405 ], [ 76.815131998812348, 12.659154607984638 ], [ 76.815101472883129, 12.659328946348806 ], [ 76.815090430205942, 12.659392012300362 ], [ 76.815081550450131, 12.659434870773936 ], [ 76.815051127276547, 12.659598755039733 ], [ 76.815032411363106, 12.65969957153334 ], [ 76.815015317176787, 12.659785004643211 ], [ 76.815019641636923, 12.660026422867309 ], [ 76.814936225508305, 12.66004861349573 ], [ 76.814951539174544, 12.660683899360954 ], [ 76.815030189209196, 12.66130302928266 ], [ 76.815117225269134, 12.662050404338114 ], [ 76.815042403689318, 12.662055735097052 ], [ 76.815095358208055, 12.662098228750901 ], [ 76.815233754940294, 12.662181030267588 ], [ 76.815271361768509, 12.66239940829588 ], [ 76.815345071405844, 12.662827423179062 ], [ 76.815422453258535, 12.663276765341841 ], [ 76.815478891043071, 12.663604482107909 ], [ 76.815485245989223, 12.663641385815803 ], [ 76.815503121657841, 12.663660540929509 ], [ 76.815508091448251, 12.663665866133371 ], [ 76.815667822032708, 12.663631864041863 ], [ 76.815858341477693, 12.66359130739268 ], [ 76.815947299999237, 12.663575087519142 ], [ 76.815982972269154, 12.663573741317945 ], [ 76.81606954905304, 12.663570474916298 ], [ 76.816133578390293, 12.663568058378491 ], [ 76.816133512547353, 12.663564738871409 ], [ 76.816216849704418, 12.663557264370166 ], [ 76.816284587495275, 12.663786242322947 ], [ 76.816291800182668, 12.663810622287494 ], [ 76.817463881661453, 12.663730930897042 ], [ 76.817576194412652, 12.663723294195144 ], [ 76.817685208710955, 12.663715882449678 ], [ 76.817676175515246, 12.663685970572134 ], [ 76.817650826406989, 12.663602032218984 ], [ 76.818682079689054, 12.663255381200717 ], [ 76.819020439515896, 12.663141642428476 ], [ 76.819705100634025, 12.662911492662833 ], [ 76.820641163058468, 12.662596831334358 ], [ 76.821215759197614, 12.662387104020887 ], [ 76.821706597712264, 12.662208639304627 ], [ 76.821786981668453, 12.662173507481592 ], [ 76.821837002649701, 12.662151839804944 ], [ 76.821835940392972, 12.662136932171542 ], [ 76.822356716879071, 12.66189426498264 ], [ 76.822681710779591, 12.661742825965618 ], [ 76.822986152138512, 12.66160096298163 ], [ 76.823161409729977, 12.661519297266809 ], [ 76.823278693628694, 12.661527342686105 ], [ 76.823669470076752, 12.661267775582589 ], [ 76.82498223880134, 12.660422103639871 ], [ 76.825042263665509, 12.660383436305295 ], [ 76.825315379195928, 12.660217110883405 ], [ 76.825685358075233, 12.659991796284993 ], [ 76.82589253983771, 12.659851379451153 ], [ 76.826071433360241, 12.659704448902348 ], [ 76.826331488657203, 12.65964034218389 ], [ 76.826561508348007, 12.659583638932467 ], [ 76.826641456440441, 12.659563930766176 ], [ 76.82693497145334, 12.659491574657443 ], [ 76.828651079593655, 12.65742628963358 ], [ 76.828523982184379, 12.65726803984276 ], [ 76.828537299009426, 12.657178440284261 ], [ 76.828536062282637, 12.657176900379067 ], [ 76.828545263297158, 12.657124854188289 ], [ 76.829112176794197, 12.653310491616347 ], [ 76.828600540906379, 12.653168360136062 ], [ 76.828018927416267, 12.653006789638395 ], [ 76.826697612211191, 12.652644366415139 ], [ 76.826637729706945, 12.652627724647392 ], [ 76.825873659186129, 12.652415373450134 ], [ 76.825693222796843, 12.65237446728551 ], [ 76.825515515312844, 12.652294285061165 ], [ 76.825248233869686, 12.652413556272563 ], [ 76.824798741097524, 12.652376906905149 ], [ 76.824203079274398, 12.652282894683374 ], [ 76.823862898652493, 12.652175235450228 ], [ 76.823764262045643, 12.652165737841274 ], [ 76.823366556248274, 12.652127438746868 ], [ 76.823211613905684, 12.652112518128456 ], [ 76.822813793985759, 12.651963604955522 ], [ 76.822510470017775, 12.651747445709544 ], [ 76.822505502917267, 12.651734309278391 ], [ 76.822437142058476, 12.65170309794914 ], [ 76.822428819245545, 12.651616956523968 ], [ 76.822398844768031, 12.651602784476889 ], [ 76.822382043864167, 12.65142306271559 ], [ 76.822379981234349, 12.651401031213535 ], [ 76.822371067208181, 12.651305920949765 ], [ 76.822370639030567, 12.651301358385233 ], [ 76.822355683388423, 12.651141715476143 ], [ 76.822183934124695, 12.651113825465178 ], [ 76.821361456799082, 12.650980265983389 ], [ 76.821300597790355, 12.650683599480882 ], [ 76.821252934310721, 12.65045125589894 ], [ 76.821233711480801, 12.650357555576905 ], [ 76.819839237376428, 12.650280187663121 ], [ 76.819413932796962, 12.650045742452102 ], [ 76.818867734915344, 12.649744655486789 ], [ 76.818509871755268, 12.649758573872202 ], [ 76.818383401335154, 12.64967861860741 ], [ 76.818339758188912, 12.64972601420043 ], [ 76.818292434771664, 12.649777404759604 ], [ 76.818260920813685, 12.649778946797293 ], [ 76.817643131253504, 12.649809142943816 ], [ 76.816846036328059, 12.649899070946436 ], [ 76.816532889844979, 12.649877904811028 ], [ 76.816334561927235, 12.649864500458337 ], [ 76.816334723212691, 12.649888667516997 ], [ 76.816354499923193, 12.649930267598736 ], [ 76.816380094917733, 12.64998410633377 ], [ 76.816360402642644, 12.650048676581411 ], [ 76.816358077169696, 12.65005630132053 ], [ 76.816328379977932, 12.650350534000886 ], [ 76.816312557855099, 12.650392328152133 ], [ 76.816309908274079, 12.650418757551037 ], [ 76.81628763972941, 12.650476320395397 ], [ 76.816284069760698, 12.650501121959282 ], [ 76.816265872881743, 12.650532589073851 ], [ 76.816191850382367, 12.650660585550346 ], [ 76.816167469928104, 12.650702744369321 ], [ 76.816098335132949, 12.650844034339197 ], [ 76.816048021489451, 12.650946857792682 ], [ 76.815966276144479, 12.651120737013425 ], [ 76.815860725305498, 12.651357349545075 ], [ 76.815820381215048, 12.651452641642551 ], [ 76.815696093165471, 12.651746209557839 ], [ 76.81569453252952, 12.651749532023361 ], [ 76.81560143382498, 12.651947725626092 ], [ 76.81556146205935, 12.652032820276911 ], [ 76.815541654385797, 12.652094390399103 ], [ 76.815541076156919, 12.652096188547864 ], [ 76.815518439773811, 12.652124546717923 ], [ 76.81543958494494, 12.652386334668186 ], [ 76.815430718532227, 12.652443474072653 ], [ 76.815350432807691, 12.652617766596276 ], [ 76.815380615871007, 12.652829701133212 ], [ 76.815276895145971, 12.652892858369921 ], [ 76.81533122633931, 12.653784575642931 ], [ 76.815255177819267, 12.653803895771267 ], [ 76.815256535220144, 12.653825464902377 ], [ 76.815263406960455, 12.653934618800971 ], [ 76.81527832926956, 12.654171625306068 ], [ 76.815367215508189, 12.654716846713917 ], [ 76.815400114645968, 12.654918649126479 ], [ 76.815407632789004, 12.654986028385864 ], [ 76.815473532151998, 12.655576612262745 ], [ 76.815611551413099, 12.656141729948528 ], [ 76.815641715950093, 12.656240800308062 ], [ 76.815703293680926, 12.656443030690662 ], [ 76.815889819479722, 12.656467666395496 ], [ 76.816073769639473, 12.656621738248168 ], [ 76.816166633083611, 12.657030261291473 ], [ 76.816164120246313, 12.657046666716624 ], [ 76.816091649601645, 12.657519745815287 ], [ 76.816114169172266, 12.657710690865793 ], [ 76.815871774578113, 12.657834043196255 ], [ 76.815846480122502, 12.657798304785128 ], [ 76.815817904711579, 12.657838993363333 ] ] ] } },
{ "type": "Feature", "properties": { "OBJECTID": 18878, "KGISVillageID": 24152, "KGISVillageCode": "2205100010", "KGISVillageName": "Hodaghatta", "KGISHobliID": 1110, "UniqueVillageCode": "2205100010_1", "Bhucode": "220501001022", "CensusVillageCode": "2957305550614358", "BhoomiVillageCode": "2205100010", "created_user": null, "created_date": null, "last_edited_user": null, "last_edited_date": null, "LGDGPCode": "219330", "LGDGPCode_Secondary": null, "Category": "Cadastral data available and has bhoomi linkage", "SHAPE.STArea()": 3440012.9392431299, "SHAPE.STLength()": 8733.8262726595422, "LGD_VillageCode": 614370.0, "_overlap_percent": 99.741916699152398, "_police_station": "Basaralu PS", "_police_feature_index": "485", "_admin_layer": "Village", "_geometry_clipped": true }, "geometry": { "type": "Polygon", "coordinates": [ [ [ 76.829327151705797, 12.657119530229098 ], [ 76.828935064968633, 12.657297435315575 ], [ 76.828651079593655, 12.65742628963358 ], [ 76.82693497145334, 12.659491574657443 ], [ 76.826641456440441, 12.659563930766176 ], [ 76.826561508348007, 12.659583638932467 ], [ 76.826331488657203, 12.65964034218389 ], [ 76.826071433360241, 12.659704448902348 ], [ 76.82589253983771, 12.659851379451153 ], [ 76.825685358075233, 12.659991796284993 ], [ 76.825315379195928, 12.660217110883405 ], [ 76.825042263665509, 12.660383436305295 ], [ 76.82498223880134, 12.660422103639871 ], [ 76.823669470076752, 12.661267775582589 ], [ 76.823278693628694, 12.661527342686105 ], [ 76.823161409729977, 12.661519297266809 ], [ 76.822986152138512, 12.66160096298163 ], [ 76.822681710779591, 12.661742825965618 ], [ 76.822356716879071, 12.66189426498264 ], [ 76.821835940392972, 12.662136932171542 ], [ 76.821837002649701, 12.662151839804944 ], [ 76.821786981668453, 12.662173507481592 ], [ 76.821706597712264, 12.662208639304627 ], [ 76.821215759197614, 12.662387104020887 ], [ 76.820641163058468, 12.662596831334358 ], [ 76.819705100634025, 12.662911492662833 ], [ 76.819020439515896, 12.663141642428476 ], [ 76.818682079689054, 12.663255381200717 ], [ 76.817650826406989, 12.663602032218984 ], [ 76.817676175515246, 12.663685970572134 ], [ 76.817685208710955, 12.663715882449678 ], [ 76.817576194412652, 12.663723294195144 ], [ 76.817463881661453, 12.663730930897042 ], [ 76.816291800182668, 12.663810622287494 ], [ 76.816438965854118, 12.664298869579566 ], [ 76.81651132067141, 12.664538920070738 ], [ 76.816596690996121, 12.664822149537223 ], [ 76.816724181789965, 12.665245119672948 ], [ 76.816758300715648, 12.665358314712726 ], [ 76.816797206638753, 12.665485843337141 ], [ 76.816857730876322, 12.665696008960239 ], [ 76.816922562398261, 12.665921126058246 ], [ 76.816949414448771, 12.666014367792817 ], [ 76.817048497095101, 12.666419734205524 ], [ 76.817053683057665, 12.66645828907091 ], [ 76.817054193220741, 12.666462084597354 ], [ 76.817073144999583, 12.666560455557322 ], [ 76.81712912417143, 12.666851028782681 ], [ 76.817159220886325, 12.667005148173116 ], [ 76.817251782830851, 12.667471094537971 ], [ 76.8172821545473, 12.66762398363648 ], [ 76.817357688055139, 12.66806833863353 ], [ 76.817429000484267, 12.668299169778669 ], [ 76.817451802193759, 12.668372978519452 ], [ 76.817533840782716, 12.668482494305763 ], [ 76.817880149039453, 12.668803215107364 ], [ 76.818596883477326, 12.669484007714976 ], [ 76.818640826897663, 12.669474531943473 ], [ 76.818778551577594, 12.669445624992584 ], [ 76.81889821742331, 12.669420508520437 ], [ 76.81896185015141, 12.669407152364029 ], [ 76.819188514737405, 12.669359577395126 ], [ 76.819305375193707, 12.669335049383024 ], [ 76.81942376170673, 12.669312315930171 ], [ 76.819683454995953, 12.669262446534567 ], [ 76.819975562496339, 12.669175832037071 ], [ 76.82067099325576, 12.66901128638411 ], [ 76.820675285837254, 12.669010270867146 ], [ 76.820681471225441, 12.669008894399381 ], [ 76.821131730531732, 12.668908700812706 ], [ 76.821153541129135, 12.66890384768506 ], [ 76.821285984267945, 12.668864741957533 ], [ 76.82153523121606, 12.668791148686781 ], [ 76.821677514273134, 12.668749138113684 ], [ 76.821819796353296, 12.66870712747698 ], [ 76.821923216746328, 12.668672021964655 ], [ 76.821936154581167, 12.668670312685409 ], [ 76.822450844515146, 12.668602330952899 ], [ 76.822889556088256, 12.668544384119583 ], [ 76.822942120530229, 12.668537726539348 ], [ 76.822996867450883, 12.668533387803311 ], [ 76.823150195978599, 12.668521236317352 ], [ 76.823814896324379, 12.668469392879464 ], [ 76.823872281366789, 12.668464917468999 ], [ 76.823874783808236, 12.668464722245156 ], [ 76.823894348853528, 12.668463196109762 ], [ 76.824283798203922, 12.668434832513984 ], [ 76.824613140627605, 12.668410846010323 ], [ 76.824669270016884, 12.668406757769482 ], [ 76.824997994730708, 12.668410853977408 ], [ 76.825141550442794, 12.668412642931532 ], [ 76.825258476575272, 12.668384856212128 ], [ 76.825608424023727, 12.668301692185855 ], [ 76.825924216782312, 12.668226644001964 ], [ 76.826008382201039, 12.668210107357185 ], [ 76.826023794141989, 12.668207079317721 ], [ 76.826111404850892, 12.668189866390293 ], [ 76.82618280850896, 12.668174809279522 ], [ 76.826417783115701, 12.668125295851873 ], [ 76.826678893379011, 12.668070265349042 ], [ 76.826717708192177, 12.668062000378441 ], [ 76.826758719725049, 12.668053268377415 ], [ 76.82675341454437, 12.668018864413796 ], [ 76.826981039005616, 12.667983899174281 ], [ 76.827161716259511, 12.667952354738063 ], [ 76.827198279026859, 12.667945970771965 ], [ 76.82724688997375, 12.667944808882634 ], [ 76.827513325820306, 12.667954482944829 ], [ 76.827514552237176, 12.667954522423889 ], [ 76.827733100033853, 12.667961524416553 ], [ 76.827971442686035, 12.667970458257113 ], [ 76.827984160253777, 12.667970536265193 ], [ 76.827984437426849, 12.667970549726213 ], [ 76.828027789278082, 12.667972597344592 ], [ 76.828172331371007, 12.667979426055997 ], [ 76.828196328250613, 12.66797784745774 ], [ 76.82833335753692, 12.667968735447358 ], [ 76.828450592175543, 12.667960177935974 ], [ 76.828459480101884, 12.668013411147314 ], [ 76.828646892583635, 12.669137485602683 ], [ 76.828647049274892, 12.669138546578907 ], [ 76.828662370853692, 12.669207266823701 ], [ 76.82869501575307, 12.669353681679214 ], [ 76.828781519444206, 12.669741661057229 ], [ 76.82880276933065, 12.669836970489186 ], [ 76.828811554177861, 12.669876369658191 ], [ 76.82882105611084, 12.669901054229435 ], [ 76.828862211094005, 12.669900407860968 ], [ 76.828981824960238, 12.669898526837917 ], [ 76.829115454836028, 12.669903234423609 ], [ 76.829163767106536, 12.669904936763068 ], [ 76.829590447184643, 12.669919968071833 ], [ 76.829872304104271, 12.670078678156713 ], [ 76.829887930280236, 12.67008747741947 ], [ 76.829919768595474, 12.670105404535789 ], [ 76.829950709202592, 12.670156968291538 ], [ 76.82997943259133, 12.670204836893234 ], [ 76.829991186655832, 12.670258338607521 ], [ 76.830536648624644, 12.670262672478373 ], [ 76.830645064550154, 12.670262887923112 ], [ 76.830737361779867, 12.670263071473315 ], [ 76.830747627666199, 12.670263092093871 ], [ 76.830748913035748, 12.670284665956942 ], [ 76.830839190235537, 12.670378775012805 ], [ 76.830879320278115, 12.670420611142569 ], [ 76.830893626016547, 12.670432312731 ], [ 76.83095770644249, 12.670423878589245 ], [ 76.83106820743906, 12.670399477848944 ], [ 76.831098016873895, 12.670392894863149 ], [ 76.831132318467866, 12.670383344256003 ], [ 76.831317597734937, 12.670331756999529 ], [ 76.831322233641302, 12.670330614214288 ], [ 76.831338767609282, 12.670326538676585 ], [ 76.831361366999118, 12.670385106842929 ], [ 76.831383966400949, 12.670443675005691 ], [ 76.831415684943977, 12.670525878133601 ], [ 76.831445716138546, 12.670619287354697 ], [ 76.831531630273318, 12.670619051788 ], [ 76.831629870632042, 12.670669632955997 ], [ 76.831672827776245, 12.670719585239226 ], [ 76.831715784017121, 12.67076953751938 ], [ 76.831717426076509, 12.670771446940918 ], [ 76.831772436490382, 12.670835416612116 ], [ 76.831825144896229, 12.670906244450077 ], [ 76.831832734672204, 12.670915778653884 ], [ 76.831861252757307, 12.670951601577048 ], [ 76.831867513758283, 12.670953213440367 ], [ 76.832114668649979, 12.670968761197809 ], [ 76.832185175263874, 12.670973196116964 ], [ 76.832300571500696, 12.671221194947321 ], [ 76.832355508668627, 12.671288148655529 ], [ 76.832333022959347, 12.671373819072322 ], [ 76.832756339614974, 12.671796931689519 ], [ 76.833185161522792, 12.672182449555502 ], [ 76.833597442032413, 12.672592973279613 ], [ 76.833796356308994, 12.672887311619661 ], [ 76.833963402140213, 12.673020183008306 ], [ 76.834257309645508, 12.673132649139088 ], [ 76.834313365134804, 12.67320318387635 ], [ 76.834429851309764, 12.673428349237831 ], [ 76.834465701447584, 12.673497647640271 ], [ 76.834820305588224, 12.673510339700972 ], [ 76.835046369398654, 12.673801557283767 ], [ 76.83512732354437, 12.67387151139499 ], [ 76.835402501091906, 12.674109297935265 ], [ 76.835664102245389, 12.674321528689019 ], [ 76.835776001084156, 12.674351560900739 ], [ 76.835804600207439, 12.674359237047602 ], [ 76.836029172914863, 12.674399234509066 ], [ 76.83611437093424, 12.674414408732195 ], [ 76.836094577558498, 12.674377413480885 ], [ 76.836080788261796, 12.674351640810459 ], [ 76.836024086225123, 12.674298126397453 ], [ 76.835975910152627, 12.674201929212966 ], [ 76.835935083884635, 12.674120407138416 ], [ 76.835970145567671, 12.674073260401329 ], [ 76.835982458868628, 12.674056703211651 ], [ 76.836001409762176, 12.674031219644634 ], [ 76.836145119168535, 12.673837974590461 ], [ 76.836170744515499, 12.673812699811986 ], [ 76.836187297602706, 12.673796372745887 ], [ 76.83631761619705, 12.673667835178236 ], [ 76.836399215213575, 12.673713024655351 ], [ 76.836672704295864, 12.673900823765551 ], [ 76.83713218019416, 12.674210460954065 ], [ 76.837133871111263, 12.674211600801536 ], [ 76.837363752713486, 12.67437401146697 ], [ 76.837534855063396, 12.674493889778464 ], [ 76.837722941261589, 12.674625667520452 ], [ 76.837924899934862, 12.67476716342664 ], [ 76.838185182870518, 12.674949522995341 ], [ 76.838404550453021, 12.675103216039927 ], [ 76.838603100511079, 12.675242323372828 ], [ 76.838785258852866, 12.675359260792748 ], [ 76.838808090327674, 12.675374294217425 ], [ 76.838856316214958, 12.675406048030881 ], [ 76.838922114463699, 12.675530958786673 ], [ 76.838940221459723, 12.675485527034018 ], [ 76.8392855580407, 12.674619028140564 ], [ 76.839360840669002, 12.674587714246838 ], [ 76.839374171725069, 12.674582168964873 ], [ 76.839389090758189, 12.674578425858911 ], [ 76.839397165900849, 12.67455048469197 ], [ 76.839398234806424, 12.674546786794787 ], [ 76.839398623735647, 12.674545440049005 ], [ 76.839875495154615, 12.672895429316561 ], [ 76.840489489835562, 12.670933646569983 ], [ 76.840557901133451, 12.670744577937221 ], [ 76.840638550815527, 12.670405237587401 ], [ 76.840640410266673, 12.670397414378643 ], [ 76.8406448507438, 12.670381367071865 ], [ 76.840735453779772, 12.670053681015975 ], [ 76.8407518811199, 12.669994268033561 ], [ 76.84076625219312, 12.669871794540029 ], [ 76.840770408127881, 12.669836372946184 ], [ 76.840784956861839, 12.66931754951853 ], [ 76.840795208022726, 12.668951997911321 ], [ 76.840801796183939, 12.66871707541619 ], [ 76.840803047325025, 12.668672471627854 ], [ 76.840803181359121, 12.668667676574685 ], [ 76.84080880575398, 12.668467120454695 ], [ 76.840816175039734, 12.668204309971889 ], [ 76.840816180457168, 12.66820403877345 ], [ 76.840847467928143, 12.666660499675956 ], [ 76.840850921384316, 12.666490138778419 ], [ 76.840865142365459, 12.665788583057866 ], [ 76.840866307607357, 12.665731106038212 ], [ 76.840866852897832, 12.665704220268157 ], [ 76.840887076380739, 12.664706578441626 ], [ 76.840887160487469, 12.664705471522746 ], [ 76.840893844001641, 12.664617057520459 ], [ 76.840966242372815, 12.663659252457286 ], [ 76.840781368149834, 12.66327362090987 ], [ 76.840774089428663, 12.663217896149698 ], [ 76.840687144761134, 12.662552293760001 ], [ 76.840698580007597, 12.662509300704844 ], [ 76.840770653027278, 12.662238330714398 ], [ 76.840787112124886, 12.662176450883662 ], [ 76.840818956486515, 12.66205672448794 ], [ 76.840822777489507, 12.662042359058036 ], [ 76.840916063312676, 12.661883421638992 ], [ 76.8408712304375, 12.661783191596918 ], [ 76.840750479150202, 12.66151323189273 ], [ 76.840525850858626, 12.661085843966676 ], [ 76.839951610661728, 12.660042692432116 ], [ 76.839776816136222, 12.659577861397988 ], [ 76.839655351526588, 12.659492087575897 ], [ 76.839635064994411, 12.659296914849405 ], [ 76.839596058132059, 12.658920994270312 ], [ 76.839472951308466, 12.658469137678726 ], [ 76.839141844179963, 12.657245522322992 ], [ 76.839069975626771, 12.65690155258909 ], [ 76.839033718855802, 12.656722570802424 ], [ 76.839004519580882, 12.656578426971794 ], [ 76.838973605607464, 12.656425817567426 ], [ 76.838963980352631, 12.656378299747651 ], [ 76.838923304769892, 12.656237891330603 ], [ 76.838853716439601, 12.656026968226559 ], [ 76.838773639067767, 12.655784250638401 ], [ 76.838743206564203, 12.65569200742463 ], [ 76.83871131858551, 12.655576213939693 ], [ 76.838646804643602, 12.655341945734534 ], [ 76.838497719531347, 12.65480057183232 ], [ 76.837993479418188, 12.653443798260266 ], [ 76.837707238057803, 12.653577591085181 ], [ 76.836477289931722, 12.654219306740847 ], [ 76.83416764495297, 12.655139342460833 ], [ 76.831478107993789, 12.656217496511353 ], [ 76.830129516029515, 12.656755461167027 ], [ 76.829327151705797, 12.657119530229098 ] ] ] } },
{ "type": "Feature", "properties": { "OBJECTID": 18869, "KGISVillageID": 24143, "KGISVillageCode": "2205090016", "KGISVillageName": "Doddagarudanahalli", "KGISHobliID": 120, "UniqueVillageCode": "2205090016_1", "Bhucode": "220501001013", "CensusVillageCode": "2957305550614360", "BhoomiVillageCode": "2205090016", "created_user": null, "created_date": null, "last_edited_user": null, "last_edited_date": null, "LGDGPCode": "219330", "LGDGPCode_Secondary": null, "Category": "Cadastral data available and has bhoomi linkage", "SHAPE.STArea()": 4479995.1622965103, "SHAPE.STLength()": 9454.9948959409776, "LGD_VillageCode": 614360.0, "_overlap_percent": 99.911303508297266, "_police_station": "Basaralu PS", "_police_feature_index": "485", "_admin_layer": "Village", "_geometry_clipped": true }, "geometry": { "type": "Polygon", "coordinates": [ [ [ 76.858168450458024, 12.669839009972124 ], [ 76.858183294446931, 12.669823735841756 ], [ 76.858208539845364, 12.669810057563366 ], [ 76.858385416170762, 12.669714222582332 ], [ 76.858403598542864, 12.669669187163818 ], [ 76.858411565259217, 12.669649455330607 ], [ 76.858552521696637, 12.669300334481017 ], [ 76.858626855801134, 12.669102721677184 ], [ 76.858629862018063, 12.669070694027967 ], [ 76.858722835738064, 12.668736602539937 ], [ 76.858763667393475, 12.668589878063177 ], [ 76.85877548458916, 12.668560118992598 ], [ 76.85881609442815, 12.668457851587096 ], [ 76.858821885121728, 12.668398387648118 ], [ 76.858858027064713, 12.668299080880637 ], [ 76.859003613566628, 12.667899054643879 ], [ 76.859067822278021, 12.667722630382451 ], [ 76.859181971155593, 12.6674004420301 ], [ 76.859230283028197, 12.667264081346465 ], [ 76.859275371527389, 12.667121663818889 ], [ 76.859289525108352, 12.667076956619075 ], [ 76.859362404914052, 12.666819310397415 ], [ 76.859450461903904, 12.666459843855989 ], [ 76.859468880253075, 12.666353703024717 ], [ 76.859497213282111, 12.666190423085789 ], [ 76.859507709369581, 12.666129933819475 ], [ 76.859529796325731, 12.666002650432446 ], [ 76.859531443334134, 12.665993160126147 ], [ 76.859565308462194, 12.665798003906444 ], [ 76.859581828798014, 12.665702797698572 ], [ 76.859597143046571, 12.665614543383942 ], [ 76.859594209935636, 12.665614233977642 ], [ 76.859611879414402, 12.665487845561115 ], [ 76.859620021537836, 12.665429611613934 ], [ 76.859650299494859, 12.665226722628027 ], [ 76.859661494718893, 12.665151704327567 ], [ 76.859661584267016, 12.665151105345439 ], [ 76.859688024621363, 12.664974495836521 ], [ 76.859697104881477, 12.664918189594793 ], [ 76.859703948517222, 12.664875747950228 ], [ 76.859704389311972, 12.664872048980168 ], [ 76.85970988261252, 12.664825929924614 ], [ 76.859715139045363, 12.664781801019645 ], [ 76.859715768991535, 12.664776513546958 ], [ 76.859721641241848, 12.664753715982926 ], [ 76.859725718400554, 12.664737884371863 ], [ 76.859726955031491, 12.664728925693066 ], [ 76.859746505043063, 12.664735473990778 ], [ 76.859749508547708, 12.664736479781666 ], [ 76.859749664288088, 12.664735107535442 ], [ 76.85985737047308, 12.663784152392722 ], [ 76.8598536685151, 12.663741654308545 ], [ 76.859839657000123, 12.663580813421044 ], [ 76.859797487674399, 12.663141763787195 ], [ 76.859730707606445, 12.662919491086676 ], [ 76.859699050818278, 12.662527951690242 ], [ 76.859656020885097, 12.662164252047592 ], [ 76.859630591128976, 12.661949313443305 ], [ 76.859621227873603, 12.661562070604045 ], [ 76.859683380579398, 12.661550800722379 ], [ 76.859683334466311, 12.661548057870638 ], [ 76.859711071688466, 12.661545779613189 ], [ 76.859734297890114, 12.661541568106372 ], [ 76.859704011601679, 12.661489806825124 ], [ 76.859584176978345, 12.661284996778059 ], [ 76.859540965653423, 12.661204447410521 ], [ 76.859377834042277, 12.660900352292192 ], [ 76.859259743747586, 12.66068021931831 ], [ 76.859251102218209, 12.660619614298323 ], [ 76.859246621930581, 12.660588193017706 ], [ 76.859201036580473, 12.660268495605427 ], [ 76.859178286540867, 12.660127545437081 ], [ 76.859143177595797, 12.659910026881622 ], [ 76.859099740106402, 12.659640901742764 ], [ 76.859092918722936, 12.659599772155845 ], [ 76.859086995032939, 12.659569855031652 ], [ 76.859080344248724, 12.659536264268002 ], [ 76.859019394824898, 12.659288351223372 ], [ 76.858818559282909, 12.658481282771174 ], [ 76.85882810522007, 12.658398633842648 ], [ 76.858832759403271, 12.658358256551562 ], [ 76.858844707540371, 12.658254605880972 ], [ 76.858921330035116, 12.657589875860273 ], [ 76.858939395031555, 12.657433151075804 ], [ 76.858970995406878, 12.65716482410796 ], [ 76.858994957171447, 12.657030759543767 ], [ 76.859023740572454, 12.656906260322639 ], [ 76.85912176420436, 12.656389097411203 ], [ 76.859133998327408, 12.656309776519901 ], [ 76.859200166568229, 12.65594613269892 ], [ 76.858928665639439, 12.65581992878591 ], [ 76.858920208475993, 12.655815996383827 ], [ 76.858753157237985, 12.655738333343576 ], [ 76.858466268941541, 12.655604957526789 ], [ 76.858367424745751, 12.655622724195153 ], [ 76.858130797970489, 12.655665257556477 ], [ 76.857974956337685, 12.655693267673689 ], [ 76.85718041594842, 12.655836079464857 ], [ 76.855991655976297, 12.656049742886248 ], [ 76.855583332918485, 12.656123131341579 ], [ 76.855246772586725, 12.656183623504708 ], [ 76.855179268448069, 12.656189119416636 ], [ 76.855145269834665, 12.656191887161652 ], [ 76.854689835663862, 12.656228963566262 ], [ 76.854543859929677, 12.656240847689933 ], [ 76.854532324973235, 12.656241786717793 ], [ 76.854401794529252, 12.656238937394491 ], [ 76.853943914104605, 12.656268911094614 ], [ 76.853323761687008, 12.656309503490125 ], [ 76.853169350084912, 12.656332355777273 ], [ 76.853026966995202, 12.656356139668905 ], [ 76.852906233744747, 12.65639082525969 ], [ 76.852685348543631, 12.656453144813463 ], [ 76.852575902416703, 12.656451542876304 ], [ 76.852250924070873, 12.656446785723805 ], [ 76.852088336379495, 12.656444405423683 ], [ 76.852018732990501, 12.656427018438169 ], [ 76.851802970925746, 12.656373121492841 ], [ 76.851676218517298, 12.656341459494456 ], [ 76.851646944553565, 12.656334146566953 ], [ 76.851553184930836, 12.656344139247832 ], [ 76.851161679817494, 12.656385865575738 ], [ 76.850894325022637, 12.656414359682451 ], [ 76.8507853638542, 12.656430239823035 ], [ 76.850479312526858, 12.65647484551876 ], [ 76.850402106361514, 12.656486097518927 ], [ 76.849520403267363, 12.656614597418304 ], [ 76.849518529189083, 12.656611659314649 ], [ 76.849505701424349, 12.656591544811022 ], [ 76.8494769674476, 12.656595858341532 ], [ 76.849396955088167, 12.656402758090781 ], [ 76.849261883111083, 12.656076773270968 ], [ 76.848572210612957, 12.65599590278048 ], [ 76.848155616981899, 12.655932203696315 ], [ 76.84762869357013, 12.655784909006613 ], [ 76.847238005537321, 12.655805697513996 ], [ 76.847230899967897, 12.655807191877342 ], [ 76.8472402286787, 12.65582516947425 ], [ 76.847231897981018, 12.655826130242344 ], [ 76.847030339937476, 12.655849371404445 ], [ 76.846971792574891, 12.655861684426446 ], [ 76.845736983596112, 12.656121367368241 ], [ 76.845734418973592, 12.656113653497766 ], [ 76.845732524672925, 12.656114048025895 ], [ 76.845676944943548, 12.655951371484516 ], [ 76.845389050882659, 12.655954000401433 ], [ 76.845266719146295, 12.655955116806068 ], [ 76.84470388924268, 12.655805420262704 ], [ 76.844473971980307, 12.655730308275963 ], [ 76.844470005402627, 12.655727900335181 ], [ 76.844465571816272, 12.655726471703405 ], [ 76.844089282022168, 12.655501768948234 ], [ 76.843862136943187, 12.655342880128659 ], [ 76.843787150663189, 12.655290427295645 ], [ 76.843183771863593, 12.654939634035937 ], [ 76.843152228222095, 12.654941904574606 ], [ 76.843001426613839, 12.654961487409444 ], [ 76.842978626898287, 12.654882516847659 ], [ 76.842891987717053, 12.654674027128095 ], [ 76.842665251316348, 12.65412840179723 ], [ 76.842346954313172, 12.65358977110496 ], [ 76.842337402663134, 12.653573608208179 ], [ 76.842333966259787, 12.653567792080896 ], [ 76.842303034041635, 12.65351544786791 ], [ 76.842170566799439, 12.653291240156916 ], [ 76.842135685708001, 12.653232202056053 ], [ 76.841965933527703, 12.652982829884806 ], [ 76.841806902060497, 12.65274920746344 ], [ 76.841509051799719, 12.652311653774474 ], [ 76.841317585903724, 12.652030381726046 ], [ 76.841182571181207, 12.651832038890873 ], [ 76.841053981949287, 12.651643134947413 ], [ 76.840987504206254, 12.651669259933067 ], [ 76.840875475234682, 12.651713286404158 ], [ 76.840842230837978, 12.651726351176714 ], [ 76.840827761503817, 12.651732037118682 ], [ 76.840726703851814, 12.651770225244318 ], [ 76.840722597206621, 12.651772719662661 ], [ 76.840465748184471, 12.651928731760327 ], [ 76.840448231955079, 12.651941250021995 ], [ 76.840224256969663, 12.652101317877353 ], [ 76.840109374284452, 12.652167446262602 ], [ 76.839987042604022, 12.652237862519913 ], [ 76.839768458563512, 12.652363682185367 ], [ 76.839557253971577, 12.652494303605305 ], [ 76.839496890645378, 12.652531635609559 ], [ 76.839467750926417, 12.65254965763237 ], [ 76.839451722842242, 12.652561080302247 ], [ 76.839352728210528, 12.652631633382267 ], [ 76.839265173378863, 12.652668183310796 ], [ 76.839161351966609, 12.652711523366708 ], [ 76.839052519849176, 12.652756955541571 ], [ 76.839028830485589, 12.652769511794727 ], [ 76.838608799142975, 12.653047277265573 ], [ 76.838383311866352, 12.653218931734667 ], [ 76.837993479418188, 12.653443798260266 ], [ 76.838497719531347, 12.65480057183232 ], [ 76.838646804643602, 12.655341945734534 ], [ 76.83871131858551, 12.655576213939693 ], [ 76.838743206564203, 12.65569200742463 ], [ 76.838773639067767, 12.655784250638401 ], [ 76.838853716439601, 12.656026968226559 ], [ 76.838923304769892, 12.656237891330603 ], [ 76.838963980352631, 12.656378299747651 ], [ 76.838973605607464, 12.656425817567426 ], [ 76.839004519580882, 12.656578426971794 ], [ 76.839033718855802, 12.656722570802424 ], [ 76.839069975626771, 12.65690155258909 ], [ 76.839141844179963, 12.657245522322992 ], [ 76.839472951308466, 12.658469137678726 ], [ 76.839596058132059, 12.658920994270312 ], [ 76.839635064994411, 12.659296914849405 ], [ 76.839655351526588, 12.659492087575897 ], [ 76.839776816136222, 12.659577861397988 ], [ 76.839951610661728, 12.660042692432116 ], [ 76.840525850858626, 12.661085843966676 ], [ 76.840750479150202, 12.66151323189273 ], [ 76.8408712304375, 12.661783191596918 ], [ 76.840916063312676, 12.661883421638992 ], [ 76.840822777489507, 12.662042359058036 ], [ 76.840818956486515, 12.66205672448794 ], [ 76.840787112124886, 12.662176450883662 ], [ 76.840770653027278, 12.662238330714398 ], [ 76.840698580007597, 12.662509300704844 ], [ 76.840687144761134, 12.662552293760001 ], [ 76.840774089428663, 12.663217896149698 ], [ 76.840781368149834, 12.66327362090987 ], [ 76.840966242372815, 12.663659252457286 ], [ 76.840893844001641, 12.664617057520459 ], [ 76.840887160487469, 12.664705471522746 ], [ 76.840887076380739, 12.664706578441626 ], [ 76.840866852897832, 12.665704220268157 ], [ 76.840866307607357, 12.665731106038212 ], [ 76.840865142365459, 12.665788583057866 ], [ 76.840850921384316, 12.666490138778419 ], [ 76.840847467928143, 12.666660499675956 ], [ 76.840816180457168, 12.66820403877345 ], [ 76.840816175039734, 12.668204309971889 ], [ 76.84080880575398, 12.668467120454695 ], [ 76.840803181359121, 12.668667676574685 ], [ 76.840803047325025, 12.668672471627854 ], [ 76.840801796183939, 12.66871707541619 ], [ 76.840795208022726, 12.668951997911321 ], [ 76.840784956861839, 12.66931754951853 ], [ 76.840770408127881, 12.669836372946184 ], [ 76.84076625219312, 12.669871794540029 ], [ 76.8407518811199, 12.669994268033561 ], [ 76.840735453779772, 12.670053681015975 ], [ 76.8406448507438, 12.670381367071865 ], [ 76.840640410266673, 12.670397414378643 ], [ 76.840638550815527, 12.670405237587401 ], [ 76.840557901133451, 12.670744577937221 ], [ 76.840489489835562, 12.670933646569983 ], [ 76.839875495154615, 12.672895429316561 ], [ 76.839398623735647, 12.674545440049005 ], [ 76.839398234806424, 12.674546786794787 ], [ 76.839397165900849, 12.67455048469197 ], [ 76.839389090758189, 12.674578425858911 ], [ 76.839374171725069, 12.674582168964873 ], [ 76.839360840669002, 12.674587714246838 ], [ 76.8392855580407, 12.674619028140564 ], [ 76.838940221459723, 12.675485527034018 ], [ 76.838922114463699, 12.675530958786673 ], [ 76.839036078698243, 12.675655136798461 ], [ 76.840009092743458, 12.676202967571156 ], [ 76.841034115769972, 12.67679996422498 ], [ 76.841042954970405, 12.676805103867116 ], [ 76.841777241902946, 12.67721590251225 ], [ 76.842074571759426, 12.677358814521096 ], [ 76.842617917064786, 12.677500081342945 ], [ 76.843031836380163, 12.677607697702022 ], [ 76.843226448263835, 12.677658295296387 ], [ 76.843247903089676, 12.677656700321768 ], [ 76.843475034002267, 12.677639811768959 ], [ 76.843616507531422, 12.677629291992224 ], [ 76.843865555956754, 12.677607576280977 ], [ 76.844267802595212, 12.677572502985083 ], [ 76.844365958493114, 12.677563879610938 ], [ 76.844399075694724, 12.677051582581056 ], [ 76.844405346957714, 12.676954574855554 ], [ 76.844411778837753, 12.676855070436812 ], [ 76.844418211638811, 12.676755566011497 ], [ 76.84442106442738, 12.676711441994126 ], [ 76.844892474332568, 12.676601646161162 ], [ 76.845099057614746, 12.6765274997716 ], [ 76.845258519271027, 12.676470265411679 ], [ 76.84646580879965, 12.676036941572479 ], [ 76.846721553105439, 12.675935275091431 ], [ 76.84740033352287, 12.67567739024957 ], [ 76.847417739619658, 12.67567043786371 ], [ 76.84807226273233, 12.675409305249858 ], [ 76.848207392516244, 12.67535826270948 ], [ 76.848601088110073, 12.675209631417401 ], [ 76.848792002368327, 12.675129634916862 ], [ 76.849142387930016, 12.674982817171749 ], [ 76.849235406099311, 12.674970912504321 ], [ 76.849687911956224, 12.674887644944748 ], [ 76.849909331891638, 12.67484690002888 ], [ 76.849998073403043, 12.6748305697128 ], [ 76.850207618418722, 12.674792010490071 ], [ 76.850408861930362, 12.67475497767219 ], [ 76.850467852241223, 12.674681354009271 ], [ 76.850587163842036, 12.674532446934183 ], [ 76.850596163819688, 12.674521214323224 ], [ 76.850614128186905, 12.674498792733916 ], [ 76.850620717838083, 12.674490569597397 ], [ 76.850713316763276, 12.67447304351519 ], [ 76.850775271530409, 12.674461317524194 ], [ 76.850980410277842, 12.674422490144513 ], [ 76.851142416444162, 12.674391827473022 ], [ 76.851267611170968, 12.674371722387303 ], [ 76.851326889248284, 12.674362203169013 ], [ 76.851331994129822, 12.674361383066147 ], [ 76.851365702665106, 12.674348951581926 ], [ 76.851377034899841, 12.674346211689652 ], [ 76.851983867535452, 12.674199466536782 ], [ 76.852176133247823, 12.674141687153025 ], [ 76.852489408827751, 12.674047541730049 ], [ 76.852764369214086, 12.673951284010714 ], [ 76.85321818925182, 12.67381882875603 ], [ 76.853617363767526, 12.673688224359312 ], [ 76.854145862597434, 12.673547123055394 ], [ 76.854165143596262, 12.673541974863115 ], [ 76.854316629133294, 12.673483877377809 ], [ 76.854734094153756, 12.673369806592435 ], [ 76.855164867179909, 12.673252100103962 ], [ 76.855315140927189, 12.67320609791283 ], [ 76.855518866895395, 12.673152465504909 ], [ 76.855541254467099, 12.673146026516797 ], [ 76.855927778108395, 12.673034851687191 ], [ 76.856314300419726, 12.672923676347434 ], [ 76.857561787723355, 12.672615784763334 ], [ 76.857572253182937, 12.672584535648115 ], [ 76.857631003368681, 12.672567957825828 ], [ 76.857684417138472, 12.672552886954183 ], [ 76.857797175161878, 12.671634138964112 ], [ 76.857801548123177, 12.67156599067807 ], [ 76.85783796203765, 12.670998535894579 ], [ 76.857874954616221, 12.670423282158929 ], [ 76.85787804204071, 12.67037526372013 ], [ 76.857881145271151, 12.670327012878392 ], [ 76.857891034387364, 12.67017342557512 ], [ 76.857894084955916, 12.670168722259197 ], [ 76.857898316163272, 12.670116961976477 ], [ 76.857940466208262, 12.670073592165275 ], [ 76.858018047711582, 12.6699937654263 ], [ 76.858022159702287, 12.669976229574727 ], [ 76.858065359719802, 12.669945084192117 ], [ 76.858168450458024, 12.669839009972124 ] ] ] } },
{ "type": "Feature", "properties": { "OBJECTID": 18917, "KGISVillageID": 24191, "KGISVillageCode": "2205070029", "KGISVillageName": "Bommanahalli", "KGISHobliID": 247, "UniqueVillageCode": "2205070029_1", "Bhucode": "220501002010", "CensusVillageCode": "2957305550614404", "BhoomiVillageCode": "2205070029", "created_user": null, "created_date": null, "last_edited_user": null, "last_edited_date": null, "LGDGPCode": "219352", "LGDGPCode_Secondary": null, "Category": "Cadastral data available and has bhoomi linkage", "SHAPE.STArea()": 3527741.4100790201, "SHAPE.STLength()": 9448.9671609381876, "LGD_VillageCode": 614404.0, "_overlap_percent": 99.820859572769081, "_police_station": "Basaralu PS", "_police_feature_index": "485", "_admin_layer": "Village", "_geometry_clipped": true }, "geometry": { "type": "Polygon", "coordinates": [ [ [ 76.792744733286483, 12.659423354816916 ], [ 76.792653605883089, 12.659462901055614 ], [ 76.79245967085852, 12.659547030865955 ], [ 76.792584367594287, 12.65986582454323 ], [ 76.792981281431196, 12.660991379086422 ], [ 76.793361646143964, 12.662079198086863 ], [ 76.793514497857672, 12.662521122786409 ], [ 76.793637414277882, 12.662876715943881 ], [ 76.793866165408886, 12.663581865211391 ], [ 76.793869252610875, 12.663622511380174 ], [ 76.793883603750317, 12.663811449971124 ], [ 76.793887792372033, 12.663904292964709 ], [ 76.793889764350851, 12.663951846958019 ], [ 76.793885466298988, 12.664165218727907 ], [ 76.793910141940131, 12.664575275349474 ], [ 76.793916984397455, 12.664689296694728 ], [ 76.793923202937719, 12.66479307753991 ], [ 76.793924727656233, 12.664818528976037 ], [ 76.793973784783674, 12.66533376788148 ], [ 76.793982497864135, 12.665425284166743 ], [ 76.794056244083919, 12.665583603275982 ], [ 76.794070488681513, 12.665614184381207 ], [ 76.794139306776003, 12.665776095305691 ], [ 76.79415214555506, 12.66580862292342 ], [ 76.794350155610758, 12.666310288396467 ], [ 76.794366295058708, 12.666351177322365 ], [ 76.794559331718588, 12.66684024147369 ], [ 76.794857212878981, 12.66758754188278 ], [ 76.794878258541573, 12.667640338949123 ], [ 76.795184117716104, 12.668470663271231 ], [ 76.795606285969654, 12.66960045150535 ], [ 76.795668324579978, 12.669769566313178 ], [ 76.79590790604496, 12.670402527414124 ], [ 76.795963449890365, 12.67055957292181 ], [ 76.796071167334887, 12.670863493465204 ], [ 76.796109549637194, 12.670971786004463 ], [ 76.796178910426619, 12.671167484256237 ], [ 76.796182581995524, 12.671178450759232 ], [ 76.796230526216689, 12.671321047288771 ], [ 76.79624027755861, 12.671376885207577 ], [ 76.796245235674093, 12.671470442290415 ], [ 76.796441974379604, 12.671546356092271 ], [ 76.797021205375358, 12.671515650209601 ], [ 76.797085985633998, 12.671478395201072 ], [ 76.797430441109526, 12.671340641914261 ], [ 76.797435582681089, 12.6713385851605 ], [ 76.797484966954855, 12.671318835810958 ], [ 76.797530907397459, 12.671277939738781 ], [ 76.797670821776435, 12.671153387074561 ], [ 76.7978408771353, 12.670983230033036 ], [ 76.797896768109922, 12.670966817175735 ], [ 76.798391355412718, 12.670843409332027 ], [ 76.798791505152636, 12.670830211541274 ], [ 76.798871742356042, 12.670815600671469 ], [ 76.798953001889529, 12.670800803892863 ], [ 76.799244916823511, 12.670747649035683 ], [ 76.799251554824636, 12.670746985864637 ], [ 76.799281495730085, 12.670743992984955 ], [ 76.799289399510144, 12.670743202839439 ], [ 76.799327244193776, 12.670739419809003 ], [ 76.799476901769026, 12.670743346020538 ], [ 76.799490889726613, 12.670747188707264 ], [ 76.799493598593372, 12.670747933259117 ], [ 76.799582352301172, 12.670790334265869 ], [ 76.80002035863194, 12.670999587496752 ], [ 76.800320869835602, 12.67099905639097 ], [ 76.800323513612412, 12.670999052051089 ], [ 76.800376527946497, 12.670999198415052 ], [ 76.80050198897986, 12.670996295362276 ], [ 76.800624853666847, 12.670957420625667 ], [ 76.800657256658027, 12.67095686678255 ], [ 76.800778975765553, 12.670955686440712 ], [ 76.800813287676974, 12.67095535375908 ], [ 76.800942495814411, 12.670954100031206 ], [ 76.80134742155893, 12.670950171562685 ], [ 76.801405156235717, 12.670944659047231 ], [ 76.801429531565788, 12.670942331828636 ], [ 76.80155952933309, 12.670929921191505 ], [ 76.80174079556302, 12.670912615683132 ], [ 76.801786166390215, 12.670908284174081 ], [ 76.801800232488716, 12.670891804101778 ], [ 76.801852136901459, 12.670912036650092 ], [ 76.801912036056592, 12.670935384949047 ], [ 76.801930008295642, 12.670939246602357 ], [ 76.801941518682085, 12.670941720282359 ], [ 76.801948644318458, 12.670943249282443 ], [ 76.801981331504166, 12.670950259794029 ], [ 76.802035092249284, 12.670961787039468 ], [ 76.802261111181167, 12.67098828941962 ], [ 76.802283836987684, 12.670990953721056 ], [ 76.802353226855075, 12.670999090248939 ], [ 76.802360114950773, 12.671000089361714 ], [ 76.802487940440585, 12.671018621302089 ], [ 76.802617051578039, 12.671037494267978 ], [ 76.802987755230731, 12.671112544601277 ], [ 76.803180133507738, 12.671167787362581 ], [ 76.803469407467574, 12.671232054385458 ], [ 76.803477154913111, 12.671233775268659 ], [ 76.80404683548818, 12.67136033922675 ], [ 76.804087473558738, 12.671416546487917 ], [ 76.804101971487043, 12.671436598468745 ], [ 76.804109596934595, 12.671447144802798 ], [ 76.804171317274026, 12.671532509395659 ], [ 76.804227448013322, 12.671610143894375 ], [ 76.80429990153759, 12.671710353361211 ], [ 76.804322285258138, 12.671741312343144 ], [ 76.804420435689238, 12.671877063562226 ], [ 76.804429813456849, 12.671890033965923 ], [ 76.804430188614347, 12.671890365858058 ], [ 76.804463932960658, 12.671920164876088 ], [ 76.804516875904127, 12.671966917052945 ], [ 76.804548097762904, 12.672002310153381 ], [ 76.804597593786653, 12.672058418326261 ], [ 76.804637840602169, 12.67204750102275 ], [ 76.804700374618704, 12.672132936756162 ], [ 76.804703073642642, 12.672136856669649 ], [ 76.804765650582269, 12.672225506309104 ], [ 76.804788175106623, 12.672256575460001 ], [ 76.804809167692397, 12.672285530874024 ], [ 76.80481815668422, 12.672297929930359 ], [ 76.80490660775024, 12.672377583782744 ], [ 76.804972700579825, 12.672437102554229 ], [ 76.805001742080918, 12.672463255497282 ], [ 76.805085149814701, 12.672538368039946 ], [ 76.805092687195355, 12.672545155672008 ], [ 76.805136019730043, 12.672584177822278 ], [ 76.805317674527416, 12.672775167596189 ], [ 76.80548881266516, 12.673037571414271 ], [ 76.805743977238166, 12.673275009453436 ], [ 76.805880320297973, 12.673346514503255 ], [ 76.805985999782152, 12.673401938836452 ], [ 76.806128546473516, 12.67347669716872 ], [ 76.806340969480644, 12.673645104976639 ], [ 76.806583688690267, 12.673862438299286 ], [ 76.806750839057472, 12.674018902061997 ], [ 76.807075903180902, 12.67426165740202 ], [ 76.807169630415189, 12.674331652596313 ], [ 76.807191061212535, 12.674354542427299 ], [ 76.807261332769116, 12.674445165490624 ], [ 76.807345374983342, 12.674553546637799 ], [ 76.807378108407207, 12.674595759689744 ], [ 76.807443352656051, 12.6746751146894 ], [ 76.807479343936876, 12.674718890989299 ], [ 76.807516026916375, 12.674817934222959 ], [ 76.807581464231717, 12.674994615446559 ], [ 76.807653543835315, 12.675189229739573 ], [ 76.807716195445607, 12.675353597242554 ], [ 76.807723289822704, 12.675372209697263 ], [ 76.807875264872266, 12.675537447580224 ], [ 76.80791931533156, 12.675580106016945 ], [ 76.808017786769057, 12.675696142247823 ], [ 76.808168260355018, 12.67587345516994 ], [ 76.808236864681874, 12.675954295622233 ], [ 76.80826823830995, 12.675994615091867 ], [ 76.808366268413238, 12.676120595973828 ], [ 76.808384856135831, 12.67622323573341 ], [ 76.808387643566689, 12.676238626188269 ], [ 76.808391640825164, 12.676260699867203 ], [ 76.808401944675936, 12.676310928212841 ], [ 76.808416803620943, 12.676383355695677 ], [ 76.808445934159423, 12.676525331260081 ], [ 76.808452790436363, 12.676558717481026 ], [ 76.808459149344401, 12.676625069931484 ], [ 76.80848845465043, 12.676930857015648 ], [ 76.80849030399952, 12.676950154109113 ], [ 76.808494470676422, 12.676994404330104 ], [ 76.808496694940587, 12.677026519564322 ], [ 76.808497346810611, 12.677035927274092 ], [ 76.80849817498482, 12.677047880929672 ], [ 76.808499002206787, 12.677059830072279 ], [ 76.808500596095868, 12.67708284386692 ], [ 76.808522342925968, 12.677396863406454 ], [ 76.808530097185596, 12.677508827187552 ], [ 76.808533127189875, 12.677552583482617 ], [ 76.808555376808499, 12.677697562422066 ], [ 76.808585760998085, 12.677806731064667 ], [ 76.808805731846675, 12.67845013274013 ], [ 76.808910393288073, 12.678803403927255 ], [ 76.809340349253574, 12.679848267182015 ], [ 76.809821249916112, 12.681534446243582 ], [ 76.809845290657293, 12.681617421677755 ], [ 76.80992368226039, 12.681491507388877 ], [ 76.809958596351123, 12.680159216020407 ], [ 76.809958989846521, 12.680146373679159 ], [ 76.810500211720836, 12.679535114904702 ], [ 76.81087273796058, 12.67894591162537 ], [ 76.810877699737532, 12.678940948944243 ], [ 76.810890337037364, 12.67892085087094 ], [ 76.811691287579038, 12.678056348600855 ], [ 76.811673705134638, 12.677653800503929 ], [ 76.811655137653005, 12.677228699998707 ], [ 76.811624781408256, 12.67635312683651 ], [ 76.81159012106869, 12.675984136897515 ], [ 76.81158943810793, 12.675976857160769 ], [ 76.811560236115298, 12.675697757295881 ], [ 76.811553915733597, 12.675637350494243 ], [ 76.811501670566614, 12.675138013881281 ], [ 76.81149786058009, 12.67512410468116 ], [ 76.81149717929236, 12.675121619126269 ], [ 76.81149133110911, 12.675093239995732 ], [ 76.811488651519909, 12.675080236014399 ], [ 76.81146742377571, 12.674977375073274 ], [ 76.811464128555627, 12.674961406030919 ], [ 76.81145622082866, 12.674923089181377 ], [ 76.811445390602159, 12.674870611225987 ], [ 76.811443158196838, 12.674859791592956 ], [ 76.811411372872115, 12.674705768686358 ], [ 76.811483810960965, 12.674369280158613 ], [ 76.811551337032782, 12.674055611080526 ], [ 76.811591331034577, 12.673869831977349 ], [ 76.811592870479743, 12.673863489788388 ], [ 76.811617733075281, 12.673761032474749 ], [ 76.811623491451286, 12.673689571125813 ], [ 76.811658356703447, 12.673256920515584 ], [ 76.811652934828487, 12.672598748123736 ], [ 76.811651819650592, 12.672463349540445 ], [ 76.811651700964546, 12.672460883652578 ], [ 76.811650996565305, 12.672449264517393 ], [ 76.811650953279084, 12.672445353710872 ], [ 76.811643499791018, 12.672126618537948 ], [ 76.811643301894691, 12.672118154118504 ], [ 76.811641869266325, 12.672056891461359 ], [ 76.811639409004542, 12.671951684496051 ], [ 76.81163534301092, 12.671777780708984 ], [ 76.811632815668432, 12.67166972154325 ], [ 76.811632252921385, 12.671661863402949 ], [ 76.811628295528266, 12.671606630573535 ], [ 76.811603640516182, 12.671262552888665 ], [ 76.811598865111236, 12.671195901450826 ], [ 76.811575886094928, 12.670875209339274 ], [ 76.811570703265673, 12.670802874344425 ], [ 76.811552471029628, 12.670548418067018 ], [ 76.81154780575028, 12.670470506199718 ], [ 76.811532689045919, 12.670414013436272 ], [ 76.811521487116522, 12.670184970736962 ], [ 76.811510765064327, 12.669965732798376 ], [ 76.811508043935063, 12.669910092016949 ], [ 76.811507641461262, 12.669901854959607 ], [ 76.811507242196001, 12.669893681152216 ], [ 76.811507209983731, 12.669893030575755 ], [ 76.811507086164255, 12.669893094690979 ], [ 76.811506918514212, 12.669887085009959 ], [ 76.811506426345389, 12.669869409311783 ], [ 76.81150549258966, 12.669835875279835 ], [ 76.811504930221275, 12.669815689976206 ], [ 76.811503951004482, 12.66978054191841 ], [ 76.811501731215643, 12.669781009883753 ], [ 76.811494691228432, 12.66963706472781 ], [ 76.811481260087291, 12.669362437186402 ], [ 76.811480386333585, 12.669344561616361 ], [ 76.811477293913157, 12.669324836446782 ], [ 76.811400358933241, 12.668834145094236 ], [ 76.811396291390366, 12.668814899293501 ], [ 76.81138896958899, 12.668780250887639 ], [ 76.811340269423383, 12.668549794934853 ], [ 76.811324935418767, 12.668477233470091 ], [ 76.811294163445965, 12.668271249160352 ], [ 76.811279551400403, 12.668173434597527 ], [ 76.81127495840316, 12.667901359017428 ], [ 76.811274521400946, 12.667886926975681 ], [ 76.811274384835073, 12.66788244916351 ], [ 76.811272786145238, 12.66782996159926 ], [ 76.811271688974941, 12.667714887541555 ], [ 76.811271226807847, 12.667666392825282 ], [ 76.81127066424024, 12.667607331491689 ], [ 76.811269700042246, 12.667506130232935 ], [ 76.81126961453208, 12.667497150733571 ], [ 76.81126819212335, 12.667347882266398 ], [ 76.811266241295016, 12.667143210245463 ], [ 76.811252928580458, 12.667095235084494 ], [ 76.811253086514213, 12.667086967091175 ], [ 76.811256128501256, 12.66692945824666 ], [ 76.81125697982219, 12.666885377285368 ], [ 76.811258962610111, 12.666795563867669 ], [ 76.811259329311667, 12.666778926299749 ], [ 76.811259579735207, 12.666767591703891 ], [ 76.811259724912674, 12.666761036656442 ], [ 76.811253659131239, 12.666730342305021 ], [ 76.811240964689674, 12.666666283746265 ], [ 76.811228847725332, 12.666605135374226 ], [ 76.811215574180295, 12.666507038695137 ], [ 76.811191900963578, 12.666332086910325 ], [ 76.811170936501071, 12.666177154869093 ], [ 76.811149066892668, 12.666015530302724 ], [ 76.811140862182526, 12.665954897612092 ], [ 76.811119883036682, 12.665795265460302 ], [ 76.811117347001442, 12.665775971252867 ], [ 76.811105544221547, 12.665686167613611 ], [ 76.81108942712487, 12.665563531750749 ], [ 76.811076365230292, 12.665471790616625 ], [ 76.811073726876046, 12.665453257270197 ], [ 76.811067386742621, 12.665408727218249 ], [ 76.811032041471293, 12.66516047756228 ], [ 76.811015414399122, 12.665043693280669 ], [ 76.811009261225593, 12.66500047619768 ], [ 76.810994217774294, 12.664894816978007 ], [ 76.810994629717086, 12.664885626196206 ], [ 76.811002974234597, 12.664875718870254 ], [ 76.811001895501335, 12.664802327242223 ], [ 76.811016462041053, 12.664663370763268 ], [ 76.8110204370075, 12.664625451997383 ], [ 76.811030762054159, 12.66452695239612 ], [ 76.811037737394386, 12.66446040619166 ], [ 76.811039304442332, 12.664445457942847 ], [ 76.811194728904667, 12.664255460226764 ], [ 76.811202348543191, 12.664246147164485 ], [ 76.811206562193306, 12.664240995267621 ], [ 76.811214301372672, 12.664231534058281 ], [ 76.811234968377548, 12.664024303684746 ], [ 76.811590494536262, 12.664024571350101 ], [ 76.811748228090579, 12.664008476585888 ], [ 76.811769040669873, 12.664006352647018 ], [ 76.812193324322337, 12.663963059567664 ], [ 76.812230327577183, 12.663951387872789 ], [ 76.812252734532805, 12.663944320547017 ], [ 76.812598397394112, 12.663855519442862 ], [ 76.812613530797094, 12.663851631787182 ], [ 76.813116068069732, 12.663786381238221 ], [ 76.81312169829117, 12.663785650497013 ], [ 76.813122177434195, 12.663785587575637 ], [ 76.813409153630417, 12.663759091411864 ], [ 76.813647734025182, 12.663737063715109 ], [ 76.813685570670913, 12.663727929674797 ], [ 76.813690898311251, 12.663728930111764 ], [ 76.813731133062461, 12.663736486178959 ], [ 76.813733501006411, 12.663736931017342 ], [ 76.81374386544266, 12.663737114356264 ], [ 76.813819971065286, 12.66373846387379 ], [ 76.813821205631498, 12.663738486189649 ], [ 76.813877032376723, 12.663727342175646 ], [ 76.813961037982551, 12.66372246337564 ], [ 76.814066859839315, 12.663702367184209 ], [ 76.814232980794685, 12.663678625712693 ], [ 76.81431182785191, 12.663672711782157 ], [ 76.814372822870297, 12.663669066284912 ], [ 76.814396593430999, 12.663665183810101 ], [ 76.814511459473337, 12.66364642136868 ], [ 76.814634141742346, 12.663626382619977 ], [ 76.814641949922191, 12.663638410655626 ], [ 76.814687707365223, 12.66370889785609 ], [ 76.814696325601503, 12.663707912597575 ], [ 76.814898003358692, 12.663684859203384 ], [ 76.815010007550299, 12.663676126563443 ], [ 76.815109583384626, 12.66366836356292 ], [ 76.815109814307021, 12.663668345717712 ], [ 76.81544306285879, 12.663644415113904 ], [ 76.815485245989223, 12.663641385815803 ], [ 76.815478891043071, 12.663604482107909 ], [ 76.815422453258535, 12.663276765341841 ], [ 76.815345071405844, 12.662827423179062 ], [ 76.815271361768509, 12.66239940829588 ], [ 76.815233754940294, 12.662181030267588 ], [ 76.815095358208055, 12.662098228750901 ], [ 76.815042403689318, 12.662055735097052 ], [ 76.815117225269134, 12.662050404338114 ], [ 76.815030189209196, 12.66130302928266 ], [ 76.814951539174544, 12.660683899360954 ], [ 76.814936225508305, 12.66004861349573 ], [ 76.815019641636923, 12.660026422867309 ], [ 76.815015317176787, 12.659785004643211 ], [ 76.815032411363106, 12.65969957153334 ], [ 76.815051127276547, 12.659598755039733 ], [ 76.815081550450131, 12.659434870773936 ], [ 76.815090430205942, 12.659392012300362 ], [ 76.815101472883129, 12.659328946348806 ], [ 76.815131998812348, 12.659154607984638 ], [ 76.815167121284702, 12.658953014246405 ], [ 76.815204285570275, 12.658751447257893 ], [ 76.815234983999389, 12.658577823591243 ], [ 76.815252927109114, 12.658444673271575 ], [ 76.815412519023823, 12.657854947894352 ], [ 76.815423063704714, 12.657812455887067 ], [ 76.815440472710961, 12.657740063645743 ], [ 76.815481525137187, 12.657686498905424 ], [ 76.815483244394272, 12.657684255494713 ], [ 76.815484940601834, 12.6576820068179 ], [ 76.815527902107092, 12.657625058475915 ], [ 76.815332573914745, 12.657435213369228 ], [ 76.815206676917896, 12.657402138213245 ], [ 76.814746739471971, 12.657446164919644 ], [ 76.814705338233651, 12.657446116344559 ], [ 76.81465183820545, 12.657446052726739 ], [ 76.814581267822192, 12.657460009678937 ], [ 76.81253937064325, 12.657461352539041 ], [ 76.812226018269627, 12.657461542657932 ], [ 76.81099774033882, 12.657462283930668 ], [ 76.806757928465061, 12.657464799089006 ], [ 76.806568786963538, 12.65746548084703 ], [ 76.806164305068279, 12.657472133127312 ], [ 76.805918254998815, 12.657476180627246 ], [ 76.8058546372866, 12.657477157260651 ], [ 76.805774728574022, 12.657478383591098 ], [ 76.804840771340778, 12.657469240993134 ], [ 76.804804371527396, 12.657470539298133 ], [ 76.804397749099607, 12.657485445052547 ], [ 76.804405884170833, 12.657530188362292 ], [ 76.804407400877082, 12.65753852999819 ], [ 76.80430705113811, 12.657556158192335 ], [ 76.804305999760359, 12.657576075142027 ], [ 76.804026241557381, 12.657619916148343 ], [ 76.803946018477802, 12.657632486948335 ], [ 76.803929315963018, 12.657621730893899 ], [ 76.803769758552889, 12.657518971746367 ], [ 76.803751632959944, 12.657478087907419 ], [ 76.803719276720926, 12.657405104724054 ], [ 76.803710405266571, 12.657405652868407 ], [ 76.803507931820349, 12.657446171077 ], [ 76.803507343157065, 12.657538555471188 ], [ 76.803427209760443, 12.657550536843509 ], [ 76.803412801423676, 12.657593004420777 ], [ 76.803226741016857, 12.657598040430328 ], [ 76.803083587471932, 12.657601914999399 ], [ 76.803039248044328, 12.657608544592044 ], [ 76.802916463956322, 12.657609986363253 ], [ 76.802820800965108, 12.657611108814226 ], [ 76.802809038913139, 12.657611247227031 ], [ 76.80273375597956, 12.657575944788285 ], [ 76.80258556050147, 12.657558256223261 ], [ 76.802371208505249, 12.657417252206921 ], [ 76.80233125668336, 12.657413254553106 ], [ 76.802149977545923, 12.657395114270034 ], [ 76.801871827316731, 12.657367279170835 ], [ 76.801829421860177, 12.657361371862159 ], [ 76.801762587417628, 12.657352063153111 ], [ 76.80164402225293, 12.657330591119599 ], [ 76.801468481252456, 12.657326444390012 ], [ 76.80130841359599, 12.65732266466855 ], [ 76.800740277364241, 12.657313943584677 ], [ 76.800704803018036, 12.65730354116838 ], [ 76.800435982420609, 12.657224706377457 ], [ 76.800427768457084, 12.657224521498007 ], [ 76.800134818459256, 12.657217925691674 ], [ 76.799979694419051, 12.657219084022358 ], [ 76.799285328426961, 12.657224265464746 ], [ 76.799056438633073, 12.657225973364703 ], [ 76.798917307206764, 12.65723763827266 ], [ 76.798825066662516, 12.657246525862751 ], [ 76.798431398328205, 12.657284454645382 ], [ 76.798100879997108, 12.657403511584581 ], [ 76.797734097715463, 12.657535631127805 ], [ 76.797343243900244, 12.657676420161861 ], [ 76.79727356939965, 12.657701517997845 ], [ 76.796962587408927, 12.657820702067681 ], [ 76.795740036205004, 12.658271587808869 ], [ 76.795348650565288, 12.658415931873657 ], [ 76.794317805334671, 12.658814526474995 ], [ 76.793557228495757, 12.659105023090506 ], [ 76.793332323128297, 12.659190927771281 ], [ 76.792744733286483, 12.659423354816916 ] ] ] } },
{ "type": "Feature", "properties": { "OBJECTID": 18894, "KGISVillageID": 24168, "KGISVillageCode": "2205090019", "KGISVillageName": "Nandhahalli", "KGISHobliID": 120, "UniqueVillageCode": "2205090019_1", "Bhucode": "220501001038", "CensusVillageCode": "2957305550614355", "BhoomiVillageCode": "2205090019", "created_user": null, "created_date": null, "last_edited_user": null, "last_edited_date": null, "LGDGPCode": "219353", "LGDGPCode_Secondary": null, "Category": "Cadastral data available and has bhoomi linkage", "SHAPE.STArea()": 1477859.7658029951, "SHAPE.STLength()": 4794.8371385491428, "LGD_VillageCode": 614355.0, "_overlap_percent": 99.999999999999929, "_police_station": "Basaralu PS", "_police_feature_index": "485", "_admin_layer": "Village", "_geometry_clipped": true }, "geometry": { "type": "Polygon", "coordinates": [ [ [ 76.804637840602169, 12.67204750102275 ], [ 76.804597593786653, 12.672058418326261 ], [ 76.804548097762904, 12.672002310153381 ], [ 76.804516875904127, 12.671966917052945 ], [ 76.804463932960658, 12.671920164876088 ], [ 76.804430188614347, 12.671890365858058 ], [ 76.804429813456849, 12.671890033965923 ], [ 76.804420435689238, 12.671877063562226 ], [ 76.804322285258138, 12.671741312343144 ], [ 76.80429990153759, 12.671710353361211 ], [ 76.804227448013322, 12.671610143894375 ], [ 76.804171317274026, 12.671532509395659 ], [ 76.804109596934595, 12.671447144802798 ], [ 76.804101971487043, 12.671436598468745 ], [ 76.804087473558738, 12.671416546487917 ], [ 76.80404683548818, 12.67136033922675 ], [ 76.803477154913111, 12.671233775268659 ], [ 76.803469407467574, 12.671232054385458 ], [ 76.803180133507738, 12.671167787362581 ], [ 76.802987755230731, 12.671112544601277 ], [ 76.802617051578039, 12.671037494267978 ], [ 76.802487940440585, 12.671018621302089 ], [ 76.802360114950773, 12.671000089361714 ], [ 76.802353226855075, 12.670999090248939 ], [ 76.802283836987684, 12.670990953721056 ], [ 76.802261111181167, 12.67098828941962 ], [ 76.802035092249284, 12.670961787039468 ], [ 76.801981331504166, 12.670950259794029 ], [ 76.801948644318458, 12.670943249282443 ], [ 76.801941518682085, 12.670941720282359 ], [ 76.801930008295642, 12.670939246602357 ], [ 76.801912036056592, 12.670935384949047 ], [ 76.801852136901459, 12.670912036650092 ], [ 76.801800232488716, 12.670891804101778 ], [ 76.801786166390215, 12.670908284174081 ], [ 76.80174079556302, 12.670912615683132 ], [ 76.80155952933309, 12.670929921191505 ], [ 76.801429531565788, 12.670942331828636 ], [ 76.801405156235717, 12.670944659047231 ], [ 76.80134742155893, 12.670950171562685 ], [ 76.800942495814411, 12.670954100031206 ], [ 76.800813287676974, 12.67095535375908 ], [ 76.800778975765553, 12.670955686440712 ], [ 76.800657256658027, 12.67095686678255 ], [ 76.800624853666847, 12.670957420625667 ], [ 76.80050198897986, 12.670996295362276 ], [ 76.800376527946497, 12.670999198415052 ], [ 76.800323513612412, 12.670999052051089 ], [ 76.800320869835602, 12.67099905639097 ], [ 76.80002035863194, 12.670999587496752 ], [ 76.799582352301172, 12.670790334265869 ], [ 76.799493598593372, 12.670747933259117 ], [ 76.799490889726613, 12.670747188707264 ], [ 76.799476901769026, 12.670743346020538 ], [ 76.799327244193776, 12.670739419809003 ], [ 76.799289399510144, 12.670743202839439 ], [ 76.799281495730085, 12.670743992984955 ], [ 76.799251554824636, 12.670746985864637 ], [ 76.799244916823511, 12.670747649035683 ], [ 76.798953001889529, 12.670800803892863 ], [ 76.798871742356042, 12.670815600671469 ], [ 76.798791505152636, 12.670830211541274 ], [ 76.798391355412718, 12.670843409332027 ], [ 76.797896768109922, 12.670966817175735 ], [ 76.7978408771353, 12.670983230033036 ], [ 76.797670821776435, 12.671153387074561 ], [ 76.797530907397459, 12.671277939738781 ], [ 76.797484966954855, 12.671318835810958 ], [ 76.797435582681089, 12.6713385851605 ], [ 76.797430441109526, 12.671340641914261 ], [ 76.797085985633998, 12.671478395201072 ], [ 76.797021205375358, 12.671515650209601 ], [ 76.796441974379604, 12.671546356092271 ], [ 76.796245235674093, 12.671470442290415 ], [ 76.796295608339761, 12.672420901102127 ], [ 76.796308056882381, 12.672655789501938 ], [ 76.796347321576107, 12.673396624400798 ], [ 76.796308500474282, 12.673910215635329 ], [ 76.796290462063382, 12.674133915547541 ], [ 76.796287549745784, 12.674169299007461 ], [ 76.79628406650302, 12.674211619159271 ], [ 76.796357249518167, 12.67448778455536 ], [ 76.798165883494448, 12.681312646113712 ], [ 76.798639440429156, 12.683163019405628 ], [ 76.798706758335186, 12.683162852017505 ], [ 76.798974192594343, 12.683137431819052 ], [ 76.799035152791319, 12.68313161470941 ], [ 76.800054309325247, 12.683048328884839 ], [ 76.801087249091253, 12.682946645698198 ], [ 76.801156370303147, 12.682943600149789 ], [ 76.801915425149204, 12.682881900828548 ], [ 76.802504312269903, 12.682800679268988 ], [ 76.803361337494948, 12.682703159126772 ], [ 76.804032732577568, 12.682622577347345 ], [ 76.804085247189022, 12.682616274118853 ], [ 76.804276191995129, 12.682593356608248 ], [ 76.804289036478863, 12.682591463422497 ], [ 76.805175830991459, 12.682452884346453 ], [ 76.805204309212058, 12.682448433566373 ], [ 76.805427520442109, 12.682417848021272 ], [ 76.806095783812935, 12.682273601078547 ], [ 76.806153239224628, 12.682267457303393 ], [ 76.806155051406364, 12.682267263304201 ], [ 76.80647329199104, 12.682233248776539 ], [ 76.806532069276486, 12.682226966679103 ], [ 76.806539104686294, 12.68222544460993 ], [ 76.806584773263793, 12.682215564680957 ], [ 76.806631120430708, 12.682205832887158 ], [ 76.806664146736267, 12.682199100360632 ], [ 76.806696844932404, 12.682192966625042 ], [ 76.80806673806886, 12.681935994200744 ], [ 76.808453163968068, 12.681853305665284 ], [ 76.809845290657293, 12.681617421677755 ], [ 76.809821249916112, 12.681534446243582 ], [ 76.809340349253574, 12.679848267182015 ], [ 76.808910393288073, 12.678803403927255 ], [ 76.808805731846675, 12.67845013274013 ], [ 76.808585760998085, 12.677806731064667 ], [ 76.808555376808499, 12.677697562422066 ], [ 76.808533127189875, 12.677552583482617 ], [ 76.808530097185596, 12.677508827187552 ], [ 76.808522342925968, 12.677396863406454 ], [ 76.808500596095868, 12.67708284386692 ], [ 76.808499002206787, 12.677059830072279 ], [ 76.80849817498482, 12.677047880929672 ], [ 76.808497346810611, 12.677035927274092 ], [ 76.808496694940587, 12.677026519564322 ], [ 76.808494470676422, 12.676994404330104 ], [ 76.80849030399952, 12.676950154109113 ], [ 76.80848845465043, 12.676930857015648 ], [ 76.808459149344401, 12.676625069931484 ], [ 76.808452790436363, 12.676558717481026 ], [ 76.808445934159423, 12.676525331260081 ], [ 76.808416803620943, 12.676383355695677 ], [ 76.808401944675936, 12.676310928212841 ], [ 76.808391640825164, 12.676260699867203 ], [ 76.808387643566689, 12.676238626188269 ], [ 76.808384856135831, 12.67622323573341 ], [ 76.808366268413238, 12.676120595973828 ], [ 76.80826823830995, 12.675994615091867 ], [ 76.808236864681874, 12.675954295622233 ], [ 76.808168260355018, 12.67587345516994 ], [ 76.808017786769057, 12.675696142247823 ], [ 76.80791931533156, 12.675580106016945 ], [ 76.807875264872266, 12.675537447580224 ], [ 76.807723289822704, 12.675372209697263 ], [ 76.807716195445607, 12.675353597242554 ], [ 76.807653543835315, 12.675189229739573 ], [ 76.807581464231717, 12.674994615446559 ], [ 76.807516026916375, 12.674817934222959 ], [ 76.807479343936876, 12.674718890989299 ], [ 76.807443352656051, 12.6746751146894 ], [ 76.807378108407207, 12.674595759689744 ], [ 76.807345374983342, 12.674553546637799 ], [ 76.807261332769116, 12.674445165490624 ], [ 76.807191061212535, 12.674354542427299 ], [ 76.807169630415189, 12.674331652596313 ], [ 76.807075903180902, 12.67426165740202 ], [ 76.806750839057472, 12.674018902061997 ], [ 76.806583688690267, 12.673862438299286 ], [ 76.806340969480644, 12.673645104976639 ], [ 76.806128546473516, 12.67347669716872 ], [ 76.805985999782152, 12.673401938836452 ], [ 76.805880320297973, 12.673346514503255 ], [ 76.805743977238166, 12.673275009453436 ], [ 76.80548881266516, 12.673037571414271 ], [ 76.805317674527416, 12.672775167596189 ], [ 76.805136019730043, 12.672584177822278 ], [ 76.805092687195355, 12.672545155672008 ], [ 76.805085149814701, 12.672538368039946 ], [ 76.805001742080918, 12.672463255497282 ], [ 76.804972700579825, 12.672437102554229 ], [ 76.80490660775024, 12.672377583782744 ], [ 76.80481815668422, 12.672297929930359 ], [ 76.804809167692397, 12.672285530874024 ], [ 76.804788175106623, 12.672256575460001 ], [ 76.804765650582269, 12.672225506309104 ], [ 76.804703073642642, 12.672136856669649 ], [ 76.804700374618704, 12.672132936756162 ], [ 76.804637840602169, 12.67204750102275 ] ] ] } },
{ "type": "Feature", "properties": { "OBJECTID": 18863, "KGISVillageID": 24137, "KGISVillageCode": "2205100006", "KGISVillageName": "Challanayakanahalli", "KGISHobliID": 1109, "UniqueVillageCode": "2205100006_1", "Bhucode": "220501001007", "CensusVillageCode": "2957305550614334", "BhoomiVillageCode": "2205100006", "created_user": null, "created_date": null, "last_edited_user": null, "last_edited_date": null, "LGDGPCode": "219328", "LGDGPCode_Secondary": null, "Category": "Cadastral data available and has bhoomi linkage", "SHAPE.STArea()": 2451803.6900905599, "SHAPE.STLength()": 7247.9690195109843, "LGD_VillageCode": 614334.0, "_overlap_percent": 0.033583885947898504, "_police_station": "Basaralu PS", "_police_feature_index": "485", "_admin_layer": "Village", "_geometry_clipped": true }, "geometry": { "type": "Polygon", "coordinates": [ [ [ 76.897588721640858, 12.694498369655506 ], [ 76.897545378599219, 12.694528897620669 ], [ 76.89754393927538, 12.694532561237272 ], [ 76.897546486139902, 12.694558826747823 ], [ 76.897555154555079, 12.694648235167254 ], [ 76.897560018055955, 12.694698395248365 ], [ 76.897759967674219, 12.696760641510497 ], [ 76.897603455472108, 12.694527898589243 ], [ 76.897625406999481, 12.694472531233574 ], [ 76.897588721640858, 12.694498369655506 ] ] ] } },
{ "type": "Feature", "properties": { "OBJECTID": 18970, "KGISVillageID": 24244, "KGISVillageCode": "2205060013", "KGISVillageName": "Gudigenahalli", "KGISHobliID": 1093, "UniqueVillageCode": "2205060013_1", "Bhucode": "220501004010", "CensusVillageCode": "2957305550614363", "BhoomiVillageCode": "2205060013", "created_user": null, "created_date": null, "last_edited_user": null, "last_edited_date": null, "LGDGPCode": "219330", "LGDGPCode_Secondary": null, "Category": "Cadastral data available and has bhoomi linkage", "SHAPE.STArea()": 4484895.0025176648, "SHAPE.STLength()": 9274.7884994481883, "LGD_VillageCode": 614363.0, "_overlap_percent": 0.49367354921279699, "_police_station": "Basaralu PS", "_police_feature_index": "485", "_admin_layer": "Village", "_geometry_clipped": true }, "geometry": { "type": "MultiPolygon", "coordinates": [ [ [ [ 76.87813345326272, 12.675829660117246 ], [ 76.878183958553535, 12.675781634126341 ], [ 76.878193985014988, 12.675772099954804 ], [ 76.878212850447284, 12.675754160777563 ], [ 76.878212384911222, 12.675751879555058 ], [ 76.878133997347675, 12.675826652772976 ], [ 76.878123715273929, 12.675824929893141 ], [ 76.87813345326272, 12.675829660117246 ] ] ], [ [ [ 76.876752486557109, 12.675606585504594 ], [ 76.877315064214187, 12.675721426342877 ], [ 76.877624424731948, 12.675769939395041 ], [ 76.878113280656322, 12.675823181452824 ], [ 76.877620477095107, 12.675740606542373 ], [ 76.87730716957374, 12.675688724677492 ], [ 76.876500344820968, 12.675555115162283 ], [ 76.876752486557109, 12.675606585504594 ] ] ], [ [ [ 76.875633284576551, 12.675379190886629 ], [ 76.875876710566615, 12.67542739125193 ], [ 76.875981421489072, 12.675452940897618 ], [ 76.87611848709372, 12.675479709689553 ], [ 76.876019317670853, 12.675336106251416 ], [ 76.875970432271629, 12.675271219255874 ], [ 76.875664589326917, 12.675210070581237 ], [ 76.875532333422655, 12.675232669965879 ], [ 76.875515826028234, 12.675359734542605 ], [ 76.875633284576551, 12.675379190886629 ] ] ], [ [ [ 76.867493609140766, 12.673091139480826 ], [ 76.867522378283525, 12.673098478290818 ], [ 76.867527545573566, 12.673099796878052 ], [ 76.867964275060459, 12.67325124782414 ], [ 76.868549688036452, 12.673454258446039 ], [ 76.869330034057739, 12.673724864995926 ], [ 76.869764599551303, 12.673902720502159 ], [ 76.870292834296336, 12.674118911332547 ], [ 76.870377395801682, 12.674153519813741 ], [ 76.87049053935938, 12.674199825529476 ], [ 76.871225213031096, 12.674500502173984 ], [ 76.871314323715723, 12.674538098986803 ], [ 76.871622152285042, 12.674625258220845 ], [ 76.87199686373188, 12.674762591820361 ], [ 76.872027817292505, 12.674773551829492 ], [ 76.872164917793739, 12.674822094115061 ], [ 76.872413399182776, 12.67491007249631 ], [ 76.872745052219699, 12.675065845845578 ], [ 76.87279204944511, 12.675077275720895 ], [ 76.872820097288752, 12.675090799544572 ], [ 76.873068171564455, 12.675145057306572 ], [ 76.873466943228848, 12.675232274821683 ], [ 76.873718897728494, 12.675289303829009 ], [ 76.875270972813254, 12.675793092441646 ], [ 76.875430600515799, 12.675844905894309 ], [ 76.875449974622015, 12.675721218794289 ], [ 76.875451474974327, 12.675711640012462 ], [ 76.873737666276725, 12.675258193749491 ], [ 76.873538418599452, 12.675205474363672 ], [ 76.872893629027715, 12.674978067071944 ], [ 76.872878537695044, 12.674972744841227 ], [ 76.872873388812437, 12.674970929117348 ], [ 76.872466152355315, 12.674833166135466 ], [ 76.872051214531979, 12.67469279846328 ], [ 76.87137084983452, 12.674454052006013 ], [ 76.871354798947181, 12.674448420085218 ], [ 76.869399427164325, 12.673731860107189 ], [ 76.867598314862434, 12.673088493274845 ], [ 76.867385764564943, 12.673035677019138 ], [ 76.867331181076153, 12.673049701911699 ], [ 76.867493609140766, 12.673091139480826 ] ] ], [ [ [ 76.865863499683087, 12.673331552034487 ], [ 76.865868653113552, 12.673330688889077 ], [ 76.86568831118295, 12.673327632132795 ], [ 76.865622185081008, 12.673326510920951 ], [ 76.865863499683087, 12.673331552034487 ] ] ], [ [ [ 76.863425050827402, 12.673108548628994 ], [ 76.863429526236686, 12.673108904114766 ], [ 76.863943698297362, 12.673150140474563 ], [ 76.863984334581133, 12.673153399622576 ], [ 76.864057387602685, 12.67315925876602 ], [ 76.864176101290866, 12.673168779247684 ], [ 76.864192750384035, 12.67317011411164 ], [ 76.864465513407026, 12.673197439534695 ], [ 76.864465815553459, 12.673197469050953 ], [ 76.864755032055129, 12.673226442216537 ], [ 76.864831645995096, 12.673234117326583 ], [ 76.864867655094372, 12.673237921278112 ], [ 76.864965504631101, 12.67324825840087 ], [ 76.865047348924577, 12.673259466999507 ], [ 76.865170925463488, 12.673276410647981 ], [ 76.865265865623286, 12.673297300725492 ], [ 76.86537587311733, 12.673321506158873 ], [ 76.865448540555846, 12.673322981040199 ], [ 76.865246396217671, 12.673278911835276 ], [ 76.86512273677593, 12.673262213749917 ], [ 76.865040824517735, 12.673251152980731 ], [ 76.864906839651454, 12.673237248737596 ], [ 76.864262102457175, 12.673170342798876 ], [ 76.863459174619109, 12.673087018167104 ], [ 76.863342990898175, 12.67310203849418 ], [ 76.863425050827402, 12.673108548628994 ] ] ], [ [ [ 76.857940466208262, 12.670073592165275 ], [ 76.857898316163272, 12.670116961976477 ], [ 76.857894084955916, 12.670168722259197 ], [ 76.857891034387364, 12.67017342557512 ], [ 76.857881145271151, 12.670327012878392 ], [ 76.85787804204071, 12.67037526372013 ], [ 76.857874954616221, 12.670423282158929 ], [ 76.85783796203765, 12.670998535894579 ], [ 76.857801548123177, 12.67156599067807 ], [ 76.857797175161878, 12.671634138964112 ], [ 76.857684417138472, 12.672552886954183 ], [ 76.857631003368681, 12.672567957825828 ], [ 76.857572253182937, 12.672584535648115 ], [ 76.857561787723355, 12.672615784763334 ], [ 76.857700915435387, 12.673179336775283 ], [ 76.857748148834887, 12.673370659776547 ], [ 76.857781300936196, 12.673504944440115 ], [ 76.857785436652009, 12.673519267057324 ], [ 76.857814632259789, 12.673620386845636 ], [ 76.857838916592854, 12.673706480803677 ], [ 76.857850664056841, 12.673705039306943 ], [ 76.85789593883645, 12.673700000856089 ], [ 76.857872861218013, 12.673617595569498 ], [ 76.857843763307415, 12.673516114467104 ], [ 76.857839641942846, 12.673501740230831 ], [ 76.857579036047426, 12.672592853502662 ], [ 76.857743827204231, 12.672546708850891 ], [ 76.857857716164617, 12.671625524285615 ], [ 76.857899088157481, 12.670988117549671 ], [ 76.857942799425146, 12.670314663822062 ], [ 76.857952798506687, 12.670160631956923 ], [ 76.857993687997649, 12.670097649009289 ], [ 76.858018047711582, 12.6699937654263 ], [ 76.857940466208262, 12.670073592165275 ] ] ], [ [ [ 76.859621227873603, 12.661562070604045 ], [ 76.859630591128976, 12.661949313443305 ], [ 76.859656020885097, 12.662164252047592 ], [ 76.859699050818278, 12.662527951690242 ], [ 76.859730707606445, 12.662919491086676 ], [ 76.859797487674399, 12.663141763787195 ], [ 76.859839657000123, 12.663580813421044 ], [ 76.8598536685151, 12.663741654308545 ], [ 76.85985737047308, 12.663784152392722 ], [ 76.859749664288088, 12.664735107535442 ], [ 76.859749508547708, 12.664736479781666 ], [ 76.859746505043063, 12.664735473990778 ], [ 76.859726955031491, 12.664728925693066 ], [ 76.859725718400554, 12.664737884371863 ], [ 76.859721641241848, 12.664753715982926 ], [ 76.859715768991535, 12.664776513546958 ], [ 76.859715139045363, 12.664781801019645 ], [ 76.85970988261252, 12.664825929924614 ], [ 76.859704389311972, 12.664872048980168 ], [ 76.859703948517222, 12.664875747950228 ], [ 76.859697104881477, 12.664918189594793 ], [ 76.859688024621363, 12.664974495836521 ], [ 76.859661584267016, 12.665151105345439 ], [ 76.859661494718893, 12.665151704327567 ], [ 76.859650299494859, 12.665226722628027 ], [ 76.859620021537836, 12.665429611613934 ], [ 76.859611879414402, 12.665487845561115 ], [ 76.859594209935636, 12.665614233977642 ], [ 76.859597143046571, 12.665614543383942 ], [ 76.859581828798014, 12.665702797698572 ], [ 76.859565308462194, 12.665798003906444 ], [ 76.859531443334134, 12.665993160126147 ], [ 76.859529796325731, 12.666002650432446 ], [ 76.859507709369581, 12.666129933819475 ], [ 76.859497213282111, 12.666190423085789 ], [ 76.859468880253075, 12.666353703024717 ], [ 76.859450461903904, 12.666459843855989 ], [ 76.859362404914052, 12.666819310397415 ], [ 76.859289525108352, 12.667076956619075 ], [ 76.859275371527389, 12.667121663818889 ], [ 76.859230283028197, 12.667264081346465 ], [ 76.859181971155593, 12.6674004420301 ], [ 76.859067822278021, 12.667722630382451 ], [ 76.859003613566628, 12.667899054643879 ], [ 76.858858027064713, 12.668299080880637 ], [ 76.858821885121728, 12.668398387648118 ], [ 76.85881609442815, 12.668457851587096 ], [ 76.85877548458916, 12.668560118992598 ], [ 76.858763667393475, 12.668589878063177 ], [ 76.858722835738064, 12.668736602539937 ], [ 76.858629862018063, 12.669070694027967 ], [ 76.858626855801134, 12.669102721677184 ], [ 76.858552521696637, 12.669300334481017 ], [ 76.858411565259217, 12.669649455330607 ], [ 76.858403598542864, 12.669669187163818 ], [ 76.858385416170762, 12.669714222582332 ], [ 76.858208539845364, 12.669810057563366 ], [ 76.858183294446931, 12.669823735841756 ], [ 76.858168450458024, 12.669839009972124 ], [ 76.858065359719802, 12.669945084192117 ], [ 76.858116829781196, 12.669907976458212 ], [ 76.858488533521211, 12.669639989133056 ], [ 76.858695674219391, 12.669088504756605 ], [ 76.858703221283065, 12.669068410691969 ], [ 76.858891589762862, 12.668566900888974 ], [ 76.858952230224418, 12.668385703873151 ], [ 76.85902118224044, 12.668179667591973 ], [ 76.859030209253163, 12.668152691121575 ], [ 76.859330033096953, 12.667256785014024 ], [ 76.859386122136783, 12.667089180410425 ], [ 76.85944025017794, 12.66684739153777 ], [ 76.859547081161992, 12.666370168856201 ], [ 76.859637464247783, 12.665795548077011 ], [ 76.859786557946791, 12.664885838751651 ], [ 76.859799315955271, 12.664808003037061 ], [ 76.859811165080302, 12.664735705306917 ], [ 76.859812183309245, 12.6647121128336 ], [ 76.85991933192939, 12.663758812458246 ], [ 76.859901394177527, 12.663555269887887 ], [ 76.859858701474394, 12.663115904871832 ], [ 76.859791493641509, 12.662893420063318 ], [ 76.859759235673607, 12.662502005100654 ], [ 76.859689665921508, 12.661924659030268 ], [ 76.859683380579398, 12.661550800722379 ], [ 76.859621227873603, 12.661562070604045 ] ] ], [ [ [ 76.859023740572454, 12.656906260322639 ], [ 76.858994957171447, 12.657030759543767 ], [ 76.858970995406878, 12.65716482410796 ], [ 76.858939395031555, 12.657433151075804 ], [ 76.858921330035116, 12.657589875860273 ], [ 76.858844707540371, 12.658254605880972 ], [ 76.858832759403271, 12.658358256551562 ], [ 76.85882810522007, 12.658398633842648 ], [ 76.858818559282909, 12.658481282771174 ], [ 76.859019394824898, 12.659288351223372 ], [ 76.859080344248724, 12.659536264268002 ], [ 76.859086995032939, 12.659569855031652 ], [ 76.859092918722936, 12.659599772155845 ], [ 76.859099740106402, 12.659640901742764 ], [ 76.859143177595797, 12.659910026881622 ], [ 76.859178286540867, 12.660127545437081 ], [ 76.859201036580473, 12.660268495605427 ], [ 76.859246621930581, 12.660588193017706 ], [ 76.859251102218209, 12.660619614298323 ], [ 76.859259743747586, 12.66068021931831 ], [ 76.859377834042277, 12.660900352292192 ], [ 76.859540965653423, 12.661204447410521 ], [ 76.859584176978345, 12.661284996778059 ], [ 76.859704011601679, 12.661489806825124 ], [ 76.859734297890114, 12.661541568106372 ], [ 76.859711071688466, 12.661545779613189 ], [ 76.859737302531144, 12.661543625085514 ], [ 76.859774998760983, 12.661540528935182 ], [ 76.859808443034026, 12.661537780655474 ], [ 76.859811230898075, 12.661451005838664 ], [ 76.859613237132336, 12.661105856234526 ], [ 76.859436603594574, 12.66081924851165 ], [ 76.859304769545574, 12.660605332537692 ], [ 76.859254819711595, 12.660203000246627 ], [ 76.859183476134106, 12.65962835058343 ], [ 76.859177814336093, 12.659582746014754 ], [ 76.859168518303775, 12.659559349410179 ], [ 76.859072113561197, 12.659316728509353 ], [ 76.858882544593769, 12.65855213074542 ], [ 76.858889610511866, 12.658468431676447 ], [ 76.858971962072687, 12.6574928704852 ], [ 76.858994800944728, 12.657222321549778 ], [ 76.859014109530179, 12.657087085536753 ], [ 76.859034902211761, 12.656952273917053 ], [ 76.85912176420436, 12.656389097411203 ], [ 76.859023740572454, 12.656906260322639 ] ] ] ] } },
{ "type": "Feature", "properties": { "OBJECTID": 18891, "KGISVillageID": 24165, "KGISVillageCode": "2205090031", "KGISVillageName": "Mayappanahalli", "KGISHobliID": 120, "UniqueVillageCode": "2205090031_1", "Bhucode": "220501001035", "CensusVillageCode": "2957305550614337", "BhoomiVillageCode": "2205090031", "created_user": null, "created_date": null, "last_edited_user": null, "last_edited_date": null, "LGDGPCode": "219330", "LGDGPCode_Secondary": null, "Category": "Cadastral data available and has bhoomi linkage", "SHAPE.STArea()": 3008516.7204949898, "SHAPE.STLength()": 7813.7127542045091, "LGD_VillageCode": 614337.0, "_overlap_percent": 0.048229713014719268, "_police_station": "Basaralu PS", "_police_feature_index": "485", "_admin_layer": "Village", "_geometry_clipped": true }, "geometry": { "type": "MultiPolygon", "coordinates": [ [ [ [ 76.880261232849278, 12.676683975575671 ], [ 76.880426173739707, 12.676766600272465 ], [ 76.880438263298984, 12.676772656412524 ], [ 76.880582282927577, 12.676844801525261 ], [ 76.880773465352661, 12.676940571209741 ], [ 76.880827858738144, 12.676967818850605 ], [ 76.880953340891296, 12.677030676779795 ], [ 76.88116176497671, 12.67713508334919 ], [ 76.881227812856366, 12.677168168633832 ], [ 76.881232462980023, 12.677170497483264 ], [ 76.881257476474687, 12.677183027679119 ], [ 76.881282489971525, 12.677195557872267 ], [ 76.881335097906174, 12.677218455145486 ], [ 76.881379978856089, 12.677200251907456 ], [ 76.881372915518142, 12.677165347470922 ], [ 76.880173326678886, 12.676639939857839 ], [ 76.880261232849278, 12.676683975575671 ] ] ], [ [ [ 76.878212850447284, 12.675754160777563 ], [ 76.878193985014988, 12.675772099954804 ], [ 76.878183958553535, 12.675781634126341 ], [ 76.87813345326272, 12.675829660117246 ], [ 76.878231306511694, 12.675877187433551 ], [ 76.878568555434299, 12.67604561785847 ], [ 76.879322787175056, 12.676279298699967 ], [ 76.878542057590792, 12.675948603992632 ], [ 76.878228750287221, 12.67573626876464 ], [ 76.878212384911222, 12.675751879555058 ], [ 76.878212850447284, 12.675754160777563 ] ] ] ] } },
{ "type": "Feature", "properties": { "OBJECTID": 18873, "KGISVillageID": 24147, "KGISVillageCode": "2205090021", "KGISVillageName": "Gutthiganahalli", "KGISHobliID": 120, "UniqueVillageCode": "2205090021_1", "Bhucode": "220501001017", "CensusVillageCode": "2957305550614340", "BhoomiVillageCode": "2205090021", "created_user": null, "created_date": null, "last_edited_user": null, "last_edited_date": null, "LGDGPCode": "219322", "LGDGPCode_Secondary": null, "Category": "Cadastral data available and has bhoomi linkage", "SHAPE.STArea()": 3839997.5986427302, "SHAPE.STLength()": 8464.4723931943245, "LGD_VillageCode": 614340.0, "_overlap_percent": 99.921882457109319, "_police_station": "Basaralu PS", "_police_feature_index": "485", "_admin_layer": "Village", "_geometry_clipped": true }, "geometry": { "type": "Polygon", "coordinates": [ [ [ 76.857850664056841, 12.673705039306943 ], [ 76.857838916592854, 12.673706480803677 ], [ 76.85796652816704, 12.67417644035851 ], [ 76.857972671938995, 12.674199066269813 ], [ 76.85802693194735, 12.674287233858294 ], [ 76.858094748196478, 12.67454016107161 ], [ 76.858136235234156, 12.674694892381602 ], [ 76.858143543962456, 12.674722151470542 ], [ 76.858153071271985, 12.674745487659429 ], [ 76.858172631982072, 12.67479340111513 ], [ 76.858193465372636, 12.674844430321428 ], [ 76.858285003082372, 12.675068643165627 ], [ 76.858292108758121, 12.675086047961802 ], [ 76.85835652003405, 12.675243816817959 ], [ 76.858410647240348, 12.675385088859795 ], [ 76.858464812056468, 12.675526460043189 ], [ 76.858568575207272, 12.675797282520152 ], [ 76.858627955690409, 12.67593582063078 ], [ 76.858660718693812, 12.676012258859497 ], [ 76.858724524175983, 12.676150016692359 ], [ 76.858778461687905, 12.676266468093493 ], [ 76.858784115800617, 12.676278675873192 ], [ 76.858808654289618, 12.676332957389372 ], [ 76.85883089507071, 12.676382154481756 ], [ 76.858834613882507, 12.676390381631235 ], [ 76.858854113521701, 12.676433515808219 ], [ 76.858875287799052, 12.676480354044312 ], [ 76.858903145660534, 12.676541977895985 ], [ 76.858927245422151, 12.676629043690127 ], [ 76.858983569038742, 12.676832526464832 ], [ 76.858998411424366, 12.676886149960218 ], [ 76.859008382585586, 12.676922171388906 ], [ 76.859013723321155, 12.676935589813519 ], [ 76.859082033277701, 12.677107198119694 ], [ 76.859148180239373, 12.677273373954373 ], [ 76.859201780887361, 12.677409557936787 ], [ 76.859257673674009, 12.677551567517773 ], [ 76.859324268118655, 12.677720765364901 ], [ 76.859342838140421, 12.677767948045885 ], [ 76.859376719991943, 12.677752013674365 ], [ 76.859527460682614, 12.678061659369073 ], [ 76.85964361308929, 12.678300254942245 ], [ 76.859807435324996, 12.678636770100182 ], [ 76.85980777794839, 12.678639965560707 ], [ 76.859819362862808, 12.678748124486102 ], [ 76.859820220986961, 12.678756138434347 ], [ 76.859827509966095, 12.678848857849184 ], [ 76.859834552587472, 12.678938453437398 ], [ 76.859835272092894, 12.678995091523959 ], [ 76.859840412343715, 12.67902386790921 ], [ 76.860014379312517, 12.679255441445246 ], [ 76.860039374938935, 12.679316686520087 ], [ 76.860259714704029, 12.679856562830127 ], [ 76.860411810414476, 12.680204509199797 ], [ 76.860486140284905, 12.680396172049807 ], [ 76.860567333407502, 12.680616917309921 ], [ 76.860784317816766, 12.681090294062889 ], [ 76.860836548795149, 12.681204685953634 ], [ 76.860844734076267, 12.681222515113486 ], [ 76.860872618819798, 12.681283249021838 ], [ 76.860893096520371, 12.681327851189897 ], [ 76.86090476209894, 12.68135197124135 ], [ 76.860922200659402, 12.681388027907015 ], [ 76.860926575318373, 12.68142518205835 ], [ 76.860961063351681, 12.681647746456134 ], [ 76.860986574003476, 12.681812375751695 ], [ 76.861006286559572, 12.681913584758933 ], [ 76.86104817334197, 12.682149711232476 ], [ 76.861113734550656, 12.682519293935638 ], [ 76.861221333912184, 12.683125847025245 ], [ 76.861319565479121, 12.683679587124587 ], [ 76.861444950786122, 12.684557334909847 ], [ 76.861404296368917, 12.68455487565295 ], [ 76.861421124800529, 12.684728712689621 ], [ 76.861424832266948, 12.684767009441121 ], [ 76.861477194690806, 12.684783048483203 ], [ 76.861498008097414, 12.684789423983581 ], [ 76.861554051792524, 12.684806591441799 ], [ 76.861624771837469, 12.684860575975181 ], [ 76.862180199584515, 12.685284565369624 ], [ 76.862366496297, 12.685426774953036 ], [ 76.862428136264555, 12.685474188560562 ], [ 76.862686229334102, 12.685672713758965 ], [ 76.862744635773439, 12.685717639935348 ], [ 76.863038694733888, 12.685943829080241 ], [ 76.863333602183758, 12.686170669883728 ], [ 76.864433381183218, 12.686624184173773 ], [ 76.864470708306513, 12.686639576978315 ], [ 76.864369176066788, 12.686664414523795 ], [ 76.864370090156982, 12.686671236753332 ], [ 76.864435342114049, 12.687158229218328 ], [ 76.864456838271266, 12.687165160049387 ], [ 76.864457650282944, 12.687165421891246 ], [ 76.864588501338361, 12.687207611919296 ], [ 76.865689272084936, 12.687562525812314 ], [ 76.865883403321931, 12.687562713089006 ], [ 76.867176076420947, 12.687563953393616 ], [ 76.86724640692961, 12.687564021153655 ], [ 76.867248473524199, 12.687583447671782 ], [ 76.867247466448219, 12.687588248806168 ], [ 76.867235709674205, 12.687644278363114 ], [ 76.867201186591871, 12.687808798778425 ], [ 76.867100645637976, 12.688287938491962 ], [ 76.867082019767508, 12.688376702498601 ], [ 76.867086331932043, 12.688386068674676 ], [ 76.867116013794018, 12.688450530929691 ], [ 76.867347483696918, 12.688953230013976 ], [ 76.867511381687919, 12.689124979786349 ], [ 76.867561861841835, 12.689177879097487 ], [ 76.867577061732121, 12.689193806613615 ], [ 76.867574549853131, 12.68926414790082 ], [ 76.867568509464192, 12.689433306380531 ], [ 76.867546796147153, 12.690041340278638 ], [ 76.867543377609522, 12.690137058276786 ], [ 76.867602615457045, 12.690140866285633 ], [ 76.867733759923638, 12.690119674940357 ], [ 76.867765301490081, 12.690114577691476 ], [ 76.867766346074816, 12.690121983771085 ], [ 76.867769231260297, 12.690142434008152 ], [ 76.867783541666299, 12.690243865302941 ], [ 76.867936904030572, 12.690223754051205 ], [ 76.867937766800964, 12.690240053542666 ], [ 76.86796872904165, 12.690760595014009 ], [ 76.867969267981977, 12.690834447092209 ], [ 76.8679695055107, 12.690866995981969 ], [ 76.867984976552421, 12.69097329447858 ], [ 76.867987946926192, 12.691000493200706 ], [ 76.867998754983446, 12.691099442706916 ], [ 76.868142863303291, 12.691055763257085 ], [ 76.868147414738303, 12.691054383586351 ], [ 76.868163757655381, 12.691049430264655 ], [ 76.868189596580322, 12.691041598235923 ], [ 76.868196640053739, 12.691039463484875 ], [ 76.868294481755399, 12.691024829490043 ], [ 76.868330064063755, 12.691019507593259 ], [ 76.868386252358448, 12.69101110316932 ], [ 76.868400479531076, 12.691008514745917 ], [ 76.86841470761722, 12.691005925411508 ], [ 76.868437919739492, 12.691001701958227 ], [ 76.868458637626247, 12.690997932616467 ], [ 76.868585731511672, 12.69097480793819 ], [ 76.868594070145633, 12.690973290434911 ], [ 76.868698050266886, 12.690954372210156 ], [ 76.868713186681845, 12.690951618293356 ], [ 76.868742401317064, 12.690946302291147 ], [ 76.869039810044484, 12.690892188550361 ], [ 76.869066777737515, 12.690887281507058 ], [ 76.869208796419542, 12.690861441155638 ], [ 76.869270490296003, 12.690850215729895 ], [ 76.869373661236907, 12.690831443950998 ], [ 76.869375872350588, 12.690831047861581 ], [ 76.869887820084998, 12.69074214462424 ], [ 76.870036739069803, 12.690716280567067 ], [ 76.870345049121056, 12.690436207222163 ], [ 76.870373648677912, 12.690410226938008 ], [ 76.870400182343872, 12.690386123143773 ], [ 76.870366846408302, 12.690352511300688 ], [ 76.870390159437392, 12.690332505673778 ], [ 76.870438369991078, 12.690291133799212 ], [ 76.870601421047056, 12.690151211927658 ], [ 76.8706820829847, 12.690140581996518 ], [ 76.870692161932297, 12.690139253732118 ], [ 76.870704852819202, 12.690137581679338 ], [ 76.870711690776545, 12.690180520832969 ], [ 76.870722158254907, 12.690177938895372 ], [ 76.870883162183446, 12.690138221768205 ], [ 76.871900576466302, 12.689968617420956 ], [ 76.871956715911637, 12.689959259064118 ], [ 76.87231922450934, 12.689899687365561 ], [ 76.872318695163557, 12.689899182228078 ], [ 76.872301892449357, 12.689883157867669 ], [ 76.872316392152356, 12.689862845463095 ], [ 76.8723680775026, 12.689852945385024 ], [ 76.87248670107715, 12.689830223951679 ], [ 76.872556734551068, 12.689816809528139 ], [ 76.872575853053164, 12.689813146971661 ], [ 76.872891042156951, 12.689752773873083 ], [ 76.873100832574607, 12.6897125893755 ], [ 76.873181120640325, 12.689697209795177 ], [ 76.873223663832462, 12.689702056241545 ], [ 76.873323765405061, 12.689713459032513 ], [ 76.873331136177072, 12.689714298235764 ], [ 76.873399220947974, 12.689722053842488 ], [ 76.873547019733294, 12.689738889351 ], [ 76.873629516055843, 12.689740969156697 ], [ 76.87367893816733, 12.689742215753988 ], [ 76.87381085659527, 12.68974554209092 ], [ 76.873856954800118, 12.689711742606397 ], [ 76.873902244463849, 12.689678536325445 ], [ 76.87396981129848, 12.689628996575369 ], [ 76.874179363214509, 12.689593633191121 ], [ 76.874247358130873, 12.689580570769319 ], [ 76.874486923743078, 12.689534549493574 ], [ 76.874600733910185, 12.68951268544823 ], [ 76.874676340443841, 12.689498160988423 ], [ 76.874991064071267, 12.689438754109817 ], [ 76.875076432670923, 12.689422640336401 ], [ 76.875317864415578, 12.689377067041008 ], [ 76.875499646016095, 12.689342753812843 ], [ 76.875550167349942, 12.689333217482904 ], [ 76.875581700391479, 12.689336180856849 ], [ 76.875894994038333, 12.689365625405266 ], [ 76.876482367072796, 12.689423939029265 ], [ 76.876512347201867, 12.689426915070312 ], [ 76.876785180119754, 12.68953099800021 ], [ 76.877063170289247, 12.689492832144936 ], [ 76.877208778533657, 12.689456521049499 ], [ 76.877213110965826, 12.689278279811049 ], [ 76.877364601215916, 12.688999896414094 ], [ 76.878550295664752, 12.688946656421709 ], [ 76.879190939102799, 12.688782589787875 ], [ 76.879268443703594, 12.688762740527759 ], [ 76.879316187819342, 12.688750513421793 ], [ 76.879329278151545, 12.688750484961876 ], [ 76.879888141394446, 12.688749275480397 ], [ 76.880880473926197, 12.688684759027046 ], [ 76.880948722503902, 12.688731142085459 ], [ 76.881258481439076, 12.688941660910913 ], [ 76.88160256953455, 12.689174794429526 ], [ 76.881637497868212, 12.689198460097311 ], [ 76.881643539764738, 12.689195227602859 ], [ 76.882248420085617, 12.688871623781273 ], [ 76.882385070015843, 12.688830222442167 ], [ 76.883222488402751, 12.688576507962001 ], [ 76.883800823697769, 12.688383234428569 ], [ 76.884172649273836, 12.688146249654327 ], [ 76.884396294404823, 12.687961959030906 ], [ 76.884618519795353, 12.687724405520317 ], [ 76.884685639450055, 12.687652655385891 ], [ 76.884710993933581, 12.687625552541066 ], [ 76.884591172369767, 12.687547165126659 ], [ 76.884595216782728, 12.687533707955474 ], [ 76.884584396595486, 12.687542731925781 ], [ 76.884458914697674, 12.687061487889908 ], [ 76.88438927192712, 12.686794393162701 ], [ 76.884384253264898, 12.686756149884918 ], [ 76.884331689040181, 12.686355589195058 ], [ 76.884322919165868, 12.686288762388424 ], [ 76.884215602054653, 12.68617983967092 ], [ 76.884133859813403, 12.68610679551611 ], [ 76.884117143915788, 12.686091858679791 ], [ 76.883882901695486, 12.685876507833681 ], [ 76.883790522827681, 12.685793826322913 ], [ 76.883626410262423, 12.685294757704435 ], [ 76.883013282328889, 12.683430199406011 ], [ 76.882948571552419, 12.683224386081418 ], [ 76.882820779158621, 12.682817938596395 ], [ 76.882739185831738, 12.682406850450853 ], [ 76.882716614940875, 12.682293134397424 ], [ 76.882494394647537, 12.681173525107152 ], [ 76.882422534502595, 12.680861125956604 ], [ 76.882393052201138, 12.680732954711113 ], [ 76.882304295538887, 12.680347094575033 ], [ 76.882141846821767, 12.679640863041209 ], [ 76.882068236405232, 12.67939872270007 ], [ 76.882052631191584, 12.679323748593294 ], [ 76.882008862004014, 12.679186218725954 ], [ 76.881936499692429, 12.678968801171601 ], [ 76.881757248738012, 12.67841735794898 ], [ 76.881736878267702, 12.678354689110938 ], [ 76.881432833588249, 12.677383735581966 ], [ 76.881388383780802, 12.677241785975781 ], [ 76.881379978856089, 12.677200251907456 ], [ 76.881335097906174, 12.677218455145486 ], [ 76.881282489971525, 12.677195557872267 ], [ 76.881257476474687, 12.677183027679119 ], [ 76.881232462980023, 12.677170497483264 ], [ 76.881227812856366, 12.677168168633832 ], [ 76.88116176497671, 12.67713508334919 ], [ 76.880953340891296, 12.677030676779795 ], [ 76.880827858738144, 12.676967818850605 ], [ 76.880773465352661, 12.676940571209741 ], [ 76.880582282927577, 12.676844801525261 ], [ 76.880438263298984, 12.676772656412524 ], [ 76.880426173739707, 12.676766600272465 ], [ 76.880261232849278, 12.676683975575671 ], [ 76.880173326678886, 12.676639939857839 ], [ 76.880146958407721, 12.676628390825401 ], [ 76.879572139936897, 12.676384917393378 ], [ 76.879322787175056, 12.676279298699967 ], [ 76.878568555434299, 12.67604561785847 ], [ 76.878231306511694, 12.675877187433551 ], [ 76.87813345326272, 12.675829660117246 ], [ 76.878123715273929, 12.675824929893141 ], [ 76.878113280656322, 12.675823181452824 ], [ 76.877624424731948, 12.675769939395041 ], [ 76.877315064214187, 12.675721426342877 ], [ 76.876752486557109, 12.675606585504594 ], [ 76.876500344820968, 12.675555115162283 ], [ 76.876127976764991, 12.675493451318594 ], [ 76.87611848709372, 12.675479709689553 ], [ 76.875981421489072, 12.675452940897618 ], [ 76.875876710566615, 12.67542739125193 ], [ 76.875633284576551, 12.675379190886629 ], [ 76.875515826028234, 12.675359734542605 ], [ 76.875469489567479, 12.675716406384552 ], [ 76.875451474974327, 12.675711640012462 ], [ 76.875449974622015, 12.675721218794289 ], [ 76.875430600515799, 12.675844905894309 ], [ 76.875270972813254, 12.675793092441646 ], [ 76.873718897728494, 12.675289303829009 ], [ 76.873466943228848, 12.675232274821683 ], [ 76.873068171564455, 12.675145057306572 ], [ 76.872820097288752, 12.675090799544572 ], [ 76.87279204944511, 12.675077275720895 ], [ 76.872745052219699, 12.675065845845578 ], [ 76.872413399182776, 12.67491007249631 ], [ 76.872164917793739, 12.674822094115061 ], [ 76.872027817292505, 12.674773551829492 ], [ 76.87199686373188, 12.674762591820361 ], [ 76.871622152285042, 12.674625258220845 ], [ 76.871314323715723, 12.674538098986803 ], [ 76.871225213031096, 12.674500502173984 ], [ 76.87049053935938, 12.674199825529476 ], [ 76.870377395801682, 12.674153519813741 ], [ 76.870292834296336, 12.674118911332547 ], [ 76.869764599551303, 12.673902720502159 ], [ 76.869330034057739, 12.673724864995926 ], [ 76.868549688036452, 12.673454258446039 ], [ 76.867964275060459, 12.67325124782414 ], [ 76.867527545573566, 12.673099796878052 ], [ 76.867522378283525, 12.673098478290818 ], [ 76.867493609140766, 12.673091139480826 ], [ 76.867331181076153, 12.673049701911699 ], [ 76.867237564552383, 12.673073756103125 ], [ 76.867098161102163, 12.673109575156973 ], [ 76.866912968790402, 12.67316318903101 ], [ 76.866408079223476, 12.673250609889887 ], [ 76.866045333971002, 12.673313417142786 ], [ 76.866037451341086, 12.673314782156552 ], [ 76.866028020497552, 12.673316414731698 ], [ 76.865938718934373, 12.673331876489417 ], [ 76.865868653113552, 12.673330688889077 ], [ 76.865863499683087, 12.673331552034487 ], [ 76.865622185081008, 12.673326510920951 ], [ 76.865451453335169, 12.673323616051151 ], [ 76.865448540555846, 12.673322981040199 ], [ 76.86537587311733, 12.673321506158873 ], [ 76.865265865623286, 12.673297300725492 ], [ 76.865170925463488, 12.673276410647981 ], [ 76.865047348924577, 12.673259466999507 ], [ 76.864965504631101, 12.67324825840087 ], [ 76.864867655094372, 12.673237921278112 ], [ 76.864831645995096, 12.673234117326583 ], [ 76.864755032055129, 12.673226442216537 ], [ 76.864465815553459, 12.673197469050953 ], [ 76.864465513407026, 12.673197439534695 ], [ 76.864192750384035, 12.67317011411164 ], [ 76.864176101290866, 12.673168779247684 ], [ 76.864057387602685, 12.67315925876602 ], [ 76.863984334581133, 12.673153399622576 ], [ 76.863943698297362, 12.673150140474563 ], [ 76.863429526236686, 12.673108904114766 ], [ 76.863425050827402, 12.673108548628994 ], [ 76.863342990898175, 12.67310203849418 ], [ 76.863261589443397, 12.673112562141256 ], [ 76.862178525533537, 12.673252576196251 ], [ 76.859997840008177, 12.673474535349213 ], [ 76.857908830076084, 12.673702579273584 ], [ 76.857897057576466, 12.673703995639668 ], [ 76.85789593883645, 12.673700000856089 ], [ 76.857850664056841, 12.673705039306943 ] ] ] } },
{ "type": "Feature", "properties": { "OBJECTID": 18857, "KGISVillageID": 24131, "KGISVillageCode": "2205090020", "KGISVillageName": "Baby", "KGISHobliID": 120, "UniqueVillageCode": "2205090020_1", "Bhucode": "220501001001", "CensusVillageCode": "2957305550614359", "BhoomiVillageCode": "2205090020", "created_user": null, "created_date": null, "last_edited_user": null, "last_edited_date": null, "LGDGPCode": "219322", "LGDGPCode_Secondary": null, "Category": "Cadastral data available and has bhoomi linkage", "SHAPE.STArea()": 3515761.7913080701, "SHAPE.STLength()": 9034.3282990811367, "LGD_VillageCode": 614359.0, "_overlap_percent": 99.999999999999872, "_police_station": "Basaralu PS", "_police_feature_index": "485", "_admin_layer": "Village", "_geometry_clipped": true }, "geometry": { "type": "Polygon", "coordinates": [ [ [ 76.85315714338816, 12.693874590780615 ], [ 76.853167803990871, 12.693920231924784 ], [ 76.853736381750096, 12.693737500955214 ], [ 76.853748932565054, 12.693733467054608 ], [ 76.854040918715043, 12.693639627292926 ], [ 76.854064368795264, 12.69363169121254 ], [ 76.854269730051627, 12.693562162675256 ], [ 76.854509251902371, 12.693481069075629 ], [ 76.854869497684717, 12.693359101611634 ], [ 76.854863773089065, 12.693329211127597 ], [ 76.854884073570005, 12.693323666008546 ], [ 76.854740361767284, 12.692677651359062 ], [ 76.854730473713047, 12.692633202524572 ], [ 76.854772585991142, 12.692589055665907 ], [ 76.855612351676626, 12.691708721644286 ], [ 76.856459643722133, 12.690641386529695 ], [ 76.856468253592112, 12.690630540559447 ], [ 76.856513592880859, 12.690575737012935 ], [ 76.856987333565343, 12.69000310409648 ], [ 76.857028555055436, 12.689953277923303 ], [ 76.857065807345606, 12.689894114599307 ], [ 76.857145208638386, 12.689798651206752 ], [ 76.857190099817132, 12.689744677746571 ], [ 76.857408462798247, 12.68948214171559 ], [ 76.857550670594563, 12.689311165168434 ], [ 76.857807490295798, 12.689240950928852 ], [ 76.857810814373821, 12.689240041891271 ], [ 76.85798818954521, 12.689191548047155 ], [ 76.858093069613957, 12.689172107051762 ], [ 76.858176841448014, 12.689156578291039 ], [ 76.858526728296312, 12.689091721057558 ], [ 76.858591836407598, 12.689079651703327 ], [ 76.858600892328539, 12.689078149379492 ], [ 76.858595105127151, 12.689042333742004 ], [ 76.858594146056475, 12.68900520444827 ], [ 76.858579423571669, 12.688435382850962 ], [ 76.85857722414228, 12.688350269960416 ], [ 76.858576590568191, 12.688346689683931 ], [ 76.858637843063121, 12.688341970401593 ], [ 76.858756908633126, 12.688325668451537 ], [ 76.85880364884963, 12.688319269190812 ], [ 76.858862078938316, 12.688311268714223 ], [ 76.858865217761007, 12.688310839104165 ], [ 76.858927016583223, 12.688302377567128 ], [ 76.858904959923862, 12.688115042411557 ], [ 76.858892761195591, 12.688011435136335 ], [ 76.858942628325735, 12.68800918799996 ], [ 76.859053836624497, 12.688004178627992 ], [ 76.859159583053994, 12.687999414427628 ], [ 76.859252983021562, 12.687995206623949 ], [ 76.85935824536341, 12.687990463811364 ], [ 76.859469766509989, 12.687985439422848 ], [ 76.859474308083719, 12.687985234988783 ], [ 76.859478849657449, 12.687985030554659 ], [ 76.859561454371615, 12.687983033141455 ], [ 76.859625821931445, 12.687981477036514 ], [ 76.859608298558854, 12.687892480950534 ], [ 76.85958933381653, 12.687796166456721 ], [ 76.859493238232005, 12.6873697446224 ], [ 76.859632554712505, 12.687348963846905 ], [ 76.859715792390958, 12.687336548610936 ], [ 76.859907640768029, 12.687307933084133 ], [ 76.85993214681271, 12.687269954829327 ], [ 76.859934678436602, 12.687266031522977 ], [ 76.859968478918361, 12.687213648444306 ], [ 76.860104666598389, 12.687002588003576 ], [ 76.860258118382916, 12.686764771671305 ], [ 76.860239888099258, 12.686615100870606 ], [ 76.860349337689883, 12.686601895405495 ], [ 76.860349534904728, 12.68653540249159 ], [ 76.860350062319554, 12.686357871718801 ], [ 76.86035091154227, 12.686072071664373 ], [ 76.860351534686075, 12.685862220904259 ], [ 76.860350988142571, 12.685827158590589 ], [ 76.860349446917411, 12.685728166918206 ], [ 76.860765680352088, 12.685706405161303 ], [ 76.860927244422427, 12.68569795752186 ], [ 76.860942224697254, 12.68569717468139 ], [ 76.860942226046689, 12.685696980342149 ], [ 76.861308465151168, 12.685673095024239 ], [ 76.861390991952121, 12.685667712734238 ], [ 76.861403119315341, 12.685666921839726 ], [ 76.861450705650341, 12.685226863580741 ], [ 76.861488803456638, 12.684874546156761 ], [ 76.86148917438166, 12.684871117931063 ], [ 76.861494457699109, 12.684822257144877 ], [ 76.861498008097414, 12.684789423983581 ], [ 76.861477194690806, 12.684783048483203 ], [ 76.861424832266948, 12.684767009441121 ], [ 76.861421124800529, 12.684728712689621 ], [ 76.861404296368917, 12.68455487565295 ], [ 76.861444950786122, 12.684557334909847 ], [ 76.861319565479121, 12.683679587124587 ], [ 76.861221333912184, 12.683125847025245 ], [ 76.861113734550656, 12.682519293935638 ], [ 76.86104817334197, 12.682149711232476 ], [ 76.861006286559572, 12.681913584758933 ], [ 76.860986574003476, 12.681812375751695 ], [ 76.860961063351681, 12.681647746456134 ], [ 76.860926575318373, 12.68142518205835 ], [ 76.860922200659402, 12.681388027907015 ], [ 76.86090476209894, 12.68135197124135 ], [ 76.860893096520371, 12.681327851189897 ], [ 76.860872618819798, 12.681283249021838 ], [ 76.860844734076267, 12.681222515113486 ], [ 76.860836548795149, 12.681204685953634 ], [ 76.860784317816766, 12.681090294062889 ], [ 76.860567333407502, 12.680616917309921 ], [ 76.860486140284905, 12.680396172049807 ], [ 76.860411810414476, 12.680204509199797 ], [ 76.860259714704029, 12.679856562830127 ], [ 76.860039374938935, 12.679316686520087 ], [ 76.860014379312517, 12.679255441445246 ], [ 76.859840412343715, 12.67902386790921 ], [ 76.859835272092894, 12.678995091523959 ], [ 76.859834552587472, 12.678938453437398 ], [ 76.859827509966095, 12.678848857849184 ], [ 76.859820220986961, 12.678756138434347 ], [ 76.859819362862808, 12.678748124486102 ], [ 76.85980777794839, 12.678639965560707 ], [ 76.859807435324996, 12.678636770100182 ], [ 76.85964361308929, 12.678300254942245 ], [ 76.859527460682614, 12.678061659369073 ], [ 76.859376719991943, 12.677752013674365 ], [ 76.859342838140421, 12.677767948045885 ], [ 76.859324268118655, 12.677720765364901 ], [ 76.859257673674009, 12.677551567517773 ], [ 76.859201780887361, 12.677409557936787 ], [ 76.859148180239373, 12.677273373954373 ], [ 76.859082033277701, 12.677107198119694 ], [ 76.859013723321155, 12.676935589813519 ], [ 76.859008382585586, 12.676922171388906 ], [ 76.858998411424366, 12.676886149960218 ], [ 76.858983569038742, 12.676832526464832 ], [ 76.858927245422151, 12.676629043690127 ], [ 76.858903145660534, 12.676541977895985 ], [ 76.858875287799052, 12.676480354044312 ], [ 76.858854113521701, 12.676433515808219 ], [ 76.858834613882507, 12.676390381631235 ], [ 76.85883089507071, 12.676382154481756 ], [ 76.858808654289618, 12.676332957389372 ], [ 76.858784115800617, 12.676278675873192 ], [ 76.858778461687905, 12.676266468093493 ], [ 76.858724524175983, 12.676150016692359 ], [ 76.858660718693812, 12.676012258859497 ], [ 76.858627955690409, 12.67593582063078 ], [ 76.858568575207272, 12.675797282520152 ], [ 76.858464812056468, 12.675526460043189 ], [ 76.858410647240348, 12.675385088859795 ], [ 76.85835652003405, 12.675243816817959 ], [ 76.858292108758121, 12.675086047961802 ], [ 76.858285003082372, 12.675068643165627 ], [ 76.858193465372636, 12.674844430321428 ], [ 76.858172631982072, 12.67479340111513 ], [ 76.858153071271985, 12.674745487659429 ], [ 76.858143543962456, 12.674722151470542 ], [ 76.858136235234156, 12.674694892381602 ], [ 76.858094748196478, 12.67454016107161 ], [ 76.85802693194735, 12.674287233858294 ], [ 76.857972671938995, 12.674199066269813 ], [ 76.85796652816704, 12.67417644035851 ], [ 76.857838916592854, 12.673706480803677 ], [ 76.857814632259789, 12.673620386845636 ], [ 76.857785436652009, 12.673519267057324 ], [ 76.857781300936196, 12.673504944440115 ], [ 76.857748148834887, 12.673370659776547 ], [ 76.857700915435387, 12.673179336775283 ], [ 76.857561787723355, 12.672615784763334 ], [ 76.856314300419726, 12.672923676347434 ], [ 76.855927778108395, 12.673034851687191 ], [ 76.855541254467099, 12.673146026516797 ], [ 76.855518866895395, 12.673152465504909 ], [ 76.855315140927189, 12.67320609791283 ], [ 76.855164867179909, 12.673252100103962 ], [ 76.854734094153756, 12.673369806592435 ], [ 76.854316629133294, 12.673483877377809 ], [ 76.854165143596262, 12.673541974863115 ], [ 76.854145862597434, 12.673547123055394 ], [ 76.853617363767526, 12.673688224359312 ], [ 76.85321818925182, 12.67381882875603 ], [ 76.852764369214086, 12.673951284010714 ], [ 76.852489408827751, 12.674047541730049 ], [ 76.852176133247823, 12.674141687153025 ], [ 76.851983867535452, 12.674199466536782 ], [ 76.851377034899841, 12.674346211689652 ], [ 76.851365702665106, 12.674348951581926 ], [ 76.851331994129822, 12.674361383066147 ], [ 76.851326889248284, 12.674362203169013 ], [ 76.851267611170968, 12.674371722387303 ], [ 76.851142416444162, 12.674391827473022 ], [ 76.850980410277842, 12.674422490144513 ], [ 76.850775271530409, 12.674461317524194 ], [ 76.850713316763276, 12.67447304351519 ], [ 76.850620717838083, 12.674490569597397 ], [ 76.850614128186905, 12.674498792733916 ], [ 76.850596163819688, 12.674521214323224 ], [ 76.850587163842036, 12.674532446934183 ], [ 76.850467852241223, 12.674681354009271 ], [ 76.850408861930362, 12.67475497767219 ], [ 76.850207618418722, 12.674792010490071 ], [ 76.849998073403043, 12.6748305697128 ], [ 76.849909331891638, 12.67484690002888 ], [ 76.849687911956224, 12.674887644944748 ], [ 76.849235406099311, 12.674970912504321 ], [ 76.849142387930016, 12.674982817171749 ], [ 76.848792002368327, 12.675129634916862 ], [ 76.848601088110073, 12.675209631417401 ], [ 76.848207392516244, 12.67535826270948 ], [ 76.84807226273233, 12.675409305249858 ], [ 76.847417739619658, 12.67567043786371 ], [ 76.84740033352287, 12.67567739024957 ], [ 76.846721553105439, 12.675935275091431 ], [ 76.84646580879965, 12.676036941572479 ], [ 76.845258519271027, 12.676470265411679 ], [ 76.845099057614746, 12.6765274997716 ], [ 76.844892474332568, 12.676601646161162 ], [ 76.84442106442738, 12.676711441994126 ], [ 76.844418211638811, 12.676755566011497 ], [ 76.844411778837753, 12.676855070436812 ], [ 76.844405346957714, 12.676954574855554 ], [ 76.844399075694724, 12.677051582581056 ], [ 76.844365958493114, 12.677563879610938 ], [ 76.844267802595212, 12.677572502985083 ], [ 76.843865555956754, 12.677607576280977 ], [ 76.843616507531422, 12.677629291992224 ], [ 76.843475034002267, 12.677639811768959 ], [ 76.843247903089676, 12.677656700321768 ], [ 76.843226448263835, 12.677658295296387 ], [ 76.843031836380163, 12.677607697702022 ], [ 76.842617917064786, 12.677500081342945 ], [ 76.842074571759426, 12.677358814521096 ], [ 76.841777241902946, 12.67721590251225 ], [ 76.841042954970405, 12.676805103867116 ], [ 76.841034115769972, 12.67679996422498 ], [ 76.840009092743458, 12.676202967571156 ], [ 76.839036078698243, 12.675655136798461 ], [ 76.838922114463699, 12.675530958786673 ], [ 76.838915888577048, 12.675556199045717 ], [ 76.838722058517249, 12.67633280655326 ], [ 76.838488381319777, 12.677392942731585 ], [ 76.83789006733997, 12.680089969358043 ], [ 76.837801687211183, 12.680560187393313 ], [ 76.837796618724326, 12.680587154170967 ], [ 76.837615974847594, 12.680607176804973 ], [ 76.837609729189907, 12.68060786897373 ], [ 76.837602983146738, 12.680608617027072 ], [ 76.837593637653498, 12.680609652409112 ], [ 76.837604745883809, 12.681035831004971 ], [ 76.837601271291177, 12.681419237141665 ], [ 76.837596172305567, 12.681599674112253 ], [ 76.837593322026081, 12.681700512444008 ], [ 76.837588505347227, 12.68200409800704 ], [ 76.837589866006454, 12.682075455499005 ], [ 76.837592133730041, 12.682194334938709 ], [ 76.837593496901249, 12.682265784606889 ], [ 76.837580071367327, 12.682556056935541 ], [ 76.837587666644382, 12.682784032843157 ], [ 76.837587670010763, 12.682785143676647 ], [ 76.837588017702913, 12.682905723011597 ], [ 76.837609861538724, 12.683763814954172 ], [ 76.837610384557991, 12.683784362637196 ], [ 76.837595558422024, 12.683794330930839 ], [ 76.837621547912875, 12.683889767093946 ], [ 76.837660588946804, 12.684033132892678 ], [ 76.837697026138542, 12.684166933857126 ], [ 76.837713055579471, 12.68425435558377 ], [ 76.837738498704724, 12.684387814091655 ], [ 76.837762445781664, 12.684513426501423 ], [ 76.837782667922525, 12.684619495882785 ], [ 76.837863349226637, 12.685042697383984 ], [ 76.837892560903114, 12.685044988159492 ], [ 76.838269743741094, 12.685074563366843 ], [ 76.838374776679501, 12.685080394104631 ], [ 76.838380086853846, 12.685080689076822 ], [ 76.838464746625306, 12.685085388117662 ], [ 76.838720266694168, 12.685099572932915 ], [ 76.838964035487891, 12.685113104905041 ], [ 76.838965879905686, 12.685113174389112 ], [ 76.839158341197731, 12.685120428758193 ], [ 76.839373850017452, 12.685129340181675 ], [ 76.839435125578518, 12.685131650102115 ], [ 76.839568155715156, 12.685136664635406 ], [ 76.839651409028448, 12.685141903602963 ], [ 76.83969926575034, 12.685144914692762 ], [ 76.839987121703444, 12.685163027610981 ], [ 76.840064609592375, 12.685167904158497 ], [ 76.840443829057079, 12.685077878435962 ], [ 76.840574666628854, 12.685046817977266 ], [ 76.840588920469642, 12.685043434558441 ], [ 76.840717696661457, 12.685012863751222 ], [ 76.841245772827264, 12.68488749913057 ], [ 76.841264865680387, 12.684882902589825 ], [ 76.841458400355975, 12.684836302608147 ], [ 76.841497865256173, 12.684826799641238 ], [ 76.841679522909132, 12.684794330666408 ], [ 76.84188007394873, 12.684724295064179 ], [ 76.841903675307222, 12.684716052652051 ], [ 76.842512056233545, 12.684595663254944 ], [ 76.842529563698264, 12.684595530982451 ], [ 76.842670537468877, 12.684594462805556 ], [ 76.842790632814868, 12.684593553843737 ], [ 76.842911767584297, 12.684595089810546 ], [ 76.843064803178464, 12.684597030785069 ], [ 76.843260169113989, 12.684659026502652 ], [ 76.843312239769091, 12.68467555035804 ], [ 76.843621063900997, 12.684769257975418 ], [ 76.843661250093703, 12.684781451551849 ], [ 76.844253446080344, 12.684988441919167 ], [ 76.844863396368481, 12.685086071600951 ], [ 76.844991622985816, 12.685104293333726 ], [ 76.845043706328042, 12.685111694909738 ], [ 76.845690353106278, 12.685071905982841 ], [ 76.845839586798391, 12.685066692319612 ], [ 76.846079171495177, 12.685058322596664 ], [ 76.846303259403498, 12.685050493316782 ], [ 76.846387022050251, 12.685075838543437 ], [ 76.846450698128024, 12.685095105662933 ], [ 76.846468915541521, 12.685100617355316 ], [ 76.846685370339685, 12.685166109999262 ], [ 76.846689997764557, 12.685167344147375 ], [ 76.846689552739022, 12.685168311666166 ], [ 76.846673568208516, 12.685203082434445 ], [ 76.846677202448589, 12.685204843209947 ], [ 76.846659164408223, 12.685250889520876 ], [ 76.84664415185263, 12.685289214764076 ], [ 76.846458726295765, 12.685762566790704 ], [ 76.846451752932751, 12.685763078946534 ], [ 76.846438190191989, 12.685779310848554 ], [ 76.846361927554696, 12.685870578262753 ], [ 76.846365773280354, 12.685875112440753 ], [ 76.846450494410334, 12.685975000020695 ], [ 76.846612294865295, 12.685992057437197 ], [ 76.846734129980689, 12.685950483136629 ], [ 76.846912871481223, 12.685911972222414 ], [ 76.847092045023075, 12.685903631040812 ], [ 76.847240822161936, 12.68590896872197 ], [ 76.847364095455205, 12.685974769725849 ], [ 76.847448061974845, 12.686045675206431 ], [ 76.847636790829483, 12.686093173988946 ], [ 76.847772447800466, 12.686090578097403 ], [ 76.847964494484089, 12.686040107982885 ], [ 76.848104490138212, 12.68602910110183 ], [ 76.848248933445461, 12.686022353850493 ], [ 76.848319141271006, 12.68603395815021 ], [ 76.848460143477027, 12.686108324996608 ], [ 76.848556876681585, 12.686140819162532 ], [ 76.848789029683402, 12.686137104686843 ], [ 76.8488503126176, 12.686131888565161 ], [ 76.848902883697946, 12.686131076140013 ], [ 76.848977503103768, 12.686142699263254 ], [ 76.84902295104061, 12.686332905887387 ], [ 76.849081584575373, 12.686699173125735 ], [ 76.849102006970384, 12.686814449981396 ], [ 76.849107983997726, 12.686848190321387 ], [ 76.84911578828148, 12.686892242788558 ], [ 76.849254554380593, 12.687643468457013 ], [ 76.849501591498452, 12.688927340257319 ], [ 76.84957519806882, 12.689309876382069 ], [ 76.849767280825418, 12.690016091706802 ], [ 76.849768796070606, 12.69002742374604 ], [ 76.849775757120199, 12.690053222162513 ], [ 76.849807284097054, 12.690306415381873 ], [ 76.849823090160896, 12.690433356965055 ], [ 76.849851837865771, 12.690664236842531 ], [ 76.849917170535349, 12.691188920504292 ], [ 76.849927354246432, 12.691270708922794 ], [ 76.849938646265912, 12.691361399911367 ], [ 76.84997061762482, 12.691572835944537 ], [ 76.85001394040529, 12.691859342849414 ], [ 76.850015366433993, 12.69186877106282 ], [ 76.850015491809387, 12.691869686707507 ], [ 76.850036986603712, 12.692027074130316 ], [ 76.850046780106325, 12.692438725032739 ], [ 76.850059597852791, 12.69297746524885 ], [ 76.85003758325206, 12.692980614059245 ], [ 76.8500375920284, 12.69298093667757 ], [ 76.850042782927105, 12.693000497182711 ], [ 76.850042833082043, 12.693000685740802 ], [ 76.85005363790907, 12.693041400026507 ], [ 76.850055810809806, 12.693049589258971 ], [ 76.850078487979644, 12.693135038006115 ], [ 76.850262548739693, 12.693803429006483 ], [ 76.850276031467914, 12.693852388635753 ], [ 76.85034647439916, 12.694108191880209 ], [ 76.850372513416715, 12.694202746163544 ], [ 76.850422283759727, 12.69438347932725 ], [ 76.85042877698811, 12.694407058354667 ], [ 76.850456483956691, 12.694508705362678 ], [ 76.850467030157844, 12.694560481994223 ], [ 76.850494689190782, 12.694554668964754 ], [ 76.850815439144071, 12.694487253469863 ], [ 76.851136188875245, 12.694419837610219 ], [ 76.851873524527079, 12.694269227291988 ], [ 76.851886021866264, 12.694265681931588 ], [ 76.852155564852055, 12.694189218326805 ], [ 76.852168380980956, 12.694185583055226 ], [ 76.852171445330981, 12.694184645158343 ], [ 76.852386883299403, 12.6941187435476 ], [ 76.852602321127591, 12.694052840873146 ], [ 76.852855956620544, 12.69397525384926 ], [ 76.85315714338816, 12.693874590780615 ] ] ] } },
{ "type": "Feature", "properties": { "OBJECTID": 18901, "KGISVillageID": 24175, "KGISVillageCode": "2205100002", "KGISVillageName": "Thangalagere", "KGISHobliID": 1109, "UniqueVillageCode": "2205100002_1", "Bhucode": "220501001045", "CensusVillageCode": "2957305550614339", "BhoomiVillageCode": "2205100002", "created_user": null, "created_date": null, "last_edited_user": null, "last_edited_date": null, "LGDGPCode": "219336", "LGDGPCode_Secondary": null, "Category": "Cadastral data available and has bhoomi linkage", "SHAPE.STArea()": 2957742.3014138099, "SHAPE.STLength()": 7057.2768274028767, "LGD_VillageCode": 614339.0, "_overlap_percent": 0.6888374066909726, "_police_station": "Basaralu PS", "_police_feature_index": "485", "_admin_layer": "Village", "_geometry_clipped": true }, "geometry": { "type": "MultiPolygon", "coordinates": [ [ [ [ 76.897431268347134, 12.692036670819078 ], [ 76.897458021447846, 12.692040181764847 ], [ 76.897460007227352, 12.692039449922966 ], [ 76.897490226976373, 12.692036223257364 ], [ 76.897508695068822, 12.692038391549177 ], [ 76.89752305249948, 12.692048715659668 ], [ 76.897523097133714, 12.692048775898082 ], [ 76.897538328795619, 12.692153797402604 ], [ 76.897539041304441, 12.69216199015575 ], [ 76.89754729811952, 12.692164496248042 ], [ 76.897633006055401, 12.692190509056303 ], [ 76.897705252510562, 12.692212436879608 ], [ 76.897849648566975, 12.692256262423737 ], [ 76.897938379162952, 12.69228319260985 ], [ 76.898460862134215, 12.692441770139995 ], [ 76.898473977912957, 12.692414892563004 ], [ 76.89842656826626, 12.692400377834897 ], [ 76.897609290943763, 12.692150135826211 ], [ 76.897545994752946, 12.692122053920384 ], [ 76.897540875337015, 12.692032516167686 ], [ 76.897348976534801, 12.692025872329619 ], [ 76.897431268347134, 12.692036670819078 ] ] ], [ [ [ 76.888164710602823, 12.690957630095435 ], [ 76.88828385009468, 12.690999109092687 ], [ 76.888546009509383, 12.691090380563626 ], [ 76.889588527713059, 12.691453333399252 ], [ 76.889708186621007, 12.691504763855704 ], [ 76.890291926360405, 12.691755660298202 ], [ 76.890364880278113, 12.691749171907897 ], [ 76.890745480667917, 12.691715321720869 ], [ 76.890914594740224, 12.691700281335951 ], [ 76.891216439601507, 12.691679029661131 ], [ 76.891249384770816, 12.691674234195572 ], [ 76.891281741407596, 12.691669525168106 ], [ 76.891281069994534, 12.691665620821741 ], [ 76.891296695203252, 12.691663910620585 ], [ 76.891389510044661, 12.691653750065184 ], [ 76.891411121256326, 12.691651348255823 ], [ 76.891410939084935, 12.691650614727736 ], [ 76.891508686759423, 12.691639262071352 ], [ 76.891530758870445, 12.691636694277108 ], [ 76.892079395288079, 12.691586286053385 ], [ 76.892124090223319, 12.691582179540505 ], [ 76.892230460044146, 12.691594253386432 ], [ 76.892239335529169, 12.691589923084987 ], [ 76.892277562665797, 12.691571271880518 ], [ 76.892291195094998, 12.691564620045845 ], [ 76.892363131803307, 12.691529521754033 ], [ 76.892436867952867, 12.691544564939479 ], [ 76.892489244901839, 12.69155525106391 ], [ 76.892494556163186, 12.691582330342939 ], [ 76.892499109759569, 12.691605545664741 ], [ 76.892707041907897, 12.69161770705062 ], [ 76.892830887215311, 12.691624949760676 ], [ 76.893210897029235, 12.691647174788269 ], [ 76.89328134882544, 12.691651294692718 ], [ 76.893963456432161, 12.691689779229902 ], [ 76.893978212065164, 12.691690612164541 ], [ 76.894978070869286, 12.69186011972123 ], [ 76.895242073688948, 12.691904875480786 ], [ 76.896034078695308, 12.692083739433807 ], [ 76.896838576563752, 12.692006701689307 ], [ 76.896960590272272, 12.691995017805635 ], [ 76.896134886134519, 12.691891220535236 ], [ 76.895669726906959, 12.691856345653791 ], [ 76.895163399605991, 12.69179226325943 ], [ 76.894205316269066, 12.691700058739064 ], [ 76.894056555696295, 12.691685740168321 ], [ 76.893352595322341, 12.691617988872245 ], [ 76.892636866320387, 12.691549103874001 ], [ 76.892252037402145, 12.691512064889597 ], [ 76.891559401305614, 12.691577222419127 ], [ 76.891538035019096, 12.691579131707035 ], [ 76.891411375583488, 12.691590464364547 ], [ 76.891317897549982, 12.691598826478076 ], [ 76.890462178822631, 12.691675372542953 ], [ 76.889789815728079, 12.691441254447104 ], [ 76.887333794656868, 12.690668340441547 ], [ 76.888164710602823, 12.690957630095435 ] ] ], [ [ [ 76.885718461709629, 12.687760893947344 ], [ 76.885654406581608, 12.687805599311018 ], [ 76.88567552895303, 12.688039205149359 ], [ 76.885803940206458, 12.68842207974892 ], [ 76.885843730465297, 12.688708217467617 ], [ 76.886035157297727, 12.688904151708927 ], [ 76.886292660920134, 12.689142661266411 ], [ 76.886381379929531, 12.689237851553058 ], [ 76.886460862215017, 12.689406152734245 ], [ 76.886637555093102, 12.689780294144381 ], [ 76.886961233325508, 12.690538629473727 ], [ 76.886966818986195, 12.690540574628811 ], [ 76.887039128214155, 12.690565749828362 ], [ 76.886706864695086, 12.689817098067325 ], [ 76.886382911559238, 12.689138878433374 ], [ 76.886281835419311, 12.689018526937451 ], [ 76.886112997404112, 12.688817489343913 ], [ 76.885980689749886, 12.68865994925326 ], [ 76.885905092383453, 12.688389481869097 ], [ 76.885773940530015, 12.688071230209681 ], [ 76.885789901242788, 12.687739888352356 ], [ 76.885789689817415, 12.687711182937109 ], [ 76.885718461709629, 12.687760893947344 ] ] ], [ [ [ 76.885716213238069, 12.687549223357179 ], [ 76.885762711673905, 12.687629059987543 ], [ 76.88578142310115, 12.687666933023632 ], [ 76.885789484067132, 12.687683248035265 ], [ 76.88578865932935, 12.687571272638275 ], [ 76.885659745194189, 12.687434398330597 ], [ 76.885716213238069, 12.687549223357179 ] ] ], [ [ [ 76.884331689040181, 12.686355589195058 ], [ 76.884384253264898, 12.686756149884918 ], [ 76.88438927192712, 12.686794393162701 ], [ 76.884458914697674, 12.687061487889908 ], [ 76.884584396595486, 12.687542731925781 ], [ 76.884595216782728, 12.687533707955474 ], [ 76.884591172369767, 12.687547165126659 ], [ 76.884710993933581, 12.687625552541066 ], [ 76.884746796267848, 12.687606007775438 ], [ 76.884725476378605, 12.687540652542761 ], [ 76.884701612949954, 12.687446285687592 ], [ 76.884697854414483, 12.68743142145934 ], [ 76.884674402497495, 12.687338679508869 ], [ 76.884540378795379, 12.686808670238259 ], [ 76.88444216036298, 12.686409788382907 ], [ 76.884439838851037, 12.686407431347115 ], [ 76.884322919165868, 12.686288762388424 ], [ 76.884331689040181, 12.686355589195058 ] ] ], [ [ [ 76.882304295538887, 12.680347094575033 ], [ 76.882393052201138, 12.680732954711113 ], [ 76.882422534502595, 12.680861125956604 ], [ 76.882494394647537, 12.681173525107152 ], [ 76.882716614940875, 12.682293134397424 ], [ 76.882739185831738, 12.682406850450853 ], [ 76.882820779158621, 12.682817938596395 ], [ 76.882948571552419, 12.683224386081418 ], [ 76.883013282328889, 12.683430199406011 ], [ 76.883626410262423, 12.685294757704435 ], [ 76.883790522827681, 12.685793826322913 ], [ 76.883882901695486, 12.685876507833681 ], [ 76.884117143915788, 12.686091858679791 ], [ 76.884133859813403, 12.68610679551611 ], [ 76.884215602054653, 12.68617983967092 ], [ 76.884178494863875, 12.686142177307362 ], [ 76.88403951684937, 12.686005169822794 ], [ 76.883945569126183, 12.685912210998161 ], [ 76.883874518596258, 12.685841906498652 ], [ 76.883697965920135, 12.685336525117926 ], [ 76.883590950492078, 12.685030194082703 ], [ 76.883505907644633, 12.684786756965288 ], [ 76.883145437323563, 12.683463461652456 ], [ 76.882985833279662, 12.682839172592136 ], [ 76.88295215467889, 12.682641656280039 ], [ 76.882614177776816, 12.68119458850513 ], [ 76.882141846821767, 12.679640863041209 ], [ 76.882304295538887, 12.680347094575033 ] ] ] ] } },
{ "type": "Feature", "properties": { "OBJECTID": 18883, "KGISVillageID": 24157, "KGISVillageCode": "2205090022", "KGISVillageName": "Karekatte", "KGISHobliID": 120, "UniqueVillageCode": "2205090022_1", "Bhucode": "220501001027", "CensusVillageCode": "2957305550614343", "BhoomiVillageCode": "2205090022", "created_user": null, "created_date": null, "last_edited_user": null, "last_edited_date": null, "LGDGPCode": "219322", "LGDGPCode_Secondary": null, "Category": "Cadastral data available and has bhoomi linkage", "SHAPE.STArea()": 3326564.0759809799, "SHAPE.STLength()": 8317.6587181836985, "LGD_VillageCode": 614343.0, "_overlap_percent": 99.999999999999972, "_police_station": "Basaralu PS", "_police_feature_index": "485", "_admin_layer": "Village", "_geometry_clipped": true }, "geometry": { "type": "Polygon", "coordinates": [ [ [ 76.866271713942254, 12.70910024809054 ], [ 76.866213956542822, 12.708991140717524 ], [ 76.866156199204269, 12.708882034228019 ], [ 76.866135394622475, 12.708842732759935 ], [ 76.866067231559285, 12.708687263882705 ], [ 76.866050723771124, 12.708649613339395 ], [ 76.865840893090365, 12.708171027571343 ], [ 76.865727066920442, 12.707937949364277 ], [ 76.865684869926326, 12.707851544751271 ], [ 76.865657691297031, 12.707795892117067 ], [ 76.865464160774422, 12.707399606567598 ], [ 76.865241731588611, 12.706845056352423 ], [ 76.865225384619606, 12.706804299844269 ], [ 76.865297311857049, 12.706304018488474 ], [ 76.865313518489216, 12.706191292169468 ], [ 76.865348232614494, 12.705949842269604 ], [ 76.865361835221478, 12.705855226752764 ], [ 76.865371049956778, 12.705791133681997 ], [ 76.865413263218883, 12.705497525543576 ], [ 76.865411319802405, 12.705470656721216 ], [ 76.865400591311754, 12.705322356046416 ], [ 76.865410743973001, 12.705292179005728 ], [ 76.865420897546315, 12.705262001054621 ], [ 76.865438598693132, 12.705209387833859 ], [ 76.865459453689652, 12.705147402944545 ], [ 76.865473746875409, 12.705104918801949 ], [ 76.865480309565655, 12.705085413529213 ], [ 76.865511658699148, 12.704992235972494 ], [ 76.86562692197208, 12.704946990853221 ], [ 76.86565533156444, 12.704935839016573 ], [ 76.865683741153944, 12.704924687177217 ], [ 76.86569018917578, 12.704888587007121 ], [ 76.865701003106395, 12.704828044785135 ], [ 76.865705630845994, 12.704802139356431 ], [ 76.865711096254842, 12.704766125636816 ], [ 76.865721040739899, 12.704700613802396 ], [ 76.86572070438676, 12.704470188910008 ], [ 76.865720673099446, 12.704448994608967 ], [ 76.865720644975994, 12.704429369379767 ], [ 76.865720492278768, 12.704324288145848 ], [ 76.865719882528623, 12.703905610924975 ], [ 76.865719767893751, 12.703826939191401 ], [ 76.865744141054137, 12.70370472008389 ], [ 76.865731841650899, 12.703527351609511 ], [ 76.865719605025888, 12.703350885640953 ], [ 76.86569441261183, 12.702987571631525 ], [ 76.865690091309318, 12.702925254925416 ], [ 76.865681679572475, 12.70258430450261 ], [ 76.865673266996524, 12.702243353170788 ], [ 76.865671031728382, 12.702152748263012 ], [ 76.865662709196926, 12.701815417132238 ], [ 76.865656125171284, 12.701548544729183 ], [ 76.865655725165965, 12.701532328744722 ], [ 76.865652896673154, 12.701417691751738 ], [ 76.865649120218137, 12.701264599625834 ], [ 76.865647639282869, 12.701243697515585 ], [ 76.865632470231262, 12.701029660728059 ], [ 76.865627275321188, 12.700956356544305 ], [ 76.865623211299422, 12.700899003799639 ], [ 76.86569906911572, 12.70071908115826 ], [ 76.865705792097145, 12.700703135054299 ], [ 76.866228544188061, 12.697944741258478 ], [ 76.86633557802071, 12.697677315761261 ], [ 76.866838637157571, 12.696420415043814 ], [ 76.866838959697247, 12.696394216315621 ], [ 76.866874843464657, 12.69520343184039 ], [ 76.866880063446047, 12.694978978504849 ], [ 76.866860162111678, 12.694155758847204 ], [ 76.86685223674634, 12.693827915442673 ], [ 76.866838531136708, 12.692575765102834 ], [ 76.867101694939734, 12.692220608938367 ], [ 76.86716566391614, 12.692134278291862 ], [ 76.867223670967988, 12.692034047582144 ], [ 76.867205343529619, 12.692040942737602 ], [ 76.866969024785377, 12.692129851981324 ], [ 76.866898375536991, 12.692156432237963 ], [ 76.86683502034559, 12.692180267700122 ], [ 76.866822811867763, 12.692137409519045 ], [ 76.866781388919406, 12.691992000028508 ], [ 76.866777563518369, 12.691978573022826 ], [ 76.86705834954364, 12.691622631437744 ], [ 76.867111810355837, 12.691759610017415 ], [ 76.867202336558265, 12.691991558203773 ], [ 76.867210616043863, 12.692008047776529 ], [ 76.867260597659353, 12.692006157912459 ], [ 76.867300325807946, 12.691952541965282 ], [ 76.867357272501977, 12.691875688797479 ], [ 76.867551801525011, 12.691613157742895 ], [ 76.867681019672716, 12.69143876815691 ], [ 76.867759749970773, 12.691332514734803 ], [ 76.867908759775105, 12.691131413395587 ], [ 76.867904200900824, 12.691099100983692 ], [ 76.867875857430505, 12.690898201472905 ], [ 76.867870290854739, 12.690858743031876 ], [ 76.867844816187997, 12.690678179970455 ], [ 76.867783541666299, 12.690243865302941 ], [ 76.867769231260297, 12.690142434008152 ], [ 76.867766346074816, 12.690121983771085 ], [ 76.867765301490081, 12.690114577691476 ], [ 76.867733759923638, 12.690119674940357 ], [ 76.867602615457045, 12.690140866285633 ], [ 76.867543377609522, 12.690137058276786 ], [ 76.867546796147153, 12.690041340278638 ], [ 76.867568509464192, 12.689433306380531 ], [ 76.867574549853131, 12.68926414790082 ], [ 76.867577061732121, 12.689193806613615 ], [ 76.867561861841835, 12.689177879097487 ], [ 76.867511381687919, 12.689124979786349 ], [ 76.867347483696918, 12.688953230013976 ], [ 76.867116013794018, 12.688450530929691 ], [ 76.867086331932043, 12.688386068674676 ], [ 76.867082019767508, 12.688376702498601 ], [ 76.867100645637976, 12.688287938491962 ], [ 76.867201186591871, 12.687808798778425 ], [ 76.867235709674205, 12.687644278363114 ], [ 76.867247466448219, 12.687588248806168 ], [ 76.867248473524199, 12.687583447671782 ], [ 76.86724640692961, 12.687564021153655 ], [ 76.867176076420947, 12.687563953393616 ], [ 76.865883403321931, 12.687562713089006 ], [ 76.865689272084936, 12.687562525812314 ], [ 76.864588501338361, 12.687207611919296 ], [ 76.864457650282944, 12.687165421891246 ], [ 76.864456838271266, 12.687165160049387 ], [ 76.864435342114049, 12.687158229218328 ], [ 76.864370090156982, 12.686671236753332 ], [ 76.864369176066788, 12.686664414523795 ], [ 76.864470708306513, 12.686639576978315 ], [ 76.864433381183218, 12.686624184173773 ], [ 76.863333602183758, 12.686170669883728 ], [ 76.863038694733888, 12.685943829080241 ], [ 76.862744635773439, 12.685717639935348 ], [ 76.862686229334102, 12.685672713758965 ], [ 76.862428136264555, 12.685474188560562 ], [ 76.862366496297, 12.685426774953036 ], [ 76.862180199584515, 12.685284565369624 ], [ 76.861624771837469, 12.684860575975181 ], [ 76.861554051792524, 12.684806591441799 ], [ 76.861498008097414, 12.684789423983581 ], [ 76.861494457699109, 12.684822257144877 ], [ 76.86148917438166, 12.684871117931063 ], [ 76.861488803456638, 12.684874546156761 ], [ 76.861450705650341, 12.685226863580741 ], [ 76.861403119315341, 12.685666921839726 ], [ 76.861390991952121, 12.685667712734238 ], [ 76.861308465151168, 12.685673095024239 ], [ 76.860942226046689, 12.685696980342149 ], [ 76.860942224697254, 12.68569717468139 ], [ 76.860927244422427, 12.68569795752186 ], [ 76.860765680352088, 12.685706405161303 ], [ 76.860349446917411, 12.685728166918206 ], [ 76.860350988142571, 12.685827158590589 ], [ 76.860351534686075, 12.685862220904259 ], [ 76.86035091154227, 12.686072071664373 ], [ 76.860350062319554, 12.686357871718801 ], [ 76.860349534904728, 12.68653540249159 ], [ 76.860349337689883, 12.686601895405495 ], [ 76.860239888099258, 12.686615100870606 ], [ 76.860258118382916, 12.686764771671305 ], [ 76.860104666598389, 12.687002588003576 ], [ 76.859968478918361, 12.687213648444306 ], [ 76.859934678436602, 12.687266031522977 ], [ 76.85993214681271, 12.687269954829327 ], [ 76.859907640768029, 12.687307933084133 ], [ 76.859715792390958, 12.687336548610936 ], [ 76.859632554712505, 12.687348963846905 ], [ 76.859493238232005, 12.6873697446224 ], [ 76.85958933381653, 12.687796166456721 ], [ 76.859608298558854, 12.687892480950534 ], [ 76.859625821931445, 12.687981477036514 ], [ 76.859561454371615, 12.687983033141455 ], [ 76.859478849657449, 12.687985030554659 ], [ 76.859474308083719, 12.687985234988783 ], [ 76.859469766509989, 12.687985439422848 ], [ 76.85935824536341, 12.687990463811364 ], [ 76.859252983021562, 12.687995206623949 ], [ 76.859159583053994, 12.687999414427628 ], [ 76.859053836624497, 12.688004178627992 ], [ 76.858942628325735, 12.68800918799996 ], [ 76.858892761195591, 12.688011435136335 ], [ 76.858904959923862, 12.688115042411557 ], [ 76.858927016583223, 12.688302377567128 ], [ 76.858865217761007, 12.688310839104165 ], [ 76.858862078938316, 12.688311268714223 ], [ 76.85880364884963, 12.688319269190812 ], [ 76.858756908633126, 12.688325668451537 ], [ 76.858637843063121, 12.688341970401593 ], [ 76.858576590568191, 12.688346689683931 ], [ 76.85857722414228, 12.688350269960416 ], [ 76.858579423571669, 12.688435382850962 ], [ 76.858594146056475, 12.68900520444827 ], [ 76.858595105127151, 12.689042333742004 ], [ 76.858600892328539, 12.689078149379492 ], [ 76.858591836407598, 12.689079651703327 ], [ 76.858526728296312, 12.689091721057558 ], [ 76.858176841448014, 12.689156578291039 ], [ 76.858093069613957, 12.689172107051762 ], [ 76.85798818954521, 12.689191548047155 ], [ 76.857810814373821, 12.689240041891271 ], [ 76.857807490295798, 12.689240950928852 ], [ 76.857550670594563, 12.689311165168434 ], [ 76.857408462798247, 12.68948214171559 ], [ 76.857190099817132, 12.689744677746571 ], [ 76.857145208638386, 12.689798651206752 ], [ 76.857065807345606, 12.689894114599307 ], [ 76.857028555055436, 12.689953277923303 ], [ 76.856987333565343, 12.69000310409648 ], [ 76.856513592880859, 12.690575737012935 ], [ 76.856468253592112, 12.690630540559447 ], [ 76.856459643722133, 12.690641386529695 ], [ 76.855612351676626, 12.691708721644286 ], [ 76.854772585991142, 12.692589055665907 ], [ 76.854730473713047, 12.692633202524572 ], [ 76.854740361767284, 12.692677651359062 ], [ 76.854884073570005, 12.693323666008546 ], [ 76.854863773089065, 12.693329211127597 ], [ 76.854869497684717, 12.693359101611634 ], [ 76.854509251902371, 12.693481069075629 ], [ 76.854269730051627, 12.693562162675256 ], [ 76.854064368795264, 12.69363169121254 ], [ 76.854040918715043, 12.693639627292926 ], [ 76.853748932565054, 12.693733467054608 ], [ 76.853736381750096, 12.693737500955214 ], [ 76.853167803990871, 12.693920231924784 ], [ 76.85315714338816, 12.693874590780615 ], [ 76.852855956620544, 12.69397525384926 ], [ 76.852602321127591, 12.694052840873146 ], [ 76.852386883299403, 12.6941187435476 ], [ 76.852171445330981, 12.694184645158343 ], [ 76.852168380980956, 12.694185583055226 ], [ 76.852155564852055, 12.694189218326805 ], [ 76.851886021866264, 12.694265681931588 ], [ 76.851873524527079, 12.694269227291988 ], [ 76.851136188875245, 12.694419837610219 ], [ 76.850815439144071, 12.694487253469863 ], [ 76.850494689190782, 12.694554668964754 ], [ 76.850467030157844, 12.694560481994223 ], [ 76.85047420986119, 12.694595730538351 ], [ 76.850478101313655, 12.694614832784733 ], [ 76.850369361549738, 12.694740820191138 ], [ 76.850228084694194, 12.694904504930877 ], [ 76.850205148766747, 12.694960287671975 ], [ 76.850152394278496, 12.694980288189502 ], [ 76.85042947167139, 12.695391597972939 ], [ 76.850432731564283, 12.695396437131288 ], [ 76.850441708130163, 12.695409761681198 ], [ 76.850443144361392, 12.695423521129278 ], [ 76.850367750903303, 12.695439933000806 ], [ 76.850149433914908, 12.695487458711844 ], [ 76.850139850711372, 12.695489544738374 ], [ 76.850099746666743, 12.695498274482217 ], [ 76.850094425067468, 12.695569638183777 ], [ 76.850092481367057, 12.695595699280515 ], [ 76.85009159515414, 12.695607586748057 ], [ 76.850169747634254, 12.695972851088015 ], [ 76.850193204532374, 12.696006801213141 ], [ 76.850376370914262, 12.696271892138164 ], [ 76.850489043944421, 12.69643495995024 ], [ 76.850480660587465, 12.696498442509371 ], [ 76.850469818537874, 12.696580546435477 ], [ 76.8504695820005, 12.696582336830716 ], [ 76.850464830116067, 12.696631005958931 ], [ 76.850460078224572, 12.696679674183311 ], [ 76.850459092555809, 12.696689772692817 ], [ 76.850511304928091, 12.697100723562272 ], [ 76.850523358984233, 12.697195604851119 ], [ 76.850439043079817, 12.697224583067898 ], [ 76.850410372694995, 12.697234437122985 ], [ 76.850442098418142, 12.697344838898266 ], [ 76.850517181034988, 12.697606113165786 ], [ 76.850540324240569, 12.697686646930039 ], [ 76.8505439717174, 12.69770993575405 ], [ 76.850548910578254, 12.697741463328347 ], [ 76.850556241206888, 12.697788263077033 ], [ 76.850572093221345, 12.697861171160337 ], [ 76.850576995673975, 12.697883719102746 ], [ 76.850686210667888, 12.698386019019127 ], [ 76.850753846353726, 12.698662081649294 ], [ 76.850783431467306, 12.698782838455893 ], [ 76.850828425057557, 12.698928149702981 ], [ 76.850874512201202, 12.699076994643702 ], [ 76.850890875275539, 12.699125204665545 ], [ 76.850941537317937, 12.699274463279083 ], [ 76.850955882657885, 12.699316727292198 ], [ 76.850961199953261, 12.699313514932435 ], [ 76.851006812150558, 12.699402427065236 ], [ 76.851031541871109, 12.699450631135788 ], [ 76.851037316468421, 12.699461887338357 ], [ 76.851139503348548, 12.699622218537975 ], [ 76.851187426573176, 12.699697410128257 ], [ 76.851435967777647, 12.700087368820865 ], [ 76.851531461705903, 12.700237198415014 ], [ 76.851551436956356, 12.700268539676129 ], [ 76.851743967287561, 12.700570616606473 ], [ 76.85180709377002, 12.700669660625453 ], [ 76.851826931276008, 12.700700785890255 ], [ 76.851826510423209, 12.700740440383267 ], [ 76.851825665497771, 12.700819940106529 ], [ 76.851855517622411, 12.70080618105523 ], [ 76.851900479726055, 12.700908084186263 ], [ 76.852141488082538, 12.701345979296207 ], [ 76.852195951152098, 12.701444933606108 ], [ 76.85240411470042, 12.701823147805646 ], [ 76.852447889655352, 12.701902684862969 ], [ 76.8524529003178, 12.701911788831557 ], [ 76.852481186172852, 12.701963181996772 ], [ 76.852519721219139, 12.702033861615213 ], [ 76.852624940020064, 12.702226853544493 ], [ 76.852659792486918, 12.702290779878451 ], [ 76.852722343920149, 12.70240551230277 ], [ 76.852725908103992, 12.702412049453139 ], [ 76.852910237910791, 12.702850587817149 ], [ 76.853005698229879, 12.703077696142064 ], [ 76.853289683100527, 12.703753317857082 ], [ 76.853334039581085, 12.703857105749053 ], [ 76.853555328132146, 12.704374890619453 ], [ 76.853574493376897, 12.70446509406862 ], [ 76.853680236364326, 12.704663316815193 ], [ 76.853823420913571, 12.704931723900426 ], [ 76.854140174740195, 12.705525495451148 ], [ 76.854192236081971, 12.705623085696573 ], [ 76.854203715482299, 12.705674987421443 ], [ 76.854210661165865, 12.705706387819742 ], [ 76.854497979520659, 12.707005303848092 ], [ 76.854632910967311, 12.707615298105512 ], [ 76.854672641546031, 12.707621999876746 ], [ 76.854885481587175, 12.707657902261955 ], [ 76.858110698235592, 12.70820191036497 ], [ 76.859463037640026, 12.7083421929553 ], [ 76.859559166492517, 12.708377097499907 ], [ 76.859645986267239, 12.708408659738444 ], [ 76.859700967614756, 12.70842864805682 ], [ 76.859788244979214, 12.708459323965206 ], [ 76.860081623019113, 12.708562438407498 ], [ 76.862832257196246, 12.709183672614142 ], [ 76.864159073330867, 12.709126793082621 ], [ 76.8645003272932, 12.709112162916647 ], [ 76.864571574549984, 12.709175104538206 ], [ 76.865046594515846, 12.709143283539394 ], [ 76.865253496620454, 12.709129422850681 ], [ 76.865534995995645, 12.709117904250496 ], [ 76.865689000937408, 12.709111602816519 ], [ 76.865882472542253, 12.709110241555225 ], [ 76.865970947114661, 12.709149192516351 ], [ 76.866008585983579, 12.709151566015157 ], [ 76.866046223925238, 12.709153938611193 ], [ 76.866125212200103, 12.709173480893663 ], [ 76.866305379651394, 12.709181854369014 ], [ 76.866302707098413, 12.709158795035453 ], [ 76.866271713942254, 12.70910024809054 ] ] ] } },
{ "type": "Feature", "properties": { "OBJECTID": 18862, "KGISVillageID": 24136, "KGISVillageCode": "2205090006", "KGISVillageName": "Chakanahalli", "KGISHobliID": 120, "UniqueVillageCode": "2205090006_1", "Bhucode": "220501001006", "CensusVillageCode": "2957305550614341", "BhoomiVillageCode": "2205090006", "created_user": null, "created_date": null, "last_edited_user": null, "last_edited_date": null, "LGDGPCode": "219330", "LGDGPCode_Secondary": null, "Category": "Cadastral data available and has bhoomi linkage", "SHAPE.STArea()": 4406440.8945183652, "SHAPE.STLength()": 10338.626770445015, "LGD_VillageCode": 614341.0, "_overlap_percent": 99.958353195191052, "_police_station": "Basaralu PS", "_police_feature_index": "485", "_admin_layer": "Village", "_geometry_clipped": true }, "geometry": { "type": "Polygon", "coordinates": [ [ [ 76.884710993933581, 12.687625552541066 ], [ 76.884685639450055, 12.687652655385891 ], [ 76.884618519795353, 12.687724405520317 ], [ 76.884396294404823, 12.687961959030906 ], [ 76.884172649273836, 12.688146249654327 ], [ 76.883800823697769, 12.688383234428569 ], [ 76.883222488402751, 12.688576507962001 ], [ 76.882385070015843, 12.688830222442167 ], [ 76.882248420085617, 12.688871623781273 ], [ 76.881643539764738, 12.689195227602859 ], [ 76.881637497868212, 12.689198460097311 ], [ 76.88160256953455, 12.689174794429526 ], [ 76.881258481439076, 12.688941660910913 ], [ 76.880948722503902, 12.688731142085459 ], [ 76.880880473926197, 12.688684759027046 ], [ 76.879888141394446, 12.688749275480397 ], [ 76.879329278151545, 12.688750484961876 ], [ 76.879316187819342, 12.688750513421793 ], [ 76.879268443703594, 12.688762740527759 ], [ 76.879190939102799, 12.688782589787875 ], [ 76.878550295664752, 12.688946656421709 ], [ 76.877364601215916, 12.688999896414094 ], [ 76.877213110965826, 12.689278279811049 ], [ 76.877208778533657, 12.689456521049499 ], [ 76.877063170289247, 12.689492832144936 ], [ 76.876785180119754, 12.68953099800021 ], [ 76.876512347201867, 12.689426915070312 ], [ 76.876482367072796, 12.689423939029265 ], [ 76.875894994038333, 12.689365625405266 ], [ 76.875581700391479, 12.689336180856849 ], [ 76.875550167349942, 12.689333217482904 ], [ 76.875499646016095, 12.689342753812843 ], [ 76.875317864415578, 12.689377067041008 ], [ 76.875076432670923, 12.689422640336401 ], [ 76.874991064071267, 12.689438754109817 ], [ 76.874676340443841, 12.689498160988423 ], [ 76.874600733910185, 12.68951268544823 ], [ 76.874486923743078, 12.689534549493574 ], [ 76.874247358130873, 12.689580570769319 ], [ 76.874179363214509, 12.689593633191121 ], [ 76.87396981129848, 12.689628996575369 ], [ 76.873902244463849, 12.689678536325445 ], [ 76.873856954800118, 12.689711742606397 ], [ 76.87381085659527, 12.68974554209092 ], [ 76.87367893816733, 12.689742215753988 ], [ 76.873629516055843, 12.689740969156697 ], [ 76.873547019733294, 12.689738889351 ], [ 76.873399220947974, 12.689722053842488 ], [ 76.873331136177072, 12.689714298235764 ], [ 76.873323765405061, 12.689713459032513 ], [ 76.873223663832462, 12.689702056241545 ], [ 76.873181120640325, 12.689697209795177 ], [ 76.873100832574607, 12.6897125893755 ], [ 76.872891042156951, 12.689752773873083 ], [ 76.872575853053164, 12.689813146971661 ], [ 76.872556734551068, 12.689816809528139 ], [ 76.87248670107715, 12.689830223951679 ], [ 76.8723680775026, 12.689852945385024 ], [ 76.872316392152356, 12.689862845463095 ], [ 76.872301892449357, 12.689883157867669 ], [ 76.872318695163557, 12.689899182228078 ], [ 76.87231922450934, 12.689899687365561 ], [ 76.871956715911637, 12.689959259064118 ], [ 76.871900576466302, 12.689968617420956 ], [ 76.870883162183446, 12.690138221768205 ], [ 76.870722158254907, 12.690177938895372 ], [ 76.870711690776545, 12.690180520832969 ], [ 76.870704852819202, 12.690137581679338 ], [ 76.870692161932297, 12.690139253732118 ], [ 76.8706820829847, 12.690140581996518 ], [ 76.870601421047056, 12.690151211927658 ], [ 76.870438369991078, 12.690291133799212 ], [ 76.870390159437392, 12.690332505673778 ], [ 76.870366846408302, 12.690352511300688 ], [ 76.870400182343872, 12.690386123143773 ], [ 76.870373648677912, 12.690410226938008 ], [ 76.870345049121056, 12.690436207222163 ], [ 76.870036739069803, 12.690716280567067 ], [ 76.869887820084998, 12.69074214462424 ], [ 76.869375872350588, 12.690831047861581 ], [ 76.869373661236907, 12.690831443950998 ], [ 76.869270490296003, 12.690850215729895 ], [ 76.869208796419542, 12.690861441155638 ], [ 76.869066777737515, 12.690887281507058 ], [ 76.869039810044484, 12.690892188550361 ], [ 76.868742401317064, 12.690946302291147 ], [ 76.868713186681845, 12.690951618293356 ], [ 76.868698050266886, 12.690954372210156 ], [ 76.868594070145633, 12.690973290434911 ], [ 76.868585731511672, 12.69097480793819 ], [ 76.868458637626247, 12.690997932616467 ], [ 76.868437919739492, 12.691001701958227 ], [ 76.86841470761722, 12.691005925411508 ], [ 76.868400479531076, 12.691008514745917 ], [ 76.868386252358448, 12.69101110316932 ], [ 76.868330064063755, 12.691019507593259 ], [ 76.868294481755399, 12.691024829490043 ], [ 76.868196640053739, 12.691039463484875 ], [ 76.868189596580322, 12.691041598235923 ], [ 76.868163757655381, 12.691049430264655 ], [ 76.868147414738303, 12.691054383586351 ], [ 76.868142863303291, 12.691055763257085 ], [ 76.867998754983446, 12.691099442706916 ], [ 76.867987946926192, 12.691000493200706 ], [ 76.867984976552421, 12.69097329447858 ], [ 76.8679695055107, 12.690866995981969 ], [ 76.867969267981977, 12.690834447092209 ], [ 76.86796872904165, 12.690760595014009 ], [ 76.867937766800964, 12.690240053542666 ], [ 76.867936904030572, 12.690223754051205 ], [ 76.867783541666299, 12.690243865302941 ], [ 76.867844816187997, 12.690678179970455 ], [ 76.867870290854739, 12.690858743031876 ], [ 76.867875857430505, 12.690898201472905 ], [ 76.867904200900824, 12.691099100983692 ], [ 76.867908759775105, 12.691131413395587 ], [ 76.867759749970773, 12.691332514734803 ], [ 76.867681019672716, 12.69143876815691 ], [ 76.867551801525011, 12.691613157742895 ], [ 76.867357272501977, 12.691875688797479 ], [ 76.867300325807946, 12.691952541965282 ], [ 76.867260597659353, 12.692006157912459 ], [ 76.867210616043863, 12.692008047776529 ], [ 76.867202336558265, 12.691991558203773 ], [ 76.867111810355837, 12.691759610017415 ], [ 76.86705834954364, 12.691622631437744 ], [ 76.866777563518369, 12.691978573022826 ], [ 76.866781388919406, 12.691992000028508 ], [ 76.866822811867763, 12.692137409519045 ], [ 76.86683502034559, 12.692180267700122 ], [ 76.866898375536991, 12.692156432237963 ], [ 76.866969024785377, 12.692129851981324 ], [ 76.867205343529619, 12.692040942737602 ], [ 76.867223670967988, 12.692034047582144 ], [ 76.86716566391614, 12.692134278291862 ], [ 76.867101694939734, 12.692220608938367 ], [ 76.866838531136708, 12.692575765102834 ], [ 76.86685223674634, 12.693827915442673 ], [ 76.866860162111678, 12.694155758847204 ], [ 76.866880063446047, 12.694978978504849 ], [ 76.866874843464657, 12.69520343184039 ], [ 76.866838959697247, 12.696394216315621 ], [ 76.866838637157571, 12.696420415043814 ], [ 76.86633557802071, 12.697677315761261 ], [ 76.866228544188061, 12.697944741258478 ], [ 76.865705792097145, 12.700703135054299 ], [ 76.86569906911572, 12.70071908115826 ], [ 76.865623211299422, 12.700899003799639 ], [ 76.865627275321188, 12.700956356544305 ], [ 76.865632470231262, 12.701029660728059 ], [ 76.865647639282869, 12.701243697515585 ], [ 76.865649120218137, 12.701264599625834 ], [ 76.865652896673154, 12.701417691751738 ], [ 76.865655725165965, 12.701532328744722 ], [ 76.865656125171284, 12.701548544729183 ], [ 76.865662709196926, 12.701815417132238 ], [ 76.865671031728382, 12.702152748263012 ], [ 76.865673266996524, 12.702243353170788 ], [ 76.865681679572475, 12.70258430450261 ], [ 76.865690091309318, 12.702925254925416 ], [ 76.86569441261183, 12.702987571631525 ], [ 76.865719605025888, 12.703350885640953 ], [ 76.865731841650899, 12.703527351609511 ], [ 76.865744141054137, 12.70370472008389 ], [ 76.865719767893751, 12.703826939191401 ], [ 76.865719882528623, 12.703905610924975 ], [ 76.865720492278768, 12.704324288145848 ], [ 76.865720644975994, 12.704429369379767 ], [ 76.865720673099446, 12.704448994608967 ], [ 76.86572070438676, 12.704470188910008 ], [ 76.865721040739899, 12.704700613802396 ], [ 76.865711096254842, 12.704766125636816 ], [ 76.865705630845994, 12.704802139356431 ], [ 76.865701003106395, 12.704828044785135 ], [ 76.86569018917578, 12.704888587007121 ], [ 76.865683741153944, 12.704924687177217 ], [ 76.86565533156444, 12.704935839016573 ], [ 76.86562692197208, 12.704946990853221 ], [ 76.865511658699148, 12.704992235972494 ], [ 76.865480309565655, 12.705085413529213 ], [ 76.865473746875409, 12.705104918801949 ], [ 76.865459453689652, 12.705147402944545 ], [ 76.865438598693132, 12.705209387833859 ], [ 76.865420897546315, 12.705262001054621 ], [ 76.865410743973001, 12.705292179005728 ], [ 76.865400591311754, 12.705322356046416 ], [ 76.865411319802405, 12.705470656721216 ], [ 76.865413263218883, 12.705497525543576 ], [ 76.865371049956778, 12.705791133681997 ], [ 76.865361835221478, 12.705855226752764 ], [ 76.865348232614494, 12.705949842269604 ], [ 76.865313518489216, 12.706191292169468 ], [ 76.865297311857049, 12.706304018488474 ], [ 76.865225384619606, 12.706804299844269 ], [ 76.865241731588611, 12.706845056352423 ], [ 76.865464160774422, 12.707399606567598 ], [ 76.865657691297031, 12.707795892117067 ], [ 76.865684869926326, 12.707851544751271 ], [ 76.865727066920442, 12.707937949364277 ], [ 76.865840893090365, 12.708171027571343 ], [ 76.866050723771124, 12.708649613339395 ], [ 76.866067231559285, 12.708687263882705 ], [ 76.866135394622475, 12.708842732759935 ], [ 76.866156199204269, 12.708882034228019 ], [ 76.866213956542822, 12.708991140717524 ], [ 76.866271713942254, 12.70910024809054 ], [ 76.866302707098413, 12.709158795035453 ], [ 76.866305379651394, 12.709181854369014 ], [ 76.866508761733343, 12.709199609936434 ], [ 76.866533661318087, 12.709197036744943 ], [ 76.866547196065298, 12.709204128933798 ], [ 76.866546002261757, 12.709198998918907 ], [ 76.866540862070991, 12.709176911431362 ], [ 76.866539255748833, 12.709170007340315 ], [ 76.866532227887731, 12.709139805671544 ], [ 76.8666110113668, 12.709107352254252 ], [ 76.866630207080192, 12.709099426803844 ], [ 76.866730402381108, 12.709058057947514 ], [ 76.866740880022334, 12.709053731550551 ], [ 76.86674297647113, 12.709052866264628 ], [ 76.866769191229722, 12.709042042442228 ], [ 76.867402178711146, 12.70878069290686 ], [ 76.867621271990018, 12.708665989153328 ], [ 76.867763086772101, 12.708591742865931 ], [ 76.868030457018435, 12.708451763245957 ], [ 76.868217172844695, 12.708354010256699 ], [ 76.868540088998984, 12.708184949629711 ], [ 76.868643489070024, 12.70812995544855 ], [ 76.868814366087292, 12.708039072724365 ], [ 76.869426111460271, 12.707713709441244 ], [ 76.869569299635586, 12.707632793946868 ], [ 76.869649013813614, 12.70758774700615 ], [ 76.869661487309656, 12.707580779837524 ], [ 76.870642520301018, 12.707032809740529 ], [ 76.871723626391542, 12.706428935650361 ], [ 76.871879583842315, 12.706341821643589 ], [ 76.87239795124249, 12.706052274085666 ], [ 76.872424427685658, 12.70603640985054 ], [ 76.873632571717422, 12.705325665495092 ], [ 76.873632609302547, 12.705325643537133 ], [ 76.873797440989051, 12.705231219702444 ], [ 76.873829697171715, 12.705212742156062 ], [ 76.873936091492496, 12.705151735226538 ], [ 76.874263140165525, 12.704963710956786 ], [ 76.874324164015576, 12.70492862788795 ], [ 76.87488916363823, 12.70460380105084 ], [ 76.874966032695795, 12.704559608018059 ], [ 76.875441111139949, 12.70428942993496 ], [ 76.875809400980344, 12.704079982230409 ], [ 76.876054075770554, 12.703940834045524 ], [ 76.876263503809426, 12.703821731111194 ], [ 76.876331243581021, 12.703783207092515 ], [ 76.876832886209854, 12.70350874274348 ], [ 76.877779724518945, 12.702987776782026 ], [ 76.878413174873444, 12.702633718413104 ], [ 76.878418924172152, 12.702630460903546 ], [ 76.878722664163618, 12.702456625647699 ], [ 76.879034047927277, 12.70229210255736 ], [ 76.879223152282549, 12.702192186593519 ], [ 76.879332191653262, 12.702134573831589 ], [ 76.879329423447246, 12.702091868458346 ], [ 76.879327386315325, 12.702060451510096 ], [ 76.879617315437827, 12.701935065564626 ], [ 76.879761169895389, 12.701888129931783 ], [ 76.881007331897393, 12.701490928517899 ], [ 76.881934675024013, 12.701197380596875 ], [ 76.88240316094857, 12.701042918482937 ], [ 76.88304475631341, 12.700845137646914 ], [ 76.883944213012228, 12.70057544755028 ], [ 76.883959699420274, 12.700570803895269 ], [ 76.884334905578669, 12.700544476897266 ], [ 76.884738133679363, 12.700484360658972 ], [ 76.885015364700706, 12.700442477448437 ], [ 76.885045400885275, 12.700438021410122 ], [ 76.885045385130454, 12.700437882329574 ], [ 76.88503804505757, 12.700374921859556 ], [ 76.885298385081853, 12.700331744751912 ], [ 76.885556286428908, 12.700290335480881 ], [ 76.885681633907225, 12.700270209063683 ], [ 76.886018907077215, 12.700217773270577 ], [ 76.886024468553799, 12.700216908529162 ], [ 76.88603963282219, 12.700215156648227 ], [ 76.886259023472959, 12.700189808839623 ], [ 76.886328918504546, 12.700188496706403 ], [ 76.886462723583179, 12.700185985434368 ], [ 76.886599775191328, 12.700183413051192 ], [ 76.886745137620906, 12.700141968529733 ], [ 76.886918450599751, 12.700057342764715 ], [ 76.887960608967404, 12.699548471707637 ], [ 76.888159491723457, 12.699451359261216 ], [ 76.888280072416933, 12.699392320706208 ], [ 76.890999480093839, 12.698237709256958 ], [ 76.891269084967419, 12.698106644967311 ], [ 76.891615153112127, 12.697938408063315 ], [ 76.891871675119745, 12.697800933331783 ], [ 76.894212438118103, 12.696664300276442 ], [ 76.894411256109521, 12.696577657028456 ], [ 76.894657664709285, 12.696469477915848 ], [ 76.894742749136654, 12.696432123907222 ], [ 76.894758637294998, 12.696425115070095 ], [ 76.894799229005642, 12.696403114990879 ], [ 76.894839820708654, 12.696381114906425 ], [ 76.894955393284789, 12.696301753106782 ], [ 76.895362492467839, 12.696022205459156 ], [ 76.895406284079186, 12.695992134637773 ], [ 76.895563817828119, 12.695883958552548 ], [ 76.895612793554065, 12.695850327503118 ], [ 76.895986772170929, 12.6955935221856 ], [ 76.896049824685434, 12.695550225157783 ], [ 76.896141026379425, 12.695487597216619 ], [ 76.896213348024162, 12.695437935067043 ], [ 76.89622555367032, 12.695429553313856 ], [ 76.896417686767151, 12.695298989125806 ], [ 76.896504302217068, 12.695240129427667 ], [ 76.896614748502785, 12.695165074315856 ], [ 76.89670929160954, 12.695100827962905 ], [ 76.896778578544627, 12.695053743436395 ], [ 76.896882810706487, 12.694982911098016 ], [ 76.89689517175691, 12.694974511939934 ], [ 76.897002446713074, 12.69490161242499 ], [ 76.897038460876672, 12.694877138417864 ], [ 76.897153649731706, 12.694798860475389 ], [ 76.897388106040836, 12.694639533963079 ], [ 76.897511184826016, 12.694555893947854 ], [ 76.897524088621452, 12.694546701832373 ], [ 76.897536950292434, 12.694537539844283 ], [ 76.89754393927538, 12.694532561237272 ], [ 76.897545378599219, 12.694528897620669 ], [ 76.897588721640858, 12.694498369655506 ], [ 76.897625406999481, 12.694472531233574 ], [ 76.898299194371475, 12.692773067481586 ], [ 76.898302749921314, 12.692765782404742 ], [ 76.898460862134215, 12.692441770139995 ], [ 76.897938379162952, 12.69228319260985 ], [ 76.897849648566975, 12.692256262423737 ], [ 76.897705252510562, 12.692212436879608 ], [ 76.897633006055401, 12.692190509056303 ], [ 76.89754729811952, 12.692164496248042 ], [ 76.897539041304441, 12.69216199015575 ], [ 76.897538328795619, 12.692153797402604 ], [ 76.897523097133714, 12.692048775898082 ], [ 76.89752305249948, 12.692048715659668 ], [ 76.897508695068822, 12.692038391549177 ], [ 76.897490226976373, 12.692036223257364 ], [ 76.897460007227352, 12.692039449922966 ], [ 76.897458021447846, 12.692040181764847 ], [ 76.897431268347134, 12.692036670819078 ], [ 76.897348976534801, 12.692025872329619 ], [ 76.89715170613313, 12.692019042518337 ], [ 76.896960590272272, 12.691995017805635 ], [ 76.896838576563752, 12.692006701689307 ], [ 76.896034078695308, 12.692083739433807 ], [ 76.895242073688948, 12.691904875480786 ], [ 76.894978070869286, 12.69186011972123 ], [ 76.893978212065164, 12.691690612164541 ], [ 76.893963456432161, 12.691689779229902 ], [ 76.89328134882544, 12.691651294692718 ], [ 76.893210897029235, 12.691647174788269 ], [ 76.892830887215311, 12.691624949760676 ], [ 76.892707041907897, 12.69161770705062 ], [ 76.892499109759569, 12.691605545664741 ], [ 76.892494556163186, 12.691582330342939 ], [ 76.892489244901839, 12.69155525106391 ], [ 76.892436867952867, 12.691544564939479 ], [ 76.892363131803307, 12.691529521754033 ], [ 76.892291195094998, 12.691564620045845 ], [ 76.892277562665797, 12.691571271880518 ], [ 76.892239335529169, 12.691589923084987 ], [ 76.892230460044146, 12.691594253386432 ], [ 76.892124090223319, 12.691582179540505 ], [ 76.892079395288079, 12.691586286053385 ], [ 76.891530758870445, 12.691636694277108 ], [ 76.891508686759423, 12.691639262071352 ], [ 76.891410939084935, 12.691650614727736 ], [ 76.891411121256326, 12.691651348255823 ], [ 76.891389510044661, 12.691653750065184 ], [ 76.891296695203252, 12.691663910620585 ], [ 76.891281069994534, 12.691665620821741 ], [ 76.891281741407596, 12.691669525168106 ], [ 76.891249384770816, 12.691674234195572 ], [ 76.891216439601507, 12.691679029661131 ], [ 76.890914594740224, 12.691700281335951 ], [ 76.890745480667917, 12.691715321720869 ], [ 76.890364880278113, 12.691749171907897 ], [ 76.890291926360405, 12.691755660298202 ], [ 76.889708186621007, 12.691504763855704 ], [ 76.889588527713059, 12.691453333399252 ], [ 76.888546009509383, 12.691090380563626 ], [ 76.88828385009468, 12.690999109092687 ], [ 76.888164710602823, 12.690957630095435 ], [ 76.887333794656868, 12.690668340441547 ], [ 76.887044213929315, 12.690577208894394 ], [ 76.887039128214155, 12.690565749828362 ], [ 76.886966818986195, 12.690540574628811 ], [ 76.886961233325508, 12.690538629473727 ], [ 76.886637555093102, 12.689780294144381 ], [ 76.886460862215017, 12.689406152734245 ], [ 76.886381379929531, 12.689237851553058 ], [ 76.886292660920134, 12.689142661266411 ], [ 76.886035157297727, 12.688904151708927 ], [ 76.885843730465297, 12.688708217467617 ], [ 76.885803940206458, 12.68842207974892 ], [ 76.88567552895303, 12.688039205149359 ], [ 76.885654406581608, 12.687805599311018 ], [ 76.885718461709629, 12.687760893947344 ], [ 76.885789689817415, 12.687711182937109 ], [ 76.885789484067132, 12.687683248035265 ], [ 76.88578142310115, 12.687666933023632 ], [ 76.885762711673905, 12.687629059987543 ], [ 76.885716213238069, 12.687549223357179 ], [ 76.885659745194189, 12.687434398330597 ], [ 76.885629740434808, 12.687402540841413 ], [ 76.885561083976469, 12.68741218966225 ], [ 76.885084887810748, 12.687488591764048 ], [ 76.884765773022309, 12.687664180226001 ], [ 76.884746796267848, 12.687606007775438 ], [ 76.884710993933581, 12.687625552541066 ] ] ] } },
{ "type": "Feature", "properties": { "OBJECTID": 18868, "KGISVillageID": 24142, "KGISVillageCode": "2205090007", "KGISVillageName": "Dodda Kotthagere", "KGISHobliID": 120, "UniqueVillageCode": "2205090007_1", "Bhucode": "220501001012", "CensusVillageCode": "2957305550614342", "BhoomiVillageCode": "2205090007", "created_user": null, "created_date": null, "last_edited_user": null, "last_edited_date": null, "LGDGPCode": "219328", "LGDGPCode_Secondary": null, "Category": "Cadastral data available and has bhoomi linkage", "SHAPE.STArea()": 3583170.6599142551, "SHAPE.STLength()": 9808.3004941434556, "LGD_VillageCode": 614342.0, "_overlap_percent": 99.953591449522889, "_police_station": "Basaralu PS", "_police_feature_index": "485", "_admin_layer": "Village", "_geometry_clipped": true }, "geometry": { "type": "Polygon", "coordinates": [ [ [ 76.897560018055955, 12.694698395248365 ], [ 76.897555154555079, 12.694648235167254 ], [ 76.897546486139902, 12.694558826747823 ], [ 76.89754393927538, 12.694532561237272 ], [ 76.897536950292434, 12.694537539844283 ], [ 76.897524088621452, 12.694546701832373 ], [ 76.897511184826016, 12.694555893947854 ], [ 76.897388106040836, 12.694639533963079 ], [ 76.897153649731706, 12.694798860475389 ], [ 76.897038460876672, 12.694877138417864 ], [ 76.897002446713074, 12.69490161242499 ], [ 76.89689517175691, 12.694974511939934 ], [ 76.896882810706487, 12.694982911098016 ], [ 76.896778578544627, 12.695053743436395 ], [ 76.89670929160954, 12.695100827962905 ], [ 76.896614748502785, 12.695165074315856 ], [ 76.896504302217068, 12.695240129427667 ], [ 76.896417686767151, 12.695298989125806 ], [ 76.89622555367032, 12.695429553313856 ], [ 76.896213348024162, 12.695437935067043 ], [ 76.896141026379425, 12.695487597216619 ], [ 76.896049824685434, 12.695550225157783 ], [ 76.895986772170929, 12.6955935221856 ], [ 76.895612793554065, 12.695850327503118 ], [ 76.895563817828119, 12.695883958552548 ], [ 76.895406284079186, 12.695992134637773 ], [ 76.895362492467839, 12.696022205459156 ], [ 76.894955393284789, 12.696301753106782 ], [ 76.894839820708654, 12.696381114906425 ], [ 76.894799229005642, 12.696403114990879 ], [ 76.894758637294998, 12.696425115070095 ], [ 76.894742749136654, 12.696432123907222 ], [ 76.894657664709285, 12.696469477915848 ], [ 76.894411256109521, 12.696577657028456 ], [ 76.894212438118103, 12.696664300276442 ], [ 76.891871675119745, 12.697800933331783 ], [ 76.891615153112127, 12.697938408063315 ], [ 76.891269084967419, 12.698106644967311 ], [ 76.890999480093839, 12.698237709256958 ], [ 76.888280072416933, 12.699392320706208 ], [ 76.888159491723457, 12.699451359261216 ], [ 76.887960608967404, 12.699548471707637 ], [ 76.886918450599751, 12.700057342764715 ], [ 76.886745137620906, 12.700141968529733 ], [ 76.886599775191328, 12.700183413051192 ], [ 76.886462723583179, 12.700185985434368 ], [ 76.886328918504546, 12.700188496706403 ], [ 76.886259023472959, 12.700189808839623 ], [ 76.88603963282219, 12.700215156648227 ], [ 76.886024468553799, 12.700216908529162 ], [ 76.886018907077215, 12.700217773270577 ], [ 76.885681633907225, 12.700270209063683 ], [ 76.885556286428908, 12.700290335480881 ], [ 76.885298385081853, 12.700331744751912 ], [ 76.88503804505757, 12.700374921859556 ], [ 76.885045385130454, 12.700437882329574 ], [ 76.885045400885275, 12.700438021410122 ], [ 76.885015364700706, 12.700442477448437 ], [ 76.884738133679363, 12.700484360658972 ], [ 76.884334905578669, 12.700544476897266 ], [ 76.883959699420274, 12.700570803895269 ], [ 76.883944213012228, 12.70057544755028 ], [ 76.88304475631341, 12.700845137646914 ], [ 76.88240316094857, 12.701042918482937 ], [ 76.881934675024013, 12.701197380596875 ], [ 76.881007331897393, 12.701490928517899 ], [ 76.879761169895389, 12.701888129931783 ], [ 76.879617315437827, 12.701935065564626 ], [ 76.879327386315325, 12.702060451510096 ], [ 76.879329423447246, 12.702091868458346 ], [ 76.879332191653262, 12.702134573831589 ], [ 76.879223152282549, 12.702192186593519 ], [ 76.879034047927277, 12.70229210255736 ], [ 76.878722664163618, 12.702456625647699 ], [ 76.878418924172152, 12.702630460903546 ], [ 76.878413174873444, 12.702633718413104 ], [ 76.877779724518945, 12.702987776782026 ], [ 76.876832886209854, 12.70350874274348 ], [ 76.876331243581021, 12.703783207092515 ], [ 76.876263503809426, 12.703821731111194 ], [ 76.876054075770554, 12.703940834045524 ], [ 76.875809400980344, 12.704079982230409 ], [ 76.875441111139949, 12.70428942993496 ], [ 76.874966032695795, 12.704559608018059 ], [ 76.87488916363823, 12.70460380105084 ], [ 76.874324164015576, 12.70492862788795 ], [ 76.874263140165525, 12.704963710956786 ], [ 76.873936091492496, 12.705151735226538 ], [ 76.873829697171715, 12.705212742156062 ], [ 76.873797440989051, 12.705231219702444 ], [ 76.873632609302547, 12.705325643537133 ], [ 76.873632571717422, 12.705325665495092 ], [ 76.872424427685658, 12.70603640985054 ], [ 76.87239795124249, 12.706052274085666 ], [ 76.871879583842315, 12.706341821643589 ], [ 76.871723626391542, 12.706428935650361 ], [ 76.870642520301018, 12.707032809740529 ], [ 76.869661487309656, 12.707580779837524 ], [ 76.869649013813614, 12.70758774700615 ], [ 76.869569299635586, 12.707632793946868 ], [ 76.869426111460271, 12.707713709441244 ], [ 76.868814366087292, 12.708039072724365 ], [ 76.868643489070024, 12.70812995544855 ], [ 76.868540088998984, 12.708184949629711 ], [ 76.868217172844695, 12.708354010256699 ], [ 76.868030457018435, 12.708451763245957 ], [ 76.867763086772101, 12.708591742865931 ], [ 76.867621271990018, 12.708665989153328 ], [ 76.867402178711146, 12.70878069290686 ], [ 76.866769191229722, 12.709042042442228 ], [ 76.86674297647113, 12.709052866264628 ], [ 76.866740880022334, 12.709053731550551 ], [ 76.866730402381108, 12.709058057947514 ], [ 76.866630207080192, 12.709099426803844 ], [ 76.8666110113668, 12.709107352254252 ], [ 76.866532227887731, 12.709139805671544 ], [ 76.866539255748833, 12.709170007340315 ], [ 76.866540862070991, 12.709176911431362 ], [ 76.866546002261757, 12.709198998918907 ], [ 76.866547196065298, 12.709204128933798 ], [ 76.866549308977682, 12.709213207750398 ], [ 76.866553451189134, 12.709231009852976 ], [ 76.866577403330481, 12.709333938614613 ], [ 76.866627161567209, 12.709520718050154 ], [ 76.866657748275543, 12.709635531885574 ], [ 76.866665170550888, 12.709658342656374 ], [ 76.866796451085577, 12.710068092325482 ], [ 76.866835923708848, 12.710191291891942 ], [ 76.86688656354562, 12.71034934863129 ], [ 76.86696492022952, 12.710593912496792 ], [ 76.866977451614986, 12.710633023553042 ], [ 76.867867974532928, 12.712806306711311 ], [ 76.867928008081662, 12.712950975876085 ], [ 76.867934982547084, 12.712967783620465 ], [ 76.868183936426789, 12.713567711663181 ], [ 76.868316372435984, 12.713886854809447 ], [ 76.868391027590164, 12.714066757822566 ], [ 76.868943324663007, 12.71564122300572 ], [ 76.869215152524717, 12.716414462850787 ], [ 76.869313155533362, 12.716736739348226 ], [ 76.869326807209575, 12.716781632374435 ], [ 76.869371870419997, 12.716903993673261 ], [ 76.869413039086751, 12.717002059728935 ], [ 76.86972196732458, 12.717737938226238 ], [ 76.869785740927782, 12.717872355852734 ], [ 76.870091066737515, 12.718515892449766 ], [ 76.870096977068386, 12.718510925644017 ], [ 76.870334933495513, 12.718315691541035 ], [ 76.870363002211349, 12.718292663008651 ], [ 76.870519108806064, 12.718164583374312 ], [ 76.871038866265962, 12.717738140627507 ], [ 76.871879086475573, 12.717058940113134 ], [ 76.872185710688768, 12.71681107553453 ], [ 76.873348460876784, 12.715871142552245 ], [ 76.873560824654078, 12.71569947240928 ], [ 76.874883778788146, 12.714630018524119 ], [ 76.875377275204755, 12.714230183416419 ], [ 76.875089164509987, 12.714463987089156 ], [ 76.875683650042646, 12.713983409253622 ], [ 76.875863393324849, 12.713833811831568 ], [ 76.875942946986541, 12.713767600376109 ], [ 76.876345152756642, 12.713432849910582 ], [ 76.876533736543237, 12.713286911613666 ], [ 76.876565894239761, 12.713256936450607 ], [ 76.876973379686518, 12.712917355646821 ], [ 76.877024436046455, 12.712872641317725 ], [ 76.87788675185665, 12.712154019619762 ], [ 76.877924261840548, 12.712116387867269 ], [ 76.877938337877495, 12.712104626690284 ], [ 76.87815669517687, 12.711922179778304 ], [ 76.878160095513437, 12.711919096158336 ], [ 76.878379117177062, 12.711720488986808 ], [ 76.878536871463908, 12.711574703813199 ], [ 76.878547361380299, 12.711573823254128 ], [ 76.878575194014857, 12.711571485731008 ], [ 76.878672088063595, 12.711491424003007 ], [ 76.878713120438007, 12.711458199684545 ], [ 76.878751933257703, 12.711426874711528 ], [ 76.878855528299979, 12.711343261221955 ], [ 76.879442297698475, 12.710869666662372 ], [ 76.879456137985457, 12.710864425653947 ], [ 76.879491476391394, 12.710851044034547 ], [ 76.88028647917605, 12.710558313350289 ], [ 76.880708981971679, 12.71037737074338 ], [ 76.881000889149689, 12.710304882162724 ], [ 76.88102679298072, 12.71030419134026 ], [ 76.881553255946045, 12.710290159390437 ], [ 76.881678526330461, 12.710259207534522 ], [ 76.881702483143215, 12.710253288144195 ], [ 76.881783671072043, 12.710240728751316 ], [ 76.88189997947228, 12.710222735601103 ], [ 76.882022194449448, 12.710203829168654 ], [ 76.882531476583836, 12.710125044478847 ], [ 76.882538373218622, 12.710124052801435 ], [ 76.882551791269336, 12.710122124533243 ], [ 76.882791965101902, 12.710087605957105 ], [ 76.882793424147508, 12.710087456404361 ], [ 76.883075317434518, 12.710058615773853 ], [ 76.883112714051194, 12.71005548047502 ], [ 76.883131998593583, 12.710054195631875 ], [ 76.883167060414578, 12.710038311868193 ], [ 76.883242515162962, 12.710038731340747 ], [ 76.88326821976942, 12.710038874161828 ], [ 76.883293923454943, 12.710039016986956 ], [ 76.883325442337082, 12.710039212506471 ], [ 76.883499008838342, 12.710040286286118 ], [ 76.883522078010827, 12.71003348546642 ], [ 76.883611375891533, 12.71000721350404 ], [ 76.883764101354458, 12.709962281103614 ], [ 76.883946352304832, 12.709908662568296 ], [ 76.884764380971234, 12.70985289998837 ], [ 76.884810025446882, 12.710210144558118 ], [ 76.884796580202007, 12.710507354445365 ], [ 76.885001935939727, 12.710511795820405 ], [ 76.88514477008728, 12.710521056173846 ], [ 76.885579530407611, 12.71054924328037 ], [ 76.885766947089238, 12.710561393993714 ], [ 76.885887517598533, 12.710569210664598 ], [ 76.886008088107218, 12.710577027279593 ], [ 76.886037400858584, 12.710710913390381 ], [ 76.886192915958659, 12.710796494102452 ], [ 76.886247436250059, 12.710895584446183 ], [ 76.886318297312698, 12.711024375493086 ], [ 76.886319883596457, 12.711027993149214 ], [ 76.886375565116026, 12.711031322652099 ], [ 76.886407652468577, 12.711033062935414 ], [ 76.886722006061675, 12.711049358640139 ], [ 76.886931749463898, 12.711265954049461 ], [ 76.8869479530902, 12.711282686412968 ], [ 76.887236433969917, 12.711326041442497 ], [ 76.887258332924205, 12.711329332829907 ], [ 76.887304956787531, 12.711340468037406 ], [ 76.887406861011556, 12.711364805358924 ], [ 76.887703763154434, 12.711432334711503 ], [ 76.888284779625693, 12.711564484473062 ], [ 76.889051472503056, 12.711738862633839 ], [ 76.889223771077226, 12.71177805033526 ], [ 76.889940417217133, 12.71198887919777 ], [ 76.890074628101885, 12.712028362218916 ], [ 76.890140619448331, 12.712047776318528 ], [ 76.890181352084866, 12.711955213373479 ], [ 76.890184166970542, 12.711947931821047 ], [ 76.89020899487042, 12.711881939592244 ], [ 76.890253696913987, 12.711824918222165 ], [ 76.890365749730492, 12.711681986200972 ], [ 76.890480185590306, 12.711536013797415 ], [ 76.891237999845472, 12.710569352443358 ], [ 76.892063108316023, 12.709549203567788 ], [ 76.892210859321381, 12.709281107858816 ], [ 76.892314710813167, 12.709092666547404 ], [ 76.8924304463103, 12.708882662377562 ], [ 76.892626125059564, 12.70853524849068 ], [ 76.89281723726188, 12.708166241766204 ], [ 76.893111067364529, 12.707389931475744 ], [ 76.893175090951274, 12.707223110404778 ], [ 76.89348650281525, 12.706411687587261 ], [ 76.893506082344885, 12.706360670490694 ], [ 76.893706637034484, 12.706293217429481 ], [ 76.893708874075543, 12.706275806098983 ], [ 76.893724821031, 12.706253411610954 ], [ 76.893750578253972, 12.706217850395394 ], [ 76.893856001061877, 12.70607229753219 ], [ 76.894075906540181, 12.705768683825983 ], [ 76.894455868116168, 12.705244086182059 ], [ 76.894682942351807, 12.704930573583763 ], [ 76.894742697776337, 12.704853001094955 ], [ 76.894891537279847, 12.704664133916955 ], [ 76.894899279949968, 12.704654352359984 ], [ 76.895048668768453, 12.704452557157687 ], [ 76.895097496737847, 12.704386732188146 ], [ 76.895108341932783, 12.704372112790814 ], [ 76.896128738315753, 12.702988147888952 ], [ 76.896324334215365, 12.702722858778159 ], [ 76.896604373301855, 12.702343036679952 ], [ 76.89667010497493, 12.702342649927532 ], [ 76.896737660296708, 12.702342251928847 ], [ 76.897053125628673, 12.701880682257507 ], [ 76.897361505373055, 12.701429478560375 ], [ 76.897379963910637, 12.701402469934736 ], [ 76.89796875713391, 12.700607160377119 ], [ 76.897980569289089, 12.700553184953856 ], [ 76.897891787617695, 12.698642058454084 ], [ 76.897808791339855, 12.697457141159544 ], [ 76.897759967674219, 12.696760641510497 ], [ 76.897560018055955, 12.694698395248365 ] ] ] } },
{ "type": "Feature", "properties": { "OBJECTID": 18865, "KGISVillageID": 24139, "KGISVillageCode": "2205090008", "KGISVillageName": "Chikka Kotthigere", "KGISHobliID": 120, "UniqueVillageCode": "2205090008_1", "Bhucode": "220501001009", "CensusVillageCode": "2957305550614329", "BhoomiVillageCode": "2205090008", "created_user": null, "created_date": null, "last_edited_user": null, "last_edited_date": null, "LGDGPCode": "219328", "LGDGPCode_Secondary": null, "Category": "Cadastral data available and has bhoomi linkage", "SHAPE.STArea()": 2446292.116937235, "SHAPE.STLength()": 6660.0668143281373, "LGD_VillageCode": 614329.0, "_overlap_percent": 98.774475783143984, "_police_station": "Basaralu PS", "_police_feature_index": "485", "_admin_layer": "Village", "_geometry_clipped": true }, "geometry": { "type": "Polygon", "coordinates": [ [ [ 76.888545447784068, 12.715475433406555 ], [ 76.888540906876955, 12.715453987700226 ], [ 76.888637226221789, 12.715244702182908 ], [ 76.889041112648727, 12.714367120381874 ], [ 76.889363355461398, 12.713666935655793 ], [ 76.889617432707155, 12.713143195232588 ], [ 76.890060340227407, 12.712230208423312 ], [ 76.890140619448331, 12.712047776318528 ], [ 76.890074628101885, 12.712028362218916 ], [ 76.889940417217133, 12.71198887919777 ], [ 76.889223771077226, 12.71177805033526 ], [ 76.889051472503056, 12.711738862633839 ], [ 76.888284779625693, 12.711564484473062 ], [ 76.887703763154434, 12.711432334711503 ], [ 76.887406861011556, 12.711364805358924 ], [ 76.887304956787531, 12.711340468037406 ], [ 76.887258332924205, 12.711329332829907 ], [ 76.887236433969917, 12.711326041442497 ], [ 76.8869479530902, 12.711282686412968 ], [ 76.886931749463898, 12.711265954049461 ], [ 76.886722006061675, 12.711049358640139 ], [ 76.886407652468577, 12.711033062935414 ], [ 76.886375565116026, 12.711031322652099 ], [ 76.886319883596457, 12.711027993149214 ], [ 76.886318297312698, 12.711024375493086 ], [ 76.886247436250059, 12.710895584446183 ], [ 76.886192915958659, 12.710796494102452 ], [ 76.886037400858584, 12.710710913390381 ], [ 76.886008088107218, 12.710577027279593 ], [ 76.885887517598533, 12.710569210664598 ], [ 76.885766947089238, 12.710561393993714 ], [ 76.885579530407611, 12.71054924328037 ], [ 76.88514477008728, 12.710521056173846 ], [ 76.885001935939727, 12.710511795820405 ], [ 76.884796580202007, 12.710507354445365 ], [ 76.884810025446882, 12.710210144558118 ], [ 76.884764380971234, 12.70985289998837 ], [ 76.883946352304832, 12.709908662568296 ], [ 76.883764101354458, 12.709962281103614 ], [ 76.883611375891533, 12.71000721350404 ], [ 76.883522078010827, 12.71003348546642 ], [ 76.883499008838342, 12.710040286286118 ], [ 76.883325442337082, 12.710039212506471 ], [ 76.883293923454943, 12.710039016986956 ], [ 76.88326821976942, 12.710038874161828 ], [ 76.883242515162962, 12.710038731340747 ], [ 76.883167060414578, 12.710038311868193 ], [ 76.883131998593583, 12.710054195631875 ], [ 76.883112714051194, 12.71005548047502 ], [ 76.883075317434518, 12.710058615773853 ], [ 76.882793424147508, 12.710087456404361 ], [ 76.882791965101902, 12.710087605957105 ], [ 76.882551791269336, 12.710122124533243 ], [ 76.882538373218622, 12.710124052801435 ], [ 76.882531476583836, 12.710125044478847 ], [ 76.882022194449448, 12.710203829168654 ], [ 76.88189997947228, 12.710222735601103 ], [ 76.881783671072043, 12.710240728751316 ], [ 76.881702483143215, 12.710253288144195 ], [ 76.881678526330461, 12.710259207534522 ], [ 76.881553255946045, 12.710290159390437 ], [ 76.88102679298072, 12.71030419134026 ], [ 76.881000889149689, 12.710304882162724 ], [ 76.880708981971679, 12.71037737074338 ], [ 76.88028647917605, 12.710558313350289 ], [ 76.879491476391394, 12.710851044034547 ], [ 76.879456137985457, 12.710864425653947 ], [ 76.879442297698475, 12.710869666662372 ], [ 76.878855528299979, 12.711343261221955 ], [ 76.878751933257703, 12.711426874711528 ], [ 76.878713120438007, 12.711458199684545 ], [ 76.878672088063595, 12.711491424003007 ], [ 76.878575194014857, 12.711571485731008 ], [ 76.878547361380299, 12.711573823254128 ], [ 76.878536871463908, 12.711574703813199 ], [ 76.878379117177062, 12.711720488986808 ], [ 76.878160095513437, 12.711919096158336 ], [ 76.87815669517687, 12.711922179778304 ], [ 76.877938337877495, 12.712104626690284 ], [ 76.877924261840548, 12.712116387867269 ], [ 76.87788675185665, 12.712154019619762 ], [ 76.877024436046455, 12.712872641317725 ], [ 76.876973379686518, 12.712917355646821 ], [ 76.876565894239761, 12.713256936450607 ], [ 76.876533736543237, 12.713286911613666 ], [ 76.876345152756642, 12.713432849910582 ], [ 76.875942946986541, 12.713767600376109 ], [ 76.875863393324849, 12.713833811831568 ], [ 76.875683650042646, 12.713983409253622 ], [ 76.875089164509987, 12.714463987089156 ], [ 76.875377275204755, 12.714230183416419 ], [ 76.874883778788146, 12.714630018524119 ], [ 76.873560824654078, 12.71569947240928 ], [ 76.873348460876784, 12.715871142552245 ], [ 76.872185710688768, 12.71681107553453 ], [ 76.871879086475573, 12.717058940113134 ], [ 76.871038866265962, 12.717738140627507 ], [ 76.870519108806064, 12.718164583374312 ], [ 76.870363002211349, 12.718292663008651 ], [ 76.870334933495513, 12.718315691541035 ], [ 76.870096977068386, 12.718510925644017 ], [ 76.870091066737515, 12.718515892449766 ], [ 76.870003066796698, 12.718600011418687 ], [ 76.870131934835513, 12.718843150475037 ], [ 76.870152379389793, 12.718881723641097 ], [ 76.870236344130902, 12.719040141399093 ], [ 76.870647245380653, 12.719574579698902 ], [ 76.87066272069751, 12.719606306855461 ], [ 76.871046489735562, 12.720393123366216 ], [ 76.871111897686745, 12.72052722432935 ], [ 76.871165963650384, 12.720638072412934 ], [ 76.871344329044149, 12.721003758709648 ], [ 76.871398464400542, 12.721114748130116 ], [ 76.871740941134064, 12.721813206613719 ], [ 76.872218149590452, 12.722600214362318 ], [ 76.872224445974823, 12.722610598507735 ], [ 76.872232843949945, 12.722624448534109 ], [ 76.87223157765871, 12.722625909973424 ], [ 76.872233458395314, 12.722643578736838 ], [ 76.872236879736647, 12.722675723550768 ], [ 76.872238768396429, 12.722693468181561 ], [ 76.872262158065084, 12.722695259716565 ], [ 76.87227505029125, 12.722693459417096 ], [ 76.872312062673004, 12.722691116258536 ], [ 76.872342985614097, 12.722689157789638 ], [ 76.872345984774768, 12.722688967571983 ], [ 76.872496719613352, 12.722679422232698 ], [ 76.872626068688419, 12.722674176661357 ], [ 76.873775834517815, 12.722627543523986 ], [ 76.874029865248687, 12.722608507456297 ], [ 76.874282050567174, 12.722589937035274 ], [ 76.874297243002047, 12.722589437276595 ], [ 76.874475173481429, 12.722583580453788 ], [ 76.874543528177981, 12.722578106623283 ], [ 76.875504594739127, 12.7225143373834 ], [ 76.875562516042834, 12.722510494493189 ], [ 76.875963081302146, 12.722483915921563 ], [ 76.876502916515719, 12.722448094527735 ], [ 76.877426938447542, 12.722345336585882 ], [ 76.877400633210627, 12.722132345575275 ], [ 76.877391970192434, 12.722062198646009 ], [ 76.8774636843564, 12.722088298859084 ], [ 76.877852913656824, 12.722229955423199 ], [ 76.878127140043659, 12.72228033349483 ], [ 76.878805618090425, 12.722399486402127 ], [ 76.878831329474977, 12.722404001357662 ], [ 76.879222479416413, 12.722577679935894 ], [ 76.879930278736964, 12.722906502588671 ], [ 76.880638078741427, 12.72323532218873 ], [ 76.881266715852362, 12.723433300497371 ], [ 76.882302070903265, 12.723781393360685 ], [ 76.882560536342154, 12.723877265164745 ], [ 76.882703759156357, 12.723918838320101 ], [ 76.885328710675367, 12.724692218275532 ], [ 76.888750491198707, 12.725181362120466 ], [ 76.888804318648354, 12.725192641471828 ], [ 76.888833103145444, 12.72508742650318 ], [ 76.888831662489039, 12.725087129673092 ], [ 76.888578105907214, 12.725029923047652 ], [ 76.888818037413273, 12.724232978573353 ], [ 76.888986380172284, 12.723673812632072 ], [ 76.889325146040093, 12.722548566783539 ], [ 76.889415410851441, 12.722066900932026 ], [ 76.88945394727169, 12.721861262824454 ], [ 76.889521574676934, 12.721500372768798 ], [ 76.889304249770959, 12.718835909938923 ], [ 76.889168075308561, 12.718481315729113 ], [ 76.888778021667022, 12.717465627118651 ], [ 76.888747090213698, 12.717225258632727 ], [ 76.88854639158194, 12.715665611869833 ], [ 76.888573996084148, 12.715610264091275 ], [ 76.888545447784068, 12.715475433406555 ] ] ] } },
{ "type": "Feature", "properties": { "OBJECTID": 18864, "KGISVillageID": 24138, "KGISVillageCode": "2205100004", "KGISVillageName": "Chandagalu", "KGISHobliID": 1109, "UniqueVillageCode": "2205100004_1", "Bhucode": "220501001008", "CensusVillageCode": "2957305550614331", "BhoomiVillageCode": "2205100004", "created_user": null, "created_date": null, "last_edited_user": null, "last_edited_date": null, "LGDGPCode": "219328", "LGDGPCode_Secondary": null, "Category": "Cadastral data available and has bhoomi linkage", "SHAPE.STArea()": 2793691.2540278202, "SHAPE.STLength()": 8172.2917389432341, "LGD_VillageCode": 614331.0, "_overlap_percent": 0.31153262716450891, "_police_station": "Basaralu PS", "_police_feature_index": "485", "_admin_layer": "Village", "_geometry_clipped": true }, "geometry": { "type": "Polygon", "coordinates": [ [ [ 76.897379963910637, 12.701402469934736 ], [ 76.897361505373055, 12.701429478560375 ], [ 76.897053125628673, 12.701880682257507 ], [ 76.896737660296708, 12.702342251928847 ], [ 76.89667010497493, 12.702342649927532 ], [ 76.896604373301855, 12.702343036679952 ], [ 76.896324334215365, 12.702722858778159 ], [ 76.896128738315753, 12.702988147888952 ], [ 76.895108341932783, 12.704372112790814 ], [ 76.895097496737847, 12.704386732188146 ], [ 76.895048668768453, 12.704452557157687 ], [ 76.894899279949968, 12.704654352359984 ], [ 76.894891537279847, 12.704664133916955 ], [ 76.894742697776337, 12.704853001094955 ], [ 76.894682942351807, 12.704930573583763 ], [ 76.894455868116168, 12.705244086182059 ], [ 76.894075906540181, 12.705768683825983 ], [ 76.893856001061877, 12.70607229753219 ], [ 76.893750578253972, 12.706217850395394 ], [ 76.893724821031, 12.706253411610954 ], [ 76.893708874075543, 12.706275806098983 ], [ 76.893706637034484, 12.706293217429481 ], [ 76.893861253508845, 12.706241214799043 ], [ 76.894774247975192, 12.705002132064967 ], [ 76.894832343267552, 12.704923286152592 ], [ 76.894974515681554, 12.704730333286383 ], [ 76.894981889359499, 12.704720327498803 ], [ 76.895123776940721, 12.704514064826615 ], [ 76.895180355415036, 12.704431818600701 ], [ 76.896759381312293, 12.702396750131996 ], [ 76.897926577288203, 12.700799900396953 ], [ 76.89796875713391, 12.700607160377119 ], [ 76.897379963910637, 12.701402469934736 ] ] ] } },
{ "type": "Feature", "properties": { "OBJECTID": 30838, "KGISVillageID": 23854, "KGISVillageCode": "2206050010", "KGISVillageName": "Hasagavi", "KGISHobliID": 641, "UniqueVillageCode": "2206050010_1", "Bhucode": "220601004016", "CensusVillageCode": "2957305551614503", "BhoomiVillageCode": "2206050010", "created_user": null, "created_date": null, "last_edited_user": "SURESHBV2", "last_edited_date": 1724226028000.0, "LGDGPCode": "219253", "LGDGPCode_Secondary": null, "Category": "Cadastral data available and has bhoomi linkage", "SHAPE.STArea()": 11306598.67309081, "SHAPE.STLength()": 16383.410139539981, "LGD_VillageCode": 614503.0, "_overlap_percent": 0.011103043400606085, "_police_station": "Basaralu PS", "_police_feature_index": "485", "_admin_layer": "Village", "_geometry_clipped": true }, "geometry": { "type": "MultiPolygon", "coordinates": [ [ [ [ 76.904847870716054, 12.740846157103263 ], [ 76.904872317522347, 12.740886946517248 ], [ 76.905262832530326, 12.741538504772798 ], [ 76.90531942694868, 12.741632931167814 ], [ 76.905387989191524, 12.741753083067374 ], [ 76.905388946423926, 12.741754760921372 ], [ 76.906006335743882, 12.742827016464073 ], [ 76.906030279726991, 12.74286860109731 ], [ 76.90659125395635, 12.743830005314321 ], [ 76.906620884104953, 12.74388078591244 ], [ 76.906641286156443, 12.743844657351877 ], [ 76.906037479773545, 12.742815251890944 ], [ 76.905387753818673, 12.741707551358651 ], [ 76.905317151402627, 12.741587179153775 ], [ 76.904739466394645, 12.74066528759551 ], [ 76.904847870716054, 12.740846157103263 ] ] ], [ [ [ 76.895900464252236, 12.730150058743922 ], [ 76.89587103481108, 12.730171901990706 ], [ 76.895843367107787, 12.730192438320637 ], [ 76.895872874792659, 12.730223721823277 ], [ 76.896102302857429, 12.730058088348903 ], [ 76.896072369183329, 12.730022463659243 ], [ 76.895900464252236, 12.730150058743922 ] ] ] ] } },
{ "type": "Feature", "properties": { "OBJECTID": 18870, "KGISVillageID": 24144, "KGISVillageCode": "2205100007", "KGISVillageName": "G.Hosalli", "KGISHobliID": 1109, "UniqueVillageCode": "2205100007_1", "Bhucode": "220501001014", "CensusVillageCode": "2957305550614330", "BhoomiVillageCode": "2205100007", "created_user": null, "created_date": null, "last_edited_user": null, "last_edited_date": null, "LGDGPCode": "219328", "LGDGPCode_Secondary": null, "Category": "Cadastral data available and has bhoomi linkage", "SHAPE.STArea()": 4776261.730731695, "SHAPE.STLength()": 9393.4831737351687, "LGD_VillageCode": 614394.0, "_overlap_percent": 0.30180429509545337, "_police_station": "Basaralu PS", "_police_feature_index": "485", "_admin_layer": "Village", "_geometry_clipped": true }, "geometry": { "type": "MultiPolygon", "coordinates": [ [ [ [ 76.888804318648354, 12.725192641471828 ], [ 76.889394888210873, 12.725316390080216 ], [ 76.889556072833756, 12.725350164730095 ], [ 76.889949536567144, 12.725432609718167 ], [ 76.890510622234245, 12.725732726002667 ], [ 76.890999867597898, 12.725994412067948 ], [ 76.890485120796356, 12.725661017250671 ], [ 76.890323788595339, 12.725535367696338 ], [ 76.890012887021214, 12.725330506914624 ], [ 76.888833103145444, 12.72508742650318 ], [ 76.888804318648354, 12.725192641471828 ] ] ], [ [ [ 76.893706637034484, 12.706293217429481 ], [ 76.893506082344885, 12.706360670490694 ], [ 76.89348650281525, 12.706411687587261 ], [ 76.893175090951274, 12.707223110404778 ], [ 76.893111067364529, 12.707389931475744 ], [ 76.89281723726188, 12.708166241766204 ], [ 76.892626125059564, 12.70853524849068 ], [ 76.8924304463103, 12.708882662377562 ], [ 76.892314710813167, 12.709092666547404 ], [ 76.892210859321381, 12.709281107858816 ], [ 76.892063108316023, 12.709549203567788 ], [ 76.891237999845472, 12.710569352443358 ], [ 76.890480185590306, 12.711536013797415 ], [ 76.890365749730492, 12.711681986200972 ], [ 76.890253696913987, 12.711824918222165 ], [ 76.89020899487042, 12.711881939592244 ], [ 76.890184166970542, 12.711947931821047 ], [ 76.890181352084866, 12.711955213373479 ], [ 76.890140619448331, 12.712047776318528 ], [ 76.890060340227407, 12.712230208423312 ], [ 76.889617432707155, 12.713143195232588 ], [ 76.889363355461398, 12.713666935655793 ], [ 76.889041112648727, 12.714367120381874 ], [ 76.888637226221789, 12.715244702182908 ], [ 76.888540906876955, 12.715453987700226 ], [ 76.888545447784068, 12.715475433406555 ], [ 76.888573996084148, 12.715610264091275 ], [ 76.889117992525513, 12.71451953641391 ], [ 76.889376040241899, 12.713984518528783 ], [ 76.88955370147886, 12.71361615672069 ], [ 76.889577843768123, 12.71356609965793 ], [ 76.889603410553931, 12.713513088619132 ], [ 76.889632841225776, 12.713458445712815 ], [ 76.889767710290556, 12.713208035041776 ], [ 76.890243710531152, 12.712105928568143 ], [ 76.890328223257526, 12.711910250236121 ], [ 76.891146903385689, 12.710862027783458 ], [ 76.892111369840308, 12.709627129321788 ], [ 76.892450597889948, 12.708877401910401 ], [ 76.892642110857281, 12.708510361866837 ], [ 76.892808812056501, 12.708219762412607 ], [ 76.893181870606739, 12.707305915487403 ], [ 76.893571722238491, 12.706444187851041 ], [ 76.893776222873697, 12.70635661413494 ], [ 76.893792787854025, 12.706334133884418 ], [ 76.893861253508845, 12.706241214799043 ], [ 76.893706637034484, 12.706293217429481 ] ] ] ] } },
{ "type": "Feature", "properties": { "OBJECTID": 18858, "KGISVillageID": 24132, "KGISVillageCode": "2205100019", "KGISVillageName": "Balenahalli", "KGISHobliID": 1109, "UniqueVillageCode": "2205100019_1", "Bhucode": "220501001002", "CensusVillageCode": "2957305550614325", "BhoomiVillageCode": "2205100019", "created_user": null, "created_date": null, "last_edited_user": null, "last_edited_date": null, "LGDGPCode": "219344", "LGDGPCode_Secondary": null, "Category": "Cadastral data available and has bhoomi linkage", "SHAPE.STArea()": 4771314.4740526099, "SHAPE.STLength()": 8627.1497637023549, "LGD_VillageCode": 614325.0, "_overlap_percent": 100.00000000000003, "_police_station": "Basaralu PS", "_police_feature_index": "485", "_admin_layer": "Village", "_geometry_clipped": true }, "geometry": { "type": "Polygon", "coordinates": [ [ [ 76.861341797409438, 12.728825732529678 ], [ 76.861359018231283, 12.728827314343647 ], [ 76.861376239046578, 12.728828895252644 ], [ 76.861406605582715, 12.728831683497368 ], [ 76.861465653842629, 12.728837401975397 ], [ 76.861489034694557, 12.728839666273446 ], [ 76.861532074035978, 12.728843834181136 ], [ 76.862110821082652, 12.728899877675104 ], [ 76.862831782304795, 12.728969382924227 ], [ 76.862903170151668, 12.729002469789345 ], [ 76.863075813726596, 12.728992908920139 ], [ 76.863167423394401, 12.728966083252313 ], [ 76.86370259023451, 12.728809372090181 ], [ 76.864014611882993, 12.72871800324722 ], [ 76.864502265956077, 12.728652226593004 ], [ 76.864510607776069, 12.728651101307237 ], [ 76.864529735792843, 12.728645428700913 ], [ 76.8645393337965, 12.728642582667428 ], [ 76.864580055703371, 12.728630506040686 ], [ 76.865339691715647, 12.728401097604623 ], [ 76.865343709927728, 12.728399862653163 ], [ 76.866220960175127, 12.728130194504072 ], [ 76.866400283559713, 12.728075069993597 ], [ 76.866981078700633, 12.727888945076929 ], [ 76.86702641716083, 12.727865841075706 ], [ 76.867049086380945, 12.72785428816878 ], [ 76.86707175468473, 12.727842736170505 ], [ 76.867074790947171, 12.72784118905771 ], [ 76.867120496343816, 12.727815008447974 ], [ 76.867243609006749, 12.727744485791298 ], [ 76.867772693426573, 12.72784572639338 ], [ 76.86780057870682, 12.727851062201012 ], [ 76.867838532095959, 12.727868858018407 ], [ 76.867875633410648, 12.727882446074098 ], [ 76.8678956106436, 12.727884134562389 ], [ 76.867981721483545, 12.727885723517609 ], [ 76.86802176685039, 12.72787611055538 ], [ 76.868062822304594, 12.727866254556288 ], [ 76.868179201415487, 12.727838238417487 ], [ 76.868230140649459, 12.727825976205606 ], [ 76.868251948735107, 12.7278206857521 ], [ 76.868378625511525, 12.727789957629311 ], [ 76.868414357748406, 12.727781289742039 ], [ 76.868433505994872, 12.727776645315396 ], [ 76.868452351855865, 12.72777207352156 ], [ 76.868478038371208, 12.727764947978846 ], [ 76.86854222112342, 12.727747144742924 ], [ 76.868791976998907, 12.72767786360431 ], [ 76.868840072442737, 12.727664522265766 ], [ 76.868854694126952, 12.727660466528674 ], [ 76.868862830553013, 12.727658209129887 ], [ 76.868896111409086, 12.727648859803342 ], [ 76.868914828450727, 12.727643547728352 ], [ 76.868931640800866, 12.727638776040781 ], [ 76.868951975864547, 12.727633005136962 ], [ 76.868959082693337, 12.727630967407306 ], [ 76.868973019804642, 12.727626972534454 ], [ 76.868975185389459, 12.727626351669052 ], [ 76.869032522410947, 12.727609916262846 ], [ 76.869033495388294, 12.727609634624434 ], [ 76.869065850816582, 12.727600272828697 ], [ 76.869086508459276, 12.727594296271652 ], [ 76.869091249313001, 12.727592924204272 ], [ 76.869138670037998, 12.727578353818226 ], [ 76.869314585071663, 12.727524302700967 ], [ 76.86935310588909, 12.727512466891771 ], [ 76.869434500990067, 12.727487457554394 ], [ 76.869501139809657, 12.727466982149389 ], [ 76.869559315102649, 12.727449107209537 ], [ 76.86961748946517, 12.727431232264504 ], [ 76.86967678640562, 12.727413012245064 ], [ 76.869714212148807, 12.727401512217545 ], [ 76.869857788666437, 12.727385927480306 ], [ 76.869924590097568, 12.727348072452056 ], [ 76.870183208479332, 12.727279002291398 ], [ 76.870183772750067, 12.727278105300165 ], [ 76.870188386959398, 12.727267117117357 ], [ 76.870250420308935, 12.727119379985062 ], [ 76.870256971943888, 12.727103776605841 ], [ 76.87029987970196, 12.727001586801068 ], [ 76.870328103279689, 12.726934368618025 ], [ 76.870400914087924, 12.726760963674487 ], [ 76.870469769402035, 12.726596977685997 ], [ 76.870558123813822, 12.726386553221973 ], [ 76.870618884473089, 12.726241844810961 ], [ 76.870610878725714, 12.726202628062671 ], [ 76.870643455047116, 12.726200827981341 ], [ 76.870671573871263, 12.726029014908962 ], [ 76.870694344380212, 12.72588987953227 ], [ 76.870734273345832, 12.72588819020533 ], [ 76.870741573116661, 12.725842138883035 ], [ 76.870755325192036, 12.72575538218452 ], [ 76.870791515981281, 12.725527065608674 ], [ 76.870795058631728, 12.725509194923406 ], [ 76.870827157242687, 12.72534726176988 ], [ 76.870842356838651, 12.72527058183991 ], [ 76.870857907165515, 12.725192136016434 ], [ 76.870870082633999, 12.725130711879491 ], [ 76.870876841153787, 12.725096615116861 ], [ 76.870921986805016, 12.724802499910743 ], [ 76.870922979798934, 12.724796032159752 ], [ 76.870931196931522, 12.724742494979074 ], [ 76.870926724041084, 12.724736326145736 ], [ 76.870925233082076, 12.72473427047046 ], [ 76.870907825182954, 12.724735889305633 ], [ 76.870897040938829, 12.72473689283138 ], [ 76.870899063180261, 12.724726642418903 ], [ 76.870903471374348, 12.724704261723451 ], [ 76.870910248855779, 12.724669863844275 ], [ 76.870919518984394, 12.724622818828735 ], [ 76.870975389093928, 12.724339275253584 ], [ 76.870995063128376, 12.724312574775922 ], [ 76.871010457937771, 12.724291681948353 ], [ 76.871224445259926, 12.724001271135608 ], [ 76.87126588436638, 12.7239446349573 ], [ 76.871268621284756, 12.723948860113143 ], [ 76.871302591282202, 12.723899461417176 ], [ 76.871309261570971, 12.723889762056659 ], [ 76.871348828164642, 12.723831273546987 ], [ 76.87136513116134, 12.72380717374895 ], [ 76.871515410275705, 12.723585028887609 ], [ 76.871520604745726, 12.723577350117795 ], [ 76.871630209576139, 12.723415330308567 ], [ 76.871755895300353, 12.723229585517503 ], [ 76.871876173916121, 12.723095496079887 ], [ 76.871937393537976, 12.723027247464294 ], [ 76.871975781121691, 12.722974877265161 ], [ 76.872032473230902, 12.722897536241938 ], [ 76.872045069451346, 12.722880352675245 ], [ 76.87223157765871, 12.722625909973424 ], [ 76.872232843949945, 12.722624448534109 ], [ 76.872224445974823, 12.722610598507735 ], [ 76.872218149590452, 12.722600214362318 ], [ 76.871740941134064, 12.721813206613719 ], [ 76.871398464400542, 12.721114748130116 ], [ 76.871344329044149, 12.721003758709648 ], [ 76.871165963650384, 12.720638072412934 ], [ 76.871111897686745, 12.72052722432935 ], [ 76.871046489735562, 12.720393123366216 ], [ 76.87066272069751, 12.719606306855461 ], [ 76.870647245380653, 12.719574579698902 ], [ 76.870236344130902, 12.719040141399093 ], [ 76.870152379389793, 12.718881723641097 ], [ 76.870131934835513, 12.718843150475037 ], [ 76.870003066796698, 12.718600011418687 ], [ 76.870091066737515, 12.718515892449766 ], [ 76.869785740927782, 12.717872355852734 ], [ 76.86972196732458, 12.717737938226238 ], [ 76.869413039086751, 12.717002059728935 ], [ 76.869371870419997, 12.716903993673261 ], [ 76.869326807209575, 12.716781632374435 ], [ 76.869313155533362, 12.716736739348226 ], [ 76.869215152524717, 12.716414462850787 ], [ 76.868943324663007, 12.71564122300572 ], [ 76.868391027590164, 12.714066757822566 ], [ 76.868316372435984, 12.713886854809447 ], [ 76.868183936426789, 12.713567711663181 ], [ 76.867934982547084, 12.712967783620465 ], [ 76.867928008081662, 12.712950975876085 ], [ 76.867867974532928, 12.712806306711311 ], [ 76.866977451614986, 12.710633023553042 ], [ 76.86696492022952, 12.710593912496792 ], [ 76.86688656354562, 12.71034934863129 ], [ 76.866835923708848, 12.710191291891942 ], [ 76.866796451085577, 12.710068092325482 ], [ 76.866665170550888, 12.709658342656374 ], [ 76.866657748275543, 12.709635531885574 ], [ 76.866627161567209, 12.709520718050154 ], [ 76.866577403330481, 12.709333938614613 ], [ 76.866553451189134, 12.709231009852976 ], [ 76.866549308977682, 12.709213207750398 ], [ 76.866547196065298, 12.709204128933798 ], [ 76.866533661318087, 12.709197036744943 ], [ 76.866508761733343, 12.709199609936434 ], [ 76.866305379651394, 12.709181854369014 ], [ 76.866125212200103, 12.709173480893663 ], [ 76.866046223925238, 12.709153938611193 ], [ 76.866008585983579, 12.709151566015157 ], [ 76.865970947114661, 12.709149192516351 ], [ 76.865882472542253, 12.709110241555225 ], [ 76.865689000937408, 12.709111602816519 ], [ 76.865534995995645, 12.709117904250496 ], [ 76.865253496620454, 12.709129422850681 ], [ 76.865046594515846, 12.709143283539394 ], [ 76.864571574549984, 12.709175104538206 ], [ 76.8645003272932, 12.709112162916647 ], [ 76.864159073330867, 12.709126793082621 ], [ 76.862832257196246, 12.709183672614142 ], [ 76.860081623019113, 12.708562438407498 ], [ 76.859788244979214, 12.708459323965206 ], [ 76.859700967614756, 12.70842864805682 ], [ 76.859645986267239, 12.708408659738444 ], [ 76.859559166492517, 12.708377097499907 ], [ 76.859463037640026, 12.7083421929553 ], [ 76.858110698235592, 12.70820191036497 ], [ 76.854885481587175, 12.707657902261955 ], [ 76.854672641546031, 12.707621999876746 ], [ 76.854632910967311, 12.707615298105512 ], [ 76.854575727105356, 12.707614367509393 ], [ 76.854504714338461, 12.707613212731001 ], [ 76.852779134113504, 12.707588206092746 ], [ 76.850159658670734, 12.708826144260195 ], [ 76.850140120295961, 12.708843039100948 ], [ 76.850095742423349, 12.708881413098331 ], [ 76.849910210483699, 12.709041843379476 ], [ 76.849642966164055, 12.709314882798864 ], [ 76.849796448444295, 12.71112758078222 ], [ 76.849794185180301, 12.71122878765904 ], [ 76.849789931746912, 12.711418942218952 ], [ 76.849774275827116, 12.712118851142812 ], [ 76.849771440701232, 12.712245598846891 ], [ 76.849768507499604, 12.71237673006631 ], [ 76.849746652696481, 12.713127348251106 ], [ 76.849738839223789, 12.713395724436007 ], [ 76.849732358844776, 12.713618309753532 ], [ 76.849731060856371, 12.713657373824924 ], [ 76.849729696408076, 12.713698194565731 ], [ 76.849727695572298, 12.713757554360676 ], [ 76.849725310184667, 12.713842515141311 ], [ 76.849721955545306, 12.713961968671557 ], [ 76.849721579309431, 12.71397536564176 ], [ 76.849708034428488, 12.714457724356889 ], [ 76.849702072671548, 12.714670037259268 ], [ 76.849676293519835, 12.715588112509266 ], [ 76.849669435985319, 12.71583233620383 ], [ 76.849641844910835, 12.716814949916548 ], [ 76.849640988495565, 12.716845440474206 ], [ 76.849649054197698, 12.717547959431132 ], [ 76.849649271435439, 12.717568803701639 ], [ 76.849648661263814, 12.717573287504083 ], [ 76.849645603498587, 12.717595769834903 ], [ 76.849636575278808, 12.717662145641336 ], [ 76.849638158131782, 12.717745191445967 ], [ 76.849639741916832, 12.71782823814733 ], [ 76.849658362445069, 12.718804781548485 ], [ 76.849661083574205, 12.718947479758533 ], [ 76.849656499094792, 12.718954297959797 ], [ 76.849597179496797, 12.719042509618953 ], [ 76.849597057438956, 12.719042691243446 ], [ 76.849596002150292, 12.719042921863416 ], [ 76.849597050477669, 12.719043001316932 ], [ 76.849597050152681, 12.719043083570718 ], [ 76.849642348250015, 12.723648296755282 ], [ 76.849645812079075, 12.724000439042637 ], [ 76.84959046151117, 12.723997259795535 ], [ 76.84959045909838, 12.724000230808057 ], [ 76.849620850400001, 12.724026715078727 ], [ 76.849837303332436, 12.724215337339208 ], [ 76.85005375657957, 12.724403959376069 ], [ 76.851398636328454, 12.725575909703787 ], [ 76.851794717407628, 12.725903325792288 ], [ 76.853965446960601, 12.728302238974191 ], [ 76.854639646028716, 12.729045799900776 ], [ 76.854374874137378, 12.730695527190052 ], [ 76.854251302555511, 12.731465464359438 ], [ 76.860616925769136, 12.729095606396431 ], [ 76.861341797409438, 12.728825732529678 ] ] ] } },
{ "type": "Feature", "properties": { "OBJECTID": 18887, "KGISVillageID": 24161, "KGISVillageCode": "2205100018", "KGISVillageName": "Machagowdanahalli", "KGISHobliID": 1109, "UniqueVillageCode": "2205100018_1", "Bhucode": "220501001031", "CensusVillageCode": "2957305550614326", "BhoomiVillageCode": "2205100018", "created_user": null, "created_date": null, "last_edited_user": null, "last_edited_date": null, "LGDGPCode": "219357", "LGDGPCode_Secondary": null, "Category": "Cadastral data available and has bhoomi linkage", "SHAPE.STArea()": 4559721.8691149447, "SHAPE.STLength()": 9000.1908159679624, "LGD_VillageCode": 614326.0, "_overlap_percent": 99.931042712522071, "_police_station": "Basaralu PS", "_police_feature_index": "485", "_admin_layer": "Village", "_geometry_clipped": true }, "geometry": { "type": "Polygon", "coordinates": [ [ [ 76.873938232473705, 12.743415606886407 ], [ 76.874052122524162, 12.743374367187188 ], [ 76.87419582336338, 12.743322332991784 ], [ 76.875154312878536, 12.74296454726962 ], [ 76.875238370696863, 12.742827849754413 ], [ 76.87585222269864, 12.742623635554292 ], [ 76.876230539494543, 12.742385544169368 ], [ 76.876514242678226, 12.742201429788249 ], [ 76.876849377084454, 12.742243470985347 ], [ 76.877090055810456, 12.742361687695711 ], [ 76.877270995898684, 12.742355956765932 ], [ 76.877510189310073, 12.742269860562701 ], [ 76.878041450206538, 12.74191078406705 ], [ 76.878369639822225, 12.741624194702371 ], [ 76.878644745990826, 12.741502303318969 ], [ 76.878969825966735, 12.74140673019533 ], [ 76.879345015587305, 12.7413596455544 ], [ 76.879467505263648, 12.741403194949413 ], [ 76.879693265317684, 12.741339405366144 ], [ 76.879850968477868, 12.741249453795318 ], [ 76.879906457901825, 12.741178370664075 ], [ 76.879892644138337, 12.741129107765664 ], [ 76.879861301279533, 12.741017335676938 ], [ 76.879782889440193, 12.741022976976472 ], [ 76.879759279722691, 12.740797892432708 ], [ 76.879734632863105, 12.740518427138687 ], [ 76.87972020450546, 12.740354827535263 ], [ 76.879747826038965, 12.740142242532556 ], [ 76.879758012537408, 12.740063839134544 ], [ 76.879744408554657, 12.739827341092013 ], [ 76.879719088579989, 12.739687832273281 ], [ 76.879669163826208, 12.739490446838339 ], [ 76.879610334682397, 12.739243744739094 ], [ 76.879599810131666, 12.739199611420526 ], [ 76.879423601131393, 12.738460673416578 ], [ 76.879418901851153, 12.738440968570552 ], [ 76.879414793619006, 12.738439116843134 ], [ 76.879229383985091, 12.738362828414527 ], [ 76.879225544959738, 12.738339160408072 ], [ 76.879223529941527, 12.738326735966659 ], [ 76.879221050938256, 12.738325315550565 ], [ 76.879220052887959, 12.738319824533093 ], [ 76.879199582459222, 12.738207220332844 ], [ 76.879190420641876, 12.738156824483573 ], [ 76.87917752767315, 12.738085901633291 ], [ 76.879168770822758, 12.738037730890463 ], [ 76.879168605748021, 12.738036820984233 ], [ 76.879165550217337, 12.738020013942219 ], [ 76.879135607138991, 12.737855303289866 ], [ 76.87913487778674, 12.737851289058234 ], [ 76.879131279079161, 12.737831491424654 ], [ 76.879120285967616, 12.737760734940021 ], [ 76.879104486038713, 12.7376590467625 ], [ 76.879103616576785, 12.737655386026161 ], [ 76.879092678459415, 12.737609332210999 ], [ 76.879083340524673, 12.737570014255715 ], [ 76.879076058899543, 12.737539355021479 ], [ 76.87906615941489, 12.737497676586367 ], [ 76.87905027823453, 12.737430812424666 ], [ 76.879038534451965, 12.737405371151487 ], [ 76.879032036808994, 12.737389887375768 ], [ 76.879030430438206, 12.737386059236476 ], [ 76.879028824994847, 12.737382231994427 ], [ 76.879018316781696, 12.737358404353236 ], [ 76.879015237950057, 12.737345179420771 ], [ 76.879006417022893, 12.737307295810087 ], [ 76.879006408470204, 12.737307259716912 ], [ 76.879012567773344, 12.737306067191914 ], [ 76.878975410368582, 12.737228883015161 ], [ 76.878974908147981, 12.737227827271406 ], [ 76.878934275261884, 12.7371424382274 ], [ 76.878922817025838, 12.737059275190799 ], [ 76.878922676967292, 12.737057261508234 ], [ 76.878917376086818, 12.736980888746428 ], [ 76.878931695294725, 12.736958861536847 ], [ 76.878964253097919, 12.736888909353516 ], [ 76.878958687599919, 12.736861098604033 ], [ 76.878945888441166, 12.736778265049034 ], [ 76.878943296103344, 12.736733092866704 ], [ 76.878976231287453, 12.736631885656685 ], [ 76.878972665714699, 12.736530352813563 ], [ 76.878972577096093, 12.736527822668602 ], [ 76.878965484499474, 12.73632048783146 ], [ 76.878965323785579, 12.736318044967716 ], [ 76.878961824419633, 12.736264985015884 ], [ 76.878943309934527, 12.736212100359664 ], [ 76.87894169798858, 12.736205139520949 ], [ 76.878922324344728, 12.736121495784776 ], [ 76.878921890808741, 12.736119764378468 ], [ 76.878901640320606, 12.736038827561503 ], [ 76.878900691863734, 12.736035190883861 ], [ 76.878875545236568, 12.735938805002387 ], [ 76.878875298419715, 12.735935422747735 ], [ 76.87887409945462, 12.735919029129976 ], [ 76.878799249084395, 12.735817986062937 ], [ 76.878799202536982, 12.735817916797078 ], [ 76.878751007800659, 12.735746382216192 ], [ 76.878750293363765, 12.735745390343395 ], [ 76.878697988968753, 12.735672799400545 ], [ 76.878696166341385, 12.735670234563699 ], [ 76.878650845528441, 12.735606480668974 ], [ 76.878625288774884, 12.735611393722216 ], [ 76.878625289778057, 12.735483905935448 ], [ 76.878625290174796, 12.735430334853245 ], [ 76.878625291241875, 12.735348604377068 ], [ 76.878624956065451, 12.73532460054931 ], [ 76.878623155799986, 12.735195569118897 ], [ 76.87862278290838, 12.735168819667846 ], [ 76.878619389450378, 12.735009367880016 ], [ 76.878627090291303, 12.735008337064299 ], [ 76.878631410745811, 12.735007758666127 ], [ 76.878631396041598, 12.734998637134805 ], [ 76.878631154678445, 12.734850489094157 ], [ 76.878617620314529, 12.734847182170059 ], [ 76.878615630745102, 12.734813325484698 ], [ 76.878607665101967, 12.734793654632156 ], [ 76.87860756287607, 12.734793401376395 ], [ 76.878528182224784, 12.734597372371649 ], [ 76.878526264426569, 12.734592635356506 ], [ 76.878444483640038, 12.734393992239246 ], [ 76.878363250492583, 12.734196677463263 ], [ 76.878314107370642, 12.73407731058162 ], [ 76.87826120021488, 12.733948799947353 ], [ 76.878227333822934, 12.73386653968738 ], [ 76.878179950366089, 12.733770555488547 ], [ 76.878156566640726, 12.733723188921255 ], [ 76.87811495530994, 12.733622574908336 ], [ 76.878069992338681, 12.733448150181829 ], [ 76.878063159615493, 12.733421644493838 ], [ 76.878061211882653, 12.733414089485279 ], [ 76.87805895043293, 12.733405318314675 ], [ 76.878052514832163, 12.733380351774095 ], [ 76.878060604533303, 12.733323593248329 ], [ 76.878060979249781, 12.733320964005911 ], [ 76.878067382298866, 12.733270476597868 ], [ 76.878067915910918, 12.733267293976645 ], [ 76.878070076417245, 12.733191446659578 ], [ 76.877973195090945, 12.733082402262223 ], [ 76.877951153206368, 12.733002922342866 ], [ 76.877927409776973, 12.732917307415985 ], [ 76.877886838013836, 12.732771013581257 ], [ 76.877852067105238, 12.73264563341078 ], [ 76.877817976312798, 12.73252270777801 ], [ 76.877783917709294, 12.732399896695938 ], [ 76.877783092946672, 12.732396923460865 ], [ 76.877783416633164, 12.732393740521184 ], [ 76.877790098545674, 12.732392512697521 ], [ 76.877834936435193, 12.732384276927117 ], [ 76.877824956137857, 12.73198506351325 ], [ 76.877825205954281, 12.731982602368838 ], [ 76.877824833629717, 12.731980178176002 ], [ 76.877765291390844, 12.731592820474555 ], [ 76.877739048115501, 12.731422094228543 ], [ 76.877730283474875, 12.73135550929346 ], [ 76.877703132453092, 12.731149256463707 ], [ 76.877675406112516, 12.730938633978102 ], [ 76.877652199149523, 12.730762344667694 ], [ 76.877649952166308, 12.730745273340107 ], [ 76.877633699668166, 12.730621806246127 ], [ 76.87746334798409, 12.730321482144237 ], [ 76.877284047251564, 12.730005381368706 ], [ 76.877190909720127, 12.72984118324811 ], [ 76.87718673720893, 12.729833826574955 ], [ 76.877136211852758, 12.729784163961444 ], [ 76.87710907887913, 12.729758601137643 ], [ 76.877107897689783, 12.729757487834732 ], [ 76.87704865112282, 12.729701669449366 ], [ 76.876970322040137, 12.729627871373705 ], [ 76.876915049273236, 12.729575795639638 ], [ 76.876731537478491, 12.729402899332486 ], [ 76.876570287577664, 12.729250976188217 ], [ 76.876481710123272, 12.729167521523454 ], [ 76.876474279998789, 12.729160521440889 ], [ 76.876386683535898, 12.729077992556238 ], [ 76.876254170799598, 12.728953143702984 ], [ 76.876290217929181, 12.7289326158349 ], [ 76.876236455804346, 12.72887044767473 ], [ 76.876156344727065, 12.728789389540555 ], [ 76.876067564171791, 12.728699558570396 ], [ 76.875709289414559, 12.728304072809044 ], [ 76.875699007501282, 12.728291885818868 ], [ 76.875683969057079, 12.728273671302208 ], [ 76.875392550244044, 12.72768958673427 ], [ 76.875245971876495, 12.727395803265708 ], [ 76.875170222558424, 12.727255284776806 ], [ 76.875107869927035, 12.727112791390297 ], [ 76.875095638987872, 12.727098479655726 ], [ 76.875089812349003, 12.727091662494685 ], [ 76.874951122916926, 12.726918503199752 ], [ 76.874823648603709, 12.726759345497188 ], [ 76.874822712335259, 12.726758230446842 ], [ 76.874652107017539, 12.726554887730543 ], [ 76.874336977199647, 12.726179288703724 ], [ 76.874207763588046, 12.726025280393552 ], [ 76.874161688550188, 12.725970363079259 ], [ 76.874142732116709, 12.725948551722492 ], [ 76.873973363063357, 12.725753675979579 ], [ 76.873645337487602, 12.725376247306228 ], [ 76.873457609022253, 12.725160245129562 ], [ 76.873434658323248, 12.725085947298201 ], [ 76.873426916555218, 12.725075471286063 ], [ 76.873333644307266, 12.724949251967743 ], [ 76.873223671349024, 12.724800431507417 ], [ 76.873009023696767, 12.724509960240466 ], [ 76.872385868723498, 12.723666674134202 ], [ 76.872335036815812, 12.723597886055504 ], [ 76.872268397581209, 12.722971833164197 ], [ 76.872263040088555, 12.722921496651503 ], [ 76.872238768396429, 12.722693468181561 ], [ 76.872236879736647, 12.722675723550768 ], [ 76.872233458395314, 12.722643578736838 ], [ 76.87223157765871, 12.722625909973424 ], [ 76.872045069451346, 12.722880352675245 ], [ 76.872032473230902, 12.722897536241938 ], [ 76.871975781121691, 12.722974877265161 ], [ 76.871937393537976, 12.723027247464294 ], [ 76.871876173916121, 12.723095496079887 ], [ 76.871755895300353, 12.723229585517503 ], [ 76.871630209576139, 12.723415330308567 ], [ 76.871520604745726, 12.723577350117795 ], [ 76.871515410275705, 12.723585028887609 ], [ 76.87136513116134, 12.72380717374895 ], [ 76.871348828164642, 12.723831273546987 ], [ 76.871309261570971, 12.723889762056659 ], [ 76.871302591282202, 12.723899461417176 ], [ 76.871268621284756, 12.723948860113143 ], [ 76.87126588436638, 12.7239446349573 ], [ 76.871224445259926, 12.724001271135608 ], [ 76.871010457937771, 12.724291681948353 ], [ 76.870995063128376, 12.724312574775922 ], [ 76.870975389093928, 12.724339275253584 ], [ 76.870919518984394, 12.724622818828735 ], [ 76.870910248855779, 12.724669863844275 ], [ 76.870903471374348, 12.724704261723451 ], [ 76.870899063180261, 12.724726642418903 ], [ 76.870897040938829, 12.72473689283138 ], [ 76.870907825182954, 12.724735889305633 ], [ 76.870925233082076, 12.72473427047046 ], [ 76.870926724041084, 12.724736326145736 ], [ 76.870931196931522, 12.724742494979074 ], [ 76.870922979798934, 12.724796032159752 ], [ 76.870921986805016, 12.724802499910743 ], [ 76.870876841153787, 12.725096615116861 ], [ 76.870870082633999, 12.725130711879491 ], [ 76.870857907165515, 12.725192136016434 ], [ 76.870842356838651, 12.72527058183991 ], [ 76.870827157242687, 12.72534726176988 ], [ 76.870795058631728, 12.725509194923406 ], [ 76.870791515981281, 12.725527065608674 ], [ 76.870755325192036, 12.72575538218452 ], [ 76.870741573116661, 12.725842138883035 ], [ 76.870734273345832, 12.72588819020533 ], [ 76.870694344380212, 12.72588987953227 ], [ 76.870671573871263, 12.726029014908962 ], [ 76.870643455047116, 12.726200827981341 ], [ 76.870610878725714, 12.726202628062671 ], [ 76.870618884473089, 12.726241844810961 ], [ 76.870558123813822, 12.726386553221973 ], [ 76.870469769402035, 12.726596977685997 ], [ 76.870400914087924, 12.726760963674487 ], [ 76.870328103279689, 12.726934368618025 ], [ 76.87029987970196, 12.727001586801068 ], [ 76.870256971943888, 12.727103776605841 ], [ 76.870250420308935, 12.727119379985062 ], [ 76.870188386959398, 12.727267117117357 ], [ 76.870183772750067, 12.727278105300165 ], [ 76.870183208479332, 12.727279002291398 ], [ 76.869924590097568, 12.727348072452056 ], [ 76.869857788666437, 12.727385927480306 ], [ 76.869714212148807, 12.727401512217545 ], [ 76.86967678640562, 12.727413012245064 ], [ 76.86961748946517, 12.727431232264504 ], [ 76.869559315102649, 12.727449107209537 ], [ 76.869501139809657, 12.727466982149389 ], [ 76.869434500990067, 12.727487457554394 ], [ 76.86935310588909, 12.727512466891771 ], [ 76.869314585071663, 12.727524302700967 ], [ 76.869138670037998, 12.727578353818226 ], [ 76.869091249313001, 12.727592924204272 ], [ 76.869086508459276, 12.727594296271652 ], [ 76.869065850816582, 12.727600272828697 ], [ 76.869033495388294, 12.727609634624434 ], [ 76.869032522410947, 12.727609916262846 ], [ 76.868975185389459, 12.727626351669052 ], [ 76.868973019804642, 12.727626972534454 ], [ 76.868959082693337, 12.727630967407306 ], [ 76.868951975864547, 12.727633005136962 ], [ 76.868931640800866, 12.727638776040781 ], [ 76.868914828450727, 12.727643547728352 ], [ 76.868896111409086, 12.727648859803342 ], [ 76.868862830553013, 12.727658209129887 ], [ 76.868854694126952, 12.727660466528674 ], [ 76.868840072442737, 12.727664522265766 ], [ 76.868791976998907, 12.72767786360431 ], [ 76.86854222112342, 12.727747144742924 ], [ 76.868478038371208, 12.727764947978846 ], [ 76.868452351855865, 12.72777207352156 ], [ 76.868433505994872, 12.727776645315396 ], [ 76.868414357748406, 12.727781289742039 ], [ 76.868378625511525, 12.727789957629311 ], [ 76.868251948735107, 12.7278206857521 ], [ 76.868230140649459, 12.727825976205606 ], [ 76.868179201415487, 12.727838238417487 ], [ 76.868062822304594, 12.727866254556288 ], [ 76.86802176685039, 12.72787611055538 ], [ 76.867981721483545, 12.727885723517609 ], [ 76.8678956106436, 12.727884134562389 ], [ 76.867875633410648, 12.727882446074098 ], [ 76.867838532095959, 12.727868858018407 ], [ 76.86780057870682, 12.727851062201012 ], [ 76.867772693426573, 12.72784572639338 ], [ 76.867243609006749, 12.727744485791298 ], [ 76.867120496343816, 12.727815008447974 ], [ 76.867074790947171, 12.72784118905771 ], [ 76.86707175468473, 12.727842736170505 ], [ 76.867049086380945, 12.72785428816878 ], [ 76.86702641716083, 12.727865841075706 ], [ 76.866981078700633, 12.727888945076929 ], [ 76.866400283559713, 12.728075069993597 ], [ 76.866220960175127, 12.728130194504072 ], [ 76.865343709927728, 12.728399862653163 ], [ 76.865339691715647, 12.728401097604623 ], [ 76.864580055703371, 12.728630506040686 ], [ 76.8645393337965, 12.728642582667428 ], [ 76.864529735792843, 12.728645428700913 ], [ 76.864510607776069, 12.728651101307237 ], [ 76.864502265956077, 12.728652226593004 ], [ 76.864014611882993, 12.72871800324722 ], [ 76.86370259023451, 12.728809372090181 ], [ 76.863167423394401, 12.728966083252313 ], [ 76.863075813726596, 12.728992908920139 ], [ 76.862903170151668, 12.729002469789345 ], [ 76.862831782304795, 12.728969382924227 ], [ 76.862110821082652, 12.728899877675104 ], [ 76.861532074035978, 12.728843834181136 ], [ 76.861489034694557, 12.728839666273446 ], [ 76.861465653842629, 12.728837401975397 ], [ 76.861406605582715, 12.728831683497368 ], [ 76.861376239046578, 12.728828895252644 ], [ 76.861359018231283, 12.728827314343647 ], [ 76.861341797409438, 12.728825732529678 ], [ 76.860616925769136, 12.729095606396431 ], [ 76.854251302555511, 12.731465464359438 ], [ 76.854291168989263, 12.731588132657746 ], [ 76.854350758041107, 12.73177139765245 ], [ 76.855176637565705, 12.734082257935652 ], [ 76.855579758737903, 12.735094949432412 ], [ 76.855610561273366, 12.735199320803121 ], [ 76.85680810866549, 12.739821361554771 ], [ 76.857066403078917, 12.740580786036151 ], [ 76.857324700247617, 12.741340210908776 ], [ 76.857461940572094, 12.742186484660742 ], [ 76.857493956958166, 12.742278991125184 ], [ 76.85753283111417, 12.742449809360412 ], [ 76.857988119036904, 12.74431277360096 ], [ 76.858229922108393, 12.745782156564177 ], [ 76.858448704618439, 12.747106723748546 ], [ 76.859132314527386, 12.746974378990497 ], [ 76.859143365260238, 12.746973411001109 ], [ 76.861190701862895, 12.746796806294686 ], [ 76.861972967281361, 12.746729323069649 ], [ 76.862395988061124, 12.746694260112477 ], [ 76.863372633014052, 12.74648162496679 ], [ 76.864476418125463, 12.746210033003429 ], [ 76.866291911727558, 12.745704890030195 ], [ 76.868226521691668, 12.74539122504641 ], [ 76.868320757638813, 12.745375946771123 ], [ 76.869199110805496, 12.745094601505077 ], [ 76.869348576290648, 12.745055528205167 ], [ 76.870046185352251, 12.744869569563418 ], [ 76.870227474723194, 12.744821243117181 ], [ 76.870243007175034, 12.744817957149175 ], [ 76.870370691790924, 12.744790878687445 ], [ 76.870371901689055, 12.744790626995322 ], [ 76.870938676305883, 12.744672874955935 ], [ 76.87096463488956, 12.744667481529813 ], [ 76.871134527292213, 12.744632184597595 ], [ 76.871284964730549, 12.744600929845241 ], [ 76.871496838444116, 12.744556910872166 ], [ 76.871699392351459, 12.744514826855143 ], [ 76.87171336501028, 12.744511924230162 ], [ 76.871915052777339, 12.744470020629576 ], [ 76.871931660356466, 12.744466570592547 ], [ 76.871943149484125, 12.744464143785562 ], [ 76.872023744353044, 12.744447117855385 ], [ 76.872068484540435, 12.744437665969819 ], [ 76.872147667265409, 12.744420938327485 ], [ 76.87223570975604, 12.744402339343111 ], [ 76.872357109070663, 12.744344241834858 ], [ 76.872680574808015, 12.744189443328681 ], [ 76.872747305584483, 12.744148384357766 ], [ 76.87283925285395, 12.744091809386463 ], [ 76.872977305673217, 12.744006865954292 ], [ 76.873072152133616, 12.743948506973359 ], [ 76.873206710594388, 12.743865713137943 ], [ 76.873236687114826, 12.743847268377211 ], [ 76.873267289690062, 12.743828438658872 ], [ 76.873308221011072, 12.743803253614606 ], [ 76.87392464049789, 12.743423560345693 ], [ 76.873926333326267, 12.74342292844538 ], [ 76.873938232473705, 12.743415606886407 ] ] ] } },
{ "type": "Feature", "properties": { "OBJECTID": 18899, "KGISVillageID": 24173, "KGISVillageCode": "2205100016", "KGISVillageName": "Shivapura", "KGISHobliID": 1109, "UniqueVillageCode": "2205100016_1", "Bhucode": "220501001043", "CensusVillageCode": "2957305550614328", "BhoomiVillageCode": "2205100016", "created_user": null, "created_date": null, "last_edited_user": null, "last_edited_date": null, "LGDGPCode": "219357", "LGDGPCode_Secondary": null, "Category": "Cadastral data available and has bhoomi linkage", "SHAPE.STArea()": 5814467.73328338, "SHAPE.STLength()": 10929.102996286783, "LGD_VillageCode": 614328.0, "_overlap_percent": 99.462605803840418, "_police_station": "Basaralu PS", "_police_feature_index": "485", "_admin_layer": "Village", "_geometry_clipped": true }, "geometry": { "type": "Polygon", "coordinates": [ [ [ 76.89373550362447, 12.749412961323236 ], [ 76.893883034292728, 12.749650737998362 ], [ 76.894020939812663, 12.749617230850289 ], [ 76.894194047725207, 12.749782217698774 ], [ 76.894434889631214, 12.750013296805914 ], [ 76.894654192965433, 12.750117858664739 ], [ 76.894744969606336, 12.750197328970406 ], [ 76.894756073859583, 12.750207049721272 ], [ 76.89483159413497, 12.750273163926279 ], [ 76.894907114442219, 12.750339277200061 ], [ 76.89492400764577, 12.750354065854697 ], [ 76.895050627437939, 12.750464532984697 ], [ 76.895055387503007, 12.750468686352292 ], [ 76.895103435770409, 12.750510605464692 ], [ 76.895123152588781, 12.750527806998498 ], [ 76.895126359345156, 12.750540012958673 ], [ 76.895131063906859, 12.750557613207006 ], [ 76.895141986651396, 12.750567199597148 ], [ 76.895181359778633, 12.750551512309123 ], [ 76.897417089043458, 12.748807061932432 ], [ 76.897665100376983, 12.748681343208077 ], [ 76.897830515403498, 12.748597490914872 ], [ 76.89819327961392, 12.748440422750384 ], [ 76.898610500688648, 12.748254659443084 ], [ 76.898694727020768, 12.748207337981166 ], [ 76.899012903966224, 12.748039498903481 ], [ 76.899137460410444, 12.747986774663511 ], [ 76.899164523193193, 12.747975317568711 ], [ 76.899594848291414, 12.747773656989059 ], [ 76.900326447869091, 12.74752465164045 ], [ 76.900450472886874, 12.74747667942839 ], [ 76.900564020215882, 12.747432761162106 ], [ 76.900668107132446, 12.74739250089185 ], [ 76.900701822513696, 12.74737946022041 ], [ 76.901240163026685, 12.747171533644449 ], [ 76.902093161970967, 12.746834641374756 ], [ 76.902319619006718, 12.746750502099792 ], [ 76.902723282340887, 12.746577035071706 ], [ 76.9030658154159, 12.746406377070846 ], [ 76.903353768327122, 12.746261941747903 ], [ 76.903515586002456, 12.746180586029633 ], [ 76.903527401089875, 12.74617464141881 ], [ 76.903559509089007, 12.746158480201723 ], [ 76.903998584723212, 12.745937410943013 ], [ 76.904438892894731, 12.745715295478357 ], [ 76.904565895040136, 12.745651228112214 ], [ 76.904620895499164, 12.745623434059183 ], [ 76.904916329532568, 12.745474138393341 ], [ 76.905291321015241, 12.745297565487645 ], [ 76.905410053568332, 12.745238410054066 ], [ 76.90550192664756, 12.745192625987176 ], [ 76.905541852270289, 12.745172729628603 ], [ 76.905866718120805, 12.745010869710201 ], [ 76.90588112397559, 12.745003418997344 ], [ 76.906030574763406, 12.744926123279978 ], [ 76.906620884104953, 12.74388078591244 ], [ 76.90659125395635, 12.743830005314321 ], [ 76.906030279726991, 12.74286860109731 ], [ 76.906006335743882, 12.742827016464073 ], [ 76.905388946423926, 12.741754760921372 ], [ 76.905387989191524, 12.741753083067374 ], [ 76.90531942694868, 12.741632931167814 ], [ 76.905262832530326, 12.741538504772798 ], [ 76.904872317522347, 12.740886946517248 ], [ 76.904847870716054, 12.740846157103263 ], [ 76.904739466394645, 12.74066528759551 ], [ 76.90372627223681, 12.739048394084179 ], [ 76.903603645184347, 12.738852702841546 ], [ 76.903223440226213, 12.738257858388639 ], [ 76.903160158173918, 12.738158852679366 ], [ 76.902664180704363, 12.737568164942125 ], [ 76.902101197235183, 12.736932791932668 ], [ 76.900878945117299, 12.735611887292457 ], [ 76.900427960141883, 12.735165860792002 ], [ 76.895861082723727, 12.730232234998637 ], [ 76.895872874792659, 12.730223721823277 ], [ 76.895843367107787, 12.730192438320637 ], [ 76.89587103481108, 12.730171901990706 ], [ 76.895900464252236, 12.730150058743922 ], [ 76.896072369183329, 12.730022463659243 ], [ 76.896050955389796, 12.729996978657097 ], [ 76.896017539043768, 12.729957208561608 ], [ 76.895948734259591, 12.729875319836477 ], [ 76.895479217438293, 12.729457864183802 ], [ 76.894534917391383, 12.728665128992199 ], [ 76.894394296693292, 12.728547078394174 ], [ 76.893666871413885, 12.7279370338837 ], [ 76.892529911348049, 12.72698539552502 ], [ 76.892480713899872, 12.726953535973069 ], [ 76.891746201964153, 12.726477803142792 ], [ 76.890999867597898, 12.725994412067948 ], [ 76.890510622234245, 12.725732726002667 ], [ 76.889949536567144, 12.725432609718167 ], [ 76.889556072833756, 12.725350164730095 ], [ 76.889394888210873, 12.725316390080216 ], [ 76.888804318648354, 12.725192641471828 ], [ 76.888750491198707, 12.725181362120466 ], [ 76.885328710675367, 12.724692218275532 ], [ 76.882703759156357, 12.723918838320101 ], [ 76.882560536342154, 12.723877265164745 ], [ 76.882302070903265, 12.723781393360685 ], [ 76.881266715852362, 12.723433300497371 ], [ 76.880638078741427, 12.72323532218873 ], [ 76.879930278736964, 12.722906502588671 ], [ 76.879222479416413, 12.722577679935894 ], [ 76.878831329474977, 12.722404001357662 ], [ 76.878805618090425, 12.722399486402127 ], [ 76.878127140043659, 12.72228033349483 ], [ 76.877852913656824, 12.722229955423199 ], [ 76.8774636843564, 12.722088298859084 ], [ 76.877391970192434, 12.722062198646009 ], [ 76.877400633210627, 12.722132345575275 ], [ 76.877426938447542, 12.722345336585882 ], [ 76.876502916515719, 12.722448094527735 ], [ 76.875963081302146, 12.722483915921563 ], [ 76.875562516042834, 12.722510494493189 ], [ 76.875504594739127, 12.7225143373834 ], [ 76.874543528177981, 12.722578106623283 ], [ 76.874475173481429, 12.722583580453788 ], [ 76.874297243002047, 12.722589437276595 ], [ 76.874282050567174, 12.722589937035274 ], [ 76.874029865248687, 12.722608507456297 ], [ 76.873775834517815, 12.722627543523986 ], [ 76.872626068688419, 12.722674176661357 ], [ 76.872496719613352, 12.722679422232698 ], [ 76.872345984774768, 12.722688967571983 ], [ 76.872342985614097, 12.722689157789638 ], [ 76.872312062673004, 12.722691116258536 ], [ 76.87227505029125, 12.722693459417096 ], [ 76.872262158065084, 12.722695259716565 ], [ 76.872238768396429, 12.722693468181561 ], [ 76.872263040088555, 12.722921496651503 ], [ 76.872268397581209, 12.722971833164197 ], [ 76.872335036815812, 12.723597886055504 ], [ 76.872385868723498, 12.723666674134202 ], [ 76.873009023696767, 12.724509960240466 ], [ 76.873223671349024, 12.724800431507417 ], [ 76.873333644307266, 12.724949251967743 ], [ 76.873426916555218, 12.725075471286063 ], [ 76.873434658323248, 12.725085947298201 ], [ 76.873457609022253, 12.725160245129562 ], [ 76.873645337487602, 12.725376247306228 ], [ 76.873973363063357, 12.725753675979579 ], [ 76.874142732116709, 12.725948551722492 ], [ 76.874161688550188, 12.725970363079259 ], [ 76.874207763588046, 12.726025280393552 ], [ 76.874336977199647, 12.726179288703724 ], [ 76.874652107017539, 12.726554887730543 ], [ 76.874822712335259, 12.726758230446842 ], [ 76.874823648603709, 12.726759345497188 ], [ 76.874951122916926, 12.726918503199752 ], [ 76.875089812349003, 12.727091662494685 ], [ 76.875095638987872, 12.727098479655726 ], [ 76.875107869927035, 12.727112791390297 ], [ 76.875170222558424, 12.727255284776806 ], [ 76.875245971876495, 12.727395803265708 ], [ 76.875392550244044, 12.72768958673427 ], [ 76.875683969057079, 12.728273671302208 ], [ 76.875699007501282, 12.728291885818868 ], [ 76.875709289414559, 12.728304072809044 ], [ 76.876067564171791, 12.728699558570396 ], [ 76.876156344727065, 12.728789389540555 ], [ 76.876236455804346, 12.72887044767473 ], [ 76.876290217929181, 12.7289326158349 ], [ 76.876254170799598, 12.728953143702984 ], [ 76.876386683535898, 12.729077992556238 ], [ 76.876474279998789, 12.729160521440889 ], [ 76.876481710123272, 12.729167521523454 ], [ 76.876570287577664, 12.729250976188217 ], [ 76.876731537478491, 12.729402899332486 ], [ 76.876915049273236, 12.729575795639638 ], [ 76.876970322040137, 12.729627871373705 ], [ 76.87704865112282, 12.729701669449366 ], [ 76.877107897689783, 12.729757487834732 ], [ 76.87710907887913, 12.729758601137643 ], [ 76.877136211852758, 12.729784163961444 ], [ 76.87718673720893, 12.729833826574955 ], [ 76.877190909720127, 12.72984118324811 ], [ 76.877284047251564, 12.730005381368706 ], [ 76.87746334798409, 12.730321482144237 ], [ 76.877633699668166, 12.730621806246127 ], [ 76.877649952166308, 12.730745273340107 ], [ 76.877652199149523, 12.730762344667694 ], [ 76.877675406112516, 12.730938633978102 ], [ 76.877703132453092, 12.731149256463707 ], [ 76.877730283474875, 12.73135550929346 ], [ 76.877739048115501, 12.731422094228543 ], [ 76.877765291390844, 12.731592820474555 ], [ 76.877824833629717, 12.731980178176002 ], [ 76.877825205954281, 12.731982602368838 ], [ 76.877824956137857, 12.73198506351325 ], [ 76.877834936435193, 12.732384276927117 ], [ 76.877790098545674, 12.732392512697521 ], [ 76.877783416633164, 12.732393740521184 ], [ 76.877783092946672, 12.732396923460865 ], [ 76.877783917709294, 12.732399896695938 ], [ 76.877817976312798, 12.73252270777801 ], [ 76.877852067105238, 12.73264563341078 ], [ 76.877886838013836, 12.732771013581257 ], [ 76.877927409776973, 12.732917307415985 ], [ 76.877951153206368, 12.733002922342866 ], [ 76.877973195090945, 12.733082402262223 ], [ 76.878070076417245, 12.733191446659578 ], [ 76.878067915910918, 12.733267293976645 ], [ 76.878067382298866, 12.733270476597868 ], [ 76.878060979249781, 12.733320964005911 ], [ 76.878060604533303, 12.733323593248329 ], [ 76.878052514832163, 12.733380351774095 ], [ 76.87805895043293, 12.733405318314675 ], [ 76.878061211882653, 12.733414089485279 ], [ 76.878063159615493, 12.733421644493838 ], [ 76.878069992338681, 12.733448150181829 ], [ 76.87811495530994, 12.733622574908336 ], [ 76.878156566640726, 12.733723188921255 ], [ 76.878179950366089, 12.733770555488547 ], [ 76.878227333822934, 12.73386653968738 ], [ 76.87826120021488, 12.733948799947353 ], [ 76.878314107370642, 12.73407731058162 ], [ 76.878363250492583, 12.734196677463263 ], [ 76.878444483640038, 12.734393992239246 ], [ 76.878526264426569, 12.734592635356506 ], [ 76.878528182224784, 12.734597372371649 ], [ 76.87860756287607, 12.734793401376395 ], [ 76.878607665101967, 12.734793654632156 ], [ 76.878615630745102, 12.734813325484698 ], [ 76.878617620314529, 12.734847182170059 ], [ 76.878631154678445, 12.734850489094157 ], [ 76.878631396041598, 12.734998637134805 ], [ 76.878631410745811, 12.735007758666127 ], [ 76.878627090291303, 12.735008337064299 ], [ 76.878619389450378, 12.735009367880016 ], [ 76.87862278290838, 12.735168819667846 ], [ 76.878623155799986, 12.735195569118897 ], [ 76.878624956065451, 12.73532460054931 ], [ 76.878625291241875, 12.735348604377068 ], [ 76.878625290174796, 12.735430334853245 ], [ 76.878625289778057, 12.735483905935448 ], [ 76.878625288774884, 12.735611393722216 ], [ 76.878650845528441, 12.735606480668974 ], [ 76.878696166341385, 12.735670234563699 ], [ 76.878697988968753, 12.735672799400545 ], [ 76.878750293363765, 12.735745390343395 ], [ 76.878751007800659, 12.735746382216192 ], [ 76.878799202536982, 12.735817916797078 ], [ 76.878799249084395, 12.735817986062937 ], [ 76.87887409945462, 12.735919029129976 ], [ 76.878875298419715, 12.735935422747735 ], [ 76.878875545236568, 12.735938805002387 ], [ 76.878900691863734, 12.736035190883861 ], [ 76.878901640320606, 12.736038827561503 ], [ 76.878921890808741, 12.736119764378468 ], [ 76.878922324344728, 12.736121495784776 ], [ 76.87894169798858, 12.736205139520949 ], [ 76.878943309934527, 12.736212100359664 ], [ 76.878961824419633, 12.736264985015884 ], [ 76.878965323785579, 12.736318044967716 ], [ 76.878965484499474, 12.73632048783146 ], [ 76.878972577096093, 12.736527822668602 ], [ 76.878972665714699, 12.736530352813563 ], [ 76.878976231287453, 12.736631885656685 ], [ 76.878943296103344, 12.736733092866704 ], [ 76.878945888441166, 12.736778265049034 ], [ 76.878958687599919, 12.736861098604033 ], [ 76.878964253097919, 12.736888909353516 ], [ 76.878931695294725, 12.736958861536847 ], [ 76.878917376086818, 12.736980888746428 ], [ 76.878922676967292, 12.737057261508234 ], [ 76.878922817025838, 12.737059275190799 ], [ 76.878934275261884, 12.7371424382274 ], [ 76.878974908147981, 12.737227827271406 ], [ 76.878975410368582, 12.737228883015161 ], [ 76.879012567773344, 12.737306067191914 ], [ 76.879006408470204, 12.737307259716912 ], [ 76.879006417022893, 12.737307295810087 ], [ 76.879015237950057, 12.737345179420771 ], [ 76.879018316781696, 12.737358404353236 ], [ 76.879028824994847, 12.737382231994427 ], [ 76.879030430438206, 12.737386059236476 ], [ 76.879032036808994, 12.737389887375768 ], [ 76.879038534451965, 12.737405371151487 ], [ 76.87905027823453, 12.737430812424666 ], [ 76.87906615941489, 12.737497676586367 ], [ 76.879076058899543, 12.737539355021479 ], [ 76.879083340524673, 12.737570014255715 ], [ 76.879092678459415, 12.737609332210999 ], [ 76.879103616576785, 12.737655386026161 ], [ 76.879104486038713, 12.7376590467625 ], [ 76.879120285967616, 12.737760734940021 ], [ 76.879131279079161, 12.737831491424654 ], [ 76.87913487778674, 12.737851289058234 ], [ 76.879135607138991, 12.737855303289866 ], [ 76.879165550217337, 12.738020013942219 ], [ 76.879168605748021, 12.738036820984233 ], [ 76.879168770822758, 12.738037730890463 ], [ 76.87917752767315, 12.738085901633291 ], [ 76.879190420641876, 12.738156824483573 ], [ 76.879199582459222, 12.738207220332844 ], [ 76.879220052887959, 12.738319824533093 ], [ 76.879221050938256, 12.738325315550565 ], [ 76.879223529941527, 12.738326735966659 ], [ 76.879225544959738, 12.738339160408072 ], [ 76.879229383985091, 12.738362828414527 ], [ 76.879414793619006, 12.738439116843134 ], [ 76.879418901851153, 12.738440968570552 ], [ 76.879423601131393, 12.738460673416578 ], [ 76.879599810131666, 12.739199611420526 ], [ 76.879610334682397, 12.739243744739094 ], [ 76.879669163826208, 12.739490446838339 ], [ 76.879719088579989, 12.739687832273281 ], [ 76.879744408554657, 12.739827341092013 ], [ 76.879758012537408, 12.740063839134544 ], [ 76.87979105440354, 12.740069096380486 ], [ 76.87979640742445, 12.740035646500106 ], [ 76.879920779284873, 12.740054327494541 ], [ 76.880750252245207, 12.740149506927517 ], [ 76.88150068921469, 12.740456616577161 ], [ 76.882141994035891, 12.740537262483464 ], [ 76.882205520551693, 12.740743748829576 ], [ 76.882410304556984, 12.741046619501498 ], [ 76.882879592918727, 12.741634414057144 ], [ 76.883072139603001, 12.741798039672419 ], [ 76.883746341181322, 12.74205786028967 ], [ 76.883825844298357, 12.742088489458027 ], [ 76.884062832646777, 12.742403611181217 ], [ 76.884268753857711, 12.742625161907551 ], [ 76.884341271725802, 12.742703169585212 ], [ 76.884413012858474, 12.74278035213643 ], [ 76.884538510791046, 12.743296725803626 ], [ 76.884676867964885, 12.743866026330217 ], [ 76.88468969861097, 12.743956512806484 ], [ 76.884704090301682, 12.744058000601536 ], [ 76.884586802410979, 12.744137534992966 ], [ 76.884584554131777, 12.744139059591808 ], [ 76.884586966338617, 12.744152979628829 ], [ 76.88459517286239, 12.744155554055478 ], [ 76.884609577762575, 12.744147386409688 ], [ 76.884854557406328, 12.744230623838583 ], [ 76.885053060512547, 12.744298069483529 ], [ 76.885096292521069, 12.744312758856434 ], [ 76.885204720564914, 12.744349600437399 ], [ 76.8852682347311, 12.744371180740247 ], [ 76.885299314182021, 12.744383222569004 ], [ 76.885576305728421, 12.744403986939046 ], [ 76.885756793049751, 12.744417516888266 ], [ 76.885998475923628, 12.744413285468132 ], [ 76.886000006551001, 12.744413326976671 ], [ 76.886165409763734, 12.744417769396911 ], [ 76.886247913357977, 12.744419984749268 ], [ 76.886414623446598, 12.744425713804278 ], [ 76.886465776954324, 12.744427472088585 ], [ 76.886519636558702, 12.744428726600917 ], [ 76.886620333677698, 12.744431071470375 ], [ 76.886662247843589, 12.744432287333852 ], [ 76.886796370229675, 12.744436178795972 ], [ 76.886943132888973, 12.744440436451697 ], [ 76.886999560578218, 12.744442072946786 ], [ 76.88700315114535, 12.744410427263729 ], [ 76.887059329198919, 12.744412423449976 ], [ 76.887089331216188, 12.744413371736012 ], [ 76.88718926732524, 12.744416529854396 ], [ 76.887240291695718, 12.744418383813183 ], [ 76.887400615955244, 12.744424206615598 ], [ 76.887465140594813, 12.74442655078678 ], [ 76.887492631116089, 12.744427548583715 ], [ 76.887530298935658, 12.74442942097572 ], [ 76.887616106654804, 12.744433685735295 ], [ 76.887699290127728, 12.744437819158197 ], [ 76.88770919605885, 12.744324610774644 ], [ 76.887723617348641, 12.744104108365624 ], [ 76.887741170959103, 12.743835726903656 ], [ 76.887762209867546, 12.743514039905099 ], [ 76.887766695199289, 12.743445454991377 ], [ 76.88777784375084, 12.743275005473667 ], [ 76.887782239000671, 12.743207808602156 ], [ 76.887781719848249, 12.74317065892224 ], [ 76.887839688514021, 12.743245754085766 ], [ 76.888034721154099, 12.743574879449008 ], [ 76.888120192658064, 12.743719119250507 ], [ 76.888215588707666, 12.74387820428394 ], [ 76.888363701977084, 12.744125199382683 ], [ 76.888693990725855, 12.744675991105114 ], [ 76.888924246647122, 12.74506493423841 ], [ 76.889334909904306, 12.74573922117931 ], [ 76.889404450406971, 12.745780700623447 ], [ 76.889449449863235, 12.745807541344725 ], [ 76.889445551947261, 12.7457655568485 ], [ 76.889430881650441, 12.745607520869088 ], [ 76.889737523883511, 12.745806682510343 ], [ 76.89128102845892, 12.746809147992197 ], [ 76.89169040654734, 12.74715059059392 ], [ 76.891912520175012, 12.747399352020324 ], [ 76.892277657876591, 12.747654677482577 ], [ 76.892437603662884, 12.747858362164102 ], [ 76.892585171631367, 12.747955935821194 ], [ 76.89281870882013, 12.748181850364851 ], [ 76.892982103466537, 12.748328619480649 ], [ 76.893200585168344, 12.74860775103974 ], [ 76.893462351375035, 12.748992787175764 ], [ 76.893606755297384, 12.749185204652418 ], [ 76.893706294597109, 12.74936312692884 ], [ 76.89373550362447, 12.749412961323236 ] ] ] } },
{ "type": "Feature", "properties": { "OBJECTID": 19250, "KGISVillageID": 24536, "KGISVillageCode": "2202020059", "KGISVillageName": "Somanahalli", "KGISHobliID": 225, "UniqueVillageCode": "2202020059_1", "Bhucode": "220201003056", "CensusVillageCode": "2957305547613957", "BhoomiVillageCode": "2202020059", "created_user": null, "created_date": null, "last_edited_user": null, "last_edited_date": null, "LGDGPCode": "219367", "LGDGPCode_Secondary": null, "Category": "Cadastral data available and has bhoomi linkage", "SHAPE.STArea()": 2002320.604044605, "SHAPE.STLength()": 7242.8381080132949, "LGD_VillageCode": 613957.0, "_overlap_percent": 1.3326342399429025, "_police_station": "Basaralu PS", "_police_feature_index": "485", "_admin_layer": "Village", "_geometry_clipped": true }, "geometry": { "type": "MultiPolygon", "coordinates": [ [ [ [ 76.869947585829749, 12.752341243972547 ], [ 76.871423534744878, 12.752425643565791 ], [ 76.871501974216088, 12.752406927160637 ], [ 76.871580414593396, 12.752388210727265 ], [ 76.871727891030019, 12.752353021760753 ], [ 76.871830557635889, 12.752328524420518 ], [ 76.871982312830397, 12.752292314402375 ], [ 76.872115250245557, 12.75226059413256 ], [ 76.872259082810885, 12.752226273987128 ], [ 76.872389493275904, 12.752195156276779 ], [ 76.872534993162589, 12.75216043823665 ], [ 76.872663737047375, 12.752129718149083 ], [ 76.872820451894825, 12.752092323751352 ], [ 76.87300000491102, 12.7520494799275 ], [ 76.873195822343959, 12.7520194521148 ], [ 76.873227669259549, 12.752014567998742 ], [ 76.873363650298742, 12.751993716054995 ], [ 76.873458873703996, 12.751979113790613 ], [ 76.873495944879451, 12.751973428865464 ], [ 76.873600992281666, 12.751957319805429 ], [ 76.873641940263667, 12.751951040669393 ], [ 76.873728647510944, 12.751937744177269 ], [ 76.873731106043834, 12.751937367018712 ], [ 76.873767674093799, 12.751931759738873 ], [ 76.873916212557546, 12.751908980985293 ], [ 76.874011970251502, 12.751894296107245 ], [ 76.87406363254847, 12.75188637367763 ], [ 76.874092229886628, 12.751881987923817 ], [ 76.874128485189459, 12.751876428005733 ], [ 76.874138466481966, 12.751874897525266 ], [ 76.874219101368396, 12.751862532413483 ], [ 76.874342725129026, 12.751843574393275 ], [ 76.874476514101133, 12.751823057405216 ], [ 76.874810300100776, 12.75184102784779 ], [ 76.874962351697576, 12.751849212970965 ], [ 76.875374127401486, 12.75187138104793 ], [ 76.875718020411824, 12.751889894143471 ], [ 76.87571864721528, 12.751889920478616 ], [ 76.8746084312221, 12.751688712936129 ], [ 76.87460216321567, 12.75168757243863 ], [ 76.871381021166201, 12.752110591099076 ], [ 76.869119127802037, 12.752293865354106 ], [ 76.869947585829749, 12.752341243972547 ] ] ], [ [ [ 76.863372633014052, 12.74648162496679 ], [ 76.862395988061124, 12.746694260112477 ], [ 76.861972967281361, 12.746729323069649 ], [ 76.861190701862895, 12.746796806294686 ], [ 76.859143365260238, 12.746973411001109 ], [ 76.859132314527386, 12.746974378990497 ], [ 76.858448704618439, 12.747106723748546 ], [ 76.858454760672984, 12.747172749508895 ], [ 76.859412936594907, 12.749576168455517 ], [ 76.859418779940029, 12.749668631626133 ], [ 76.859419208124066, 12.749675445498712 ], [ 76.859435049583539, 12.749951368975447 ], [ 76.859799032670338, 12.749840573965363 ], [ 76.859786022270626, 12.749739871069755 ], [ 76.858576777085688, 12.747178084286638 ], [ 76.858561111804903, 12.74711246501584 ], [ 76.859246538306351, 12.746994625847385 ], [ 76.859257562972985, 12.746993871346552 ], [ 76.862031438084244, 12.746804004567741 ], [ 76.862442897276011, 12.746775836186867 ], [ 76.86338995108197, 12.746512331613589 ], [ 76.864476418125463, 12.746210033003429 ], [ 76.863372633014052, 12.74648162496679 ] ] ], [ [ [ 76.871915052777339, 12.744470020629576 ], [ 76.87171336501028, 12.744511924230162 ], [ 76.871699392351459, 12.744514826855143 ], [ 76.871496838444116, 12.744556910872166 ], [ 76.871284964730549, 12.744600929845241 ], [ 76.871134527292213, 12.744632184597595 ], [ 76.87096463488956, 12.744667481529813 ], [ 76.870938676305883, 12.744672874955935 ], [ 76.870371901689055, 12.744790626995322 ], [ 76.870370691790924, 12.744790878687445 ], [ 76.870243007175034, 12.744817957149175 ], [ 76.870227474723194, 12.744821243117181 ], [ 76.870046185352251, 12.744869569563418 ], [ 76.869348576290648, 12.745055528205167 ], [ 76.870233238816709, 12.744824256472203 ], [ 76.870248809144627, 12.744820987409195 ], [ 76.870376755322908, 12.744794042672558 ], [ 76.871931660356466, 12.744466570592547 ], [ 76.871915052777339, 12.744470020629576 ] ] ], [ [ [ 76.873267289690062, 12.743828438658872 ], [ 76.873236687114826, 12.743847268377211 ], [ 76.873206710594388, 12.743865713137943 ], [ 76.873072152133616, 12.743948506973359 ], [ 76.872977305673217, 12.744006865954292 ], [ 76.87283925285395, 12.744091809386463 ], [ 76.872747305584483, 12.744148384357766 ], [ 76.872680574808015, 12.744189443328681 ], [ 76.872357109070663, 12.744344241834858 ], [ 76.87223570975604, 12.744402339343111 ], [ 76.872147667265409, 12.744420938327485 ], [ 76.872068484540435, 12.744437665969819 ], [ 76.872023744353044, 12.744447117855385 ], [ 76.871943149484125, 12.744464143785562 ], [ 76.871931660356466, 12.744466570592547 ], [ 76.872235730611806, 12.744402546177271 ], [ 76.872680615453334, 12.744189837119668 ], [ 76.873308221011072, 12.743803253614606 ], [ 76.873267289690062, 12.743828438658872 ] ] ], [ [ [ 76.874052122524162, 12.743374367187188 ], [ 76.873938232473705, 12.743415606886407 ], [ 76.873926333326267, 12.74342292844538 ], [ 76.87419582336338, 12.743322332991784 ], [ 76.874052122524162, 12.743374367187188 ] ] ], [ [ [ 76.879758012537408, 12.740063839134544 ], [ 76.879747826038965, 12.740142242532556 ], [ 76.87972020450546, 12.740354827535263 ], [ 76.879734632863105, 12.740518427138687 ], [ 76.879759279722691, 12.740797892432708 ], [ 76.879782889440193, 12.741022976976472 ], [ 76.879861301279533, 12.741017335676938 ], [ 76.879892644138337, 12.741129107765664 ], [ 76.879906457901825, 12.741178370664075 ], [ 76.879913724047213, 12.741169062577427 ], [ 76.879871754534719, 12.741000584514117 ], [ 76.879789925432249, 12.740947867891169 ], [ 76.879775105955204, 12.740779189653031 ], [ 76.87974917746628, 12.740330776386312 ], [ 76.87979105440354, 12.740069096380486 ], [ 76.879758012537408, 12.740063839134544 ] ] ], [ [ [ 76.884450686674356, 12.744237635802413 ], [ 76.884472472572796, 12.744225122312161 ], [ 76.884557186457343, 12.74417709127953 ], [ 76.88459517286239, 12.744155554055478 ], [ 76.884586966338617, 12.744152979628829 ], [ 76.884584554131777, 12.744139059591808 ], [ 76.884375515209626, 12.744280812670715 ], [ 76.884450686674356, 12.744237635802413 ] ] ], [ [ [ 76.88363359296568, 12.745503324145437 ], [ 76.883961221721293, 12.745317791028691 ], [ 76.884165200411928, 12.745202279919488 ], [ 76.884301452302296, 12.74512512050487 ], [ 76.884362685166352, 12.745090444785669 ], [ 76.88435995082429, 12.745078164746591 ], [ 76.884358520313413, 12.745071739563349 ], [ 76.884358617803329, 12.745071724407241 ], [ 76.884358126989014, 12.745069975349018 ], [ 76.884356665928962, 12.745064773285494 ], [ 76.884353845933902, 12.745054731776413 ], [ 76.884354859332063, 12.745055303920708 ], [ 76.884345397270863, 12.745012813800262 ], [ 76.884335934293091, 12.744970323685461 ], [ 76.884329335499004, 12.744958545697127 ], [ 76.88430794032125, 12.74492035704467 ], [ 76.883658527171889, 12.745463658464088 ], [ 76.883583564336647, 12.745531654950572 ], [ 76.88363359296568, 12.745503324145437 ] ] ], [ [ [ 76.876733950725864, 12.749393086307277 ], [ 76.876879822041488, 12.74935400154769 ], [ 76.876905001674473, 12.749345454073159 ], [ 76.877106265340444, 12.749268921816503 ], [ 76.877172842667406, 12.749243605069175 ], [ 76.877192504083439, 12.74923619763487 ], [ 76.877212166418914, 12.749228790192721 ], [ 76.877272523910079, 12.749210114769346 ], [ 76.877357145100419, 12.749183932325195 ], [ 76.877449207719678, 12.749155448242734 ], [ 76.877604047595753, 12.74910754024201 ], [ 76.877677827170288, 12.74908471204566 ], [ 76.877760868106662, 12.749059018840669 ], [ 76.87782788053218, 12.749038284072931 ], [ 76.87789318509472, 12.749018078420406 ], [ 76.877971472650245, 12.748993856032843 ], [ 76.878097276932905, 12.748954931260412 ], [ 76.878182444541437, 12.748928579288298 ], [ 76.878251421053051, 12.748907236642369 ], [ 76.878310512403729, 12.748888953227036 ], [ 76.878371728682183, 12.748870012068249 ], [ 76.878415552237129, 12.748856453044354 ], [ 76.878482708770932, 12.748835673715767 ], [ 76.878561868949959, 12.748811181044632 ], [ 76.878628300164024, 12.748774332814444 ], [ 76.878646492516708, 12.748764241690131 ], [ 76.878615401560921, 12.748773309111836 ], [ 76.878555789809639, 12.748790689727558 ], [ 76.87847137285442, 12.748815308319926 ], [ 76.877297498548643, 12.749157633572336 ], [ 76.876911387705945, 12.749322128324119 ], [ 76.876892519238467, 12.749326933354808 ], [ 76.876524591668641, 12.749449181004321 ], [ 76.876733950725864, 12.749393086307277 ] ] ], [ [ [ 76.876448416462154, 12.749483955801502 ], [ 76.876519703044679, 12.749451412956198 ], [ 76.876524591668641, 12.749449181004321 ], [ 76.875936247575453, 12.749712450603381 ], [ 76.875937268064064, 12.749717295831514 ], [ 76.876448416462154, 12.749483955801502 ] ] ], [ [ [ 76.876272310031268, 12.751914502231635 ], [ 76.876289925909575, 12.751743507398739 ], [ 76.87631221148726, 12.751268181732488 ], [ 76.876126855398908, 12.750581460750121 ], [ 76.876036066333896, 12.750245096089238 ], [ 76.876034837390705, 12.750239885146868 ], [ 76.876217284365666, 12.751269927433045 ], [ 76.876222479595256, 12.751755457749526 ], [ 76.876214812503065, 12.751911938897546 ], [ 76.876272310031268, 12.751914502231635 ] ] ] ] } },
{ "type": "Feature", "properties": { "OBJECTID": 18890, "KGISVillageID": 24164, "KGISVillageCode": "2205100013", "KGISVillageName": "Marasinganahalli", "KGISHobliID": 1109, "UniqueVillageCode": "2205100013_1", "Bhucode": "220501001034", "CensusVillageCode": "2957305550614323", "BhoomiVillageCode": "2205100013", "created_user": null, "created_date": null, "last_edited_user": null, "last_edited_date": null, "LGDGPCode": "219344", "LGDGPCode_Secondary": null, "Category": "Cadastral data available and has bhoomi linkage", "SHAPE.STArea()": 1581773.3119465499, "SHAPE.STLength()": 5596.3361642467726, "LGD_VillageCode": 614323.0, "_overlap_percent": 99.954665036050983, "_police_station": "Basaralu PS", "_police_feature_index": "485", "_admin_layer": "Village", "_geometry_clipped": true }, "geometry": { "type": "Polygon", "coordinates": [ [ [ 76.846918715829105, 12.75180098964854 ], [ 76.847006702973445, 12.751624925367814 ], [ 76.847074422386584, 12.751606488357606 ], [ 76.847076226598247, 12.751602612248332 ], [ 76.847165352679681, 12.751577909718698 ], [ 76.847373132629798, 12.751520309060284 ], [ 76.847816300161639, 12.75130713077575 ], [ 76.847928892814295, 12.751272185253885 ], [ 76.847952610458506, 12.75126099302809 ], [ 76.848361006126936, 12.751134303711817 ], [ 76.848607246583725, 12.75095073934494 ], [ 76.848672512174588, 12.750985248530261 ], [ 76.848787429813413, 12.750902236330536 ], [ 76.848876038590845, 12.750953363606637 ], [ 76.848924924817368, 12.75098157287583 ], [ 76.849328051234536, 12.751063844465174 ], [ 76.849947039513609, 12.751204638418825 ], [ 76.850296200516681, 12.751261425770041 ], [ 76.850878307681654, 12.751312148326138 ], [ 76.851214794831165, 12.751341468026688 ], [ 76.851557137358824, 12.751381036721359 ], [ 76.851938336669818, 12.751410263757313 ], [ 76.852520160225581, 12.751411457617845 ], [ 76.852799006972546, 12.751414391495887 ], [ 76.854096857062373, 12.751428044961592 ], [ 76.858868885067338, 12.749832157385253 ], [ 76.859418779940029, 12.749668631626133 ], [ 76.859412936594907, 12.749576168455517 ], [ 76.858454760672984, 12.747172749508895 ], [ 76.858448704618439, 12.747106723748546 ], [ 76.858229922108393, 12.745782156564177 ], [ 76.857988119036904, 12.74431277360096 ], [ 76.85753283111417, 12.742449809360412 ], [ 76.857493956958166, 12.742278991125184 ], [ 76.857461940572094, 12.742186484660742 ], [ 76.857294265156028, 12.74220337913288 ], [ 76.856920126516641, 12.74220076600853 ], [ 76.856527126125869, 12.742178740603329 ], [ 76.850016958890606, 12.741706733985776 ], [ 76.84984112489839, 12.741693983540634 ], [ 76.848325721900309, 12.74158408722494 ], [ 76.848249171646287, 12.741622250723353 ], [ 76.848137035784887, 12.741674983595896 ], [ 76.8481301323379, 12.741675186383867 ], [ 76.84646381618262, 12.741724216634138 ], [ 76.846463352411646, 12.741725148138165 ], [ 76.846386583626071, 12.741842394330128 ], [ 76.846260611015154, 12.742221397308342 ], [ 76.846243831745156, 12.742266164333444 ], [ 76.846191215715862, 12.742406543514017 ], [ 76.846138599631544, 12.742546921786831 ], [ 76.846108894605493, 12.742626173709207 ], [ 76.846081133466853, 12.742707986265753 ], [ 76.846058907558685, 12.742777269711301 ], [ 76.846000216465171, 12.742938560562937 ], [ 76.845913941084433, 12.743153212736086 ], [ 76.845881836111758, 12.743241709836322 ], [ 76.845876647921045, 12.743256009901925 ], [ 76.845842504724487, 12.743347616050251 ], [ 76.845824578211747, 12.743395713670441 ], [ 76.845794475156978, 12.743476479614909 ], [ 76.845711908817123, 12.743687501272547 ], [ 76.845693381125272, 12.743734854685474 ], [ 76.845686517536564, 12.743752395942673 ], [ 76.845662365712442, 12.743814123865816 ], [ 76.845686172106966, 12.743821548390818 ], [ 76.84570997849606, 12.743828972009664 ], [ 76.845708163868693, 12.743834218942512 ], [ 76.845706503009012, 12.743835015084947 ], [ 76.845707818450819, 12.743835219217544 ], [ 76.845709215016029, 12.743835436342 ], [ 76.845362389824075, 12.744834287581018 ], [ 76.845353213214153, 12.744860737178294 ], [ 76.845221352683055, 12.745240791578722 ], [ 76.844975410385757, 12.74594965919902 ], [ 76.844873633617283, 12.746344905494164 ], [ 76.844352652560545, 12.747848217782895 ], [ 76.844151764956734, 12.74844310734751 ], [ 76.844130513757889, 12.748743718740174 ], [ 76.844113608954444, 12.748953273542654 ], [ 76.84410770840951, 12.749026417359936 ], [ 76.844060219281047, 12.749229526711124 ], [ 76.844056507306036, 12.749251633983127 ], [ 76.844034631788389, 12.749381914863552 ], [ 76.844012281103119, 12.74951995330213 ], [ 76.844011693208486, 12.749523584606219 ], [ 76.843998550415805, 12.74960320721104 ], [ 76.843993696967971, 12.749632612102543 ], [ 76.843991616014762, 12.749645216529416 ], [ 76.843935999142801, 12.749918219571077 ], [ 76.843918686563953, 12.749944748492084 ], [ 76.843774546739624, 12.750165627557253 ], [ 76.843751511095945, 12.750195565082294 ], [ 76.843753714971356, 12.750211265187382 ], [ 76.84375588333593, 12.750221804479546 ], [ 76.843743524029705, 12.750239337043835 ], [ 76.843689431102348, 12.750316074467488 ], [ 76.843679542743359, 12.750413181307561 ], [ 76.843634147343124, 12.750391513201427 ], [ 76.843613584554305, 12.750381697825508 ], [ 76.84355690799751, 12.750354644516488 ], [ 76.843459398358704, 12.750434389915116 ], [ 76.843468326401137, 12.750461598130297 ], [ 76.843549903148684, 12.750488081931927 ], [ 76.843553655955759, 12.75046512112891 ], [ 76.8435823161672, 12.750450988218125 ], [ 76.843594512997157, 12.750444973821153 ], [ 76.843595482075642, 12.750560807118795 ], [ 76.843595831849612, 12.750602647234386 ], [ 76.843526799028893, 12.750629438279708 ], [ 76.843519871475081, 12.750637670167274 ], [ 76.843440280337958, 12.750732245046729 ], [ 76.843455691344175, 12.750744370477046 ], [ 76.843693132779478, 12.750931200066793 ], [ 76.843784286459879, 12.751149942849697 ], [ 76.843839698216598, 12.751366178990306 ], [ 76.84379622012375, 12.751392264033516 ], [ 76.843544207948739, 12.751425644157138 ], [ 76.843542761345105, 12.751424880538046 ], [ 76.843537485084454, 12.751425645846615 ], [ 76.843372725986868, 12.751449528736481 ], [ 76.843323235237534, 12.751456702519906 ], [ 76.843126655663838, 12.751485198107677 ], [ 76.842856081315588, 12.751524420337152 ], [ 76.842557131237314, 12.751567754713998 ], [ 76.84257021606831, 12.75162211137323 ], [ 76.842567119917746, 12.751679978438302 ], [ 76.842564023767636, 12.751737845503271 ], [ 76.842494921717105, 12.753029285266409 ], [ 76.842689588320084, 12.753565812948027 ], [ 76.842852679351452, 12.753980709099315 ], [ 76.846918715829105, 12.75180098964854 ] ] ] } },
{ "type": "Feature", "properties": { "OBJECTID": 18871, "KGISVillageID": 24145, "KGISVillageCode": "2205100017", "KGISVillageName": "Ganuga", "KGISHobliID": 1109, "UniqueVillageCode": "2205100017_1", "Bhucode": "220501001015", "CensusVillageCode": "2957305550614327", "BhoomiVillageCode": "2205100017", "created_user": null, "created_date": null, "last_edited_user": null, "last_edited_date": null, "LGDGPCode": "219357", "LGDGPCode_Secondary": null, "Category": "Cadastral data available and has bhoomi linkage", "SHAPE.STArea()": 1478409.5238345801, "SHAPE.STLength()": 7144.9607194673781, "LGD_VillageCode": 614327.0, "_overlap_percent": 98.628826373137528, "_police_station": "Basaralu PS", "_police_feature_index": "485", "_admin_layer": "Village", "_geometry_clipped": true }, "geometry": { "type": "Polygon", "coordinates": [ [ [ 76.882786099258766, 12.7549442075549 ], [ 76.882900134811507, 12.754859735251781 ], [ 76.88295849556954, 12.754816504326159 ], [ 76.882961444012409, 12.754819743488307 ], [ 76.883069576531469, 12.754938537279063 ], [ 76.883680957864655, 12.754837039735694 ], [ 76.883786035856289, 12.754819594971908 ], [ 76.884135556354096, 12.754853298804843 ], [ 76.884515806865352, 12.754889965478304 ], [ 76.884518126808331, 12.75493051644648 ], [ 76.884531345076581, 12.754931213687897 ], [ 76.884634350691442, 12.754987355374295 ], [ 76.885302044930484, 12.754926779020872 ], [ 76.885605392356425, 12.754617632538938 ], [ 76.885764741388911, 12.754539744828618 ], [ 76.885970472105441, 12.754485955150379 ], [ 76.886360608264511, 12.754321960872405 ], [ 76.886369432765918, 12.754317537893483 ], [ 76.88663942196132, 12.754114892905493 ], [ 76.886857860153782, 12.753858665821218 ], [ 76.886872484080754, 12.753856196910768 ], [ 76.886890181480751, 12.753835202698031 ], [ 76.887164255313223, 12.753796590598229 ], [ 76.887448008658765, 12.753760980361134 ], [ 76.887591346192607, 12.75374670829501 ], [ 76.887692092185873, 12.753734112216526 ], [ 76.888305756481742, 12.753576234598567 ], [ 76.888418751147853, 12.753655617122046 ], [ 76.888784612017275, 12.75360604398079 ], [ 76.888785375022621, 12.753581114889634 ], [ 76.888788077417956, 12.753492820920922 ], [ 76.88879303424261, 12.75333082058245 ], [ 76.888557583928403, 12.753353971952452 ], [ 76.888546258958911, 12.753355085057478 ], [ 76.888465116326429, 12.753363063662267 ], [ 76.888454142848531, 12.753364142617656 ], [ 76.888450791297871, 12.753315984531387 ], [ 76.88844889153269, 12.753279083372087 ], [ 76.888447759852795, 12.753257101875006 ], [ 76.888440922259861, 12.753124280071749 ], [ 76.888425016007659, 12.752884675202798 ], [ 76.888379630730171, 12.752515220306298 ], [ 76.888313519690442, 12.752226154764712 ], [ 76.888386382170168, 12.751988419884771 ], [ 76.888705281854925, 12.751860553582226 ], [ 76.889273853190303, 12.751853006325048 ], [ 76.889318863695195, 12.751886522951537 ], [ 76.889319417733134, 12.751886507867697 ], [ 76.889487076224185, 12.752011019470082 ], [ 76.889653041840262, 12.752016023561698 ], [ 76.889811884279425, 12.752020810003875 ], [ 76.889964829918938, 12.752025415786667 ], [ 76.889922582721525, 12.751123885620581 ], [ 76.889921475933676, 12.751112468971909 ], [ 76.889904746269721, 12.750939870716467 ], [ 76.889868796352488, 12.750568987631089 ], [ 76.889827181988977, 12.750139654683109 ], [ 76.889773922749271, 12.749590179481819 ], [ 76.889741093300572, 12.749251470653077 ], [ 76.889355289752103, 12.745896991322949 ], [ 76.889334909904306, 12.74573922117931 ], [ 76.888924246647122, 12.74506493423841 ], [ 76.888693990725855, 12.744675991105114 ], [ 76.888363701977084, 12.744125199382683 ], [ 76.888215588707666, 12.74387820428394 ], [ 76.888120192658064, 12.743719119250507 ], [ 76.888034721154099, 12.743574879449008 ], [ 76.887839688514021, 12.743245754085766 ], [ 76.887781719848249, 12.74317065892224 ], [ 76.887782239000671, 12.743207808602156 ], [ 76.88777784375084, 12.743275005473667 ], [ 76.887766695199289, 12.743445454991377 ], [ 76.887762209867546, 12.743514039905099 ], [ 76.887741170959103, 12.743835726903656 ], [ 76.887723617348641, 12.744104108365624 ], [ 76.88770919605885, 12.744324610774644 ], [ 76.887699290127728, 12.744437819158197 ], [ 76.887616106654804, 12.744433685735295 ], [ 76.887530298935658, 12.74442942097572 ], [ 76.887492631116089, 12.744427548583715 ], [ 76.887465140594813, 12.74442655078678 ], [ 76.887400615955244, 12.744424206615598 ], [ 76.887240291695718, 12.744418383813183 ], [ 76.88718926732524, 12.744416529854396 ], [ 76.887089331216188, 12.744413371736012 ], [ 76.887059329198919, 12.744412423449976 ], [ 76.88700315114535, 12.744410427263729 ], [ 76.886999560578218, 12.744442072946786 ], [ 76.886943132888973, 12.744440436451697 ], [ 76.886796370229675, 12.744436178795972 ], [ 76.886662247843589, 12.744432287333852 ], [ 76.886620333677698, 12.744431071470375 ], [ 76.886519636558702, 12.744428726600917 ], [ 76.886465776954324, 12.744427472088585 ], [ 76.886414623446598, 12.744425713804278 ], [ 76.886247913357977, 12.744419984749268 ], [ 76.886165409763734, 12.744417769396911 ], [ 76.886000006551001, 12.744413326976671 ], [ 76.885998475923628, 12.744413285468132 ], [ 76.885756793049751, 12.744417516888266 ], [ 76.885576305728421, 12.744403986939046 ], [ 76.885299314182021, 12.744383222569004 ], [ 76.8852682347311, 12.744371180740247 ], [ 76.885204720564914, 12.744349600437399 ], [ 76.885096292521069, 12.744312758856434 ], [ 76.885053060512547, 12.744298069483529 ], [ 76.884854557406328, 12.744230623838583 ], [ 76.884609577762575, 12.744147386409688 ], [ 76.88459517286239, 12.744155554055478 ], [ 76.884557186457343, 12.74417709127953 ], [ 76.884472472572796, 12.744225122312161 ], [ 76.884450686674356, 12.744237635802413 ], [ 76.884375515209626, 12.744280812670715 ], [ 76.884324098854037, 12.744315679032617 ], [ 76.884216188716195, 12.744388854814359 ], [ 76.884236839408814, 12.744450951886284 ], [ 76.884309502397329, 12.744669429518041 ], [ 76.884374449231544, 12.744864714292348 ], [ 76.884318049056432, 12.744911900039785 ], [ 76.88430794032125, 12.74492035704467 ], [ 76.884329335499004, 12.744958545697127 ], [ 76.884335934293091, 12.744970323685461 ], [ 76.884345397270863, 12.745012813800262 ], [ 76.884354859332063, 12.745055303920708 ], [ 76.884353845933902, 12.745054731776413 ], [ 76.884356665928962, 12.745064773285494 ], [ 76.884358126989014, 12.745069975349018 ], [ 76.884358617803329, 12.745071724407241 ], [ 76.884358520313413, 12.745071739563349 ], [ 76.88435995082429, 12.745078164746591 ], [ 76.884362685166352, 12.745090444785669 ], [ 76.884301452302296, 12.74512512050487 ], [ 76.884165200411928, 12.745202279919488 ], [ 76.883961221721293, 12.745317791028691 ], [ 76.88363359296568, 12.745503324145437 ], [ 76.883583564336647, 12.745531654950572 ], [ 76.883390200006573, 12.74570704979809 ], [ 76.883011896130526, 12.746050196883177 ], [ 76.882727529985971, 12.746170513174802 ], [ 76.882520928813207, 12.746315006661114 ], [ 76.88246033219616, 12.74635798564316 ], [ 76.881881898319861, 12.74676823932227 ], [ 76.881810380204499, 12.746818963228657 ], [ 76.881789195708549, 12.746939640933199 ], [ 76.881781985480288, 12.746980716001854 ], [ 76.881353969871981, 12.74720488830526 ], [ 76.881223882924118, 12.74727302288419 ], [ 76.880649978916708, 12.74759697271981 ], [ 76.880666338853473, 12.747783392193675 ], [ 76.880473673189826, 12.747837207201689 ], [ 76.879310003242352, 12.748316629401883 ], [ 76.879057181845099, 12.748416658100375 ], [ 76.879023693819263, 12.748429907864576 ], [ 76.879014244027061, 12.74862370652319 ], [ 76.878706924579021, 12.748746617175879 ], [ 76.878646492516708, 12.748764241690131 ], [ 76.878628300164024, 12.748774332814444 ], [ 76.878561868949959, 12.748811181044632 ], [ 76.878482708770932, 12.748835673715767 ], [ 76.878415552237129, 12.748856453044354 ], [ 76.878371728682183, 12.748870012068249 ], [ 76.878310512403729, 12.748888953227036 ], [ 76.878251421053051, 12.748907236642369 ], [ 76.878182444541437, 12.748928579288298 ], [ 76.878097276932905, 12.748954931260412 ], [ 76.877971472650245, 12.748993856032843 ], [ 76.87789318509472, 12.749018078420406 ], [ 76.87782788053218, 12.749038284072931 ], [ 76.877760868106662, 12.749059018840669 ], [ 76.877677827170288, 12.74908471204566 ], [ 76.877604047595753, 12.74910754024201 ], [ 76.877449207719678, 12.749155448242734 ], [ 76.877357145100419, 12.749183932325195 ], [ 76.877272523910079, 12.749210114769346 ], [ 76.877212166418914, 12.749228790192721 ], [ 76.877192504083439, 12.74923619763487 ], [ 76.877172842667406, 12.749243605069175 ], [ 76.877106265340444, 12.749268921816503 ], [ 76.876905001674473, 12.749345454073159 ], [ 76.876879822041488, 12.74935400154769 ], [ 76.876733950725864, 12.749393086307277 ], [ 76.876524591668641, 12.749449181004321 ], [ 76.876519703044679, 12.749451412956198 ], [ 76.876448416462154, 12.749483955801502 ], [ 76.875937268064064, 12.749717295831514 ], [ 76.875994828953324, 12.749990592011022 ], [ 76.875994602492824, 12.750012730675223 ], [ 76.876034837390705, 12.750239885146868 ], [ 76.876036066333896, 12.750245096089238 ], [ 76.876126855398908, 12.750581460750121 ], [ 76.87631221148726, 12.751268181732488 ], [ 76.876289925909575, 12.751743507398739 ], [ 76.876272310031268, 12.751914502231635 ], [ 76.876214812503065, 12.751911938897546 ], [ 76.87621416922633, 12.751925067823031 ], [ 76.875759766002773, 12.751893408552865 ], [ 76.875724233347896, 12.751890932869019 ], [ 76.87571864721528, 12.751889920478616 ], [ 76.875718020411824, 12.751889894143471 ], [ 76.875374127401486, 12.75187138104793 ], [ 76.874962351697576, 12.751849212970965 ], [ 76.874810300100776, 12.75184102784779 ], [ 76.874476514101133, 12.751823057405216 ], [ 76.874342725129026, 12.751843574393275 ], [ 76.874219101368396, 12.751862532413483 ], [ 76.874138466481966, 12.751874897525266 ], [ 76.874128485189459, 12.751876428005733 ], [ 76.874092229886628, 12.751881987923817 ], [ 76.87406363254847, 12.75188637367763 ], [ 76.874011970251502, 12.751894296107245 ], [ 76.873916212557546, 12.751908980985293 ], [ 76.873767674093799, 12.751931759738873 ], [ 76.873731106043834, 12.751937367018712 ], [ 76.873728647510944, 12.751937744177269 ], [ 76.873641940263667, 12.751951040669393 ], [ 76.873600992281666, 12.751957319805429 ], [ 76.873495944879451, 12.751973428865464 ], [ 76.873458873703996, 12.751979113790613 ], [ 76.873363650298742, 12.751993716054995 ], [ 76.873227669259549, 12.752014567998742 ], [ 76.873195822343959, 12.7520194521148 ], [ 76.87300000491102, 12.7520494799275 ], [ 76.872820451894825, 12.752092323751352 ], [ 76.872663737047375, 12.752129718149083 ], [ 76.872534993162589, 12.75216043823665 ], [ 76.872389493275904, 12.752195156276779 ], [ 76.872259082810885, 12.752226273987128 ], [ 76.872115250245557, 12.75226059413256 ], [ 76.871982312830397, 12.752292314402375 ], [ 76.871830557635889, 12.752328524420518 ], [ 76.871727891030019, 12.752353021760753 ], [ 76.871580414593396, 12.752388210727265 ], [ 76.871501974216088, 12.752406927160637 ], [ 76.871423534744878, 12.752425643565791 ], [ 76.869947585829749, 12.752341243972547 ], [ 76.869119127802037, 12.752293865354106 ], [ 76.8666630793509, 12.75249287139804 ], [ 76.866698640883897, 12.752815859683549 ], [ 76.866767016301807, 12.753124041669617 ], [ 76.869634526991192, 12.753339165377733 ], [ 76.869931888964615, 12.753364885105709 ], [ 76.871068330708226, 12.753451311321793 ], [ 76.873469524642388, 12.753491381000192 ], [ 76.874014905613905, 12.753614207332463 ], [ 76.876074026684137, 12.754077936289596 ], [ 76.876164186607241, 12.754098240715438 ], [ 76.876180568425326, 12.754095980061242 ], [ 76.876510998600381, 12.7541714944558 ], [ 76.876702764437354, 12.754215318946587 ], [ 76.876892431943801, 12.754258663785357 ], [ 76.877568380152496, 12.754413137886809 ], [ 76.877597637757049, 12.754419975530928 ], [ 76.877598155224334, 12.754420096585736 ], [ 76.87763976192079, 12.754429820153664 ], [ 76.877652694893911, 12.754432842932506 ], [ 76.877724769142873, 12.75444968731602 ], [ 76.878390157400418, 12.7545995207894 ], [ 76.878572035148736, 12.754640478416306 ], [ 76.879107853317123, 12.754988774581264 ], [ 76.880495643499927, 12.755706843140089 ], [ 76.880728286157975, 12.755942081109639 ], [ 76.880871552157672, 12.756086947625406 ], [ 76.881575022139458, 12.75553850544002 ], [ 76.882031279104424, 12.755182805748561 ], [ 76.882421342100329, 12.755100480302797 ], [ 76.882598659360625, 12.75506305080722 ], [ 76.882670103169374, 12.755030132306167 ], [ 76.882786099258766, 12.7549442075549 ] ] ] } },
{ "type": "Feature", "properties": { "OBJECTID": 19222, "KGISVillageID": 24503, "KGISVillageCode": "2202020057", "KGISVillageName": "G.Bommanahalli", "KGISHobliID": 225, "UniqueVillageCode": "2202020057_1", "Bhucode": "220201003023", "CensusVillageCode": "2957305547613958", "BhoomiVillageCode": "2202020057", "created_user": null, "created_date": null, "last_edited_user": null, "last_edited_date": null, "LGDGPCode": "219367", "LGDGPCode_Secondary": null, "Category": "Cadastral data available and has bhoomi linkage", "SHAPE.STArea()": 1433011.2618067749, "SHAPE.STLength()": 6545.6286075651497, "LGD_VillageCode": 613958.0, "_overlap_percent": 0.3911826419132009, "_police_station": "Basaralu PS", "_police_feature_index": "485", "_admin_layer": "Village", "_geometry_clipped": true }, "geometry": { "type": "MultiPolygon", "coordinates": [ [ [ [ 76.884515806865352, 12.754889965478304 ], [ 76.884135556354096, 12.754853298804843 ], [ 76.883786035856289, 12.754819594971908 ], [ 76.883680957864655, 12.754837039735694 ], [ 76.883069576531469, 12.754938537279063 ], [ 76.882961444012409, 12.754819743488307 ], [ 76.88295849556954, 12.754816504326159 ], [ 76.882900134811507, 12.754859735251781 ], [ 76.882786099258766, 12.7549442075549 ], [ 76.882670103169374, 12.755030132306167 ], [ 76.882673136775821, 12.755028734539465 ], [ 76.882903419386935, 12.754922628497843 ], [ 76.883046253323585, 12.755034164841689 ], [ 76.883750817641811, 12.754890042178536 ], [ 76.884518126808331, 12.75493051644648 ], [ 76.884515806865352, 12.754889965478304 ] ] ], [ [ [ 76.886360608264511, 12.754321960872405 ], [ 76.886367271791741, 12.754319159849448 ], [ 76.886369432765918, 12.754317537893483 ], [ 76.886360608264511, 12.754321960872405 ] ] ], [ [ [ 76.887448008658765, 12.753760980361134 ], [ 76.887164255313223, 12.753796590598229 ], [ 76.886890181480751, 12.753835202698031 ], [ 76.886872484080754, 12.753856196910768 ], [ 76.88713826340819, 12.753811326243678 ], [ 76.887425807824101, 12.753767405240012 ], [ 76.887591346192607, 12.75374670829501 ], [ 76.887448008658765, 12.753760980361134 ] ] ], [ [ [ 76.888447759852795, 12.753257101875006 ], [ 76.88844889153269, 12.753279083372087 ], [ 76.888450791297871, 12.753315984531387 ], [ 76.888454142848531, 12.753364142617656 ], [ 76.888465116326429, 12.753363063662267 ], [ 76.888546258958911, 12.753355085057478 ], [ 76.888557583928403, 12.753353971952452 ], [ 76.88879303424261, 12.75333082058245 ], [ 76.888788077417956, 12.753492820920922 ], [ 76.888785375022621, 12.753581114889634 ], [ 76.888784612017275, 12.75360604398079 ], [ 76.888790092120701, 12.753605301441853 ], [ 76.888800091031754, 12.753302606430363 ], [ 76.888683011916044, 12.753305314900212 ], [ 76.888558637706197, 12.753308204691534 ], [ 76.888453024507953, 12.753306583076236 ], [ 76.888440922259861, 12.753124280071749 ], [ 76.888447759852795, 12.753257101875006 ] ] ], [ [ [ 76.889319417733134, 12.751886507867697 ], [ 76.889318863695195, 12.751886522951537 ], [ 76.889486010742758, 12.752010987344351 ], [ 76.889487076224185, 12.752011019470082 ], [ 76.889319417733134, 12.751886507867697 ] ] ], [ [ [ 76.889404450406971, 12.745780700623447 ], [ 76.889334909904306, 12.74573922117931 ], [ 76.889355289752103, 12.745896991322949 ], [ 76.889741093300572, 12.749251470653077 ], [ 76.889773922749271, 12.749590179481819 ], [ 76.889827181988977, 12.750139654683109 ], [ 76.889868796352488, 12.750568987631089 ], [ 76.889904746269721, 12.750939870716467 ], [ 76.889921475933676, 12.751112468971909 ], [ 76.889922582721525, 12.751123885620581 ], [ 76.889964829918938, 12.752025415786667 ], [ 76.889976361377066, 12.752025763043324 ], [ 76.889941666881285, 12.751109216313434 ], [ 76.889449449863235, 12.745807541344725 ], [ 76.889404450406971, 12.745780700623447 ] ] ], [ [ [ 76.895126359345156, 12.750540012958673 ], [ 76.895123152588781, 12.750527806998498 ], [ 76.895103435770409, 12.750510605464692 ], [ 76.895055387503007, 12.750468686352292 ], [ 76.895050627437939, 12.750464532984697 ], [ 76.89492400764577, 12.750354065854697 ], [ 76.894907114442219, 12.750339277200061 ], [ 76.89483159413497, 12.750273163926279 ], [ 76.894756073859583, 12.750207049721272 ], [ 76.894744969606336, 12.750197328970406 ], [ 76.894654192965433, 12.750117858664739 ], [ 76.894434889631214, 12.750013296805914 ], [ 76.894194047725207, 12.749782217698774 ], [ 76.894020939812663, 12.749617230850289 ], [ 76.893883034292728, 12.749650737998362 ], [ 76.89373550362447, 12.749412961323236 ], [ 76.893706294597109, 12.74936312692884 ], [ 76.893739915885391, 12.749423223555633 ], [ 76.893888612251047, 12.74967251493366 ], [ 76.894026228462153, 12.7496386103565 ], [ 76.894202104328556, 12.749808557525714 ], [ 76.894447246231664, 12.750045440998436 ], [ 76.894668512097255, 12.750151652746775 ], [ 76.894941969140334, 12.750391653433711 ], [ 76.895131063906859, 12.750557613207006 ], [ 76.895126359345156, 12.750540012958673 ] ] ] ] } },
{ "type": "Feature", "properties": { "OBJECTID": 19251, "KGISVillageID": 24537, "KGISVillageCode": "2202020058", "KGISVillageName": "Sunuganahalli", "KGISHobliID": 225, "UniqueVillageCode": "2202020058_1", "Bhucode": "220201003057", "CensusVillageCode": "2957305547613958", "BhoomiVillageCode": "2202020058", "created_user": null, "created_date": null, "last_edited_user": null, "last_edited_date": null, "LGDGPCode": "219367", "LGDGPCode_Secondary": null, "Category": "Cadastral data available and has bhoomi linkage", "SHAPE.STArea()": 3408678.26192859, "SHAPE.STLength()": 9192.8748372531263, "LGD_VillageCode": 613955.0, "_overlap_percent": 0.19466652274417293, "_police_station": "Basaralu PS", "_police_feature_index": "485", "_admin_layer": "Village", "_geometry_clipped": true }, "geometry": { "type": "MultiPolygon", "coordinates": [ [ [ [ 76.869931888964615, 12.753364885105709 ], [ 76.869634526991192, 12.753339165377733 ], [ 76.866767016301807, 12.753124041669617 ], [ 76.866823912179527, 12.753380483021331 ], [ 76.871068330708226, 12.753451311321793 ], [ 76.869931888964615, 12.753364885105709 ] ] ], [ [ [ 76.877652694893911, 12.754432842932506 ], [ 76.87763976192079, 12.754429820153664 ], [ 76.877598155224334, 12.754420096585736 ], [ 76.877597637757049, 12.754419975530928 ], [ 76.877568380152496, 12.754413137886809 ], [ 76.876892431943801, 12.754258663785357 ], [ 76.876702764437354, 12.754215318946587 ], [ 76.876510998600381, 12.7541714944558 ], [ 76.876180568425326, 12.754095980061242 ], [ 76.876164186607241, 12.754098240715438 ], [ 76.877560460627251, 12.754412687992209 ], [ 76.877724769142873, 12.75444968731602 ], [ 76.877652694893911, 12.754432842932506 ] ] ] ] } },
{ "type": "Feature", "properties": { "OBJECTID": 18913, "KGISVillageID": 24187, "KGISVillageCode": "2205070030", "KGISVillageName": "Bettahalli", "KGISHobliID": 247, "UniqueVillageCode": "2205070030_1", "Bhucode": "220501002006", "CensusVillageCode": "2957305550614402", "BhoomiVillageCode": "2205070030", "created_user": null, "created_date": null, "last_edited_user": null, "last_edited_date": null, "LGDGPCode": "219352", "LGDGPCode_Secondary": null, "Category": "Cadastral data available and has bhoomi linkage", "SHAPE.STArea()": 7561320.4863441354, "SHAPE.STLength()": 13624.147872160984, "LGD_VillageCode": 614402.0, "_overlap_percent": 0.014173169554242205, "_police_station": "Basaralu PS", "_police_feature_index": "485", "_admin_layer": "Village", "_geometry_clipped": true }, "geometry": { "type": "Polygon", "coordinates": [ [ [ 76.786732887584662, 12.658152313222823 ], [ 76.787591185811721, 12.658093031858447 ], [ 76.788470114724902, 12.658032322915769 ], [ 76.788544501993172, 12.658062362977756 ], [ 76.788941659603111, 12.658222750253811 ], [ 76.790935640511336, 12.659024861161766 ], [ 76.79215683118592, 12.65944344856964 ], [ 76.79245967085852, 12.659547030865955 ], [ 76.792453656874429, 12.659529286339708 ], [ 76.792160446473559, 12.65942848649828 ], [ 76.790933358341718, 12.659006624204325 ], [ 76.78893368007347, 12.658204704307989 ], [ 76.788461165086559, 12.658015210864134 ], [ 76.785648954531311, 12.658227171906992 ], [ 76.786732887584662, 12.658152313222823 ] ] ] } },
{ "type": "Feature", "properties": { "OBJECTID": 18933, "KGISVillageID": 24207, "KGISVillageCode": "2205070032", "KGISVillageName": "Honnenahalli", "KGISHobliID": 247, "UniqueVillageCode": "2205070032_1", "Bhucode": "220501002026", "CensusVillageCode": "2957305550614403", "BhoomiVillageCode": "2205070032", "created_user": null, "created_date": null, "last_edited_user": null, "last_edited_date": null, "LGDGPCode": "219352", "LGDGPCode_Secondary": null, "Category": "Cadastral data available and has bhoomi linkage", "SHAPE.STArea()": 1782462.3827787449, "SHAPE.STLength()": 7576.3648839185671, "LGD_VillageCode": 614403.0, "_overlap_percent": 0.018324468818553274, "_police_station": "Basaralu PS", "_police_feature_index": "485", "_admin_layer": "Village", "_geometry_clipped": true }, "geometry": { "type": "MultiPolygon", "coordinates": [ [ [ [ 76.79245967085852, 12.659547030865955 ], [ 76.792653605883089, 12.659462901055614 ], [ 76.792744733286483, 12.659423354816916 ], [ 76.793332323128297, 12.659190927771281 ], [ 76.79275354421236, 12.659411997719834 ], [ 76.792661271584677, 12.659450736363569 ], [ 76.792464918431833, 12.659533157836753 ], [ 76.792453656874429, 12.659529286339708 ], [ 76.79245967085852, 12.659547030865955 ] ] ], [ [ [ 76.804407400877082, 12.65753852999819 ], [ 76.804405884170833, 12.657530188362292 ], [ 76.804397749099607, 12.657485445052547 ], [ 76.804804371527396, 12.657470539298133 ], [ 76.804840771340778, 12.657469240993134 ], [ 76.804516683537258, 12.657466068466183 ], [ 76.804311912650164, 12.657464063328749 ], [ 76.80430705113811, 12.657556158192335 ], [ 76.804407400877082, 12.65753852999819 ] ] ], [ [ [ 76.803719276720926, 12.657405104724054 ], [ 76.803718777001095, 12.657403977549041 ], [ 76.803710405266571, 12.657405652868407 ], [ 76.803719276720926, 12.657405104724054 ] ] ], [ [ [ 76.803507343157065, 12.657538555471188 ], [ 76.803507931820349, 12.657446171077 ], [ 76.803459318195607, 12.657455899448914 ], [ 76.803427209760443, 12.657550536843509 ], [ 76.803507343157065, 12.657538555471188 ] ] ], [ [ [ 76.802809038913139, 12.657611247227031 ], [ 76.802820800965108, 12.657611108814226 ], [ 76.802916463956322, 12.657609986363253 ], [ 76.803039248044328, 12.657608544592044 ], [ 76.803083587471932, 12.657601914999399 ], [ 76.802975781362875, 12.657604832860887 ], [ 76.80273375597956, 12.657575944788285 ], [ 76.802809038913139, 12.657611247227031 ] ] ] ] } },
{ "type": "Feature", "properties": { "OBJECTID": 18880, "KGISVillageID": 24154, "KGISVillageCode": "2205090017", "KGISVillageName": "Hunaganahalli", "KGISHobliID": 120, "UniqueVillageCode": "2205090017_1", "Bhucode": "220501001024", "CensusVillageCode": "2957305550614354", "BhoomiVillageCode": "2205090017", "created_user": null, "created_date": null, "last_edited_user": null, "last_edited_date": null, "LGDGPCode": "219353", "LGDGPCode_Secondary": null, "Category": "Cadastral data available and has bhoomi linkage", "SHAPE.STArea()": 6596100.9387472803, "SHAPE.STLength()": 13557.005098196587, "LGD_VillageCode": 614354.0, "_overlap_percent": 99.290761408497417, "_police_station": "Basaralu PS", "_police_feature_index": "485", "_admin_layer": "Village", "_geometry_clipped": true }, "geometry": { "type": "Polygon", "coordinates": [ [ [ 76.756480901286054, 12.655961231352178 ], [ 76.756543535329399, 12.656102572665015 ], [ 76.756552019989442, 12.656121719316982 ], [ 76.756952821378974, 12.656201522722329 ], [ 76.75736199997074, 12.656282993041954 ], [ 76.757502200492851, 12.656309756941718 ], [ 76.757864644154253, 12.656501746660224 ], [ 76.758052707852045, 12.656601365539041 ], [ 76.758149025389287, 12.656652385073244 ], [ 76.758331289552274, 12.65674695845107 ], [ 76.758379313958173, 12.656772802143022 ], [ 76.758749441403751, 12.657007644606939 ], [ 76.75950996589529, 12.657490186507953 ], [ 76.760067966198633, 12.657844227862563 ], [ 76.760124035298205, 12.658024297727435 ], [ 76.760140826272178, 12.658038902302767 ], [ 76.760160722286528, 12.65809809053232 ], [ 76.760353251871379, 12.658670855991449 ], [ 76.760365383314706, 12.658706945587122 ], [ 76.760516524297884, 12.659233644848664 ], [ 76.760633553315685, 12.659641468146408 ], [ 76.760897456383404, 12.660561112043306 ], [ 76.760932248422236, 12.660682354199212 ], [ 76.760866205163325, 12.66088839281934 ], [ 76.758760788316351, 12.665127573994132 ], [ 76.758716189640808, 12.665217370983417 ], [ 76.758076018794597, 12.666305715982906 ], [ 76.758014620256532, 12.666410098195533 ], [ 76.756926542842677, 12.668204491966915 ], [ 76.755699327161125, 12.670228312202543 ], [ 76.755695978772266, 12.670255829383253 ], [ 76.755692791581865, 12.670282016754898 ], [ 76.755655454605346, 12.670588843549595 ], [ 76.755627775806218, 12.670816296785819 ], [ 76.755606663956769, 12.670989787648734 ], [ 76.75560490958145, 12.671004205717328 ], [ 76.755541666268059, 12.67152390937434 ], [ 76.755479200301579, 12.672326549195915 ], [ 76.755503646118726, 12.672330053154241 ], [ 76.755570184484242, 12.672321377453654 ], [ 76.755725470379105, 12.672301129675205 ], [ 76.755851586395465, 12.672284685537962 ], [ 76.756086454599796, 12.672254222151043 ], [ 76.756242349977484, 12.672229029295744 ], [ 76.756316346337954, 12.67221707178294 ], [ 76.756972038941441, 12.672163491669297 ], [ 76.757012087984251, 12.67216021884294 ], [ 76.757892302774565, 12.672092080562633 ], [ 76.759603271921037, 12.67193254070588 ], [ 76.759689901716385, 12.671924462313772 ], [ 76.760260233094456, 12.671871278226968 ], [ 76.76046913340096, 12.671851798204871 ], [ 76.760582095629303, 12.671841264641719 ], [ 76.760796098967973, 12.67182130857231 ], [ 76.761144803457015, 12.671788790833549 ], [ 76.761332278126517, 12.671759506375844 ], [ 76.761631992326969, 12.671718371974874 ], [ 76.761743906760628, 12.67170301259417 ], [ 76.761800832412064, 12.671695199923823 ], [ 76.761812769108758, 12.671688193308848 ], [ 76.761852262248411, 12.671665011323139 ], [ 76.762206995117722, 12.671456790985181 ], [ 76.762567223963075, 12.671245343030687 ], [ 76.762589327717663, 12.671232368306796 ], [ 76.762604193746938, 12.671223642000331 ], [ 76.76261055861913, 12.671219906457397 ], [ 76.762852709538038, 12.671077767630782 ], [ 76.76319984813199, 12.67087400213479 ], [ 76.763229618612911, 12.670856527514335 ], [ 76.763235091354986, 12.67085331490722 ], [ 76.763405094734566, 12.67075352558116 ], [ 76.763504143117387, 12.670695384968866 ], [ 76.763600469298055, 12.670638842402747 ], [ 76.76388067690695, 12.670474363489097 ], [ 76.763891746134689, 12.670467866022644 ], [ 76.763926672000849, 12.670447364314201 ], [ 76.764154224336195, 12.670399996243304 ], [ 76.764176710478083, 12.670397533084243 ], [ 76.764346842547027, 12.67037889400226 ], [ 76.764358364793253, 12.67037763163796 ], [ 76.764504801072789, 12.670361589299388 ], [ 76.76452377699033, 12.670359510059345 ], [ 76.764655758457039, 12.670345050468471 ], [ 76.76473864206217, 12.670335970345702 ], [ 76.764787416108049, 12.670330626407111 ], [ 76.764807983031048, 12.67033126366808 ], [ 76.764907722989093, 12.670334354786405 ], [ 76.764966912460878, 12.670345359302621 ], [ 76.765124498504605, 12.670374656573028 ], [ 76.765436827613769, 12.67038840894844 ], [ 76.765700144158515, 12.670400003346133 ], [ 76.765701843104111, 12.670400077937032 ], [ 76.765915230932904, 12.670336237509508 ], [ 76.765904824601876, 12.670282723205544 ], [ 76.765901725783195, 12.670266785364429 ], [ 76.765960323581155, 12.670247351017167 ], [ 76.76597003262961, 12.670244131018984 ], [ 76.766225587682243, 12.67019036457442 ], [ 76.766482657088673, 12.670174305012363 ], [ 76.767123153203968, 12.67013428972313 ], [ 76.767405330819372, 12.670116660493649 ], [ 76.767430894739348, 12.670115063340923 ], [ 76.767490095638678, 12.670113305007021 ], [ 76.768041063397575, 12.670096938372335 ], [ 76.768143989137187, 12.670093880450786 ], [ 76.768561634985957, 12.670065477806435 ], [ 76.768549544517427, 12.670084581737537 ], [ 76.76856577598042, 12.670180172657409 ], [ 76.768568038541432, 12.670193494691073 ], [ 76.768576097641514, 12.670240952918675 ], [ 76.768744752440995, 12.670210583724439 ], [ 76.768787173570814, 12.670019219354741 ], [ 76.768890724914669, 12.67001625189776 ], [ 76.769424415946588, 12.670000956380276 ], [ 76.769517220353208, 12.669992340290246 ], [ 76.769860043110455, 12.669960511439722 ], [ 76.769932913640815, 12.669953746180667 ], [ 76.770031832514107, 12.669929421893556 ], [ 76.77013075136388, 12.669905097572073 ], [ 76.770113603672428, 12.669821279908147 ], [ 76.770181750959679, 12.669824675145419 ], [ 76.770540477694084, 12.669855101573503 ], [ 76.770551988614088, 12.669856077986708 ], [ 76.771054850779436, 12.669904024368639 ], [ 76.771351542250301, 12.669932312872183 ], [ 76.771581398838492, 12.66995422812473 ], [ 76.771677933838561, 12.669963432158262 ], [ 76.771707546430818, 12.669966255725109 ], [ 76.771787337084504, 12.669938768935726 ], [ 76.771892634339238, 12.669933246915802 ], [ 76.771942790125848, 12.669940347336068 ], [ 76.771954166427832, 12.669941958218795 ], [ 76.771955237162615, 12.669942110171389 ], [ 76.772082263604261, 12.669960092962899 ], [ 76.772215442620521, 12.669978946728584 ], [ 76.772269532113981, 12.669986603887857 ], [ 76.77229473026145, 12.669990170886992 ], [ 76.772333147194331, 12.670005668960364 ], [ 76.772370718548927, 12.670020826468756 ], [ 76.772463703501685, 12.670058337824356 ], [ 76.77250419933867, 12.670074674393453 ], [ 76.772553537150571, 12.6701168505849 ], [ 76.772559297970034, 12.670121775507198 ], [ 76.772575912759734, 12.67013597893861 ], [ 76.772612846447288, 12.670167550973932 ], [ 76.772644452714175, 12.670194570312983 ], [ 76.772656630915606, 12.67020498161806 ], [ 76.772686318453026, 12.670230359602078 ], [ 76.772706223436344, 12.670247375724527 ], [ 76.772710734120039, 12.670251231526285 ], [ 76.772735797645367, 12.670256360413028 ], [ 76.77275782733183, 12.670260868654966 ], [ 76.772885589753912, 12.670287014677447 ], [ 76.772984502581892, 12.670307257064861 ], [ 76.772987329103771, 12.670330082496609 ], [ 76.772989088985398, 12.670344295444847 ], [ 76.772991080949424, 12.670360386958675 ], [ 76.773018005656553, 12.670371877714253 ], [ 76.773054916578118, 12.670387631571398 ], [ 76.773107366024391, 12.67040997430248 ], [ 76.773195590159858, 12.670447363447977 ], [ 76.773313658778079, 12.67049740159614 ], [ 76.773433049221254, 12.67056631967392 ], [ 76.773536150221716, 12.670560939070247 ], [ 76.774550721732695, 12.670507988076922 ], [ 76.775390924616545, 12.670525655715029 ], [ 76.775575716026466, 12.67049801277798 ], [ 76.775650093483407, 12.670486887229718 ], [ 76.775705097661174, 12.670478658757911 ], [ 76.775781802518665, 12.670387685258822 ], [ 76.775885778421667, 12.670264367099788 ], [ 76.776265834541505, 12.670060760242926 ], [ 76.776433859034569, 12.670028411869525 ], [ 76.776602455834549, 12.670018219555814 ], [ 76.776892087864681, 12.670095176875869 ], [ 76.776897124280822, 12.670096515344069 ], [ 76.777159518665229, 12.670166235134062 ], [ 76.777300970882749, 12.670203820341889 ], [ 76.777326687878926, 12.670210653689304 ], [ 76.777370575081306, 12.670222314443864 ], [ 76.777482761505823, 12.670139113753095 ], [ 76.777490800793558, 12.670133152141631 ], [ 76.777498620945224, 12.670117091833543 ], [ 76.777508842705629, 12.670096101881962 ], [ 76.777509864701244, 12.670094003430338 ], [ 76.777551999740879, 12.670106678290662 ], [ 76.77761806484456, 12.669974790908642 ], [ 76.777625314200307, 12.669960318043435 ], [ 76.77758286577108, 12.669824485513189 ], [ 76.777577052092681, 12.669804244505775 ], [ 76.77756165339018, 12.66975063778238 ], [ 76.777518497579081, 12.66960039368271 ], [ 76.777473109963992, 12.669442381917799 ], [ 76.777420930502231, 12.669260716210628 ], [ 76.777415280798365, 12.66924208123141 ], [ 76.777410941269522, 12.669076989664491 ], [ 76.777415349194001, 12.669077037942527 ], [ 76.777418367560699, 12.66907715426005 ], [ 76.777456299696482, 12.669078612747843 ], [ 76.777525152401395, 12.669068419420592 ], [ 76.777594005092169, 12.669058225172375 ], [ 76.777616306446234, 12.669054924227305 ], [ 76.77761161585525, 12.668941989964583 ], [ 76.777610743934588, 12.668920984672505 ], [ 76.777608411260076, 12.668864810319196 ], [ 76.777608292002753, 12.668861948469843 ], [ 76.777606663119613, 12.66882271027742 ], [ 76.777676410322343, 12.668802263445423 ], [ 76.777801972263802, 12.668777845111133 ], [ 76.777841257073703, 12.668770204905945 ], [ 76.777878061148854, 12.668766170657774 ], [ 76.777896535392159, 12.668764145366039 ], [ 76.777930530886437, 12.668758121422552 ], [ 76.777950085994334, 12.668754656223269 ], [ 76.778227374536414, 12.668685256901071 ], [ 76.778248061514603, 12.668484596011881 ], [ 76.778248206389023, 12.668453847138331 ], [ 76.778248222874169, 12.66845038329023 ], [ 76.778246960491657, 12.668436797101119 ], [ 76.77824657747405, 12.668432671558758 ], [ 76.778239290638155, 12.668354242929494 ], [ 76.77823627142763, 12.668321743568614 ], [ 76.77823467578159, 12.668305099911768 ], [ 76.778232809184061, 12.668285623441506 ], [ 76.778221170045043, 12.668164183889003 ], [ 76.778749331426852, 12.668062555066568 ], [ 76.778770606282549, 12.668058460951981 ], [ 76.778774748434685, 12.668054303341826 ], [ 76.778835027657323, 12.667993799143675 ], [ 76.77884506901205, 12.667983720417045 ], [ 76.778853334112469, 12.667975424305215 ], [ 76.778877650554435, 12.667970683440757 ], [ 76.779120099711321, 12.667923416856322 ], [ 76.779135086459974, 12.667920538936819 ], [ 76.779250929680515, 12.667895473625912 ], [ 76.779271026696634, 12.667892378024614 ], [ 76.779325254163055, 12.66788402663253 ], [ 76.779524191171618, 12.667845829419326 ], [ 76.779541611309227, 12.667850704198685 ], [ 76.77959044623843, 12.667866369236005 ], [ 76.779819569823658, 12.667838412575463 ], [ 76.7798430414813, 12.667836502862764 ], [ 76.779929872206907, 12.667825160032804 ], [ 76.779953889508803, 12.667822022782133 ], [ 76.780032312228755, 12.667811777473696 ], [ 76.78005266486737, 12.66780996996626 ], [ 76.780140661661534, 12.667950841010033 ], [ 76.780146772770394, 12.667960334420968 ], [ 76.780173017849179, 12.66800110080513 ], [ 76.780197979011348, 12.668046409727598 ], [ 76.780203369513828, 12.668056193591026 ], [ 76.780205576248619, 12.66806019935723 ], [ 76.780213541746662, 12.668074658117533 ], [ 76.780216690183352, 12.668089005397722 ], [ 76.780225659655656, 12.668117604335201 ], [ 76.780255915631528, 12.668214073651679 ], [ 76.780303613550089, 12.668366153293469 ], [ 76.780317812756707, 12.668371560276059 ], [ 76.780332011043342, 12.668376967263976 ], [ 76.780336483876852, 12.668378146739903 ], [ 76.78038625310019, 12.668391264502636 ], [ 76.780678544171593, 12.668287651965372 ], [ 76.780732746653072, 12.668265627197176 ], [ 76.780903189109154, 12.668217229410258 ], [ 76.781313473198608, 12.668105929449547 ], [ 76.781347341549832, 12.668096741398264 ], [ 76.781841642508724, 12.66798547998599 ], [ 76.782080893073115, 12.667931627421234 ], [ 76.782284148595835, 12.667885876125004 ], [ 76.782342902383334, 12.66787265162754 ], [ 76.782521324050805, 12.667820505181554 ], [ 76.782537760084224, 12.667815701103189 ], [ 76.782652329094859, 12.667782216774553 ], [ 76.783313012631979, 12.667589118838432 ], [ 76.783424976037978, 12.667556395576577 ], [ 76.783454544723213, 12.667556658313913 ], [ 76.783575440941846, 12.667566811058192 ], [ 76.783701754951935, 12.667577419135473 ], [ 76.785152551218715, 12.667699252117712 ], [ 76.786159080547975, 12.667779107260765 ], [ 76.78635246431854, 12.66770540393712 ], [ 76.786645013136422, 12.667604085721649 ], [ 76.787434547747637, 12.667330643918426 ], [ 76.788001768010062, 12.667134195740068 ], [ 76.78884559845531, 12.666841944812194 ], [ 76.789136129266922, 12.666739607229108 ], [ 76.789768429035632, 12.666516881914358 ], [ 76.79051617248922, 12.666323951509536 ], [ 76.791014573626853, 12.666195354888378 ], [ 76.793944437719574, 12.665439372161147 ], [ 76.793982497864135, 12.665425284166743 ], [ 76.793973784783674, 12.66533376788148 ], [ 76.793924727656233, 12.664818528976037 ], [ 76.793923202937719, 12.66479307753991 ], [ 76.793916984397455, 12.664689296694728 ], [ 76.793910141940131, 12.664575275349474 ], [ 76.793885466298988, 12.664165218727907 ], [ 76.793889764350851, 12.663951846958019 ], [ 76.793887792372033, 12.663904292964709 ], [ 76.793883603750317, 12.663811449971124 ], [ 76.793869252610875, 12.663622511380174 ], [ 76.793866165408886, 12.663581865211391 ], [ 76.793637414277882, 12.662876715943881 ], [ 76.793514497857672, 12.662521122786409 ], [ 76.793361646143964, 12.662079198086863 ], [ 76.792981281431196, 12.660991379086422 ], [ 76.792584367594287, 12.65986582454323 ], [ 76.79245967085852, 12.659547030865955 ], [ 76.79215683118592, 12.65944344856964 ], [ 76.790935640511336, 12.659024861161766 ], [ 76.788941659603111, 12.658222750253811 ], [ 76.788544501993172, 12.658062362977756 ], [ 76.788470114724902, 12.658032322915769 ], [ 76.787591185811721, 12.658093031858447 ], [ 76.786732887584662, 12.658152313222823 ], [ 76.785648954531311, 12.658227171906992 ], [ 76.780232773687914, 12.658635398573283 ], [ 76.78009342018764, 12.658646521113695 ], [ 76.777017444638886, 12.658896367693449 ], [ 76.777223957130744, 12.649886116173017 ], [ 76.77642390844214, 12.649872128016268 ], [ 76.774256360694565, 12.649834222866163 ], [ 76.773754033647947, 12.64991500133025 ], [ 76.773551112121197, 12.64994281434511 ], [ 76.773523488505845, 12.649642862113263 ], [ 76.773391496711014, 12.649653779005957 ], [ 76.773190502603555, 12.649670216985825 ], [ 76.771391347165448, 12.64988804405432 ], [ 76.771097836984509, 12.649823522955268 ], [ 76.770976668983948, 12.64979999558731 ], [ 76.769742722114245, 12.649559959575059 ], [ 76.767811215918385, 12.649228667038948 ], [ 76.766283280115232, 12.648966580833953 ], [ 76.7645871567196, 12.648609080652285 ], [ 76.761068664703316, 12.647867430816774 ], [ 76.760924747350415, 12.64783543931269 ], [ 76.760680846716454, 12.647781222389737 ], [ 76.760681431522741, 12.647782972267846 ], [ 76.761151228473253, 12.649188673611999 ], [ 76.761576930670444, 12.650462430684261 ], [ 76.761708774046681, 12.650856920149531 ], [ 76.76161880861423, 12.650888956645302 ], [ 76.761622153521472, 12.650898851363008 ], [ 76.761238582279702, 12.651032295623246 ], [ 76.759794071812763, 12.651490002278283 ], [ 76.755585799347344, 12.652848589388302 ], [ 76.755166499366936, 12.652983949683737 ], [ 76.755730974203374, 12.654287890617573 ], [ 76.756480901286054, 12.655961231352178 ] ] ] } },
{ "type": "Feature", "properties": { "OBJECTID": 18949, "KGISVillageID": 24223, "KGISVillageCode": "2205070018", "KGISVillageName": "Maralakere", "KGISHobliID": 247, "UniqueVillageCode": "2205070018_1", "Bhucode": "220501002043", "CensusVillageCode": "2957305550614391", "BhoomiVillageCode": "2205070018", "created_user": null, "created_date": null, "last_edited_user": null, "last_edited_date": null, "LGDGPCode": "219332", "LGDGPCode_Secondary": null, "Category": "Cadastral data available and has bhoomi linkage", "SHAPE.STArea()": 2284383.9134196448, "SHAPE.STLength()": 6049.3553557100604, "LGD_VillageCode": 614391.0, "_overlap_percent": 99.20873568038779, "_police_station": "Basaralu PS", "_police_feature_index": "485", "_admin_layer": "Village", "_geometry_clipped": true }, "geometry": { "type": "Polygon", "coordinates": [ [ [ 76.74252348346306, 12.668948984487868 ], [ 76.742545138533913, 12.668942574875409 ], [ 76.742627896528376, 12.668918080759743 ], [ 76.742640429696038, 12.668936864230625 ], [ 76.742658106896187, 12.668963356923312 ], [ 76.742729074288633, 12.669069715569821 ], [ 76.742780337565691, 12.669060066648628 ], [ 76.742792161073666, 12.669059085261186 ], [ 76.74283052238944, 12.669055902502331 ], [ 76.742933652358545, 12.669043174823422 ], [ 76.743174151426771, 12.669540673827438 ], [ 76.743275073592258, 12.669736683144118 ], [ 76.743322993141305, 12.669768691182709 ], [ 76.743413057306796, 12.669823463701755 ], [ 76.743431263241405, 12.669834954221651 ], [ 76.743482252195264, 12.670031084652376 ], [ 76.743491393162657, 12.6700662457148 ], [ 76.743491200374862, 12.670097192455088 ], [ 76.743596595364082, 12.670114124195711 ], [ 76.743871610854171, 12.670158304909339 ], [ 76.744012460711858, 12.670180931856846 ], [ 76.744135340788205, 12.670200671968107 ], [ 76.744172866865512, 12.670426953724222 ], [ 76.744311976639466, 12.670529907289335 ], [ 76.744315577616462, 12.670532571004138 ], [ 76.744330485241065, 12.670568013277869 ], [ 76.744394784954608, 12.67072088342011 ], [ 76.744394971159181, 12.670721326020013 ], [ 76.74451431932566, 12.670771109843285 ], [ 76.74453395477353, 12.67077728763778 ], [ 76.744668382723304, 12.670819747486574 ], [ 76.74479498930782, 12.670859737564413 ], [ 76.744794968014858, 12.67086026106964 ], [ 76.74512267926626, 12.670964436214902 ], [ 76.745201248742035, 12.670989412757224 ], [ 76.745205039504782, 12.670989255908975 ], [ 76.745393031426985, 12.670981466060095 ], [ 76.745432500798572, 12.67097983035123 ], [ 76.745657572921672, 12.67097050344376 ], [ 76.745954552101708, 12.671010178998397 ], [ 76.74600054249882, 12.671044325147362 ], [ 76.746063128178363, 12.671090793830896 ], [ 76.746091853530885, 12.671097668394093 ], [ 76.746141460158896, 12.67110954006721 ], [ 76.746190543055434, 12.671121286813916 ], [ 76.746561710941577, 12.671210113731954 ], [ 76.746600725738588, 12.671219450707653 ], [ 76.746644738220482, 12.671216341428863 ], [ 76.746845055591777, 12.671202191914137 ], [ 76.746853929978414, 12.6712919209959 ], [ 76.746858622248268, 12.671339363625115 ], [ 76.746873591929855, 12.671490729282979 ], [ 76.746954599323502, 12.6715042177045 ], [ 76.747189216386985, 12.67154328364443 ], [ 76.747218317379932, 12.671548129037381 ], [ 76.747386096942947, 12.671576066577071 ], [ 76.747905367347215, 12.671614397460679 ], [ 76.748101138880529, 12.671482489067225 ], [ 76.748112147132417, 12.671475072422769 ], [ 76.748122450694765, 12.671468129540374 ], [ 76.748131716215383, 12.67146664045111 ], [ 76.748274521592677, 12.671443684170569 ], [ 76.748566644592344, 12.671396726130622 ], [ 76.748974298787545, 12.671332596563289 ], [ 76.74900780129262, 12.671327362224877 ], [ 76.749214853200797, 12.671249108280195 ], [ 76.749278936088984, 12.671244818012598 ], [ 76.749352547121774, 12.671239890164014 ], [ 76.749573491521204, 12.671225098534347 ], [ 76.749697457689351, 12.67121963230027 ], [ 76.750203108630473, 12.671197337204303 ], [ 76.750261515961512, 12.671194907243825 ], [ 76.750484056461474, 12.671185647140803 ], [ 76.750580052543839, 12.67117810754705 ], [ 76.75082001634685, 12.671173530425248 ], [ 76.750824289070806, 12.67117344896392 ], [ 76.751653975897682, 12.671128106506968 ], [ 76.751820987454096, 12.671118978748202 ], [ 76.751924203929846, 12.67110625871293 ], [ 76.752484406156938, 12.670977477358713 ], [ 76.752504298881121, 12.670972655880359 ], [ 76.752786702851566, 12.670904207305565 ], [ 76.753754163293053, 12.670668150257177 ], [ 76.753775122103377, 12.670663347872472 ], [ 76.754679615623004, 12.670456091958449 ], [ 76.754822919160404, 12.670423972418346 ], [ 76.755041986673007, 12.670374870964707 ], [ 76.75535620299344, 12.670304442741802 ], [ 76.755563830930853, 12.670258375783252 ], [ 76.755699327161125, 12.670228312202543 ], [ 76.756926542842677, 12.668204491966915 ], [ 76.758014620256532, 12.666410098195533 ], [ 76.758076018794597, 12.666305715982906 ], [ 76.758716189640808, 12.665217370983417 ], [ 76.758760788316351, 12.665127573994132 ], [ 76.760866205163325, 12.66088839281934 ], [ 76.760932248422236, 12.660682354199212 ], [ 76.760897456383404, 12.660561112043306 ], [ 76.760633553315685, 12.659641468146408 ], [ 76.760516524297884, 12.659233644848664 ], [ 76.760365383314706, 12.658706945587122 ], [ 76.760353251871379, 12.658670855991449 ], [ 76.760160722286528, 12.65809809053232 ], [ 76.760140826272178, 12.658038902302767 ], [ 76.760124035298205, 12.658024297727435 ], [ 76.760067966198633, 12.657844227862563 ], [ 76.75950996589529, 12.657490186507953 ], [ 76.758749441403751, 12.657007644606939 ], [ 76.758379313958173, 12.656772802143022 ], [ 76.758331289552274, 12.65674695845107 ], [ 76.758255578379718, 12.656761493251995 ], [ 76.75831121291408, 12.656791001990968 ], [ 76.752643292108701, 12.65786901542084 ], [ 76.75148972888941, 12.658483834559933 ], [ 76.750177985301534, 12.659182950582391 ], [ 76.749299444389891, 12.659651177095423 ], [ 76.748345813441219, 12.660159420633098 ], [ 76.747769368437744, 12.660477771790628 ], [ 76.746916225715296, 12.660938843766461 ], [ 76.746827068067702, 12.660976126033914 ], [ 76.746752043615302, 12.661007497026016 ], [ 76.746366360692321, 12.661187214066272 ], [ 76.745889202087326, 12.661433958406787 ], [ 76.744951612717472, 12.661918791370951 ], [ 76.74464604185637, 12.662063644844425 ], [ 76.744639394666052, 12.662067303173945 ], [ 76.743838711964315, 12.662590963946029 ], [ 76.743398910359886, 12.66283912279809 ], [ 76.743504381709499, 12.663513749404899 ], [ 76.742727231165347, 12.663703060089031 ], [ 76.741806782062767, 12.663989547443917 ], [ 76.741882037955222, 12.664470064744505 ], [ 76.741898442047244, 12.664553835187796 ], [ 76.741924771424976, 12.664688294538855 ], [ 76.74194579777469, 12.664795673881962 ], [ 76.74202048739788, 12.665177114900494 ], [ 76.742035759128242, 12.665284034750135 ], [ 76.742081383958137, 12.665362448862099 ], [ 76.742123673434847, 12.665509415066994 ], [ 76.742177149257358, 12.665863305276117 ], [ 76.742211911506942, 12.666022058065167 ], [ 76.74221906922682, 12.666115905281425 ], [ 76.742223624820795, 12.666175639544198 ], [ 76.742235918615108, 12.666196885984014 ], [ 76.742369500197569, 12.666209879872151 ], [ 76.742369639013759, 12.6662917039845 ], [ 76.742369741996484, 12.66635361691012 ], [ 76.742440724364357, 12.666654473569686 ], [ 76.742563343315354, 12.667141972878934 ], [ 76.74258755343385, 12.667238223943746 ], [ 76.742619066079328, 12.667423175246956 ], [ 76.742649950796363, 12.667604443587214 ], [ 76.74265931727308, 12.667659416121371 ], [ 76.742652529035936, 12.667729589853192 ], [ 76.742629516886652, 12.6679674925795 ], [ 76.742389012115467, 12.668012079957695 ], [ 76.742281851987173, 12.668031945772059 ], [ 76.742476824996487, 12.668653686799548 ], [ 76.742491296508646, 12.668692336458122 ], [ 76.742570343733192, 12.668903444724357 ], [ 76.742508230692124, 12.668924209851808 ], [ 76.74252348346306, 12.668948984487868 ] ] ] } },
{ "type": "Feature", "properties": { "OBJECTID": 18886, "KGISVillageID": 24160, "KGISVillageCode": "2205090018", "KGISVillageName": "M.Hatna", "KGISHobliID": 120, "UniqueVillageCode": "2205090018_1", "Bhucode": "220501001030", "CensusVillageCode": "2957305550614400", "BhoomiVillageCode": "2205090018", "created_user": null, "created_date": null, "last_edited_user": null, "last_edited_date": null, "LGDGPCode": "219353", "LGDGPCode_Secondary": null, "Category": "Cadastral data available and has bhoomi linkage", "SHAPE.STArea()": 4810751.4559522998, "SHAPE.STLength()": 11358.783894481778, "LGD_VillageCode": 614353.0, "_overlap_percent": 99.999999999999929, "_police_station": "Basaralu PS", "_police_feature_index": "485", "_admin_layer": "Village", "_geometry_clipped": true }, "geometry": { "type": "Polygon", "coordinates": [ [ [ 76.767098933310479, 12.680343231179455 ], [ 76.767165071836814, 12.680343001992346 ], [ 76.767250048024835, 12.680342706271361 ], [ 76.767436280636034, 12.680346584737197 ], [ 76.767551845632298, 12.68034899152414 ], [ 76.767781171906407, 12.680353767230079 ], [ 76.768176516179182, 12.680362000170231 ], [ 76.768482753430163, 12.680368376845754 ], [ 76.76852438959385, 12.680369244105012 ], [ 76.768561948480851, 12.680371983355633 ], [ 76.768617967707669, 12.680374141465373 ], [ 76.769661622297903, 12.680414343852629 ], [ 76.769672098019385, 12.680413719097277 ], [ 76.76968257282644, 12.68041309525151 ], [ 76.769999698998646, 12.680394193272326 ], [ 76.770161903334184, 12.680384524905381 ], [ 76.770199830880713, 12.680382263797146 ], [ 76.77032161379141, 12.680290794895479 ], [ 76.770457601411493, 12.680293652807826 ], [ 76.770454857566037, 12.68026454197603 ], [ 76.77045461517551, 12.680261971088795 ], [ 76.770468890041585, 12.680261194446583 ], [ 76.770491660622739, 12.68025995535179 ], [ 76.770495744928411, 12.680260302356144 ], [ 76.770512282989571, 12.680261578758941 ], [ 76.770551819592797, 12.680264629955367 ], [ 76.770562942603576, 12.680265488674204 ], [ 76.770567702803916, 12.680265595256136 ], [ 76.770911637059896, 12.680273315168218 ], [ 76.770942877501398, 12.680271736672134 ], [ 76.770992856837225, 12.680231437638723 ], [ 76.771009131758817, 12.680215423239861 ], [ 76.77101369630968, 12.680210932071002 ], [ 76.771025832186808, 12.680201301484319 ], [ 76.771451714385705, 12.680076374034693 ], [ 76.77159688338476, 12.680049348691481 ], [ 76.77166362871337, 12.68003692344311 ], [ 76.771673117002038, 12.680035157240528 ], [ 76.771817305533688, 12.680009732799089 ], [ 76.772054704331723, 12.679967872135917 ], [ 76.772194506741712, 12.67995970237123 ], [ 76.772205016560164, 12.679959088138398 ], [ 76.772542937893974, 12.679947128403855 ], [ 76.77258389993456, 12.67993986262139 ], [ 76.772675929810404, 12.679923538084889 ], [ 76.772674546434786, 12.679912134671337 ], [ 76.772669451362333, 12.679870146346863 ], [ 76.772665230922939, 12.67965958478284 ], [ 76.772688042812533, 12.67966113557131 ], [ 76.772710853787856, 12.679662687267781 ], [ 76.772716438227334, 12.679662574994145 ], [ 76.772716962749001, 12.679658818502748 ], [ 76.772879530473816, 12.679653884364916 ], [ 76.773247570114805, 12.679642713543005 ], [ 76.773266070988782, 12.679642151707462 ], [ 76.773284572783012, 12.679641589864488 ], [ 76.773288963991519, 12.679641456615888 ], [ 76.773304030149546, 12.679574256899604 ], [ 76.773305692058017, 12.679566843775763 ], [ 76.773563715113454, 12.679557463253042 ], [ 76.773707512616582, 12.679552235374155 ], [ 76.773829193011437, 12.679547812173459 ], [ 76.773833707055644, 12.679549066485823 ], [ 76.773885057757568, 12.679563333469151 ], [ 76.773930014647618, 12.679575824473929 ], [ 76.774266804993076, 12.679557802290811 ], [ 76.774266802256918, 12.67955767305148 ], [ 76.77426282632635, 12.679370373697134 ], [ 76.774262388858631, 12.679349740596559 ], [ 76.774261950470645, 12.679329107502104 ], [ 76.774260528260356, 12.679087298621223 ], [ 76.774412745336406, 12.679036239824963 ], [ 76.774416074827585, 12.679035270309511 ], [ 76.774421769141654, 12.679033612504426 ], [ 76.774488573989458, 12.679014166516476 ], [ 76.774488409307736, 12.678987197070921 ], [ 76.77448834756629, 12.678977085562508 ], [ 76.774488237434156, 12.678959189093122 ], [ 76.774545094359794, 12.678966720399448 ], [ 76.775298498339382, 12.67906651953257 ], [ 76.775682289476705, 12.679117357058448 ], [ 76.775761032291953, 12.679127787104498 ], [ 76.776049727743199, 12.679166517187005 ], [ 76.776223623402572, 12.67918984617901 ], [ 76.776285078128865, 12.679198090279424 ], [ 76.776521075398904, 12.679229750125385 ], [ 76.776654576851413, 12.679235974101603 ], [ 76.776754548002728, 12.679240635165854 ], [ 76.77683419690608, 12.679229189009467 ], [ 76.776871649828507, 12.679245488082467 ], [ 76.77695186650115, 12.679264407264091 ], [ 76.777107845986095, 12.679300241560979 ], [ 76.777325426179843, 12.679332309447075 ], [ 76.7775196265532, 12.679359772689077 ], [ 76.777578819721427, 12.67938331651748 ], [ 76.777629470221157, 12.679403462773285 ], [ 76.77763903850132, 12.679407268360325 ], [ 76.777641010343515, 12.679433134669024 ], [ 76.777651426854717, 12.67943327831528 ], [ 76.777663611974873, 12.679433445383225 ], [ 76.77767629105584, 12.679434086404585 ], [ 76.777721720425063, 12.679436381235156 ], [ 76.777737207353582, 12.679437163461616 ], [ 76.777769762417378, 12.679438808628415 ], [ 76.777882495513325, 12.679444503816375 ], [ 76.777962019707957, 12.679448522035276 ], [ 76.777979592755798, 12.679502511784495 ], [ 76.777997166733002, 12.679556501525202 ], [ 76.778017320912113, 12.679618420165378 ], [ 76.778116827981705, 12.679611244548736 ], [ 76.778243462204728, 12.679602113035559 ], [ 76.778512110027364, 12.679503099377547 ], [ 76.778522942000365, 12.679452621954489 ], [ 76.778551492308623, 12.67932095540074 ], [ 76.778552413772374, 12.6793167054359 ], [ 76.778597333023143, 12.6793116946178 ], [ 76.779299646641959, 12.679233342264242 ], [ 76.779304217749853, 12.679185146601949 ], [ 76.779374600220024, 12.679189268090791 ], [ 76.779426095844542, 12.679221207804298 ], [ 76.779528355963038, 12.679200224301713 ], [ 76.779763669063598, 12.679151938828149 ], [ 76.780413613935536, 12.679046936728094 ], [ 76.780548800211022, 12.679022353511952 ], [ 76.780549048417839, 12.679022303038678 ], [ 76.780805149070574, 12.678970223870307 ], [ 76.781329804498597, 12.678795613945031 ], [ 76.781346172064659, 12.678790658456396 ], [ 76.782298550636852, 12.678502327667326 ], [ 76.782338977505503, 12.678490088085047 ], [ 76.782428544144722, 12.678452981802321 ], [ 76.782643068790748, 12.678381775867472 ], [ 76.782723388481571, 12.678330829600606 ], [ 76.782800959005385, 12.678298234563439 ], [ 76.782891154522943, 12.678265665997808 ], [ 76.782917320134302, 12.678255871223163 ], [ 76.782924504037837, 12.678253181850515 ], [ 76.782972697898686, 12.678235141303452 ], [ 76.783096106943802, 12.678188945098722 ], [ 76.78310489950951, 12.678185653782062 ], [ 76.783546239857657, 12.678020443398079 ], [ 76.783769472903757, 12.677936878898793 ], [ 76.784157742130859, 12.677791534331977 ], [ 76.784354046221935, 12.677718049604596 ], [ 76.784544888828066, 12.67764660896402 ], [ 76.78466393676635, 12.677602043985363 ], [ 76.784862272462675, 12.677527798660217 ], [ 76.784881991469604, 12.677519245563607 ], [ 76.785146628914433, 12.677404456244494 ], [ 76.785229356214771, 12.677382751310425 ], [ 76.785264844035865, 12.677393534146887 ], [ 76.785526332904027, 12.677472982711809 ], [ 76.785546635920952, 12.677479151893413 ], [ 76.786379794298156, 12.677734112101209 ], [ 76.786673333471427, 12.677807732665965 ], [ 76.786972524155345, 12.677880291680887 ], [ 76.787016955614405, 12.677859014490439 ], [ 76.78709617820455, 12.677821076011979 ], [ 76.787117691105649, 12.677810773411068 ], [ 76.788150706437193, 12.677316075073806 ], [ 76.788169040687066, 12.677307513890485 ], [ 76.788483280714317, 12.677212056475891 ], [ 76.789252296550757, 12.676978448383755 ], [ 76.790590343250045, 12.67657197792165 ], [ 76.791099309122771, 12.676417362220283 ], [ 76.792539817588136, 12.675979753740799 ], [ 76.792776447134202, 12.675895340784718 ], [ 76.792971923102186, 12.675825608713277 ], [ 76.793441252652642, 12.675535527042385 ], [ 76.793988573651532, 12.675280641045198 ], [ 76.79477606845542, 12.674913904201066 ], [ 76.79591234706713, 12.674384732357199 ], [ 76.79628406650302, 12.674211619159271 ], [ 76.796287549745784, 12.674169299007461 ], [ 76.796290462063382, 12.674133915547541 ], [ 76.796308500474282, 12.673910215635329 ], [ 76.796347321576107, 12.673396624400798 ], [ 76.796308056882381, 12.672655789501938 ], [ 76.796295608339761, 12.672420901102127 ], [ 76.796245235674093, 12.671470442290415 ], [ 76.79624027755861, 12.671376885207577 ], [ 76.796230526216689, 12.671321047288771 ], [ 76.796182581995524, 12.671178450759232 ], [ 76.796178910426619, 12.671167484256237 ], [ 76.796109549637194, 12.670971786004463 ], [ 76.796071167334887, 12.670863493465204 ], [ 76.795963449890365, 12.67055957292181 ], [ 76.79590790604496, 12.670402527414124 ], [ 76.795668324579978, 12.669769566313178 ], [ 76.795606285969654, 12.66960045150535 ], [ 76.795184117716104, 12.668470663271231 ], [ 76.794878258541573, 12.667640338949123 ], [ 76.794857212878981, 12.66758754188278 ], [ 76.794559331718588, 12.66684024147369 ], [ 76.794366295058708, 12.666351177322365 ], [ 76.794350155610758, 12.666310288396467 ], [ 76.79415214555506, 12.66580862292342 ], [ 76.794139306776003, 12.665776095305691 ], [ 76.794070488681513, 12.665614184381207 ], [ 76.794056244083919, 12.665583603275982 ], [ 76.793982497864135, 12.665425284166743 ], [ 76.793944437719574, 12.665439372161147 ], [ 76.791014573626853, 12.666195354888378 ], [ 76.79051617248922, 12.666323951509536 ], [ 76.789768429035632, 12.666516881914358 ], [ 76.789136129266922, 12.666739607229108 ], [ 76.78884559845531, 12.666841944812194 ], [ 76.788001768010062, 12.667134195740068 ], [ 76.787434547747637, 12.667330643918426 ], [ 76.786645013136422, 12.667604085721649 ], [ 76.78635246431854, 12.66770540393712 ], [ 76.786159080547975, 12.667779107260765 ], [ 76.785152551218715, 12.667699252117712 ], [ 76.783701754951935, 12.667577419135473 ], [ 76.783575440941846, 12.667566811058192 ], [ 76.783454544723213, 12.667556658313913 ], [ 76.783424976037978, 12.667556395576577 ], [ 76.783313012631979, 12.667589118838432 ], [ 76.782652329094859, 12.667782216774553 ], [ 76.782537760084224, 12.667815701103189 ], [ 76.782521324050805, 12.667820505181554 ], [ 76.782342902383334, 12.66787265162754 ], [ 76.782284148595835, 12.667885876125004 ], [ 76.782080893073115, 12.667931627421234 ], [ 76.781841642508724, 12.66798547998599 ], [ 76.781347341549832, 12.668096741398264 ], [ 76.781313473198608, 12.668105929449547 ], [ 76.780903189109154, 12.668217229410258 ], [ 76.780732746653072, 12.668265627197176 ], [ 76.780678544171593, 12.668287651965372 ], [ 76.78038625310019, 12.668391264502636 ], [ 76.780336483876852, 12.668378146739903 ], [ 76.780332011043342, 12.668376967263976 ], [ 76.780317812756707, 12.668371560276059 ], [ 76.780303613550089, 12.668366153293469 ], [ 76.780255915631528, 12.668214073651679 ], [ 76.780225659655656, 12.668117604335201 ], [ 76.780216690183352, 12.668089005397722 ], [ 76.780213541746662, 12.668074658117533 ], [ 76.780205576248619, 12.66806019935723 ], [ 76.780203369513828, 12.668056193591026 ], [ 76.780197979011348, 12.668046409727598 ], [ 76.780173017849179, 12.66800110080513 ], [ 76.780146772770394, 12.667960334420968 ], [ 76.780140661661534, 12.667950841010033 ], [ 76.78005266486737, 12.66780996996626 ], [ 76.780032312228755, 12.667811777473696 ], [ 76.779953889508803, 12.667822022782133 ], [ 76.779929872206907, 12.667825160032804 ], [ 76.7798430414813, 12.667836502862764 ], [ 76.779819569823658, 12.667838412575463 ], [ 76.77959044623843, 12.667866369236005 ], [ 76.779541611309227, 12.667850704198685 ], [ 76.779524191171618, 12.667845829419326 ], [ 76.779325254163055, 12.66788402663253 ], [ 76.779271026696634, 12.667892378024614 ], [ 76.779250929680515, 12.667895473625912 ], [ 76.779135086459974, 12.667920538936819 ], [ 76.779120099711321, 12.667923416856322 ], [ 76.778877650554435, 12.667970683440757 ], [ 76.778853334112469, 12.667975424305215 ], [ 76.77884506901205, 12.667983720417045 ], [ 76.778835027657323, 12.667993799143675 ], [ 76.778774748434685, 12.668054303341826 ], [ 76.778770606282549, 12.668058460951981 ], [ 76.778749331426852, 12.668062555066568 ], [ 76.778221170045043, 12.668164183889003 ], [ 76.778232809184061, 12.668285623441506 ], [ 76.77823467578159, 12.668305099911768 ], [ 76.77823627142763, 12.668321743568614 ], [ 76.778239290638155, 12.668354242929494 ], [ 76.77824657747405, 12.668432671558758 ], [ 76.778246960491657, 12.668436797101119 ], [ 76.778248222874169, 12.66845038329023 ], [ 76.778248206389023, 12.668453847138331 ], [ 76.778248061514603, 12.668484596011881 ], [ 76.778227374536414, 12.668685256901071 ], [ 76.777950085994334, 12.668754656223269 ], [ 76.777930530886437, 12.668758121422552 ], [ 76.777896535392159, 12.668764145366039 ], [ 76.777878061148854, 12.668766170657774 ], [ 76.777841257073703, 12.668770204905945 ], [ 76.777801972263802, 12.668777845111133 ], [ 76.777676410322343, 12.668802263445423 ], [ 76.777606663119613, 12.66882271027742 ], [ 76.777608292002753, 12.668861948469843 ], [ 76.777608411260076, 12.668864810319196 ], [ 76.777610743934588, 12.668920984672505 ], [ 76.77761161585525, 12.668941989964583 ], [ 76.777616306446234, 12.669054924227305 ], [ 76.777594005092169, 12.669058225172375 ], [ 76.777525152401395, 12.669068419420592 ], [ 76.777456299696482, 12.669078612747843 ], [ 76.777418367560699, 12.66907715426005 ], [ 76.777415349194001, 12.669077037942527 ], [ 76.777410941269522, 12.669076989664491 ], [ 76.777415280798365, 12.66924208123141 ], [ 76.777420930502231, 12.669260716210628 ], [ 76.777473109963992, 12.669442381917799 ], [ 76.777518497579081, 12.66960039368271 ], [ 76.77756165339018, 12.66975063778238 ], [ 76.777577052092681, 12.669804244505775 ], [ 76.77758286577108, 12.669824485513189 ], [ 76.777625314200307, 12.669960318043435 ], [ 76.77761806484456, 12.669974790908642 ], [ 76.777551999740879, 12.670106678290662 ], [ 76.777509864701244, 12.670094003430338 ], [ 76.777508842705629, 12.670096101881962 ], [ 76.777498620945224, 12.670117091833543 ], [ 76.777490800793558, 12.670133152141631 ], [ 76.777482761505823, 12.670139113753095 ], [ 76.777370575081306, 12.670222314443864 ], [ 76.777326687878926, 12.670210653689304 ], [ 76.777300970882749, 12.670203820341889 ], [ 76.777159518665229, 12.670166235134062 ], [ 76.776897124280822, 12.670096515344069 ], [ 76.776892087864681, 12.670095176875869 ], [ 76.776602455834549, 12.670018219555814 ], [ 76.776433859034569, 12.670028411869525 ], [ 76.776265834541505, 12.670060760242926 ], [ 76.775885778421667, 12.670264367099788 ], [ 76.775781802518665, 12.670387685258822 ], [ 76.775705097661174, 12.670478658757911 ], [ 76.775650093483407, 12.670486887229718 ], [ 76.775575716026466, 12.67049801277798 ], [ 76.775390924616545, 12.670525655715029 ], [ 76.774550721732695, 12.670507988076922 ], [ 76.773536150221716, 12.670560939070247 ], [ 76.773433049221254, 12.67056631967392 ], [ 76.773313658778079, 12.67049740159614 ], [ 76.773195590159858, 12.670447363447977 ], [ 76.773107366024391, 12.67040997430248 ], [ 76.773054916578118, 12.670387631571398 ], [ 76.773018005656553, 12.670371877714253 ], [ 76.772991080949424, 12.670360386958675 ], [ 76.772989088985398, 12.670344295444847 ], [ 76.772987329103771, 12.670330082496609 ], [ 76.772984502581892, 12.670307257064861 ], [ 76.772885589753912, 12.670287014677447 ], [ 76.77275782733183, 12.670260868654966 ], [ 76.772735797645367, 12.670256360413028 ], [ 76.772710734120039, 12.670251231526285 ], [ 76.772706223436344, 12.670247375724527 ], [ 76.772686318453026, 12.670230359602078 ], [ 76.772656630915606, 12.67020498161806 ], [ 76.772644452714175, 12.670194570312983 ], [ 76.772612846447288, 12.670167550973932 ], [ 76.772575912759734, 12.67013597893861 ], [ 76.772559297970034, 12.670121775507198 ], [ 76.772553537150571, 12.6701168505849 ], [ 76.77250419933867, 12.670074674393453 ], [ 76.772463703501685, 12.670058337824356 ], [ 76.772370718548927, 12.670020826468756 ], [ 76.772333147194331, 12.670005668960364 ], [ 76.77229473026145, 12.669990170886992 ], [ 76.772269532113981, 12.669986603887857 ], [ 76.772215442620521, 12.669978946728584 ], [ 76.772082263604261, 12.669960092962899 ], [ 76.771955237162615, 12.669942110171389 ], [ 76.771954166427832, 12.669941958218795 ], [ 76.771942790125848, 12.669940347336068 ], [ 76.771892634339238, 12.669933246915802 ], [ 76.771787337084504, 12.669938768935726 ], [ 76.771707546430818, 12.669966255725109 ], [ 76.771677933838561, 12.669963432158262 ], [ 76.771581398838492, 12.66995422812473 ], [ 76.771351542250301, 12.669932312872183 ], [ 76.771054850779436, 12.669904024368639 ], [ 76.770551988614088, 12.669856077986708 ], [ 76.770540477694084, 12.669855101573503 ], [ 76.770181750959679, 12.669824675145419 ], [ 76.770113603672428, 12.669821279908147 ], [ 76.77013075136388, 12.669905097572073 ], [ 76.770031832514107, 12.669929421893556 ], [ 76.769932913640815, 12.669953746180667 ], [ 76.769860043110455, 12.669960511439722 ], [ 76.769517220353208, 12.669992340290246 ], [ 76.769424415946588, 12.670000956380276 ], [ 76.768890724914669, 12.67001625189776 ], [ 76.768787173570814, 12.670019219354741 ], [ 76.768744752440995, 12.670210583724439 ], [ 76.768576097641514, 12.670240952918675 ], [ 76.768568038541432, 12.670193494691073 ], [ 76.76856577598042, 12.670180172657409 ], [ 76.768549544517427, 12.670084581737537 ], [ 76.768561634985957, 12.670065477806435 ], [ 76.768143989137187, 12.670093880450786 ], [ 76.768041063397575, 12.670096938372335 ], [ 76.767490095638678, 12.670113305007021 ], [ 76.767430894739348, 12.670115063340923 ], [ 76.767405330819372, 12.670116660493649 ], [ 76.767123153203968, 12.67013428972313 ], [ 76.766482657088673, 12.670174305012363 ], [ 76.766225587682243, 12.67019036457442 ], [ 76.76597003262961, 12.670244131018984 ], [ 76.765960323581155, 12.670247351017167 ], [ 76.765901725783195, 12.670266785364429 ], [ 76.765904824601876, 12.670282723205544 ], [ 76.765915230932904, 12.670336237509508 ], [ 76.765701843104111, 12.670400077937032 ], [ 76.765700144158515, 12.670400003346133 ], [ 76.765436827613769, 12.67038840894844 ], [ 76.765124498504605, 12.670374656573028 ], [ 76.764966912460878, 12.670345359302621 ], [ 76.764907722989093, 12.670334354786405 ], [ 76.764807983031048, 12.67033126366808 ], [ 76.764787416108049, 12.670330626407111 ], [ 76.76473864206217, 12.670335970345702 ], [ 76.764655758457039, 12.670345050468471 ], [ 76.76452377699033, 12.670359510059345 ], [ 76.764504801072789, 12.670361589299388 ], [ 76.764358364793253, 12.67037763163796 ], [ 76.764346842547027, 12.67037889400226 ], [ 76.764176710478083, 12.670397533084243 ], [ 76.764154224336195, 12.670399996243304 ], [ 76.763926672000849, 12.670447364314201 ], [ 76.763891746134689, 12.670467866022644 ], [ 76.76388067690695, 12.670474363489097 ], [ 76.763600469298055, 12.670638842402747 ], [ 76.763504143117387, 12.670695384968866 ], [ 76.763405094734566, 12.67075352558116 ], [ 76.763235091354986, 12.67085331490722 ], [ 76.763229618612911, 12.670856527514335 ], [ 76.76319984813199, 12.67087400213479 ], [ 76.762852709538038, 12.671077767630782 ], [ 76.76261055861913, 12.671219906457397 ], [ 76.762604193746938, 12.671223642000331 ], [ 76.762589327717663, 12.671232368306796 ], [ 76.762567223963075, 12.671245343030687 ], [ 76.762206995117722, 12.671456790985181 ], [ 76.761852262248411, 12.671665011323139 ], [ 76.761812769108758, 12.671688193308848 ], [ 76.761800832412064, 12.671695199923823 ], [ 76.761743906760628, 12.67170301259417 ], [ 76.761631992326969, 12.671718371974874 ], [ 76.761332278126517, 12.671759506375844 ], [ 76.761144803457015, 12.671788790833549 ], [ 76.760796098967973, 12.67182130857231 ], [ 76.760582095629303, 12.671841264641719 ], [ 76.76046913340096, 12.671851798204871 ], [ 76.760260233094456, 12.671871278226968 ], [ 76.759689901716385, 12.671924462313772 ], [ 76.759603271921037, 12.67193254070588 ], [ 76.757892302774565, 12.672092080562633 ], [ 76.757012087984251, 12.67216021884294 ], [ 76.756972038941441, 12.672163491669297 ], [ 76.756316346337954, 12.67221707178294 ], [ 76.756242349977484, 12.672229029295744 ], [ 76.756086454599796, 12.672254222151043 ], [ 76.755851586395465, 12.672284685537962 ], [ 76.755725470379105, 12.672301129675205 ], [ 76.755570184484242, 12.672321377453654 ], [ 76.755503646118726, 12.672330053154241 ], [ 76.755479200301579, 12.672326549195915 ], [ 76.755487456458908, 12.672778055501807 ], [ 76.755490638342295, 12.672952067518166 ], [ 76.755498512162035, 12.673382666220839 ], [ 76.755501146427747, 12.673517837303152 ], [ 76.755549328280537, 12.675601448950404 ], [ 76.75554961959925, 12.675614008633447 ], [ 76.755572495946041, 12.676603252408643 ], [ 76.755585229840989, 12.677056177029398 ], [ 76.755600870537677, 12.677712595433597 ], [ 76.755604233869377, 12.677853747323766 ], [ 76.755621664922415, 12.678585325520535 ], [ 76.755624536949639, 12.678809004694985 ], [ 76.755628272491933, 12.679294539276206 ], [ 76.755985153670366, 12.679440322932795 ], [ 76.756008857256987, 12.679450005348814 ], [ 76.757485185034412, 12.680106469323521 ], [ 76.757646544398526, 12.680168963079943 ], [ 76.757751034661524, 12.680209431364354 ], [ 76.758148073241898, 12.680363209688977 ], [ 76.758348265638858, 12.680430406699051 ], [ 76.758431730679902, 12.680458422388543 ], [ 76.758450920197888, 12.680465344073133 ], [ 76.759134042418339, 12.680711947929632 ], [ 76.759234667566645, 12.680748273247291 ], [ 76.75935665986988, 12.68079291219637 ], [ 76.759623374235801, 12.680890506287822 ], [ 76.759780141714913, 12.68094792376354 ], [ 76.7598218039968, 12.680963681340275 ], [ 76.759920500182488, 12.681001009827563 ], [ 76.760772451454528, 12.681323756721685 ], [ 76.760996445273719, 12.681403662732079 ], [ 76.765074937950189, 12.68285855241837 ], [ 76.765178075524275, 12.682860484043795 ], [ 76.765245074377518, 12.682770184634201 ], [ 76.765312072264976, 12.68267988521947 ], [ 76.765354583957532, 12.682622588183191 ], [ 76.765485606003281, 12.68244599798718 ], [ 76.765549459625561, 12.682359937034857 ], [ 76.765581299308352, 12.682317023285243 ], [ 76.766562058314918, 12.680994498350517 ], [ 76.766619873850615, 12.680917230755218 ], [ 76.767071321801268, 12.680376315021485 ], [ 76.767098933310479, 12.680343231179455 ] ] ] } },
{ "type": "Feature", "properties": { "OBJECTID": 18876, "KGISVillageID": 24150, "KGISVillageCode": "2205090028", "KGISVillageName": "Harakadhahalli", "KGISHobliID": 120, "UniqueVillageCode": "2205090028_1", "Bhucode": "220501001020", "CensusVillageCode": "2957305550614352", "BhoomiVillageCode": "2205090028", "created_user": null, "created_date": null, "last_edited_user": null, "last_edited_date": null, "LGDGPCode": "219353", "LGDGPCode_Secondary": null, "Category": "Cadastral data available and has bhoomi linkage", "SHAPE.STArea()": 3090329.7399194348, "SHAPE.STLength()": 8353.1990582253984, "LGD_VillageCode": 614352.0, "_overlap_percent": 100.00000000000003, "_police_station": "Basaralu PS", "_police_feature_index": "485", "_admin_layer": "Village", "_geometry_clipped": true }, "geometry": { "type": "Polygon", "coordinates": [ [ [ 76.791130008467761, 12.698879312397452 ], [ 76.791143407611585, 12.698885229220608 ], [ 76.791223065512597, 12.698920402485943 ], [ 76.791260835054899, 12.698937080136735 ], [ 76.791413258979901, 12.69906028107496 ], [ 76.791453835262075, 12.699093077806888 ], [ 76.791517254871309, 12.699050304227896 ], [ 76.791547508026184, 12.699063662870515 ], [ 76.791698697508181, 12.698964584534171 ], [ 76.791821589853541, 12.698884050675174 ], [ 76.791747079417149, 12.698895299191383 ], [ 76.791688043938763, 12.698848939517283 ], [ 76.791688210609195, 12.698848812751288 ], [ 76.791449881173136, 12.698647559731844 ], [ 76.791504606427665, 12.698617588808499 ], [ 76.791633087362698, 12.698547224053065 ], [ 76.79164450329742, 12.698540898390773 ], [ 76.792082187875337, 12.698332050619097 ], [ 76.792161014471375, 12.698294437141548 ], [ 76.792531531640151, 12.698091140221901 ], [ 76.792587379710724, 12.698060497162331 ], [ 76.792613537820102, 12.698046143872039 ], [ 76.79283531473699, 12.697988677861856 ], [ 76.79317736354848, 12.697900046480655 ], [ 76.793628913548631, 12.697783040078988 ], [ 76.793688580799241, 12.69776757894248 ], [ 76.793706129567084, 12.697765396762799 ], [ 76.793797348586097, 12.697754056513563 ], [ 76.793806781577388, 12.697752883686489 ], [ 76.794480047571611, 12.69766917884848 ], [ 76.794914188122434, 12.697568353812107 ], [ 76.795579623788484, 12.69739322390126 ], [ 76.795617647048076, 12.697379157955957 ], [ 76.795651369694482, 12.697367543522985 ], [ 76.795785629973778, 12.697321663081983 ], [ 76.79580656579904, 12.697314508158803 ], [ 76.79675555727313, 12.697034469570395 ], [ 76.796846934105062, 12.697007528855671 ], [ 76.797054269588557, 12.696946418830136 ], [ 76.797188121425194, 12.696907478746922 ], [ 76.798073650691578, 12.696649860704952 ], [ 76.798313634415791, 12.696590499977145 ], [ 76.798847310127655, 12.696458491959518 ], [ 76.798978052702694, 12.696426151504802 ], [ 76.799054741900534, 12.696405604300987 ], [ 76.799836964955659, 12.696196021146122 ], [ 76.80058318838266, 12.696022242555106 ], [ 76.800711548859795, 12.695988089800981 ], [ 76.800980301946836, 12.695916582267616 ], [ 76.800979001077479, 12.695890028586373 ], [ 76.800977614296002, 12.6958617327951 ], [ 76.800975648171459, 12.695821365916949 ], [ 76.800967736623292, 12.695818935715286 ], [ 76.800955497132222, 12.695671048946586 ], [ 76.800905718383063, 12.69506958272884 ], [ 76.800893785031363, 12.694869813494606 ], [ 76.800876285392576, 12.694637573739479 ], [ 76.800875530938455, 12.694627566507359 ], [ 76.80086168625742, 12.694443468251235 ], [ 76.800831570511249, 12.694042996836007 ], [ 76.800814289946132, 12.693813206903583 ], [ 76.800811186863299, 12.693772568424531 ], [ 76.800766464269515, 12.693295484994348 ], [ 76.800719135176934, 12.692790590336408 ], [ 76.800699520191046, 12.692581335316756 ], [ 76.800696277640014, 12.692544025885287 ], [ 76.800693036030339, 12.692506719158832 ], [ 76.800612169977782, 12.692028236551517 ], [ 76.800545046734157, 12.691631068334811 ], [ 76.800454141293599, 12.691093177900417 ], [ 76.800445888666019, 12.691054144365674 ], [ 76.800427708333757, 12.690968155236577 ], [ 76.800395081718051, 12.69081384433348 ], [ 76.800388447515317, 12.690782658213605 ], [ 76.80037137780009, 12.690705089385752 ], [ 76.800344972484751, 12.690561206007828 ], [ 76.80016337451579, 12.68964597250387 ], [ 76.800050756339701, 12.68905866870946 ], [ 76.80003319462908, 12.68898178920808 ], [ 76.800002833735334, 12.688848874096726 ], [ 76.799975299638447, 12.688728336631332 ], [ 76.799940688624048, 12.688536269194341 ], [ 76.799650900525975, 12.687005450540473 ], [ 76.799188884883804, 12.685377888379207 ], [ 76.798802145332999, 12.683945942267869 ], [ 76.798639440429156, 12.683163019405628 ], [ 76.798165883494448, 12.681312646113712 ], [ 76.796357249518167, 12.67448778455536 ], [ 76.79628406650302, 12.674211619159271 ], [ 76.79591234706713, 12.674384732357199 ], [ 76.79477606845542, 12.674913904201066 ], [ 76.793988573651532, 12.675280641045198 ], [ 76.793441252652642, 12.675535527042385 ], [ 76.792971923102186, 12.675825608713277 ], [ 76.792776447134202, 12.675895340784718 ], [ 76.792539817588136, 12.675979753740799 ], [ 76.791099309122771, 12.676417362220283 ], [ 76.790590343250045, 12.67657197792165 ], [ 76.789252296550757, 12.676978448383755 ], [ 76.788483280714317, 12.677212056475891 ], [ 76.788169040687066, 12.677307513890485 ], [ 76.788150706437193, 12.677316075073806 ], [ 76.787117691105649, 12.677810773411068 ], [ 76.78709617820455, 12.677821076011979 ], [ 76.787016955614405, 12.677859014490439 ], [ 76.786972524155345, 12.677880291680887 ], [ 76.78702224122641, 12.677993611208493 ], [ 76.787505891807356, 12.679095995146625 ], [ 76.78797022785055, 12.68031421670932 ], [ 76.788331655864596, 12.681096788652019 ], [ 76.78838428782133, 12.681193996122234 ], [ 76.788477395760935, 12.68140941523793 ], [ 76.788593682451207, 12.682201534499324 ], [ 76.788362582537189, 12.682226565015776 ], [ 76.788357398616441, 12.682281937129368 ], [ 76.788269756191468, 12.682297067013639 ], [ 76.78824914583457, 12.68239845347731 ], [ 76.788185893184306, 12.682400214219875 ], [ 76.788192715173267, 12.682429151634175 ], [ 76.788166988426397, 12.682615902730616 ], [ 76.788298086927199, 12.683125749685315 ], [ 76.78835526163121, 12.683525820986919 ], [ 76.78834335500305, 12.683885159633371 ], [ 76.788341053469154, 12.683958855942295 ], [ 76.787897994813889, 12.684150644886266 ], [ 76.787008028019315, 12.684443834765403 ], [ 76.786975141284543, 12.684461627661973 ], [ 76.786953931545156, 12.68447310243655 ], [ 76.78695820743792, 12.684495886135304 ], [ 76.786962483325397, 12.684518668929982 ], [ 76.786990392524913, 12.684507889379386 ], [ 76.786989884378201, 12.684516864842401 ], [ 76.786985927865302, 12.684586693712589 ], [ 76.786983729083005, 12.68462846295003 ], [ 76.786981530294597, 12.684670231283595 ], [ 76.786980434598362, 12.684691051701005 ], [ 76.786971537728817, 12.684860039261018 ], [ 76.786999896320864, 12.684995458708446 ], [ 76.787012693812599, 12.685056572524251 ], [ 76.787065111848932, 12.68520035382444 ], [ 76.787070181174997, 12.685228787839895 ], [ 76.78707449992865, 12.685247682695689 ], [ 76.787116325803765, 12.685430675613306 ], [ 76.787152378230346, 12.685588412809633 ], [ 76.787154730380152, 12.685598703175204 ], [ 76.78716159545597, 12.685611649549859 ], [ 76.787173759838396, 12.685665005875354 ], [ 76.787176782640188, 12.685678262825316 ], [ 76.787215061198722, 12.685746171491191 ], [ 76.787218320290293, 12.68575265669091 ], [ 76.787284177150724, 12.685883706546569 ], [ 76.787288350212847, 12.685892010555643 ], [ 76.787294822659661, 12.68590488996669 ], [ 76.787315899890771, 12.685946830701928 ], [ 76.787317512138372, 12.685986439295291 ], [ 76.78732140099649, 12.686081966377252 ], [ 76.787325959999066, 12.686193971438946 ], [ 76.787328025529277, 12.686244707520268 ], [ 76.787327174309667, 12.686262826360649 ], [ 76.787323652365714, 12.686337786407828 ], [ 76.787318362900905, 12.686450343124546 ], [ 76.787316956967572, 12.686480259693703 ], [ 76.787323710404266, 12.6865471104718 ], [ 76.787324351184722, 12.686633242646689 ], [ 76.787327413883204, 12.68673860150291 ], [ 76.787327984531871, 12.686907140266655 ], [ 76.787317668543906, 12.687032223508838 ], [ 76.78731218885909, 12.687098664881152 ], [ 76.787354832520492, 12.687397663222862 ], [ 76.787357029877171, 12.687413073369752 ], [ 76.787373635735605, 12.687529507773787 ], [ 76.787374268785328, 12.687533944339814 ], [ 76.787389175859047, 12.687638469631739 ], [ 76.787395846402475, 12.687733919222758 ], [ 76.787392645161248, 12.687815643647641 ], [ 76.787392523213569, 12.687818747532718 ], [ 76.787391817533731, 12.687836744270362 ], [ 76.787391604227864, 12.687842190756808 ], [ 76.787399101997167, 12.687943118697017 ], [ 76.78740192880754, 12.687981174354618 ], [ 76.787404755619519, 12.688019230011959 ], [ 76.787405110926144, 12.688025157158306 ], [ 76.787410285532232, 12.688111379026362 ], [ 76.787415012346855, 12.688241854887375 ], [ 76.787418562613084, 12.68837048206872 ], [ 76.78742029902277, 12.688433402116564 ], [ 76.78742128003627, 12.688468954660022 ], [ 76.787422597338846, 12.688516676761507 ], [ 76.78744509468001, 12.688635263429131 ], [ 76.787466594232768, 12.68874859434265 ], [ 76.787491244050742, 12.688878523925522 ], [ 76.787501757247952, 12.688976723488503 ], [ 76.787506457860502, 12.689020623752448 ], [ 76.78751847492525, 12.689132868723162 ], [ 76.787522617162168, 12.689171556378644 ], [ 76.787523598629818, 12.689180403402442 ], [ 76.787542907810646, 12.689354468938889 ], [ 76.78754329098679, 12.689357925557367 ], [ 76.787544647850652, 12.689363972505921 ], [ 76.787561159219578, 12.689437556648306 ], [ 76.787577922385353, 12.689512260824108 ], [ 76.787646932083291, 12.689819731753643 ], [ 76.787677156425744, 12.689954393601033 ], [ 76.78769297787882, 12.690346938965275 ], [ 76.787698693758315, 12.690511290534554 ], [ 76.787700966484906, 12.69057663480589 ], [ 76.78766216163055, 12.69057891624284 ], [ 76.787622442974538, 12.690581251732107 ], [ 76.787587710865836, 12.690583653075725 ], [ 76.787486875948545, 12.690590625653767 ], [ 76.787430309857001, 12.690594537018455 ], [ 76.787436981395302, 12.690834462072582 ], [ 76.787437112440827, 12.690837539849095 ], [ 76.787447617691655, 12.691085534354173 ], [ 76.787457202244312, 12.691324545837123 ], [ 76.787460126096065, 12.691397443177356 ], [ 76.787460139434202, 12.691397771200609 ], [ 76.787460221884899, 12.691399822481955 ], [ 76.787423897320465, 12.69152461708874 ], [ 76.787424141804578, 12.69158849986616 ], [ 76.787397125247651, 12.691588254188167 ], [ 76.787404524872855, 12.692022070150713 ], [ 76.78740556012248, 12.692082779459518 ], [ 76.787398997678125, 12.692154070263591 ], [ 76.787387525169436, 12.69227870209445 ], [ 76.787421374255189, 12.692598564300816 ], [ 76.787412836556683, 12.692673736158016 ], [ 76.787376128067649, 12.692996942308087 ], [ 76.787374982391142, 12.693007033846936 ], [ 76.787373835794014, 12.693017125391984 ], [ 76.787372671019625, 12.693027382471769 ], [ 76.787371505324643, 12.693037639557739 ], [ 76.787369561470214, 12.693041536670565 ], [ 76.787335177297237, 12.693164335082946 ], [ 76.78728679774045, 12.69326302146535 ], [ 76.787176341168333, 12.693409742790818 ], [ 76.787069298840862, 12.693605207922712 ], [ 76.787061292007181, 12.693619829857631 ], [ 76.787041408281397, 12.693634480216161 ], [ 76.787026136220661, 12.6936457334353 ], [ 76.786955347434002, 12.693697892693891 ], [ 76.786701152906332, 12.693709859996446 ], [ 76.786459814295284, 12.693683483280335 ], [ 76.786093990365515, 12.69358758752465 ], [ 76.785437717231758, 12.693303686040524 ], [ 76.784873616245832, 12.69305819053241 ], [ 76.7846400446507, 12.693075906016247 ], [ 76.784280786490541, 12.693103406419764 ], [ 76.784135750175565, 12.693146612835067 ], [ 76.784116711438003, 12.693152284356541 ], [ 76.784127225254409, 12.693179780665497 ], [ 76.784129566756604, 12.693185903275225 ], [ 76.784138471181379, 12.693184459575788 ], [ 76.78413999330418, 12.693190183650986 ], [ 76.784141515420757, 12.693195906822297 ], [ 76.784143565681845, 12.693202247419658 ], [ 76.784194648041037, 12.693411442139812 ], [ 76.784180346377056, 12.693412553324302 ], [ 76.784217939796065, 12.693603407375917 ], [ 76.78430879153025, 12.694285910108807 ], [ 76.784364172445549, 12.694679235180864 ], [ 76.784380317630351, 12.694708010587068 ], [ 76.784417711021106, 12.694774658228805 ], [ 76.784457621154615, 12.694793602219134 ], [ 76.784466102532448, 12.694797628095484 ], [ 76.7845371800328, 12.694831366295363 ], [ 76.784546163906114, 12.694835631034429 ], [ 76.784552397932387, 12.694838590054292 ], [ 76.784559661883364, 12.694842038388115 ], [ 76.784626415154534, 12.694819539149128 ], [ 76.784632845349932, 12.694825412809452 ], [ 76.784650562655727, 12.694841594520515 ], [ 76.784690146014896, 12.694886811435662 ], [ 76.78480900398705, 12.694986309278663 ], [ 76.784872276498305, 12.694985084821337 ], [ 76.785268357409493, 12.694977417458302 ], [ 76.786132869311032, 12.695055884682496 ], [ 76.786719930920142, 12.694974106139842 ], [ 76.786966171368292, 12.694940109202539 ], [ 76.787017854078158, 12.69502025293469 ], [ 76.787046063193614, 12.695063996737753 ], [ 76.787072936877522, 12.695077874067604 ], [ 76.787100253473056, 12.69529556082896 ], [ 76.787095138576419, 12.695316413717855 ], [ 76.787073966515081, 12.695402740603921 ], [ 76.787089252668039, 12.69553941743345 ], [ 76.787136770183082, 12.695650348624257 ], [ 76.787291524222695, 12.696102677467081 ], [ 76.78732493400922, 12.696165894908843 ], [ 76.787530118773887, 12.69612416527306 ], [ 76.787561968241732, 12.696117687719077 ], [ 76.787628779675984, 12.696181793767213 ], [ 76.787742026637957, 12.696290455357557 ], [ 76.787800717278358, 12.696349569614581 ], [ 76.787855657556889, 12.696404907345384 ], [ 76.787907704166059, 12.696457330518884 ], [ 76.787960503026056, 12.696510685044348 ], [ 76.788040476030034, 12.696591500234277 ], [ 76.788060435677181, 12.696611669905394 ], [ 76.788084357982143, 12.696634898767387 ], [ 76.788134132497333, 12.696683232616129 ], [ 76.788152216061931, 12.696700792726345 ], [ 76.788166379540016, 12.696714271055106 ], [ 76.78819437377507, 12.696740910877415 ], [ 76.788262403373764, 12.696805651182716 ], [ 76.788276913019473, 12.696884329419479 ], [ 76.788281913844742, 12.696911446833758 ], [ 76.788286914665136, 12.696938563343874 ], [ 76.788289559579766, 12.696952906559302 ], [ 76.788341087591945, 12.696966801104915 ], [ 76.788449078211144, 12.696993262540783 ], [ 76.788499910648781, 12.697007348845849 ], [ 76.788538595585848, 12.697018068649109 ], [ 76.788571827778284, 12.697056740985698 ], [ 76.788613447159094, 12.697105173062287 ], [ 76.788655066556046, 12.697153605130056 ], [ 76.788668069665945, 12.697168737231706 ], [ 76.788786606014966, 12.697306676723684 ], [ 76.788835748521919, 12.697363862860351 ], [ 76.788881381603403, 12.697433960325798 ], [ 76.789232997509075, 12.697974078766078 ], [ 76.789339889051206, 12.698102507941787 ], [ 76.78938839746678, 12.698171795895359 ], [ 76.789436904983091, 12.698241082938567 ], [ 76.789479363267219, 12.698301729784797 ], [ 76.789488098201275, 12.698314206956919 ], [ 76.789527540713621, 12.698370546294946 ], [ 76.789573886889585, 12.698437502278395 ], [ 76.789622709812164, 12.698508036324492 ], [ 76.789725664126337, 12.698886616612736 ], [ 76.789802905873117, 12.698847937926054 ], [ 76.78979613584157, 12.6990112977366 ], [ 76.789829338272639, 12.69935538944585 ], [ 76.789911000676838, 12.699329412203827 ], [ 76.789956002783768, 12.699320816372808 ], [ 76.790186557374355, 12.699276777408841 ], [ 76.790439268111058, 12.699228506802017 ], [ 76.790528032840285, 12.699211551105533 ], [ 76.790547364107383, 12.699197658033766 ], [ 76.790668064705486, 12.699110912535229 ], [ 76.790916400986617, 12.698932435743586 ], [ 76.791025806571753, 12.698905226971529 ], [ 76.791130008467761, 12.698879312397452 ] ] ] } },
{ "type": "Feature", "properties": { "OBJECTID": 18893, "KGISVillageID": 24167, "KGISVillageCode": "2205090026", "KGISVillageName": "Mutthegere", "KGISHobliID": 120, "UniqueVillageCode": "2205090026_1", "Bhucode": "220501001037", "CensusVillageCode": "2957305550614312", "BhoomiVillageCode": "2205090026", "created_user": null, "created_date": null, "last_edited_user": null, "last_edited_date": null, "LGDGPCode": "219353", "LGDGPCode_Secondary": null, "Category": "Cadastral data available and has bhoomi linkage", "SHAPE.STArea()": 4821435.3122961801, "SHAPE.STLength()": 9922.9002007424715, "LGD_VillageCode": 614312.0, "_overlap_percent": 99.999999999999943, "_police_station": "Basaralu PS", "_police_feature_index": "485", "_admin_layer": "Village", "_geometry_clipped": true }, "geometry": { "type": "Polygon", "coordinates": [ [ [ 76.781093820676546, 12.697326683670058 ], [ 76.781529416370105, 12.697388654451295 ], [ 76.781536368739964, 12.697410548027468 ], [ 76.781553820674446, 12.697410430884588 ], [ 76.781647176759236, 12.697379155865045 ], [ 76.781945903386131, 12.697279081471567 ], [ 76.78304187799003, 12.696911919642812 ], [ 76.783210675738346, 12.696855370610272 ], [ 76.783243173376931, 12.696820988692449 ], [ 76.783855610916945, 12.69661943581152 ], [ 76.783860393495161, 12.696618222280083 ], [ 76.783903021271286, 12.696607401810111 ], [ 76.784037629961446, 12.696573234705584 ], [ 76.784088986559127, 12.696560198847687 ], [ 76.784186158975061, 12.696535533747408 ], [ 76.784322246272609, 12.696500991395693 ], [ 76.78449526516502, 12.696457074076591 ], [ 76.784563764140643, 12.696439687238701 ], [ 76.784650760557099, 12.696416077446418 ], [ 76.78466068849977, 12.696413660571976 ], [ 76.784660841067378, 12.696413623390423 ], [ 76.784662110324561, 12.696413314763806 ], [ 76.785110691851713, 12.696304107106547 ], [ 76.785342827961614, 12.696187000252841 ], [ 76.785700860393604, 12.696006382104349 ], [ 76.786138782550694, 12.69572734159928 ], [ 76.786520621754462, 12.695649224641375 ], [ 76.786773379340985, 12.695622896854077 ], [ 76.786929690288829, 12.695506884876814 ], [ 76.787073966515081, 12.695402740603921 ], [ 76.787095138576419, 12.695316413717855 ], [ 76.787100253473056, 12.69529556082896 ], [ 76.787072936877522, 12.695077874067604 ], [ 76.787046063193614, 12.695063996737753 ], [ 76.787017854078158, 12.69502025293469 ], [ 76.786966171368292, 12.694940109202539 ], [ 76.786719930920142, 12.694974106139842 ], [ 76.786132869311032, 12.695055884682496 ], [ 76.785268357409493, 12.694977417458302 ], [ 76.784872276498305, 12.694985084821337 ], [ 76.78480900398705, 12.694986309278663 ], [ 76.784690146014896, 12.694886811435662 ], [ 76.784650562655727, 12.694841594520515 ], [ 76.784632845349932, 12.694825412809452 ], [ 76.784626415154534, 12.694819539149128 ], [ 76.784559661883364, 12.694842038388115 ], [ 76.784552397932387, 12.694838590054292 ], [ 76.784546163906114, 12.694835631034429 ], [ 76.7845371800328, 12.694831366295363 ], [ 76.784466102532448, 12.694797628095484 ], [ 76.784457621154615, 12.694793602219134 ], [ 76.784417711021106, 12.694774658228805 ], [ 76.784380317630351, 12.694708010587068 ], [ 76.784364172445549, 12.694679235180864 ], [ 76.78430879153025, 12.694285910108807 ], [ 76.784217939796065, 12.693603407375917 ], [ 76.784180346377056, 12.693412553324302 ], [ 76.784194648041037, 12.693411442139812 ], [ 76.784143565681845, 12.693202247419658 ], [ 76.784141515420757, 12.693195906822297 ], [ 76.78413999330418, 12.693190183650986 ], [ 76.784138471181379, 12.693184459575788 ], [ 76.784129566756604, 12.693185903275225 ], [ 76.784127225254409, 12.693179780665497 ], [ 76.784116711438003, 12.693152284356541 ], [ 76.784135750175565, 12.693146612835067 ], [ 76.784280786490541, 12.693103406419764 ], [ 76.7846400446507, 12.693075906016247 ], [ 76.784873616245832, 12.69305819053241 ], [ 76.785437717231758, 12.693303686040524 ], [ 76.786093990365515, 12.69358758752465 ], [ 76.786459814295284, 12.693683483280335 ], [ 76.786701152906332, 12.693709859996446 ], [ 76.786955347434002, 12.693697892693891 ], [ 76.787026136220661, 12.6936457334353 ], [ 76.787041408281397, 12.693634480216161 ], [ 76.787061292007181, 12.693619829857631 ], [ 76.787069298840862, 12.693605207922712 ], [ 76.787176341168333, 12.693409742790818 ], [ 76.78728679774045, 12.69326302146535 ], [ 76.787335177297237, 12.693164335082946 ], [ 76.787369561470214, 12.693041536670565 ], [ 76.787371505324643, 12.693037639557739 ], [ 76.787372671019625, 12.693027382471769 ], [ 76.787373835794014, 12.693017125391984 ], [ 76.787374982391142, 12.693007033846936 ], [ 76.787376128067649, 12.692996942308087 ], [ 76.787412836556683, 12.692673736158016 ], [ 76.787421374255189, 12.692598564300816 ], [ 76.787387525169436, 12.69227870209445 ], [ 76.787398997678125, 12.692154070263591 ], [ 76.78740556012248, 12.692082779459518 ], [ 76.787404524872855, 12.692022070150713 ], [ 76.787397125247651, 12.691588254188167 ], [ 76.787424141804578, 12.69158849986616 ], [ 76.787423897320465, 12.69152461708874 ], [ 76.787460221884899, 12.691399822481955 ], [ 76.787460139434202, 12.691397771200609 ], [ 76.787460126096065, 12.691397443177356 ], [ 76.787457202244312, 12.691324545837123 ], [ 76.787447617691655, 12.691085534354173 ], [ 76.787437112440827, 12.690837539849095 ], [ 76.787436981395302, 12.690834462072582 ], [ 76.787430309857001, 12.690594537018455 ], [ 76.787486875948545, 12.690590625653767 ], [ 76.787587710865836, 12.690583653075725 ], [ 76.787622442974538, 12.690581251732107 ], [ 76.78766216163055, 12.69057891624284 ], [ 76.787700966484906, 12.69057663480589 ], [ 76.787698693758315, 12.690511290534554 ], [ 76.78769297787882, 12.690346938965275 ], [ 76.787677156425744, 12.689954393601033 ], [ 76.787646932083291, 12.689819731753643 ], [ 76.787577922385353, 12.689512260824108 ], [ 76.787561159219578, 12.689437556648306 ], [ 76.787544647850652, 12.689363972505921 ], [ 76.78754329098679, 12.689357925557367 ], [ 76.787542907810646, 12.689354468938889 ], [ 76.787523598629818, 12.689180403402442 ], [ 76.787522617162168, 12.689171556378644 ], [ 76.78751847492525, 12.689132868723162 ], [ 76.787506457860502, 12.689020623752448 ], [ 76.787501757247952, 12.688976723488503 ], [ 76.787491244050742, 12.688878523925522 ], [ 76.787466594232768, 12.68874859434265 ], [ 76.78744509468001, 12.688635263429131 ], [ 76.787422597338846, 12.688516676761507 ], [ 76.78742128003627, 12.688468954660022 ], [ 76.78742029902277, 12.688433402116564 ], [ 76.787418562613084, 12.68837048206872 ], [ 76.787415012346855, 12.688241854887375 ], [ 76.787410285532232, 12.688111379026362 ], [ 76.787405110926144, 12.688025157158306 ], [ 76.787404755619519, 12.688019230011959 ], [ 76.78740192880754, 12.687981174354618 ], [ 76.787399101997167, 12.687943118697017 ], [ 76.787391604227864, 12.687842190756808 ], [ 76.787391817533731, 12.687836744270362 ], [ 76.787392523213569, 12.687818747532718 ], [ 76.787392645161248, 12.687815643647641 ], [ 76.787395846402475, 12.687733919222758 ], [ 76.787389175859047, 12.687638469631739 ], [ 76.787374268785328, 12.687533944339814 ], [ 76.787373635735605, 12.687529507773787 ], [ 76.787357029877171, 12.687413073369752 ], [ 76.787354832520492, 12.687397663222862 ], [ 76.78731218885909, 12.687098664881152 ], [ 76.787317668543906, 12.687032223508838 ], [ 76.787327984531871, 12.686907140266655 ], [ 76.787327413883204, 12.68673860150291 ], [ 76.787324351184722, 12.686633242646689 ], [ 76.787323710404266, 12.6865471104718 ], [ 76.787316956967572, 12.686480259693703 ], [ 76.787318362900905, 12.686450343124546 ], [ 76.787323652365714, 12.686337786407828 ], [ 76.787327174309667, 12.686262826360649 ], [ 76.787328025529277, 12.686244707520268 ], [ 76.787325959999066, 12.686193971438946 ], [ 76.78732140099649, 12.686081966377252 ], [ 76.787317512138372, 12.685986439295291 ], [ 76.787315899890771, 12.685946830701928 ], [ 76.787294822659661, 12.68590488996669 ], [ 76.787288350212847, 12.685892010555643 ], [ 76.787284177150724, 12.685883706546569 ], [ 76.787218320290293, 12.68575265669091 ], [ 76.787215061198722, 12.685746171491191 ], [ 76.787176782640188, 12.685678262825316 ], [ 76.787173759838396, 12.685665005875354 ], [ 76.78716159545597, 12.685611649549859 ], [ 76.787154730380152, 12.685598703175204 ], [ 76.787152378230346, 12.685588412809633 ], [ 76.787116325803765, 12.685430675613306 ], [ 76.78707449992865, 12.685247682695689 ], [ 76.787070181174997, 12.685228787839895 ], [ 76.787065111848932, 12.68520035382444 ], [ 76.787012693812599, 12.685056572524251 ], [ 76.786999896320864, 12.684995458708446 ], [ 76.786971537728817, 12.684860039261018 ], [ 76.786980434598362, 12.684691051701005 ], [ 76.786981530294597, 12.684670231283595 ], [ 76.786983729083005, 12.68462846295003 ], [ 76.786985927865302, 12.684586693712589 ], [ 76.786989884378201, 12.684516864842401 ], [ 76.786990392524913, 12.684507889379386 ], [ 76.786962483325397, 12.684518668929982 ], [ 76.78695820743792, 12.684495886135304 ], [ 76.786953931545156, 12.68447310243655 ], [ 76.786975141284543, 12.684461627661973 ], [ 76.787008028019315, 12.684443834765403 ], [ 76.787897994813889, 12.684150644886266 ], [ 76.788341053469154, 12.683958855942295 ], [ 76.78834335500305, 12.683885159633371 ], [ 76.78835526163121, 12.683525820986919 ], [ 76.788298086927199, 12.683125749685315 ], [ 76.788166988426397, 12.682615902730616 ], [ 76.788192715173267, 12.682429151634175 ], [ 76.788185893184306, 12.682400214219875 ], [ 76.78824914583457, 12.68239845347731 ], [ 76.788269756191468, 12.682297067013639 ], [ 76.788357398616441, 12.682281937129368 ], [ 76.788362582537189, 12.682226565015776 ], [ 76.788593682451207, 12.682201534499324 ], [ 76.788477395760935, 12.68140941523793 ], [ 76.78838428782133, 12.681193996122234 ], [ 76.788331655864596, 12.681096788652019 ], [ 76.78797022785055, 12.68031421670932 ], [ 76.787505891807356, 12.679095995146625 ], [ 76.78702224122641, 12.677993611208493 ], [ 76.786972524155345, 12.677880291680887 ], [ 76.786673333471427, 12.677807732665965 ], [ 76.786379794298156, 12.677734112101209 ], [ 76.785546635920952, 12.677479151893413 ], [ 76.785526332904027, 12.677472982711809 ], [ 76.785264844035865, 12.677393534146887 ], [ 76.785229356214771, 12.677382751310425 ], [ 76.785146628914433, 12.677404456244494 ], [ 76.784881991469604, 12.677519245563607 ], [ 76.784862272462675, 12.677527798660217 ], [ 76.78466393676635, 12.677602043985363 ], [ 76.784544888828066, 12.67764660896402 ], [ 76.784354046221935, 12.677718049604596 ], [ 76.784157742130859, 12.677791534331977 ], [ 76.783769472903757, 12.677936878898793 ], [ 76.783546239857657, 12.678020443398079 ], [ 76.78310489950951, 12.678185653782062 ], [ 76.783096106943802, 12.678188945098722 ], [ 76.782972697898686, 12.678235141303452 ], [ 76.782924504037837, 12.678253181850515 ], [ 76.782917320134302, 12.678255871223163 ], [ 76.782891154522943, 12.678265665997808 ], [ 76.782800959005385, 12.678298234563439 ], [ 76.782723388481571, 12.678330829600606 ], [ 76.782643068790748, 12.678381775867472 ], [ 76.782428544144722, 12.678452981802321 ], [ 76.782338977505503, 12.678490088085047 ], [ 76.782298550636852, 12.678502327667326 ], [ 76.781346172064659, 12.678790658456396 ], [ 76.781329804498597, 12.678795613945031 ], [ 76.780805149070574, 12.678970223870307 ], [ 76.780549048417839, 12.679022303038678 ], [ 76.780548800211022, 12.679022353511952 ], [ 76.780413613935536, 12.679046936728094 ], [ 76.779763669063598, 12.679151938828149 ], [ 76.779528355963038, 12.679200224301713 ], [ 76.779426095844542, 12.679221207804298 ], [ 76.779374600220024, 12.679189268090791 ], [ 76.779304217749853, 12.679185146601949 ], [ 76.779299646641959, 12.679233342264242 ], [ 76.778597333023143, 12.6793116946178 ], [ 76.778552413772374, 12.6793167054359 ], [ 76.778551492308623, 12.67932095540074 ], [ 76.778522942000365, 12.679452621954489 ], [ 76.778512110027364, 12.679503099377547 ], [ 76.778243462204728, 12.679602113035559 ], [ 76.778116827981705, 12.679611244548736 ], [ 76.778017320912113, 12.679618420165378 ], [ 76.777997166733002, 12.679556501525202 ], [ 76.777979592755798, 12.679502511784495 ], [ 76.777962019707957, 12.679448522035276 ], [ 76.777882495513325, 12.679444503816375 ], [ 76.777769762417378, 12.679438808628415 ], [ 76.777737207353582, 12.679437163461616 ], [ 76.777721720425063, 12.679436381235156 ], [ 76.77767629105584, 12.679434086404585 ], [ 76.777663611974873, 12.679433445383225 ], [ 76.777651426854717, 12.67943327831528 ], [ 76.777641010343515, 12.679433134669024 ], [ 76.77763903850132, 12.679407268360325 ], [ 76.777629470221157, 12.679403462773285 ], [ 76.777578819721427, 12.67938331651748 ], [ 76.7775196265532, 12.679359772689077 ], [ 76.777325426179843, 12.679332309447075 ], [ 76.777107845986095, 12.679300241560979 ], [ 76.77695186650115, 12.679264407264091 ], [ 76.776871649828507, 12.679245488082467 ], [ 76.77683419690608, 12.679229189009467 ], [ 76.776754548002728, 12.679240635165854 ], [ 76.776654576851413, 12.679235974101603 ], [ 76.776521075398904, 12.679229750125385 ], [ 76.776285078128865, 12.679198090279424 ], [ 76.776223623402572, 12.67918984617901 ], [ 76.776049727743199, 12.679166517187005 ], [ 76.775761032291953, 12.679127787104498 ], [ 76.775682289476705, 12.679117357058448 ], [ 76.775298498339382, 12.67906651953257 ], [ 76.774545094359794, 12.678966720399448 ], [ 76.774488237434156, 12.678959189093122 ], [ 76.77448834756629, 12.678977085562508 ], [ 76.774488409307736, 12.678987197070921 ], [ 76.774488573989458, 12.679014166516476 ], [ 76.774421769141654, 12.679033612504426 ], [ 76.774416074827585, 12.679035270309511 ], [ 76.774412745336406, 12.679036239824963 ], [ 76.774260528260356, 12.679087298621223 ], [ 76.774261950470645, 12.679329107502104 ], [ 76.774262388858631, 12.679349740596559 ], [ 76.77426282632635, 12.679370373697134 ], [ 76.774266802256918, 12.67955767305148 ], [ 76.774266804993076, 12.679557802290811 ], [ 76.773930014647618, 12.679575824473929 ], [ 76.773885057757568, 12.679563333469151 ], [ 76.773833707055644, 12.679549066485823 ], [ 76.773829193011437, 12.679547812173459 ], [ 76.773707512616582, 12.679552235374155 ], [ 76.773563715113454, 12.679557463253042 ], [ 76.773305692058017, 12.679566843775763 ], [ 76.773304030149546, 12.679574256899604 ], [ 76.773288963991519, 12.679641456615888 ], [ 76.773284572783012, 12.679641589864488 ], [ 76.773266070988782, 12.679642151707462 ], [ 76.773247570114805, 12.679642713543005 ], [ 76.772879530473816, 12.679653884364916 ], [ 76.772716962749001, 12.679658818502748 ], [ 76.772716438227334, 12.679662574994145 ], [ 76.772710853787856, 12.679662687267781 ], [ 76.772688042812533, 12.67966113557131 ], [ 76.772665230922939, 12.67965958478284 ], [ 76.772669451362333, 12.679870146346863 ], [ 76.772674546434786, 12.679912134671337 ], [ 76.772675929810404, 12.679923538084889 ], [ 76.77258389993456, 12.67993986262139 ], [ 76.772542937893974, 12.679947128403855 ], [ 76.772205016560164, 12.679959088138398 ], [ 76.772194506741712, 12.67995970237123 ], [ 76.772054704331723, 12.679967872135917 ], [ 76.771817305533688, 12.680009732799089 ], [ 76.771673117002038, 12.680035157240528 ], [ 76.77166362871337, 12.68003692344311 ], [ 76.77159688338476, 12.680049348691481 ], [ 76.771451714385705, 12.680076374034693 ], [ 76.771025832186808, 12.680201301484319 ], [ 76.77101369630968, 12.680210932071002 ], [ 76.771009131758817, 12.680215423239861 ], [ 76.770992856837225, 12.680231437638723 ], [ 76.770942877501398, 12.680271736672134 ], [ 76.770911637059896, 12.680273315168218 ], [ 76.770567702803916, 12.680265595256136 ], [ 76.770562942603576, 12.680265488674204 ], [ 76.770551819592797, 12.680264629955367 ], [ 76.770512282989571, 12.680261578758941 ], [ 76.770495744928411, 12.680260302356144 ], [ 76.770491660622739, 12.68025995535179 ], [ 76.770468890041585, 12.680261194446583 ], [ 76.77045461517551, 12.680261971088795 ], [ 76.770454857566037, 12.68026454197603 ], [ 76.770457601411493, 12.680293652807826 ], [ 76.77032161379141, 12.680290794895479 ], [ 76.770199830880713, 12.680382263797146 ], [ 76.770161903334184, 12.680384524905381 ], [ 76.769999698998646, 12.680394193272326 ], [ 76.76968257282644, 12.68041309525151 ], [ 76.769672098019385, 12.680413719097277 ], [ 76.769661622297903, 12.680414343852629 ], [ 76.768617967707669, 12.680374141465373 ], [ 76.768561948480851, 12.680371983355633 ], [ 76.76852438959385, 12.680369244105012 ], [ 76.768482753430163, 12.680368376845754 ], [ 76.768176516179182, 12.680362000170231 ], [ 76.767781171906407, 12.680353767230079 ], [ 76.767551845632298, 12.68034899152414 ], [ 76.767436280636034, 12.680346584737197 ], [ 76.767250048024835, 12.680342706271361 ], [ 76.767165071836814, 12.680343001992346 ], [ 76.767098933310479, 12.680343231179455 ], [ 76.767071321801268, 12.680376315021485 ], [ 76.766619873850615, 12.680917230755218 ], [ 76.766562058314918, 12.680994498350517 ], [ 76.765581299308352, 12.682317023285243 ], [ 76.765549459625561, 12.682359937034857 ], [ 76.765485606003281, 12.68244599798718 ], [ 76.765354583957532, 12.682622588183191 ], [ 76.765312072264976, 12.68267988521947 ], [ 76.765245074377518, 12.682770184634201 ], [ 76.765178075524275, 12.682860484043795 ], [ 76.765074937950189, 12.68285855241837 ], [ 76.765165627491086, 12.683087641666884 ], [ 76.765355520168896, 12.683607556047233 ], [ 76.765482058522835, 12.683956943264283 ], [ 76.765546397329302, 12.684135671072374 ], [ 76.765777667220107, 12.684770742831981 ], [ 76.765979446750336, 12.685315453686391 ], [ 76.766010610675394, 12.685404002519192 ], [ 76.766340458009978, 12.68633815752445 ], [ 76.766633434326792, 12.687132567852871 ], [ 76.766767416582894, 12.68744637474383 ], [ 76.766764832011305, 12.687511561471505 ], [ 76.766760893996718, 12.687610884930439 ], [ 76.766744106129806, 12.688030440626653 ], [ 76.766744048029608, 12.688031893583803 ], [ 76.766743800738496, 12.688038082438675 ], [ 76.766743938566989, 12.688041246083134 ], [ 76.766744063190572, 12.688044097065276 ], [ 76.766746074463882, 12.688090217945842 ], [ 76.766756204400494, 12.688170982006499 ], [ 76.766774706475104, 12.688494153064546 ], [ 76.766772946339302, 12.688508842335152 ], [ 76.766772181201631, 12.688515231685328 ], [ 76.766784061506769, 12.688520651090316 ], [ 76.766783240254668, 12.688541321562386 ], [ 76.766780069593025, 12.688621095740833 ], [ 76.766780147806344, 12.688628027245388 ], [ 76.766816654126927, 12.68864601970964 ], [ 76.766836274926519, 12.688655690191238 ], [ 76.76684726590095, 12.688661107373576 ], [ 76.766895369197897, 12.688684815783015 ], [ 76.767071120462404, 12.688771435246364 ], [ 76.767066849707462, 12.688875745921834 ], [ 76.767089232095941, 12.688964200174251 ], [ 76.767103286193446, 12.689382184781795 ], [ 76.76709926548051, 12.689410945671721 ], [ 76.767093175237335, 12.689454517205679 ], [ 76.767091742600314, 12.689571334360238 ], [ 76.767089242260468, 12.689775276678713 ], [ 76.767103965603795, 12.690059051789653 ], [ 76.767089811145013, 12.690058149877087 ], [ 76.767114186091945, 12.690341474788413 ], [ 76.767132471425398, 12.690554023121022 ], [ 76.767141184863462, 12.690723609420409 ], [ 76.767149897407819, 12.69089319572204 ], [ 76.767103688821166, 12.690923572425715 ], [ 76.766757703943725, 12.691291968456602 ], [ 76.766765291106466, 12.691310540161602 ], [ 76.766783875069095, 12.691356029207478 ], [ 76.766787483106711, 12.691429131766645 ], [ 76.766820774588581, 12.691685673516227 ], [ 76.766945905812108, 12.692649908754071 ], [ 76.766949364071536, 12.692664760346405 ], [ 76.766952408689747, 12.692677838524514 ], [ 76.766981086264948, 12.69280100766027 ], [ 76.76687659460795, 12.693411640572196 ], [ 76.766859934428851, 12.693506018452689 ], [ 76.766821507703042, 12.693728979296914 ], [ 76.7667934686161, 12.693891672964089 ], [ 76.766753724300756, 12.69411235570445 ], [ 76.766740368617164, 12.694186515716632 ], [ 76.766693637592567, 12.69422638505997 ], [ 76.76666013472267, 12.694254968833276 ], [ 76.766626631838903, 12.694283551699396 ], [ 76.766623979600936, 12.69428557239514 ], [ 76.766620081832642, 12.694288541437123 ], [ 76.766614238843701, 12.694292992263914 ], [ 76.766624498879651, 12.694338788868166 ], [ 76.766640416613868, 12.694409838088871 ], [ 76.766656335286342, 12.69448088820482 ], [ 76.766677570680983, 12.694575672840262 ], [ 76.766854161466867, 12.695208211277757 ], [ 76.766811903177143, 12.695330136909071 ], [ 76.766753486637583, 12.695504745519983 ], [ 76.766751789015942, 12.695509820475701 ], [ 76.766713806233824, 12.695615491706233 ], [ 76.766665583242897, 12.695757862606234 ], [ 76.766657895995451, 12.695780557408595 ], [ 76.766631698904376, 12.695857899653149 ], [ 76.766569924770266, 12.696040274319783 ], [ 76.766537893006785, 12.696108615470447 ], [ 76.766552847878486, 12.696179529172491 ], [ 76.766581332753589, 12.696314594925541 ], [ 76.766600817317979, 12.696367381458863 ], [ 76.766619168364272, 12.69641653823353 ], [ 76.767247006971587, 12.698866322531966 ], [ 76.76751802707895, 12.700656450835805 ], [ 76.767545826875107, 12.700840071209772 ], [ 76.767567993827313, 12.700986486569461 ], [ 76.767577865535614, 12.701049410050997 ], [ 76.767677096708624, 12.701039368326745 ], [ 76.768106510842117, 12.700982035537329 ], [ 76.768558319176933, 12.700919532554357 ], [ 76.768983124127658, 12.700865165886171 ], [ 76.768998800267084, 12.700863159572158 ], [ 76.769345862854223, 12.700818237535497 ], [ 76.772057381332431, 12.700467258099611 ], [ 76.772178133891941, 12.700452378878706 ], [ 76.772178169620503, 12.700371561940063 ], [ 76.77250888979313, 12.70025080851563 ], [ 76.774118584236518, 12.699663067081522 ], [ 76.774910666635876, 12.699373852586858 ], [ 76.774917293753489, 12.699371096569482 ], [ 76.775077845027454, 12.69928874060926 ], [ 76.775552903956722, 12.699045054437127 ], [ 76.775750357752855, 12.69894376856457 ], [ 76.77582341938411, 12.698915798490054 ], [ 76.776289230584453, 12.698737472390524 ], [ 76.776566768491293, 12.698631221759047 ], [ 76.776736505045946, 12.698566241409019 ], [ 76.776909050316462, 12.698500185499892 ], [ 76.777148425789235, 12.698408544615177 ], [ 76.778059163084421, 12.69800358034909 ], [ 76.778251621108112, 12.69791684016484 ], [ 76.778424617909423, 12.697836542170382 ], [ 76.778488940163967, 12.697806871013539 ], [ 76.778591329882858, 12.697759638744337 ], [ 76.77859550637902, 12.697757712574015 ], [ 76.778801226674517, 12.697662465175402 ], [ 76.778890530894515, 12.697624611652541 ], [ 76.779191411371741, 12.697497077147849 ], [ 76.779210373094557, 12.697490855066924 ], [ 76.779265460650123, 12.697472779360853 ], [ 76.779322327440667, 12.697454120454152 ], [ 76.779609667609961, 12.69743342006671 ], [ 76.779679521340313, 12.697427773267279 ], [ 76.779798345996042, 12.697425524830372 ], [ 76.779970924007273, 12.697422258723003 ], [ 76.780234333547355, 12.697399838957219 ], [ 76.780392652319719, 12.697386363811306 ], [ 76.781093820676546, 12.697326683670058 ] ] ] } },
{ "type": "Feature", "properties": { "OBJECTID": 18895, "KGISVillageID": 24169, "KGISVillageCode": "2205090029", "KGISVillageName": "Nanjenahalli", "KGISHobliID": 120, "UniqueVillageCode": "2205090029_1", "Bhucode": "220501001039", "CensusVillageCode": "2957305550614311", "BhoomiVillageCode": "2205090029", "created_user": null, "created_date": null, "last_edited_user": null, "last_edited_date": null, "LGDGPCode": "219353", "LGDGPCode_Secondary": null, "Category": "Cadastral data available and has bhoomi linkage", "SHAPE.STArea()": 3628966.5337410402, "SHAPE.STLength()": 7818.30414557718, "LGD_VillageCode": 614311.0, "_overlap_percent": 99.913363684769621, "_police_station": "Basaralu PS", "_police_feature_index": "485", "_admin_layer": "Village", "_geometry_clipped": true }, "geometry": { "type": "Polygon", "coordinates": [ [ [ 76.757006557489277, 12.703439180404372 ], [ 76.757062319274311, 12.703358479219363 ], [ 76.757085978363008, 12.703324760517924 ], [ 76.75716465169117, 12.703212635159145 ], [ 76.757214823599384, 12.703141131152995 ], [ 76.757233879763348, 12.703105344061347 ], [ 76.757328787856338, 12.702927110682783 ], [ 76.757369608789773, 12.702850449446787 ], [ 76.757589128740975, 12.70276397125761 ], [ 76.757775702100147, 12.702672414302173 ], [ 76.758171475967757, 12.702478196582923 ], [ 76.759007017826818, 12.702077005793344 ], [ 76.759343219360417, 12.701903824847868 ], [ 76.759342292625846, 12.701882600987346 ], [ 76.75976428710733, 12.701882888426235 ], [ 76.760880578631046, 12.701883644663592 ], [ 76.760979748871478, 12.701888021237242 ], [ 76.761451686530549, 12.701908846549165 ], [ 76.761965941116074, 12.701950117408014 ], [ 76.762380551992578, 12.701950095367566 ], [ 76.762754393603046, 12.701904139633136 ], [ 76.762850417721651, 12.701892335750298 ], [ 76.763067260848757, 12.701874509000065 ], [ 76.763103493686927, 12.701871530314776 ], [ 76.763890437354632, 12.701801542550569 ], [ 76.764018123213035, 12.701775046348637 ], [ 76.764355576048843, 12.701704107855214 ], [ 76.764568458837189, 12.701658109917583 ], [ 76.764986285945568, 12.701567827735561 ], [ 76.765076512945484, 12.701533444199962 ], [ 76.765351778888601, 12.701406575268742 ], [ 76.765592388435721, 12.701335823133128 ], [ 76.765690981038304, 12.701296055241855 ], [ 76.765792890995129, 12.701268720102991 ], [ 76.765956207380896, 12.701244259220189 ], [ 76.766541409605153, 12.701154602550584 ], [ 76.766953851600832, 12.701112687613499 ], [ 76.767255718572031, 12.701082009148445 ], [ 76.767577865535614, 12.701049410050997 ], [ 76.767567993827313, 12.700986486569461 ], [ 76.767545826875107, 12.700840071209772 ], [ 76.76751802707895, 12.700656450835805 ], [ 76.767247006971587, 12.698866322531966 ], [ 76.766619168364272, 12.69641653823353 ], [ 76.766600817317979, 12.696367381458863 ], [ 76.766581332753589, 12.696314594925541 ], [ 76.766552847878486, 12.696179529172491 ], [ 76.766537893006785, 12.696108615470447 ], [ 76.766569924770266, 12.696040274319783 ], [ 76.766631698904376, 12.695857899653149 ], [ 76.766657895995451, 12.695780557408595 ], [ 76.766665583242897, 12.695757862606234 ], [ 76.766713806233824, 12.695615491706233 ], [ 76.766751789015942, 12.695509820475701 ], [ 76.766753486637583, 12.695504745519983 ], [ 76.766811903177143, 12.695330136909071 ], [ 76.766854161466867, 12.695208211277757 ], [ 76.766677570680983, 12.694575672840262 ], [ 76.766656335286342, 12.69448088820482 ], [ 76.766640416613868, 12.694409838088871 ], [ 76.766624498879651, 12.694338788868166 ], [ 76.766614238843701, 12.694292992263914 ], [ 76.766620081832642, 12.694288541437123 ], [ 76.766623979600936, 12.69428557239514 ], [ 76.766626631838903, 12.694283551699396 ], [ 76.76666013472267, 12.694254968833276 ], [ 76.766693637592567, 12.69422638505997 ], [ 76.766740368617164, 12.694186515716632 ], [ 76.766753724300756, 12.69411235570445 ], [ 76.7667934686161, 12.693891672964089 ], [ 76.766821507703042, 12.693728979296914 ], [ 76.766859934428851, 12.693506018452689 ], [ 76.76687659460795, 12.693411640572196 ], [ 76.766981086264948, 12.69280100766027 ], [ 76.766952408689747, 12.692677838524514 ], [ 76.766949364071536, 12.692664760346405 ], [ 76.766945905812108, 12.692649908754071 ], [ 76.766820774588581, 12.691685673516227 ], [ 76.766787483106711, 12.691429131766645 ], [ 76.766783875069095, 12.691356029207478 ], [ 76.766765291106466, 12.691310540161602 ], [ 76.766757703943725, 12.691291968456602 ], [ 76.767103688821166, 12.690923572425715 ], [ 76.767149897407819, 12.69089319572204 ], [ 76.767141184863462, 12.690723609420409 ], [ 76.767132471425398, 12.690554023121022 ], [ 76.767114186091945, 12.690341474788413 ], [ 76.767089811145013, 12.690058149877087 ], [ 76.767103965603795, 12.690059051789653 ], [ 76.767089242260468, 12.689775276678713 ], [ 76.767091742600314, 12.689571334360238 ], [ 76.767093175237335, 12.689454517205679 ], [ 76.76709926548051, 12.689410945671721 ], [ 76.767103286193446, 12.689382184781795 ], [ 76.767089232095941, 12.688964200174251 ], [ 76.767066849707462, 12.688875745921834 ], [ 76.767071120462404, 12.688771435246364 ], [ 76.766895369197897, 12.688684815783015 ], [ 76.76684726590095, 12.688661107373576 ], [ 76.766836274926519, 12.688655690191238 ], [ 76.766816654126927, 12.68864601970964 ], [ 76.766780147806344, 12.688628027245388 ], [ 76.766780069593025, 12.688621095740833 ], [ 76.766783240254668, 12.688541321562386 ], [ 76.766784061506769, 12.688520651090316 ], [ 76.766772181201631, 12.688515231685328 ], [ 76.766772946339302, 12.688508842335152 ], [ 76.766774706475104, 12.688494153064546 ], [ 76.766756204400494, 12.688170982006499 ], [ 76.766746074463882, 12.688090217945842 ], [ 76.766744063190572, 12.688044097065276 ], [ 76.766743938566989, 12.688041246083134 ], [ 76.766743800738496, 12.688038082438675 ], [ 76.766744048029608, 12.688031893583803 ], [ 76.766744106129806, 12.688030440626653 ], [ 76.766760893996718, 12.687610884930439 ], [ 76.766764832011305, 12.687511561471505 ], [ 76.766767416582894, 12.68744637474383 ], [ 76.766633434326792, 12.687132567852871 ], [ 76.766340458009978, 12.68633815752445 ], [ 76.766010610675394, 12.685404002519192 ], [ 76.765979446750336, 12.685315453686391 ], [ 76.765777667220107, 12.684770742831981 ], [ 76.765546397329302, 12.684135671072374 ], [ 76.765482058522835, 12.683956943264283 ], [ 76.765355520168896, 12.683607556047233 ], [ 76.765165627491086, 12.683087641666884 ], [ 76.765074937950189, 12.68285855241837 ], [ 76.760996445273719, 12.681403662732079 ], [ 76.760772451454528, 12.681323756721685 ], [ 76.759920500182488, 12.681001009827563 ], [ 76.7598218039968, 12.680963681340275 ], [ 76.759780141714913, 12.68094792376354 ], [ 76.759623374235801, 12.680890506287822 ], [ 76.75935665986988, 12.68079291219637 ], [ 76.759234667566645, 12.680748273247291 ], [ 76.759134042418339, 12.680711947929632 ], [ 76.758450920197888, 12.680465344073133 ], [ 76.758431730679902, 12.680458422388543 ], [ 76.758348265638858, 12.680430406699051 ], [ 76.758148073241898, 12.680363209688977 ], [ 76.757751034661524, 12.680209431364354 ], [ 76.757646544398526, 12.680168963079943 ], [ 76.757485185034412, 12.680106469323521 ], [ 76.756008857256987, 12.679450005348814 ], [ 76.755985153670366, 12.679440322932795 ], [ 76.755876734888474, 12.679773040836093 ], [ 76.755406992270949, 12.681207141764883 ], [ 76.755198715414537, 12.681842332123614 ], [ 76.755539847003831, 12.681989224216291 ], [ 76.754833459476373, 12.683421983205481 ], [ 76.754811974017812, 12.68346571315713 ], [ 76.754283400153597, 12.684539736145366 ], [ 76.753048548467945, 12.685836289344405 ], [ 76.751477845459618, 12.687479790331066 ], [ 76.751473609488528, 12.68748407296267 ], [ 76.750987183588265, 12.68797564315919 ], [ 76.750865368781348, 12.688318823463096 ], [ 76.750733255027001, 12.688691012995749 ], [ 76.750437954565683, 12.689472470859471 ], [ 76.750272422858217, 12.689993501310681 ], [ 76.750239516937469, 12.690086607516088 ], [ 76.749754919490428, 12.691457611127294 ], [ 76.749620834850276, 12.691840730833317 ], [ 76.749287020511446, 12.692785433968302 ], [ 76.749256154743691, 12.692877953602821 ], [ 76.74909092537095, 12.693373219039742 ], [ 76.749095408195672, 12.693425075228433 ], [ 76.749171410629245, 12.693697719691805 ], [ 76.749442669963713, 12.694650918923818 ], [ 76.749448917640152, 12.694691252442528 ], [ 76.749454446676083, 12.694709861170198 ], [ 76.749651922373843, 12.695951575866397 ], [ 76.749671395866784, 12.696074056455412 ], [ 76.749679589439282, 12.696147121464247 ], [ 76.74969560485431, 12.696290048666977 ], [ 76.749698300763285, 12.696314102422321 ], [ 76.749762406630055, 12.696459221435447 ], [ 76.74980967408176, 12.696566221924323 ], [ 76.749815918835324, 12.696580302154606 ], [ 76.749816245908448, 12.696580917741791 ], [ 76.749981429570326, 12.696891808407287 ], [ 76.750013539124453, 12.696968074631522 ], [ 76.750149085349733, 12.697290002919209 ], [ 76.750424567091358, 12.697780360053068 ], [ 76.750632263849027, 12.698123899098659 ], [ 76.750724694149852, 12.698194091580392 ], [ 76.751002997509985, 12.698222491416518 ], [ 76.751100482202688, 12.698232440235634 ], [ 76.751207139364254, 12.698252733978029 ], [ 76.751262011032935, 12.698258505237538 ], [ 76.751461719814912, 12.698315889883718 ], [ 76.751496797836282, 12.698326288614993 ], [ 76.751784578471472, 12.698402128702364 ], [ 76.751872051108975, 12.698436027272285 ], [ 76.752025479518935, 12.698495485897849 ], [ 76.752183862240315, 12.698520957320827 ], [ 76.752362719880495, 12.698548204314326 ], [ 76.752391450723465, 12.698552581149571 ], [ 76.752470491422656, 12.698564622649299 ], [ 76.752591090361619, 12.698572485406297 ], [ 76.75287532787145, 12.698577257678714 ], [ 76.753236491697578, 12.698598676426275 ], [ 76.753350372139735, 12.698595622736828 ], [ 76.753388649955625, 12.698597934233261 ], [ 76.753426927777639, 12.698600246627944 ], [ 76.753656153500202, 12.69861409034891 ], [ 76.753817128728954, 12.698612002488455 ], [ 76.753831574491301, 12.698611405356777 ], [ 76.753971130926672, 12.698605633611736 ], [ 76.754330902159452, 12.698558616218248 ], [ 76.754498281085901, 12.698536742485153 ], [ 76.754523081191948, 12.698532466660902 ], [ 76.754518534491609, 12.698544347841761 ], [ 76.754532076942397, 12.698577560048593 ], [ 76.754573460973802, 12.698656102609268 ], [ 76.754647283489632, 12.698796211817784 ], [ 76.75466276983073, 12.698825847960906 ], [ 76.754781091241895, 12.699052284280063 ], [ 76.754867318026058, 12.699221227348351 ], [ 76.755093781773908, 12.699664937150752 ], [ 76.755141899788399, 12.699791355639901 ], [ 76.755156693169738, 12.699839802095283 ], [ 76.755359808790161, 12.700504848222209 ], [ 76.755409062083061, 12.700662621043568 ], [ 76.75544464327082, 12.700750880798383 ], [ 76.755480224480436, 12.700839139640765 ], [ 76.755490769622924, 12.700878003832173 ], [ 76.7555887245408, 12.701219882895971 ], [ 76.755633162005864, 12.70134920541266 ], [ 76.755657614747363, 12.701420367239699 ], [ 76.755770857418341, 12.701735336061924 ], [ 76.755843384138643, 12.701877413862571 ], [ 76.755851689875257, 12.701893685249741 ], [ 76.755881897248429, 12.701969713551311 ], [ 76.755896889936039, 12.702007450031346 ], [ 76.755956424077127, 12.70215715143577 ], [ 76.755976453059048, 12.702207515588116 ], [ 76.756050285761788, 12.702388129366302 ], [ 76.756050288110984, 12.702388134318021 ], [ 76.756069092134354, 12.702381349078225 ], [ 76.756225722102414, 12.702324832413519 ], [ 76.75629682763747, 12.702388736104586 ], [ 76.756319595707367, 12.702382255336833 ], [ 76.756429875366223, 12.702350864819584 ], [ 76.756444370566214, 12.702378619101182 ], [ 76.756447700227866, 12.702384994627021 ], [ 76.756466744324271, 12.702379205859147 ], [ 76.75661632515731, 12.702659348310343 ], [ 76.756626418871846, 12.702687199814031 ], [ 76.756631749276323, 12.70269526592554 ], [ 76.756656418445615, 12.702732596597377 ], [ 76.756696832219774, 12.702846196716033 ], [ 76.756712498108726, 12.702890232506601 ], [ 76.756722468372104, 12.702918258175687 ], [ 76.756985148664356, 12.703371212911525 ], [ 76.756999215018084, 12.703426310116864 ], [ 76.757006557489277, 12.703439180404372 ] ] ] } },
{ "type": "Feature", "properties": { "OBJECTID": 18884, "KGISVillageID": 24158, "KGISVillageCode": "2205090027", "KGISVillageName": "Kenchanahalli", "KGISHobliID": 120, "UniqueVillageCode": "2205090027_1", "Bhucode": "220501001028", "CensusVillageCode": "2957305550614351", "BhoomiVillageCode": "2205090027", "created_user": null, "created_date": null, "last_edited_user": null, "last_edited_date": null, "LGDGPCode": "219323", "LGDGPCode_Secondary": null, "Category": "Cadastral data available and has bhoomi linkage", "SHAPE.STArea()": 1671356.796648745, "SHAPE.STLength()": 5865.8543052181913, "LGD_VillageCode": 614351.0, "_overlap_percent": 100.00000000000003, "_police_station": "Basaralu PS", "_police_feature_index": "485", "_admin_layer": "Village", "_geometry_clipped": true }, "geometry": { "type": "Polygon", "coordinates": [ [ [ 76.793054274055791, 12.710158322408082 ], [ 76.793245968778578, 12.710069180742529 ], [ 76.793620344867719, 12.70979731513324 ], [ 76.793933300832364, 12.709590477280356 ], [ 76.794325542522657, 12.709331237526296 ], [ 76.794783466831248, 12.709028586423781 ], [ 76.794956579288026, 12.709035885982971 ], [ 76.794986452397126, 12.70903714536775 ], [ 76.795166467751699, 12.70903062461656 ], [ 76.79554614817043, 12.709016872121168 ], [ 76.795549847325006, 12.709015670212507 ], [ 76.795562928928547, 12.709011418330221 ], [ 76.795926334808868, 12.708893306848635 ], [ 76.796093505566191, 12.708838973650749 ], [ 76.796163464065955, 12.708816747765706 ], [ 76.796310417751073, 12.708770060872801 ], [ 76.79631670027986, 12.708768065016008 ], [ 76.796330482523203, 12.708763686328227 ], [ 76.796567898569378, 12.708655271070054 ], [ 76.796740309264734, 12.708576540427194 ], [ 76.796715997698115, 12.708547853052728 ], [ 76.79672323804806, 12.708544069135865 ], [ 76.79689387128461, 12.708550671093132 ], [ 76.797064504514751, 12.708557272939336 ], [ 76.797064945335421, 12.708557246451107 ], [ 76.797436688584625, 12.70853515344352 ], [ 76.797686923918349, 12.708520281327958 ], [ 76.798196354568447, 12.708554939043687 ], [ 76.798244267694656, 12.70855819897263 ], [ 76.798319619227073, 12.708563325558142 ], [ 76.798346299547575, 12.708565140416512 ], [ 76.799003317645941, 12.708562952074939 ], [ 76.799285674851973, 12.708562011794232 ], [ 76.799786294643496, 12.708560342969429 ], [ 76.800232993067596, 12.708546035034077 ], [ 76.800251963967085, 12.708571563957365 ], [ 76.800263873535116, 12.708587591260219 ], [ 76.800275784031697, 12.708603619459916 ], [ 76.800306078495154, 12.708604587047713 ], [ 76.800339741572103, 12.70860566282677 ], [ 76.800360755326707, 12.708606334569852 ], [ 76.800341448806577, 12.708536555491763 ], [ 76.800322533800355, 12.708507590526077 ], [ 76.800293651741327, 12.708463364219771 ], [ 76.800292497790466, 12.708459263892124 ], [ 76.80027840601231, 12.708409220100535 ], [ 76.800254246094269, 12.708323416424243 ], [ 76.800211338121301, 12.708171033226508 ], [ 76.800188596603135, 12.708090268111944 ], [ 76.80014190492227, 12.707924445384551 ], [ 76.800124758412124, 12.707863551273229 ], [ 76.800071466208621, 12.7076742849393 ], [ 76.800050945768461, 12.707601406495563 ], [ 76.799956279648441, 12.707265205902681 ], [ 76.799896049129387, 12.707051297835317 ], [ 76.799766139035668, 12.706589924777621 ], [ 76.799695477424905, 12.706338968400734 ], [ 76.799683637099193, 12.706296919504151 ], [ 76.799680896155976, 12.706288273447969 ], [ 76.799651012231095, 12.706194002920892 ], [ 76.799632511107106, 12.70613564067845 ], [ 76.799603970882913, 12.706045612001175 ], [ 76.799556639589497, 12.705896305587121 ], [ 76.799547947885287, 12.705868888217868 ], [ 76.799539611586638, 12.70583218733163 ], [ 76.799475755953424, 12.705553739951695 ], [ 76.799465864528869, 12.705510609418882 ], [ 76.79939134267714, 12.705185654367565 ], [ 76.799361494670947, 12.705055499233314 ], [ 76.799280768017439, 12.704703484060612 ], [ 76.799297472810281, 12.704701419263538 ], [ 76.799261842685794, 12.704585851373761 ], [ 76.799256461003438, 12.704568395863044 ], [ 76.799192771843209, 12.704310744709526 ], [ 76.799190561612207, 12.704310131498728 ], [ 76.799183629915063, 12.704279906444535 ], [ 76.799182890007813, 12.704276679164204 ], [ 76.799164139836648, 12.70419491691427 ], [ 76.799143659136149, 12.704105609001218 ], [ 76.799132383959304, 12.704056439916402 ], [ 76.799128772803087, 12.704040694296429 ], [ 76.799118172965066, 12.70399447272384 ], [ 76.799074975801133, 12.703806103734548 ], [ 76.799044688469223, 12.703674033443058 ], [ 76.799043556300163, 12.703669095956501 ], [ 76.799076017176574, 12.703652099686872 ], [ 76.799150940920839, 12.703612860939343 ], [ 76.799225864639979, 12.703573622173636 ], [ 76.79939694391885, 12.703483964124706 ], [ 76.799682687591627, 12.703334214225547 ], [ 76.799703362102292, 12.703323372864507 ], [ 76.799247536232556, 12.700262147596773 ], [ 76.799323666871516, 12.700260986912506 ], [ 76.799799663459055, 12.700253726627242 ], [ 76.799870531270585, 12.700252645772263 ], [ 76.800033915693476, 12.700249394399712 ], [ 76.800214060470879, 12.700248093699845 ], [ 76.800394204308802, 12.7002467928841 ], [ 76.801138297224981, 12.700241419733022 ], [ 76.801168636641151, 12.700241200241274 ], [ 76.801243627258444, 12.699514940387463 ], [ 76.801262945236246, 12.699327852198671 ], [ 76.801281324593873, 12.699149849011542 ], [ 76.801299803040393, 12.69897088341701 ], [ 76.80130066921447, 12.698962493995209 ], [ 76.801377019622791, 12.698223064327056 ], [ 76.801405722357472, 12.697945078221878 ], [ 76.801410940441045, 12.697877596638202 ], [ 76.801426577303033, 12.697753745797485 ], [ 76.801441584434642, 12.69762597184628 ], [ 76.801495856834748, 12.697163874096258 ], [ 76.801498077550775, 12.697126368543092 ], [ 76.801525487464133, 12.696663480535451 ], [ 76.801559850275368, 12.695963046560854 ], [ 76.801288645672741, 12.695941303807906 ], [ 76.801153113380607, 12.695930437725334 ], [ 76.801017581084025, 12.695919570668131 ], [ 76.800980301946836, 12.695916582267616 ], [ 76.800711548859795, 12.695988089800981 ], [ 76.80058318838266, 12.696022242555106 ], [ 76.799836964955659, 12.696196021146122 ], [ 76.799054741900534, 12.696405604300987 ], [ 76.798978052702694, 12.696426151504802 ], [ 76.798847310127655, 12.696458491959518 ], [ 76.798313634415791, 12.696590499977145 ], [ 76.798073650691578, 12.696649860704952 ], [ 76.797188121425194, 12.696907478746922 ], [ 76.797054269588557, 12.696946418830136 ], [ 76.796846934105062, 12.697007528855671 ], [ 76.79675555727313, 12.697034469570395 ], [ 76.79580656579904, 12.697314508158803 ], [ 76.795785629973778, 12.697321663081983 ], [ 76.795651369694482, 12.697367543522985 ], [ 76.795617647048076, 12.697379157955957 ], [ 76.795579623788484, 12.69739322390126 ], [ 76.794914188122434, 12.697568353812107 ], [ 76.794480047571611, 12.69766917884848 ], [ 76.793806781577388, 12.697752883686489 ], [ 76.793797348586097, 12.697754056513563 ], [ 76.793706129567084, 12.697765396762799 ], [ 76.793688580799241, 12.69776757894248 ], [ 76.793628913548631, 12.697783040078988 ], [ 76.79317736354848, 12.697900046480655 ], [ 76.79283531473699, 12.697988677861856 ], [ 76.792613537820102, 12.698046143872039 ], [ 76.792587379710724, 12.698060497162331 ], [ 76.792531531640151, 12.698091140221901 ], [ 76.792161014471375, 12.698294437141548 ], [ 76.792082187875337, 12.698332050619097 ], [ 76.79164450329742, 12.698540898390773 ], [ 76.791633087362698, 12.698547224053065 ], [ 76.791504606427665, 12.698617588808499 ], [ 76.791449881173136, 12.698647559731844 ], [ 76.791688210609195, 12.698848812751288 ], [ 76.791688043938763, 12.698848939517283 ], [ 76.791747079417149, 12.698895299191383 ], [ 76.791821589853541, 12.698884050675174 ], [ 76.791698697508181, 12.698964584534171 ], [ 76.791547508026184, 12.699063662870515 ], [ 76.791517254871309, 12.699050304227896 ], [ 76.791453835262075, 12.699093077806888 ], [ 76.791413258979901, 12.69906028107496 ], [ 76.791260835054899, 12.698937080136735 ], [ 76.791223065512597, 12.698920402485943 ], [ 76.791143407611585, 12.698885229220608 ], [ 76.791130008467761, 12.698879312397452 ], [ 76.791025806571753, 12.698905226971529 ], [ 76.790916400986617, 12.698932435743586 ], [ 76.790668064705486, 12.699110912535229 ], [ 76.790547364107383, 12.699197658033766 ], [ 76.790528032840285, 12.699211551105533 ], [ 76.790439268111058, 12.699228506802017 ], [ 76.790186557374355, 12.699276777408841 ], [ 76.789956002783768, 12.699320816372808 ], [ 76.789911000676838, 12.699329412203827 ], [ 76.789829338272639, 12.69935538944585 ], [ 76.789831103863989, 12.699373778953333 ], [ 76.789831977754574, 12.699382885185795 ], [ 76.789765616203184, 12.699716578438476 ], [ 76.789727282715006, 12.699718783955564 ], [ 76.789649507374108, 12.699723736647865 ], [ 76.78960997817147, 12.699704129374588 ], [ 76.789526599115561, 12.699750184504099 ], [ 76.789376478478275, 12.699833800724603 ], [ 76.789143958798093, 12.699969362277731 ], [ 76.789076697497507, 12.70000857643258 ], [ 76.789050840456483, 12.700023651409749 ], [ 76.788827887993932, 12.700147910142043 ], [ 76.788800841420922, 12.700162983174289 ], [ 76.788838157507087, 12.700276599356766 ], [ 76.788869438167438, 12.700371837619217 ], [ 76.788915655110443, 12.700512552099624 ], [ 76.78893276153417, 12.700564634697573 ], [ 76.788976807455171, 12.700698740076836 ], [ 76.788988809720252, 12.700735282126434 ], [ 76.789069694660839, 12.700895276933505 ], [ 76.789022252048312, 12.700972648124669 ], [ 76.788866974457832, 12.701225880717674 ], [ 76.788736202609385, 12.701439341334174 ], [ 76.788627783481331, 12.70169785032494 ], [ 76.788605204108904, 12.702076566765921 ], [ 76.788560502768092, 12.702140358349537 ], [ 76.788539826640971, 12.702169865164628 ], [ 76.788527618748418, 12.702314821385531 ], [ 76.788526912459176, 12.702316117807683 ], [ 76.788555123168379, 12.702342802138466 ], [ 76.78852518978286, 12.702385214753743 ], [ 76.788504266309857, 12.702415822368087 ], [ 76.788356468592653, 12.702632028896952 ], [ 76.788304019918868, 12.702708753132095 ], [ 76.788248893686784, 12.702789393892436 ], [ 76.788244906665412, 12.702795899861107 ], [ 76.78823556084275, 12.702811151848994 ], [ 76.788099950177084, 12.703032450017728 ], [ 76.788089653087795, 12.703049253164641 ], [ 76.788095339347677, 12.703077330391062 ], [ 76.788160170090805, 12.703397422449436 ], [ 76.788152551034329, 12.703551389373432 ], [ 76.788146166365223, 12.70368043943537 ], [ 76.788145620224171, 12.703691472402037 ], [ 76.788130335438481, 12.704000365590428 ], [ 76.788122534255379, 12.704158040598879 ], [ 76.788118077420464, 12.704248111801364 ], [ 76.788117416814316, 12.704261471252478 ], [ 76.788115538033367, 12.704299431997118 ], [ 76.788114112532284, 12.704301890248024 ], [ 76.788101882547664, 12.704322985451846 ], [ 76.788082898950108, 12.704355728530036 ], [ 76.787999693285002, 12.704499242530533 ], [ 76.787957091958702, 12.704500297070812 ], [ 76.787854700570492, 12.70450283201181 ], [ 76.787809041339557, 12.704502256631246 ], [ 76.787799927724251, 12.704502141792888 ], [ 76.787800007383979, 12.704504185859095 ], [ 76.787799527799621, 12.704504198130127 ], [ 76.787797391307421, 12.704547574926327 ], [ 76.787778851825777, 12.70492391587336 ], [ 76.787761367721714, 12.705278831989919 ], [ 76.787758464499319, 12.705337772640309 ], [ 76.787748862991066, 12.70553267481972 ], [ 76.787709946906119, 12.705672109304642 ], [ 76.787681968755791, 12.70577235234984 ], [ 76.787667806293484, 12.706003084803598 ], [ 76.787666222680073, 12.706028885314254 ], [ 76.787678912896453, 12.706324948142139 ], [ 76.787681682049538, 12.706389560443824 ], [ 76.787682521435002, 12.70640913940699 ], [ 76.787701644435231, 12.706472540543404 ], [ 76.787718595870729, 12.706528744162201 ], [ 76.787733601930398, 12.706578498065872 ], [ 76.787745567366429, 12.706618167857982 ], [ 76.787760160598921, 12.706666551529729 ], [ 76.787773923391768, 12.706724415389024 ], [ 76.787800121033683, 12.706834564195768 ], [ 76.7878005905728, 12.706836537841701 ], [ 76.787816399112529, 12.70689913695254 ], [ 76.787871723815613, 12.7071182053856 ], [ 76.787901661171674, 12.707236750516552 ], [ 76.787922767710739, 12.707320327567729 ], [ 76.787970328032912, 12.707508655422959 ], [ 76.787970915108062, 12.707510978985685 ], [ 76.78799662521638, 12.707639060623526 ], [ 76.788022310562567, 12.707767019492213 ], [ 76.788035694938657, 12.707874613455733 ], [ 76.788050194342716, 12.707991166501413 ], [ 76.788074134345408, 12.708182066038981 ], [ 76.788088750680856, 12.708298611960055 ], [ 76.788100768242174, 12.708395853818459 ], [ 76.788124028548197, 12.708584071554574 ], [ 76.788145973342822, 12.708761643081452 ], [ 76.788153144501223, 12.708819670647431 ], [ 76.788170728873553, 12.708961957437996 ], [ 76.788181832111675, 12.709051804384067 ], [ 76.788200900944219, 12.709206103813933 ], [ 76.788218407358826, 12.709347763816053 ], [ 76.788257657298573, 12.709631742189025 ], [ 76.788274103731666, 12.709749401974019 ], [ 76.788297563373675, 12.709917235555739 ], [ 76.788329879247769, 12.710153629201509 ], [ 76.788300486928449, 12.710159004012265 ], [ 76.788314666892646, 12.710281296145062 ], [ 76.788313793291948, 12.710287763050649 ], [ 76.788313938244414, 12.710325978590237 ], [ 76.788314213702733, 12.710398634213281 ], [ 76.788556991478018, 12.710384720096592 ], [ 76.789060249909937, 12.710371618169827 ], [ 76.78905791978822, 12.710338627414909 ], [ 76.789220327399363, 12.71033852587397 ], [ 76.790206383566485, 12.710337906653374 ], [ 76.790248331951375, 12.710337880145579 ], [ 76.790279150904979, 12.710337444288225 ], [ 76.790340066642074, 12.710336523205392 ], [ 76.790465611795682, 12.710334626093413 ], [ 76.790596066465241, 12.710332654190042 ], [ 76.791050060508809, 12.710314921532921 ], [ 76.791117951209628, 12.710312269212483 ], [ 76.791152308456716, 12.710310927157058 ], [ 76.791150926321635, 12.710293166922455 ], [ 76.791231979458075, 12.710308151845545 ], [ 76.791558190716984, 12.710368461022513 ], [ 76.791583713171008, 12.710373184045443 ], [ 76.792059910535414, 12.710461302368055 ], [ 76.792097301383009, 12.710468221120639 ], [ 76.792098401747296, 12.710468765960183 ], [ 76.792237986556913, 12.710537908301694 ], [ 76.793054274055791, 12.710158322408082 ] ] ] } },
{ "type": "Feature", "properties": { "OBJECTID": 18924, "KGISVillageID": 24198, "KGISVillageCode": "2205070016", "KGISVillageName": "G.Malligere", "KGISHobliID": 247, "UniqueVillageCode": "2205070016_1", "Bhucode": "220501002017", "CensusVillageCode": "2957305550614390", "BhoomiVillageCode": "2205070016", "created_user": null, "created_date": null, "last_edited_user": null, "last_edited_date": null, "LGDGPCode": "219332", "LGDGPCode_Secondary": null, "Category": "Cadastral data available and has bhoomi linkage", "SHAPE.STArea()": 2713463.9846913549, "SHAPE.STLength()": 7923.4033380467999, "LGD_VillageCode": 614390.0, "_overlap_percent": 99.045376323561541, "_police_station": "Basaralu PS", "_police_feature_index": "485", "_admin_layer": "Village", "_geometry_clipped": true }, "geometry": { "type": "Polygon", "coordinates": [ [ [ 76.748828532847369, 12.681937137247687 ], [ 76.748845417679092, 12.681945697070166 ], [ 76.74892053098408, 12.68195991138875 ], [ 76.748940251019079, 12.681963640387146 ], [ 76.749043112866559, 12.681944691697403 ], [ 76.749257257911893, 12.681904996026757 ], [ 76.749513082088683, 12.681857561289025 ], [ 76.749811001529679, 12.681801051361875 ], [ 76.750091160463953, 12.681747913069383 ], [ 76.750209724113247, 12.681724944796665 ], [ 76.750286202776806, 12.681710146624429 ], [ 76.750313038887356, 12.681742617623081 ], [ 76.750368665990806, 12.681731817019328 ], [ 76.750402329275516, 12.681773637918727 ], [ 76.750424958076806, 12.681801749735484 ], [ 76.75045078947575, 12.681803600569015 ], [ 76.751540996722255, 12.681799242189017 ], [ 76.751753233397707, 12.681805269704729 ], [ 76.752510702275103, 12.681801048744708 ], [ 76.752641996892791, 12.681799375597322 ], [ 76.752814488134788, 12.681800860067495 ], [ 76.753053927941252, 12.681802921457251 ], [ 76.755198715414537, 12.681842332123614 ], [ 76.755406992270949, 12.681207141764883 ], [ 76.755876734888474, 12.679773040836093 ], [ 76.755985153670366, 12.679440322932795 ], [ 76.755628272491933, 12.679294539276206 ], [ 76.755624536949639, 12.678809004694985 ], [ 76.755621664922415, 12.678585325520535 ], [ 76.755604233869377, 12.677853747323766 ], [ 76.755600870537677, 12.677712595433597 ], [ 76.755585229840989, 12.677056177029398 ], [ 76.755572495946041, 12.676603252408643 ], [ 76.75554961959925, 12.675614008633447 ], [ 76.755549328280537, 12.675601448950404 ], [ 76.755501146427747, 12.673517837303152 ], [ 76.755498512162035, 12.673382666220839 ], [ 76.755490638342295, 12.672952067518166 ], [ 76.755487456458908, 12.672778055501807 ], [ 76.755479200301579, 12.672326549195915 ], [ 76.755541666268059, 12.67152390937434 ], [ 76.75560490958145, 12.671004205717328 ], [ 76.755606663956769, 12.670989787648734 ], [ 76.755627775806218, 12.670816296785819 ], [ 76.755655454605346, 12.670588843549595 ], [ 76.755692791581865, 12.670282016754898 ], [ 76.755695978772266, 12.670255829383253 ], [ 76.755699327161125, 12.670228312202543 ], [ 76.755563830930853, 12.670258375783252 ], [ 76.75535620299344, 12.670304442741802 ], [ 76.755041986673007, 12.670374870964707 ], [ 76.754822919160404, 12.670423972418346 ], [ 76.754679615623004, 12.670456091958449 ], [ 76.753775122103377, 12.670663347872472 ], [ 76.753754163293053, 12.670668150257177 ], [ 76.752786702851566, 12.670904207305565 ], [ 76.752504298881121, 12.670972655880359 ], [ 76.752484406156938, 12.670977477358713 ], [ 76.751924203929846, 12.67110625871293 ], [ 76.751820987454096, 12.671118978748202 ], [ 76.751653975897682, 12.671128106506968 ], [ 76.750824289070806, 12.67117344896392 ], [ 76.75082001634685, 12.671173530425248 ], [ 76.750580052543839, 12.67117810754705 ], [ 76.750484056461474, 12.671185647140803 ], [ 76.750261515961512, 12.671194907243825 ], [ 76.750203108630473, 12.671197337204303 ], [ 76.749697457689351, 12.67121963230027 ], [ 76.749573491521204, 12.671225098534347 ], [ 76.749352547121774, 12.671239890164014 ], [ 76.749278936088984, 12.671244818012598 ], [ 76.749214853200797, 12.671249108280195 ], [ 76.74900780129262, 12.671327362224877 ], [ 76.748974298787545, 12.671332596563289 ], [ 76.748566644592344, 12.671396726130622 ], [ 76.748274521592677, 12.671443684170569 ], [ 76.748131716215383, 12.67146664045111 ], [ 76.748122450694765, 12.671468129540374 ], [ 76.748112147132417, 12.671475072422769 ], [ 76.748101138880529, 12.671482489067225 ], [ 76.747905367347215, 12.671614397460679 ], [ 76.747386096942947, 12.671576066577071 ], [ 76.747218317379932, 12.671548129037381 ], [ 76.747189216386985, 12.67154328364443 ], [ 76.746954599323502, 12.6715042177045 ], [ 76.746873591929855, 12.671490729282979 ], [ 76.746858622248268, 12.671339363625115 ], [ 76.746853929978414, 12.6712919209959 ], [ 76.746845055591777, 12.671202191914137 ], [ 76.746644738220482, 12.671216341428863 ], [ 76.746600725738588, 12.671219450707653 ], [ 76.746561710941577, 12.671210113731954 ], [ 76.746190543055434, 12.671121286813916 ], [ 76.746141460158896, 12.67110954006721 ], [ 76.746091853530885, 12.671097668394093 ], [ 76.746063128178363, 12.671090793830896 ], [ 76.74600054249882, 12.671044325147362 ], [ 76.745954552101708, 12.671010178998397 ], [ 76.745657572921672, 12.67097050344376 ], [ 76.745432500798572, 12.67097983035123 ], [ 76.745393031426985, 12.670981466060095 ], [ 76.745205039504782, 12.670989255908975 ], [ 76.745201248742035, 12.670989412757224 ], [ 76.74512267926626, 12.670964436214902 ], [ 76.744794968014858, 12.67086026106964 ], [ 76.74479498930782, 12.670859737564413 ], [ 76.744668382723304, 12.670819747486574 ], [ 76.74453395477353, 12.67077728763778 ], [ 76.74451431932566, 12.670771109843285 ], [ 76.744394971159181, 12.670721326020013 ], [ 76.744394784954608, 12.67072088342011 ], [ 76.744330485241065, 12.670568013277869 ], [ 76.744315577616462, 12.670532571004138 ], [ 76.744311976639466, 12.670529907289335 ], [ 76.744172866865512, 12.670426953724222 ], [ 76.744135340788205, 12.670200671968107 ], [ 76.744012460711858, 12.670180931856846 ], [ 76.743871610854171, 12.670158304909339 ], [ 76.743596595364082, 12.670114124195711 ], [ 76.743491200374862, 12.670097192455088 ], [ 76.743491393162657, 12.6700662457148 ], [ 76.743482252195264, 12.670031084652376 ], [ 76.743431263241405, 12.669834954221651 ], [ 76.743413057306796, 12.669823463701755 ], [ 76.743322993141305, 12.669768691182709 ], [ 76.743275073592258, 12.669736683144118 ], [ 76.743174151426771, 12.669540673827438 ], [ 76.742933652358545, 12.669043174823422 ], [ 76.74283052238944, 12.669055902502331 ], [ 76.742792161073666, 12.669059085261186 ], [ 76.742780337565691, 12.669060066648628 ], [ 76.742729074288633, 12.669069715569821 ], [ 76.742658106896187, 12.668963356923312 ], [ 76.742640429696038, 12.668936864230625 ], [ 76.742627896528376, 12.668918080759743 ], [ 76.742545138533913, 12.668942574875409 ], [ 76.74252348346306, 12.668948984487868 ], [ 76.74235397989402, 12.668999151876832 ], [ 76.74251143481068, 12.669669384283884 ], [ 76.74156102155959, 12.669955745168668 ], [ 76.741401777301647, 12.670091611250156 ], [ 76.740295125467355, 12.670294318525794 ], [ 76.740140895462218, 12.670639204056188 ], [ 76.740083551000737, 12.67064242339605 ], [ 76.740090096927688, 12.670652699250834 ], [ 76.739890364945779, 12.670672485686447 ], [ 76.739874160888476, 12.670674091294174 ], [ 76.739840614266697, 12.670677202389221 ], [ 76.739691216037585, 12.670691057469087 ], [ 76.739121685916658, 12.670782214083982 ], [ 76.738729920135739, 12.670893330592001 ], [ 76.738707597316719, 12.670830784974815 ], [ 76.738658609747745, 12.67084309619899 ], [ 76.738603664693926, 12.670720270711506 ], [ 76.738594053030397, 12.670698784678628 ], [ 76.738003590292095, 12.67070818381216 ], [ 76.737145019952763, 12.670804009705439 ], [ 76.737100751511363, 12.670798453242815 ], [ 76.737030005126115, 12.670789575179473 ], [ 76.736353980480402, 12.670861964421361 ], [ 76.736019041338508, 12.670897829213477 ], [ 76.735627148725968, 12.670939794330913 ], [ 76.735519136814744, 12.670968632754665 ], [ 76.734884520926329, 12.671130664375802 ], [ 76.73452085789603, 12.671223515087169 ], [ 76.734532759082413, 12.671288147995169 ], [ 76.734543994663369, 12.671434147738966 ], [ 76.73462050907888, 12.671648278370103 ], [ 76.734610205473857, 12.671786446955055 ], [ 76.734605499295043, 12.671849553899841 ], [ 76.73459400195523, 12.671854553438493 ], [ 76.734220000548135, 12.672017213054366 ], [ 76.734200365081193, 12.672022864949307 ], [ 76.734016177027641, 12.672075888582857 ], [ 76.733973163850081, 12.672088271617573 ], [ 76.733946663267005, 12.672096050886941 ], [ 76.733405890469442, 12.672254757535335 ], [ 76.733347019127905, 12.67227351432809 ], [ 76.733357163068405, 12.672308788675069 ], [ 76.733365170766234, 12.672356107187378 ], [ 76.733370922166088, 12.672390088638693 ], [ 76.733112119089114, 12.672495193709349 ], [ 76.733083498542925, 12.672506817521896 ], [ 76.732766034620852, 12.67257689272172 ], [ 76.732370022248588, 12.672642266425326 ], [ 76.732088112313747, 12.672673466714611 ], [ 76.732045866163148, 12.672678143984369 ], [ 76.732031853648749, 12.672679866831718 ], [ 76.731692654878259, 12.672721572798521 ], [ 76.731778134769399, 12.672810166851542 ], [ 76.731795147327787, 12.672980536859487 ], [ 76.731732296861708, 12.673427330916409 ], [ 76.731671510565477, 12.673859456299686 ], [ 76.731578499397074, 12.674059156415986 ], [ 76.731445471001635, 12.674745933228635 ], [ 76.731376648817161, 12.674857712299914 ], [ 76.731290986632629, 12.675003373707268 ], [ 76.731206140371967, 12.675049530295254 ], [ 76.731288529539086, 12.675668183744271 ], [ 76.731576897796558, 12.676086865336176 ], [ 76.731730780619927, 12.676221044811887 ], [ 76.731842954832203, 12.676220314046009 ], [ 76.731910787409703, 12.676450184125976 ], [ 76.73189818590717, 12.676495396147354 ], [ 76.731902846546518, 12.676511107513488 ], [ 76.731820276480917, 12.676819411494508 ], [ 76.731815152954169, 12.676838424442522 ], [ 76.731775968275443, 12.676983459387051 ], [ 76.731763463611955, 12.677029489698969 ], [ 76.73186423712599, 12.677034553171664 ], [ 76.732035870714199, 12.677060299324378 ], [ 76.732155637578401, 12.677085874443623 ], [ 76.732255541146145, 12.677061258745418 ], [ 76.732474734386301, 12.676992723374179 ], [ 76.732687065516529, 12.676991339416624 ], [ 76.732814236532207, 12.67702886457494 ], [ 76.73287546537081, 12.67705961533373 ], [ 76.732959438151354, 12.677075064526301 ], [ 76.732991760667232, 12.677077154271617 ], [ 76.733028196366533, 12.677079509161839 ], [ 76.733078494179651, 12.677102246496936 ], [ 76.733111415986983, 12.677117129080221 ], [ 76.733331012791254, 12.677346489034628 ], [ 76.733582212307766, 12.677682398892529 ], [ 76.733622152747031, 12.677702570542975 ], [ 76.73392301727317, 12.677837208036294 ], [ 76.733933032988048, 12.67783891528128 ], [ 76.734015371585485, 12.677852944763305 ], [ 76.734202662972336, 12.677873058915011 ], [ 76.734458037112731, 12.677914898136718 ], [ 76.734470488539145, 12.677919839951633 ], [ 76.734513195811601, 12.67793679714952 ], [ 76.734531576346512, 12.677950100369264 ], [ 76.734558480082043, 12.677969565106695 ], [ 76.734617354655271, 12.678012182025133 ], [ 76.734781144654832, 12.678187938164518 ], [ 76.734986762188981, 12.678250264337445 ], [ 76.735156402226224, 12.678240736961262 ], [ 76.735679282833999, 12.678217553415191 ], [ 76.735725967221214, 12.678215485013206 ], [ 76.735866882500247, 12.678229866244422 ], [ 76.735908200026998, 12.678234085249217 ], [ 76.736040376316097, 12.678246331463676 ], [ 76.736134878291367, 12.678248574193471 ], [ 76.73664062000276, 12.678149628720467 ], [ 76.736913356165218, 12.678096266440207 ], [ 76.737030591661082, 12.678069492844182 ], [ 76.737059247011544, 12.678062951046767 ], [ 76.737086830612242, 12.678056655788433 ], [ 76.737405570885002, 12.677978606532815 ], [ 76.737541315180735, 12.677956627232469 ], [ 76.737547523317929, 12.677955620363724 ], [ 76.737696932531577, 12.677958422892273 ], [ 76.737765023217719, 12.67795970692109 ], [ 76.737855591096064, 12.678155082737021 ], [ 76.737947962337685, 12.678273732319111 ], [ 76.737976571494272, 12.678338970641565 ], [ 76.73798387541261, 12.678390099689263 ], [ 76.73799602705293, 12.67841790528075 ], [ 76.738031327586157, 12.678498677914273 ], [ 76.738033224018039, 12.678509535094642 ], [ 76.738038237433713, 12.678602073179913 ], [ 76.738053942393208, 12.678641643392936 ], [ 76.73810130891161, 12.6786400997294 ], [ 76.738299899751297, 12.678976181882238 ], [ 76.738413872793359, 12.679111557002622 ], [ 76.738495504906297, 12.679236853441786 ], [ 76.738603303127775, 12.679547839866961 ], [ 76.738632284754289, 12.679635221554944 ], [ 76.738719382717875, 12.679834168369405 ], [ 76.738809968905613, 12.679824606155853 ], [ 76.739047886335243, 12.679799500631384 ], [ 76.739320712912203, 12.679727727818463 ], [ 76.739608418876614, 12.679551798706438 ], [ 76.739799498529379, 12.679452155007779 ], [ 76.739846326256142, 12.679540323602222 ], [ 76.739959264726508, 12.679820897750005 ], [ 76.739987527308529, 12.679942089428168 ], [ 76.740003336048531, 12.680009883450586 ], [ 76.740044846494314, 12.680237525526104 ], [ 76.74009772933907, 12.680422883936382 ], [ 76.740247428375724, 12.68040893703497 ], [ 76.740318157073702, 12.680402344421744 ], [ 76.740746809675827, 12.680335242464116 ], [ 76.740933304682102, 12.680286806669823 ], [ 76.741494868779426, 12.680170610834478 ], [ 76.741732988069231, 12.680121339059294 ], [ 76.741738449898875, 12.680158561676945 ], [ 76.74181277173237, 12.680592756642682 ], [ 76.741823907703434, 12.680695305857743 ], [ 76.741824729058393, 12.680702914137651 ], [ 76.741831894543296, 12.680723283865669 ], [ 76.741949491960426, 12.681057842331551 ], [ 76.742016189196761, 12.681225464307506 ], [ 76.742119862944691, 12.681238099299613 ], [ 76.742129632269453, 12.681238750248408 ], [ 76.743438463062205, 12.681280785558247 ], [ 76.743614939263892, 12.681305158677393 ], [ 76.743947835686754, 12.681351114730111 ], [ 76.743973314453413, 12.681354631863929 ], [ 76.74427204639224, 12.681377623646128 ], [ 76.744295460474333, 12.681379417885122 ], [ 76.744932831142535, 12.681418947425394 ], [ 76.745882907228903, 12.681103297119147 ], [ 76.74665114841126, 12.681246237951624 ], [ 76.746872623716811, 12.681261405946701 ], [ 76.747233716210999, 12.681286129404116 ], [ 76.747336072753157, 12.681325377606155 ], [ 76.747441888665477, 12.681352030517703 ], [ 76.747696201320977, 12.681401229244518 ], [ 76.747743066993749, 12.681403977129674 ], [ 76.747842536782244, 12.681409786751505 ], [ 76.74813002499684, 12.68157089514505 ], [ 76.748441299786023, 12.681735313164729 ], [ 76.748701234073437, 12.681872603119517 ], [ 76.748828532847369, 12.681937137247687 ] ] ] } },
{ "type": "Feature", "properties": { "OBJECTID": 19277, "KGISVillageID": 24564, "KGISVillageCode": "2202050015", "KGISVillageName": "Gangavadi", "KGISHobliID": 362, "UniqueVillageCode": "2202050015_1", "Bhucode": "220201004022", "CensusVillageCode": "2957305547614024", "BhoomiVillageCode": "2202050015", "created_user": null, "created_date": null, "last_edited_user": null, "last_edited_date": null, "LGDGPCode": "219371", "LGDGPCode_Secondary": null, "Category": "Cadastral data available and has bhoomi linkage", "SHAPE.STArea()": 4145517.6996954349, "SHAPE.STLength()": 12444.697758405375, "LGD_VillageCode": 614024.0, "_overlap_percent": 0.054193408627928742, "_police_station": "Basaralu PS", "_police_feature_index": "485", "_admin_layer": "Village", "_geometry_clipped": true }, "geometry": { "type": "MultiPolygon", "coordinates": [ [ [ [ 76.738038237433713, 12.678602073179913 ], [ 76.738033224018039, 12.678509535094642 ], [ 76.738031327586157, 12.678498677914273 ], [ 76.73799602705293, 12.67841790528075 ], [ 76.73798387541261, 12.678390099689263 ], [ 76.737994731821175, 12.678466096956274 ], [ 76.738019975194163, 12.67864275037585 ], [ 76.738053942393208, 12.678641643392936 ], [ 76.738038237433713, 12.678602073179913 ] ] ], [ [ [ 76.748828532847369, 12.681937137247687 ], [ 76.748701234073437, 12.681872603119517 ], [ 76.748836390063161, 12.68194398869894 ], [ 76.748845417679092, 12.681945697070166 ], [ 76.748828532847369, 12.681937137247687 ] ] ], [ [ [ 76.750402329275516, 12.681773637918727 ], [ 76.750368665990806, 12.681731817019328 ], [ 76.750313038887356, 12.681742617623081 ], [ 76.750357937580432, 12.681796943878734 ], [ 76.750368171483188, 12.681797680945722 ], [ 76.750424958076806, 12.681801749735484 ], [ 76.750402329275516, 12.681773637918727 ] ] ], [ [ [ 76.755539847003831, 12.681989224216291 ], [ 76.755198715414537, 12.681842332123614 ], [ 76.753053927941252, 12.681802921457251 ], [ 76.752814488134788, 12.681800860067495 ], [ 76.752641996892791, 12.681799375597322 ], [ 76.752510702275103, 12.681801048744708 ], [ 76.751753233397707, 12.681805269704729 ], [ 76.752480775122308, 12.681825931869582 ], [ 76.752612234730293, 12.68182966844476 ], [ 76.753017340563687, 12.68184116676418 ], [ 76.755165505710494, 12.681902154248338 ], [ 76.755507815731107, 12.682049447156192 ], [ 76.754833459476373, 12.683421983205481 ], [ 76.755539847003831, 12.681989224216291 ] ] ], [ [ [ 76.749442669963713, 12.694650918923818 ], [ 76.749171410629245, 12.693697719691805 ], [ 76.749095408195672, 12.693425075228433 ], [ 76.74909092537095, 12.693373219039742 ], [ 76.749087367446222, 12.69338388371224 ], [ 76.749097609626673, 12.693495551207075 ], [ 76.749175104603964, 12.693769697168641 ], [ 76.749448917640152, 12.694691252442528 ], [ 76.749442669963713, 12.694650918923818 ] ] ] ] } },
{ "type": "Feature", "properties": { "OBJECTID": 19325, "KGISVillageID": 24616, "KGISVillageCode": "2202050014", "KGISVillageName": "S.Channapura", "KGISHobliID": 362, "UniqueVillageCode": "2202050014_1", "Bhucode": "220201004071", "CensusVillageCode": "2957305547614023", "BhoomiVillageCode": "2202050014", "created_user": null, "created_date": null, "last_edited_user": null, "last_edited_date": null, "LGDGPCode": "219386", "LGDGPCode_Secondary": null, "Category": "Cadastral data available and has bhoomi linkage", "SHAPE.STArea()": 3378761.25386609, "SHAPE.STLength()": 8297.7800420696803, "LGD_VillageCode": 614023.0, "_overlap_percent": 0.076756873137684936, "_police_station": "Basaralu PS", "_police_feature_index": "485", "_admin_layer": "Village", "_geometry_clipped": true }, "geometry": { "type": "MultiPolygon", "coordinates": [ [ [ [ 76.74980967408176, 12.696566221924323 ], [ 76.749762406630055, 12.696459221435447 ], [ 76.749698300763285, 12.696314102422321 ], [ 76.749704668434788, 12.69637091680808 ], [ 76.749815918835324, 12.696580302154606 ], [ 76.74980967408176, 12.696566221924323 ] ] ], [ [ [ 76.751100482202688, 12.698232440235634 ], [ 76.751002997509985, 12.698222491416518 ], [ 76.750724694149852, 12.698194091580392 ], [ 76.75073676946603, 12.698203261694552 ], [ 76.751207139364254, 12.698252733978029 ], [ 76.751100482202688, 12.698232440235634 ] ] ], [ [ [ 76.752470491422656, 12.698564622649299 ], [ 76.752391450723465, 12.698552581149571 ], [ 76.752362719880495, 12.698548204314326 ], [ 76.752183862240315, 12.698520957320827 ], [ 76.752025479518935, 12.698495485897849 ], [ 76.751872051108975, 12.698436027272285 ], [ 76.751784578471472, 12.698402128702364 ], [ 76.751496797836282, 12.698326288614993 ], [ 76.751784601944721, 12.698411606927353 ], [ 76.752021094309001, 12.698504616296137 ], [ 76.75217600207958, 12.698528825306177 ], [ 76.752456714306192, 12.698570229267959 ], [ 76.752591090361619, 12.698572485406297 ], [ 76.752470491422656, 12.698564622649299 ] ] ], [ [ [ 76.755976453059048, 12.702207515588116 ], [ 76.755956424077127, 12.70215715143577 ], [ 76.755896889936039, 12.702007450031346 ], [ 76.755881897248429, 12.701969713551311 ], [ 76.755851689875257, 12.701893685249741 ], [ 76.755843384138643, 12.701877413862571 ], [ 76.755770857418341, 12.701735336061924 ], [ 76.755657614747363, 12.701420367239699 ], [ 76.755633162005864, 12.70134920541266 ], [ 76.7555887245408, 12.701219882895971 ], [ 76.755490769622924, 12.700878003832173 ], [ 76.755480224480436, 12.700839139640765 ], [ 76.75544464327082, 12.700750880798383 ], [ 76.755409062083061, 12.700662621043568 ], [ 76.755359808790161, 12.700504848222209 ], [ 76.755156693169738, 12.699839802095283 ], [ 76.755141899788399, 12.699791355639901 ], [ 76.755093781773908, 12.699664937150752 ], [ 76.754867318026058, 12.699221227348351 ], [ 76.754781091241895, 12.699052284280063 ], [ 76.75466276983073, 12.698825847960906 ], [ 76.754647283489632, 12.698796211817784 ], [ 76.754573460973802, 12.698656102609268 ], [ 76.754532076942397, 12.698577560048593 ], [ 76.754518534491609, 12.698544347841761 ], [ 76.754523081191948, 12.698532466660902 ], [ 76.754498281085901, 12.698536742485153 ], [ 76.754330902159452, 12.698558616218248 ], [ 76.753971130926672, 12.698605633611736 ], [ 76.753831574491301, 12.698611405356777 ], [ 76.753817128728954, 12.698612002488455 ], [ 76.753656153500202, 12.69861409034891 ], [ 76.753426927777639, 12.698600246627944 ], [ 76.753388649955625, 12.698597934233261 ], [ 76.753350372139735, 12.698595622736828 ], [ 76.753236491697578, 12.698598676426275 ], [ 76.753320640953177, 12.698603666880837 ], [ 76.753623104174224, 12.698627765195779 ], [ 76.753782557545989, 12.69862997373888 ], [ 76.753935372013984, 12.698628963860347 ], [ 76.754458228396345, 12.69859204344413 ], [ 76.754492474551483, 12.698634753528195 ], [ 76.75460862273799, 12.698858207873279 ], [ 76.754760584540023, 12.699150565160581 ], [ 76.755115275961046, 12.699846250611165 ], [ 76.755171032681119, 12.699991296889445 ], [ 76.755188580389259, 12.700047072978339 ], [ 76.755369932972727, 12.700623642223176 ], [ 76.755413455455709, 12.700762013540285 ], [ 76.755476792481318, 12.700916981445852 ], [ 76.755487943208053, 12.70095366683192 ], [ 76.755586800539263, 12.701279064422671 ], [ 76.755653045696619, 12.701471908372651 ], [ 76.755758154203221, 12.701777890150407 ], [ 76.755832892982482, 12.701932256380495 ], [ 76.755888485418623, 12.702047059675232 ], [ 76.755984291309929, 12.702249024405535 ], [ 76.756050285761788, 12.702388129366302 ], [ 76.755976453059048, 12.702207515588116 ] ] ], [ [ [ 76.756444370566214, 12.702378619101182 ], [ 76.756429875366223, 12.702350864819584 ], [ 76.756319595707367, 12.702382255336833 ], [ 76.75629682763747, 12.702388736104586 ], [ 76.756225722102414, 12.702324832413519 ], [ 76.756069092134354, 12.702381349078225 ], [ 76.756050288110984, 12.702388134318021 ], [ 76.756070819672743, 12.702431411321049 ], [ 76.756255118041224, 12.702360435216425 ], [ 76.75632838906958, 12.702421261225625 ], [ 76.756447700227866, 12.702384994627021 ], [ 76.756444370566214, 12.702378619101182 ] ] ], [ [ [ 76.756712498108726, 12.702890232506601 ], [ 76.756696832219774, 12.702846196716033 ], [ 76.756656418445615, 12.702732596597377 ], [ 76.756631749276323, 12.70269526592554 ], [ 76.756626418871846, 12.702687199814031 ], [ 76.756689644803515, 12.702861658608537 ], [ 76.756722468372104, 12.702918258175687 ], [ 76.756712498108726, 12.702890232506601 ] ] ], [ [ [ 76.757006557489277, 12.703439180404372 ], [ 76.756999215018084, 12.703426310116864 ], [ 76.757003155297056, 12.70344174399286 ], [ 76.757006557489277, 12.703439180404372 ] ] ], [ [ [ 76.757913949457603, 12.709365786373333 ], [ 76.757951414335906, 12.70935706627413 ], [ 76.757898899913613, 12.709356454795316 ], [ 76.757902991466111, 12.709368336745653 ], [ 76.757913949457603, 12.709365786373333 ] ] ] ] } },
{ "type": "Feature", "properties": { "OBJECTID": 18875, "KGISVillageID": 24149, "KGISVillageCode": "2205100009", "KGISVillageName": "Hanuganahalli", "KGISHobliID": 1110, "UniqueVillageCode": "2205100009_1", "Bhucode": "220501001019", "CensusVillageCode": "2957305550614357", "BhoomiVillageCode": "2205100009", "created_user": null, "created_date": null, "last_edited_user": null, "last_edited_date": null, "LGDGPCode": "219322", "LGDGPCode_Secondary": null, "Category": "Cadastral data available and has bhoomi linkage", "SHAPE.STArea()": 5785163.4093110953, "SHAPE.STLength()": 11118.069969261689, "LGD_VillageCode": 614357.0, "_overlap_percent": 99.999999999999972, "_police_station": "Basaralu PS", "_police_feature_index": "485", "_admin_layer": "Village", "_geometry_clipped": true }, "geometry": { "type": "Polygon", "coordinates": [ [ [ 76.837762445781664, 12.684513426501423 ], [ 76.837738498704724, 12.684387814091655 ], [ 76.837713055579471, 12.68425435558377 ], [ 76.837697026138542, 12.684166933857126 ], [ 76.837660588946804, 12.684033132892678 ], [ 76.837621547912875, 12.683889767093946 ], [ 76.837595558422024, 12.683794330930839 ], [ 76.837610384557991, 12.683784362637196 ], [ 76.837609861538724, 12.683763814954172 ], [ 76.837588017702913, 12.682905723011597 ], [ 76.837587670010763, 12.682785143676647 ], [ 76.837587666644382, 12.682784032843157 ], [ 76.837580071367327, 12.682556056935541 ], [ 76.837593496901249, 12.682265784606889 ], [ 76.837592133730041, 12.682194334938709 ], [ 76.837589866006454, 12.682075455499005 ], [ 76.837588505347227, 12.68200409800704 ], [ 76.837593322026081, 12.681700512444008 ], [ 76.837596172305567, 12.681599674112253 ], [ 76.837601271291177, 12.681419237141665 ], [ 76.837604745883809, 12.681035831004971 ], [ 76.837593637653498, 12.680609652409112 ], [ 76.837602983146738, 12.680608617027072 ], [ 76.837609729189907, 12.68060786897373 ], [ 76.837615974847594, 12.680607176804973 ], [ 76.837796618724326, 12.680587154170967 ], [ 76.837801687211183, 12.680560187393313 ], [ 76.83789006733997, 12.680089969358043 ], [ 76.838488381319777, 12.677392942731585 ], [ 76.838722058517249, 12.67633280655326 ], [ 76.838915888577048, 12.675556199045717 ], [ 76.838922114463699, 12.675530958786673 ], [ 76.838856316214958, 12.675406048030881 ], [ 76.838808090327674, 12.675374294217425 ], [ 76.838785258852866, 12.675359260792748 ], [ 76.838603100511079, 12.675242323372828 ], [ 76.838404550453021, 12.675103216039927 ], [ 76.838185182870518, 12.674949522995341 ], [ 76.837924899934862, 12.67476716342664 ], [ 76.837722941261589, 12.674625667520452 ], [ 76.837534855063396, 12.674493889778464 ], [ 76.837363752713486, 12.67437401146697 ], [ 76.837133871111263, 12.674211600801536 ], [ 76.83713218019416, 12.674210460954065 ], [ 76.836672704295864, 12.673900823765551 ], [ 76.836399215213575, 12.673713024655351 ], [ 76.83631761619705, 12.673667835178236 ], [ 76.836187297602706, 12.673796372745887 ], [ 76.836170744515499, 12.673812699811986 ], [ 76.836145119168535, 12.673837974590461 ], [ 76.836001409762176, 12.674031219644634 ], [ 76.835982458868628, 12.674056703211651 ], [ 76.835970145567671, 12.674073260401329 ], [ 76.835935083884635, 12.674120407138416 ], [ 76.835975910152627, 12.674201929212966 ], [ 76.836024086225123, 12.674298126397453 ], [ 76.836080788261796, 12.674351640810459 ], [ 76.836094577558498, 12.674377413480885 ], [ 76.83611437093424, 12.674414408732195 ], [ 76.836029172914863, 12.674399234509066 ], [ 76.835804600207439, 12.674359237047602 ], [ 76.835776001084156, 12.674351560900739 ], [ 76.835664102245389, 12.674321528689019 ], [ 76.835402501091906, 12.674109297935265 ], [ 76.83512732354437, 12.67387151139499 ], [ 76.835046369398654, 12.673801557283767 ], [ 76.834820305588224, 12.673510339700972 ], [ 76.834465701447584, 12.673497647640271 ], [ 76.834429851309764, 12.673428349237831 ], [ 76.834313365134804, 12.67320318387635 ], [ 76.834257309645508, 12.673132649139088 ], [ 76.833963402140213, 12.673020183008306 ], [ 76.833796356308994, 12.672887311619661 ], [ 76.833597442032413, 12.672592973279613 ], [ 76.833185161522792, 12.672182449555502 ], [ 76.832756339614974, 12.671796931689519 ], [ 76.832333022959347, 12.671373819072322 ], [ 76.832355508668627, 12.671288148655529 ], [ 76.832300571500696, 12.671221194947321 ], [ 76.832185175263874, 12.670973196116964 ], [ 76.832114668649979, 12.670968761197809 ], [ 76.831867513758283, 12.670953213440367 ], [ 76.831861252757307, 12.670951601577048 ], [ 76.831832734672204, 12.670915778653884 ], [ 76.831825144896229, 12.670906244450077 ], [ 76.831772436490382, 12.670835416612116 ], [ 76.831717426076509, 12.670771446940918 ], [ 76.831715784017121, 12.67076953751938 ], [ 76.831672827776245, 12.670719585239226 ], [ 76.831629870632042, 12.670669632955997 ], [ 76.831531630273318, 12.670619051788 ], [ 76.831445716138546, 12.670619287354697 ], [ 76.831415684943977, 12.670525878133601 ], [ 76.831383966400949, 12.670443675005691 ], [ 76.831361366999118, 12.670385106842929 ], [ 76.831338767609282, 12.670326538676585 ], [ 76.831322233641302, 12.670330614214288 ], [ 76.831317597734937, 12.670331756999529 ], [ 76.831132318467866, 12.670383344256003 ], [ 76.831098016873895, 12.670392894863149 ], [ 76.83106820743906, 12.670399477848944 ], [ 76.83095770644249, 12.670423878589245 ], [ 76.830893626016547, 12.670432312731 ], [ 76.830879320278115, 12.670420611142569 ], [ 76.830839190235537, 12.670378775012805 ], [ 76.830748913035748, 12.670284665956942 ], [ 76.830747627666199, 12.670263092093871 ], [ 76.830737361779867, 12.670263071473315 ], [ 76.830645064550154, 12.670262887923112 ], [ 76.830536648624644, 12.670262672478373 ], [ 76.829991186655832, 12.670258338607521 ], [ 76.82997943259133, 12.670204836893234 ], [ 76.829950709202592, 12.670156968291538 ], [ 76.829919768595474, 12.670105404535789 ], [ 76.829887930280236, 12.67008747741947 ], [ 76.829872304104271, 12.670078678156713 ], [ 76.829590447184643, 12.669919968071833 ], [ 76.829163767106536, 12.669904936763068 ], [ 76.829115454836028, 12.669903234423609 ], [ 76.828981824960238, 12.669898526837917 ], [ 76.828862211094005, 12.669900407860968 ], [ 76.82882105611084, 12.669901054229435 ], [ 76.828811554177861, 12.669876369658191 ], [ 76.82880276933065, 12.669836970489186 ], [ 76.828781519444206, 12.669741661057229 ], [ 76.82869501575307, 12.669353681679214 ], [ 76.828662370853692, 12.669207266823701 ], [ 76.828647049274892, 12.669138546578907 ], [ 76.828646892583635, 12.669137485602683 ], [ 76.828459480101884, 12.668013411147314 ], [ 76.828450592175543, 12.667960177935974 ], [ 76.82833335753692, 12.667968735447358 ], [ 76.828196328250613, 12.66797784745774 ], [ 76.828172331371007, 12.667979426055997 ], [ 76.828027789278082, 12.667972597344592 ], [ 76.827984437426849, 12.667970549726213 ], [ 76.827984160253777, 12.667970536265193 ], [ 76.827971442686035, 12.667970458257113 ], [ 76.827733100033853, 12.667961524416553 ], [ 76.827514552237176, 12.667954522423889 ], [ 76.827513325820306, 12.667954482944829 ], [ 76.82724688997375, 12.667944808882634 ], [ 76.827198279026859, 12.667945970771965 ], [ 76.827161716259511, 12.667952354738063 ], [ 76.826981039005616, 12.667983899174281 ], [ 76.82675341454437, 12.668018864413796 ], [ 76.826758719725049, 12.668053268377415 ], [ 76.826717708192177, 12.668062000378441 ], [ 76.826678893379011, 12.668070265349042 ], [ 76.826417783115701, 12.668125295851873 ], [ 76.82618280850896, 12.668174809279522 ], [ 76.826111404850892, 12.668189866390293 ], [ 76.826023794141989, 12.668207079317721 ], [ 76.826008382201039, 12.668210107357185 ], [ 76.825924216782312, 12.668226644001964 ], [ 76.825608424023727, 12.668301692185855 ], [ 76.825258476575272, 12.668384856212128 ], [ 76.825141550442794, 12.668412642931532 ], [ 76.824997994730708, 12.668410853977408 ], [ 76.824669270016884, 12.668406757769482 ], [ 76.824613140627605, 12.668410846010323 ], [ 76.824283798203922, 12.668434832513984 ], [ 76.823894348853528, 12.668463196109762 ], [ 76.823874783808236, 12.668464722245156 ], [ 76.823872281366789, 12.668464917468999 ], [ 76.823814896324379, 12.668469392879464 ], [ 76.823150195978599, 12.668521236317352 ], [ 76.822996867450883, 12.668533387803311 ], [ 76.822942120530229, 12.668537726539348 ], [ 76.822889556088256, 12.668544384119583 ], [ 76.822450844515146, 12.668602330952899 ], [ 76.821936154581167, 12.668670312685409 ], [ 76.821923216746328, 12.668672021964655 ], [ 76.821819796353296, 12.66870712747698 ], [ 76.821677514273134, 12.668749138113684 ], [ 76.82153523121606, 12.668791148686781 ], [ 76.821285984267945, 12.668864741957533 ], [ 76.821153541129135, 12.66890384768506 ], [ 76.821131730531732, 12.668908700812706 ], [ 76.820681471225441, 12.669008894399381 ], [ 76.820675285837254, 12.669010270867146 ], [ 76.82067099325576, 12.66901128638411 ], [ 76.819975562496339, 12.669175832037071 ], [ 76.819683454995953, 12.669262446534567 ], [ 76.81942376170673, 12.669312315930171 ], [ 76.819305375193707, 12.669335049383024 ], [ 76.819188514737405, 12.669359577395126 ], [ 76.81896185015141, 12.669407152364029 ], [ 76.81889821742331, 12.669420508520437 ], [ 76.818778551577594, 12.669445624992584 ], [ 76.818640826897663, 12.669474531943473 ], [ 76.818596883477326, 12.669484007714976 ], [ 76.817880149039453, 12.668803215107364 ], [ 76.817533840782716, 12.668482494305763 ], [ 76.817451802193759, 12.668372978519452 ], [ 76.817429000484267, 12.668299169778669 ], [ 76.817357688055139, 12.66806833863353 ], [ 76.8172821545473, 12.66762398363648 ], [ 76.817251782830851, 12.667471094537971 ], [ 76.817159220886325, 12.667005148173116 ], [ 76.81712912417143, 12.666851028782681 ], [ 76.817073144999583, 12.666560455557322 ], [ 76.817054193220741, 12.666462084597354 ], [ 76.817053683057665, 12.66645828907091 ], [ 76.817048497095101, 12.666419734205524 ], [ 76.816949414448771, 12.666014367792817 ], [ 76.816922562398261, 12.665921126058246 ], [ 76.816857730876322, 12.665696008960239 ], [ 76.816797206638753, 12.665485843337141 ], [ 76.816758300715648, 12.665358314712726 ], [ 76.816724181789965, 12.665245119672948 ], [ 76.816596690996121, 12.664822149537223 ], [ 76.81651132067141, 12.664538920070738 ], [ 76.816438965854118, 12.664298869579566 ], [ 76.816291800182668, 12.663810622287494 ], [ 76.816284587495275, 12.663786242322947 ], [ 76.816216849704418, 12.663557264370166 ], [ 76.816133512547353, 12.663564738871409 ], [ 76.816133578390293, 12.663568058378491 ], [ 76.81606954905304, 12.663570474916298 ], [ 76.815982972269154, 12.663573741317945 ], [ 76.815947299999237, 12.663575087519142 ], [ 76.815858341477693, 12.66359130739268 ], [ 76.815667822032708, 12.663631864041863 ], [ 76.815508091448251, 12.663665866133371 ], [ 76.815503121657841, 12.663660540929509 ], [ 76.815485245989223, 12.663641385815803 ], [ 76.81544306285879, 12.663644415113904 ], [ 76.815109814307021, 12.663668345717712 ], [ 76.815109583384626, 12.66366836356292 ], [ 76.815010007550299, 12.663676126563443 ], [ 76.814898003358692, 12.663684859203384 ], [ 76.814696325601503, 12.663707912597575 ], [ 76.814687707365223, 12.66370889785609 ], [ 76.814641949922191, 12.663638410655626 ], [ 76.814634141742346, 12.663626382619977 ], [ 76.814511459473337, 12.66364642136868 ], [ 76.814396593430999, 12.663665183810101 ], [ 76.814372822870297, 12.663669066284912 ], [ 76.81431182785191, 12.663672711782157 ], [ 76.814232980794685, 12.663678625712693 ], [ 76.814066859839315, 12.663702367184209 ], [ 76.813961037982551, 12.66372246337564 ], [ 76.813877032376723, 12.663727342175646 ], [ 76.813821205631498, 12.663738486189649 ], [ 76.813819971065286, 12.66373846387379 ], [ 76.81374386544266, 12.663737114356264 ], [ 76.813733501006411, 12.663736931017342 ], [ 76.813731133062461, 12.663736486178959 ], [ 76.813690898311251, 12.663728930111764 ], [ 76.813685570670913, 12.663727929674797 ], [ 76.813647734025182, 12.663737063715109 ], [ 76.813409153630417, 12.663759091411864 ], [ 76.813122177434195, 12.663785587575637 ], [ 76.81312169829117, 12.663785650497013 ], [ 76.813116068069732, 12.663786381238221 ], [ 76.812613530797094, 12.663851631787182 ], [ 76.812598397394112, 12.663855519442862 ], [ 76.812252734532805, 12.663944320547017 ], [ 76.812230327577183, 12.663951387872789 ], [ 76.812193324322337, 12.663963059567664 ], [ 76.811769040669873, 12.664006352647018 ], [ 76.811748228090579, 12.664008476585888 ], [ 76.811590494536262, 12.664024571350101 ], [ 76.811234968377548, 12.664024303684746 ], [ 76.811214301372672, 12.664231534058281 ], [ 76.811206562193306, 12.664240995267621 ], [ 76.811202348543191, 12.664246147164485 ], [ 76.811194728904667, 12.664255460226764 ], [ 76.811039304442332, 12.664445457942847 ], [ 76.811037737394386, 12.66446040619166 ], [ 76.811030762054159, 12.66452695239612 ], [ 76.8110204370075, 12.664625451997383 ], [ 76.811016462041053, 12.664663370763268 ], [ 76.811001895501335, 12.664802327242223 ], [ 76.811002974234597, 12.664875718870254 ], [ 76.810994629717086, 12.664885626196206 ], [ 76.810994217774294, 12.664894816978007 ], [ 76.811009261225593, 12.66500047619768 ], [ 76.811015414399122, 12.665043693280669 ], [ 76.811032041471293, 12.66516047756228 ], [ 76.811067386742621, 12.665408727218249 ], [ 76.811073726876046, 12.665453257270197 ], [ 76.811076365230292, 12.665471790616625 ], [ 76.81108942712487, 12.665563531750749 ], [ 76.811105544221547, 12.665686167613611 ], [ 76.811117347001442, 12.665775971252867 ], [ 76.811119883036682, 12.665795265460302 ], [ 76.811140862182526, 12.665954897612092 ], [ 76.811149066892668, 12.666015530302724 ], [ 76.811170936501071, 12.666177154869093 ], [ 76.811191900963578, 12.666332086910325 ], [ 76.811215574180295, 12.666507038695137 ], [ 76.811228847725332, 12.666605135374226 ], [ 76.811240964689674, 12.666666283746265 ], [ 76.811253659131239, 12.666730342305021 ], [ 76.811259724912674, 12.666761036656442 ], [ 76.811259579735207, 12.666767591703891 ], [ 76.811259329311667, 12.666778926299749 ], [ 76.811258962610111, 12.666795563867669 ], [ 76.81125697982219, 12.666885377285368 ], [ 76.811256128501256, 12.66692945824666 ], [ 76.811253086514213, 12.667086967091175 ], [ 76.811252928580458, 12.667095235084494 ], [ 76.811266241295016, 12.667143210245463 ], [ 76.81126819212335, 12.667347882266398 ], [ 76.81126961453208, 12.667497150733571 ], [ 76.811269700042246, 12.667506130232935 ], [ 76.81127066424024, 12.667607331491689 ], [ 76.811271226807847, 12.667666392825282 ], [ 76.811271688974941, 12.667714887541555 ], [ 76.811272786145238, 12.66782996159926 ], [ 76.811274384835073, 12.66788244916351 ], [ 76.811274521400946, 12.667886926975681 ], [ 76.81127495840316, 12.667901359017428 ], [ 76.811279551400403, 12.668173434597527 ], [ 76.811294163445965, 12.668271249160352 ], [ 76.811324935418767, 12.668477233470091 ], [ 76.811340269423383, 12.668549794934853 ], [ 76.81138896958899, 12.668780250887639 ], [ 76.811396291390366, 12.668814899293501 ], [ 76.811400358933241, 12.668834145094236 ], [ 76.811477293913157, 12.669324836446782 ], [ 76.811480386333585, 12.669344561616361 ], [ 76.811481260087291, 12.669362437186402 ], [ 76.811494691228432, 12.66963706472781 ], [ 76.811501731215643, 12.669781009883753 ], [ 76.811503951004482, 12.66978054191841 ], [ 76.811504930221275, 12.669815689976206 ], [ 76.81150549258966, 12.669835875279835 ], [ 76.811506426345389, 12.669869409311783 ], [ 76.811506918514212, 12.669887085009959 ], [ 76.811507086164255, 12.669893094690979 ], [ 76.811507209983731, 12.669893030575755 ], [ 76.811507242196001, 12.669893681152216 ], [ 76.811507641461262, 12.669901854959607 ], [ 76.811508043935063, 12.669910092016949 ], [ 76.811510765064327, 12.669965732798376 ], [ 76.811521487116522, 12.670184970736962 ], [ 76.811532689045919, 12.670414013436272 ], [ 76.81154780575028, 12.670470506199718 ], [ 76.811552471029628, 12.670548418067018 ], [ 76.811570703265673, 12.670802874344425 ], [ 76.811575886094928, 12.670875209339274 ], [ 76.811598865111236, 12.671195901450826 ], [ 76.811603640516182, 12.671262552888665 ], [ 76.811628295528266, 12.671606630573535 ], [ 76.811632252921385, 12.671661863402949 ], [ 76.811632815668432, 12.67166972154325 ], [ 76.81163534301092, 12.671777780708984 ], [ 76.811639409004542, 12.671951684496051 ], [ 76.811641869266325, 12.672056891461359 ], [ 76.811643301894691, 12.672118154118504 ], [ 76.811643499791018, 12.672126618537948 ], [ 76.811650953279084, 12.672445353710872 ], [ 76.811650996565305, 12.672449264517393 ], [ 76.811651700964546, 12.672460883652578 ], [ 76.811651819650592, 12.672463349540445 ], [ 76.811652934828487, 12.672598748123736 ], [ 76.811658356703447, 12.673256920515584 ], [ 76.811623491451286, 12.673689571125813 ], [ 76.811617733075281, 12.673761032474749 ], [ 76.811592870479743, 12.673863489788388 ], [ 76.811591331034577, 12.673869831977349 ], [ 76.811551337032782, 12.674055611080526 ], [ 76.811483810960965, 12.674369280158613 ], [ 76.811411372872115, 12.674705768686358 ], [ 76.811443158196838, 12.674859791592956 ], [ 76.811445390602159, 12.674870611225987 ], [ 76.81145622082866, 12.674923089181377 ], [ 76.811464128555627, 12.674961406030919 ], [ 76.81146742377571, 12.674977375073274 ], [ 76.811488651519909, 12.675080236014399 ], [ 76.81149133110911, 12.675093239995732 ], [ 76.81149717929236, 12.675121619126269 ], [ 76.81149786058009, 12.67512410468116 ], [ 76.811501670566614, 12.675138013881281 ], [ 76.811553915733597, 12.675637350494243 ], [ 76.811560236115298, 12.675697757295881 ], [ 76.81158943810793, 12.675976857160769 ], [ 76.81159012106869, 12.675984136897515 ], [ 76.811624781408256, 12.67635312683651 ], [ 76.811655137653005, 12.677228699998707 ], [ 76.811673705134638, 12.677653800503929 ], [ 76.811691287579038, 12.678056348600855 ], [ 76.810890337037364, 12.67892085087094 ], [ 76.810877699737532, 12.678940948944243 ], [ 76.81087273796058, 12.67894591162537 ], [ 76.810500211720836, 12.679535114904702 ], [ 76.809958989846521, 12.680146373679159 ], [ 76.809958596351123, 12.680159216020407 ], [ 76.80992368226039, 12.681491507388877 ], [ 76.809845290657293, 12.681617421677755 ], [ 76.809856020710527, 12.681638238238323 ], [ 76.810055430636382, 12.682599115898359 ], [ 76.810273041911955, 12.683583870842085 ], [ 76.810288742019793, 12.683654916621165 ], [ 76.810309359234324, 12.683782262487794 ], [ 76.810316003478434, 12.683809144788039 ], [ 76.81040554603301, 12.684171433630024 ], [ 76.810412643311736, 12.684200150431026 ], [ 76.810458832357156, 12.684366243195862 ], [ 76.810459584278618, 12.684368949719909 ], [ 76.810465344768843, 12.684382023994084 ], [ 76.81047081896628, 12.68439444851963 ], [ 76.81057967988734, 12.684641518717523 ], [ 76.810602239983368, 12.68472109645022 ], [ 76.810631879215123, 12.684919785681393 ], [ 76.810812767670626, 12.685073243193861 ], [ 76.811724291213594, 12.685777887237407 ], [ 76.812017976522796, 12.685704683475249 ], [ 76.812306367418557, 12.685632798137982 ], [ 76.812431764772711, 12.68560154144026 ], [ 76.813312240570497, 12.685388449797676 ], [ 76.81402301644107, 12.685330643184303 ], [ 76.815090376342567, 12.685244185078457 ], [ 76.815709782627138, 12.685194221234973 ], [ 76.816953763335334, 12.68505074298997 ], [ 76.817747018075721, 12.684999420883916 ], [ 76.817874069095112, 12.684984211453882 ], [ 76.818610222902009, 12.684896226647657 ], [ 76.818930790856029, 12.684858012351079 ], [ 76.819071805678533, 12.684841844455253 ], [ 76.819088765633097, 12.684839897967384 ], [ 76.81934518991315, 12.684810401933619 ], [ 76.81946600562496, 12.684796504416916 ], [ 76.819593320866929, 12.684781859111521 ], [ 76.819710055227446, 12.684768430534563 ], [ 76.819790109339834, 12.684759222105265 ], [ 76.819849547194252, 12.684752384750098 ], [ 76.819868102089913, 12.684750250127825 ], [ 76.820121207616552, 12.684725968882596 ], [ 76.820126771554897, 12.684725439052173 ], [ 76.820303302850462, 12.684708694554351 ], [ 76.82045164083496, 12.684694622478595 ], [ 76.820610572187135, 12.684679544921677 ], [ 76.820832182559073, 12.684658521309165 ], [ 76.820919869929838, 12.684650202974673 ], [ 76.820938642730795, 12.684648422010049 ], [ 76.821069946982476, 12.684798507536371 ], [ 76.82119357555392, 12.68493189493331 ], [ 76.821277994797015, 12.685022976621429 ], [ 76.821390222557213, 12.685144517200886 ], [ 76.822083649089677, 12.685895482046815 ], [ 76.822121674298415, 12.685936662184357 ], [ 76.822160807395534, 12.685973371368794 ], [ 76.822169817995942, 12.685984867438085 ], [ 76.822224565375492, 12.686056785794198 ], [ 76.822381145844915, 12.686245017847323 ], [ 76.822395381855259, 12.686261058002199 ], [ 76.822399880970565, 12.686266129521815 ], [ 76.822507247234213, 12.686387147852164 ], [ 76.822575832140515, 12.686464489337373 ], [ 76.822588773839172, 12.686481307558797 ], [ 76.822647873778408, 12.686558108502528 ], [ 76.822659379912452, 12.686573063736493 ], [ 76.822712488649174, 12.6866420998888 ], [ 76.822862122062602, 12.686833552741675 ], [ 76.82298644729849, 12.686992624244382 ], [ 76.823066645124598, 12.687101160898612 ], [ 76.823260143918134, 12.687278832853419 ], [ 76.823338977759931, 12.687345889011542 ], [ 76.823389121538099, 12.687388542192814 ], [ 76.823653859296527, 12.68762220254882 ], [ 76.823807550885533, 12.687755598861301 ], [ 76.823965388847299, 12.687896081902691 ], [ 76.82410112918177, 12.688019405555355 ], [ 76.824309538524929, 12.688207167154953 ], [ 76.824313187259875, 12.688210454798403 ], [ 76.824370571399115, 12.688256790119702 ], [ 76.824406088719186, 12.688310503030342 ], [ 76.824432553593226, 12.688353977547063 ], [ 76.82455682652386, 12.688455083766067 ], [ 76.824726147836884, 12.688592839894982 ], [ 76.82482647386837, 12.688684055771258 ], [ 76.824994144595564, 12.688836500166031 ], [ 76.825093677127313, 12.688921111324056 ], [ 76.825225187210094, 12.689032906368357 ], [ 76.825385871064881, 12.689175153040562 ], [ 76.825423751650362, 12.689208687673812 ], [ 76.825438402489183, 12.689221657010886 ], [ 76.825631501710888, 12.689385316753549 ], [ 76.825782521170382, 12.689513312175167 ], [ 76.825811999186683, 12.689538924191366 ], [ 76.825812018743974, 12.689538955692539 ], [ 76.825953685572912, 12.689662116289405 ], [ 76.825988324403284, 12.689692230250539 ], [ 76.826067172575748, 12.689771547271731 ], [ 76.826904667012371, 12.690602615244442 ], [ 76.826952661059792, 12.690650240126322 ], [ 76.827019980150638, 12.690717041511844 ], [ 76.827032871538862, 12.690729833933686 ], [ 76.827048152434372, 12.690743346571683 ], [ 76.827143046131425, 12.690827257448447 ], [ 76.827178567287305, 12.690558686062117 ], [ 76.827514745729772, 12.689901256070685 ], [ 76.828286507062174, 12.68909551973479 ], [ 76.828585821944458, 12.688874988973568 ], [ 76.829250603372401, 12.688389506580515 ], [ 76.830094551381578, 12.68820098345728 ], [ 76.831942611361228, 12.687858618312779 ], [ 76.8331360109066, 12.687674493364261 ], [ 76.833431987036619, 12.687497315251777 ], [ 76.833984600544596, 12.687003407172707 ], [ 76.835231362186676, 12.685724835703054 ], [ 76.835500526000843, 12.685685695802038 ], [ 76.837899893556653, 12.685078245044025 ], [ 76.837892560903114, 12.685044988159492 ], [ 76.837863349226637, 12.685042697383984 ], [ 76.837782667922525, 12.684619495882785 ], [ 76.837762445781664, 12.684513426501423 ] ] ] } },
{ "type": "Feature", "properties": { "OBJECTID": 18902, "KGISVillageID": 24176, "KGISVillageCode": "2205090025", "KGISVillageName": "Tharunagere", "KGISHobliID": 120, "UniqueVillageCode": "2205090025_1", "Bhucode": "220501001046", "CensusVillageCode": "2957305550614346", "BhoomiVillageCode": "2205090025", "created_user": null, "created_date": null, "last_edited_user": null, "last_edited_date": null, "LGDGPCode": "219322", "LGDGPCode_Secondary": null, "Category": "Cadastral data available and has bhoomi linkage", "SHAPE.STArea()": 1191641.664381925, "SHAPE.STLength()": 5072.0406625079931, "LGD_VillageCode": 614346.0, "_overlap_percent": 99.999999999999972, "_police_station": "Basaralu PS", "_police_feature_index": "485", "_admin_layer": "Village", "_geometry_clipped": true }, "geometry": { "type": "Polygon", "coordinates": [ [ [ 76.84185314495646, 12.696261124000044 ], [ 76.841853119194326, 12.696262660753824 ], [ 76.841950888823163, 12.696265611330206 ], [ 76.842015717183969, 12.696238931210056 ], [ 76.842053299583725, 12.696223464632421 ], [ 76.842243737542461, 12.696145090059613 ], [ 76.842248736406646, 12.696143032509408 ], [ 76.842415423665997, 12.696074432587348 ], [ 76.842645022469185, 12.695979941138541 ], [ 76.842799196705812, 12.695926967151697 ], [ 76.842826049974846, 12.695917740241406 ], [ 76.842828976734808, 12.695916734706778 ], [ 76.84303581243131, 12.69586331995923 ], [ 76.84322713137945, 12.695813912093431 ], [ 76.843462393200227, 12.695753156380388 ], [ 76.843555777834339, 12.695729039815332 ], [ 76.843671062699684, 12.69569926746334 ], [ 76.843697544866217, 12.695686842456906 ], [ 76.843876290033251, 12.695602981125372 ], [ 76.843889504423942, 12.695595173925971 ], [ 76.843890694295155, 12.695594340430253 ], [ 76.843900535690395, 12.695614146289419 ], [ 76.843978614410162, 12.695537443191032 ], [ 76.844005047733134, 12.695511474958431 ], [ 76.844171665567771, 12.695391740982998 ], [ 76.844195246761657, 12.69523752302897 ], [ 76.844243970398395, 12.695013255181285 ], [ 76.844252943274526, 12.69497195211973 ], [ 76.844259669063078, 12.694972307612902 ], [ 76.844335319406227, 12.694991212439675 ], [ 76.844383197411261, 12.695002035308862 ], [ 76.844500241644184, 12.694739892556166 ], [ 76.84453427804398, 12.694654392522589 ], [ 76.844539344704884, 12.694655234067904 ], [ 76.844547806038506, 12.69465663953866 ], [ 76.844563837406255, 12.694659302111353 ], [ 76.844576858136307, 12.694626426590807 ], [ 76.844660980798409, 12.694334618983401 ], [ 76.84469264737551, 12.694254854171476 ], [ 76.844775926932215, 12.694045085522653 ], [ 76.844785701212757, 12.69402046406927 ], [ 76.844791549503398, 12.694005731984284 ], [ 76.844798393064238, 12.693988331096399 ], [ 76.844802374532691, 12.693986521004337 ], [ 76.844806900134941, 12.693984463087064 ], [ 76.844830123239532, 12.693989806253301 ], [ 76.84483068205769, 12.693989935238353 ], [ 76.844869715763238, 12.694001547115061 ], [ 76.844970883697798, 12.693940068976895 ], [ 76.84497724851299, 12.693936201388746 ], [ 76.845003519161239, 12.693899452901427 ], [ 76.845063419907703, 12.693813717040367 ], [ 76.845126189870797, 12.693760374778341 ], [ 76.845369264104036, 12.693553805006591 ], [ 76.845397137683975, 12.693545688869296 ], [ 76.84542501125523, 12.693537571825507 ], [ 76.845441249258513, 12.693501619754365 ], [ 76.84546561509508, 12.693500748980682 ], [ 76.845489980924626, 12.693499877300965 ], [ 76.845490173111941, 12.693445207428907 ], [ 76.845490357424183, 12.693392892182727 ], [ 76.845511919879698, 12.693345151933462 ], [ 76.845553495893157, 12.693298634685211 ], [ 76.845829950518606, 12.692989322386913 ], [ 76.845779597068571, 12.69287199904441 ], [ 76.845840167998688, 12.692890612452052 ], [ 76.845883616586377, 12.692905645366334 ], [ 76.845927064251228, 12.692920677375378 ], [ 76.846067553386973, 12.692921379029999 ], [ 76.846139414816662, 12.692873910860328 ], [ 76.846193801744178, 12.692837985436823 ], [ 76.846206792157318, 12.692829405092807 ], [ 76.846482812097619, 12.692488606421337 ], [ 76.846496346812529, 12.692471894720359 ], [ 76.846616622924586, 12.692403948896009 ], [ 76.846704307212178, 12.692354414589062 ], [ 76.846809952861136, 12.692355086175201 ], [ 76.847023973827092, 12.692303885703319 ], [ 76.847276847158668, 12.692182201589173 ], [ 76.847900568106454, 12.692017296930532 ], [ 76.847909037214663, 12.69201507323068 ], [ 76.848043315326905, 12.691979816184668 ], [ 76.848320172364808, 12.69190712274788 ], [ 76.848337741106249, 12.691903813418971 ], [ 76.848475683723919, 12.691877826909399 ], [ 76.848517866149749, 12.691869880215458 ], [ 76.848656276665224, 12.691843805395855 ], [ 76.848736555835629, 12.691834152657187 ], [ 76.84872661112928, 12.691890686330625 ], [ 76.848715773292554, 12.691952297807811 ], [ 76.848715896302309, 12.691961425985248 ], [ 76.848719492786458, 12.692224192384622 ], [ 76.848720665817183, 12.692309865169562 ], [ 76.848780682951485, 12.692727181885273 ], [ 76.848851973145671, 12.692917918803699 ], [ 76.848927525304063, 12.693077996746609 ], [ 76.849046370682601, 12.693329803714704 ], [ 76.849070488971364, 12.693369474467858 ], [ 76.849157486109789, 12.693512569422344 ], [ 76.849801679088458, 12.693334699749473 ], [ 76.850042833082043, 12.693000685740802 ], [ 76.850042782927105, 12.693000497182711 ], [ 76.8500375920284, 12.69298093667757 ], [ 76.85003758325206, 12.692980614059245 ], [ 76.850059597852791, 12.69297746524885 ], [ 76.850046780106325, 12.692438725032739 ], [ 76.850036986603712, 12.692027074130316 ], [ 76.850015491809387, 12.691869686707507 ], [ 76.850015366433993, 12.69186877106282 ], [ 76.85001394040529, 12.691859342849414 ], [ 76.84997061762482, 12.691572835944537 ], [ 76.849938646265912, 12.691361399911367 ], [ 76.849927354246432, 12.691270708922794 ], [ 76.849917170535349, 12.691188920504292 ], [ 76.849851837865771, 12.690664236842531 ], [ 76.849823090160896, 12.690433356965055 ], [ 76.849807284097054, 12.690306415381873 ], [ 76.849775757120199, 12.690053222162513 ], [ 76.849768796070606, 12.69002742374604 ], [ 76.849767280825418, 12.690016091706802 ], [ 76.84957519806882, 12.689309876382069 ], [ 76.849501591498452, 12.688927340257319 ], [ 76.849254554380593, 12.687643468457013 ], [ 76.84911578828148, 12.686892242788558 ], [ 76.849107983997726, 12.686848190321387 ], [ 76.849102006970384, 12.686814449981396 ], [ 76.849081584575373, 12.686699173125735 ], [ 76.84902295104061, 12.686332905887387 ], [ 76.848977503103768, 12.686142699263254 ], [ 76.848902883697946, 12.686131076140013 ], [ 76.8488503126176, 12.686131888565161 ], [ 76.848789029683402, 12.686137104686843 ], [ 76.848556876681585, 12.686140819162532 ], [ 76.848460143477027, 12.686108324996608 ], [ 76.848319141271006, 12.68603395815021 ], [ 76.848248933445461, 12.686022353850493 ], [ 76.848104490138212, 12.68602910110183 ], [ 76.847964494484089, 12.686040107982885 ], [ 76.847772447800466, 12.686090578097403 ], [ 76.847636790829483, 12.686093173988946 ], [ 76.847448061974845, 12.686045675206431 ], [ 76.847364095455205, 12.685974769725849 ], [ 76.847240822161936, 12.68590896872197 ], [ 76.847092045023075, 12.685903631040812 ], [ 76.846912871481223, 12.685911972222414 ], [ 76.846734129980689, 12.685950483136629 ], [ 76.846612294865295, 12.685992057437197 ], [ 76.846450494410334, 12.685975000020695 ], [ 76.846365773280354, 12.685875112440753 ], [ 76.846361927554696, 12.685870578262753 ], [ 76.846438190191989, 12.685779310848554 ], [ 76.846451752932751, 12.685763078946534 ], [ 76.846458726295765, 12.685762566790704 ], [ 76.84664415185263, 12.685289214764076 ], [ 76.846659164408223, 12.685250889520876 ], [ 76.846677202448589, 12.685204843209947 ], [ 76.846673568208516, 12.685203082434445 ], [ 76.846689552739022, 12.685168311666166 ], [ 76.846689997764557, 12.685167344147375 ], [ 76.846685370339685, 12.685166109999262 ], [ 76.846468915541521, 12.685100617355316 ], [ 76.846450698128024, 12.685095105662933 ], [ 76.846387022050251, 12.685075838543437 ], [ 76.846303259403498, 12.685050493316782 ], [ 76.846079171495177, 12.685058322596664 ], [ 76.845839586798391, 12.685066692319612 ], [ 76.845690353106278, 12.685071905982841 ], [ 76.845043706328042, 12.685111694909738 ], [ 76.844991622985816, 12.685104293333726 ], [ 76.844863396368481, 12.685086071600951 ], [ 76.844253446080344, 12.684988441919167 ], [ 76.843661250093703, 12.684781451551849 ], [ 76.843621063900997, 12.684769257975418 ], [ 76.843312239769091, 12.68467555035804 ], [ 76.843260169113989, 12.684659026502652 ], [ 76.843064803178464, 12.684597030785069 ], [ 76.842911767584297, 12.684595089810546 ], [ 76.842790632814868, 12.684593553843737 ], [ 76.842670537468877, 12.684594462805556 ], [ 76.842529563698264, 12.684595530982451 ], [ 76.842512056233545, 12.684595663254944 ], [ 76.841903675307222, 12.684716052652051 ], [ 76.84188007394873, 12.684724295064179 ], [ 76.841679522909132, 12.684794330666408 ], [ 76.841497865256173, 12.684826799641238 ], [ 76.841458400355975, 12.684836302608147 ], [ 76.841264865680387, 12.684882902589825 ], [ 76.841245772827264, 12.68488749913057 ], [ 76.840717696661457, 12.685012863751222 ], [ 76.840588920469642, 12.685043434558441 ], [ 76.840574666628854, 12.685046817977266 ], [ 76.840443829057079, 12.685077878435962 ], [ 76.840064609592375, 12.685167904158497 ], [ 76.839987121703444, 12.685163027610981 ], [ 76.83969926575034, 12.685144914692762 ], [ 76.839651409028448, 12.685141903602963 ], [ 76.839568155715156, 12.685136664635406 ], [ 76.839435125578518, 12.685131650102115 ], [ 76.839373850017452, 12.685129340181675 ], [ 76.839158341197731, 12.685120428758193 ], [ 76.838965879905686, 12.685113174389112 ], [ 76.838964035487891, 12.685113104905041 ], [ 76.838720266694168, 12.685099572932915 ], [ 76.838464746625306, 12.685085388117662 ], [ 76.838380086853846, 12.685080689076822 ], [ 76.838374776679501, 12.685080394104631 ], [ 76.838269743741094, 12.685074563366843 ], [ 76.837892560903114, 12.685044988159492 ], [ 76.837899893556653, 12.685078245044025 ], [ 76.837921948292717, 12.685152445719218 ], [ 76.837967330917053, 12.685401400126137 ], [ 76.838012712742511, 12.685650354515145 ], [ 76.838261971222096, 12.686958516197931 ], [ 76.838297639163244, 12.687145706643257 ], [ 76.838304406843378, 12.687177697470288 ], [ 76.838318054383862, 12.687253199975334 ], [ 76.838762310735618, 12.689411607761006 ], [ 76.838786623792629, 12.689460206791237 ], [ 76.838810935939321, 12.689508805824195 ], [ 76.838841783946492, 12.689571579271311 ], [ 76.83883606688903, 12.689752778700049 ], [ 76.838829771126555, 12.689952352377126 ], [ 76.838821643347387, 12.690209976194238 ], [ 76.838814986711114, 12.690420951967715 ], [ 76.838808883649605, 12.690614409628665 ], [ 76.838807277560051, 12.690665336617727 ], [ 76.838805063228278, 12.690735524756143 ], [ 76.838796415100717, 12.691009642361811 ], [ 76.838795953163554, 12.69102428010989 ], [ 76.838802238470393, 12.691050859153309 ], [ 76.838822951487344, 12.691138446180467 ], [ 76.83883067346089, 12.691151001682677 ], [ 76.838838395428766, 12.691163556280742 ], [ 76.838822820560182, 12.691166098258718 ], [ 76.838841475572465, 12.691182496321575 ], [ 76.838860129666557, 12.691198894389132 ], [ 76.83887686878866, 12.69121360915412 ], [ 76.838893607906144, 12.691228323013934 ], [ 76.838895357346971, 12.691256171766435 ], [ 76.838933532724937, 12.691863785691826 ], [ 76.838961719319343, 12.691923692356074 ], [ 76.838967230794921, 12.691949806736407 ], [ 76.839029744441319, 12.691935084488993 ], [ 76.839070771647187, 12.692331183115117 ], [ 76.839073562233224, 12.692358120780071 ], [ 76.83908492535717, 12.692481640756727 ], [ 76.839087814344524, 12.692513047372238 ], [ 76.839089936320406, 12.692536105741748 ], [ 76.839092057369911, 12.692559163213707 ], [ 76.839094591810124, 12.692586710051751 ], [ 76.839099095308455, 12.692595407521088 ], [ 76.83915981781702, 12.69271266975308 ], [ 76.839189477054688, 12.692769944948941 ], [ 76.839291778663096, 12.69296749993112 ], [ 76.839218054410665, 12.693004234122689 ], [ 76.839172681816464, 12.69302684146535 ], [ 76.839003664098882, 12.693157549362438 ], [ 76.839019901612886, 12.69319391162383 ], [ 76.839085910649501, 12.693160295037485 ], [ 76.839102023475007, 12.693308053696384 ], [ 76.839116805880167, 12.693443618430145 ], [ 76.839125780342229, 12.693525913195964 ], [ 76.839128682834911, 12.693552532822439 ], [ 76.839146689009411, 12.693719319257619 ], [ 76.839187916324718, 12.693713251597421 ], [ 76.839192764250981, 12.693757701022818 ], [ 76.839204728898167, 12.693867407488893 ], [ 76.839217112402835, 12.693980951589849 ], [ 76.839228764673294, 12.69408779494991 ], [ 76.839249678251477, 12.694279553192812 ], [ 76.839249541000314, 12.694281591464391 ], [ 76.839245361255081, 12.694343562563773 ], [ 76.83923236343098, 12.694536247209658 ], [ 76.839204521882436, 12.694949016518283 ], [ 76.839178961372866, 12.695300527475645 ], [ 76.839185179765082, 12.695301245448871 ], [ 76.839256149040779, 12.695309439000818 ], [ 76.839581971640811, 12.69536660065909 ], [ 76.839715886682626, 12.695473845779391 ], [ 76.839763625065771, 12.695509166208895 ], [ 76.839902759721866, 12.695457466802898 ], [ 76.839957647794861, 12.695530578999112 ], [ 76.839962612353347, 12.695537191636246 ], [ 76.840008317151984, 12.695508630739928 ], [ 76.840106592185634, 12.695447217672912 ], [ 76.84017008135956, 12.695458592016388 ], [ 76.840233569616473, 12.695469966350265 ], [ 76.840246960022711, 12.695497495739247 ], [ 76.840283012298428, 12.695571617900153 ], [ 76.840297066162805, 12.695600511142144 ], [ 76.840336548764157, 12.695681684087088 ], [ 76.840358499556643, 12.695726814801153 ], [ 76.840382194936097, 12.695775530812579 ], [ 76.840382313610291, 12.695775774938104 ], [ 76.840382350985678, 12.695775851507785 ], [ 76.840472512388558, 12.695825884578886 ], [ 76.840784419626431, 12.695998972729818 ], [ 76.840870125218117, 12.695981548327921 ], [ 76.840955829880272, 12.695964124810125 ], [ 76.841045892544713, 12.695968938732637 ], [ 76.841289708524528, 12.695981969734547 ], [ 76.841290697077369, 12.695982071341263 ], [ 76.841383648407401, 12.695991586914946 ], [ 76.841763955490279, 12.696030522675395 ], [ 76.841772554165743, 12.696027725196743 ], [ 76.841793242608745, 12.696020995161428 ], [ 76.841792823629859, 12.696041956048925 ], [ 76.841799137111522, 12.696042708548493 ], [ 76.841812358389433, 12.696044285348199 ], [ 76.841803378040836, 12.696147531388876 ], [ 76.841801593359321, 12.696168048914844 ], [ 76.841794112936014, 12.696253551567523 ], [ 76.841793781970708, 12.696257323896168 ], [ 76.841792415548724, 12.696272895267505 ], [ 76.841786709165959, 12.696337809062488 ], [ 76.841769337921235, 12.69653410684894 ], [ 76.841802001552296, 12.696543583215599 ], [ 76.841803233729379, 12.696529441790689 ], [ 76.841804268592853, 12.696517560500235 ], [ 76.841810782158916, 12.696442772677496 ], [ 76.841813252423194, 12.696414415669487 ], [ 76.841817989662331, 12.69636002690787 ], [ 76.841824025930862, 12.696290296825001 ], [ 76.841824214630719, 12.696288119002261 ], [ 76.841825312726627, 12.696275430119197 ], [ 76.84182604191507, 12.696264823595474 ], [ 76.841835025676446, 12.69626359707539 ], [ 76.841848399232433, 12.696261771561101 ], [ 76.84185314495646, 12.696261124000044 ] ] ] } },
{ "type": "Feature", "properties": { "OBJECTID": 18888, "KGISVillageID": 24162, "KGISVillageCode": "2205090023", "KGISVillageName": "Madaveeranahalli", "KGISHobliID": 120, "UniqueVillageCode": "2205090023_1", "Bhucode": "220501001032", "CensusVillageCode": "2957305550614347", "BhoomiVillageCode": "2205090023", "created_user": null, "created_date": null, "last_edited_user": null, "last_edited_date": null, "LGDGPCode": "219322", "LGDGPCode_Secondary": null, "Category": "Cadastral data available and has bhoomi linkage", "SHAPE.STArea()": 1364666.382723175, "SHAPE.STLength()": 4635.2682372498548, "LGD_VillageCode": 614347.0, "_overlap_percent": 100.00000000000004, "_police_station": "Basaralu PS", "_police_feature_index": "485", "_admin_layer": "Village", "_geometry_clipped": true }, "geometry": { "type": "Polygon", "coordinates": [ [ [ 76.839187916324718, 12.693713251597421 ], [ 76.839146689009411, 12.693719319257619 ], [ 76.839128682834911, 12.693552532822439 ], [ 76.839125780342229, 12.693525913195964 ], [ 76.839116805880167, 12.693443618430145 ], [ 76.839102023475007, 12.693308053696384 ], [ 76.839085910649501, 12.693160295037485 ], [ 76.839019901612886, 12.69319391162383 ], [ 76.839003664098882, 12.693157549362438 ], [ 76.839172681816464, 12.69302684146535 ], [ 76.839218054410665, 12.693004234122689 ], [ 76.839291778663096, 12.69296749993112 ], [ 76.839189477054688, 12.692769944948941 ], [ 76.83915981781702, 12.69271266975308 ], [ 76.839099095308455, 12.692595407521088 ], [ 76.839094591810124, 12.692586710051751 ], [ 76.839092057369911, 12.692559163213707 ], [ 76.839089936320406, 12.692536105741748 ], [ 76.839087814344524, 12.692513047372238 ], [ 76.83908492535717, 12.692481640756727 ], [ 76.839073562233224, 12.692358120780071 ], [ 76.839070771647187, 12.692331183115117 ], [ 76.839029744441319, 12.691935084488993 ], [ 76.838967230794921, 12.691949806736407 ], [ 76.838961719319343, 12.691923692356074 ], [ 76.838933532724937, 12.691863785691826 ], [ 76.838895357346971, 12.691256171766435 ], [ 76.838893607906144, 12.691228323013934 ], [ 76.83887686878866, 12.69121360915412 ], [ 76.838860129666557, 12.691198894389132 ], [ 76.838841475572465, 12.691182496321575 ], [ 76.838822820560182, 12.691166098258718 ], [ 76.838838395428766, 12.691163556280742 ], [ 76.83883067346089, 12.691151001682677 ], [ 76.838822951487344, 12.691138446180467 ], [ 76.838802238470393, 12.691050859153309 ], [ 76.838795953163554, 12.69102428010989 ], [ 76.838796415100717, 12.691009642361811 ], [ 76.838805063228278, 12.690735524756143 ], [ 76.838807277560051, 12.690665336617727 ], [ 76.838808883649605, 12.690614409628665 ], [ 76.838814986711114, 12.690420951967715 ], [ 76.838821643347387, 12.690209976194238 ], [ 76.838829771126555, 12.689952352377126 ], [ 76.83883606688903, 12.689752778700049 ], [ 76.838841783946492, 12.689571579271311 ], [ 76.838810935939321, 12.689508805824195 ], [ 76.838786623792629, 12.689460206791237 ], [ 76.838762310735618, 12.689411607761006 ], [ 76.838318054383862, 12.687253199975334 ], [ 76.838304406843378, 12.687177697470288 ], [ 76.838297639163244, 12.687145706643257 ], [ 76.838261971222096, 12.686958516197931 ], [ 76.838012712742511, 12.685650354515145 ], [ 76.837967330917053, 12.685401400126137 ], [ 76.837921948292717, 12.685152445719218 ], [ 76.837899893556653, 12.685078245044025 ], [ 76.835500526000843, 12.685685695802038 ], [ 76.835231362186676, 12.685724835703054 ], [ 76.833984600544596, 12.687003407172707 ], [ 76.833431987036619, 12.687497315251777 ], [ 76.8331360109066, 12.687674493364261 ], [ 76.831942611361228, 12.687858618312779 ], [ 76.830094551381578, 12.68820098345728 ], [ 76.829250603372401, 12.688389506580515 ], [ 76.828585821944458, 12.688874988973568 ], [ 76.828286507062174, 12.68909551973479 ], [ 76.827514745729772, 12.689901256070685 ], [ 76.827178567287305, 12.690558686062117 ], [ 76.827143046131425, 12.690827257448447 ], [ 76.827036590616899, 12.692427608710815 ], [ 76.826960463903092, 12.692798190612464 ], [ 76.826718392586798, 12.693169900784673 ], [ 76.826755920154014, 12.693282324123222 ], [ 76.826758444407048, 12.693321780773635 ], [ 76.826839755466651, 12.694717624523172 ], [ 76.826853969745244, 12.69491813625603 ], [ 76.826874591649343, 12.69521652875571 ], [ 76.826875285720803, 12.695226575968462 ], [ 76.826893622241911, 12.695491888815043 ], [ 76.826900852111052, 12.695596493269811 ], [ 76.826915975905933, 12.695660035508318 ], [ 76.82698525407578, 12.695952002772858 ], [ 76.827082764372975, 12.696104225581299 ], [ 76.827437508601918, 12.69665801057188 ], [ 76.828193185679822, 12.697105359175712 ], [ 76.829689546054311, 12.697954296927243 ], [ 76.829729799635032, 12.697977079022859 ], [ 76.833644191820369, 12.697042018748668 ], [ 76.834237722288066, 12.696896864039429 ], [ 76.83538472104938, 12.696541142738575 ], [ 76.836608936389084, 12.696156910539001 ], [ 76.836763848897064, 12.696108289624584 ], [ 76.836947103165244, 12.69605077274114 ], [ 76.838955598612515, 12.695428450313294 ], [ 76.839009443569054, 12.695396040549436 ], [ 76.839063288510971, 12.695363630776429 ], [ 76.839128896418671, 12.69532997892861 ], [ 76.839185179765082, 12.695301245448871 ], [ 76.839178961372866, 12.695300527475645 ], [ 76.839204521882436, 12.694949016518283 ], [ 76.83923236343098, 12.694536247209658 ], [ 76.839245361255081, 12.694343562563773 ], [ 76.839249541000314, 12.694281591464391 ], [ 76.839249678251477, 12.694279553192812 ], [ 76.839228764673294, 12.69408779494991 ], [ 76.839217112402835, 12.693980951589849 ], [ 76.839204728898167, 12.693867407488893 ], [ 76.839192764250981, 12.693757701022818 ], [ 76.839187916324718, 12.693713251597421 ] ] ] } },
{ "type": "Feature", "properties": { "OBJECTID": 18889, "KGISVillageID": 24163, "KGISVillageCode": "2205090003", "KGISVillageName": "Manuganahalli", "KGISHobliID": 120, "UniqueVillageCode": "2205090003_1", "Bhucode": "220501001033", "CensusVillageCode": "2957305550614356", "BhoomiVillageCode": "2205090003", "created_user": null, "created_date": null, "last_edited_user": null, "last_edited_date": null, "LGDGPCode": "219323", "LGDGPCode_Secondary": null, "Category": "Cadastral data available and has bhoomi linkage", "SHAPE.STArea()": 4672042.9217070248, "SHAPE.STLength()": 10484.375732938393, "LGD_VillageCode": 614356.0, "_overlap_percent": 99.999999999999929, "_police_station": "Basaralu PS", "_police_feature_index": "485", "_admin_layer": "Village", "_geometry_clipped": true }, "geometry": { "type": "Polygon", "coordinates": [ [ [ 76.806440467816941, 12.703390830437851 ], [ 76.80644780750788, 12.703377043240712 ], [ 76.806450667156298, 12.703377706200779 ], [ 76.806451081647879, 12.70337799442887 ], [ 76.806481752865679, 12.703386908475608 ], [ 76.806485511344093, 12.703388000082747 ], [ 76.806494870632662, 12.7033907176012 ], [ 76.806503175423359, 12.703393125940618 ], [ 76.806504867622394, 12.70339026266571 ], [ 76.806522989996381, 12.703390930160374 ], [ 76.806523873140947, 12.703390963013607 ], [ 76.806536178194278, 12.703391416129001 ], [ 76.80655408634945, 12.703390952514402 ], [ 76.806571994504381, 12.703390488898615 ], [ 76.806579138791136, 12.703390484538613 ], [ 76.806627642581773, 12.703390451616032 ], [ 76.806920263460839, 12.703388545516621 ], [ 76.806927700201598, 12.703388496672826 ], [ 76.807243689968047, 12.7033864382812 ], [ 76.807385157461326, 12.703385517021959 ], [ 76.807494556180657, 12.703384804235551 ], [ 76.807530800857606, 12.703384568139628 ], [ 76.807727298173091, 12.703383287124907 ], [ 76.807732172142522, 12.703383417516349 ], [ 76.807756343072967, 12.703384061788777 ], [ 76.808099817793419, 12.70332923442851 ], [ 76.808103189396405, 12.703328995421726 ], [ 76.80869915647358, 12.703286696057681 ], [ 76.808963327273133, 12.703267946210001 ], [ 76.808976952714758, 12.703264130211901 ], [ 76.809072774578866, 12.703237292252947 ], [ 76.809153032243358, 12.703214814068929 ], [ 76.809150748443415, 12.703204973711539 ], [ 76.809130671044812, 12.703118477131614 ], [ 76.809128633192756, 12.70310969625427 ], [ 76.809124791095954, 12.703093141639025 ], [ 76.809120852798117, 12.703083550284282 ], [ 76.809109498802471, 12.70305589750599 ], [ 76.80909814480961, 12.703028244726823 ], [ 76.809057428781273, 12.702929080858198 ], [ 76.809052360166859, 12.702851459280625 ], [ 76.809334035986907, 12.702819202362759 ], [ 76.809403613437567, 12.702811234667164 ], [ 76.80952418611858, 12.702797426254437 ], [ 76.809696983377236, 12.702804228912022 ], [ 76.810208416697279, 12.70282436189777 ], [ 76.810770653005889, 12.702846493624985 ], [ 76.811043484308598, 12.702857233262911 ], [ 76.811448546837283, 12.702868271060305 ], [ 76.811487569890829, 12.702868423113001 ], [ 76.811505871181595, 12.702868494294428 ], [ 76.811539836941293, 12.702868627541648 ], [ 76.811575804834803, 12.702863781190603 ], [ 76.811604682870893, 12.702846994168361 ], [ 76.811632937785575, 12.702839717515729 ], [ 76.811661191777659, 12.702832440866587 ], [ 76.812266028834401, 12.702766298353909 ], [ 76.812546814440353, 12.702724831812553 ], [ 76.812693992987676, 12.702656771884833 ], [ 76.812820835874533, 12.702613103759049 ], [ 76.812927858049449, 12.702620226289495 ], [ 76.812970125867778, 12.702623038673515 ], [ 76.813027629859491, 12.702642771521221 ], [ 76.813081630657422, 12.702632621603653 ], [ 76.813374654271882, 12.702577544018917 ], [ 76.813395569419868, 12.702573612902539 ], [ 76.813401837159915, 12.702572434788864 ], [ 76.813432403541114, 12.702566689598767 ], [ 76.813434499837115, 12.702566295640581 ], [ 76.813462968999872, 12.702560944411601 ], [ 76.813453453204858, 12.702540312403698 ], [ 76.813422552350943, 12.702473311980791 ], [ 76.813417314315529, 12.702461954371843 ], [ 76.813413606581008, 12.702433613238892 ], [ 76.813431222556389, 12.702431824270311 ], [ 76.813422175939792, 12.702279489174384 ], [ 76.813501410991094, 12.702261057997223 ], [ 76.813629328164652, 12.70224845396924 ], [ 76.813661277878694, 12.702247201529429 ], [ 76.813656703401065, 12.70222490695882 ], [ 76.813635692400965, 12.702122495432238 ], [ 76.81352504581713, 12.70158318780361 ], [ 76.813524057353291, 12.701542853478053 ], [ 76.813511558198599, 12.701341417889237 ], [ 76.813503008851228, 12.701203630052921 ], [ 76.813493288875691, 12.701162113471009 ], [ 76.813803801111334, 12.701107677172443 ], [ 76.813952359945176, 12.70108163226843 ], [ 76.81400122608953, 12.701073065658223 ], [ 76.814347261254412, 12.701003191673349 ], [ 76.814338300908489, 12.700926923894505 ], [ 76.814308477536272, 12.700673071556114 ], [ 76.814232355788235, 12.700399989345378 ], [ 76.814100073019375, 12.699925432002477 ], [ 76.814075628507226, 12.699837737441593 ], [ 76.814037734662975, 12.699701796207568 ], [ 76.813990320607203, 12.699496803935075 ], [ 76.813970133979723, 12.699404150483627 ], [ 76.81396322901945, 12.699363234734511 ], [ 76.813956324062275, 12.699322318984818 ], [ 76.81395593579721, 12.699320016744187 ], [ 76.813938824650748, 12.699157716367425 ], [ 76.813936773590328, 12.699138259902401 ], [ 76.813920699882928, 12.698985803819363 ], [ 76.813916468515103, 12.698945670628939 ], [ 76.813904711101699, 12.698834154315957 ], [ 76.813907521905278, 12.698808589639141 ], [ 76.81392723472598, 12.698629300403731 ], [ 76.813934760765306, 12.698346620958672 ], [ 76.813940945694995, 12.698114351947043 ], [ 76.813941647942514, 12.698087966496226 ], [ 76.813939086349976, 12.697772787373596 ], [ 76.813937986068353, 12.697637343000176 ], [ 76.813927928025777, 12.697446584520115 ], [ 76.813916767995835, 12.697234916870585 ], [ 76.813910891316752, 12.697123466098581 ], [ 76.813924120242618, 12.69692341294081 ], [ 76.813921233522692, 12.696892042710367 ], [ 76.813924889132906, 12.696891621827845 ], [ 76.814019929466468, 12.69687457590274 ], [ 76.814043741726451, 12.696870305020987 ], [ 76.814069119830336, 12.696865753174951 ], [ 76.814117226149534, 12.696857125854827 ], [ 76.81412966280611, 12.696854895040104 ], [ 76.814565665599332, 12.696776695556528 ], [ 76.814616480596513, 12.696590525772299 ], [ 76.814667296457969, 12.696404355979606 ], [ 76.814680054467928, 12.696357614081959 ], [ 76.814697573643272, 12.696347949334113 ], [ 76.81477405127184, 12.696305757592432 ], [ 76.814926719412924, 12.696221532386689 ], [ 76.814862067134484, 12.695970233009636 ], [ 76.814839854760891, 12.695875040900228 ], [ 76.814816642020901, 12.695775223240332 ], [ 76.814804658199108, 12.695723561653967 ], [ 76.814736099260955, 12.695428021385863 ], [ 76.814730286158181, 12.695402022148105 ], [ 76.81471753331239, 12.695344989530305 ], [ 76.814694358902429, 12.695241212586671 ], [ 76.814684592072723, 12.695197478225833 ], [ 76.814667091479862, 12.695109014893314 ], [ 76.81464959090323, 12.695020551557445 ], [ 76.814640087244086, 12.694972512019644 ], [ 76.814631567091254, 12.694929444329961 ], [ 76.81461710421533, 12.694915314312825 ], [ 76.814801343683015, 12.694936382480716 ], [ 76.814855059696271, 12.694942524992602 ], [ 76.815066488786456, 12.695053388337193 ], [ 76.81529731198674, 12.695137264592528 ], [ 76.815863259392827, 12.695342916712027 ], [ 76.815867280009769, 12.695344377898033 ], [ 76.816267872178557, 12.695398352996092 ], [ 76.816526201155241, 12.695433158996259 ], [ 76.816540936062196, 12.695435144315246 ], [ 76.816744494524755, 12.695559585680554 ], [ 76.816763098108211, 12.695569378429385 ], [ 76.816781701686537, 12.695579170272875 ], [ 76.816840561914333, 12.695610153712417 ], [ 76.817015788227607, 12.695724855119325 ], [ 76.81750886112863, 12.695902527314326 ], [ 76.817534693158422, 12.695909157548744 ], [ 76.817578421677126, 12.695920381675938 ], [ 76.817738047576285, 12.695961353310688 ], [ 76.818105259596621, 12.69605560580395 ], [ 76.818576175185115, 12.696207779145018 ], [ 76.81888316687008, 12.696306980526964 ], [ 76.819018318592867, 12.696346321227347 ], [ 76.819077356078751, 12.696359449496011 ], [ 76.819079720494202, 12.69634925381691 ], [ 76.819715034888347, 12.696369310087478 ], [ 76.819959531264118, 12.696377028685687 ], [ 76.820423734634687, 12.696392911802421 ], [ 76.820446539532938, 12.696393691813736 ], [ 76.820466561334655, 12.696393690075668 ], [ 76.820482958627679, 12.696393688790495 ], [ 76.820649311202288, 12.696395980717565 ], [ 76.821166394659244, 12.696403102782217 ], [ 76.821281968562772, 12.696407135582398 ], [ 76.821793737422965, 12.696425291258002 ], [ 76.821987611665719, 12.696428043329982 ], [ 76.822414726284904, 12.696385101048243 ], [ 76.822612228502365, 12.69616050282109 ], [ 76.822683418591225, 12.696154030321381 ], [ 76.822741835899194, 12.69614871931921 ], [ 76.822881441567503, 12.696147573507931 ], [ 76.823819098821247, 12.695274209659429 ], [ 76.824000942313788, 12.695301897806898 ], [ 76.823720653069273, 12.695576345854363 ], [ 76.824275115820441, 12.69562036628769 ], [ 76.824511567697243, 12.695624617259242 ], [ 76.825237388814955, 12.695637666042735 ], [ 76.826440723997436, 12.696004910099777 ], [ 76.82650846375752, 12.696025582900575 ], [ 76.826531713205185, 12.696032678319177 ], [ 76.826523631173316, 12.696006773747749 ], [ 76.826515550063988, 12.695980869169466 ], [ 76.826499270107888, 12.695928686617391 ], [ 76.826495264152527, 12.695886468885311 ], [ 76.8264922964877, 12.69585518902759 ], [ 76.826938267479548, 12.695945708907251 ], [ 76.82698525407578, 12.695952002772858 ], [ 76.826915975905933, 12.695660035508318 ], [ 76.826900852111052, 12.695596493269811 ], [ 76.826893622241911, 12.695491888815043 ], [ 76.826875285720803, 12.695226575968462 ], [ 76.826874591649343, 12.69521652875571 ], [ 76.826853969745244, 12.69491813625603 ], [ 76.826839755466651, 12.694717624523172 ], [ 76.826758444407048, 12.693321780773635 ], [ 76.826755920154014, 12.693282324123222 ], [ 76.826718392586798, 12.693169900784673 ], [ 76.826960463903092, 12.692798190612464 ], [ 76.827036590616899, 12.692427608710815 ], [ 76.827143046131425, 12.690827257448447 ], [ 76.827048152434372, 12.690743346571683 ], [ 76.827032871538862, 12.690729833933686 ], [ 76.827019980150638, 12.690717041511844 ], [ 76.826952661059792, 12.690650240126322 ], [ 76.826904667012371, 12.690602615244442 ], [ 76.826067172575748, 12.689771547271731 ], [ 76.825988324403284, 12.689692230250539 ], [ 76.825953685572912, 12.689662116289405 ], [ 76.825812018743974, 12.689538955692539 ], [ 76.825811999186683, 12.689538924191366 ], [ 76.825782521170382, 12.689513312175167 ], [ 76.825631501710888, 12.689385316753549 ], [ 76.825438402489183, 12.689221657010886 ], [ 76.825423751650362, 12.689208687673812 ], [ 76.825385871064881, 12.689175153040562 ], [ 76.825225187210094, 12.689032906368357 ], [ 76.825093677127313, 12.688921111324056 ], [ 76.824994144595564, 12.688836500166031 ], [ 76.82482647386837, 12.688684055771258 ], [ 76.824726147836884, 12.688592839894982 ], [ 76.82455682652386, 12.688455083766067 ], [ 76.824432553593226, 12.688353977547063 ], [ 76.824406088719186, 12.688310503030342 ], [ 76.824370571399115, 12.688256790119702 ], [ 76.824313187259875, 12.688210454798403 ], [ 76.824309538524929, 12.688207167154953 ], [ 76.82410112918177, 12.688019405555355 ], [ 76.823965388847299, 12.687896081902691 ], [ 76.823807550885533, 12.687755598861301 ], [ 76.823653859296527, 12.68762220254882 ], [ 76.823389121538099, 12.687388542192814 ], [ 76.823338977759931, 12.687345889011542 ], [ 76.823260143918134, 12.687278832853419 ], [ 76.823066645124598, 12.687101160898612 ], [ 76.82298644729849, 12.686992624244382 ], [ 76.822862122062602, 12.686833552741675 ], [ 76.822712488649174, 12.6866420998888 ], [ 76.822659379912452, 12.686573063736493 ], [ 76.822647873778408, 12.686558108502528 ], [ 76.822588773839172, 12.686481307558797 ], [ 76.822575832140515, 12.686464489337373 ], [ 76.822507247234213, 12.686387147852164 ], [ 76.822399880970565, 12.686266129521815 ], [ 76.822395381855259, 12.686261058002199 ], [ 76.822381145844915, 12.686245017847323 ], [ 76.822224565375492, 12.686056785794198 ], [ 76.822169817995942, 12.685984867438085 ], [ 76.822160807395534, 12.685973371368794 ], [ 76.822121674298415, 12.685936662184357 ], [ 76.822083649089677, 12.685895482046815 ], [ 76.821390222557213, 12.685144517200886 ], [ 76.821277994797015, 12.685022976621429 ], [ 76.82119357555392, 12.68493189493331 ], [ 76.821069946982476, 12.684798507536371 ], [ 76.820938642730795, 12.684648422010049 ], [ 76.820919869929838, 12.684650202974673 ], [ 76.820832182559073, 12.684658521309165 ], [ 76.820610572187135, 12.684679544921677 ], [ 76.82045164083496, 12.684694622478595 ], [ 76.820303302850462, 12.684708694554351 ], [ 76.820126771554897, 12.684725439052173 ], [ 76.820121207616552, 12.684725968882596 ], [ 76.819868102089913, 12.684750250127825 ], [ 76.819849547194252, 12.684752384750098 ], [ 76.819790109339834, 12.684759222105265 ], [ 76.819710055227446, 12.684768430534563 ], [ 76.819593320866929, 12.684781859111521 ], [ 76.81946600562496, 12.684796504416916 ], [ 76.81934518991315, 12.684810401933619 ], [ 76.819088765633097, 12.684839897967384 ], [ 76.819071805678533, 12.684841844455253 ], [ 76.818930790856029, 12.684858012351079 ], [ 76.818610222902009, 12.684896226647657 ], [ 76.817874069095112, 12.684984211453882 ], [ 76.817747018075721, 12.684999420883916 ], [ 76.816953763335334, 12.68505074298997 ], [ 76.815709782627138, 12.685194221234973 ], [ 76.815090376342567, 12.685244185078457 ], [ 76.81402301644107, 12.685330643184303 ], [ 76.813312240570497, 12.685388449797676 ], [ 76.812431764772711, 12.68560154144026 ], [ 76.812306367418557, 12.685632798137982 ], [ 76.812017976522796, 12.685704683475249 ], [ 76.811724291213594, 12.685777887237407 ], [ 76.810812767670626, 12.685073243193861 ], [ 76.810631879215123, 12.684919785681393 ], [ 76.810602239983368, 12.68472109645022 ], [ 76.81057967988734, 12.684641518717523 ], [ 76.81047081896628, 12.68439444851963 ], [ 76.810465344768843, 12.684382023994084 ], [ 76.810459584278618, 12.684368949719909 ], [ 76.810458832357156, 12.684366243195862 ], [ 76.810412643311736, 12.684200150431026 ], [ 76.81040554603301, 12.684171433630024 ], [ 76.810316003478434, 12.683809144788039 ], [ 76.810309359234324, 12.683782262487794 ], [ 76.810288742019793, 12.683654916621165 ], [ 76.810273041911955, 12.683583870842085 ], [ 76.810055430636382, 12.682599115898359 ], [ 76.809856020710527, 12.681638238238323 ], [ 76.809845290657293, 12.681617421677755 ], [ 76.808453163968068, 12.681853305665284 ], [ 76.80806673806886, 12.681935994200744 ], [ 76.806696844932404, 12.682192966625042 ], [ 76.806664146736267, 12.682199100360632 ], [ 76.806631120430708, 12.682205832887158 ], [ 76.806584773263793, 12.682215564680957 ], [ 76.806539104686294, 12.68222544460993 ], [ 76.806532069276486, 12.682226966679103 ], [ 76.80647329199104, 12.682233248776539 ], [ 76.806155051406364, 12.682267263304201 ], [ 76.806153239224628, 12.682267457303393 ], [ 76.806095783812935, 12.682273601078547 ], [ 76.805427520442109, 12.682417848021272 ], [ 76.805204309212058, 12.682448433566373 ], [ 76.805175830991459, 12.682452884346453 ], [ 76.804289036478863, 12.682591463422497 ], [ 76.804276191995129, 12.682593356608248 ], [ 76.804085247189022, 12.682616274118853 ], [ 76.804032732577568, 12.682622577347345 ], [ 76.803361337494948, 12.682703159126772 ], [ 76.802504312269903, 12.682800679268988 ], [ 76.801915425149204, 12.682881900828548 ], [ 76.801156370303147, 12.682943600149789 ], [ 76.801087249091253, 12.682946645698198 ], [ 76.800054309325247, 12.683048328884839 ], [ 76.799035152791319, 12.68313161470941 ], [ 76.798974192594343, 12.683137431819052 ], [ 76.798706758335186, 12.683162852017505 ], [ 76.798639440429156, 12.683163019405628 ], [ 76.798802145332999, 12.683945942267869 ], [ 76.799188884883804, 12.685377888379207 ], [ 76.799650900525975, 12.687005450540473 ], [ 76.799940688624048, 12.688536269194341 ], [ 76.799975299638447, 12.688728336631332 ], [ 76.800002833735334, 12.688848874096726 ], [ 76.80003319462908, 12.68898178920808 ], [ 76.800050756339701, 12.68905866870946 ], [ 76.80016337451579, 12.68964597250387 ], [ 76.800344972484751, 12.690561206007828 ], [ 76.80037137780009, 12.690705089385752 ], [ 76.800388447515317, 12.690782658213605 ], [ 76.800395081718051, 12.69081384433348 ], [ 76.800427708333757, 12.690968155236577 ], [ 76.800445888666019, 12.691054144365674 ], [ 76.800454141293599, 12.691093177900417 ], [ 76.800545046734157, 12.691631068334811 ], [ 76.800612169977782, 12.692028236551517 ], [ 76.800693036030339, 12.692506719158832 ], [ 76.800696277640014, 12.692544025885287 ], [ 76.800699520191046, 12.692581335316756 ], [ 76.800719135176934, 12.692790590336408 ], [ 76.800766464269515, 12.693295484994348 ], [ 76.800811186863299, 12.693772568424531 ], [ 76.800814289946132, 12.693813206903583 ], [ 76.800831570511249, 12.694042996836007 ], [ 76.80086168625742, 12.694443468251235 ], [ 76.800875530938455, 12.694627566507359 ], [ 76.800876285392576, 12.694637573739479 ], [ 76.800893785031363, 12.694869813494606 ], [ 76.800905718383063, 12.69506958272884 ], [ 76.800955497132222, 12.695671048946586 ], [ 76.800967736623292, 12.695818935715286 ], [ 76.800975648171459, 12.695821365916949 ], [ 76.800977614296002, 12.6958617327951 ], [ 76.800979001077479, 12.695890028586373 ], [ 76.800980301946836, 12.695916582267616 ], [ 76.801017581084025, 12.695919570668131 ], [ 76.801153113380607, 12.695930437725334 ], [ 76.801288645672741, 12.695941303807906 ], [ 76.801559850275368, 12.695963046560854 ], [ 76.801525487464133, 12.696663480535451 ], [ 76.801498077550775, 12.697126368543092 ], [ 76.801495856834748, 12.697163874096258 ], [ 76.801441584434642, 12.69762597184628 ], [ 76.801426577303033, 12.697753745797485 ], [ 76.801410940441045, 12.697877596638202 ], [ 76.801405722357472, 12.697945078221878 ], [ 76.801377019622791, 12.698223064327056 ], [ 76.80130066921447, 12.698962493995209 ], [ 76.801299803040393, 12.69897088341701 ], [ 76.801281324593873, 12.699149849011542 ], [ 76.801262945236246, 12.699327852198671 ], [ 76.801243627258444, 12.699514940387463 ], [ 76.801168636641151, 12.700241200241274 ], [ 76.801138297224981, 12.700241419733022 ], [ 76.801134122462642, 12.700305015659442 ], [ 76.801133783177931, 12.700310176439702 ], [ 76.801676669412032, 12.700717391106997 ], [ 76.801944339252657, 12.700918167734244 ], [ 76.80271761202539, 12.701498002040326 ], [ 76.802735559800155, 12.701511531477321 ], [ 76.803154788469456, 12.701894584745224 ], [ 76.803225619987842, 12.701959343066365 ], [ 76.803436811218845, 12.702217997808106 ], [ 76.803514308444264, 12.702312911319872 ], [ 76.803698461777572, 12.702510779832771 ], [ 76.803703926790348, 12.702516652277573 ], [ 76.803727947695975, 12.702545242448069 ], [ 76.803788569111376, 12.702617393261308 ], [ 76.803965786661678, 12.702828315583302 ], [ 76.804160549527609, 12.703060118379378 ], [ 76.804600405346662, 12.703583624923759 ], [ 76.804618394244272, 12.703605033982665 ], [ 76.804665391958508, 12.703660970225258 ], [ 76.804668067777357, 12.703664154484368 ], [ 76.804676888898868, 12.703675932648599 ], [ 76.804703178480054, 12.703711036926734 ], [ 76.80470592010289, 12.703715978792381 ], [ 76.80472431509682, 12.703749137380747 ], [ 76.804990333575674, 12.703708932371606 ], [ 76.805227383868399, 12.703673106499098 ], [ 76.805251661574133, 12.703669436936742 ], [ 76.805320505120903, 12.703659032064161 ], [ 76.805444571272233, 12.703642170934 ], [ 76.805642318066731, 12.703615296698793 ], [ 76.805739336252145, 12.703602112136664 ], [ 76.805772522757209, 12.703597601837727 ], [ 76.805838927037499, 12.703588577399422 ], [ 76.805841051396186, 12.703590979923815 ], [ 76.806134834271319, 12.70392324514229 ], [ 76.806247659571952, 12.703944629347742 ], [ 76.806270652870467, 12.703849975393226 ], [ 76.806322555736841, 12.703636315447165 ], [ 76.806333271795623, 12.703592202570393 ], [ 76.806440467816941, 12.703390830437851 ] ] ] } },
{ "type": "Feature", "properties": { "OBJECTID": 18904, "KGISVillageID": 24178, "KGISVillageCode": "2205090005", "KGISVillageName": "Thirumalapura", "KGISHobliID": 120, "UniqueVillageCode": "2205090005_1", "Bhucode": "220501001048", "CensusVillageCode": "2957305550614348", "BhoomiVillageCode": "2205090005", "created_user": null, "created_date": null, "last_edited_user": null, "last_edited_date": null, "LGDGPCode": "219323", "LGDGPCode_Secondary": null, "Category": "Cadastral data available and has bhoomi linkage", "SHAPE.STArea()": 568728.17664094502, "SHAPE.STLength()": 4432.7579503003244, "LGD_VillageCode": 614348.0, "_overlap_percent": 100.00000000000016, "_police_station": "Basaralu PS", "_police_feature_index": "485", "_admin_layer": "Village", "_geometry_clipped": true }, "geometry": { "type": "Polygon", "coordinates": [ [ [ 76.82540328503525, 12.701927207321926 ], [ 76.82546497460828, 12.701946924840158 ], [ 76.825476959888192, 12.701950064692571 ], [ 76.825537331773319, 12.701965877480607 ], [ 76.825587233838135, 12.701978947627504 ], [ 76.825602642956952, 12.701982984060006 ], [ 76.82563923017419, 12.701991473683302 ], [ 76.825755576144275, 12.702018469050273 ], [ 76.825797649041391, 12.702017223230088 ], [ 76.825957887594384, 12.702012478791392 ], [ 76.826037842076673, 12.702000888601489 ], [ 76.826072226972798, 12.701952625478546 ], [ 76.826128056937932, 12.701874261255819 ], [ 76.826737048987255, 12.701019461002598 ], [ 76.826991710896579, 12.70066200784604 ], [ 76.82712953117445, 12.700500588673208 ], [ 76.827245662066275, 12.700364573048461 ], [ 76.827250088287244, 12.700359388678763 ], [ 76.827442633341164, 12.699887232019261 ], [ 76.827459622506865, 12.699845572065687 ], [ 76.82752714970529, 12.699824097372717 ], [ 76.827736156256478, 12.6997575997494 ], [ 76.827830462658767, 12.699720505987527 ], [ 76.827854365166488, 12.699711104659007 ], [ 76.827926545237275, 12.699729188401907 ], [ 76.828006473456995, 12.699749213598977 ], [ 76.828027394871455, 12.699755132662863 ], [ 76.82802587601229, 12.699704274916257 ], [ 76.82802289394678, 12.699604420115024 ], [ 76.828047952709639, 12.699540907632276 ], [ 76.82808282210533, 12.699452582212283 ], [ 76.828189737848447, 12.699181760057623 ], [ 76.828190824772093, 12.69917900660125 ], [ 76.828193741926782, 12.69917161722201 ], [ 76.828229005036476, 12.699082228837387 ], [ 76.829013466894878, 12.698485033063214 ], [ 76.82950675019309, 12.698109503862355 ], [ 76.829516971816034, 12.69810343529678 ], [ 76.829729799635032, 12.697977079022859 ], [ 76.829689546054311, 12.697954296927243 ], [ 76.828193185679822, 12.697105359175712 ], [ 76.827437508601918, 12.69665801057188 ], [ 76.827082764372975, 12.696104225581299 ], [ 76.82698525407578, 12.695952002772858 ], [ 76.826938267479548, 12.695945708907251 ], [ 76.8264922964877, 12.69585518902759 ], [ 76.826495264152527, 12.695886468885311 ], [ 76.826499270107888, 12.695928686617391 ], [ 76.826515550063988, 12.695980869169466 ], [ 76.826523631173316, 12.696006773747749 ], [ 76.826531713205185, 12.696032678319177 ], [ 76.82650846375752, 12.696025582900575 ], [ 76.826440723997436, 12.696004910099777 ], [ 76.825237388814955, 12.695637666042735 ], [ 76.824511567697243, 12.695624617259242 ], [ 76.824275115820441, 12.69562036628769 ], [ 76.823720653069273, 12.695576345854363 ], [ 76.824000942313788, 12.695301897806898 ], [ 76.823819098821247, 12.695274209659429 ], [ 76.822881441567503, 12.696147573507931 ], [ 76.822741835899194, 12.69614871931921 ], [ 76.822683418591225, 12.696154030321381 ], [ 76.822612228502365, 12.69616050282109 ], [ 76.822414726284904, 12.696385101048243 ], [ 76.821987611665719, 12.696428043329982 ], [ 76.821793737422965, 12.696425291258002 ], [ 76.821281968562772, 12.696407135582398 ], [ 76.821166394659244, 12.696403102782217 ], [ 76.820649311202288, 12.696395980717565 ], [ 76.820482958627679, 12.696393688790495 ], [ 76.820466561334655, 12.696393690075668 ], [ 76.820446539532938, 12.696393691813736 ], [ 76.820423734634687, 12.696392911802421 ], [ 76.819959531264118, 12.696377028685687 ], [ 76.819715034888347, 12.696369310087478 ], [ 76.819079720494202, 12.69634925381691 ], [ 76.819077356078751, 12.696359449496011 ], [ 76.819018318592867, 12.696346321227347 ], [ 76.81888316687008, 12.696306980526964 ], [ 76.818576175185115, 12.696207779145018 ], [ 76.818105259596621, 12.69605560580395 ], [ 76.817738047576285, 12.695961353310688 ], [ 76.817578421677126, 12.695920381675938 ], [ 76.817534693158422, 12.695909157548744 ], [ 76.81750886112863, 12.695902527314326 ], [ 76.817015788227607, 12.695724855119325 ], [ 76.816840561914333, 12.695610153712417 ], [ 76.816781701686537, 12.695579170272875 ], [ 76.816763098108211, 12.695569378429385 ], [ 76.816744494524755, 12.695559585680554 ], [ 76.816540936062196, 12.695435144315246 ], [ 76.816526201155241, 12.695433158996259 ], [ 76.816267872178557, 12.695398352996092 ], [ 76.815867280009769, 12.695344377898033 ], [ 76.815863259392827, 12.695342916712027 ], [ 76.81529731198674, 12.695137264592528 ], [ 76.815066488786456, 12.695053388337193 ], [ 76.814855059696271, 12.694942524992602 ], [ 76.814801343683015, 12.694936382480716 ], [ 76.81461710421533, 12.694915314312825 ], [ 76.814631567091254, 12.694929444329961 ], [ 76.814640087244086, 12.694972512019644 ], [ 76.81464959090323, 12.695020551557445 ], [ 76.814667091479862, 12.695109014893314 ], [ 76.814684592072723, 12.695197478225833 ], [ 76.814694358902429, 12.695241212586671 ], [ 76.81471753331239, 12.695344989530305 ], [ 76.814730286158181, 12.695402022148105 ], [ 76.814736099260955, 12.695428021385863 ], [ 76.814804658199108, 12.695723561653967 ], [ 76.814816642020901, 12.695775223240332 ], [ 76.814839854760891, 12.695875040900228 ], [ 76.814862067134484, 12.695970233009636 ], [ 76.814926719412924, 12.696221532386689 ], [ 76.81477405127184, 12.696305757592432 ], [ 76.814697573643272, 12.696347949334113 ], [ 76.814680054467928, 12.696357614081959 ], [ 76.814667296457969, 12.696404355979606 ], [ 76.814616480596513, 12.696590525772299 ], [ 76.814565665599332, 12.696776695556528 ], [ 76.814600420358829, 12.696770462516895 ], [ 76.814924709095067, 12.696928127181472 ], [ 76.815075285068716, 12.697001334070213 ], [ 76.815150358635734, 12.697039438029284 ], [ 76.815340618652641, 12.697126405182377 ], [ 76.815393479721862, 12.697152248909983 ], [ 76.815556660290653, 12.697233883822385 ], [ 76.815897168379507, 12.697369037153667 ], [ 76.81611553015496, 12.697460139189069 ], [ 76.816151536903845, 12.697475161134104 ], [ 76.816359724241948, 12.697562019254637 ], [ 76.81650179725392, 12.69762138537385 ], [ 76.816565090291505, 12.697647627456776 ], [ 76.81662359019073, 12.697669804142551 ], [ 76.816639414573004, 12.697676360129709 ], [ 76.81689600820765, 12.697782658802289 ], [ 76.816976919630349, 12.697816178413042 ], [ 76.817298347595639, 12.697949335348101 ], [ 76.817377391159226, 12.697970934605097 ], [ 76.817710271574271, 12.698061896339519 ], [ 76.817730895401056, 12.698064194654593 ], [ 76.817798355877827, 12.698071712044316 ], [ 76.817917214691235, 12.698084957744616 ], [ 76.818116096808424, 12.698107121517772 ], [ 76.818292921462259, 12.69812682676196 ], [ 76.818513114769971, 12.698151364232388 ], [ 76.818535258854965, 12.698153831937844 ], [ 76.818570266481672, 12.698157654990556 ], [ 76.818765070331338, 12.698175559113441 ], [ 76.819326920905056, 12.698227855226094 ], [ 76.819345201164779, 12.698229556648256 ], [ 76.819455756703945, 12.698234370242936 ], [ 76.819550242185116, 12.698238484093599 ], [ 76.819627963233586, 12.698241867727281 ], [ 76.8198313133733, 12.698233241491728 ], [ 76.819931229162876, 12.6982290022959 ], [ 76.820020230428938, 12.698225225675964 ], [ 76.82004766074644, 12.69822406227944 ], [ 76.820160624417639, 12.698219269827669 ], [ 76.820512139927771, 12.698222343519291 ], [ 76.820549496187923, 12.698225920609845 ], [ 76.820723517101044, 12.698242585613501 ], [ 76.820805553574317, 12.698255214881538 ], [ 76.820919924102469, 12.69827282227982 ], [ 76.820922749501975, 12.698250572036049 ], [ 76.820947011639035, 12.698254933088032 ], [ 76.820952798787076, 12.698255973513795 ], [ 76.821021225944307, 12.698268273076145 ], [ 76.821121881734385, 12.698237763495388 ], [ 76.821158427543836, 12.698226686078446 ], [ 76.821287364890253, 12.698256397504341 ], [ 76.821367742909416, 12.698274918598729 ], [ 76.821380388124254, 12.698332632033285 ], [ 76.821421205078025, 12.698518915711725 ], [ 76.821426327309823, 12.698542293679722 ], [ 76.821431607476953, 12.698566389145638 ], [ 76.821431483902799, 12.698569980192756 ], [ 76.821427208562653, 12.698694637887774 ], [ 76.821425023593108, 12.698758340048679 ], [ 76.821421256737551, 12.698799252772378 ], [ 76.821421219159703, 12.69879966429426 ], [ 76.821418116260773, 12.698833361331269 ], [ 76.821417197647463, 12.698843342821229 ], [ 76.821415780163761, 12.69885864162724 ], [ 76.821412697196678, 12.698891905570408 ], [ 76.82140970148825, 12.698924236113754 ], [ 76.821395543420053, 12.699068072305423 ], [ 76.821391223259866, 12.699111958965995 ], [ 76.821383989225325, 12.699185446803899 ], [ 76.821376756103717, 12.699258933731654 ], [ 76.821368105845693, 12.699316608021244 ], [ 76.821348201221028, 12.699601259763549 ], [ 76.821343058272362, 12.699641563680036 ], [ 76.82133474915598, 12.699706679958068 ], [ 76.821326440951808, 12.699771795325963 ], [ 76.821326331952761, 12.699772649333831 ], [ 76.821486489179549, 12.699792301251017 ], [ 76.821577646787574, 12.699803486477357 ], [ 76.821597452139287, 12.699764651945202 ], [ 76.821635215119315, 12.69969060474215 ], [ 76.821642031419046, 12.699677144420281 ], [ 76.82167776343303, 12.699606585657872 ], [ 76.821680861835603, 12.699600832002082 ], [ 76.821681140138168, 12.699600869862179 ], [ 76.821737115914075, 12.699506118159531 ], [ 76.821737830913577, 12.699504907479639 ], [ 76.82178572695031, 12.6994238326591 ], [ 76.8218082222063, 12.699385753370223 ], [ 76.82180988886337, 12.699368345014326 ], [ 76.821822545796195, 12.69937364522764 ], [ 76.821863297747214, 12.699389919956401 ], [ 76.821904050629726, 12.699406195575703 ], [ 76.821967681084459, 12.699431607776784 ], [ 76.82203131062947, 12.699457019967154 ], [ 76.822172280655124, 12.699507175285131 ], [ 76.822196302210941, 12.699528406902854 ], [ 76.822231692505113, 12.69955968657929 ], [ 76.822267083734857, 12.699590967147268 ], [ 76.822296346361398, 12.699616831285237 ], [ 76.822339275386938, 12.699654774072522 ], [ 76.822402975946474, 12.699711075648635 ], [ 76.822536308440519, 12.699828922067175 ], [ 76.822546092003364, 12.699837569144062 ], [ 76.822566874273448, 12.699856011912265 ], [ 76.822572097866527, 12.699860647268105 ], [ 76.822608640793689, 12.699893075926667 ], [ 76.822650955814979, 12.699930626970206 ], [ 76.82265615109003, 12.699934776233057 ], [ 76.822706230666341, 12.699974763209179 ], [ 76.822753558463759, 12.700012553675135 ], [ 76.822938830963437, 12.700160489226311 ], [ 76.82300546219129, 12.70021369279122 ], [ 76.823153088371711, 12.700331568072633 ], [ 76.823163784489694, 12.700340108521159 ], [ 76.823166742982167, 12.700637625183575 ], [ 76.823168019054975, 12.700765885453436 ], [ 76.823168250478091, 12.700789181266115 ], [ 76.823168894526106, 12.700853960342068 ], [ 76.82317012845661, 12.701027063088658 ], [ 76.823177143690174, 12.701031315528063 ], [ 76.823233409817703, 12.701065423527915 ], [ 76.823266304082978, 12.701072868693059 ], [ 76.823272332973858, 12.701074232792699 ], [ 76.823298708972303, 12.701080499799595 ], [ 76.82346341766052, 12.701119635605009 ], [ 76.823633252924381, 12.701159988838798 ], [ 76.823645423277299, 12.701162880751861 ], [ 76.823940502819482, 12.70141777282856 ], [ 76.824163780424172, 12.701610640705752 ], [ 76.824184710977278, 12.701724569500582 ], [ 76.824193131285526, 12.70177040226806 ], [ 76.824198539752473, 12.701812950269822 ], [ 76.824203546338254, 12.701852332950866 ], [ 76.824749771534115, 12.701907773469115 ], [ 76.824826850417736, 12.701915596963419 ], [ 76.825361908003259, 12.702102306815467 ], [ 76.825362811568155, 12.702102622378508 ], [ 76.825374709252031, 12.702106774273355 ], [ 76.825384312526097, 12.70207749677542 ], [ 76.82540328503525, 12.701927207321926 ] ] ] } },
{ "type": "Feature", "properties": { "OBJECTID": 18861, "KGISVillageID": 24135, "KGISVillageCode": "2205090024", "KGISVillageName": "Bidarakatte", "KGISHobliID": 120, "UniqueVillageCode": "2205090024_1", "Bhucode": "220501001005", "CensusVillageCode": "2957305550614344", "BhoomiVillageCode": "2205090024", "created_user": null, "created_date": null, "last_edited_user": null, "last_edited_date": null, "LGDGPCode": "219322", "LGDGPCode_Secondary": null, "Category": "Cadastral data available and has bhoomi linkage", "SHAPE.STArea()": 1588560.838983845, "SHAPE.STLength()": 5744.4932231736802, "LGD_VillageCode": 614344.0, "_overlap_percent": 100.00000000000011, "_police_station": "Basaralu PS", "_police_feature_index": "485", "_admin_layer": "Village", "_geometry_clipped": true }, "geometry": { "type": "Polygon", "coordinates": [ [ [ 76.852779134113504, 12.707588206092746 ], [ 76.854504714338461, 12.707613212731001 ], [ 76.854575727105356, 12.707614367509393 ], [ 76.854632910967311, 12.707615298105512 ], [ 76.854497979520659, 12.707005303848092 ], [ 76.854210661165865, 12.705706387819742 ], [ 76.854203715482299, 12.705674987421443 ], [ 76.854192236081971, 12.705623085696573 ], [ 76.854140174740195, 12.705525495451148 ], [ 76.853823420913571, 12.704931723900426 ], [ 76.853680236364326, 12.704663316815193 ], [ 76.853574493376897, 12.70446509406862 ], [ 76.853555328132146, 12.704374890619453 ], [ 76.853334039581085, 12.703857105749053 ], [ 76.853289683100527, 12.703753317857082 ], [ 76.853005698229879, 12.703077696142064 ], [ 76.852910237910791, 12.702850587817149 ], [ 76.852725908103992, 12.702412049453139 ], [ 76.852722343920149, 12.70240551230277 ], [ 76.852659792486918, 12.702290779878451 ], [ 76.852624940020064, 12.702226853544493 ], [ 76.852519721219139, 12.702033861615213 ], [ 76.852481186172852, 12.701963181996772 ], [ 76.8524529003178, 12.701911788831557 ], [ 76.852447889655352, 12.701902684862969 ], [ 76.85240411470042, 12.701823147805646 ], [ 76.852195951152098, 12.701444933606108 ], [ 76.852141488082538, 12.701345979296207 ], [ 76.851900479726055, 12.700908084186263 ], [ 76.851855517622411, 12.70080618105523 ], [ 76.851825665497771, 12.700819940106529 ], [ 76.851826510423209, 12.700740440383267 ], [ 76.851826931276008, 12.700700785890255 ], [ 76.85180709377002, 12.700669660625453 ], [ 76.851743967287561, 12.700570616606473 ], [ 76.851551436956356, 12.700268539676129 ], [ 76.851531461705903, 12.700237198415014 ], [ 76.851435967777647, 12.700087368820865 ], [ 76.851187426573176, 12.699697410128257 ], [ 76.851139503348548, 12.699622218537975 ], [ 76.851037316468421, 12.699461887338357 ], [ 76.851031541871109, 12.699450631135788 ], [ 76.851006812150558, 12.699402427065236 ], [ 76.850961199953261, 12.699313514932435 ], [ 76.850955882657885, 12.699316727292198 ], [ 76.850941537317937, 12.699274463279083 ], [ 76.850890875275539, 12.699125204665545 ], [ 76.850874512201202, 12.699076994643702 ], [ 76.850828425057557, 12.698928149702981 ], [ 76.850783431467306, 12.698782838455893 ], [ 76.850753846353726, 12.698662081649294 ], [ 76.850686210667888, 12.698386019019127 ], [ 76.850576995673975, 12.697883719102746 ], [ 76.850572093221345, 12.697861171160337 ], [ 76.850556241206888, 12.697788263077033 ], [ 76.850548910578254, 12.697741463328347 ], [ 76.8505439717174, 12.69770993575405 ], [ 76.850540324240569, 12.697686646930039 ], [ 76.850517181034988, 12.697606113165786 ], [ 76.850442098418142, 12.697344838898266 ], [ 76.850410372694995, 12.697234437122985 ], [ 76.850439043079817, 12.697224583067898 ], [ 76.850523358984233, 12.697195604851119 ], [ 76.850511304928091, 12.697100723562272 ], [ 76.850459092555809, 12.696689772692817 ], [ 76.850460078224572, 12.696679674183311 ], [ 76.850464830116067, 12.696631005958931 ], [ 76.8504695820005, 12.696582336830716 ], [ 76.850469818537874, 12.696580546435477 ], [ 76.850480660587465, 12.696498442509371 ], [ 76.850489043944421, 12.69643495995024 ], [ 76.850376370914262, 12.696271892138164 ], [ 76.850193204532374, 12.696006801213141 ], [ 76.850169747634254, 12.695972851088015 ], [ 76.85009159515414, 12.695607586748057 ], [ 76.850092481367057, 12.695595699280515 ], [ 76.850094425067468, 12.695569638183777 ], [ 76.850099746666743, 12.695498274482217 ], [ 76.850139850711372, 12.695489544738374 ], [ 76.850149433914908, 12.695487458711844 ], [ 76.850367750903303, 12.695439933000806 ], [ 76.850443144361392, 12.695423521129278 ], [ 76.850441708130163, 12.695409761681198 ], [ 76.850432731564283, 12.695396437131288 ], [ 76.85042947167139, 12.695391597972939 ], [ 76.850152394278496, 12.694980288189502 ], [ 76.850205148766747, 12.694960287671975 ], [ 76.850228084694194, 12.694904504930877 ], [ 76.850369361549738, 12.694740820191138 ], [ 76.850478101313655, 12.694614832784733 ], [ 76.85047420986119, 12.694595730538351 ], [ 76.850467030157844, 12.694560481994223 ], [ 76.850456483956691, 12.694508705362678 ], [ 76.85042877698811, 12.694407058354667 ], [ 76.850422283759727, 12.69438347932725 ], [ 76.850372513416715, 12.694202746163544 ], [ 76.85034647439916, 12.694108191880209 ], [ 76.850276031467914, 12.693852388635753 ], [ 76.850262548739693, 12.693803429006483 ], [ 76.850078487979644, 12.693135038006115 ], [ 76.850055810809806, 12.693049589258971 ], [ 76.85005363790907, 12.693041400026507 ], [ 76.850042833082043, 12.693000685740802 ], [ 76.849801679088458, 12.693334699749473 ], [ 76.849157486109789, 12.693512569422344 ], [ 76.849070488971364, 12.693369474467858 ], [ 76.849046370682601, 12.693329803714704 ], [ 76.848927525304063, 12.693077996746609 ], [ 76.848851973145671, 12.692917918803699 ], [ 76.848780682951485, 12.692727181885273 ], [ 76.848720665817183, 12.692309865169562 ], [ 76.848719492786458, 12.692224192384622 ], [ 76.848715896302309, 12.691961425985248 ], [ 76.848715773292554, 12.691952297807811 ], [ 76.84872661112928, 12.691890686330625 ], [ 76.848736555835629, 12.691834152657187 ], [ 76.848656276665224, 12.691843805395855 ], [ 76.848517866149749, 12.691869880215458 ], [ 76.848475683723919, 12.691877826909399 ], [ 76.848337741106249, 12.691903813418971 ], [ 76.848320172364808, 12.69190712274788 ], [ 76.848043315326905, 12.691979816184668 ], [ 76.847909037214663, 12.69201507323068 ], [ 76.847900568106454, 12.692017296930532 ], [ 76.847276847158668, 12.692182201589173 ], [ 76.847023973827092, 12.692303885703319 ], [ 76.846809952861136, 12.692355086175201 ], [ 76.846704307212178, 12.692354414589062 ], [ 76.846616622924586, 12.692403948896009 ], [ 76.846496346812529, 12.692471894720359 ], [ 76.846482812097619, 12.692488606421337 ], [ 76.846206792157318, 12.692829405092807 ], [ 76.846193801744178, 12.692837985436823 ], [ 76.846139414816662, 12.692873910860328 ], [ 76.846067553386973, 12.692921379029999 ], [ 76.845927064251228, 12.692920677375378 ], [ 76.845883616586377, 12.692905645366334 ], [ 76.845840167998688, 12.692890612452052 ], [ 76.845779597068571, 12.69287199904441 ], [ 76.845829950518606, 12.692989322386913 ], [ 76.845553495893157, 12.693298634685211 ], [ 76.845511919879698, 12.693345151933462 ], [ 76.845490357424183, 12.693392892182727 ], [ 76.845490173111941, 12.693445207428907 ], [ 76.845489980924626, 12.693499877300965 ], [ 76.84546561509508, 12.693500748980682 ], [ 76.845441249258513, 12.693501619754365 ], [ 76.84542501125523, 12.693537571825507 ], [ 76.845397137683975, 12.693545688869296 ], [ 76.845369264104036, 12.693553805006591 ], [ 76.845126189870797, 12.693760374778341 ], [ 76.845063419907703, 12.693813717040367 ], [ 76.845003519161239, 12.693899452901427 ], [ 76.84497724851299, 12.693936201388746 ], [ 76.844970883697798, 12.693940068976895 ], [ 76.844869715763238, 12.694001547115061 ], [ 76.84483068205769, 12.693989935238353 ], [ 76.844830123239532, 12.693989806253301 ], [ 76.844806900134941, 12.693984463087064 ], [ 76.844802374532691, 12.693986521004337 ], [ 76.844798393064238, 12.693988331096399 ], [ 76.844791549503398, 12.694005731984284 ], [ 76.844785701212757, 12.69402046406927 ], [ 76.844775926932215, 12.694045085522653 ], [ 76.84469264737551, 12.694254854171476 ], [ 76.844660980798409, 12.694334618983401 ], [ 76.844576858136307, 12.694626426590807 ], [ 76.844563837406255, 12.694659302111353 ], [ 76.844547806038506, 12.69465663953866 ], [ 76.844539344704884, 12.694655234067904 ], [ 76.84453427804398, 12.694654392522589 ], [ 76.844500241644184, 12.694739892556166 ], [ 76.844383197411261, 12.695002035308862 ], [ 76.844335319406227, 12.694991212439675 ], [ 76.844259669063078, 12.694972307612902 ], [ 76.844252943274526, 12.69497195211973 ], [ 76.844243970398395, 12.695013255181285 ], [ 76.844195246761657, 12.69523752302897 ], [ 76.844171665567771, 12.695391740982998 ], [ 76.844005047733134, 12.695511474958431 ], [ 76.843978614410162, 12.695537443191032 ], [ 76.843900535690395, 12.695614146289419 ], [ 76.843890694295155, 12.695594340430253 ], [ 76.843889504423942, 12.695595173925971 ], [ 76.843876290033251, 12.695602981125372 ], [ 76.843697544866217, 12.695686842456906 ], [ 76.843671062699684, 12.69569926746334 ], [ 76.843555777834339, 12.695729039815332 ], [ 76.843462393200227, 12.695753156380388 ], [ 76.84322713137945, 12.695813912093431 ], [ 76.84303581243131, 12.69586331995923 ], [ 76.842828976734808, 12.695916734706778 ], [ 76.842826049974846, 12.695917740241406 ], [ 76.842799196705812, 12.695926967151697 ], [ 76.842645022469185, 12.695979941138541 ], [ 76.842415423665997, 12.696074432587348 ], [ 76.842248736406646, 12.696143032509408 ], [ 76.842243737542461, 12.696145090059613 ], [ 76.842053299583725, 12.696223464632421 ], [ 76.842015717183969, 12.696238931210056 ], [ 76.841950888823163, 12.696265611330206 ], [ 76.841853119194326, 12.696262660753824 ], [ 76.84185314495646, 12.696261124000044 ], [ 76.841848399232433, 12.696261771561101 ], [ 76.841835025676446, 12.69626359707539 ], [ 76.84182604191507, 12.696264823595474 ], [ 76.841825312726627, 12.696275430119197 ], [ 76.841824214630719, 12.696288119002261 ], [ 76.841824025930862, 12.696290296825001 ], [ 76.841817989662331, 12.69636002690787 ], [ 76.841813252423194, 12.696414415669487 ], [ 76.841810782158916, 12.696442772677496 ], [ 76.841804268592853, 12.696517560500235 ], [ 76.841803233729379, 12.696529441790689 ], [ 76.841802001552296, 12.696543583215599 ], [ 76.841834907630314, 12.696892252303202 ], [ 76.841975014781681, 12.697454608227792 ], [ 76.841979307413354, 12.697471838690385 ], [ 76.841980977817755, 12.697478542833135 ], [ 76.841970692701608, 12.697486863812719 ], [ 76.841945415133466, 12.697507314798898 ], [ 76.84182058046872, 12.697608311585292 ], [ 76.841823482963008, 12.697704953753965 ], [ 76.841829606212286, 12.697908810226442 ], [ 76.841834549897783, 12.698073372008089 ], [ 76.841845871433492, 12.698163222834411 ], [ 76.841902907992662, 12.698615885154304 ], [ 76.842003050250412, 12.69902466283337 ], [ 76.842007407705879, 12.699042451430106 ], [ 76.84204080656896, 12.699178783119914 ], [ 76.842190046380978, 12.699787975091949 ], [ 76.842227285758639, 12.699943780096406 ], [ 76.842311936972507, 12.700153296334275 ], [ 76.842325003152283, 12.700266493620683 ], [ 76.842332681623361, 12.700333012839495 ], [ 76.842337481176102, 12.700374593561287 ], [ 76.842342280731344, 12.700416174282649 ], [ 76.842358218779253, 12.700416055488363 ], [ 76.842400650893268, 12.70060587396123 ], [ 76.842403873866942, 12.700620293571955 ], [ 76.842407800771284, 12.700637859175712 ], [ 76.842413410538754, 12.700662957673352 ], [ 76.842424381520729, 12.700678266218805 ], [ 76.842426102917258, 12.70068066849533 ], [ 76.842474343785327, 12.700747977135249 ], [ 76.842546081147361, 12.700798808706601 ], [ 76.842564388408036, 12.700811780420993 ], [ 76.842564827569404, 12.700817661545907 ], [ 76.842583784516691, 12.700821393033737 ], [ 76.842584814662757, 12.700913907517863 ], [ 76.84258543327266, 12.700969488332989 ], [ 76.842586051878044, 12.70102506824402 ], [ 76.842588071704427, 12.701206520887856 ], [ 76.842589405709219, 12.701326385178561 ], [ 76.842600784919753, 12.701722790122449 ], [ 76.842613867736191, 12.701757753034585 ], [ 76.842620755914581, 12.70176988842046 ], [ 76.8426211046567, 12.701770502435778 ], [ 76.842621302342081, 12.701770850859402 ], [ 76.842621709830269, 12.701771568411447 ], [ 76.842980228442514, 12.702403119177026 ], [ 76.843409975689951, 12.70316013621575 ], [ 76.843550364819052, 12.70340743381607 ], [ 76.843905929955824, 12.704010963446663 ], [ 76.844030260319812, 12.704221997991537 ], [ 76.844048646956892, 12.704253206314171 ], [ 76.84406036318083, 12.704288196683295 ], [ 76.844128773067766, 12.704492492892321 ], [ 76.844175597794688, 12.70468430669899 ], [ 76.843812529727686, 12.704760143149763 ], [ 76.843816603929682, 12.705012073867575 ], [ 76.843819187870167, 12.705171863971922 ], [ 76.843815684614285, 12.705270648360145 ], [ 76.843815401597567, 12.705278638696903 ], [ 76.843879295203962, 12.705267356298556 ], [ 76.844053777149369, 12.705236546261981 ], [ 76.844082486918253, 12.705231476640053 ], [ 76.844130867071755, 12.705222934092411 ], [ 76.844133799203433, 12.705224702458358 ], [ 76.844152704079065, 12.705236100740947 ], [ 76.844159461563052, 12.705240174485702 ], [ 76.844312862497532, 12.705332662585914 ], [ 76.844399529105829, 12.705384915345459 ], [ 76.844487415321723, 12.705427812713925 ], [ 76.844532669917399, 12.705449901241456 ], [ 76.844637724163078, 12.705889597370511 ], [ 76.844720717950338, 12.70622769776228 ], [ 76.844743499862346, 12.706320506420612 ], [ 76.844744542306842, 12.70632475366614 ], [ 76.844767261635155, 12.706417306960866 ], [ 76.844842338383728, 12.706723150935384 ], [ 76.844842970123295, 12.706725726173705 ], [ 76.844878201546294, 12.706765380451369 ], [ 76.844900831830003, 12.706790852146231 ], [ 76.844902087199856, 12.706791689432121 ], [ 76.844918147026206, 12.706802396990991 ], [ 76.844947182671419, 12.706838124576915 ], [ 76.84497621832503, 12.706873852158431 ], [ 76.845044746038965, 12.706961833154271 ], [ 76.845432861876006, 12.707460120148573 ], [ 76.84579764901676, 12.707922595799184 ], [ 76.845825555521088, 12.707957974989288 ], [ 76.845945897444594, 12.708109811931717 ], [ 76.84598350228606, 12.708172483587104 ], [ 76.8460036279657, 12.708206023314249 ], [ 76.846043440406177, 12.708203147570588 ], [ 76.846095918416168, 12.708240054041314 ], [ 76.846147281657721, 12.708236316030343 ], [ 76.846357656611545, 12.708221006037325 ], [ 76.846409007994168, 12.708217667567387 ], [ 76.846420319932022, 12.708219552907206 ], [ 76.846423330424557, 12.708220054380687 ], [ 76.846627691019393, 12.708254112660976 ], [ 76.846766185282036, 12.708310129691613 ], [ 76.847155710952293, 12.708467681942942 ], [ 76.847366864472832, 12.708553086929642 ], [ 76.847525628586567, 12.70861730227044 ], [ 76.847659677679275, 12.708566001411659 ], [ 76.848026288200629, 12.708310113663963 ], [ 76.848234514191915, 12.708126492380536 ], [ 76.848240930765698, 12.708120833762656 ], [ 76.848311808684926, 12.708059493473227 ], [ 76.848322109902043, 12.708050579177735 ], [ 76.848767183749359, 12.708621194405987 ], [ 76.848986276668242, 12.708908710737207 ], [ 76.849014521810773, 12.708945776476876 ], [ 76.849029111809685, 12.708963762863922 ], [ 76.849030783737177, 12.708982472028262 ], [ 76.849037799143133, 12.709060990547851 ], [ 76.849039859786714, 12.709084053623753 ], [ 76.849039907886194, 12.709084593798762 ], [ 76.849116115204509, 12.709113690154171 ], [ 76.849529472943871, 12.709271542377877 ], [ 76.849592930837787, 12.709295775237546 ], [ 76.849601188971036, 12.709298929063488 ], [ 76.849642966164055, 12.709314882798864 ], [ 76.849910210483699, 12.709041843379476 ], [ 76.850095742423349, 12.708881413098331 ], [ 76.850140120295961, 12.708843039100948 ], [ 76.850159658670734, 12.708826144260195 ], [ 76.852779134113504, 12.707588206092746 ] ] ] } },
{ "type": "Feature", "properties": { "OBJECTID": 18903, "KGISVillageID": 24177, "KGISVillageCode": "2205100014", "KGISVillageName": "Thavarekere", "KGISHobliID": 1109, "UniqueVillageCode": "2205100014_1", "Bhucode": "220501001047", "CensusVillageCode": "2957305550614345", "BhoomiVillageCode": "2205100014", "created_user": null, "created_date": null, "last_edited_user": null, "last_edited_date": null, "LGDGPCode": "219344", "LGDGPCode_Secondary": null, "Category": "Cadastral data available and has bhoomi linkage", "SHAPE.STArea()": 5043002.6412989702, "SHAPE.STLength()": 10564.69149886917, "LGD_VillageCode": 614345.0, "_overlap_percent": 99.999999999999872, "_police_station": "Basaralu PS", "_police_feature_index": "485", "_admin_layer": "Village", "_geometry_clipped": true }, "geometry": { "type": "Polygon", "coordinates": [ [ [ 76.849642348250015, 12.723648296755282 ], [ 76.849597050152681, 12.719043083570718 ], [ 76.849597050477669, 12.719043001316932 ], [ 76.849596002150292, 12.719042921863416 ], [ 76.849597057438956, 12.719042691243446 ], [ 76.849597179496797, 12.719042509618953 ], [ 76.849656499094792, 12.718954297959797 ], [ 76.849661083574205, 12.718947479758533 ], [ 76.849658362445069, 12.718804781548485 ], [ 76.849639741916832, 12.71782823814733 ], [ 76.849638158131782, 12.717745191445967 ], [ 76.849636575278808, 12.717662145641336 ], [ 76.849645603498587, 12.717595769834903 ], [ 76.849648661263814, 12.717573287504083 ], [ 76.849649271435439, 12.717568803701639 ], [ 76.849649054197698, 12.717547959431132 ], [ 76.849640988495565, 12.716845440474206 ], [ 76.849641844910835, 12.716814949916548 ], [ 76.849669435985319, 12.71583233620383 ], [ 76.849676293519835, 12.715588112509266 ], [ 76.849702072671548, 12.714670037259268 ], [ 76.849708034428488, 12.714457724356889 ], [ 76.849721579309431, 12.71397536564176 ], [ 76.849721955545306, 12.713961968671557 ], [ 76.849725310184667, 12.713842515141311 ], [ 76.849727695572298, 12.713757554360676 ], [ 76.849729696408076, 12.713698194565731 ], [ 76.849731060856371, 12.713657373824924 ], [ 76.849732358844776, 12.713618309753532 ], [ 76.849738839223789, 12.713395724436007 ], [ 76.849746652696481, 12.713127348251106 ], [ 76.849768507499604, 12.71237673006631 ], [ 76.849771440701232, 12.712245598846891 ], [ 76.849774275827116, 12.712118851142812 ], [ 76.849789931746912, 12.711418942218952 ], [ 76.849794185180301, 12.71122878765904 ], [ 76.849796448444295, 12.71112758078222 ], [ 76.849642966164055, 12.709314882798864 ], [ 76.849601188971036, 12.709298929063488 ], [ 76.849592930837787, 12.709295775237546 ], [ 76.849529472943871, 12.709271542377877 ], [ 76.849116115204509, 12.709113690154171 ], [ 76.849039907886194, 12.709084593798762 ], [ 76.849039859786714, 12.709084053623753 ], [ 76.849037799143133, 12.709060990547851 ], [ 76.849030783737177, 12.708982472028262 ], [ 76.849029111809685, 12.708963762863922 ], [ 76.849014521810773, 12.708945776476876 ], [ 76.848986276668242, 12.708908710737207 ], [ 76.848767183749359, 12.708621194405987 ], [ 76.848322109902043, 12.708050579177735 ], [ 76.848311808684926, 12.708059493473227 ], [ 76.848240930765698, 12.708120833762656 ], [ 76.848234514191915, 12.708126492380536 ], [ 76.848026288200629, 12.708310113663963 ], [ 76.847659677679275, 12.708566001411659 ], [ 76.847525628586567, 12.70861730227044 ], [ 76.847366864472832, 12.708553086929642 ], [ 76.847155710952293, 12.708467681942942 ], [ 76.846766185282036, 12.708310129691613 ], [ 76.846627691019393, 12.708254112660976 ], [ 76.846423330424557, 12.708220054380687 ], [ 76.846420319932022, 12.708219552907206 ], [ 76.846409007994168, 12.708217667567387 ], [ 76.846357656611545, 12.708221006037325 ], [ 76.846147281657721, 12.708236316030343 ], [ 76.846095918416168, 12.708240054041314 ], [ 76.846043440406177, 12.708203147570588 ], [ 76.8460036279657, 12.708206023314249 ], [ 76.84598350228606, 12.708172483587104 ], [ 76.845945897444594, 12.708109811931717 ], [ 76.845825555521088, 12.707957974989288 ], [ 76.84579764901676, 12.707922595799184 ], [ 76.845432861876006, 12.707460120148573 ], [ 76.845044746038965, 12.706961833154271 ], [ 76.84497621832503, 12.706873852158431 ], [ 76.844947182671419, 12.706838124576915 ], [ 76.844918147026206, 12.706802396990991 ], [ 76.844902087199856, 12.706791689432121 ], [ 76.844900831830003, 12.706790852146231 ], [ 76.844878201546294, 12.706765380451369 ], [ 76.844842970123295, 12.706725726173705 ], [ 76.844842338383728, 12.706723150935384 ], [ 76.844767261635155, 12.706417306960866 ], [ 76.844744542306842, 12.70632475366614 ], [ 76.844743499862346, 12.706320506420612 ], [ 76.844720717950338, 12.70622769776228 ], [ 76.844637724163078, 12.705889597370511 ], [ 76.844532669917399, 12.705449901241456 ], [ 76.844487415321723, 12.705427812713925 ], [ 76.844399529105829, 12.705384915345459 ], [ 76.844312862497532, 12.705332662585914 ], [ 76.844159461563052, 12.705240174485702 ], [ 76.844152704079065, 12.705236100740947 ], [ 76.844133799203433, 12.705224702458358 ], [ 76.844130867071755, 12.705222934092411 ], [ 76.844082486918253, 12.705231476640053 ], [ 76.844053777149369, 12.705236546261981 ], [ 76.843879295203962, 12.705267356298556 ], [ 76.843815401597567, 12.705278638696903 ], [ 76.843815684614285, 12.705270648360145 ], [ 76.843819187870167, 12.705171863971922 ], [ 76.843816603929682, 12.705012073867575 ], [ 76.843812529727686, 12.704760143149763 ], [ 76.844175597794688, 12.70468430669899 ], [ 76.844128773067766, 12.704492492892321 ], [ 76.84406036318083, 12.704288196683295 ], [ 76.844048646956892, 12.704253206314171 ], [ 76.844030260319812, 12.704221997991537 ], [ 76.843905929955824, 12.704010963446663 ], [ 76.843550364819052, 12.70340743381607 ], [ 76.843409975689951, 12.70316013621575 ], [ 76.842980228442514, 12.702403119177026 ], [ 76.842621709830269, 12.701771568411447 ], [ 76.842621302342081, 12.701770850859402 ], [ 76.8426211046567, 12.701770502435778 ], [ 76.842620755914581, 12.70176988842046 ], [ 76.842613867736191, 12.701757753034585 ], [ 76.842600784919753, 12.701722790122449 ], [ 76.842589405709219, 12.701326385178561 ], [ 76.842588071704427, 12.701206520887856 ], [ 76.842586051878044, 12.70102506824402 ], [ 76.84258543327266, 12.700969488332989 ], [ 76.842584814662757, 12.700913907517863 ], [ 76.842583784516691, 12.700821393033737 ], [ 76.842564827569404, 12.700817661545907 ], [ 76.842564388408036, 12.700811780420993 ], [ 76.842546081147361, 12.700798808706601 ], [ 76.842474343785327, 12.700747977135249 ], [ 76.842426102917258, 12.70068066849533 ], [ 76.842424381520729, 12.700678266218805 ], [ 76.842413410538754, 12.700662957673352 ], [ 76.842407800771284, 12.700637859175712 ], [ 76.842403873866942, 12.700620293571955 ], [ 76.842400650893268, 12.70060587396123 ], [ 76.842358218779253, 12.700416055488363 ], [ 76.842342280731344, 12.700416174282649 ], [ 76.842337481176102, 12.700374593561287 ], [ 76.842332681623361, 12.700333012839495 ], [ 76.842325003152283, 12.700266493620683 ], [ 76.842311936972507, 12.700153296334275 ], [ 76.842227285758639, 12.699943780096406 ], [ 76.842190046380978, 12.699787975091949 ], [ 76.84204080656896, 12.699178783119914 ], [ 76.842007407705879, 12.699042451430106 ], [ 76.842003050250412, 12.69902466283337 ], [ 76.841902907992662, 12.698615885154304 ], [ 76.841845871433492, 12.698163222834411 ], [ 76.841834549897783, 12.698073372008089 ], [ 76.841829606212286, 12.697908810226442 ], [ 76.841823482963008, 12.697704953753965 ], [ 76.84182058046872, 12.697608311585292 ], [ 76.841945415133466, 12.697507314798898 ], [ 76.841970692701608, 12.697486863812719 ], [ 76.841980977817755, 12.697478542833135 ], [ 76.841979307413354, 12.697471838690385 ], [ 76.841975014781681, 12.697454608227792 ], [ 76.841834907630314, 12.696892252303202 ], [ 76.841802001552296, 12.696543583215599 ], [ 76.841769337921235, 12.69653410684894 ], [ 76.841786709165959, 12.696337809062488 ], [ 76.841792415548724, 12.696272895267505 ], [ 76.841793781970708, 12.696257323896168 ], [ 76.841794112936014, 12.696253551567523 ], [ 76.841801593359321, 12.696168048914844 ], [ 76.841803378040836, 12.696147531388876 ], [ 76.841812358389433, 12.696044285348199 ], [ 76.841799137111522, 12.696042708548493 ], [ 76.841792823629859, 12.696041956048925 ], [ 76.841793242608745, 12.696020995161428 ], [ 76.841772554165743, 12.696027725196743 ], [ 76.841763955490279, 12.696030522675395 ], [ 76.841383648407401, 12.695991586914946 ], [ 76.841290697077369, 12.695982071341263 ], [ 76.841289708524528, 12.695981969734547 ], [ 76.841045892544713, 12.695968938732637 ], [ 76.840955829880272, 12.695964124810125 ], [ 76.840870125218117, 12.695981548327921 ], [ 76.840784419626431, 12.695998972729818 ], [ 76.840472512388558, 12.695825884578886 ], [ 76.840382350985678, 12.695775851507785 ], [ 76.840382313610291, 12.695775774938104 ], [ 76.840382194936097, 12.695775530812579 ], [ 76.840358499556643, 12.695726814801153 ], [ 76.840336548764157, 12.695681684087088 ], [ 76.840297066162805, 12.695600511142144 ], [ 76.840283012298428, 12.695571617900153 ], [ 76.840246960022711, 12.695497495739247 ], [ 76.840233569616473, 12.695469966350265 ], [ 76.84017008135956, 12.695458592016388 ], [ 76.840106592185634, 12.695447217672912 ], [ 76.840008317151984, 12.695508630739928 ], [ 76.839962612353347, 12.695537191636246 ], [ 76.839957647794861, 12.695530578999112 ], [ 76.839902759721866, 12.695457466802898 ], [ 76.839763625065771, 12.695509166208895 ], [ 76.839715886682626, 12.695473845779391 ], [ 76.839581971640811, 12.69536660065909 ], [ 76.839256149040779, 12.695309439000818 ], [ 76.839185179765082, 12.695301245448871 ], [ 76.839128896418671, 12.69532997892861 ], [ 76.839063288510971, 12.695363630776429 ], [ 76.839009443569054, 12.695396040549436 ], [ 76.838955598612515, 12.695428450313294 ], [ 76.836947103165244, 12.69605077274114 ], [ 76.836763848897064, 12.696108289624584 ], [ 76.836608936389084, 12.696156910539001 ], [ 76.83538472104938, 12.696541142738575 ], [ 76.834237722288066, 12.696896864039429 ], [ 76.833644191820369, 12.697042018748668 ], [ 76.829729799635032, 12.697977079022859 ], [ 76.829516971816034, 12.69810343529678 ], [ 76.82950675019309, 12.698109503862355 ], [ 76.829013466894878, 12.698485033063214 ], [ 76.828229005036476, 12.699082228837387 ], [ 76.828193741926782, 12.69917161722201 ], [ 76.828190824772093, 12.69917900660125 ], [ 76.828189737848447, 12.699181760057623 ], [ 76.82808282210533, 12.699452582212283 ], [ 76.828047952709639, 12.699540907632276 ], [ 76.82802289394678, 12.699604420115024 ], [ 76.82802587601229, 12.699704274916257 ], [ 76.828027394871455, 12.699755132662863 ], [ 76.828149126252569, 12.69976701608055 ], [ 76.828152551670058, 12.699775995064513 ], [ 76.828283240605629, 12.700118476292015 ], [ 76.828010630926897, 12.700227375772677 ], [ 76.827740586825414, 12.700218135474268 ], [ 76.827740767074005, 12.700336250665721 ], [ 76.827741102686346, 12.700556112061204 ], [ 76.827771167485096, 12.700750057075787 ], [ 76.827333644874699, 12.70171591326273 ], [ 76.827317165011181, 12.701752588464485 ], [ 76.8273032821849, 12.701783451947447 ], [ 76.82710728775254, 12.702251048872325 ], [ 76.827078333495606, 12.70232012708567 ], [ 76.827227694717848, 12.70287446486334 ], [ 76.827246470251865, 12.702944147158973 ], [ 76.827252328104706, 12.702965889271887 ], [ 76.827287047710016, 12.703094745934798 ], [ 76.827292101693686, 12.70311350356755 ], [ 76.827263012841101, 12.703639419592529 ], [ 76.827268762033754, 12.703764738264578 ], [ 76.82727451216131, 12.703890056928287 ], [ 76.827280003964205, 12.704009757985524 ], [ 76.827374609455049, 12.704159608541811 ], [ 76.827694885140147, 12.704620835325699 ], [ 76.82784877879692, 12.704842455965403 ], [ 76.828069564758238, 12.705126778168205 ], [ 76.828099851473596, 12.705165779471237 ], [ 76.828130137277952, 12.705204780775784 ], [ 76.828203824578409, 12.7052972028541 ], [ 76.828764812964806, 12.705692009828079 ], [ 76.829210857038348, 12.705982218339006 ], [ 76.829271732915217, 12.706339677016278 ], [ 76.829274259472442, 12.706354511125527 ], [ 76.829306967505403, 12.706546572731142 ], [ 76.829372986309892, 12.706813292234724 ], [ 76.829437611666634, 12.707074387472316 ], [ 76.829458923981804, 12.707158123465154 ], [ 76.829663540232673, 12.70753037198627 ], [ 76.829720393704505, 12.707563518850703 ], [ 76.829833174321536, 12.707629272989248 ], [ 76.829909311529931, 12.707673662895743 ], [ 76.829545123041257, 12.707759787327769 ], [ 76.829469230372823, 12.707777734817743 ], [ 76.82934008495937, 12.707851308779652 ], [ 76.829299774110083, 12.707874274038099 ], [ 76.829337979005373, 12.707909788503978 ], [ 76.829443101144008, 12.708007507754687 ], [ 76.829062597251379, 12.708208588422853 ], [ 76.829080492002149, 12.70827558750103 ], [ 76.829101399697706, 12.708306633237195 ], [ 76.829135277481996, 12.708356939621165 ], [ 76.829137661564957, 12.708360479916777 ], [ 76.829159044084832, 12.708414262002067 ], [ 76.82916870171286, 12.708438553855911 ], [ 76.82920614799589, 12.708527578309239 ], [ 76.829273547834035, 12.708687815637296 ], [ 76.829313386623909, 12.70878141613789 ], [ 76.829351075451314, 12.708869967060977 ], [ 76.829404728333543, 12.708996026119381 ], [ 76.829437826594273, 12.709087896073987 ], [ 76.829438569609422, 12.709089959008526 ], [ 76.829469235273905, 12.709174981729351 ], [ 76.829545247184129, 12.70938572938204 ], [ 76.82957843323517, 12.709493062148461 ], [ 76.829590136556305, 12.70951759294466 ], [ 76.829728409379115, 12.709674363715752 ], [ 76.829850493493893, 12.709877071529426 ], [ 76.829929769494427, 12.710043674846647 ], [ 76.830083191886274, 12.710329058542385 ], [ 76.830179916702846, 12.710537812699446 ], [ 76.830254809394845, 12.710836122200964 ], [ 76.830347810362127, 12.711124431844947 ], [ 76.830417670153651, 12.711483793671308 ], [ 76.830707748150303, 12.711896209810302 ], [ 76.830776167933593, 12.712011028016921 ], [ 76.830793681745817, 12.712040417587451 ], [ 76.830826002983315, 12.7121070908471 ], [ 76.830848962805661, 12.712155394283215 ], [ 76.830868518305394, 12.712158129031289 ], [ 76.831102742695904, 12.71213921042542 ], [ 76.831310876415259, 12.712121136182377 ], [ 76.831480187212051, 12.712100668070896 ], [ 76.831507337111603, 12.712105804319966 ], [ 76.831683711761826, 12.71212521489732 ], [ 76.831738255092532, 12.712130928347184 ], [ 76.83178307058526, 12.712135622543846 ], [ 76.831850583137708, 12.712142694364568 ], [ 76.832027079046938, 12.712112880850336 ], [ 76.832065357798129, 12.712106414877264 ], [ 76.832200746316332, 12.712083545034373 ], [ 76.832338216690374, 12.712060322689362 ], [ 76.832396998957805, 12.712050393238609 ], [ 76.832421731153516, 12.712042818694087 ], [ 76.832585953730373, 12.711992522972128 ], [ 76.83280560449856, 12.711925249824585 ], [ 76.832847152738694, 12.711912525337793 ], [ 76.832890160720851, 12.711899353279968 ], [ 76.832940416831647, 12.711875733880497 ], [ 76.833017611038414, 12.712250632854397 ], [ 76.833023867648194, 12.712289475923761 ], [ 76.833040831717454, 12.712394794251207 ], [ 76.833054722868496, 12.712481030514176 ], [ 76.833055753910898, 12.712487430924877 ], [ 76.833074029782708, 12.712607607944399 ], [ 76.833083798709595, 12.712671847183152 ], [ 76.833119722371322, 12.71287391939356 ], [ 76.83316926156661, 12.713189873717026 ], [ 76.833178839439043, 12.713250957948707 ], [ 76.833182740712417, 12.713279749981755 ], [ 76.833194811950378, 12.713368828823464 ], [ 76.833207193336619, 12.713460198637929 ], [ 76.83320942249378, 12.713476649033185 ], [ 76.833228887928271, 12.713586408815779 ], [ 76.833286445719835, 12.713578369453639 ], [ 76.83332021380464, 12.713728002176804 ], [ 76.833323533479373, 12.713742714115712 ], [ 76.833258419541195, 12.713752927129899 ], [ 76.833275289729443, 12.713833703259491 ], [ 76.833219322877227, 12.713846369384299 ], [ 76.833228432646379, 12.713902257780504 ], [ 76.833260057733654, 12.71389796171395 ], [ 76.833287954270546, 12.713894338600845 ], [ 76.833296696315173, 12.713893203440717 ], [ 76.833770876542204, 12.713831617720718 ], [ 76.833804179763831, 12.713827030686936 ], [ 76.833842789284944, 12.713819163854582 ], [ 76.833881398796422, 12.713811296113098 ], [ 76.83390098556778, 12.713900716979328 ], [ 76.833995204470753, 12.714143857015916 ], [ 76.834255434839619, 12.71468957032536 ], [ 76.834446631831653, 12.715011743159797 ], [ 76.834681384189736, 12.715306707914376 ], [ 76.834711794982667, 12.715382915087449 ], [ 76.834730227564904, 12.715414246685652 ], [ 76.834786862876058, 12.715510517192412 ], [ 76.834818263265277, 12.715567851925986 ], [ 76.834825855416483, 12.715581715348129 ], [ 76.834826729570224, 12.715583311857852 ], [ 76.834826814465458, 12.715583466735765 ], [ 76.834825899996261, 12.715583820152085 ], [ 76.834824412609365, 12.71558439536698 ], [ 76.834791856303696, 12.715596989286865 ], [ 76.834796826657865, 12.715607822106209 ], [ 76.834628162927871, 12.715674145957127 ], [ 76.834460026087484, 12.715740262694231 ], [ 76.834442058898262, 12.715747327863614 ], [ 76.8341670983407, 12.715855450831242 ], [ 76.834128399325124, 12.715871153113058 ], [ 76.834058182934669, 12.715899644506582 ], [ 76.83406723947985, 12.715930122702732 ], [ 76.834111791047349, 12.716080053879816 ], [ 76.834121274310135, 12.716111744824357 ], [ 76.834182136857464, 12.716315131862581 ], [ 76.834242271271947, 12.716516085269552 ], [ 76.834272232398732, 12.716616207475576 ], [ 76.834274319727427, 12.716627890913726 ], [ 76.834304494149009, 12.716796815114956 ], [ 76.834316681546767, 12.716865044345672 ], [ 76.834335584629002, 12.716974060318277 ], [ 76.834521766448148, 12.717016320081092 ], [ 76.834573519651698, 12.716888127541962 ], [ 76.834581407810504, 12.716868721087659 ], [ 76.834593480775297, 12.716864731895264 ], [ 76.834700552684481, 12.716823412374302 ], [ 76.834725163692752, 12.716813914970105 ], [ 76.834873354709941, 12.716731839062078 ], [ 76.83496633676728, 12.716680217068959 ], [ 76.835059318777382, 12.716628594144325 ], [ 76.835099652331962, 12.716606906728492 ], [ 76.835139985872559, 12.716585218403596 ], [ 76.835206096843066, 12.716549669710131 ], [ 76.835240073601682, 12.71653140043728 ], [ 76.835242447863763, 12.716550465584973 ], [ 76.835278599456316, 12.716532859149986 ], [ 76.835314716110602, 12.716787944030324 ], [ 76.835360241701494, 12.717118405190913 ], [ 76.835377556173029, 12.717277269577139 ], [ 76.835383972975706, 12.717336146573551 ], [ 76.83546885089703, 12.717961095045016 ], [ 76.835468855760112, 12.71796113116611 ], [ 76.835376944991538, 12.718031957701434 ], [ 76.835226606952943, 12.718147808350919 ], [ 76.835304266254951, 12.718207536017804 ], [ 76.835346188150353, 12.718239778649732 ], [ 76.834968364809797, 12.718786784821612 ], [ 76.834858750423876, 12.71895450299191 ], [ 76.834562631373601, 12.719407588689659 ], [ 76.834318179816876, 12.719703439074786 ], [ 76.834056765427391, 12.720025683113745 ], [ 76.834058007498641, 12.720114399278962 ], [ 76.834059673843996, 12.720233472588852 ], [ 76.83419470491188, 12.720833758564741 ], [ 76.834280921191265, 12.721214823363455 ], [ 76.834335193861278, 12.721438017046498 ], [ 76.834235869826585, 12.721725951755316 ], [ 76.834244868074308, 12.722173514602471 ], [ 76.83443405257232, 12.722185018858641 ], [ 76.834446383982666, 12.722186211543411 ], [ 76.834513273505536, 12.72219269460539 ], [ 76.834524268103877, 12.722193768193859 ], [ 76.834785061166556, 12.722219239134457 ], [ 76.834859863702675, 12.722226544960765 ], [ 76.834872134538486, 12.722227764256898 ], [ 76.835439576411787, 12.722284145124343 ], [ 76.835529839240209, 12.722292298130148 ], [ 76.835643754926721, 12.72230258756292 ], [ 76.835719230986427, 12.722319818376624 ], [ 76.835794706132788, 12.72233704917376 ], [ 76.836034155239631, 12.722355085098739 ], [ 76.836065745485001, 12.72235746478543 ], [ 76.836145727056689, 12.722363488813292 ], [ 76.83632034486395, 12.722376640976968 ], [ 76.836580736834662, 12.722396253099959 ], [ 76.836863273859962, 12.722417533616094 ], [ 76.836912329386777, 12.722421228348663 ], [ 76.836952372685104, 12.7224242443903 ], [ 76.837106643666672, 12.722435864046789 ], [ 76.837163185892521, 12.72244012234936 ], [ 76.837171890658354, 12.722441448517779 ], [ 76.837196923770222, 12.722445261880303 ], [ 76.837330027819647, 12.722464724629782 ], [ 76.837410525847176, 12.722476495093938 ], [ 76.83759223399376, 12.722503063952368 ], [ 76.837639154166382, 12.722512611441639 ], [ 76.837702299915719, 12.722525461181945 ], [ 76.837815795959003, 12.722540118247176 ], [ 76.837874545818181, 12.72255137599684 ], [ 76.838267913006447, 12.722626753550413 ], [ 76.838703515314805, 12.722713503568587 ], [ 76.839098396292172, 12.722794732702262 ], [ 76.839471031642645, 12.72287679810036 ], [ 76.839490455721872, 12.722882771559082 ], [ 76.839681382035863, 12.72294149143932 ], [ 76.839756622013113, 12.722964631258188 ], [ 76.839803775176605, 12.722974169492581 ], [ 76.840610802924431, 12.723137422017196 ], [ 76.841153984729786, 12.723247299522763 ], [ 76.841155879595149, 12.723247431875484 ], [ 76.841157145263992, 12.723247643622186 ], [ 76.841736080110749, 12.723315590494368 ], [ 76.841749237279714, 12.723316632467393 ], [ 76.841999961398614, 12.723336487063682 ], [ 76.842171865033137, 12.723350099716157 ], [ 76.842882824562338, 12.7234061131616 ], [ 76.84344620798565, 12.723448566003533 ], [ 76.84390487404427, 12.723483127294838 ], [ 76.84411693796396, 12.723499106528749 ], [ 76.844147494700294, 12.723501409260958 ], [ 76.844332101691208, 12.723514669922059 ], [ 76.844554134141859, 12.723532553434216 ], [ 76.844704713142079, 12.723540048206432 ], [ 76.844715489373925, 12.72354058417533 ], [ 76.845151519477497, 12.723569253135528 ], [ 76.845152428653662, 12.723569312784781 ], [ 76.845439295416071, 12.723588392577117 ], [ 76.845465700856991, 12.723591105505138 ], [ 76.845630792452852, 12.723608066943733 ], [ 76.845872338956397, 12.723632883390298 ], [ 76.84594086613869, 12.723639923304903 ], [ 76.845948817124977, 12.723695271151753 ], [ 76.846168861089737, 12.723742715347313 ], [ 76.846259215424368, 12.723762196587177 ], [ 76.846395684929703, 12.723770001119924 ], [ 76.84640432849254, 12.723770495844038 ], [ 76.847823221644305, 12.723851639000518 ], [ 76.847822246321371, 12.723847656151877 ], [ 76.847900965105609, 12.723857391175084 ], [ 76.847919752518465, 12.723859714101486 ], [ 76.847949902984652, 12.723862236145539 ], [ 76.849403779889485, 12.72398385377223 ], [ 76.84950613046108, 12.723992415504796 ], [ 76.84959046151117, 12.723997259795535 ], [ 76.849645812079075, 12.724000439042637 ], [ 76.849642348250015, 12.723648296755282 ] ] ] } },
{ "type": "Feature", "properties": { "OBJECTID": 18859, "KGISVillageID": 24133, "KGISVillageCode": "2205090001", "KGISVillageName": "Basaralu", "KGISHobliID": 120, "UniqueVillageCode": "2205090001_1", "Bhucode": "220501001003", "CensusVillageCode": "2957305550614349", "BhoomiVillageCode": "2205090001", "created_user": null, "created_date": null, "last_edited_user": null, "last_edited_date": null, "LGDGPCode": "219323", "LGDGPCode_Secondary": null, "Category": "Cadastral data available and has bhoomi linkage", "SHAPE.STArea()": 7287955.6270241449, "SHAPE.STLength()": 18278.118461371119, "LGD_VillageCode": 614349.0, "_overlap_percent": 99.999999999999886, "_police_station": "Basaralu PS", "_police_feature_index": "485", "_admin_layer": "Village", "_geometry_clipped": true }, "geometry": { "type": "Polygon", "coordinates": [ [ [ 76.832945984967267, 12.727848379085255 ], [ 76.832944581029082, 12.727753539414348 ], [ 76.832941539376435, 12.727547973464166 ], [ 76.832940213506731, 12.727458360329896 ], [ 76.832937074170061, 12.727246238378735 ], [ 76.832935071012898, 12.727110905864466 ], [ 76.832934679128982, 12.727084416150639 ], [ 76.832930170139704, 12.726777597088374 ], [ 76.83292392506263, 12.726352615367812 ], [ 76.832855706718163, 12.726335489130319 ], [ 76.832755476731435, 12.726310325738082 ], [ 76.832677487501797, 12.726290747076728 ], [ 76.832554515949226, 12.726259873947491 ], [ 76.832445674555984, 12.726232549205408 ], [ 76.832444835292094, 12.726232226003408 ], [ 76.832444652484, 12.72623215586249 ], [ 76.832361231373653, 12.726200062638361 ], [ 76.832353524758076, 12.726197097933936 ], [ 76.832334005695699, 12.726189588041175 ], [ 76.832215180803033, 12.726135318296022 ], [ 76.8322105001197, 12.726133180484069 ], [ 76.831989009770055, 12.726032022119513 ], [ 76.831828263557227, 12.725960727604479 ], [ 76.831817121332136, 12.725955785475344 ], [ 76.831637944315645, 12.725876316253009 ], [ 76.8314885510853, 12.725810057092623 ], [ 76.831448930331675, 12.725792484141897 ], [ 76.831448893387616, 12.725792468127697 ], [ 76.831248383116076, 12.725703349070539 ], [ 76.83111228164357, 12.725642857565223 ], [ 76.830938487905343, 12.725565613885928 ], [ 76.830935644397698, 12.725563775184002 ], [ 76.830910428404081, 12.725547471929367 ], [ 76.830818960788207, 12.72548833392735 ], [ 76.830729810372617, 12.725430692951649 ], [ 76.830583905289359, 12.725325915947135 ], [ 76.830575169555146, 12.725319642898125 ], [ 76.830575464441509, 12.725318522771575 ], [ 76.830504831932259, 12.725267191091397 ], [ 76.830499907839112, 12.725265387551911 ], [ 76.83049931332566, 12.725265169308292 ], [ 76.830498910735585, 12.72526488014023 ], [ 76.830498877597222, 12.725265009622818 ], [ 76.830368259863278, 12.725217161997923 ], [ 76.830181134015874, 12.725129068520808 ], [ 76.829919593230642, 12.725036983215734 ], [ 76.829715523781971, 12.724957534455255 ], [ 76.829706947898856, 12.724684281937082 ], [ 76.829697261205467, 12.72464886466202 ], [ 76.829622057598627, 12.724514283355324 ], [ 76.829286952455632, 12.724371424269231 ], [ 76.828694339303397, 12.724048472687095 ], [ 76.828663464760183, 12.72403164693818 ], [ 76.828517197123674, 12.723951873983063 ], [ 76.828485808581505, 12.723934755288274 ], [ 76.828466658675168, 12.723929001458751 ], [ 76.828464119684099, 12.72392738116821 ], [ 76.82845434757516, 12.723921145017107 ], [ 76.828454052621012, 12.723925213573741 ], [ 76.828453540664611, 12.723932279060485 ], [ 76.828411777772345, 12.723912510406636 ], [ 76.828388604950788, 12.723903632536647 ], [ 76.828262275749424, 12.723855233494689 ], [ 76.828266593300668, 12.723837273582497 ], [ 76.828274202015805, 12.723805627118891 ], [ 76.828243864636221, 12.723786147452527 ], [ 76.828247936277464, 12.723772419359776 ], [ 76.828262136321101, 12.723726998489521 ], [ 76.828271857086222, 12.723694439904138 ], [ 76.828305739070828, 12.72358096171418 ], [ 76.828287796368443, 12.723569951653543 ], [ 76.828152304154656, 12.723486813076297 ], [ 76.8278648767634, 12.723372868557814 ], [ 76.827526378199664, 12.723187424481205 ], [ 76.827536414973906, 12.723140733491897 ], [ 76.827555802998532, 12.723050497199637 ], [ 76.827569039998821, 12.722988859388368 ], [ 76.827643693445182, 12.722640761069913 ], [ 76.827747749944592, 12.72254372832691 ], [ 76.827757449519837, 12.722540356849196 ], [ 76.827848904706585, 12.722514148076549 ], [ 76.827930898530809, 12.722490634825999 ], [ 76.827998032067541, 12.722471382807349 ], [ 76.828063851298992, 12.72247277434502 ], [ 76.828134098937767, 12.722474260041722 ], [ 76.82820337414357, 12.722475724410311 ], [ 76.828261092586843, 12.722476944929372 ], [ 76.82849437346519, 12.722481877151582 ], [ 76.828543595810686, 12.722477096689646 ], [ 76.8285584293086, 12.722475655670802 ], [ 76.828596845334857, 12.722471925065021 ], [ 76.828608280988746, 12.722470814813233 ], [ 76.828653714386093, 12.722466394013123 ], [ 76.828653739341348, 12.72246640739894 ], [ 76.828672582371397, 12.722476123211122 ], [ 76.828696732686751, 12.722488575466418 ], [ 76.828710932786663, 12.722485342817389 ], [ 76.82879172778263, 12.722488575929962 ], [ 76.828846524371443, 12.722490768267724 ], [ 76.82885948371073, 12.722476533207328 ], [ 76.828997854216411, 12.722324541843221 ], [ 76.829009122068541, 12.722325585756673 ], [ 76.829029911917516, 12.722327906180174 ], [ 76.829068336567758, 12.722332196409718 ], [ 76.829109639838506, 12.722336807518476 ], [ 76.829240735153391, 12.722351442638045 ], [ 76.829437321663079, 12.722378748762351 ], [ 76.829819961704956, 12.722421664899505 ], [ 76.82984354490921, 12.72242422718227 ], [ 76.82990028135093, 12.722430392881051 ], [ 76.829900367849689, 12.722425119096933 ], [ 76.829940420990496, 12.722429628434714 ], [ 76.830111318810452, 12.722448867271378 ], [ 76.83014812748965, 12.722453011228977 ], [ 76.830345922764394, 12.722475277356708 ], [ 76.830377028635397, 12.722476996728885 ], [ 76.83039381996474, 12.722477924686364 ], [ 76.830507730202967, 12.722484219466029 ], [ 76.830637159667731, 12.722498679186081 ], [ 76.830657667581875, 12.722500970694472 ], [ 76.830693782502479, 12.722504921420221 ], [ 76.830697206855575, 12.722496988883908 ], [ 76.830733130308772, 12.722413758937479 ], [ 76.830775050034035, 12.722310451439242 ], [ 76.830776331781564, 12.722282603349914 ], [ 76.830776368059063, 12.722282012871359 ], [ 76.830836614559857, 12.722283216266092 ], [ 76.83111424477687, 12.722288760747189 ], [ 76.831555008211936, 12.722283886279186 ], [ 76.831668006794445, 12.722281707657929 ], [ 76.831678621990065, 12.722286492570564 ], [ 76.831695592420616, 12.722285051970655 ], [ 76.832190877634517, 12.722470950010766 ], [ 76.832250955402458, 12.722488925560281 ], [ 76.83228359011899, 12.722498536671942 ], [ 76.832310568107886, 12.722282242791607 ], [ 76.832525456032229, 12.722204026913861 ], [ 76.832714900035128, 12.722135072598855 ], [ 76.832798019532461, 12.722104818099933 ], [ 76.833044376844015, 12.722015148120356 ], [ 76.833604001904106, 12.721811451563863 ], [ 76.834088682531288, 12.721635032730822 ], [ 76.834173452000272, 12.721567283848271 ], [ 76.834335193861278, 12.721438017046498 ], [ 76.834280921191265, 12.721214823363455 ], [ 76.83419470491188, 12.720833758564741 ], [ 76.834059673843996, 12.720233472588852 ], [ 76.834058007498641, 12.720114399278962 ], [ 76.834056765427391, 12.720025683113745 ], [ 76.834318179816876, 12.719703439074786 ], [ 76.834562631373601, 12.719407588689659 ], [ 76.834858750423876, 12.71895450299191 ], [ 76.834968364809797, 12.718786784821612 ], [ 76.835346188150353, 12.718239778649732 ], [ 76.835304266254951, 12.718207536017804 ], [ 76.835226606952943, 12.718147808350919 ], [ 76.835376944991538, 12.718031957701434 ], [ 76.835468855760112, 12.71796113116611 ], [ 76.83546885089703, 12.717961095045016 ], [ 76.835383972975706, 12.717336146573551 ], [ 76.835377556173029, 12.717277269577139 ], [ 76.835360241701494, 12.717118405190913 ], [ 76.835314716110602, 12.716787944030324 ], [ 76.835278599456316, 12.716532859149986 ], [ 76.835242447863763, 12.716550465584973 ], [ 76.835240073601682, 12.71653140043728 ], [ 76.835206096843066, 12.716549669710131 ], [ 76.835139985872559, 12.716585218403596 ], [ 76.835099652331962, 12.716606906728492 ], [ 76.835059318777382, 12.716628594144325 ], [ 76.83496633676728, 12.716680217068959 ], [ 76.834873354709941, 12.716731839062078 ], [ 76.834725163692752, 12.716813914970105 ], [ 76.834700552684481, 12.716823412374302 ], [ 76.834593480775297, 12.716864731895264 ], [ 76.834581407810504, 12.716868721087659 ], [ 76.834573519651698, 12.716888127541962 ], [ 76.834521766448148, 12.717016320081092 ], [ 76.834335584629002, 12.716974060318277 ], [ 76.834316681546767, 12.716865044345672 ], [ 76.834304494149009, 12.716796815114956 ], [ 76.834274319727427, 12.716627890913726 ], [ 76.834272232398732, 12.716616207475576 ], [ 76.834242271271947, 12.716516085269552 ], [ 76.834182136857464, 12.716315131862581 ], [ 76.834121274310135, 12.716111744824357 ], [ 76.834111791047349, 12.716080053879816 ], [ 76.83406723947985, 12.715930122702732 ], [ 76.834058182934669, 12.715899644506582 ], [ 76.834128399325124, 12.715871153113058 ], [ 76.8341670983407, 12.715855450831242 ], [ 76.834442058898262, 12.715747327863614 ], [ 76.834460026087484, 12.715740262694231 ], [ 76.834628162927871, 12.715674145957127 ], [ 76.834796826657865, 12.715607822106209 ], [ 76.834791856303696, 12.715596989286865 ], [ 76.834824412609365, 12.71558439536698 ], [ 76.834825899996261, 12.715583820152085 ], [ 76.834826814465458, 12.715583466735765 ], [ 76.834826729570224, 12.715583311857852 ], [ 76.834825855416483, 12.715581715348129 ], [ 76.834818263265277, 12.715567851925986 ], [ 76.834786862876058, 12.715510517192412 ], [ 76.834730227564904, 12.715414246685652 ], [ 76.834711794982667, 12.715382915087449 ], [ 76.834681384189736, 12.715306707914376 ], [ 76.834446631831653, 12.715011743159797 ], [ 76.834255434839619, 12.71468957032536 ], [ 76.833995204470753, 12.714143857015916 ], [ 76.83390098556778, 12.713900716979328 ], [ 76.833881398796422, 12.713811296113098 ], [ 76.833842789284944, 12.713819163854582 ], [ 76.833804179763831, 12.713827030686936 ], [ 76.833770876542204, 12.713831617720718 ], [ 76.833296696315173, 12.713893203440717 ], [ 76.833287954270546, 12.713894338600845 ], [ 76.833260057733654, 12.71389796171395 ], [ 76.833228432646379, 12.713902257780504 ], [ 76.833219322877227, 12.713846369384299 ], [ 76.833275289729443, 12.713833703259491 ], [ 76.833258419541195, 12.713752927129899 ], [ 76.833323533479373, 12.713742714115712 ], [ 76.83332021380464, 12.713728002176804 ], [ 76.833286445719835, 12.713578369453639 ], [ 76.833228887928271, 12.713586408815779 ], [ 76.83320942249378, 12.713476649033185 ], [ 76.833207193336619, 12.713460198637929 ], [ 76.833194811950378, 12.713368828823464 ], [ 76.833182740712417, 12.713279749981755 ], [ 76.833178839439043, 12.713250957948707 ], [ 76.83316926156661, 12.713189873717026 ], [ 76.833119722371322, 12.71287391939356 ], [ 76.833083798709595, 12.712671847183152 ], [ 76.833074029782708, 12.712607607944399 ], [ 76.833055753910898, 12.712487430924877 ], [ 76.833054722868496, 12.712481030514176 ], [ 76.833040831717454, 12.712394794251207 ], [ 76.833023867648194, 12.712289475923761 ], [ 76.833017611038414, 12.712250632854397 ], [ 76.832940416831647, 12.711875733880497 ], [ 76.832890160720851, 12.711899353279968 ], [ 76.832847152738694, 12.711912525337793 ], [ 76.83280560449856, 12.711925249824585 ], [ 76.832585953730373, 12.711992522972128 ], [ 76.832421731153516, 12.712042818694087 ], [ 76.832396998957805, 12.712050393238609 ], [ 76.832338216690374, 12.712060322689362 ], [ 76.832200746316332, 12.712083545034373 ], [ 76.832065357798129, 12.712106414877264 ], [ 76.832027079046938, 12.712112880850336 ], [ 76.831850583137708, 12.712142694364568 ], [ 76.83178307058526, 12.712135622543846 ], [ 76.831738255092532, 12.712130928347184 ], [ 76.831683711761826, 12.71212521489732 ], [ 76.831507337111603, 12.712105804319966 ], [ 76.831480187212051, 12.712100668070896 ], [ 76.831310876415259, 12.712121136182377 ], [ 76.831102742695904, 12.71213921042542 ], [ 76.830868518305394, 12.712158129031289 ], [ 76.830848962805661, 12.712155394283215 ], [ 76.830826002983315, 12.7121070908471 ], [ 76.830793681745817, 12.712040417587451 ], [ 76.830776167933593, 12.712011028016921 ], [ 76.830707748150303, 12.711896209810302 ], [ 76.830417670153651, 12.711483793671308 ], [ 76.830347810362127, 12.711124431844947 ], [ 76.830254809394845, 12.710836122200964 ], [ 76.830179916702846, 12.710537812699446 ], [ 76.830083191886274, 12.710329058542385 ], [ 76.829929769494427, 12.710043674846647 ], [ 76.829850493493893, 12.709877071529426 ], [ 76.829728409379115, 12.709674363715752 ], [ 76.829590136556305, 12.70951759294466 ], [ 76.82957843323517, 12.709493062148461 ], [ 76.829545247184129, 12.70938572938204 ], [ 76.829469235273905, 12.709174981729351 ], [ 76.829438569609422, 12.709089959008526 ], [ 76.829437826594273, 12.709087896073987 ], [ 76.829404728333543, 12.708996026119381 ], [ 76.829351075451314, 12.708869967060977 ], [ 76.829313386623909, 12.70878141613789 ], [ 76.829273547834035, 12.708687815637296 ], [ 76.82920614799589, 12.708527578309239 ], [ 76.82916870171286, 12.708438553855911 ], [ 76.829159044084832, 12.708414262002067 ], [ 76.829137661564957, 12.708360479916777 ], [ 76.829135277481996, 12.708356939621165 ], [ 76.829101399697706, 12.708306633237195 ], [ 76.829080492002149, 12.70827558750103 ], [ 76.829062597251379, 12.708208588422853 ], [ 76.829443101144008, 12.708007507754687 ], [ 76.829337979005373, 12.707909788503978 ], [ 76.829299774110083, 12.707874274038099 ], [ 76.82934008495937, 12.707851308779652 ], [ 76.829469230372823, 12.707777734817743 ], [ 76.829545123041257, 12.707759787327769 ], [ 76.829909311529931, 12.707673662895743 ], [ 76.829833174321536, 12.707629272989248 ], [ 76.829720393704505, 12.707563518850703 ], [ 76.829663540232673, 12.70753037198627 ], [ 76.829458923981804, 12.707158123465154 ], [ 76.829437611666634, 12.707074387472316 ], [ 76.829372986309892, 12.706813292234724 ], [ 76.829306967505403, 12.706546572731142 ], [ 76.829274259472442, 12.706354511125527 ], [ 76.829271732915217, 12.706339677016278 ], [ 76.829210857038348, 12.705982218339006 ], [ 76.828764812964806, 12.705692009828079 ], [ 76.828203824578409, 12.7052972028541 ], [ 76.828130137277952, 12.705204780775784 ], [ 76.828099851473596, 12.705165779471237 ], [ 76.828069564758238, 12.705126778168205 ], [ 76.82784877879692, 12.704842455965403 ], [ 76.827694885140147, 12.704620835325699 ], [ 76.827374609455049, 12.704159608541811 ], [ 76.827280003964205, 12.704009757985524 ], [ 76.82727451216131, 12.703890056928287 ], [ 76.827268762033754, 12.703764738264578 ], [ 76.827263012841101, 12.703639419592529 ], [ 76.827292101693686, 12.70311350356755 ], [ 76.827287047710016, 12.703094745934798 ], [ 76.827252328104706, 12.702965889271887 ], [ 76.827246470251865, 12.702944147158973 ], [ 76.827227694717848, 12.70287446486334 ], [ 76.827078333495606, 12.70232012708567 ], [ 76.82710728775254, 12.702251048872325 ], [ 76.8273032821849, 12.701783451947447 ], [ 76.827317165011181, 12.701752588464485 ], [ 76.827333644874699, 12.70171591326273 ], [ 76.827771167485096, 12.700750057075787 ], [ 76.827741102686346, 12.700556112061204 ], [ 76.827740767074005, 12.700336250665721 ], [ 76.827740586825414, 12.700218135474268 ], [ 76.828010630926897, 12.700227375772677 ], [ 76.828283240605629, 12.700118476292015 ], [ 76.828152551670058, 12.699775995064513 ], [ 76.828149126252569, 12.69976701608055 ], [ 76.828027394871455, 12.699755132662863 ], [ 76.828006473456995, 12.699749213598977 ], [ 76.827926545237275, 12.699729188401907 ], [ 76.827854365166488, 12.699711104659007 ], [ 76.827830462658767, 12.699720505987527 ], [ 76.827736156256478, 12.6997575997494 ], [ 76.82752714970529, 12.699824097372717 ], [ 76.827459622506865, 12.699845572065687 ], [ 76.827442633341164, 12.699887232019261 ], [ 76.827250088287244, 12.700359388678763 ], [ 76.827245662066275, 12.700364573048461 ], [ 76.82712953117445, 12.700500588673208 ], [ 76.826991710896579, 12.70066200784604 ], [ 76.826737048987255, 12.701019461002598 ], [ 76.826128056937932, 12.701874261255819 ], [ 76.826072226972798, 12.701952625478546 ], [ 76.826037842076673, 12.702000888601489 ], [ 76.825957887594384, 12.702012478791392 ], [ 76.825797649041391, 12.702017223230088 ], [ 76.825755576144275, 12.702018469050273 ], [ 76.82563923017419, 12.701991473683302 ], [ 76.825602642956952, 12.701982984060006 ], [ 76.825587233838135, 12.701978947627504 ], [ 76.825537331773319, 12.701965877480607 ], [ 76.825476959888192, 12.701950064692571 ], [ 76.82546497460828, 12.701946924840158 ], [ 76.82540328503525, 12.701927207321926 ], [ 76.825384312526097, 12.70207749677542 ], [ 76.825374709252031, 12.702106774273355 ], [ 76.825362811568155, 12.702102622378508 ], [ 76.825361908003259, 12.702102306815467 ], [ 76.824826850417736, 12.701915596963419 ], [ 76.824749771534115, 12.701907773469115 ], [ 76.824203546338254, 12.701852332950866 ], [ 76.824198539752473, 12.701812950269822 ], [ 76.824193131285526, 12.70177040226806 ], [ 76.824184710977278, 12.701724569500582 ], [ 76.824163780424172, 12.701610640705752 ], [ 76.823940502819482, 12.70141777282856 ], [ 76.823645423277299, 12.701162880751861 ], [ 76.823633252924381, 12.701159988838798 ], [ 76.82346341766052, 12.701119635605009 ], [ 76.823298708972303, 12.701080499799595 ], [ 76.823272332973858, 12.701074232792699 ], [ 76.823266304082978, 12.701072868693059 ], [ 76.823233409817703, 12.701065423527915 ], [ 76.823177143690174, 12.701031315528063 ], [ 76.82317012845661, 12.701027063088658 ], [ 76.823168894526106, 12.700853960342068 ], [ 76.823168250478091, 12.700789181266115 ], [ 76.823168019054975, 12.700765885453436 ], [ 76.823166742982167, 12.700637625183575 ], [ 76.823163784489694, 12.700340108521159 ], [ 76.823153088371711, 12.700331568072633 ], [ 76.82300546219129, 12.70021369279122 ], [ 76.822938830963437, 12.700160489226311 ], [ 76.822753558463759, 12.700012553675135 ], [ 76.822706230666341, 12.699974763209179 ], [ 76.82265615109003, 12.699934776233057 ], [ 76.822650955814979, 12.699930626970206 ], [ 76.822608640793689, 12.699893075926667 ], [ 76.822572097866527, 12.699860647268105 ], [ 76.822566874273448, 12.699856011912265 ], [ 76.822546092003364, 12.699837569144062 ], [ 76.822536308440519, 12.699828922067175 ], [ 76.822402975946474, 12.699711075648635 ], [ 76.822339275386938, 12.699654774072522 ], [ 76.822296346361398, 12.699616831285237 ], [ 76.822267083734857, 12.699590967147268 ], [ 76.822231692505113, 12.69955968657929 ], [ 76.822196302210941, 12.699528406902854 ], [ 76.822172280655124, 12.699507175285131 ], [ 76.82203131062947, 12.699457019967154 ], [ 76.821967681084459, 12.699431607776784 ], [ 76.821904050629726, 12.699406195575703 ], [ 76.821863297747214, 12.699389919956401 ], [ 76.821822545796195, 12.69937364522764 ], [ 76.82180988886337, 12.699368345014326 ], [ 76.8218082222063, 12.699385753370223 ], [ 76.82178572695031, 12.6994238326591 ], [ 76.821737830913577, 12.699504907479639 ], [ 76.821737115914075, 12.699506118159531 ], [ 76.821681140138168, 12.699600869862179 ], [ 76.821680861835603, 12.699600832002082 ], [ 76.82167776343303, 12.699606585657872 ], [ 76.821642031419046, 12.699677144420281 ], [ 76.821635215119315, 12.69969060474215 ], [ 76.821597452139287, 12.699764651945202 ], [ 76.821577646787574, 12.699803486477357 ], [ 76.821486489179549, 12.699792301251017 ], [ 76.821326331952761, 12.699772649333831 ], [ 76.821326440951808, 12.699771795325963 ], [ 76.82133474915598, 12.699706679958068 ], [ 76.821343058272362, 12.699641563680036 ], [ 76.821348201221028, 12.699601259763549 ], [ 76.821368105845693, 12.699316608021244 ], [ 76.821376756103717, 12.699258933731654 ], [ 76.821383989225325, 12.699185446803899 ], [ 76.821391223259866, 12.699111958965995 ], [ 76.821395543420053, 12.699068072305423 ], [ 76.82140970148825, 12.698924236113754 ], [ 76.821412697196678, 12.698891905570408 ], [ 76.821415780163761, 12.69885864162724 ], [ 76.821417197647463, 12.698843342821229 ], [ 76.821418116260773, 12.698833361331269 ], [ 76.821421219159703, 12.69879966429426 ], [ 76.821421256737551, 12.698799252772378 ], [ 76.821425023593108, 12.698758340048679 ], [ 76.821427208562653, 12.698694637887774 ], [ 76.821431483902799, 12.698569980192756 ], [ 76.821431607476953, 12.698566389145638 ], [ 76.821426327309823, 12.698542293679722 ], [ 76.821421205078025, 12.698518915711725 ], [ 76.821380388124254, 12.698332632033285 ], [ 76.821367742909416, 12.698274918598729 ], [ 76.821287364890253, 12.698256397504341 ], [ 76.821158427543836, 12.698226686078446 ], [ 76.821121881734385, 12.698237763495388 ], [ 76.821021225944307, 12.698268273076145 ], [ 76.820952798787076, 12.698255973513795 ], [ 76.820947011639035, 12.698254933088032 ], [ 76.820922749501975, 12.698250572036049 ], [ 76.820919924102469, 12.69827282227982 ], [ 76.820805553574317, 12.698255214881538 ], [ 76.820723517101044, 12.698242585613501 ], [ 76.820549496187923, 12.698225920609845 ], [ 76.820512139927771, 12.698222343519291 ], [ 76.820160624417639, 12.698219269827669 ], [ 76.82004766074644, 12.69822406227944 ], [ 76.820020230428938, 12.698225225675964 ], [ 76.819931229162876, 12.6982290022959 ], [ 76.8198313133733, 12.698233241491728 ], [ 76.819627963233586, 12.698241867727281 ], [ 76.819550242185116, 12.698238484093599 ], [ 76.819455756703945, 12.698234370242936 ], [ 76.819345201164779, 12.698229556648256 ], [ 76.819326920905056, 12.698227855226094 ], [ 76.818765070331338, 12.698175559113441 ], [ 76.818570266481672, 12.698157654990556 ], [ 76.818535258854965, 12.698153831937844 ], [ 76.818513114769971, 12.698151364232388 ], [ 76.818292921462259, 12.69812682676196 ], [ 76.818116096808424, 12.698107121517772 ], [ 76.817917214691235, 12.698084957744616 ], [ 76.817798355877827, 12.698071712044316 ], [ 76.817730895401056, 12.698064194654593 ], [ 76.817710271574271, 12.698061896339519 ], [ 76.817377391159226, 12.697970934605097 ], [ 76.817298347595639, 12.697949335348101 ], [ 76.816976919630349, 12.697816178413042 ], [ 76.81689600820765, 12.697782658802289 ], [ 76.816639414573004, 12.697676360129709 ], [ 76.81662359019073, 12.697669804142551 ], [ 76.816565090291505, 12.697647627456776 ], [ 76.81650179725392, 12.69762138537385 ], [ 76.816359724241948, 12.697562019254637 ], [ 76.816151536903845, 12.697475161134104 ], [ 76.81611553015496, 12.697460139189069 ], [ 76.815897168379507, 12.697369037153667 ], [ 76.815556660290653, 12.697233883822385 ], [ 76.815393479721862, 12.697152248909983 ], [ 76.815340618652641, 12.697126405182377 ], [ 76.815150358635734, 12.697039438029284 ], [ 76.815075285068716, 12.697001334070213 ], [ 76.814924709095067, 12.696928127181472 ], [ 76.814600420358829, 12.696770462516895 ], [ 76.814565665599332, 12.696776695556528 ], [ 76.81412966280611, 12.696854895040104 ], [ 76.814117226149534, 12.696857125854827 ], [ 76.814069119830336, 12.696865753174951 ], [ 76.814043741726451, 12.696870305020987 ], [ 76.814019929466468, 12.69687457590274 ], [ 76.813924889132906, 12.696891621827845 ], [ 76.813921233522692, 12.696892042710367 ], [ 76.813924120242618, 12.69692341294081 ], [ 76.813910891316752, 12.697123466098581 ], [ 76.813916767995835, 12.697234916870585 ], [ 76.813927928025777, 12.697446584520115 ], [ 76.813937986068353, 12.697637343000176 ], [ 76.813939086349976, 12.697772787373596 ], [ 76.813941647942514, 12.698087966496226 ], [ 76.813940945694995, 12.698114351947043 ], [ 76.813934760765306, 12.698346620958672 ], [ 76.81392723472598, 12.698629300403731 ], [ 76.813907521905278, 12.698808589639141 ], [ 76.813904711101699, 12.698834154315957 ], [ 76.813916468515103, 12.698945670628939 ], [ 76.813920699882928, 12.698985803819363 ], [ 76.813936773590328, 12.699138259902401 ], [ 76.813938824650748, 12.699157716367425 ], [ 76.81395593579721, 12.699320016744187 ], [ 76.813956324062275, 12.699322318984818 ], [ 76.81396322901945, 12.699363234734511 ], [ 76.813970133979723, 12.699404150483627 ], [ 76.813990320607203, 12.699496803935075 ], [ 76.814037734662975, 12.699701796207568 ], [ 76.814075628507226, 12.699837737441593 ], [ 76.814100073019375, 12.699925432002477 ], [ 76.814232355788235, 12.700399989345378 ], [ 76.814308477536272, 12.700673071556114 ], [ 76.814338300908489, 12.700926923894505 ], [ 76.814347261254412, 12.701003191673349 ], [ 76.81400122608953, 12.701073065658223 ], [ 76.813952359945176, 12.70108163226843 ], [ 76.813803801111334, 12.701107677172443 ], [ 76.813493288875691, 12.701162113471009 ], [ 76.813503008851228, 12.701203630052921 ], [ 76.813511558198599, 12.701341417889237 ], [ 76.813524057353291, 12.701542853478053 ], [ 76.81352504581713, 12.70158318780361 ], [ 76.813635692400965, 12.702122495432238 ], [ 76.813656703401065, 12.70222490695882 ], [ 76.813661277878694, 12.702247201529429 ], [ 76.813629328164652, 12.70224845396924 ], [ 76.813501410991094, 12.702261057997223 ], [ 76.813422175939792, 12.702279489174384 ], [ 76.813431222556389, 12.702431824270311 ], [ 76.813413606581008, 12.702433613238892 ], [ 76.813417314315529, 12.702461954371843 ], [ 76.813422552350943, 12.702473311980791 ], [ 76.813453453204858, 12.702540312403698 ], [ 76.813462968999872, 12.702560944411601 ], [ 76.813434499837115, 12.702566295640581 ], [ 76.813432403541114, 12.702566689598767 ], [ 76.813401837159915, 12.702572434788864 ], [ 76.813395569419868, 12.702573612902539 ], [ 76.813374654271882, 12.702577544018917 ], [ 76.813081630657422, 12.702632621603653 ], [ 76.813027629859491, 12.702642771521221 ], [ 76.812970125867778, 12.702623038673515 ], [ 76.812927858049449, 12.702620226289495 ], [ 76.812820835874533, 12.702613103759049 ], [ 76.812693992987676, 12.702656771884833 ], [ 76.812546814440353, 12.702724831812553 ], [ 76.812266028834401, 12.702766298353909 ], [ 76.811661191777659, 12.702832440866587 ], [ 76.811632937785575, 12.702839717515729 ], [ 76.811604682870893, 12.702846994168361 ], [ 76.811575804834803, 12.702863781190603 ], [ 76.811539836941293, 12.702868627541648 ], [ 76.811505871181595, 12.702868494294428 ], [ 76.811487569890829, 12.702868423113001 ], [ 76.811448546837283, 12.702868271060305 ], [ 76.811043484308598, 12.702857233262911 ], [ 76.810770653005889, 12.702846493624985 ], [ 76.810208416697279, 12.70282436189777 ], [ 76.809696983377236, 12.702804228912022 ], [ 76.80952418611858, 12.702797426254437 ], [ 76.809403613437567, 12.702811234667164 ], [ 76.809334035986907, 12.702819202362759 ], [ 76.809052360166859, 12.702851459280625 ], [ 76.809057428781273, 12.702929080858198 ], [ 76.80909814480961, 12.703028244726823 ], [ 76.809109498802471, 12.70305589750599 ], [ 76.809120852798117, 12.703083550284282 ], [ 76.809124791095954, 12.703093141639025 ], [ 76.809128633192756, 12.70310969625427 ], [ 76.809130671044812, 12.703118477131614 ], [ 76.809150748443415, 12.703204973711539 ], [ 76.809153032243358, 12.703214814068929 ], [ 76.809072774578866, 12.703237292252947 ], [ 76.808976952714758, 12.703264130211901 ], [ 76.808963327273133, 12.703267946210001 ], [ 76.80869915647358, 12.703286696057681 ], [ 76.808103189396405, 12.703328995421726 ], [ 76.808099817793419, 12.70332923442851 ], [ 76.807756343072967, 12.703384061788777 ], [ 76.807732172142522, 12.703383417516349 ], [ 76.807727298173091, 12.703383287124907 ], [ 76.807530800857606, 12.703384568139628 ], [ 76.807494556180657, 12.703384804235551 ], [ 76.807385157461326, 12.703385517021959 ], [ 76.807243689968047, 12.7033864382812 ], [ 76.806927700201598, 12.703388496672826 ], [ 76.806920263460839, 12.703388545516621 ], [ 76.806627642581773, 12.703390451616032 ], [ 76.806579138791136, 12.703390484538613 ], [ 76.806571994504381, 12.703390488898615 ], [ 76.80655408634945, 12.703390952514402 ], [ 76.806536178194278, 12.703391416129001 ], [ 76.806523873140947, 12.703390963013607 ], [ 76.806522989996381, 12.703390930160374 ], [ 76.806504867622394, 12.70339026266571 ], [ 76.806503175423359, 12.703393125940618 ], [ 76.806494870632662, 12.7033907176012 ], [ 76.806485511344093, 12.703388000082747 ], [ 76.806481752865679, 12.703386908475608 ], [ 76.806451081647879, 12.70337799442887 ], [ 76.806450667156298, 12.703377706200779 ], [ 76.80644780750788, 12.703377043240712 ], [ 76.806440467816941, 12.703390830437851 ], [ 76.806333271795623, 12.703592202570393 ], [ 76.806322555736841, 12.703636315447165 ], [ 76.806270652870467, 12.703849975393226 ], [ 76.806247659571952, 12.703944629347742 ], [ 76.806134834271319, 12.70392324514229 ], [ 76.805841051396186, 12.703590979923815 ], [ 76.805838927037499, 12.703588577399422 ], [ 76.805772522757209, 12.703597601837727 ], [ 76.805739336252145, 12.703602112136664 ], [ 76.805642318066731, 12.703615296698793 ], [ 76.805444571272233, 12.703642170934 ], [ 76.805320505120903, 12.703659032064161 ], [ 76.805251661574133, 12.703669436936742 ], [ 76.805227383868399, 12.703673106499098 ], [ 76.804990333575674, 12.703708932371606 ], [ 76.80472431509682, 12.703749137380747 ], [ 76.80470592010289, 12.703715978792381 ], [ 76.804703178480054, 12.703711036926734 ], [ 76.804676888898868, 12.703675932648599 ], [ 76.804668067777357, 12.703664154484368 ], [ 76.804665391958508, 12.703660970225258 ], [ 76.804618394244272, 12.703605033982665 ], [ 76.804600405346662, 12.703583624923759 ], [ 76.804160549527609, 12.703060118379378 ], [ 76.803965786661678, 12.702828315583302 ], [ 76.803788569111376, 12.702617393261308 ], [ 76.803727947695975, 12.702545242448069 ], [ 76.803703926790348, 12.702516652277573 ], [ 76.803698461777572, 12.702510779832771 ], [ 76.803514308444264, 12.702312911319872 ], [ 76.803436811218845, 12.702217997808106 ], [ 76.803225619987842, 12.701959343066365 ], [ 76.803154788469456, 12.701894584745224 ], [ 76.802735559800155, 12.701511531477321 ], [ 76.80271761202539, 12.701498002040326 ], [ 76.801944339252657, 12.700918167734244 ], [ 76.801676669412032, 12.700717391106997 ], [ 76.801133783177931, 12.700310176439702 ], [ 76.801134122462642, 12.700305015659442 ], [ 76.801138297224981, 12.700241419733022 ], [ 76.800394204308802, 12.7002467928841 ], [ 76.800214060470879, 12.700248093699845 ], [ 76.800033915693476, 12.700249394399712 ], [ 76.799870531270585, 12.700252645772263 ], [ 76.799799663459055, 12.700253726627242 ], [ 76.799323666871516, 12.700260986912506 ], [ 76.799247536232556, 12.700262147596773 ], [ 76.799703362102292, 12.703323372864507 ], [ 76.799682687591627, 12.703334214225547 ], [ 76.79939694391885, 12.703483964124706 ], [ 76.799225864639979, 12.703573622173636 ], [ 76.799150940920839, 12.703612860939343 ], [ 76.799076017176574, 12.703652099686872 ], [ 76.799043556300163, 12.703669095956501 ], [ 76.799044688469223, 12.703674033443058 ], [ 76.799074975801133, 12.703806103734548 ], [ 76.799118172965066, 12.70399447272384 ], [ 76.799128772803087, 12.704040694296429 ], [ 76.799132383959304, 12.704056439916402 ], [ 76.799143659136149, 12.704105609001218 ], [ 76.799164139836648, 12.70419491691427 ], [ 76.799182890007813, 12.704276679164204 ], [ 76.799183629915063, 12.704279906444535 ], [ 76.799190561612207, 12.704310131498728 ], [ 76.799192771843209, 12.704310744709526 ], [ 76.799256461003438, 12.704568395863044 ], [ 76.799261842685794, 12.704585851373761 ], [ 76.799297472810281, 12.704701419263538 ], [ 76.799280768017439, 12.704703484060612 ], [ 76.799361494670947, 12.705055499233314 ], [ 76.79939134267714, 12.705185654367565 ], [ 76.799465864528869, 12.705510609418882 ], [ 76.799475755953424, 12.705553739951695 ], [ 76.799539611586638, 12.70583218733163 ], [ 76.799547947885287, 12.705868888217868 ], [ 76.799556639589497, 12.705896305587121 ], [ 76.799603970882913, 12.706045612001175 ], [ 76.799632511107106, 12.70613564067845 ], [ 76.799651012231095, 12.706194002920892 ], [ 76.799680896155976, 12.706288273447969 ], [ 76.799683637099193, 12.706296919504151 ], [ 76.799695477424905, 12.706338968400734 ], [ 76.799766139035668, 12.706589924777621 ], [ 76.799896049129387, 12.707051297835317 ], [ 76.799956279648441, 12.707265205902681 ], [ 76.800050945768461, 12.707601406495563 ], [ 76.800071466208621, 12.7076742849393 ], [ 76.800124758412124, 12.707863551273229 ], [ 76.80014190492227, 12.707924445384551 ], [ 76.800188596603135, 12.708090268111944 ], [ 76.800211338121301, 12.708171033226508 ], [ 76.800254246094269, 12.708323416424243 ], [ 76.80027840601231, 12.708409220100535 ], [ 76.800292497790466, 12.708459263892124 ], [ 76.800293651741327, 12.708463364219771 ], [ 76.800322533800355, 12.708507590526077 ], [ 76.800341448806577, 12.708536555491763 ], [ 76.800360755326707, 12.708606334569852 ], [ 76.80051200770464, 12.708854816321944 ], [ 76.800507803916517, 12.708856652635147 ], [ 76.800474594000676, 12.708871161314992 ], [ 76.800493180145509, 12.708896173092219 ], [ 76.800562991621078, 12.708990119905145 ], [ 76.800662416221385, 12.709074297985111 ], [ 76.800764259211988, 12.709160523167382 ], [ 76.800884876731729, 12.70925953822999 ], [ 76.800912147360293, 12.709276654303078 ], [ 76.80091466829515, 12.709278237060161 ], [ 76.801014376434594, 12.709340820131304 ], [ 76.801076071780784, 12.709379542965763 ], [ 76.801079549859537, 12.709381726631195 ], [ 76.801080565267654, 12.709423520821252 ], [ 76.801082067261419, 12.709444476242775 ], [ 76.801083771337787, 12.709468239567663 ], [ 76.801092491957505, 12.709589862298863 ], [ 76.801094694372949, 12.709620584867929 ], [ 76.801107916806771, 12.709804998863202 ], [ 76.801109390222464, 12.709825555864098 ], [ 76.801115801362997, 12.709914976183873 ], [ 76.801117942416838, 12.70993633672312 ], [ 76.801125221145611, 12.710008945207099 ], [ 76.801125257926685, 12.710008938630081 ], [ 76.801131925662617, 12.710064480483679 ], [ 76.80140622642088, 12.71000280617004 ], [ 76.801529246831322, 12.709973842401457 ], [ 76.801783510354298, 12.709913979654228 ], [ 76.801928008367952, 12.709911520823752 ], [ 76.802065045108293, 12.709909188547373 ], [ 76.802238016552892, 12.709915919273051 ], [ 76.802367111755714, 12.709920942397236 ], [ 76.802426426938865, 12.709927086059423 ], [ 76.802426001565365, 12.710177477696348 ], [ 76.802429085503192, 12.71030797408204 ], [ 76.802430882370473, 12.710384038234698 ], [ 76.802415258864499, 12.71042001600725 ], [ 76.802540333612328, 12.710481944193305 ], [ 76.802562671067321, 12.710493004128514 ], [ 76.802626956967117, 12.710524833071476 ], [ 76.802755157404434, 12.710588308132701 ], [ 76.802944558623039, 12.710598518668391 ], [ 76.803050238458141, 12.710604215841215 ], [ 76.803446360072172, 12.710625570672644 ], [ 76.803727626740553, 12.710646772522759 ], [ 76.80378359781227, 12.710684696573182 ], [ 76.803894423389451, 12.710759787542182 ], [ 76.803899580432727, 12.710797522158341 ], [ 76.803915603972797, 12.710914767127454 ], [ 76.803931155422575, 12.711027736317488 ], [ 76.803973742429747, 12.711025469778304 ], [ 76.80399192028419, 12.711091174168111 ], [ 76.804009081562114, 12.711153205759986 ], [ 76.80403595440437, 12.711250338687107 ], [ 76.804059125552428, 12.711334091291738 ], [ 76.804067548420321, 12.711364535546211 ], [ 76.804075970363641, 12.711394978902495 ], [ 76.80410052472574, 12.711483730508586 ], [ 76.80414298306556, 12.711637195875777 ], [ 76.804158272780896, 12.711692461956101 ], [ 76.804172826508719, 12.711745068392958 ], [ 76.804258185565985, 12.711762408834716 ], [ 76.804293499596909, 12.711769583075561 ], [ 76.804342197368655, 12.711781663803258 ], [ 76.804389575347841, 12.711911031523671 ], [ 76.804401198537548, 12.711942770033227 ], [ 76.804530606559851, 12.712296125836126 ], [ 76.804595104756146, 12.712407852465194 ], [ 76.8046905616727, 12.712573206353021 ], [ 76.804727220708315, 12.712622450761669 ], [ 76.805130744362543, 12.713162422257412 ], [ 76.806007971659724, 12.714118612107585 ], [ 76.806074869305462, 12.714225629817429 ], [ 76.80720068001969, 12.718581661065832 ], [ 76.807206221425361, 12.718606200734202 ], [ 76.808490628745616, 12.719278356746736 ], [ 76.808665997423134, 12.719370129450319 ], [ 76.808713952080993, 12.719386650477686 ], [ 76.808761906750405, 12.719403172399351 ], [ 76.809531624694614, 12.719469994513732 ], [ 76.809536616071057, 12.719474826923554 ], [ 76.809583053408403, 12.71951681052998 ], [ 76.809715572711525, 12.719599011033665 ], [ 76.809714030278428, 12.71974735385022 ], [ 76.809670556917951, 12.719808959192944 ], [ 76.809566399790825, 12.719956556602877 ], [ 76.809597745477333, 12.719968878458319 ], [ 76.809531803318052, 12.72011370841474 ], [ 76.809514685595431, 12.720137785391666 ], [ 76.809490552854356, 12.72017172913322 ], [ 76.809402651336541, 12.720295363882409 ], [ 76.809507293603431, 12.720384856601138 ], [ 76.809588873666129, 12.72044185498047 ], [ 76.809657982603156, 12.7204889777388 ], [ 76.809722597777252, 12.720538343869038 ], [ 76.809783822573124, 12.720586626787632 ], [ 76.809838220428588, 12.72062610100101 ], [ 76.809908191615818, 12.720675743234251 ], [ 76.809948703555051, 12.720704485589453 ], [ 76.809979856366553, 12.720725302469695 ], [ 76.810022208331162, 12.720735527995894 ], [ 76.810105781439503, 12.720755433577065 ], [ 76.81019029498303, 12.720777859051449 ], [ 76.810227776208805, 12.720787805076794 ], [ 76.810291020494944, 12.720802869102437 ], [ 76.810346240408578, 12.720819059942054 ], [ 76.810406385510916, 12.720846454158908 ], [ 76.81047440388113, 12.720862315278978 ], [ 76.810504762362285, 12.720869394918058 ], [ 76.810743673880438, 12.720938231492784 ], [ 76.810816768257482, 12.720959291295575 ], [ 76.810877456146216, 12.720977914949561 ], [ 76.810968922633947, 12.721009104563912 ], [ 76.811034243722062, 12.721031378918662 ], [ 76.811049201023465, 12.721035299850961 ], [ 76.811053790145507, 12.721036503182843 ], [ 76.811145964585961, 12.721060666549972 ], [ 76.811236741547717, 12.721084463421912 ], [ 76.811270530106384, 12.721130922364795 ], [ 76.811400153368339, 12.721020012294662 ], [ 76.811506466065808, 12.721095521396707 ], [ 76.811547731044527, 12.721094886745359 ], [ 76.811804335578543, 12.7210909357088 ], [ 76.812679481559897, 12.721078484324902 ], [ 76.81269331214699, 12.721078287563177 ], [ 76.812704862342017, 12.721078123576131 ], [ 76.812714602578254, 12.721077984626119 ], [ 76.812724159524407, 12.721085747740208 ], [ 76.812730263578828, 12.721095559167797 ], [ 76.812733840882785, 12.721101308674669 ], [ 76.812831499266323, 12.721258275260507 ], [ 76.812881633799236, 12.72133885744849 ], [ 76.812895128129142, 12.721360547702663 ], [ 76.813011605417373, 12.721362564454047 ], [ 76.813085143268978, 12.721363838253145 ], [ 76.813088609301616, 12.721375440229574 ], [ 76.813200117776745, 12.721748710481258 ], [ 76.81335601136756, 12.722133301627034 ], [ 76.813368237285871, 12.72216462141648 ], [ 76.813430751055876, 12.722324759502925 ], [ 76.813439428394304, 12.722346987052251 ], [ 76.81345863989965, 12.722396199208804 ], [ 76.813491917304191, 12.722481444026471 ], [ 76.813566140501663, 12.722606767639379 ], [ 76.813726596574213, 12.722877690613009 ], [ 76.81373872045485, 12.722893856638363 ], [ 76.813819119591898, 12.723001346814444 ], [ 76.81396110940689, 12.723191180694004 ], [ 76.814004935269622, 12.723249773718118 ], [ 76.814082296035195, 12.723354902868362 ], [ 76.814172696936112, 12.723477753612283 ], [ 76.814324995472404, 12.72368257162471 ], [ 76.814346738217878, 12.723711812317418 ], [ 76.814350820660863, 12.723710636430161 ], [ 76.814373543803455, 12.723704094891637 ], [ 76.814408969104775, 12.723693895125043 ], [ 76.814448052163812, 12.723659299023328 ], [ 76.814549593956713, 12.723569415086581 ], [ 76.814701212952684, 12.72343520173486 ], [ 76.814720010304697, 12.723424806713853 ], [ 76.814797601635988, 12.723381897732031 ], [ 76.814900119399326, 12.723325203742846 ], [ 76.815008045418068, 12.723262286522059 ], [ 76.815196125420911, 12.72315264181497 ], [ 76.815224254124061, 12.723204639903635 ], [ 76.815308241926587, 12.723359898402745 ], [ 76.815407716586733, 12.72354378591657 ], [ 76.815392607241037, 12.723563050774203 ], [ 76.815424625269742, 12.723610268680371 ], [ 76.815920563026324, 12.723977284015195 ], [ 76.816055035780252, 12.72408228124311 ], [ 76.816057518840239, 12.724079024721719 ], [ 76.81610319043979, 12.724085197827327 ], [ 76.816094540196403, 12.724030064549881 ], [ 76.816140950391315, 12.724019179124964 ], [ 76.816151522679306, 12.724070107940758 ], [ 76.816699013394242, 12.723938275138522 ], [ 76.816959967205591, 12.723868922312635 ], [ 76.817229251490829, 12.723797356351923 ], [ 76.817257330122146, 12.723787928813712 ], [ 76.817689544533678, 12.723642809724691 ], [ 76.81771934996641, 12.723632802657981 ], [ 76.81778277731307, 12.723611505937175 ], [ 76.818071476657721, 12.723535844261315 ], [ 76.818160288098383, 12.723512569102093 ], [ 76.818615647760041, 12.723454862759061 ], [ 76.81889828480081, 12.723419045863267 ], [ 76.81891512900512, 12.723416910946256 ], [ 76.81893296025612, 12.723414650842956 ], [ 76.818955607127265, 12.723413714390949 ], [ 76.818964841990663, 12.72341061033951 ], [ 76.818998019168063, 12.723399460083463 ], [ 76.819012044143548, 12.723394745874225 ], [ 76.819168654682173, 12.723342109711732 ], [ 76.819180583660881, 12.723340696382589 ], [ 76.819188522094407, 12.723339395421583 ], [ 76.819779911126602, 12.72324247199654 ], [ 76.81996544785666, 12.723212063657813 ], [ 76.820050425890599, 12.723215772338071 ], [ 76.820465455143932, 12.723199977960986 ], [ 76.820557723532588, 12.723196466835397 ], [ 76.820819210285649, 12.723171822400779 ], [ 76.821154646798945, 12.723139827913743 ], [ 76.821202099818876, 12.723135286012628 ], [ 76.821202814361683, 12.723083666194437 ], [ 76.821769605405805, 12.722972571231598 ], [ 76.8221904511703, 12.722862639012277 ], [ 76.822285491411193, 12.722837812941478 ], [ 76.822382279580026, 12.722949387624229 ], [ 76.822417822843192, 12.72299036071515 ], [ 76.822712278346103, 12.723329800718721 ], [ 76.823097312670939, 12.723773653471175 ], [ 76.823595210225818, 12.724275003092798 ], [ 76.82401344504693, 12.724696133522594 ], [ 76.824337609148571, 12.725022540592654 ], [ 76.824460643553749, 12.725232274977079 ], [ 76.824527295236578, 12.725345893777748 ], [ 76.8246319957682, 12.725524371833986 ], [ 76.824905653890283, 12.725990864751459 ], [ 76.824966954850979, 12.726095361301267 ], [ 76.824976992259792, 12.726113073139251 ], [ 76.82501029102805, 12.726107857923308 ], [ 76.825361061062154, 12.726052921984389 ], [ 76.825491541081334, 12.72603248727137 ], [ 76.825596659359149, 12.726016023580483 ], [ 76.825608293400222, 12.726055110930073 ], [ 76.825912950649553, 12.727078656402151 ], [ 76.825931787766791, 12.727141944070654 ], [ 76.825934626487438, 12.727151480244743 ], [ 76.825950868272855, 12.727206046255599 ], [ 76.825947439029491, 12.727216540365164 ], [ 76.825944826999006, 12.727224533246643 ], [ 76.82606119619382, 12.727215406210433 ], [ 76.826177564452436, 12.727206279130534 ], [ 76.826261595963857, 12.727202104058696 ], [ 76.827361085753637, 12.727147478595063 ], [ 76.827486416598944, 12.727140579518871 ], [ 76.827609710750764, 12.727175209294803 ], [ 76.827868750002622, 12.72723877871649 ], [ 76.827915780056301, 12.727250320141966 ], [ 76.828368596554782, 12.727361442817511 ], [ 76.82896462904769, 12.727628896281225 ], [ 76.829355396297856, 12.727794756576317 ], [ 76.829471367365699, 12.727826944926907 ], [ 76.830076402546055, 12.727974417711213 ], [ 76.830122229906621, 12.727943020492638 ], [ 76.830124009236755, 12.727941801527864 ], [ 76.830127098789205, 12.727929542665136 ], [ 76.830155574492821, 12.727935329496372 ], [ 76.830431326502534, 12.727991363553407 ], [ 76.830596841923978, 12.728024996775337 ], [ 76.830647052018492, 12.728035199660793 ], [ 76.830941582728585, 12.728050054050451 ], [ 76.831013126137464, 12.728054714158509 ], [ 76.831407221643175, 12.728073286850879 ], [ 76.831470879912914, 12.728076286723152 ], [ 76.831819916776283, 12.728092735391359 ], [ 76.831864273018695, 12.728099241027353 ], [ 76.831902727575496, 12.728104881803965 ], [ 76.832007455707355, 12.728121019000584 ], [ 76.832112182919559, 12.728137155256478 ], [ 76.832159881637821, 12.728142789885558 ], [ 76.832270184638318, 12.728155819763783 ], [ 76.832297555583892, 12.728159053334647 ], [ 76.832408222587972, 12.728172125828301 ], [ 76.832507879035745, 12.728187708590111 ], [ 76.83254792357414, 12.728193970071613 ], [ 76.832548217618623, 12.728194015941872 ], [ 76.832669316025545, 12.728197394439231 ], [ 76.832765490612076, 12.728200077665784 ], [ 76.832859962415938, 12.728202713891205 ], [ 76.832943167665363, 12.728205035787319 ], [ 76.832943259781075, 12.728193376133097 ], [ 76.832944888354788, 12.727987212041562 ], [ 76.832945984967267, 12.727848379085255 ] ], [ [ 76.809509427565104, 12.712236834608571 ], [ 76.809524813185448, 12.712258282652021 ], [ 76.809705522092031, 12.712152136600347 ], [ 76.809739550090413, 12.71213214909622 ], [ 76.809979918759325, 12.711998737710719 ], [ 76.810148433045214, 12.711860140352272 ], [ 76.810244766854424, 12.711780909140254 ], [ 76.81025774201207, 12.711770237908596 ], [ 76.810320951586036, 12.711761753644039 ], [ 76.810380719486574, 12.711763646823462 ], [ 76.810428368305253, 12.711763321462337 ], [ 76.810438128045547, 12.711763254818701 ], [ 76.810516759720045, 12.711923655701465 ], [ 76.810669511388582, 12.712235273100347 ], [ 76.810937445301946, 12.712781861928159 ], [ 76.811203403954778, 12.712780619942841 ], [ 76.811263189299723, 12.712784813148541 ], [ 76.811318214409525, 12.712844168350122 ], [ 76.811437448875623, 12.712972786660668 ], [ 76.811548410378052, 12.713092480476211 ], [ 76.8115836087932, 12.713130448788018 ], [ 76.811627414312255, 12.713177701688261 ], [ 76.811661083757286, 12.713214020910522 ], [ 76.811673024204524, 12.713321144953415 ], [ 76.811674161805826, 12.713331350124038 ], [ 76.812115828684341, 12.713366453504243 ], [ 76.812091401667345, 12.713448352941423 ], [ 76.812078153057641, 12.713492774308097 ], [ 76.812019986616022, 12.713687795393156 ], [ 76.812007410665373, 12.713729960595177 ], [ 76.81200092663444, 12.713751699849396 ], [ 76.812005290953948, 12.713752640785151 ], [ 76.812008771055488, 12.713754051455352 ], [ 76.812198362376179, 12.713822215035481 ], [ 76.812352780091516, 12.713877733227072 ], [ 76.812506295120542, 12.713932926671644 ], [ 76.812602736217443, 12.713967599921626 ], [ 76.812694789156893, 12.714000695137274 ], [ 76.812808711936029, 12.714041653656137 ], [ 76.813084677117942, 12.714140870687318 ], [ 76.813114582668746, 12.714151572355599 ], [ 76.813146894592506, 12.714163136131964 ], [ 76.813149767091389, 12.714164164081005 ], [ 76.813182656819833, 12.714171780273407 ], [ 76.813208736831129, 12.714181436095444 ], [ 76.813321989005061, 12.714223365206307 ], [ 76.813545666856143, 12.714306177835235 ], [ 76.81355078852431, 12.714310175905934 ], [ 76.813586335617856, 12.714337925857093 ], [ 76.813753776839405, 12.71462840246379 ], [ 76.813835705025753, 12.714770530972848 ], [ 76.813852436703883, 12.714799557551205 ], [ 76.813893261477105, 12.714870379145285 ], [ 76.813900280793192, 12.714882556983323 ], [ 76.813912012909199, 12.715419993829318 ], [ 76.813912033496052, 12.715420948184946 ], [ 76.813912223166312, 12.715429636782316 ], [ 76.813925941165408, 12.715439302088758 ], [ 76.813954300652313, 12.715459284403224 ], [ 76.814028976576466, 12.7155119006518 ], [ 76.814027563844604, 12.715553856643165 ], [ 76.814026097087563, 12.715597410158797 ], [ 76.814023117061609, 12.715685876038593 ], [ 76.814028589656743, 12.715792446617087 ], [ 76.814043265681363, 12.716078209716446 ], [ 76.814204568559987, 12.716090341177562 ], [ 76.814205120764967, 12.716168094501247 ], [ 76.814206278063466, 12.716201019414541 ], [ 76.814206432570572, 12.716205403074435 ], [ 76.814206512233525, 12.71620767488119 ], [ 76.814210178786652, 12.716311948392116 ], [ 76.814213844428082, 12.7164162219081 ], [ 76.814215890032813, 12.716474400544628 ], [ 76.814223659623906, 12.716695394601606 ], [ 76.814215506415181, 12.716780640109183 ], [ 76.814209910688717, 12.716839148541442 ], [ 76.814208210708344, 12.716853357406499 ], [ 76.814194441566372, 12.716968470268991 ], [ 76.814194297024798, 12.716970545660836 ], [ 76.814187710793604, 12.717065116608667 ], [ 76.814187277117512, 12.717071335553516 ], [ 76.814182542413306, 12.717117293154438 ], [ 76.814176902452857, 12.717172037233135 ], [ 76.814173119822911, 12.7172225411556 ], [ 76.814166934640866, 12.717305132960478 ], [ 76.814156515212673, 12.717444255228955 ], [ 76.814156064472897, 12.717450275437193 ], [ 76.814152700861626, 12.717480052352489 ], [ 76.8141322352364, 12.717661253880374 ], [ 76.814128638620602, 12.717693095946494 ], [ 76.814078957020882, 12.717834623746111 ], [ 76.814042487238709, 12.717938514873024 ], [ 76.814020841073216, 12.718000177437334 ], [ 76.813989694811255, 12.718088903897433 ], [ 76.813949403074631, 12.718203680383946 ], [ 76.813943241141345, 12.718221234315367 ], [ 76.813948335056068, 12.718234145708106 ], [ 76.813963184577773, 12.718271784630714 ], [ 76.813960012053101, 12.718286726678626 ], [ 76.81393137784498, 12.71832054336515 ], [ 76.813922936819992, 12.718329753822847 ], [ 76.813813434616449, 12.718449241413936 ], [ 76.813806821344116, 12.718457176639637 ], [ 76.813788999997939, 12.718478557855029 ], [ 76.813676031401329, 12.718577978607327 ], [ 76.813639592774777, 12.718577120741763 ], [ 76.813623137833403, 12.71857673260889 ], [ 76.813612234782724, 12.718576474600303 ], [ 76.813606682885478, 12.718576343571133 ], [ 76.813571136557016, 12.718575503994106 ], [ 76.812993467205317, 12.718574924700157 ], [ 76.812767910648091, 12.718574697953983 ], [ 76.812532700340299, 12.718574462022994 ], [ 76.812325185513231, 12.718588958627118 ], [ 76.812186483674424, 12.718598647689245 ], [ 76.812166831614562, 12.718600020393934 ], [ 76.811857287011463, 12.71862164363599 ], [ 76.811680943865497, 12.718633961579037 ], [ 76.811622586744349, 12.718638038423789 ], [ 76.811588816952721, 12.718644151735951 ], [ 76.811489946168692, 12.718662051058146 ], [ 76.811420560147255, 12.71867461204902 ], [ 76.811410662310706, 12.718676404310074 ], [ 76.811149924476169, 12.718728028244662 ], [ 76.811120977400776, 12.718733759640768 ], [ 76.811060314931837, 12.718749025890538 ], [ 76.810779928721573, 12.718819585379409 ], [ 76.810661640439449, 12.718811842938576 ], [ 76.810554003314621, 12.71880479868126 ], [ 76.810547067123366, 12.718804344418331 ], [ 76.810441197664986, 12.71879741548411 ], [ 76.810335188194358, 12.718790477520605 ], [ 76.810328201208023, 12.718790131160638 ], [ 76.810095826360637, 12.718778614074653 ], [ 76.810095793925129, 12.718778064736671 ], [ 76.810086655119648, 12.718623110697665 ], [ 76.810075925669878, 12.71844118035014 ], [ 76.810074106950964, 12.718410346935414 ], [ 76.810078512890499, 12.718220849859161 ], [ 76.810083972311674, 12.717986036750119 ], [ 76.810078240859639, 12.717957450894216 ], [ 76.810075824189681, 12.717945396071602 ], [ 76.810053755519974, 12.717835331185036 ], [ 76.810047838908957, 12.717805821017919 ], [ 76.810033255949435, 12.717733087704547 ], [ 76.810024739438006, 12.717690610140112 ], [ 76.810005295532832, 12.71759363449252 ], [ 76.80997698009098, 12.717452408474809 ], [ 76.809976434147885, 12.717449685194572 ], [ 76.809964481690955, 12.717390072718821 ], [ 76.80995373372906, 12.717336465535592 ], [ 76.80995368599865, 12.717336226333099 ], [ 76.809946312954523, 12.717299453480107 ], [ 76.809932533738788, 12.717230732413169 ], [ 76.809903767917618, 12.717087260593667 ], [ 76.809873345227061, 12.716935523241657 ], [ 76.809850823408468, 12.716823193565256 ], [ 76.809825905048243, 12.716698912863491 ], [ 76.809824174636233, 12.716690279057516 ], [ 76.809789345708182, 12.716456170352856 ], [ 76.809790617613103, 12.716435565833491 ], [ 76.80977176449494, 12.716432989252171 ], [ 76.809697539019638, 12.71642284202618 ], [ 76.809593497472775, 12.71587800225246 ], [ 76.809581535760643, 12.715815363601088 ], [ 76.809597135679738, 12.715806588875463 ], [ 76.809570380340546, 12.715730723493818 ], [ 76.809557786272563, 12.715695011258896 ], [ 76.809537771173453, 12.715460534677732 ], [ 76.809516320307822, 12.715209224964338 ], [ 76.809513776093539, 12.715179413346601 ], [ 76.809409185220844, 12.715030022470469 ], [ 76.809398640567821, 12.715014960764696 ], [ 76.80938551765793, 12.71499621707137 ], [ 76.809384060663206, 12.714985364170799 ], [ 76.809382603675061, 12.714974512174027 ], [ 76.809323541116825, 12.714534628376033 ], [ 76.809279829795301, 12.714210217264201 ], [ 76.80923286703586, 12.713861663946922 ], [ 76.809129978745148, 12.713630272853127 ], [ 76.809099580376454, 12.713561908231702 ], [ 76.80908430491489, 12.713480217519413 ], [ 76.809069819866565, 12.713402750672676 ], [ 76.809088129232634, 12.713399431409611 ], [ 76.809059362080049, 12.713245199547503 ], [ 76.809028318266598, 12.71307876725138 ], [ 76.809016947913406, 12.713017806616522 ], [ 76.80899514989531, 12.712900939743449 ], [ 76.808987132020974, 12.712857956128293 ], [ 76.808984115502454, 12.712841783671427 ], [ 76.80895393845654, 12.712839642201857 ], [ 76.809247256399175, 12.712479728830703 ], [ 76.809344122191561, 12.71236086989496 ], [ 76.80941093694922, 12.712295503459092 ], [ 76.809509427565104, 12.712236834608571 ] ] ] } },
{ "type": "Feature", "properties": { "OBJECTID": 18872, "KGISVillageID": 24146, "KGISVillageCode": "2205090002", "KGISVillageName": "Gundapura", "KGISHobliID": 120, "UniqueVillageCode": "2205090002_1", "Bhucode": "220501001016", "CensusVillageCode": "2957305550614350", "BhoomiVillageCode": "2205090002", "created_user": null, "created_date": null, "last_edited_user": null, "last_edited_date": null, "LGDGPCode": "219323", "LGDGPCode_Secondary": null, "Category": "Cadastral data available and has bhoomi linkage", "SHAPE.STArea()": 291934.54738409998, "SHAPE.STLength()": 2319.9933075428585, "LGD_VillageCode": 614350.0, "_overlap_percent": 99.999999999999972, "_police_station": "Basaralu PS", "_police_feature_index": "485", "_admin_layer": "Village", "_geometry_clipped": true }, "geometry": { "type": "Polygon", "coordinates": [ [ [ 76.812532700340299, 12.718574462022994 ], [ 76.812767910648091, 12.718574697953983 ], [ 76.812993467205317, 12.718574924700157 ], [ 76.813571136557016, 12.718575503994106 ], [ 76.813606682885478, 12.718576343571133 ], [ 76.813612234782724, 12.718576474600303 ], [ 76.813623137833403, 12.71857673260889 ], [ 76.813639592774777, 12.718577120741763 ], [ 76.813676031401329, 12.718577978607327 ], [ 76.813788999997939, 12.718478557855029 ], [ 76.813806821344116, 12.718457176639637 ], [ 76.813813434616449, 12.718449241413936 ], [ 76.813922936819992, 12.718329753822847 ], [ 76.81393137784498, 12.71832054336515 ], [ 76.813960012053101, 12.718286726678626 ], [ 76.813963184577773, 12.718271784630714 ], [ 76.813948335056068, 12.718234145708106 ], [ 76.813943241141345, 12.718221234315367 ], [ 76.813949403074631, 12.718203680383946 ], [ 76.813989694811255, 12.718088903897433 ], [ 76.814020841073216, 12.718000177437334 ], [ 76.814042487238709, 12.717938514873024 ], [ 76.814078957020882, 12.717834623746111 ], [ 76.814128638620602, 12.717693095946494 ], [ 76.8141322352364, 12.717661253880374 ], [ 76.814152700861626, 12.717480052352489 ], [ 76.814156064472897, 12.717450275437193 ], [ 76.814156515212673, 12.717444255228955 ], [ 76.814166934640866, 12.717305132960478 ], [ 76.814173119822911, 12.7172225411556 ], [ 76.814176902452857, 12.717172037233135 ], [ 76.814182542413306, 12.717117293154438 ], [ 76.814187277117512, 12.717071335553516 ], [ 76.814187710793604, 12.717065116608667 ], [ 76.814194297024798, 12.716970545660836 ], [ 76.814194441566372, 12.716968470268991 ], [ 76.814208210708344, 12.716853357406499 ], [ 76.814209910688717, 12.716839148541442 ], [ 76.814215506415181, 12.716780640109183 ], [ 76.814223659623906, 12.716695394601606 ], [ 76.814215890032813, 12.716474400544628 ], [ 76.814213844428082, 12.7164162219081 ], [ 76.814210178786652, 12.716311948392116 ], [ 76.814206512233525, 12.71620767488119 ], [ 76.814206432570572, 12.716205403074435 ], [ 76.814206278063466, 12.716201019414541 ], [ 76.814205120764967, 12.716168094501247 ], [ 76.814204568559987, 12.716090341177562 ], [ 76.814043265681363, 12.716078209716446 ], [ 76.814028589656743, 12.715792446617087 ], [ 76.814023117061609, 12.715685876038593 ], [ 76.814026097087563, 12.715597410158797 ], [ 76.814027563844604, 12.715553856643165 ], [ 76.814028976576466, 12.7155119006518 ], [ 76.813954300652313, 12.715459284403224 ], [ 76.813925941165408, 12.715439302088758 ], [ 76.813912223166312, 12.715429636782316 ], [ 76.813912033496052, 12.715420948184946 ], [ 76.813912012909199, 12.715419993829318 ], [ 76.813900280793192, 12.714882556983323 ], [ 76.813893261477105, 12.714870379145285 ], [ 76.813852436703883, 12.714799557551205 ], [ 76.813835705025753, 12.714770530972848 ], [ 76.813753776839405, 12.71462840246379 ], [ 76.813586335617856, 12.714337925857093 ], [ 76.81355078852431, 12.714310175905934 ], [ 76.813545666856143, 12.714306177835235 ], [ 76.813321989005061, 12.714223365206307 ], [ 76.813208736831129, 12.714181436095444 ], [ 76.813182656819833, 12.714171780273407 ], [ 76.813149767091389, 12.714164164081005 ], [ 76.813146894592506, 12.714163136131964 ], [ 76.813114582668746, 12.714151572355599 ], [ 76.813084677117942, 12.714140870687318 ], [ 76.812808711936029, 12.714041653656137 ], [ 76.812694789156893, 12.714000695137274 ], [ 76.812602736217443, 12.713967599921626 ], [ 76.812506295120542, 12.713932926671644 ], [ 76.812352780091516, 12.713877733227072 ], [ 76.812198362376179, 12.713822215035481 ], [ 76.812008771055488, 12.713754051455352 ], [ 76.812005290953948, 12.713752640785151 ], [ 76.81200092663444, 12.713751699849396 ], [ 76.812007410665373, 12.713729960595177 ], [ 76.812019986616022, 12.713687795393156 ], [ 76.812078153057641, 12.713492774308097 ], [ 76.812091401667345, 12.713448352941423 ], [ 76.812115828684341, 12.713366453504243 ], [ 76.811674161805826, 12.713331350124038 ], [ 76.811673024204524, 12.713321144953415 ], [ 76.811661083757286, 12.713214020910522 ], [ 76.811627414312255, 12.713177701688261 ], [ 76.8115836087932, 12.713130448788018 ], [ 76.811548410378052, 12.713092480476211 ], [ 76.811437448875623, 12.712972786660668 ], [ 76.811318214409525, 12.712844168350122 ], [ 76.811263189299723, 12.712784813148541 ], [ 76.811203403954778, 12.712780619942841 ], [ 76.810937445301946, 12.712781861928159 ], [ 76.810669511388582, 12.712235273100347 ], [ 76.810516759720045, 12.711923655701465 ], [ 76.810438128045547, 12.711763254818701 ], [ 76.810428368305253, 12.711763321462337 ], [ 76.810380719486574, 12.711763646823462 ], [ 76.810320951586036, 12.711761753644039 ], [ 76.81025774201207, 12.711770237908596 ], [ 76.810244766854424, 12.711780909140254 ], [ 76.810148433045214, 12.711860140352272 ], [ 76.809979918759325, 12.711998737710719 ], [ 76.809739550090413, 12.71213214909622 ], [ 76.809705522092031, 12.712152136600347 ], [ 76.809524813185448, 12.712258282652021 ], [ 76.809509427565104, 12.712236834608571 ], [ 76.80941093694922, 12.712295503459092 ], [ 76.809344122191561, 12.71236086989496 ], [ 76.809247256399175, 12.712479728830703 ], [ 76.80895393845654, 12.712839642201857 ], [ 76.808984115502454, 12.712841783671427 ], [ 76.808987132020974, 12.712857956128293 ], [ 76.80899514989531, 12.712900939743449 ], [ 76.809016947913406, 12.713017806616522 ], [ 76.809028318266598, 12.71307876725138 ], [ 76.809059362080049, 12.713245199547503 ], [ 76.809088129232634, 12.713399431409611 ], [ 76.809069819866565, 12.713402750672676 ], [ 76.80908430491489, 12.713480217519413 ], [ 76.809099580376454, 12.713561908231702 ], [ 76.809129978745148, 12.713630272853127 ], [ 76.80923286703586, 12.713861663946922 ], [ 76.809279829795301, 12.714210217264201 ], [ 76.809323541116825, 12.714534628376033 ], [ 76.809382603675061, 12.714974512174027 ], [ 76.809384060663206, 12.714985364170799 ], [ 76.80938551765793, 12.71499621707137 ], [ 76.809398640567821, 12.715014960764696 ], [ 76.809409185220844, 12.715030022470469 ], [ 76.809513776093539, 12.715179413346601 ], [ 76.809516320307822, 12.715209224964338 ], [ 76.809537771173453, 12.715460534677732 ], [ 76.809557786272563, 12.715695011258896 ], [ 76.809570380340546, 12.715730723493818 ], [ 76.809597135679738, 12.715806588875463 ], [ 76.809581535760643, 12.715815363601088 ], [ 76.809593497472775, 12.71587800225246 ], [ 76.809697539019638, 12.71642284202618 ], [ 76.80977176449494, 12.716432989252171 ], [ 76.809790617613103, 12.716435565833491 ], [ 76.809789345708182, 12.716456170352856 ], [ 76.809824174636233, 12.716690279057516 ], [ 76.809825905048243, 12.716698912863491 ], [ 76.809850823408468, 12.716823193565256 ], [ 76.809873345227061, 12.716935523241657 ], [ 76.809903767917618, 12.717087260593667 ], [ 76.809932533738788, 12.717230732413169 ], [ 76.809946312954523, 12.717299453480107 ], [ 76.80995368599865, 12.717336226333099 ], [ 76.80995373372906, 12.717336465535592 ], [ 76.809964481690955, 12.717390072718821 ], [ 76.809976434147885, 12.717449685194572 ], [ 76.80997698009098, 12.717452408474809 ], [ 76.810005295532832, 12.71759363449252 ], [ 76.810024739438006, 12.717690610140112 ], [ 76.810033255949435, 12.717733087704547 ], [ 76.810047838908957, 12.717805821017919 ], [ 76.810053755519974, 12.717835331185036 ], [ 76.810075824189681, 12.717945396071602 ], [ 76.810078240859639, 12.717957450894216 ], [ 76.810083972311674, 12.717986036750119 ], [ 76.810078512890499, 12.718220849859161 ], [ 76.810074106950964, 12.718410346935414 ], [ 76.810075925669878, 12.71844118035014 ], [ 76.810086655119648, 12.718623110697665 ], [ 76.810095793925129, 12.718778064736671 ], [ 76.810095826360637, 12.718778614074653 ], [ 76.810328201208023, 12.718790131160638 ], [ 76.810335188194358, 12.718790477520605 ], [ 76.810441197664986, 12.71879741548411 ], [ 76.810547067123366, 12.718804344418331 ], [ 76.810554003314621, 12.71880479868126 ], [ 76.810661640439449, 12.718811842938576 ], [ 76.810779928721573, 12.718819585379409 ], [ 76.811060314931837, 12.718749025890538 ], [ 76.811120977400776, 12.718733759640768 ], [ 76.811149924476169, 12.718728028244662 ], [ 76.811410662310706, 12.718676404310074 ], [ 76.811420560147255, 12.71867461204902 ], [ 76.811489946168692, 12.718662051058146 ], [ 76.811588816952721, 12.718644151735951 ], [ 76.811622586744349, 12.718638038423789 ], [ 76.811680943865497, 12.718633961579037 ], [ 76.811857287011463, 12.71862164363599 ], [ 76.812166831614562, 12.718600020393934 ], [ 76.812186483674424, 12.718598647689245 ], [ 76.812325185513231, 12.718588958627118 ], [ 76.812532700340299, 12.718574462022994 ] ] ] } },
{ "type": "Feature", "properties": { "OBJECTID": 18900, "KGISVillageID": 24174, "KGISVillageCode": "2205090015", "KGISVillageName": "Shyanubhoganahalli", "KGISHobliID": 120, "UniqueVillageCode": "2205090015_1", "Bhucode": "220501001044", "CensusVillageCode": "2957305550614318", "BhoomiVillageCode": "2205090015", "created_user": null, "created_date": null, "last_edited_user": null, "last_edited_date": null, "LGDGPCode": "219323", "LGDGPCode_Secondary": null, "Category": "Cadastral data available and has bhoomi linkage", "SHAPE.STArea()": 3750551.3417357798, "SHAPE.STLength()": 8990.9181258502122, "LGD_VillageCode": 614318.0, "_overlap_percent": 99.811136002725547, "_police_station": "Basaralu PS", "_police_feature_index": "485", "_admin_layer": "Village", "_geometry_clipped": true }, "geometry": { "type": "Polygon", "coordinates": [ [ [ 76.797953164284138, 12.737970980179989 ], [ 76.797935398598554, 12.737702595580448 ], [ 76.797952755918416, 12.737453746540618 ], [ 76.798556216310885, 12.737102430256032 ], [ 76.799901329321372, 12.736305496666125 ], [ 76.800585211445238, 12.735876078928971 ], [ 76.800647148536001, 12.735862375875193 ], [ 76.800752132775287, 12.735800001341088 ], [ 76.800969642868324, 12.735670773625502 ], [ 76.801176321896349, 12.735547974674112 ], [ 76.801670430502057, 12.735009082296381 ], [ 76.80265906719049, 12.733930810880977 ], [ 76.802723246505565, 12.733860803720258 ], [ 76.803635577250546, 12.732730094437359 ], [ 76.803824807543563, 12.732533048492472 ], [ 76.804444242984047, 12.731888058371613 ], [ 76.804582299887272, 12.731746357544365 ], [ 76.804710915670384, 12.731614363639006 ], [ 76.805065046428325, 12.731250889983563 ], [ 76.805695047212282, 12.730604284099018 ], [ 76.805689528096664, 12.730259973821893 ], [ 76.805688757438745, 12.730211184810479 ], [ 76.805687213780999, 12.730113535396365 ], [ 76.805670836817754, 12.729077223277949 ], [ 76.805585070711132, 12.727693639885949 ], [ 76.805573260357434, 12.727503118747297 ], [ 76.80556045430356, 12.727337397884254 ], [ 76.805432197941599, 12.725843352874154 ], [ 76.805400615520469, 12.725489651153897 ], [ 76.805400743378229, 12.725386792067269 ], [ 76.80540137848628, 12.725368538350102 ], [ 76.805412582823465, 12.72536487356494 ], [ 76.805415983532868, 12.725363761206332 ], [ 76.805408587570952, 12.725289346161492 ], [ 76.805404342949586, 12.725246644951092 ], [ 76.805380362094382, 12.725005384994999 ], [ 76.805371633880199, 12.724917563600188 ], [ 76.805376583093235, 12.724822692700394 ], [ 76.805385851513805, 12.724645026545891 ], [ 76.805407560462811, 12.724228918146121 ], [ 76.805408501829859, 12.724210874752975 ], [ 76.805417495464738, 12.723997606532937 ], [ 76.805424856878389, 12.72382303832314 ], [ 76.805427549437013, 12.723777257299359 ], [ 76.805442558394901, 12.72352208837127 ], [ 76.805479789672461, 12.723261775843325 ], [ 76.805489666658175, 12.723090090142017 ], [ 76.80550041448079, 12.722903276548569 ], [ 76.805525781091504, 12.722462365974041 ], [ 76.805529687540712, 12.722379920619328 ], [ 76.805529855765357, 12.722376367214039 ], [ 76.805537350184125, 12.722319555923145 ], [ 76.805541548898404, 12.722027020034089 ], [ 76.805551574918425, 12.721328366090061 ], [ 76.805962854132986, 12.721184622400605 ], [ 76.805978417325989, 12.721179182506647 ], [ 76.806034479873773, 12.721180827769121 ], [ 76.806053813567971, 12.721181395584797 ], [ 76.806105564474365, 12.721186310641432 ], [ 76.806161785914057, 12.721189462469386 ], [ 76.806217005213071, 12.72119255874917 ], [ 76.806283496793398, 12.721196285908867 ], [ 76.806311429741797, 12.721197851718632 ], [ 76.806346377711421, 12.721199811697522 ], [ 76.806348058635265, 12.721134039180789 ], [ 76.806352238288625, 12.721133717827309 ], [ 76.806356564202034, 12.721133247239877 ], [ 76.806370615607463, 12.72113171969132 ], [ 76.806533946906498, 12.720679148520077 ], [ 76.806606667082775, 12.72046476703002 ], [ 76.806906743486834, 12.719580124191159 ], [ 76.806990111698781, 12.719332885341151 ], [ 76.807184583719462, 12.718739701640942 ], [ 76.807206221425361, 12.718606200734202 ], [ 76.80720068001969, 12.718581661065832 ], [ 76.806074869305462, 12.714225629817429 ], [ 76.806007971659724, 12.714118612107585 ], [ 76.805130744362543, 12.713162422257412 ], [ 76.804727220708315, 12.712622450761669 ], [ 76.8046905616727, 12.712573206353021 ], [ 76.804595104756146, 12.712407852465194 ], [ 76.804530606559851, 12.712296125836126 ], [ 76.804401198537548, 12.711942770033227 ], [ 76.804389575347841, 12.711911031523671 ], [ 76.804342197368655, 12.711781663803258 ], [ 76.804293499596909, 12.711769583075561 ], [ 76.804258185565985, 12.711762408834716 ], [ 76.804172826508719, 12.711745068392958 ], [ 76.804158272780896, 12.711692461956101 ], [ 76.80414298306556, 12.711637195875777 ], [ 76.80410052472574, 12.711483730508586 ], [ 76.804075970363641, 12.711394978902495 ], [ 76.804067548420321, 12.711364535546211 ], [ 76.804059125552428, 12.711334091291738 ], [ 76.80403595440437, 12.711250338687107 ], [ 76.804009081562114, 12.711153205759986 ], [ 76.80399192028419, 12.711091174168111 ], [ 76.803973742429747, 12.711025469778304 ], [ 76.803931155422575, 12.711027736317488 ], [ 76.803915603972797, 12.710914767127454 ], [ 76.803899580432727, 12.710797522158341 ], [ 76.803894423389451, 12.710759787542182 ], [ 76.80378359781227, 12.710684696573182 ], [ 76.803727626740553, 12.710646772522759 ], [ 76.803446360072172, 12.710625570672644 ], [ 76.803050238458141, 12.710604215841215 ], [ 76.802944558623039, 12.710598518668391 ], [ 76.802755157404434, 12.710588308132701 ], [ 76.802626956967117, 12.710524833071476 ], [ 76.802562671067321, 12.710493004128514 ], [ 76.802540333612328, 12.710481944193305 ], [ 76.802415258864499, 12.71042001600725 ], [ 76.802430882370473, 12.710384038234698 ], [ 76.802429085503192, 12.71030797408204 ], [ 76.802426001565365, 12.710177477696348 ], [ 76.802426426938865, 12.709927086059423 ], [ 76.802367111755714, 12.709920942397236 ], [ 76.802238016552892, 12.709915919273051 ], [ 76.802065045108293, 12.709909188547373 ], [ 76.801928008367952, 12.709911520823752 ], [ 76.801783510354298, 12.709913979654228 ], [ 76.801529246831322, 12.709973842401457 ], [ 76.80140622642088, 12.71000280617004 ], [ 76.801131925662617, 12.710064480483679 ], [ 76.801125257926685, 12.710008938630081 ], [ 76.801125221145611, 12.710008945207099 ], [ 76.801117942416838, 12.70993633672312 ], [ 76.801115801362997, 12.709914976183873 ], [ 76.801109390222464, 12.709825555864098 ], [ 76.801107916806771, 12.709804998863202 ], [ 76.801094694372949, 12.709620584867929 ], [ 76.801092491957505, 12.709589862298863 ], [ 76.801083771337787, 12.709468239567663 ], [ 76.801082067261419, 12.709444476242775 ], [ 76.801080565267654, 12.709423520821252 ], [ 76.801079549859537, 12.709381726631195 ], [ 76.801076071780784, 12.709379542965763 ], [ 76.801014376434594, 12.709340820131304 ], [ 76.80091466829515, 12.709278237060161 ], [ 76.800912147360293, 12.709276654303078 ], [ 76.800884876731729, 12.70925953822999 ], [ 76.800764259211988, 12.709160523167382 ], [ 76.800662416221385, 12.709074297985111 ], [ 76.800562991621078, 12.708990119905145 ], [ 76.800493180145509, 12.708896173092219 ], [ 76.800474594000676, 12.708871161314992 ], [ 76.800507803916517, 12.708856652635147 ], [ 76.80051200770464, 12.708854816321944 ], [ 76.800360755326707, 12.708606334569852 ], [ 76.800339741572103, 12.70860566282677 ], [ 76.800306078495154, 12.708604587047713 ], [ 76.800275784031697, 12.708603619459916 ], [ 76.800263873535116, 12.708587591260219 ], [ 76.800251963967085, 12.708571563957365 ], [ 76.800232993067596, 12.708546035034077 ], [ 76.799786294643496, 12.708560342969429 ], [ 76.799285674851973, 12.708562011794232 ], [ 76.799003317645941, 12.708562952074939 ], [ 76.798346299547575, 12.708565140416512 ], [ 76.798319619227073, 12.708563325558142 ], [ 76.798244267694656, 12.70855819897263 ], [ 76.798196354568447, 12.708554939043687 ], [ 76.797686923918349, 12.708520281327958 ], [ 76.797436688584625, 12.70853515344352 ], [ 76.797064945335421, 12.708557246451107 ], [ 76.797064504514751, 12.708557272939336 ], [ 76.79689387128461, 12.708550671093132 ], [ 76.79672323804806, 12.708544069135865 ], [ 76.796715997698115, 12.708547853052728 ], [ 76.796740309264734, 12.708576540427194 ], [ 76.796567898569378, 12.708655271070054 ], [ 76.796330482523203, 12.708763686328227 ], [ 76.79631670027986, 12.708768065016008 ], [ 76.796310417751073, 12.708770060872801 ], [ 76.796163464065955, 12.708816747765706 ], [ 76.796093505566191, 12.708838973650749 ], [ 76.795926334808868, 12.708893306848635 ], [ 76.795562928928547, 12.709011418330221 ], [ 76.795549847325006, 12.709015670212507 ], [ 76.79554614817043, 12.709016872121168 ], [ 76.795166467751699, 12.70903062461656 ], [ 76.794986452397126, 12.70903714536775 ], [ 76.794956579288026, 12.709035885982971 ], [ 76.794783466831248, 12.709028586423781 ], [ 76.794325542522657, 12.709331237526296 ], [ 76.793933300832364, 12.709590477280356 ], [ 76.793620344867719, 12.70979731513324 ], [ 76.793245968778578, 12.710069180742529 ], [ 76.793054274055791, 12.710158322408082 ], [ 76.792237986556913, 12.710537908301694 ], [ 76.792365689873876, 12.710601270056564 ], [ 76.792453181953178, 12.710822803082776 ], [ 76.792691879962732, 12.711685117530019 ], [ 76.79294393320059, 12.712629097037444 ], [ 76.792976159332866, 12.712749786889727 ], [ 76.793193058648583, 12.713547564570787 ], [ 76.793446922735995, 12.714481290608136 ], [ 76.794041253568082, 12.716129551329589 ], [ 76.79432675393538, 12.717516911790634 ], [ 76.794401151019784, 12.717878432373537 ], [ 76.794336681211902, 12.719140437925587 ], [ 76.794315529013588, 12.719944067875636 ], [ 76.794315175819207, 12.719957485770816 ], [ 76.794312387434687, 12.720063435789198 ], [ 76.794210151451594, 12.720370929321374 ], [ 76.794207791775023, 12.720378026357427 ], [ 76.794175648970651, 12.720474703308748 ], [ 76.794175449703701, 12.720475303031829 ], [ 76.794190008183691, 12.720486041162051 ], [ 76.794183287479143, 12.720500541645791 ], [ 76.794186695861413, 12.720501175692622 ], [ 76.794166320620604, 12.720617738036189 ], [ 76.794133524326156, 12.720989383007874 ], [ 76.79409386356761, 12.721438809721135 ], [ 76.794138106820725, 12.721465062730802 ], [ 76.794175464182729, 12.721506812516962 ], [ 76.79417591922595, 12.721516013725106 ], [ 76.794178939931697, 12.721577045467672 ], [ 76.794181867157477, 12.72163499377762 ], [ 76.794183516220002, 12.721667625614387 ], [ 76.79418440496697, 12.721685218291329 ], [ 76.794189102310582, 12.721778218228508 ], [ 76.794191631630824, 12.721828281906765 ], [ 76.79426227253019, 12.72183320423798 ], [ 76.794288238028571, 12.72204794125695 ], [ 76.794316061890186, 12.722278043519918 ], [ 76.794317218297124, 12.722321142996375 ], [ 76.794289453000701, 12.722328004447849 ], [ 76.794283258101956, 12.722339636052531 ], [ 76.794235030186755, 12.722430186948563 ], [ 76.79425271711942, 12.722896425315335 ], [ 76.794256349293477, 12.722992178462823 ], [ 76.794256936927212, 12.723007667117816 ], [ 76.794257125695253, 12.723012648068245 ], [ 76.794234404147588, 12.723089082849839 ], [ 76.79422829638294, 12.723111150152507 ], [ 76.794076080868194, 12.723661141002157 ], [ 76.794060340023378, 12.723718018085084 ], [ 76.794029955586865, 12.723827805790682 ], [ 76.793859684768861, 12.724420404318808 ], [ 76.793774720046343, 12.724711610362611 ], [ 76.793718435260047, 12.724904520525678 ], [ 76.793575365150886, 12.725350129856682 ], [ 76.793519209691368, 12.725525835432435 ], [ 76.793488529135672, 12.725621833603135 ], [ 76.793449883328535, 12.725746812831387 ], [ 76.793402191388012, 12.725898951869693 ], [ 76.793325099614748, 12.726144876718587 ], [ 76.793306484965939, 12.726204258034153 ], [ 76.79329575677319, 12.726238513907491 ], [ 76.793274448632971, 12.726306634170369 ], [ 76.793200528386649, 12.726542955416791 ], [ 76.793195623402582, 12.726558660236256 ], [ 76.79319747117664, 12.726573576338838 ], [ 76.793364400616937, 12.727920544134333 ], [ 76.793565761362331, 12.729856413215668 ], [ 76.793686696541215, 12.730911675361344 ], [ 76.793776606941876, 12.731474896727553 ], [ 76.793929552824267, 12.732271070032745 ], [ 76.793961434986002, 12.732389644657363 ], [ 76.794037931673614, 12.732701663344804 ], [ 76.794099799429745, 12.732978733804998 ], [ 76.794185772637448, 12.733357706874481 ], [ 76.794288834961748, 12.733800054869176 ], [ 76.794325493569715, 12.733968099289783 ], [ 76.794331840725619, 12.733997193965257 ], [ 76.794422659422509, 12.734379756775974 ], [ 76.794422233258516, 12.734390642463509 ], [ 76.794419093174213, 12.73447084213576 ], [ 76.79441767103927, 12.7345071636257 ], [ 76.794416248898273, 12.734543484211752 ], [ 76.794413832609564, 12.734776826342122 ], [ 76.794411598530004, 12.734992611942982 ], [ 76.794411302289348, 12.735021179488507 ], [ 76.794420411985996, 12.735131309674184 ], [ 76.794430432440947, 12.735252446640553 ], [ 76.794442485768315, 12.735398155544104 ], [ 76.794432791773914, 12.735442519857861 ], [ 76.794431639236194, 12.735447794620493 ], [ 76.794422818559113, 12.735488161448972 ], [ 76.79434548857796, 12.735842053059317 ], [ 76.794344655398675, 12.735845866783333 ], [ 76.794334195107083, 12.73589373885329 ], [ 76.794311159433391, 12.735999161690858 ], [ 76.794267799882803, 12.73619759217172 ], [ 76.794259602710753, 12.73623510391298 ], [ 76.794205317842867, 12.736596851334911 ], [ 76.794206114630057, 12.736723978525752 ], [ 76.794206806044883, 12.736834163974443 ], [ 76.79421686436045, 12.736880444388973 ], [ 76.79423239144144, 12.736951891315931 ], [ 76.794943641820595, 12.736907685387354 ], [ 76.794944186346456, 12.736951982408472 ], [ 76.794963874271275, 12.736949812990614 ], [ 76.79497325717243, 12.736948779480237 ], [ 76.794956935227631, 12.73750154296429 ], [ 76.795745947760878, 12.737776918726386 ], [ 76.795909897546082, 12.737982009646847 ], [ 76.796149398016468, 12.738018560668188 ], [ 76.796148070478253, 12.738004207364121 ], [ 76.796102522754111, 12.737602733349421 ], [ 76.796119999942789, 12.736809139324222 ], [ 76.79614757929177, 12.736246440381157 ], [ 76.796296589661566, 12.736192067242699 ], [ 76.796298136565866, 12.736179254102748 ], [ 76.796524196725187, 12.736067719490217 ], [ 76.796764460568895, 12.736050146634696 ], [ 76.796771528104841, 12.736063409885546 ], [ 76.796797734637337, 12.73606174627518 ], [ 76.797265697193268, 12.73697739829084 ], [ 76.79743303591016, 12.737304824719999 ], [ 76.797449804716464, 12.737336293804324 ], [ 76.797450411478934, 12.737338822951529 ], [ 76.797462173205375, 12.737361836753474 ], [ 76.797543453144797, 12.737726645336219 ], [ 76.79762075919048, 12.738048877475052 ], [ 76.797624082154869, 12.738062699712062 ], [ 76.79796056869975, 12.738116973631634 ], [ 76.797953164284138, 12.737970980179989 ] ] ] } },
{ "type": "Feature", "properties": { "OBJECTID": 18885, "KGISVillageID": 24159, "KGISVillageCode": "2205090030", "KGISVillageName": "Kodagenahalli", "KGISHobliID": 120, "UniqueVillageCode": "2205090030_1", "Bhucode": "220501001029", "CensusVillageCode": "2957305550614313", "BhoomiVillageCode": "2205090030", "created_user": null, "created_date": null, "last_edited_user": null, "last_edited_date": null, "LGDGPCode": "219323", "LGDGPCode_Secondary": null, "Category": "Cadastral data available and has bhoomi linkage", "SHAPE.STArea()": 2534495.56886036, "SHAPE.STLength()": 6431.5749133464706, "LGD_VillageCode": 614313.0, "_overlap_percent": 99.999999999999929, "_police_station": "Basaralu PS", "_police_feature_index": "485", "_admin_layer": "Village", "_geometry_clipped": true }, "geometry": { "type": "Polygon", "coordinates": [ [ [ 76.787799927724251, 12.704502141792888 ], [ 76.787809041339557, 12.704502256631246 ], [ 76.787854700570492, 12.70450283201181 ], [ 76.787957091958702, 12.704500297070812 ], [ 76.787999693285002, 12.704499242530533 ], [ 76.788082898950108, 12.704355728530036 ], [ 76.788101882547664, 12.704322985451846 ], [ 76.788114112532284, 12.704301890248024 ], [ 76.788115538033367, 12.704299431997118 ], [ 76.788117416814316, 12.704261471252478 ], [ 76.788118077420464, 12.704248111801364 ], [ 76.788122534255379, 12.704158040598879 ], [ 76.788130335438481, 12.704000365590428 ], [ 76.788145620224171, 12.703691472402037 ], [ 76.788146166365223, 12.70368043943537 ], [ 76.788152551034329, 12.703551389373432 ], [ 76.788160170090805, 12.703397422449436 ], [ 76.788095339347677, 12.703077330391062 ], [ 76.788089653087795, 12.703049253164641 ], [ 76.788099950177084, 12.703032450017728 ], [ 76.78823556084275, 12.702811151848994 ], [ 76.788244906665412, 12.702795899861107 ], [ 76.788248893686784, 12.702789393892436 ], [ 76.788304019918868, 12.702708753132095 ], [ 76.788356468592653, 12.702632028896952 ], [ 76.788504266309857, 12.702415822368087 ], [ 76.78852518978286, 12.702385214753743 ], [ 76.788555123168379, 12.702342802138466 ], [ 76.788526912459176, 12.702316117807683 ], [ 76.788527618748418, 12.702314821385531 ], [ 76.788539826640971, 12.702169865164628 ], [ 76.788560502768092, 12.702140358349537 ], [ 76.788605204108904, 12.702076566765921 ], [ 76.788627783481331, 12.70169785032494 ], [ 76.788736202609385, 12.701439341334174 ], [ 76.788866974457832, 12.701225880717674 ], [ 76.789022252048312, 12.700972648124669 ], [ 76.789069694660839, 12.700895276933505 ], [ 76.788988809720252, 12.700735282126434 ], [ 76.788976807455171, 12.700698740076836 ], [ 76.78893276153417, 12.700564634697573 ], [ 76.788915655110443, 12.700512552099624 ], [ 76.788869438167438, 12.700371837619217 ], [ 76.788838157507087, 12.700276599356766 ], [ 76.788800841420922, 12.700162983174289 ], [ 76.788827887993932, 12.700147910142043 ], [ 76.789050840456483, 12.700023651409749 ], [ 76.789076697497507, 12.70000857643258 ], [ 76.789143958798093, 12.699969362277731 ], [ 76.789376478478275, 12.699833800724603 ], [ 76.789526599115561, 12.699750184504099 ], [ 76.78960997817147, 12.699704129374588 ], [ 76.789649507374108, 12.699723736647865 ], [ 76.789727282715006, 12.699718783955564 ], [ 76.789765616203184, 12.699716578438476 ], [ 76.789831977754574, 12.699382885185795 ], [ 76.789831103863989, 12.699373778953333 ], [ 76.789829338272639, 12.69935538944585 ], [ 76.78979613584157, 12.6990112977366 ], [ 76.789802905873117, 12.698847937926054 ], [ 76.789725664126337, 12.698886616612736 ], [ 76.789622709812164, 12.698508036324492 ], [ 76.789573886889585, 12.698437502278395 ], [ 76.789527540713621, 12.698370546294946 ], [ 76.789488098201275, 12.698314206956919 ], [ 76.789479363267219, 12.698301729784797 ], [ 76.789436904983091, 12.698241082938567 ], [ 76.78938839746678, 12.698171795895359 ], [ 76.789339889051206, 12.698102507941787 ], [ 76.789232997509075, 12.697974078766078 ], [ 76.788881381603403, 12.697433960325798 ], [ 76.788835748521919, 12.697363862860351 ], [ 76.788786606014966, 12.697306676723684 ], [ 76.788668069665945, 12.697168737231706 ], [ 76.788655066556046, 12.697153605130056 ], [ 76.788613447159094, 12.697105173062287 ], [ 76.788571827778284, 12.697056740985698 ], [ 76.788538595585848, 12.697018068649109 ], [ 76.788499910648781, 12.697007348845849 ], [ 76.788449078211144, 12.696993262540783 ], [ 76.788341087591945, 12.696966801104915 ], [ 76.788289559579766, 12.696952906559302 ], [ 76.788286914665136, 12.696938563343874 ], [ 76.788281913844742, 12.696911446833758 ], [ 76.788276913019473, 12.696884329419479 ], [ 76.788262403373764, 12.696805651182716 ], [ 76.78819437377507, 12.696740910877415 ], [ 76.788166379540016, 12.696714271055106 ], [ 76.788152216061931, 12.696700792726345 ], [ 76.788134132497333, 12.696683232616129 ], [ 76.788084357982143, 12.696634898767387 ], [ 76.788060435677181, 12.696611669905394 ], [ 76.788040476030034, 12.696591500234277 ], [ 76.787960503026056, 12.696510685044348 ], [ 76.787907704166059, 12.696457330518884 ], [ 76.787855657556889, 12.696404907345384 ], [ 76.787800717278358, 12.696349569614581 ], [ 76.787742026637957, 12.696290455357557 ], [ 76.787628779675984, 12.696181793767213 ], [ 76.787561968241732, 12.696117687719077 ], [ 76.787530118773887, 12.69612416527306 ], [ 76.78732493400922, 12.696165894908843 ], [ 76.787291524222695, 12.696102677467081 ], [ 76.787136770183082, 12.695650348624257 ], [ 76.787089252668039, 12.69553941743345 ], [ 76.787073966515081, 12.695402740603921 ], [ 76.786929690288829, 12.695506884876814 ], [ 76.786773379340985, 12.695622896854077 ], [ 76.786520621754462, 12.695649224641375 ], [ 76.786138782550694, 12.69572734159928 ], [ 76.785700860393604, 12.696006382104349 ], [ 76.785342827961614, 12.696187000252841 ], [ 76.785110691851713, 12.696304107106547 ], [ 76.784662110324561, 12.696413314763806 ], [ 76.784660841067378, 12.696413623390423 ], [ 76.78466068849977, 12.696413660571976 ], [ 76.784650760557099, 12.696416077446418 ], [ 76.784563764140643, 12.696439687238701 ], [ 76.78449526516502, 12.696457074076591 ], [ 76.784322246272609, 12.696500991395693 ], [ 76.784186158975061, 12.696535533747408 ], [ 76.784088986559127, 12.696560198847687 ], [ 76.784037629961446, 12.696573234705584 ], [ 76.783903021271286, 12.696607401810111 ], [ 76.783860393495161, 12.696618222280083 ], [ 76.783855610916945, 12.69661943581152 ], [ 76.783243173376931, 12.696820988692449 ], [ 76.783210675738346, 12.696855370610272 ], [ 76.78304187799003, 12.696911919642812 ], [ 76.781945903386131, 12.697279081471567 ], [ 76.781647176759236, 12.697379155865045 ], [ 76.781553820674446, 12.697410430884588 ], [ 76.781536368739964, 12.697410548027468 ], [ 76.781529416370105, 12.697388654451295 ], [ 76.781093820676546, 12.697326683670058 ], [ 76.780392652319719, 12.697386363811306 ], [ 76.780234333547355, 12.697399838957219 ], [ 76.779970924007273, 12.697422258723003 ], [ 76.779798345996042, 12.697425524830372 ], [ 76.779679521340313, 12.697427773267279 ], [ 76.779609667609961, 12.69743342006671 ], [ 76.779322327440667, 12.697454120454152 ], [ 76.779265460650123, 12.697472779360853 ], [ 76.779210373094557, 12.697490855066924 ], [ 76.779191411371741, 12.697497077147849 ], [ 76.778890530894515, 12.697624611652541 ], [ 76.778801226674517, 12.697662465175402 ], [ 76.77859550637902, 12.697757712574015 ], [ 76.778591329882858, 12.697759638744337 ], [ 76.778488940163967, 12.697806871013539 ], [ 76.778424617909423, 12.697836542170382 ], [ 76.778251621108112, 12.69791684016484 ], [ 76.778059163084421, 12.69800358034909 ], [ 76.777148425789235, 12.698408544615177 ], [ 76.776909050316462, 12.698500185499892 ], [ 76.776736505045946, 12.698566241409019 ], [ 76.776566768491293, 12.698631221759047 ], [ 76.776289230584453, 12.698737472390524 ], [ 76.77582341938411, 12.698915798490054 ], [ 76.775750357752855, 12.69894376856457 ], [ 76.775552903956722, 12.699045054437127 ], [ 76.775077845027454, 12.69928874060926 ], [ 76.774917293753489, 12.699371096569482 ], [ 76.774910666635876, 12.699373852586858 ], [ 76.774118584236518, 12.699663067081522 ], [ 76.77250888979313, 12.70025080851563 ], [ 76.772178169620503, 12.700371561940063 ], [ 76.772178133891941, 12.700452378878706 ], [ 76.772180681530102, 12.700985239200387 ], [ 76.772183230245574, 12.701518098590308 ], [ 76.772235457899967, 12.703031867917378 ], [ 76.772262283289933, 12.703972350800688 ], [ 76.772369976394387, 12.705800302213726 ], [ 76.772410501983941, 12.707033340318505 ], [ 76.772418698988659, 12.707441958801997 ], [ 76.772424344670739, 12.707629458295047 ], [ 76.772432851629873, 12.707911994422357 ], [ 76.772435318129752, 12.707993917228569 ], [ 76.772437400544533, 12.708063069613441 ], [ 76.772438979381775, 12.708115496916644 ], [ 76.772442111996853, 12.708229085155477 ], [ 76.772444865885106, 12.70832894932416 ], [ 76.77244792120122, 12.70843975226261 ], [ 76.772449576536886, 12.70849975733608 ], [ 76.772452247897263, 12.708596612976205 ], [ 76.772455241527837, 12.70870515567437 ], [ 76.772458477695551, 12.708822516989899 ], [ 76.772465131662116, 12.708982389298068 ], [ 76.772472185723885, 12.709151891772958 ], [ 76.772479902719994, 12.709337327347512 ], [ 76.772482561958384, 12.709401226026285 ], [ 76.772484041136551, 12.709436751995103 ], [ 76.772491032367384, 12.709542353795381 ], [ 76.772553356469047, 12.709563633474202 ], [ 76.772565295799694, 12.709567709790878 ], [ 76.772756825452646, 12.709633383901171 ], [ 76.773783859970308, 12.709985540531564 ], [ 76.774847540641517, 12.710379584501741 ], [ 76.776967487348045, 12.711218728462917 ], [ 76.77745432413343, 12.711426083905879 ], [ 76.777454766888496, 12.711427260521914 ], [ 76.777578164085014, 12.711466990167519 ], [ 76.779795526560932, 12.711198573479207 ], [ 76.782245326350036, 12.710950278133222 ], [ 76.784060670501972, 12.710756321361758 ], [ 76.784657593987447, 12.710694385620551 ], [ 76.785482896558833, 12.710608751007259 ], [ 76.785913897785818, 12.710538910694483 ], [ 76.78669664565993, 12.710450288744987 ], [ 76.787381558888342, 12.710327043349164 ], [ 76.787719417038502, 12.710265261655207 ], [ 76.788136846213149, 12.710188929045817 ], [ 76.788269496492902, 12.710164671611636 ], [ 76.788300486928449, 12.710159004012265 ], [ 76.788329879247769, 12.710153629201509 ], [ 76.788297563373675, 12.709917235555739 ], [ 76.788274103731666, 12.709749401974019 ], [ 76.788257657298573, 12.709631742189025 ], [ 76.788218407358826, 12.709347763816053 ], [ 76.788200900944219, 12.709206103813933 ], [ 76.788181832111675, 12.709051804384067 ], [ 76.788170728873553, 12.708961957437996 ], [ 76.788153144501223, 12.708819670647431 ], [ 76.788145973342822, 12.708761643081452 ], [ 76.788124028548197, 12.708584071554574 ], [ 76.788100768242174, 12.708395853818459 ], [ 76.788088750680856, 12.708298611960055 ], [ 76.788074134345408, 12.708182066038981 ], [ 76.788050194342716, 12.707991166501413 ], [ 76.788035694938657, 12.707874613455733 ], [ 76.788022310562567, 12.707767019492213 ], [ 76.78799662521638, 12.707639060623526 ], [ 76.787970915108062, 12.707510978985685 ], [ 76.787970328032912, 12.707508655422959 ], [ 76.787922767710739, 12.707320327567729 ], [ 76.787901661171674, 12.707236750516552 ], [ 76.787871723815613, 12.7071182053856 ], [ 76.787816399112529, 12.70689913695254 ], [ 76.7878005905728, 12.706836537841701 ], [ 76.787800121033683, 12.706834564195768 ], [ 76.787773923391768, 12.706724415389024 ], [ 76.787760160598921, 12.706666551529729 ], [ 76.787745567366429, 12.706618167857982 ], [ 76.787733601930398, 12.706578498065872 ], [ 76.787718595870729, 12.706528744162201 ], [ 76.787701644435231, 12.706472540543404 ], [ 76.787682521435002, 12.70640913940699 ], [ 76.787681682049538, 12.706389560443824 ], [ 76.787678912896453, 12.706324948142139 ], [ 76.787666222680073, 12.706028885314254 ], [ 76.787667806293484, 12.706003084803598 ], [ 76.787681968755791, 12.70577235234984 ], [ 76.787709946906119, 12.705672109304642 ], [ 76.787748862991066, 12.70553267481972 ], [ 76.787758464499319, 12.705337772640309 ], [ 76.787761367721714, 12.705278831989919 ], [ 76.787778851825777, 12.70492391587336 ], [ 76.787797391307421, 12.704547574926327 ], [ 76.787799527799621, 12.704504198130127 ], [ 76.787800007383979, 12.704504185859095 ], [ 76.787799927724251, 12.704502141792888 ] ] ] } },
{ "type": "Feature", "properties": { "OBJECTID": 18897, "KGISVillageID": 24171, "KGISVillageCode": "2205090012", "KGISVillageName": "Nayakanahalli", "KGISHobliID": 120, "UniqueVillageCode": "2205090012_1", "Bhucode": "220501001041", "CensusVillageCode": "2957305550614314", "BhoomiVillageCode": "2205090012", "created_user": null, "created_date": null, "last_edited_user": null, "last_edited_date": null, "LGDGPCode": "219323", "LGDGPCode_Secondary": null, "Category": "Cadastral data available and has bhoomi linkage", "SHAPE.STArea()": 2844217.4587093149, "SHAPE.STLength()": 7450.392440142652, "LGD_VillageCode": 614314.0, "_overlap_percent": 99.523707073389673, "_police_station": "Basaralu PS", "_police_feature_index": "485", "_admin_layer": "Village", "_geometry_clipped": true }, "geometry": { "type": "Polygon", "coordinates": [ [ [ 76.759817771613001, 12.719036374100222 ], [ 76.759830085620692, 12.719115354028881 ], [ 76.759835561063724, 12.719150469559521 ], [ 76.759821613209965, 12.719168833687887 ], [ 76.75979798173897, 12.719199948543693 ], [ 76.759867836014479, 12.719365239559849 ], [ 76.759893567582623, 12.719629345556751 ], [ 76.759987219228279, 12.719968096695682 ], [ 76.760103833617819, 12.720442046576963 ], [ 76.760095938925147, 12.720731756555427 ], [ 76.760196774642466, 12.720926585551718 ], [ 76.760289664756044, 12.722111262634346 ], [ 76.76041612793172, 12.722495772386084 ], [ 76.760436994047936, 12.722559216964889 ], [ 76.760461347717637, 12.722609607393078 ], [ 76.761378440573168, 12.722132318482242 ], [ 76.762201131675312, 12.721735127182907 ], [ 76.76282363112125, 12.721361895928483 ], [ 76.762966218224449, 12.72130931362002 ], [ 76.763484197025122, 12.721200865703798 ], [ 76.76390768108341, 12.721160901804355 ], [ 76.764407545578152, 12.721045181560129 ], [ 76.764921875962102, 12.720934089662101 ], [ 76.765757532829099, 12.720676275725397 ], [ 76.766723962682576, 12.720354748496765 ], [ 76.768377742531897, 12.720612694359545 ], [ 76.768488734816302, 12.720630104772987 ], [ 76.768545180311676, 12.716287580427243 ], [ 76.768546870198549, 12.71623536714333 ], [ 76.768539513881976, 12.716184070212911 ], [ 76.768392378137207, 12.716144093526616 ], [ 76.768274037998026, 12.716054364729469 ], [ 76.76827685508232, 12.715967991877061 ], [ 76.768278476638315, 12.715918268382804 ], [ 76.768290455121985, 12.715370359252855 ], [ 76.768324778893401, 12.715187895047489 ], [ 76.768327237130265, 12.715174847125665 ], [ 76.768743020342768, 12.713007404287 ], [ 76.768762511523093, 12.712921706584138 ], [ 76.768916625994919, 12.712270451802512 ], [ 76.769049478852395, 12.711550289065286 ], [ 76.769049745626702, 12.711550122775606 ], [ 76.769525438856519, 12.711253131430377 ], [ 76.769620297761179, 12.711193908490365 ], [ 76.769749429877933, 12.711113286538225 ], [ 76.770130034837592, 12.71089750794091 ], [ 76.770205547155157, 12.710854696817879 ], [ 76.770239558782166, 12.710835414650859 ], [ 76.770459630157632, 12.710708812229173 ], [ 76.771230513643943, 12.710265338083008 ], [ 76.771240582789616, 12.710259545528968 ], [ 76.77242424541376, 12.709587821564584 ], [ 76.77249202897174, 12.709557415117526 ], [ 76.772491032367384, 12.709542353795381 ], [ 76.772484041136551, 12.709436751995103 ], [ 76.772482561958384, 12.709401226026285 ], [ 76.772479902719994, 12.709337327347512 ], [ 76.772472185723885, 12.709151891772958 ], [ 76.772465131662116, 12.708982389298068 ], [ 76.772458477695551, 12.708822516989899 ], [ 76.772455241527837, 12.70870515567437 ], [ 76.772452247897263, 12.708596612976205 ], [ 76.772449576536886, 12.70849975733608 ], [ 76.77244792120122, 12.70843975226261 ], [ 76.772444865885106, 12.70832894932416 ], [ 76.772442111996853, 12.708229085155477 ], [ 76.772438979381775, 12.708115496916644 ], [ 76.772437400544533, 12.708063069613441 ], [ 76.772435318129752, 12.707993917228569 ], [ 76.772432851629873, 12.707911994422357 ], [ 76.772424344670739, 12.707629458295047 ], [ 76.772418698988659, 12.707441958801997 ], [ 76.772410501983941, 12.707033340318505 ], [ 76.772369976394387, 12.705800302213726 ], [ 76.772262283289933, 12.703972350800688 ], [ 76.772235457899967, 12.703031867917378 ], [ 76.772183230245574, 12.701518098590308 ], [ 76.772180681530102, 12.700985239200387 ], [ 76.772178133891941, 12.700452378878706 ], [ 76.772057381332431, 12.700467258099611 ], [ 76.769345862854223, 12.700818237535497 ], [ 76.768998800267084, 12.700863159572158 ], [ 76.768983124127658, 12.700865165886171 ], [ 76.768558319176933, 12.700919532554357 ], [ 76.768106510842117, 12.700982035537329 ], [ 76.767677096708624, 12.701039368326745 ], [ 76.767577865535614, 12.701049410050997 ], [ 76.767255718572031, 12.701082009148445 ], [ 76.766953851600832, 12.701112687613499 ], [ 76.766541409605153, 12.701154602550584 ], [ 76.765956207380896, 12.701244259220189 ], [ 76.765792890995129, 12.701268720102991 ], [ 76.765690981038304, 12.701296055241855 ], [ 76.765592388435721, 12.701335823133128 ], [ 76.765351778888601, 12.701406575268742 ], [ 76.765076512945484, 12.701533444199962 ], [ 76.764986285945568, 12.701567827735561 ], [ 76.764568458837189, 12.701658109917583 ], [ 76.764355576048843, 12.701704107855214 ], [ 76.764018123213035, 12.701775046348637 ], [ 76.763890437354632, 12.701801542550569 ], [ 76.763103493686927, 12.701871530314776 ], [ 76.763067260848757, 12.701874509000065 ], [ 76.762850417721651, 12.701892335750298 ], [ 76.762754393603046, 12.701904139633136 ], [ 76.762380551992578, 12.701950095367566 ], [ 76.761965941116074, 12.701950117408014 ], [ 76.761451686530549, 12.701908846549165 ], [ 76.760979748871478, 12.701888021237242 ], [ 76.760880578631046, 12.701883644663592 ], [ 76.75976428710733, 12.701882888426235 ], [ 76.759342292625846, 12.701882600987346 ], [ 76.759343219360417, 12.701903824847868 ], [ 76.759007017826818, 12.702077005793344 ], [ 76.758171475967757, 12.702478196582923 ], [ 76.757775702100147, 12.702672414302173 ], [ 76.757589128740975, 12.70276397125761 ], [ 76.757369608789773, 12.702850449446787 ], [ 76.757328787856338, 12.702927110682783 ], [ 76.757233879763348, 12.703105344061347 ], [ 76.757214823599384, 12.703141131152995 ], [ 76.75716465169117, 12.703212635159145 ], [ 76.757085978363008, 12.703324760517924 ], [ 76.757062319274311, 12.703358479219363 ], [ 76.757006557489277, 12.703439180404372 ], [ 76.757003155297056, 12.70344174399286 ], [ 76.757004324190319, 12.703446322489427 ], [ 76.757009306332392, 12.70346580029322 ], [ 76.757016955234647, 12.703495797261189 ], [ 76.757016490438389, 12.703560405173365 ], [ 76.757030257893646, 12.703684421113447 ], [ 76.7570520780707, 12.703880984495028 ], [ 76.757052292105016, 12.703882923762347 ], [ 76.757053076222135, 12.703889980781998 ], [ 76.757067723185841, 12.704021930792749 ], [ 76.757138398789976, 12.704239812770496 ], [ 76.757157836618845, 12.704299748530682 ], [ 76.757257621206179, 12.704572882284628 ], [ 76.757501583575817, 12.705240716339196 ], [ 76.757520495666824, 12.705386475898829 ], [ 76.757547170530614, 12.705717123902465 ], [ 76.757580847949583, 12.705952364408995 ], [ 76.757526355700989, 12.707057226023542 ], [ 76.757514570367263, 12.70717528089566 ], [ 76.757522669327258, 12.707208167333958 ], [ 76.757795926992429, 12.708317851171257 ], [ 76.758167764187348, 12.708852588612896 ], [ 76.758239285004962, 12.709281807167494 ], [ 76.758252402766203, 12.709360580441547 ], [ 76.758062879218542, 12.709358364173093 ], [ 76.757951414335906, 12.70935706627413 ], [ 76.757913949457603, 12.709365786373333 ], [ 76.757902991466111, 12.709368336745653 ], [ 76.757960721589441, 12.709535986179203 ], [ 76.758066770586069, 12.709843919546589 ], [ 76.758119023656675, 12.710013949179194 ], [ 76.758322118592986, 12.71067481561122 ], [ 76.758375399925086, 12.710861488241569 ], [ 76.758386864767758, 12.710901659458957 ], [ 76.758456246947134, 12.711144707553268 ], [ 76.758457341829043, 12.711150751931637 ], [ 76.758469262135193, 12.711216567502362 ], [ 76.758423090030675, 12.711254178849963 ], [ 76.758381006111875, 12.711290152048319 ], [ 76.75841692265395, 12.711384913373211 ], [ 76.758522694882686, 12.711781909879191 ], [ 76.758458474111947, 12.711803454438526 ], [ 76.758459690574043, 12.711810541313586 ], [ 76.758459393328337, 12.711810562266999 ], [ 76.758460242305375, 12.711814721827347 ], [ 76.7584092855043, 12.711825424853785 ], [ 76.758370213614569, 12.711833632101925 ], [ 76.758397384839313, 12.711943640459396 ], [ 76.758405434253959, 12.71197623429064 ], [ 76.758427725069041, 12.712066469652234 ], [ 76.758476045044546, 12.712268910269913 ], [ 76.758578312520669, 12.71269731166478 ], [ 76.758584000382854, 12.712721614268201 ], [ 76.758677372701285, 12.713120368666473 ], [ 76.758685764227565, 12.713156235956545 ], [ 76.758703473036704, 12.7134017950948 ], [ 76.758708417432899, 12.713470437310887 ], [ 76.758733580202517, 12.713819488291641 ], [ 76.758737575006649, 12.713874969632837 ], [ 76.758741716640344, 12.713932378078818 ], [ 76.758750101985143, 12.713991959271812 ], [ 76.758765915373417, 12.71410431719344 ], [ 76.758766219284482, 12.714171769598924 ], [ 76.758791488854953, 12.714391415447029 ], [ 76.75877492748468, 12.714714130512169 ], [ 76.758775535415552, 12.714729648276183 ], [ 76.758791047533649, 12.714986405936683 ], [ 76.758792692067658, 12.714999263001788 ], [ 76.758811488238692, 12.715100697718773 ], [ 76.758864828467779, 12.715308666123677 ], [ 76.758936507918321, 12.715586973417736 ], [ 76.758893944481031, 12.715889307090087 ], [ 76.758893813533746, 12.715890237505617 ], [ 76.758894212156306, 12.715934602647767 ], [ 76.758900539472279, 12.716021802747834 ], [ 76.758874623274011, 12.716026589434986 ], [ 76.758869991504767, 12.716059499394561 ], [ 76.758865590351135, 12.716146676682726 ], [ 76.758843055782464, 12.716593482172193 ], [ 76.758803993522889, 12.717140355540725 ], [ 76.758856415562775, 12.717285469274985 ], [ 76.758911639599219, 12.717396106678862 ], [ 76.758915368450175, 12.717403578005355 ], [ 76.758915959300978, 12.717415172977022 ], [ 76.758916376770088, 12.717423383979781 ], [ 76.758959492987628, 12.718267058254824 ], [ 76.758991333431723, 12.718276224014375 ], [ 76.75907679165725, 12.718300854897919 ], [ 76.759636206065622, 12.718198203389763 ], [ 76.759708716957917, 12.718282841594013 ], [ 76.759772674437144, 12.718497260254525 ], [ 76.759781280678794, 12.718516120896902 ], [ 76.759781330566753, 12.718526301228536 ], [ 76.759782723971554, 12.718797883279173 ], [ 76.759828698830759, 12.718981843169827 ], [ 76.75981352623694, 12.719009146703266 ], [ 76.759817771613001, 12.719036374100222 ] ] ] } },
{ "type": "Feature", "properties": { "OBJECTID": 18879, "KGISVillageID": 24153, "KGISVillageCode": "2205090011", "KGISVillageName": "Hullahalli", "KGISHobliID": 120, "UniqueVillageCode": "2205090011_1", "Bhucode": "220501001023", "CensusVillageCode": "2957305550614315", "BhoomiVillageCode": "2205090011", "created_user": null, "created_date": null, "last_edited_user": null, "last_edited_date": null, "LGDGPCode": "219323", "LGDGPCode_Secondary": null, "Category": "Cadastral data available and has bhoomi linkage", "SHAPE.STArea()": 1792275.2338992851, "SHAPE.STLength()": 5328.0956080755459, "LGD_VillageCode": 614315.0, "_overlap_percent": 99.84579589937151, "_police_station": "Basaralu PS", "_police_feature_index": "485", "_admin_layer": "Village", "_geometry_clipped": true }, "geometry": { "type": "Polygon", "coordinates": [ [ [ 76.779993376638345, 12.725875394000518 ], [ 76.779947913735768, 12.725596815713814 ], [ 76.77991462995405, 12.725214478017119 ], [ 76.779902268593247, 12.725072483412042 ], [ 76.779883231107434, 12.724853794871086 ], [ 76.779849501287202, 12.724466332328683 ], [ 76.779757778222077, 12.723606542663433 ], [ 76.779689816204083, 12.72307067635241 ], [ 76.779568903280747, 12.722117298033297 ], [ 76.779523038094069, 12.721755654270639 ], [ 76.779520637585819, 12.721733042302677 ], [ 76.779521950004039, 12.721023893093204 ], [ 76.779521759307357, 12.721023878103884 ], [ 76.779521961346632, 12.72101785771409 ], [ 76.779620571793515, 12.720761906702753 ], [ 76.779625500649757, 12.720749115128658 ], [ 76.779628419066469, 12.720741539873799 ], [ 76.77963463663815, 12.720725400658049 ], [ 76.779850510823138, 12.720239626895369 ], [ 76.779853129740815, 12.720233733086776 ], [ 76.779814037320676, 12.719812972540218 ], [ 76.779794925647082, 12.719607263373319 ], [ 76.779794841169405, 12.719606635734145 ], [ 76.779716539979049, 12.719025625801821 ], [ 76.77972319573162, 12.718735579222862 ], [ 76.779689547822812, 12.718563684708629 ], [ 76.779674756676457, 12.718486829176593 ], [ 76.779674094615714, 12.718483385265271 ], [ 76.779660217209525, 12.718422835274684 ], [ 76.77964960453879, 12.718376532236759 ], [ 76.779649224708891, 12.718374876141084 ], [ 76.779632038919004, 12.718299889667636 ], [ 76.779623470742038, 12.718262771832061 ], [ 76.779575171916321, 12.718053538160815 ], [ 76.779561930907448, 12.717996176439613 ], [ 76.779533735091789, 12.717871490927244 ], [ 76.779520456082295, 12.717812768190798 ], [ 76.779461255463659, 12.717550973887221 ], [ 76.779415487800733, 12.717348577381411 ], [ 76.779410274273104, 12.717325523299845 ], [ 76.77941505264674, 12.717285716235931 ], [ 76.779424909546947, 12.717203590881244 ], [ 76.779432901637151, 12.717137011477101 ], [ 76.779365197052073, 12.716976121738488 ], [ 76.779304305715755, 12.716772644422994 ], [ 76.779231955538521, 12.716530878187141 ], [ 76.779194857164171, 12.716406907671605 ], [ 76.778994504436355, 12.715563713646874 ], [ 76.778991180385148, 12.715542388669022 ], [ 76.778797916554012, 12.714850803126305 ], [ 76.778788855004862, 12.714827413279341 ], [ 76.778576308925352, 12.71427877043114 ], [ 76.778373584702592, 12.71380097107539 ], [ 76.778202398847171, 12.713376689264409 ], [ 76.778117004333481, 12.713160808895275 ], [ 76.777808337940485, 12.712363900289315 ], [ 76.777454766888496, 12.711427260521914 ], [ 76.77745432413343, 12.711426083905879 ], [ 76.776967487348045, 12.711218728462917 ], [ 76.774847540641517, 12.710379584501741 ], [ 76.773783859970308, 12.709985540531564 ], [ 76.772756825452646, 12.709633383901171 ], [ 76.772565295799694, 12.709567709790878 ], [ 76.772553356469047, 12.709563633474202 ], [ 76.772491032367384, 12.709542353795381 ], [ 76.77249202897174, 12.709557415117526 ], [ 76.77242424541376, 12.709587821564584 ], [ 76.771240582789616, 12.710259545528968 ], [ 76.771230513643943, 12.710265338083008 ], [ 76.770459630157632, 12.710708812229173 ], [ 76.770239558782166, 12.710835414650859 ], [ 76.770205547155157, 12.710854696817879 ], [ 76.770130034837592, 12.71089750794091 ], [ 76.769749429877933, 12.711113286538225 ], [ 76.769620297761179, 12.711193908490365 ], [ 76.769525438856519, 12.711253131430377 ], [ 76.769049745626702, 12.711550122775606 ], [ 76.769049478852395, 12.711550289065286 ], [ 76.768916625994919, 12.712270451802512 ], [ 76.768762511523093, 12.712921706584138 ], [ 76.768743020342768, 12.713007404287 ], [ 76.768327237130265, 12.715174847125665 ], [ 76.768324778893401, 12.715187895047489 ], [ 76.768290455121985, 12.715370359252855 ], [ 76.768278476638315, 12.715918268382804 ], [ 76.76827685508232, 12.715967991877061 ], [ 76.768274037998026, 12.716054364729469 ], [ 76.768392378137207, 12.716144093526616 ], [ 76.768539513881976, 12.716184070212911 ], [ 76.768546870198549, 12.71623536714333 ], [ 76.768545180311676, 12.716287580427243 ], [ 76.768488734816302, 12.720630104772987 ], [ 76.768853029504712, 12.720736134625849 ], [ 76.769060271235617, 12.721053229913551 ], [ 76.769172955879441, 12.721226898383643 ], [ 76.769477717043316, 12.72173758446622 ], [ 76.770396749474429, 12.723307103358449 ], [ 76.771107420870976, 12.723104711087494 ], [ 76.771752597605598, 12.722878209028323 ], [ 76.774467909178412, 12.725367665664399 ], [ 76.775854391734015, 12.726918906061076 ], [ 76.775996438956213, 12.727048711083031 ], [ 76.776005468830675, 12.727056962932094 ], [ 76.779993376638345, 12.725875394000518 ] ] ] } },
{ "type": "Feature", "properties": { "OBJECTID": 18860, "KGISVillageID": 24134, "KGISVillageCode": "2205090010", "KGISVillageName": "Bennahatti", "KGISHobliID": 120, "UniqueVillageCode": "2205090010_1", "Bhucode": "220501001004", "CensusVillageCode": "2957305550614317", "BhoomiVillageCode": "2205090010", "created_user": null, "created_date": null, "last_edited_user": null, "last_edited_date": null, "LGDGPCode": "219323", "LGDGPCode_Secondary": null, "Category": "Cadastral data available and has bhoomi linkage", "SHAPE.STArea()": 2731544.3040463501, "SHAPE.STLength()": 6605.3096996390286, "LGD_VillageCode": 614317.0, "_overlap_percent": 100.00000000000004, "_police_station": "Basaralu PS", "_police_feature_index": "485", "_admin_layer": "Village", "_geometry_clipped": true }, "geometry": { "type": "Polygon", "coordinates": [ [ [ 76.791744109203066, 12.726852799480737 ], [ 76.791744098106847, 12.726853448547798 ], [ 76.791790298389131, 12.726845414061861 ], [ 76.792172146259958, 12.726779007724495 ], [ 76.792434343033349, 12.726733409203307 ], [ 76.792743082901609, 12.726679716523552 ], [ 76.792754936887221, 12.726677654960186 ], [ 76.792770623538914, 12.726673961243204 ], [ 76.7931352969523, 12.726588165739866 ], [ 76.79314297714761, 12.726586362910037 ], [ 76.79319747117664, 12.726573576338838 ], [ 76.793195623402582, 12.726558660236256 ], [ 76.793200528386649, 12.726542955416791 ], [ 76.793274448632971, 12.726306634170369 ], [ 76.79329575677319, 12.726238513907491 ], [ 76.793306484965939, 12.726204258034153 ], [ 76.793325099614748, 12.726144876718587 ], [ 76.793402191388012, 12.725898951869693 ], [ 76.793449883328535, 12.725746812831387 ], [ 76.793488529135672, 12.725621833603135 ], [ 76.793519209691368, 12.725525835432435 ], [ 76.793575365150886, 12.725350129856682 ], [ 76.793718435260047, 12.724904520525678 ], [ 76.793774720046343, 12.724711610362611 ], [ 76.793859684768861, 12.724420404318808 ], [ 76.794029955586865, 12.723827805790682 ], [ 76.794060340023378, 12.723718018085084 ], [ 76.794076080868194, 12.723661141002157 ], [ 76.79422829638294, 12.723111150152507 ], [ 76.794234404147588, 12.723089082849839 ], [ 76.794257125695253, 12.723012648068245 ], [ 76.794256936927212, 12.723007667117816 ], [ 76.794256349293477, 12.722992178462823 ], [ 76.79425271711942, 12.722896425315335 ], [ 76.794235030186755, 12.722430186948563 ], [ 76.794283258101956, 12.722339636052531 ], [ 76.794289453000701, 12.722328004447849 ], [ 76.794317218297124, 12.722321142996375 ], [ 76.794316061890186, 12.722278043519918 ], [ 76.794288238028571, 12.72204794125695 ], [ 76.79426227253019, 12.72183320423798 ], [ 76.794191631630824, 12.721828281906765 ], [ 76.794189102310582, 12.721778218228508 ], [ 76.79418440496697, 12.721685218291329 ], [ 76.794183516220002, 12.721667625614387 ], [ 76.794181867157477, 12.72163499377762 ], [ 76.794178939931697, 12.721577045467672 ], [ 76.79417591922595, 12.721516013725106 ], [ 76.794175464182729, 12.721506812516962 ], [ 76.794138106820725, 12.721465062730802 ], [ 76.79409386356761, 12.721438809721135 ], [ 76.794133524326156, 12.720989383007874 ], [ 76.794166320620604, 12.720617738036189 ], [ 76.794186695861413, 12.720501175692622 ], [ 76.794183287479143, 12.720500541645791 ], [ 76.794190008183691, 12.720486041162051 ], [ 76.794175449703701, 12.720475303031829 ], [ 76.794175648970651, 12.720474703308748 ], [ 76.794207791775023, 12.720378026357427 ], [ 76.794210151451594, 12.720370929321374 ], [ 76.794312387434687, 12.720063435789198 ], [ 76.794315175819207, 12.719957485770816 ], [ 76.794315529013588, 12.719944067875636 ], [ 76.794336681211902, 12.719140437925587 ], [ 76.794401151019784, 12.717878432373537 ], [ 76.79432675393538, 12.717516911790634 ], [ 76.794041253568082, 12.716129551329589 ], [ 76.793446922735995, 12.714481290608136 ], [ 76.793193058648583, 12.713547564570787 ], [ 76.792976159332866, 12.712749786889727 ], [ 76.79294393320059, 12.712629097037444 ], [ 76.792691879962732, 12.711685117530019 ], [ 76.792453181953178, 12.710822803082776 ], [ 76.792365689873876, 12.710601270056564 ], [ 76.792237986556913, 12.710537908301694 ], [ 76.792098401747296, 12.710468765960183 ], [ 76.792097301383009, 12.710468221120639 ], [ 76.792059910535414, 12.710461302368055 ], [ 76.791583713171008, 12.710373184045443 ], [ 76.791558190716984, 12.710368461022513 ], [ 76.791231979458075, 12.710308151845545 ], [ 76.791150926321635, 12.710293166922455 ], [ 76.791152308456716, 12.710310927157058 ], [ 76.791117951209628, 12.710312269212483 ], [ 76.791050060508809, 12.710314921532921 ], [ 76.790596066465241, 12.710332654190042 ], [ 76.790465611795682, 12.710334626093413 ], [ 76.790340066642074, 12.710336523205392 ], [ 76.790279150904979, 12.710337444288225 ], [ 76.790248331951375, 12.710337880145579 ], [ 76.790206383566485, 12.710337906653374 ], [ 76.789220327399363, 12.71033852587397 ], [ 76.78905791978822, 12.710338627414909 ], [ 76.789060249909937, 12.710371618169827 ], [ 76.788556991478018, 12.710384720096592 ], [ 76.788314213702733, 12.710398634213281 ], [ 76.788313938244414, 12.710325978590237 ], [ 76.788313793291948, 12.710287763050649 ], [ 76.788314666892646, 12.710281296145062 ], [ 76.788300486928449, 12.710159004012265 ], [ 76.788269496492902, 12.710164671611636 ], [ 76.788136846213149, 12.710188929045817 ], [ 76.787719417038502, 12.710265261655207 ], [ 76.787381558888342, 12.710327043349164 ], [ 76.78669664565993, 12.710450288744987 ], [ 76.785913897785818, 12.710538910694483 ], [ 76.785482896558833, 12.710608751007259 ], [ 76.784657593987447, 12.710694385620551 ], [ 76.784060670501972, 12.710756321361758 ], [ 76.782245326350036, 12.710950278133222 ], [ 76.779795526560932, 12.711198573479207 ], [ 76.777578164085014, 12.711466990167519 ], [ 76.777454766888496, 12.711427260521914 ], [ 76.777808337940485, 12.712363900289315 ], [ 76.778117004333481, 12.713160808895275 ], [ 76.778202398847171, 12.713376689264409 ], [ 76.778373584702592, 12.71380097107539 ], [ 76.778576308925352, 12.71427877043114 ], [ 76.778788855004862, 12.714827413279341 ], [ 76.778797916554012, 12.714850803126305 ], [ 76.778991180385148, 12.715542388669022 ], [ 76.778994504436355, 12.715563713646874 ], [ 76.779194857164171, 12.716406907671605 ], [ 76.779231955538521, 12.716530878187141 ], [ 76.779304305715755, 12.716772644422994 ], [ 76.779365197052073, 12.716976121738488 ], [ 76.779432901637151, 12.717137011477101 ], [ 76.779424909546947, 12.717203590881244 ], [ 76.77941505264674, 12.717285716235931 ], [ 76.779410274273104, 12.717325523299845 ], [ 76.779415487800733, 12.717348577381411 ], [ 76.779461255463659, 12.717550973887221 ], [ 76.779520456082295, 12.717812768190798 ], [ 76.779533735091789, 12.717871490927244 ], [ 76.779561930907448, 12.717996176439613 ], [ 76.779575171916321, 12.718053538160815 ], [ 76.779623470742038, 12.718262771832061 ], [ 76.779632038919004, 12.718299889667636 ], [ 76.779649224708891, 12.718374876141084 ], [ 76.77964960453879, 12.718376532236759 ], [ 76.779660217209525, 12.718422835274684 ], [ 76.779674094615714, 12.718483385265271 ], [ 76.779674756676457, 12.718486829176593 ], [ 76.779689547822812, 12.718563684708629 ], [ 76.77972319573162, 12.718735579222862 ], [ 76.779716539979049, 12.719025625801821 ], [ 76.779794841169405, 12.719606635734145 ], [ 76.779794925647082, 12.719607263373319 ], [ 76.779814037320676, 12.719812972540218 ], [ 76.779853129740815, 12.720233733086776 ], [ 76.779850510823138, 12.720239626895369 ], [ 76.77963463663815, 12.720725400658049 ], [ 76.779628419066469, 12.720741539873799 ], [ 76.779625500649757, 12.720749115128658 ], [ 76.779620571793515, 12.720761906702753 ], [ 76.779521961346632, 12.72101785771409 ], [ 76.779521759307357, 12.721023878103884 ], [ 76.779521950004039, 12.721023893093204 ], [ 76.779520637585819, 12.721733042302677 ], [ 76.779523038094069, 12.721755654270639 ], [ 76.779568903280747, 12.722117298033297 ], [ 76.779689816204083, 12.72307067635241 ], [ 76.779757778222077, 12.723606542663433 ], [ 76.779849501287202, 12.724466332328683 ], [ 76.779883231107434, 12.724853794871086 ], [ 76.779902268593247, 12.725072483412042 ], [ 76.77991462995405, 12.725214478017119 ], [ 76.779947913735768, 12.725596815713814 ], [ 76.779993376638345, 12.725875394000518 ], [ 76.780438343573707, 12.725891806213724 ], [ 76.780509938190306, 12.725885156761938 ], [ 76.78053175785837, 12.72588312998073 ], [ 76.782236247421181, 12.7257248222925 ], [ 76.782547724324004, 12.725678892840373 ], [ 76.782596439864221, 12.725675265769731 ], [ 76.783102012959532, 12.725644407835508 ], [ 76.78369053192354, 12.725785153832732 ], [ 76.784059529272412, 12.725876849631231 ], [ 76.78414064735253, 12.725896334371063 ], [ 76.784221583185939, 12.725915826639383 ], [ 76.784403313108285, 12.725959740007527 ], [ 76.78578380806691, 12.726320790747858 ], [ 76.78585824830725, 12.726316216787648 ], [ 76.7859793156141, 12.72630877760878 ], [ 76.786026022517575, 12.726331795691948 ], [ 76.786339564991863, 12.726379266785171 ], [ 76.786384151760686, 12.726386017310203 ], [ 76.786701480472402, 12.726412973021288 ], [ 76.786842244736192, 12.726424774561956 ], [ 76.787939588996437, 12.726517059873435 ], [ 76.788182246185556, 12.726539475047572 ], [ 76.7890284727047, 12.726620777654194 ], [ 76.789075719166064, 12.726625367525948 ], [ 76.789461646545561, 12.72655261207661 ], [ 76.790258702073871, 12.726682346093604 ], [ 76.791087079777313, 12.726817527738568 ], [ 76.791171297892049, 12.726831271248948 ], [ 76.791494783108632, 12.726884337974189 ], [ 76.791744109203066, 12.726852799480737 ] ] ] } },
{ "type": "Feature", "properties": { "OBJECTID": 30926, "KGISVillageID": 24570, "KGISVillageCode": "2202050030", "KGISVillageName": "Hetthagonahalli", "KGISHobliID": 362, "UniqueVillageCode": "2202050030_1", "Bhucode": "220201004028", "CensusVillageCode": "2957305547614020", "BhoomiVillageCode": "2202050030", "created_user": "SA", "created_date": 1556019584000.0, "last_edited_user": "SURESHBV2", "last_edited_date": 1724226096000.0, "LGDGPCode": "219386", "LGDGPCode_Secondary": null, "Category": "Cadastral data available and has bhoomi linkage", "SHAPE.STArea()": 4267851.5755058099, "SHAPE.STLength()": 10131.225535210502, "LGD_VillageCode": 614020.0, "_overlap_percent": 0.11664056670746231, "_police_station": "Basaralu PS", "_police_feature_index": "485", "_admin_layer": "Village", "_geometry_clipped": true }, "geometry": { "type": "MultiPolygon", "coordinates": [ [ [ [ 76.761394999619355, 12.722148514790362 ], [ 76.760762773677413, 12.722475639260892 ], [ 76.760542283989381, 12.72260333730979 ], [ 76.760476691243724, 12.722641354840574 ], [ 76.760479844784641, 12.722647879864471 ], [ 76.760608663632951, 12.722587185449017 ], [ 76.760812382309581, 12.72249120015622 ], [ 76.761408761323736, 12.722210207734724 ], [ 76.762092772838628, 12.721800095762088 ], [ 76.761394999619355, 12.722148514790362 ] ] ], [ [ [ 76.774441999754032, 12.725337681640386 ], [ 76.771768815176728, 12.72281100875694 ], [ 76.770396749474429, 12.723307103358449 ], [ 76.769477717043316, 12.72173758446622 ], [ 76.769172955879441, 12.721226898383643 ], [ 76.769060271235617, 12.721053229913551 ], [ 76.768853029504712, 12.720736134625849 ], [ 76.768488734816302, 12.720630104772987 ], [ 76.768377742531897, 12.720612694359545 ], [ 76.766723962682576, 12.720354748496765 ], [ 76.765757532829099, 12.720676275725397 ], [ 76.76674970094227, 12.720370175485897 ], [ 76.768392200149847, 12.720657924806435 ], [ 76.768502171319525, 12.720677191404654 ], [ 76.768862199851924, 12.720789005740013 ], [ 76.769064278419151, 12.721107604322343 ], [ 76.769174748407082, 12.72128176031398 ], [ 76.769475996644871, 12.721792392110649 ], [ 76.770397321476338, 12.723354005531126 ], [ 76.771752597605598, 12.722878209028323 ], [ 76.774466733736034, 12.725366587993298 ], [ 76.774441999754032, 12.725337681640386 ] ] ] ] } },
{ "type": "Feature", "properties": { "OBJECTID": 18881, "KGISVillageID": 24155, "KGISVillageCode": "2205090013", "KGISVillageName": "K.G.Ankushapura", "KGISHobliID": 120, "UniqueVillageCode": "2205090013_1", "Bhucode": "220501001025", "CensusVillageCode": "2957305550614316", "BhoomiVillageCode": "2205090013", "created_user": null, "created_date": null, "last_edited_user": null, "last_edited_date": null, "LGDGPCode": "219323", "LGDGPCode_Secondary": null, "Category": "Cadastral data available and has bhoomi linkage", "SHAPE.STArea()": 3185972.0893493099, "SHAPE.STLength()": 7022.053722806826, "LGD_VillageCode": 614316.0, "_overlap_percent": 99.113257632752578, "_police_station": "Basaralu PS", "_police_feature_index": "485", "_admin_layer": "Village", "_geometry_clipped": true }, "geometry": { "type": "Polygon", "coordinates": [ [ [ 76.780922557693174, 12.743059207731884 ], [ 76.781166174387636, 12.743063496108247 ], [ 76.782269130261753, 12.74299634433285 ], [ 76.782696699589621, 12.74297101959726 ], [ 76.78275393205287, 12.742967629358098 ], [ 76.78322543040774, 12.742939935099606 ], [ 76.784045603079079, 12.742892583716454 ], [ 76.78522868577727, 12.742797023271702 ], [ 76.785618415627923, 12.742748528543638 ], [ 76.786344191881383, 12.742667899692947 ], [ 76.786417460690302, 12.742659760579073 ], [ 76.7864174746299, 12.742659758814924 ], [ 76.786417477946202, 12.742659758662191 ], [ 76.786476042308209, 12.742653253001482 ], [ 76.786527193776649, 12.742654705668247 ], [ 76.786542195910116, 12.742654014740701 ], [ 76.786558488503132, 12.742655594417105 ], [ 76.787559898062966, 12.74268403376462 ], [ 76.787716678372405, 12.742695122566403 ], [ 76.78795109649657, 12.742711421717814 ], [ 76.788025055335623, 12.742729185815055 ], [ 76.788161480714678, 12.742779602676372 ], [ 76.788222879474176, 12.742748884826963 ], [ 76.788291351899915, 12.742777558512648 ], [ 76.788445300174871, 12.742713051478045 ], [ 76.788472353109086, 12.742615607402305 ], [ 76.788598800353029, 12.742610993212333 ], [ 76.78866249665532, 12.742597379315011 ], [ 76.789240236803721, 12.742506545304707 ], [ 76.789752044868209, 12.742408132338667 ], [ 76.78973570977908, 12.742322499084263 ], [ 76.789966072496625, 12.742257274193413 ], [ 76.790181355964052, 12.74213501728074 ], [ 76.79028975052303, 12.742122945374216 ], [ 76.791017969279565, 12.741974285355449 ], [ 76.792072680149531, 12.741748556549883 ], [ 76.792069883718938, 12.741713205443844 ], [ 76.792067438021434, 12.741682287364291 ], [ 76.792091269230838, 12.741571980910747 ], [ 76.792094633932962, 12.741556405829639 ], [ 76.792115101340315, 12.741461673546832 ], [ 76.792144929807463, 12.741323612371779 ], [ 76.792171627177126, 12.741200040933839 ], [ 76.792181706123984, 12.741153389007549 ], [ 76.792203974001708, 12.741050323338595 ], [ 76.792206199892178, 12.741040020212532 ], [ 76.792229856671128, 12.740852783265494 ], [ 76.792244352934318, 12.740738056764213 ], [ 76.792290973699124, 12.740731202222285 ], [ 76.792300615470197, 12.740729784637121 ], [ 76.792300749141333, 12.740607197660221 ], [ 76.792300810635666, 12.740548883846232 ], [ 76.792438330959612, 12.740536273082125 ], [ 76.793080514077616, 12.740477448896609 ], [ 76.793125182778454, 12.740473360685865 ], [ 76.793125611401919, 12.740548048685497 ], [ 76.793125792485014, 12.740579686219043 ], [ 76.794109770652142, 12.740412274696812 ], [ 76.794334556997342, 12.74035639355518 ], [ 76.794328527890514, 12.740309874075196 ], [ 76.794300358681539, 12.740092534855689 ], [ 76.794258939937592, 12.739772970023763 ], [ 76.794217522279226, 12.73945340606179 ], [ 76.794194479495729, 12.73908899677914 ], [ 76.7941867101203, 12.738888141361063 ], [ 76.7941379139275, 12.738539682754023 ], [ 76.794078108656379, 12.738377739057006 ], [ 76.794058608462194, 12.738227281910655 ], [ 76.794027321531146, 12.738024380705603 ], [ 76.793998645404741, 12.737838405148063 ], [ 76.794032359138797, 12.737841869400183 ], [ 76.794019414667773, 12.737763269754206 ], [ 76.794154929259349, 12.737774999944113 ], [ 76.794158965467929, 12.737707076278612 ], [ 76.794168211220367, 12.737490498349134 ], [ 76.794168940372529, 12.737389447895502 ], [ 76.794170915394176, 12.73737635074324 ], [ 76.79417993079781, 12.737316534260422 ], [ 76.794179785607056, 12.737300219488384 ], [ 76.794181507826565, 12.737286788708033 ], [ 76.794192145850786, 12.737203707232377 ], [ 76.794197520418919, 12.737161687057865 ], [ 76.794198198699192, 12.737159544766909 ], [ 76.794208249109261, 12.737127374430338 ], [ 76.794213076890557, 12.737051328182861 ], [ 76.794213077247662, 12.737051328127611 ], [ 76.794217513497046, 12.736952816016101 ], [ 76.79423239144144, 12.736951891315931 ], [ 76.79421686436045, 12.736880444388973 ], [ 76.794206806044883, 12.736834163974443 ], [ 76.794206114630057, 12.736723978525752 ], [ 76.794205317842867, 12.736596851334911 ], [ 76.794259602710753, 12.73623510391298 ], [ 76.794267799882803, 12.73619759217172 ], [ 76.794311159433391, 12.735999161690858 ], [ 76.794334195107083, 12.73589373885329 ], [ 76.794344655398675, 12.735845866783333 ], [ 76.79434548857796, 12.735842053059317 ], [ 76.794422818559113, 12.735488161448972 ], [ 76.794431639236194, 12.735447794620493 ], [ 76.794432791773914, 12.735442519857861 ], [ 76.794442485768315, 12.735398155544104 ], [ 76.794430432440947, 12.735252446640553 ], [ 76.794420411985996, 12.735131309674184 ], [ 76.794411302289348, 12.735021179488507 ], [ 76.794411598530004, 12.734992611942982 ], [ 76.794413832609564, 12.734776826342122 ], [ 76.794416248898273, 12.734543484211752 ], [ 76.79441767103927, 12.7345071636257 ], [ 76.794419093174213, 12.73447084213576 ], [ 76.794422233258516, 12.734390642463509 ], [ 76.794422659422509, 12.734379756775974 ], [ 76.794331840725619, 12.733997193965257 ], [ 76.794325493569715, 12.733968099289783 ], [ 76.794288834961748, 12.733800054869176 ], [ 76.794185772637448, 12.733357706874481 ], [ 76.794099799429745, 12.732978733804998 ], [ 76.794037931673614, 12.732701663344804 ], [ 76.793961434986002, 12.732389644657363 ], [ 76.793929552824267, 12.732271070032745 ], [ 76.793776606941876, 12.731474896727553 ], [ 76.793686696541215, 12.730911675361344 ], [ 76.793565761362331, 12.729856413215668 ], [ 76.793364400616937, 12.727920544134333 ], [ 76.79319747117664, 12.726573576338838 ], [ 76.79314297714761, 12.726586362910037 ], [ 76.7931352969523, 12.726588165739866 ], [ 76.792770623538914, 12.726673961243204 ], [ 76.792754936887221, 12.726677654960186 ], [ 76.792743082901609, 12.726679716523552 ], [ 76.792434343033349, 12.726733409203307 ], [ 76.792172146259958, 12.726779007724495 ], [ 76.791790298389131, 12.726845414061861 ], [ 76.791744098106847, 12.726853448547798 ], [ 76.791744109203066, 12.726852799480737 ], [ 76.791494783108632, 12.726884337974189 ], [ 76.791171297892049, 12.726831271248948 ], [ 76.791087079777313, 12.726817527738568 ], [ 76.790258702073871, 12.726682346093604 ], [ 76.789461646545561, 12.72655261207661 ], [ 76.789075719166064, 12.726625367525948 ], [ 76.7890284727047, 12.726620777654194 ], [ 76.788182246185556, 12.726539475047572 ], [ 76.787939588996437, 12.726517059873435 ], [ 76.786842244736192, 12.726424774561956 ], [ 76.786701480472402, 12.726412973021288 ], [ 76.786384151760686, 12.726386017310203 ], [ 76.786339564991863, 12.726379266785171 ], [ 76.786026022517575, 12.726331795691948 ], [ 76.7859793156141, 12.72630877760878 ], [ 76.78585824830725, 12.726316216787648 ], [ 76.78578380806691, 12.726320790747858 ], [ 76.784403313108285, 12.725959740007527 ], [ 76.784221583185939, 12.725915826639383 ], [ 76.78414064735253, 12.725896334371063 ], [ 76.784059529272412, 12.725876849631231 ], [ 76.78369053192354, 12.725785153832732 ], [ 76.783102012959532, 12.725644407835508 ], [ 76.782596439864221, 12.725675265769731 ], [ 76.782547724324004, 12.725678892840373 ], [ 76.782236247421181, 12.7257248222925 ], [ 76.78053175785837, 12.72588312998073 ], [ 76.780509938190306, 12.725885156761938 ], [ 76.780438343573707, 12.725891806213724 ], [ 76.779993376638345, 12.725875394000518 ], [ 76.776005468830675, 12.727056962932094 ], [ 76.776023079259389, 12.727073056023992 ], [ 76.776319297583782, 12.727343743015972 ], [ 76.776584796363039, 12.729505918973912 ], [ 76.776769803224923, 12.731045718369334 ], [ 76.776879980134822, 12.731763620638404 ], [ 76.776906380778627, 12.731935642655943 ], [ 76.776906551629963, 12.731936773185646 ], [ 76.776923489862611, 12.732047109126711 ], [ 76.776949885701001, 12.732253329119551 ], [ 76.777092872165937, 12.73444966601028 ], [ 76.777315210210162, 12.735666386191724 ], [ 76.77751756964814, 12.737419014316515 ], [ 76.778217505734347, 12.738399556452476 ], [ 76.778339855185578, 12.738602903075254 ], [ 76.778460527045254, 12.73880346243409 ], [ 76.778881683780384, 12.739509077953278 ], [ 76.779568333149868, 12.740689595781397 ], [ 76.779633486606642, 12.740800657278024 ], [ 76.779758358209733, 12.741019091819537 ], [ 76.779774090582407, 12.741046580033821 ], [ 76.780346753247031, 12.742048304132178 ], [ 76.780401829416789, 12.742144635533576 ], [ 76.780848712082673, 12.742924383144391 ], [ 76.780900383794801, 12.743034859723226 ], [ 76.780903468077682, 12.743058871751041 ], [ 76.780922557693174, 12.743059207731884 ] ] ] } },
{ "type": "Feature", "properties": { "OBJECTID": 19275, "KGISVillageID": 24562, "KGISVillageCode": "2202050069", "KGISVillageName": "Doddayagati", "KGISHobliID": 362, "UniqueVillageCode": "2202050069_1", "Bhucode": "220201004020", "CensusVillageCode": "2957305547613996", "BhoomiVillageCode": "2202050069", "created_user": null, "created_date": null, "last_edited_user": null, "last_edited_date": null, "LGDGPCode": "219384", "LGDGPCode_Secondary": null, "Category": "Cadastral data available and has bhoomi linkage", "SHAPE.STArea()": 2844580.0658580698, "SHAPE.STLength()": 8314.5356095782045, "LGD_VillageCode": 613996.0, "_overlap_percent": 0.1304108927695663, "_police_station": "Basaralu PS", "_police_feature_index": "485", "_admin_layer": "Village", "_geometry_clipped": true }, "geometry": { "type": "MultiPolygon", "coordinates": [ [ [ [ 76.784045603079079, 12.742892583716454 ], [ 76.78322543040774, 12.742939935099606 ], [ 76.78275393205287, 12.742967629358098 ], [ 76.782696699589621, 12.74297101959726 ], [ 76.782269130261753, 12.74299634433285 ], [ 76.781166174387636, 12.743063496108247 ], [ 76.780922557693174, 12.743059207731884 ], [ 76.780903468077682, 12.743058871751041 ], [ 76.780907801099886, 12.743092605572933 ], [ 76.781322063629077, 12.743073901425701 ], [ 76.781456305499248, 12.743067318254345 ], [ 76.782346398961721, 12.743023669915884 ], [ 76.782800162159205, 12.742992739744244 ], [ 76.783241584841363, 12.742962661208486 ], [ 76.784008549956113, 12.742910398018457 ], [ 76.785112455534374, 12.742807822748116 ], [ 76.78522868577727, 12.742797023271702 ], [ 76.784045603079079, 12.742892583716454 ] ] ], [ [ [ 76.7864174746299, 12.742659758814924 ], [ 76.786417460690302, 12.742659760579073 ], [ 76.786417477946202, 12.742659758662191 ], [ 76.7864174746299, 12.742659758814924 ] ] ], [ [ [ 76.786542195910116, 12.742654014740701 ], [ 76.786527193776649, 12.742654705668247 ], [ 76.786558488503132, 12.742655594417105 ], [ 76.786542195910116, 12.742654014740701 ] ] ], [ [ [ 76.788222879474176, 12.742748884826963 ], [ 76.788161480714678, 12.742779602676372 ], [ 76.788227896996389, 12.742804147233166 ], [ 76.788291351899915, 12.742777558512648 ], [ 76.788222879474176, 12.742748884826963 ] ] ], [ [ [ 76.792290973699124, 12.740731202222285 ], [ 76.792244352934318, 12.740738056764213 ], [ 76.792229856671128, 12.740852783265494 ], [ 76.792206199892178, 12.741040020212532 ], [ 76.792203974001708, 12.741050323338595 ], [ 76.792181706123984, 12.741153389007549 ], [ 76.792171627177126, 12.741200040933839 ], [ 76.792144929807463, 12.741323612371779 ], [ 76.792115101340315, 12.741461673546832 ], [ 76.792094633932962, 12.741556405829639 ], [ 76.792091269230838, 12.741571980910747 ], [ 76.792067438021434, 12.741682287364291 ], [ 76.792069883718938, 12.741713205443844 ], [ 76.792072680149531, 12.741748556549883 ], [ 76.792099516170836, 12.741742813115156 ], [ 76.792189953706085, 12.741723398704128 ], [ 76.792222652893727, 12.741615416625233 ], [ 76.792232070966151, 12.741575351282986 ], [ 76.792300426806094, 12.740902804492761 ], [ 76.792300615470197, 12.740729784637121 ], [ 76.792290973699124, 12.740731202222285 ] ] ], [ [ [ 76.794194479495729, 12.73908899677914 ], [ 76.794217522279226, 12.73945340606179 ], [ 76.794258939937592, 12.739772970023763 ], [ 76.794300358681539, 12.740092534855689 ], [ 76.794328527890514, 12.740309874075196 ], [ 76.794334556997342, 12.74035639355518 ], [ 76.794390372871717, 12.740342517913495 ], [ 76.7941867101203, 12.738888141361063 ], [ 76.794194479495729, 12.73908899677914 ] ] ], [ [ [ 76.793998645404741, 12.737838405148063 ], [ 76.794027321531146, 12.738024380705603 ], [ 76.794058608462194, 12.738227281910655 ], [ 76.794078108656379, 12.738377739057006 ], [ 76.7941379139275, 12.738539682754023 ], [ 76.794084709134651, 12.738159741882887 ], [ 76.794032359138797, 12.737841869400183 ], [ 76.793998645404741, 12.737838405148063 ] ] ], [ [ [ 76.794170915394176, 12.73737635074324 ], [ 76.794168940372529, 12.737389447895502 ], [ 76.794168211220367, 12.737490498349134 ], [ 76.794158965467929, 12.737707076278612 ], [ 76.794154929259349, 12.737774999944113 ], [ 76.794169058567945, 12.737776222981951 ], [ 76.794175201386608, 12.737625885744492 ], [ 76.794180708970288, 12.737403975822183 ], [ 76.79417993079781, 12.737316534260422 ], [ 76.794170915394176, 12.73737635074324 ] ] ], [ [ [ 76.794213076890557, 12.737051328182861 ], [ 76.794208249109261, 12.737127374430338 ], [ 76.794209889083788, 12.737122125039322 ], [ 76.794213077247662, 12.737051328127611 ], [ 76.794213076890557, 12.737051328182861 ] ] ], [ [ [ 76.79497325717243, 12.736948779480237 ], [ 76.794963874271275, 12.736949812990614 ], [ 76.794944186346456, 12.736951982408472 ], [ 76.794944615551429, 12.736986898109727 ], [ 76.794950900777565, 12.73749943686177 ], [ 76.794956935227631, 12.73750154296429 ], [ 76.79497325717243, 12.736948779480237 ] ] ], [ [ [ 76.796149398016468, 12.738018560668188 ], [ 76.796149704179342, 12.738018607392796 ], [ 76.796148070478253, 12.738004207364121 ], [ 76.796149398016468, 12.738018560668188 ] ] ], [ [ [ 76.797265697193268, 12.73697739829084 ], [ 76.796797734637337, 12.73606174627518 ], [ 76.796771528104841, 12.736063409885546 ], [ 76.79743303591016, 12.737304824719999 ], [ 76.797265697193268, 12.73697739829084 ] ] ], [ [ [ 76.797462173205375, 12.737361836753474 ], [ 76.797450411478934, 12.737338822951529 ], [ 76.797543453144797, 12.737726645336219 ], [ 76.797462173205375, 12.737361836753474 ] ] ] ] } },
{ "type": "Feature", "properties": { "OBJECTID": 18906, "KGISVillageID": 24180, "KGISVillageCode": "2205090014", "KGISVillageName": "Vaddrahalli", "KGISHobliID": 120, "UniqueVillageCode": "2205090014_1", "Bhucode": "220501001050", "CensusVillageCode": "2957305550614319", "BhoomiVillageCode": "2205090014", "created_user": null, "created_date": null, "last_edited_user": null, "last_edited_date": null, "LGDGPCode": "219323", "LGDGPCode_Secondary": null, "Category": "Cadastral data available and has bhoomi linkage", "SHAPE.STArea()": 1086785.3176920649, "SHAPE.STLength()": 4760.2763621078666, "LGD_VillageCode": 614319.0, "_overlap_percent": 99.170956887520148, "_police_station": "Basaralu PS", "_police_feature_index": "485", "_admin_layer": "Village", "_geometry_clipped": true }, "geometry": { "type": "Polygon", "coordinates": [ [ [ 76.811981144368303, 12.729511504051057 ], [ 76.811933704465616, 12.728386320836488 ], [ 76.812092466743351, 12.728174655898806 ], [ 76.812210763275473, 12.728089980845041 ], [ 76.812507911368783, 12.727877287317764 ], [ 76.812477898152466, 12.727786708920821 ], [ 76.813220725649003, 12.727230378857413 ], [ 76.81329964149964, 12.727171275318639 ], [ 76.813426423579742, 12.727086983722769 ], [ 76.813480866625866, 12.727078242813759 ], [ 76.81353624500079, 12.727069352676203 ], [ 76.814097380744229, 12.726955733485577 ], [ 76.814244836363187, 12.726926958957852 ], [ 76.814361097245836, 12.726904272369863 ], [ 76.814372567577436, 12.726902034422675 ], [ 76.814366834595816, 12.726892904756504 ], [ 76.814371237258513, 12.726884181996159 ], [ 76.814372340380828, 12.726878882230988 ], [ 76.814386400342713, 12.726811308676199 ], [ 76.814394669971563, 12.726794924362988 ], [ 76.814394706291793, 12.726794852707771 ], [ 76.814425163503515, 12.726734503596221 ], [ 76.814434224864655, 12.726716551052499 ], [ 76.814644777692109, 12.726299396773204 ], [ 76.814679400507444, 12.726230800139414 ], [ 76.814684747405295, 12.726219945888889 ], [ 76.814737230697403, 12.726113408609001 ], [ 76.814783584682402, 12.726019314530943 ], [ 76.814806989917685, 12.725971801784878 ], [ 76.814830568523234, 12.725923939856642 ], [ 76.814839638537492, 12.725905528075975 ], [ 76.81486238391588, 12.725859356684614 ], [ 76.814866179650153, 12.72585165132616 ], [ 76.814883135208703, 12.725817232964637 ], [ 76.814983950362688, 12.725941025134631 ], [ 76.815008516407815, 12.725899311838536 ], [ 76.815106478482676, 12.725732972305815 ], [ 76.815226807116545, 12.725505416174132 ], [ 76.815268080445392, 12.725444757869649 ], [ 76.815366172677528, 12.725282393547042 ], [ 76.815472165008771, 12.72508033006209 ], [ 76.815578602945592, 12.724903915554941 ], [ 76.816060707671681, 12.724086709321449 ], [ 76.816055035780252, 12.72408228124311 ], [ 76.815920563026324, 12.723977284015195 ], [ 76.815424625269742, 12.723610268680371 ], [ 76.815392607241037, 12.723563050774203 ], [ 76.815407716586733, 12.72354378591657 ], [ 76.815308241926587, 12.723359898402745 ], [ 76.815224254124061, 12.723204639903635 ], [ 76.815196125420911, 12.72315264181497 ], [ 76.815008045418068, 12.723262286522059 ], [ 76.814900119399326, 12.723325203742846 ], [ 76.814797601635988, 12.723381897732031 ], [ 76.814720010304697, 12.723424806713853 ], [ 76.814701212952684, 12.72343520173486 ], [ 76.814549593956713, 12.723569415086581 ], [ 76.814448052163812, 12.723659299023328 ], [ 76.814408969104775, 12.723693895125043 ], [ 76.814373543803455, 12.723704094891637 ], [ 76.814350820660863, 12.723710636430161 ], [ 76.814346738217878, 12.723711812317418 ], [ 76.814324995472404, 12.72368257162471 ], [ 76.814172696936112, 12.723477753612283 ], [ 76.814082296035195, 12.723354902868362 ], [ 76.814004935269622, 12.723249773718118 ], [ 76.81396110940689, 12.723191180694004 ], [ 76.813819119591898, 12.723001346814444 ], [ 76.81373872045485, 12.722893856638363 ], [ 76.813726596574213, 12.722877690613009 ], [ 76.813566140501663, 12.722606767639379 ], [ 76.813491917304191, 12.722481444026471 ], [ 76.81345863989965, 12.722396199208804 ], [ 76.813439428394304, 12.722346987052251 ], [ 76.813430751055876, 12.722324759502925 ], [ 76.813368237285871, 12.72216462141648 ], [ 76.81335601136756, 12.722133301627034 ], [ 76.813200117776745, 12.721748710481258 ], [ 76.813088609301616, 12.721375440229574 ], [ 76.813085143268978, 12.721363838253145 ], [ 76.813011605417373, 12.721362564454047 ], [ 76.812895128129142, 12.721360547702663 ], [ 76.812881633799236, 12.72133885744849 ], [ 76.812831499266323, 12.721258275260507 ], [ 76.812733840882785, 12.721101308674669 ], [ 76.812730263578828, 12.721095559167797 ], [ 76.812724159524407, 12.721085747740208 ], [ 76.812714602578254, 12.721077984626119 ], [ 76.812704862342017, 12.721078123576131 ], [ 76.81269331214699, 12.721078287563177 ], [ 76.812679481559897, 12.721078484324902 ], [ 76.811804335578543, 12.7210909357088 ], [ 76.811547731044527, 12.721094886745359 ], [ 76.811506466065808, 12.721095521396707 ], [ 76.811400153368339, 12.721020012294662 ], [ 76.811270530106384, 12.721130922364795 ], [ 76.811236741547717, 12.721084463421912 ], [ 76.811145964585961, 12.721060666549972 ], [ 76.811053790145507, 12.721036503182843 ], [ 76.811049201023465, 12.721035299850961 ], [ 76.811034243722062, 12.721031378918662 ], [ 76.810968922633947, 12.721009104563912 ], [ 76.810877456146216, 12.720977914949561 ], [ 76.810816768257482, 12.720959291295575 ], [ 76.810743673880438, 12.720938231492784 ], [ 76.810504762362285, 12.720869394918058 ], [ 76.81047440388113, 12.720862315278978 ], [ 76.810406385510916, 12.720846454158908 ], [ 76.810346240408578, 12.720819059942054 ], [ 76.810291020494944, 12.720802869102437 ], [ 76.810227776208805, 12.720787805076794 ], [ 76.81019029498303, 12.720777859051449 ], [ 76.810105781439503, 12.720755433577065 ], [ 76.810022208331162, 12.720735527995894 ], [ 76.809979856366553, 12.720725302469695 ], [ 76.809948703555051, 12.720704485589453 ], [ 76.809908191615818, 12.720675743234251 ], [ 76.809838220428588, 12.72062610100101 ], [ 76.809783822573124, 12.720586626787632 ], [ 76.809722597777252, 12.720538343869038 ], [ 76.809657982603156, 12.7204889777388 ], [ 76.809588873666129, 12.72044185498047 ], [ 76.809507293603431, 12.720384856601138 ], [ 76.809402651336541, 12.720295363882409 ], [ 76.809490552854356, 12.72017172913322 ], [ 76.809514685595431, 12.720137785391666 ], [ 76.809531803318052, 12.72011370841474 ], [ 76.809597745477333, 12.719968878458319 ], [ 76.809566399790825, 12.719956556602877 ], [ 76.809670556917951, 12.719808959192944 ], [ 76.809714030278428, 12.71974735385022 ], [ 76.809715572711525, 12.719599011033665 ], [ 76.809583053408403, 12.71951681052998 ], [ 76.809536616071057, 12.719474826923554 ], [ 76.809531624694614, 12.719469994513732 ], [ 76.808761906750405, 12.719403172399351 ], [ 76.808713952080993, 12.719386650477686 ], [ 76.808665997423134, 12.719370129450319 ], [ 76.808490628745616, 12.719278356746736 ], [ 76.807206221425361, 12.718606200734202 ], [ 76.807184583719462, 12.718739701640942 ], [ 76.806990111698781, 12.719332885341151 ], [ 76.806906743486834, 12.719580124191159 ], [ 76.806606667082775, 12.72046476703002 ], [ 76.806533946906498, 12.720679148520077 ], [ 76.806370615607463, 12.72113171969132 ], [ 76.806356564202034, 12.721133247239877 ], [ 76.806352238288625, 12.721133717827309 ], [ 76.806348058635265, 12.721134039180789 ], [ 76.806346377711421, 12.721199811697522 ], [ 76.806311429741797, 12.721197851718632 ], [ 76.806283496793398, 12.721196285908867 ], [ 76.806217005213071, 12.72119255874917 ], [ 76.806161785914057, 12.721189462469386 ], [ 76.806105564474365, 12.721186310641432 ], [ 76.806053813567971, 12.721181395584797 ], [ 76.806034479873773, 12.721180827769121 ], [ 76.805978417325989, 12.721179182506647 ], [ 76.805962854132986, 12.721184622400605 ], [ 76.805551574918425, 12.721328366090061 ], [ 76.805541548898404, 12.722027020034089 ], [ 76.805537350184125, 12.722319555923145 ], [ 76.805529855765357, 12.722376367214039 ], [ 76.805529687540712, 12.722379920619328 ], [ 76.805525781091504, 12.722462365974041 ], [ 76.80550041448079, 12.722903276548569 ], [ 76.805489666658175, 12.723090090142017 ], [ 76.805479789672461, 12.723261775843325 ], [ 76.805442558394901, 12.72352208837127 ], [ 76.805427549437013, 12.723777257299359 ], [ 76.805424856878389, 12.72382303832314 ], [ 76.805417495464738, 12.723997606532937 ], [ 76.805408501829859, 12.724210874752975 ], [ 76.805407560462811, 12.724228918146121 ], [ 76.805385851513805, 12.724645026545891 ], [ 76.805376583093235, 12.724822692700394 ], [ 76.805371633880199, 12.724917563600188 ], [ 76.805380362094382, 12.725005384994999 ], [ 76.805404342949586, 12.725246644951092 ], [ 76.805408587570952, 12.725289346161492 ], [ 76.805415983532868, 12.725363761206332 ], [ 76.805412582823465, 12.72536487356494 ], [ 76.80540137848628, 12.725368538350102 ], [ 76.805400743378229, 12.725386792067269 ], [ 76.805400615520469, 12.725489651153897 ], [ 76.805432197941599, 12.725843352874154 ], [ 76.80556045430356, 12.727337397884254 ], [ 76.805573260357434, 12.727503118747297 ], [ 76.805585070711132, 12.727693639885949 ], [ 76.805670836817754, 12.729077223277949 ], [ 76.805687213780999, 12.730113535396365 ], [ 76.805688757438745, 12.730211184810479 ], [ 76.805689528096664, 12.730259973821893 ], [ 76.805695047212282, 12.730604284099018 ], [ 76.805712377292082, 12.730586497245625 ], [ 76.80781156134536, 12.731308687319453 ], [ 76.80957313989245, 12.73185603361974 ], [ 76.809918673035924, 12.731963391787643 ], [ 76.811430329535696, 12.732774165823169 ], [ 76.811716804616452, 12.732924927541903 ], [ 76.811749958058812, 12.732942374751344 ], [ 76.811981144368303, 12.729511504051057 ] ] ] } },
{ "type": "Feature", "properties": { "OBJECTID": 18877, "KGISVillageID": 24151, "KGISVillageCode": "2205090004", "KGISVillageName": "Heggadathihalli", "KGISHobliID": 120, "UniqueVillageCode": "2205090004_1", "Bhucode": "220501001021", "CensusVillageCode": "2957305550614320", "BhoomiVillageCode": "2205090004", "created_user": null, "created_date": null, "last_edited_user": null, "last_edited_date": null, "LGDGPCode": "219323", "LGDGPCode_Secondary": null, "Category": "Cadastral data available and has bhoomi linkage", "SHAPE.STArea()": 2133766.4971845001, "SHAPE.STLength()": 5769.9716526067796, "LGD_VillageCode": 614320.0, "_overlap_percent": 99.777823894511016, "_police_station": "Basaralu PS", "_police_feature_index": "485", "_admin_layer": "Village", "_geometry_clipped": true }, "geometry": { "type": "Polygon", "coordinates": [ [ [ 76.817684188758662, 12.739528564893515 ], [ 76.81871504682924, 12.739611578559945 ], [ 76.821181123201782, 12.739848141955667 ], [ 76.82316148773144, 12.740115004305666 ], [ 76.823248555146094, 12.740024471626864 ], [ 76.823369079729645, 12.739899125257274 ], [ 76.823366022044695, 12.739863880801657 ], [ 76.823238845166784, 12.738926976628711 ], [ 76.823346693964993, 12.738899504130513 ], [ 76.823363961644958, 12.738487505330999 ], [ 76.824054548118809, 12.736712264086906 ], [ 76.824113290525403, 12.736559194996881 ], [ 76.824191781997953, 12.73631903897091 ], [ 76.824215901427308, 12.736253368118296 ], [ 76.82423772431035, 12.736177637618844 ], [ 76.824278226362793, 12.736052411517162 ], [ 76.824276470357987, 12.736042614788206 ], [ 76.824263433243701, 12.735970021487978 ], [ 76.8242085445046, 12.735778747039147 ], [ 76.82416136609487, 12.735614339485005 ], [ 76.824312288590548, 12.735342135441059 ], [ 76.824428466449348, 12.735132595045339 ], [ 76.824510101660394, 12.734985358094251 ], [ 76.824566367388471, 12.73488387562778 ], [ 76.824576422245613, 12.734865741504716 ], [ 76.82458079016169, 12.734857863063356 ], [ 76.824611761485698, 12.734787524365656 ], [ 76.824620982293297, 12.734766582233931 ], [ 76.824695354777617, 12.734644508529637 ], [ 76.824852983431555, 12.734362959933373 ], [ 76.824894459001314, 12.734144403090028 ], [ 76.82490191325283, 12.734030213311101 ], [ 76.824849196908502, 12.733941152959927 ], [ 76.8248055140334, 12.733869060192678 ], [ 76.82479537278904, 12.733852073113539 ], [ 76.824800993023445, 12.733833011453656 ], [ 76.824840739995594, 12.733698194113275 ], [ 76.824836871820651, 12.733631257335189 ], [ 76.824843313574206, 12.733538217030233 ], [ 76.824848508501745, 12.733463179627975 ], [ 76.824854033963902, 12.733383377439123 ], [ 76.82486689719579, 12.733293183452153 ], [ 76.824879724719551, 12.733230304759157 ], [ 76.82491194834104, 12.733218182220117 ], [ 76.825115431577444, 12.733141634954979 ], [ 76.825113336004677, 12.733073308462634 ], [ 76.825110283211345, 12.732973759753841 ], [ 76.825109531611076, 12.732949270878581 ], [ 76.825107732616331, 12.732890608359163 ], [ 76.825106571455862, 12.732852759447347 ], [ 76.825105362042009, 12.732813313724279 ], [ 76.825098867705478, 12.732601570179977 ], [ 76.825105008882346, 12.732443230731677 ], [ 76.825107854370017, 12.732356921057436 ], [ 76.825119271842468, 12.732258349998578 ], [ 76.825101210706791, 12.732073843057536 ], [ 76.82509607111912, 12.732018765727728 ], [ 76.82509342556591, 12.731990418618402 ], [ 76.825083705013355, 12.731886272669717 ], [ 76.82508336441785, 12.731882294360256 ], [ 76.825081388494198, 12.731859257408152 ], [ 76.825080714433824, 12.731851396550605 ], [ 76.825080102668835, 12.731844263785369 ], [ 76.825070940293998, 12.731737440328892 ], [ 76.825057631060901, 12.731582248470311 ], [ 76.825025112945596, 12.731426516541402 ], [ 76.825029982583857, 12.731382721950274 ], [ 76.825033571886124, 12.731350443395174 ], [ 76.825103027646534, 12.73119119203823 ], [ 76.825105927728188, 12.73118793437235 ], [ 76.825139176759933, 12.731150577668833 ], [ 76.825172425775634, 12.731113220058534 ], [ 76.825198494226299, 12.731084024209199 ], [ 76.825311604816918, 12.731045419128218 ], [ 76.825371102610404, 12.731034581844721 ], [ 76.825425311433108, 12.730764015121258 ], [ 76.82544614741073, 12.730673332305376 ], [ 76.825520066257909, 12.730351628646389 ], [ 76.825544812348852, 12.730274680337224 ], [ 76.825575153630467, 12.730180333663167 ], [ 76.825724588077023, 12.729981508760876 ], [ 76.825724604546366, 12.729907372983412 ], [ 76.825724645447508, 12.729721350212042 ], [ 76.825724676108578, 12.729580349424499 ], [ 76.825722749537036, 12.729558291936847 ], [ 76.825722860218534, 12.729554329498191 ], [ 76.825723006040064, 12.729549101395008 ], [ 76.825732976526311, 12.72915862547765 ], [ 76.825733673493261, 12.729131338167944 ], [ 76.825734369539774, 12.729104050864571 ], [ 76.825787894717919, 12.729097560778351 ], [ 76.82584655828515, 12.729093605865518 ], [ 76.825842865036662, 12.729038380286571 ], [ 76.82588217707378, 12.728864658698949 ], [ 76.825874395080334, 12.728626352910959 ], [ 76.825871304623618, 12.728531706175522 ], [ 76.825867838202171, 12.728425562958755 ], [ 76.825861946328189, 12.728245133580751 ], [ 76.825839590361525, 12.727560550539051 ], [ 76.825839175382484, 12.727547847655993 ], [ 76.825887463278704, 12.72740007766299 ], [ 76.825944826999006, 12.727224533246643 ], [ 76.825947439029491, 12.727216540365164 ], [ 76.825950868272855, 12.727206046255599 ], [ 76.825934626487438, 12.727151480244743 ], [ 76.825931787766791, 12.727141944070654 ], [ 76.825912950649553, 12.727078656402151 ], [ 76.825608293400222, 12.726055110930073 ], [ 76.825596659359149, 12.726016023580483 ], [ 76.825491541081334, 12.72603248727137 ], [ 76.825361061062154, 12.726052921984389 ], [ 76.82501029102805, 12.726107857923308 ], [ 76.824976992259792, 12.726113073139251 ], [ 76.824966954850979, 12.726095361301267 ], [ 76.824905653890283, 12.725990864751459 ], [ 76.8246319957682, 12.725524371833986 ], [ 76.824527295236578, 12.725345893777748 ], [ 76.824460643553749, 12.725232274977079 ], [ 76.824337609148571, 12.725022540592654 ], [ 76.82401344504693, 12.724696133522594 ], [ 76.823595210225818, 12.724275003092798 ], [ 76.823097312670939, 12.723773653471175 ], [ 76.822712278346103, 12.723329800718721 ], [ 76.822417822843192, 12.72299036071515 ], [ 76.822382279580026, 12.722949387624229 ], [ 76.822285491411193, 12.722837812941478 ], [ 76.8221904511703, 12.722862639012277 ], [ 76.821769605405805, 12.722972571231598 ], [ 76.821202814361683, 12.723083666194437 ], [ 76.821202099818876, 12.723135286012628 ], [ 76.821154646798945, 12.723139827913743 ], [ 76.820819210285649, 12.723171822400779 ], [ 76.820557723532588, 12.723196466835397 ], [ 76.820465455143932, 12.723199977960986 ], [ 76.820050425890599, 12.723215772338071 ], [ 76.81996544785666, 12.723212063657813 ], [ 76.819779911126602, 12.72324247199654 ], [ 76.819188522094407, 12.723339395421583 ], [ 76.819180583660881, 12.723340696382589 ], [ 76.819168654682173, 12.723342109711732 ], [ 76.819012044143548, 12.723394745874225 ], [ 76.818998019168063, 12.723399460083463 ], [ 76.818964841990663, 12.72341061033951 ], [ 76.818955607127265, 12.723413714390949 ], [ 76.81893296025612, 12.723414650842956 ], [ 76.81891512900512, 12.723416910946256 ], [ 76.81889828480081, 12.723419045863267 ], [ 76.818615647760041, 12.723454862759061 ], [ 76.818160288098383, 12.723512569102093 ], [ 76.818071476657721, 12.723535844261315 ], [ 76.81778277731307, 12.723611505937175 ], [ 76.81771934996641, 12.723632802657981 ], [ 76.817689544533678, 12.723642809724691 ], [ 76.817257330122146, 12.723787928813712 ], [ 76.817229251490829, 12.723797356351923 ], [ 76.816959967205591, 12.723868922312635 ], [ 76.816699013394242, 12.723938275138522 ], [ 76.816151522679306, 12.724070107940758 ], [ 76.816140950391315, 12.724019179124964 ], [ 76.816094540196403, 12.724030064549881 ], [ 76.81610319043979, 12.724085197827327 ], [ 76.816057518840239, 12.724079024721719 ], [ 76.816055035780252, 12.72408228124311 ], [ 76.816060707671681, 12.724086709321449 ], [ 76.815578602945592, 12.724903915554941 ], [ 76.815472165008771, 12.72508033006209 ], [ 76.815366172677528, 12.725282393547042 ], [ 76.815268080445392, 12.725444757869649 ], [ 76.815226807116545, 12.725505416174132 ], [ 76.815106478482676, 12.725732972305815 ], [ 76.815008516407815, 12.725899311838536 ], [ 76.814983950362688, 12.725941025134631 ], [ 76.814883135208703, 12.725817232964637 ], [ 76.814866179650153, 12.72585165132616 ], [ 76.81486238391588, 12.725859356684614 ], [ 76.814839638537492, 12.725905528075975 ], [ 76.814830568523234, 12.725923939856642 ], [ 76.814806989917685, 12.725971801784878 ], [ 76.814783584682402, 12.726019314530943 ], [ 76.814737230697403, 12.726113408609001 ], [ 76.814684747405295, 12.726219945888889 ], [ 76.814679400507444, 12.726230800139414 ], [ 76.814644777692109, 12.726299396773204 ], [ 76.814434224864655, 12.726716551052499 ], [ 76.814425163503515, 12.726734503596221 ], [ 76.814394706291793, 12.726794852707771 ], [ 76.814394669971563, 12.726794924362988 ], [ 76.814386400342713, 12.726811308676199 ], [ 76.814372340380828, 12.726878882230988 ], [ 76.814371237258513, 12.726884181996159 ], [ 76.814366834595816, 12.726892904756504 ], [ 76.814372567577436, 12.726902034422675 ], [ 76.814361097245836, 12.726904272369863 ], [ 76.814244836363187, 12.726926958957852 ], [ 76.814097380744229, 12.726955733485577 ], [ 76.81353624500079, 12.727069352676203 ], [ 76.813480866625866, 12.727078242813759 ], [ 76.813426423579742, 12.727086983722769 ], [ 76.81329964149964, 12.727171275318639 ], [ 76.813220725649003, 12.727230378857413 ], [ 76.812477898152466, 12.727786708920821 ], [ 76.812507911368783, 12.727877287317764 ], [ 76.812210763275473, 12.728089980845041 ], [ 76.812092466743351, 12.728174655898806 ], [ 76.811933704465616, 12.728386320836488 ], [ 76.811981144368303, 12.729511504051057 ], [ 76.811749958058812, 12.732942374751344 ], [ 76.811954598610797, 12.733050068140505 ], [ 76.81265045961959, 12.733991846890357 ], [ 76.812864135748782, 12.734281034766841 ], [ 76.81310543229938, 12.734607602010394 ], [ 76.815212203319078, 12.736859532855627 ], [ 76.815283288569205, 12.736935519617543 ], [ 76.817298466166037, 12.739497530945064 ], [ 76.817684188758662, 12.739528564893515 ] ] ] } },
{ "type": "Feature", "properties": { "OBJECTID": 18882, "KGISVillageID": 24156, "KGISVillageCode": "2205100011", "KGISVillageName": "Kambadhahalli", "KGISHobliID": 1109, "UniqueVillageCode": "2205100011_1", "Bhucode": "220501001026", "CensusVillageCode": "2957305550614324", "BhoomiVillageCode": "2205100011", "created_user": null, "created_date": null, "last_edited_user": null, "last_edited_date": null, "LGDGPCode": "219344", "LGDGPCode_Secondary": null, "Category": "Cadastral data available and has bhoomi linkage", "SHAPE.STArea()": 4419654.1946980404, "SHAPE.STLength()": 9830.4781116212143, "LGD_VillageCode": 614324.0, "_overlap_percent": 99.999999999999929, "_police_station": "Basaralu PS", "_police_feature_index": "485", "_admin_layer": "Village", "_geometry_clipped": true }, "geometry": { "type": "Polygon", "coordinates": [ [ [ 76.857324700247617, 12.741340210908776 ], [ 76.857066403078917, 12.740580786036151 ], [ 76.85680810866549, 12.739821361554771 ], [ 76.855610561273366, 12.735199320803121 ], [ 76.855579758737903, 12.735094949432412 ], [ 76.855176637565705, 12.734082257935652 ], [ 76.854350758041107, 12.73177139765245 ], [ 76.854291168989263, 12.731588132657746 ], [ 76.854251302555511, 12.731465464359438 ], [ 76.854374874137378, 12.730695527190052 ], [ 76.854639646028716, 12.729045799900776 ], [ 76.853965446960601, 12.728302238974191 ], [ 76.851794717407628, 12.725903325792288 ], [ 76.851398636328454, 12.725575909703787 ], [ 76.85005375657957, 12.724403959376069 ], [ 76.849837303332436, 12.724215337339208 ], [ 76.849620850400001, 12.724026715078727 ], [ 76.84959045909838, 12.724000230808057 ], [ 76.84959046151117, 12.723997259795535 ], [ 76.84950613046108, 12.723992415504796 ], [ 76.849403779889485, 12.72398385377223 ], [ 76.847949902984652, 12.723862236145539 ], [ 76.847919752518465, 12.723859714101486 ], [ 76.847900965105609, 12.723857391175084 ], [ 76.847822246321371, 12.723847656151877 ], [ 76.847823221644305, 12.723851639000518 ], [ 76.84640432849254, 12.723770495844038 ], [ 76.846395684929703, 12.723770001119924 ], [ 76.846259215424368, 12.723762196587177 ], [ 76.846168861089737, 12.723742715347313 ], [ 76.845948817124977, 12.723695271151753 ], [ 76.84594086613869, 12.723639923304903 ], [ 76.845872338956397, 12.723632883390298 ], [ 76.845630792452852, 12.723608066943733 ], [ 76.845465700856991, 12.723591105505138 ], [ 76.845439295416071, 12.723588392577117 ], [ 76.845152428653662, 12.723569312784781 ], [ 76.845151519477497, 12.723569253135528 ], [ 76.844715489373925, 12.72354058417533 ], [ 76.844704713142079, 12.723540048206432 ], [ 76.844554134141859, 12.723532553434216 ], [ 76.844332101691208, 12.723514669922059 ], [ 76.844147494700294, 12.723501409260958 ], [ 76.84411693796396, 12.723499106528749 ], [ 76.84390487404427, 12.723483127294838 ], [ 76.84344620798565, 12.723448566003533 ], [ 76.842882824562338, 12.7234061131616 ], [ 76.842171865033137, 12.723350099716157 ], [ 76.841999961398614, 12.723336487063682 ], [ 76.841749237279714, 12.723316632467393 ], [ 76.841736080110749, 12.723315590494368 ], [ 76.841157145263992, 12.723247643622186 ], [ 76.841155879595149, 12.723247431875484 ], [ 76.841153984729786, 12.723247299522763 ], [ 76.840610802924431, 12.723137422017196 ], [ 76.839803775176605, 12.722974169492581 ], [ 76.839756622013113, 12.722964631258188 ], [ 76.839681382035863, 12.72294149143932 ], [ 76.839490455721872, 12.722882771559082 ], [ 76.839471031642645, 12.72287679810036 ], [ 76.839098396292172, 12.722794732702262 ], [ 76.838703515314805, 12.722713503568587 ], [ 76.838267913006447, 12.722626753550413 ], [ 76.837874545818181, 12.72255137599684 ], [ 76.837815795959003, 12.722540118247176 ], [ 76.837702299915719, 12.722525461181945 ], [ 76.837639154166382, 12.722512611441639 ], [ 76.83759223399376, 12.722503063952368 ], [ 76.837410525847176, 12.722476495093938 ], [ 76.837330027819647, 12.722464724629782 ], [ 76.837196923770222, 12.722445261880303 ], [ 76.837171890658354, 12.722441448517779 ], [ 76.837163185892521, 12.72244012234936 ], [ 76.837106643666672, 12.722435864046789 ], [ 76.836952372685104, 12.7224242443903 ], [ 76.836912329386777, 12.722421228348663 ], [ 76.836863273859962, 12.722417533616094 ], [ 76.836580736834662, 12.722396253099959 ], [ 76.83632034486395, 12.722376640976968 ], [ 76.836145727056689, 12.722363488813292 ], [ 76.836065745485001, 12.72235746478543 ], [ 76.836034155239631, 12.722355085098739 ], [ 76.835794706132788, 12.72233704917376 ], [ 76.835719230986427, 12.722319818376624 ], [ 76.835643754926721, 12.72230258756292 ], [ 76.835529839240209, 12.722292298130148 ], [ 76.835439576411787, 12.722284145124343 ], [ 76.834872134538486, 12.722227764256898 ], [ 76.834859863702675, 12.722226544960765 ], [ 76.834785061166556, 12.722219239134457 ], [ 76.834524268103877, 12.722193768193859 ], [ 76.834513273505536, 12.72219269460539 ], [ 76.834446383982666, 12.722186211543411 ], [ 76.83443405257232, 12.722185018858641 ], [ 76.834244868074308, 12.722173514602471 ], [ 76.834235869826585, 12.721725951755316 ], [ 76.834335193861278, 12.721438017046498 ], [ 76.834173452000272, 12.721567283848271 ], [ 76.834088682531288, 12.721635032730822 ], [ 76.833604001904106, 12.721811451563863 ], [ 76.833044376844015, 12.722015148120356 ], [ 76.832798019532461, 12.722104818099933 ], [ 76.832714900035128, 12.722135072598855 ], [ 76.832525456032229, 12.722204026913861 ], [ 76.832310568107886, 12.722282242791607 ], [ 76.83228359011899, 12.722498536671942 ], [ 76.832250955402458, 12.722488925560281 ], [ 76.832190877634517, 12.722470950010766 ], [ 76.831695592420616, 12.722285051970655 ], [ 76.831678621990065, 12.722286492570564 ], [ 76.831668006794445, 12.722281707657929 ], [ 76.831555008211936, 12.722283886279186 ], [ 76.83111424477687, 12.722288760747189 ], [ 76.830836614559857, 12.722283216266092 ], [ 76.830776368059063, 12.722282012871359 ], [ 76.830776331781564, 12.722282603349914 ], [ 76.830775050034035, 12.722310451439242 ], [ 76.830733130308772, 12.722413758937479 ], [ 76.830697206855575, 12.722496988883908 ], [ 76.830693782502479, 12.722504921420221 ], [ 76.830657667581875, 12.722500970694472 ], [ 76.830637159667731, 12.722498679186081 ], [ 76.830507730202967, 12.722484219466029 ], [ 76.83039381996474, 12.722477924686364 ], [ 76.830377028635397, 12.722476996728885 ], [ 76.830345922764394, 12.722475277356708 ], [ 76.83014812748965, 12.722453011228977 ], [ 76.830111318810452, 12.722448867271378 ], [ 76.829940420990496, 12.722429628434714 ], [ 76.829900367849689, 12.722425119096933 ], [ 76.82990028135093, 12.722430392881051 ], [ 76.82984354490921, 12.72242422718227 ], [ 76.829819961704956, 12.722421664899505 ], [ 76.829437321663079, 12.722378748762351 ], [ 76.829240735153391, 12.722351442638045 ], [ 76.829109639838506, 12.722336807518476 ], [ 76.829068336567758, 12.722332196409718 ], [ 76.829029911917516, 12.722327906180174 ], [ 76.829009122068541, 12.722325585756673 ], [ 76.828997854216411, 12.722324541843221 ], [ 76.82885948371073, 12.722476533207328 ], [ 76.828846524371443, 12.722490768267724 ], [ 76.82879172778263, 12.722488575929962 ], [ 76.828710932786663, 12.722485342817389 ], [ 76.828696732686751, 12.722488575466418 ], [ 76.828672582371397, 12.722476123211122 ], [ 76.828653739341348, 12.72246640739894 ], [ 76.828653714386093, 12.722466394013123 ], [ 76.828608280988746, 12.722470814813233 ], [ 76.828596845334857, 12.722471925065021 ], [ 76.8285584293086, 12.722475655670802 ], [ 76.828543595810686, 12.722477096689646 ], [ 76.82849437346519, 12.722481877151582 ], [ 76.828261092586843, 12.722476944929372 ], [ 76.82820337414357, 12.722475724410311 ], [ 76.828134098937767, 12.722474260041722 ], [ 76.828063851298992, 12.72247277434502 ], [ 76.827998032067541, 12.722471382807349 ], [ 76.827930898530809, 12.722490634825999 ], [ 76.827848904706585, 12.722514148076549 ], [ 76.827757449519837, 12.722540356849196 ], [ 76.827747749944592, 12.72254372832691 ], [ 76.827643693445182, 12.722640761069913 ], [ 76.827569039998821, 12.722988859388368 ], [ 76.827555802998532, 12.723050497199637 ], [ 76.827536414973906, 12.723140733491897 ], [ 76.827526378199664, 12.723187424481205 ], [ 76.8278648767634, 12.723372868557814 ], [ 76.828152304154656, 12.723486813076297 ], [ 76.828287796368443, 12.723569951653543 ], [ 76.828305739070828, 12.72358096171418 ], [ 76.828271857086222, 12.723694439904138 ], [ 76.828262136321101, 12.723726998489521 ], [ 76.828247936277464, 12.723772419359776 ], [ 76.828243864636221, 12.723786147452527 ], [ 76.828274202015805, 12.723805627118891 ], [ 76.828266593300668, 12.723837273582497 ], [ 76.828262275749424, 12.723855233494689 ], [ 76.828388604950788, 12.723903632536647 ], [ 76.828411777772345, 12.723912510406636 ], [ 76.828453540664611, 12.723932279060485 ], [ 76.828454052621012, 12.723925213573741 ], [ 76.82845434757516, 12.723921145017107 ], [ 76.828464119684099, 12.72392738116821 ], [ 76.828466658675168, 12.723929001458751 ], [ 76.828485808581505, 12.723934755288274 ], [ 76.828517197123674, 12.723951873983063 ], [ 76.828663464760183, 12.72403164693818 ], [ 76.828694339303397, 12.724048472687095 ], [ 76.829286952455632, 12.724371424269231 ], [ 76.829622057598627, 12.724514283355324 ], [ 76.829697261205467, 12.72464886466202 ], [ 76.829706947898856, 12.724684281937082 ], [ 76.829715523781971, 12.724957534455255 ], [ 76.829919593230642, 12.725036983215734 ], [ 76.830181134015874, 12.725129068520808 ], [ 76.830368259863278, 12.725217161997923 ], [ 76.830498877597222, 12.725265009622818 ], [ 76.830498910735585, 12.72526488014023 ], [ 76.83049931332566, 12.725265169308292 ], [ 76.830499907839112, 12.725265387551911 ], [ 76.830504831932259, 12.725267191091397 ], [ 76.830575464441509, 12.725318522771575 ], [ 76.830575169555146, 12.725319642898125 ], [ 76.830583905289359, 12.725325915947135 ], [ 76.830729810372617, 12.725430692951649 ], [ 76.830818960788207, 12.72548833392735 ], [ 76.830910428404081, 12.725547471929367 ], [ 76.830935644397698, 12.725563775184002 ], [ 76.830938487905343, 12.725565613885928 ], [ 76.83111228164357, 12.725642857565223 ], [ 76.831248383116076, 12.725703349070539 ], [ 76.831448893387616, 12.725792468127697 ], [ 76.831448930331675, 12.725792484141897 ], [ 76.8314885510853, 12.725810057092623 ], [ 76.831637944315645, 12.725876316253009 ], [ 76.831817121332136, 12.725955785475344 ], [ 76.831828263557227, 12.725960727604479 ], [ 76.831989009770055, 12.726032022119513 ], [ 76.8322105001197, 12.726133180484069 ], [ 76.832215180803033, 12.726135318296022 ], [ 76.832334005695699, 12.726189588041175 ], [ 76.832353524758076, 12.726197097933936 ], [ 76.832361231373653, 12.726200062638361 ], [ 76.832444652484, 12.72623215586249 ], [ 76.832444835292094, 12.726232226003408 ], [ 76.832445674555984, 12.726232549205408 ], [ 76.832554515949226, 12.726259873947491 ], [ 76.832677487501797, 12.726290747076728 ], [ 76.832755476731435, 12.726310325738082 ], [ 76.832855706718163, 12.726335489130319 ], [ 76.83292392506263, 12.726352615367812 ], [ 76.832930170139704, 12.726777597088374 ], [ 76.832934679128982, 12.727084416150639 ], [ 76.832935071012898, 12.727110905864466 ], [ 76.832937074170061, 12.727246238378735 ], [ 76.832940213506731, 12.727458360329896 ], [ 76.832941539376435, 12.727547973464166 ], [ 76.832944581029082, 12.727753539414348 ], [ 76.832945984967267, 12.727848379085255 ], [ 76.832944888354788, 12.727987212041562 ], [ 76.832943259781075, 12.728193376133097 ], [ 76.832943167665363, 12.728205035787319 ], [ 76.832943361976604, 12.728205040769444 ], [ 76.832945815314261, 12.728205109655745 ], [ 76.832945135695368, 12.728217656457284 ], [ 76.832941531879641, 12.728284180911132 ], [ 76.832940079926729, 12.728310979854374 ], [ 76.832938565561761, 12.728358316959174 ], [ 76.832933581310442, 12.728514155111277 ], [ 76.832927059609901, 12.728694117342584 ], [ 76.832924501472036, 12.72876470377917 ], [ 76.832920502382748, 12.728875028881934 ], [ 76.832914357187974, 12.729044594906266 ], [ 76.83290888212882, 12.72919567848133 ], [ 76.832903689676158, 12.729338933491126 ], [ 76.832898878921057, 12.729432651987963 ], [ 76.832882765237429, 12.729691611036836 ], [ 76.832872763054723, 12.729807593434055 ], [ 76.832862760368513, 12.730013104131872 ], [ 76.832842510294441, 12.730338529851789 ], [ 76.832839489112544, 12.730390667893801 ], [ 76.832838855828186, 12.7304069726642 ], [ 76.832842685058154, 12.73040733662825 ], [ 76.833267153243426, 12.730437103538844 ], [ 76.833633083163818, 12.730458401881444 ], [ 76.833759386212634, 12.730500666112663 ], [ 76.833798478372145, 12.730513747315468 ], [ 76.833926021030621, 12.73068939679551 ], [ 76.833928085518906, 12.730692239625958 ], [ 76.83391938182443, 12.730766424419393 ], [ 76.833909816119188, 12.730881189872109 ], [ 76.833908855096709, 12.730892751592691 ], [ 76.833893761484404, 12.731074291613927 ], [ 76.833889519821682, 12.731125304640704 ], [ 76.83387687294892, 12.731277426656463 ], [ 76.833867116058812, 12.731339335162781 ], [ 76.833866953154597, 12.731340369413685 ], [ 76.833844740426855, 12.731481319884516 ], [ 76.833882074499314, 12.731523147232965 ], [ 76.833916297174426, 12.731561488211263 ], [ 76.833924159228303, 12.731570296186899 ], [ 76.833930449798984, 12.73157734346464 ], [ 76.833934246236211, 12.731581596986453 ], [ 76.83395070271331, 12.731600033095233 ], [ 76.833990931027756, 12.73164510334176 ], [ 76.834021888129811, 12.731664656504066 ], [ 76.834080336573265, 12.731701575058379 ], [ 76.834121702151094, 12.731727704055935 ], [ 76.834153932007581, 12.731748061864581 ], [ 76.834225876428278, 12.731793505270431 ], [ 76.834263374819855, 12.731817191665126 ], [ 76.834270030970274, 12.731839610307105 ], [ 76.834304076974746, 12.731954276947633 ], [ 76.834309845549868, 12.731972344185099 ], [ 76.834359827958295, 12.732128886910175 ], [ 76.834361718266308, 12.732135418726916 ], [ 76.834371080092723, 12.732167765693131 ], [ 76.834403700273199, 12.732413853875554 ], [ 76.834405838196702, 12.732429979447584 ], [ 76.834408607689767, 12.732429833715031 ], [ 76.834409189571375, 12.732433414426879 ], [ 76.834421044363253, 12.732428436926117 ], [ 76.834464306913603, 12.732410272169037 ], [ 76.834467088008566, 12.732739784494644 ], [ 76.834467408922279, 12.73277775289638 ], [ 76.834467510707924, 12.732789858610074 ], [ 76.83446909844605, 12.732799127628583 ], [ 76.834470185197745, 12.732839112677517 ], [ 76.834472695537684, 12.732901006679835 ], [ 76.834472563831056, 12.732901001265462 ], [ 76.834473335964603, 12.732917977801968 ], [ 76.834474998524271, 12.732954552178565 ], [ 76.834476567953843, 12.732989059148544 ], [ 76.834495237753572, 12.733025377372666 ], [ 76.834588818393456, 12.733207414271492 ], [ 76.834651123713371, 12.73332861426322 ], [ 76.834684943350439, 12.733351830737886 ], [ 76.834826974980047, 12.733449333623215 ], [ 76.834936373881789, 12.733680803540018 ], [ 76.834968970315984, 12.733749771426659 ], [ 76.83500135360346, 12.733818289753877 ], [ 76.83504577301207, 12.73391227428446 ], [ 76.835241477460855, 12.733909519193665 ], [ 76.835240391334906, 12.733911745721032 ], [ 76.835237969923867, 12.733975374055879 ], [ 76.835223588672747, 12.734353287138825 ], [ 76.835207984816762, 12.734508421409371 ], [ 76.835206495663428, 12.734523226252049 ], [ 76.835067326998754, 12.734543875586153 ], [ 76.835060962142592, 12.734544819966397 ], [ 76.835026358438228, 12.7345445988968 ], [ 76.834991754733281, 12.734544377822653 ], [ 76.834885188263087, 12.734759320777874 ], [ 76.834880431574405, 12.734768913970345 ], [ 76.83488492288221, 12.734722047080044 ], [ 76.834857803180697, 12.734767149213425 ], [ 76.834830241276393, 12.734812987447951 ], [ 76.834812458685377, 12.734842560564839 ], [ 76.8348075293043, 12.73491876916127 ], [ 76.834797731142714, 12.735070266699424 ], [ 76.834793858282438, 12.735130148625151 ], [ 76.834789233085942, 12.735201667650308 ], [ 76.834774073427269, 12.735341403255321 ], [ 76.834770123775755, 12.73537781134365 ], [ 76.834768011645721, 12.735397279947845 ], [ 76.834758862847437, 12.735481612840426 ], [ 76.834742839213078, 12.735629755892646 ], [ 76.834727180046073, 12.73576392713019 ], [ 76.834722606167432, 12.735797655056304 ], [ 76.834722271222262, 12.735843761903896 ], [ 76.834718824631523, 12.735982225010817 ], [ 76.834715694739458, 12.736135015852696 ], [ 76.834714135814139, 12.73621896712022 ], [ 76.834712913560935, 12.736284826029287 ], [ 76.834709833538327, 12.736421124538678 ], [ 76.834704679083785, 12.736672744834722 ], [ 76.834704563194734, 12.736678393912275 ], [ 76.834701031824892, 12.736696023944363 ], [ 76.834699873669493, 12.736701806789199 ], [ 76.834694953535163, 12.736731560998384 ], [ 76.834681878436811, 12.736810627152197 ], [ 76.834662422883625, 12.736928282107057 ], [ 76.834655503849774, 12.736971999576181 ], [ 76.83464863651227, 12.736971196644648 ], [ 76.834616115956266, 12.737159727730647 ], [ 76.834646140933955, 12.73733527137912 ], [ 76.834657021737499, 12.737398888843225 ], [ 76.834670625725977, 12.737490086145353 ], [ 76.834684969860973, 12.737586251397616 ], [ 76.834697327611096, 12.737652556663756 ], [ 76.834717515901858, 12.737760879096104 ], [ 76.834728216245011, 12.73781758049714 ], [ 76.83473501191861, 12.737853594113741 ], [ 76.834750960179733, 12.737936205572183 ], [ 76.834758623926788, 12.737935845120274 ], [ 76.83475524249792, 12.737958957883201 ], [ 76.834780648757445, 12.737965403466765 ], [ 76.835214301521901, 12.738075420521875 ], [ 76.835294212411668, 12.738384098565323 ], [ 76.835317297164138, 12.738473271352532 ], [ 76.835420439485162, 12.738411374926645 ], [ 76.835461109271421, 12.738386968589385 ], [ 76.835531783510604, 12.738388680176969 ], [ 76.835542646839613, 12.738388943771836 ], [ 76.835606851522797, 12.738390498654059 ], [ 76.835757609737243, 12.738367882903786 ], [ 76.83587027921709, 12.738355748652921 ], [ 76.835954877655183, 12.738380137375582 ], [ 76.835968250875638, 12.738381150018515 ], [ 76.836385757747607, 12.738412765268039 ], [ 76.836423358137935, 12.738414774837088 ], [ 76.836460347675782, 12.738415325278551 ], [ 76.836478590123221, 12.738415596373391 ], [ 76.836527452442795, 12.738416322910949 ], [ 76.836574182318643, 12.738418336885422 ], [ 76.836703292533528, 12.738423900687877 ], [ 76.836704827814799, 12.738402474699699 ], [ 76.836706930356215, 12.738373132318399 ], [ 76.836755029272524, 12.73832207974062 ], [ 76.836781617678085, 12.738293859022207 ], [ 76.837319952600183, 12.738219033450886 ], [ 76.837432635010174, 12.738219714394017 ], [ 76.837588335853297, 12.738220654242637 ], [ 76.837606114611162, 12.738230563704066 ], [ 76.837631753334975, 12.738244853855889 ], [ 76.837715329522695, 12.738291438127909 ], [ 76.837761914952168, 12.738303822059169 ], [ 76.837796404055354, 12.738312989975071 ], [ 76.837900139015858, 12.738378775117679 ], [ 76.83827239569284, 12.738614278641935 ], [ 76.838294406458701, 12.738680012188663 ], [ 76.838316418165334, 12.738745746629119 ], [ 76.838397702055261, 12.7387544230385 ], [ 76.838478985019975, 12.738763098524695 ], [ 76.838484640825016, 12.738786143077462 ], [ 76.838489070536696, 12.738788424390371 ], [ 76.838525950882783, 12.738807413268297 ], [ 76.838578804203962, 12.738819424479527 ], [ 76.838678169239984, 12.738842006786154 ], [ 76.838701122715491, 12.738837984160437 ], [ 76.838749641352166, 12.73882948057155 ], [ 76.839054682399237, 12.738776016516104 ], [ 76.839249497987936, 12.738741871073602 ], [ 76.839442855928198, 12.738707981478788 ], [ 76.839515237425829, 12.73869529508773 ], [ 76.839596526241806, 12.738681047238625 ], [ 76.839678694195698, 12.738666645923276 ], [ 76.839744322058749, 12.738655143490487 ], [ 76.840166875572805, 12.738583255648535 ], [ 76.840192940369462, 12.73857975719708 ], [ 76.840408762651791, 12.73856049884794 ], [ 76.84066448287318, 12.738537680856972 ], [ 76.840791742536709, 12.738526325208657 ], [ 76.84086161272316, 12.738523558685038 ], [ 76.841056625855089, 12.738515836905547 ], [ 76.841155020698778, 12.738511940858055 ], [ 76.841176868012241, 12.738511075693634 ], [ 76.841193112572114, 12.73853101401169 ], [ 76.841207177699786, 12.738548278493887 ], [ 76.841292083488526, 12.738697677811434 ], [ 76.841451982637452, 12.738774038088081 ], [ 76.841511417901899, 12.738885776955698 ], [ 76.841522120645038, 12.738907152998362 ], [ 76.841558945884699, 12.73898069910731 ], [ 76.841595770220678, 12.739054244310422 ], [ 76.84164949750722, 12.739086402279847 ], [ 76.841986610326728, 12.739289914566799 ], [ 76.842027669960899, 12.739314969482766 ], [ 76.842068729602559, 12.739340024391206 ], [ 76.842199478463314, 12.739419806636498 ], [ 76.842243955604189, 12.739431292400498 ], [ 76.842245051523847, 12.739431574910665 ], [ 76.842256332707294, 12.739434488156704 ], [ 76.842294900352115, 12.73944444775552 ], [ 76.842316004256745, 12.739449897543484 ], [ 76.842324233832159, 12.739452023075353 ], [ 76.842324398917413, 12.739452952002765 ], [ 76.842655334306968, 12.739537853288487 ], [ 76.842780925025096, 12.739569958830554 ], [ 76.842832940777441, 12.739583255752905 ], [ 76.842861605852562, 12.73959058348599 ], [ 76.842903885226079, 12.739600805470173 ], [ 76.843479481570824, 12.739739970525205 ], [ 76.843970500122367, 12.73985868536983 ], [ 76.844004771002105, 12.739885630232068 ], [ 76.844699577350369, 12.740431903286101 ], [ 76.844722610653079, 12.740451896135429 ], [ 76.844922821388906, 12.740600391398914 ], [ 76.844994156529566, 12.740653300529079 ], [ 76.846237829480671, 12.741560619251107 ], [ 76.846337251076434, 12.741633151836856 ], [ 76.846463352411646, 12.741725148138165 ], [ 76.84646381618262, 12.741724216634138 ], [ 76.8481301323379, 12.741675186383867 ], [ 76.848137035784887, 12.741674983595896 ], [ 76.848249171646287, 12.741622250723353 ], [ 76.848325721900309, 12.74158408722494 ], [ 76.84984112489839, 12.741693983540634 ], [ 76.850016958890606, 12.741706733985776 ], [ 76.856527126125869, 12.742178740603329 ], [ 76.856920126516641, 12.74220076600853 ], [ 76.857294265156028, 12.74220337913288 ], [ 76.857461940572094, 12.742186484660742 ], [ 76.857324700247617, 12.741340210908776 ] ] ] } },
{ "type": "Feature", "properties": { "OBJECTID": 18892, "KGISVillageID": 24166, "KGISVillageCode": "2205100015", "KGISVillageName": "Muddhanaghatta", "KGISHobliID": 1109, "UniqueVillageCode": "2205100015_1", "Bhucode": "220501001036", "CensusVillageCode": "2957305550614321", "BhoomiVillageCode": "2205100015", "created_user": null, "created_date": null, "last_edited_user": null, "last_edited_date": null, "LGDGPCode": "219344", "LGDGPCode_Secondary": null, "Category": "Cadastral data available and has bhoomi linkage", "SHAPE.STArea()": 2290525.0419100602, "SHAPE.STLength()": 8391.6914278761724, "LGD_VillageCode": 614321.0, "_overlap_percent": 99.991463950760263, "_police_station": "Basaralu PS", "_police_feature_index": "485", "_admin_layer": "Village", "_geometry_clipped": true }, "geometry": { "type": "Polygon", "coordinates": [ [ [ 76.828516040955435, 12.749297058342371 ], [ 76.828510337302504, 12.749221603807007 ], [ 76.828508195611121, 12.749193267814313 ], [ 76.8284524458698, 12.748520971156898 ], [ 76.828446076010337, 12.748444159989157 ], [ 76.82843579590714, 12.748320192004178 ], [ 76.828430097425908, 12.748251476679984 ], [ 76.828427358555743, 12.748218448300035 ], [ 76.828374951692211, 12.747844047813048 ], [ 76.828375564018472, 12.747726634390622 ], [ 76.828375613626406, 12.747717122616203 ], [ 76.828364225537626, 12.747556532010281 ], [ 76.828329035036433, 12.747060299907735 ], [ 76.828332595205453, 12.746996951011281 ], [ 76.828336155381407, 12.74693360301856 ], [ 76.828382818010567, 12.74654461506762 ], [ 76.828447960706711, 12.746001573772372 ], [ 76.828448707526405, 12.745996190577943 ], [ 76.828435810414931, 12.74599460306459 ], [ 76.828433150631255, 12.745994276174853 ], [ 76.828435837544674, 12.745994405833191 ], [ 76.828460383550677, 12.745832216388008 ], [ 76.828479085147279, 12.745708646361997 ], [ 76.828507784943682, 12.745519005663038 ], [ 76.82854927509274, 12.745244857715942 ], [ 76.828573515091804, 12.745084690537448 ], [ 76.828578773088324, 12.745049944643325 ], [ 76.828495648897587, 12.744961403994953 ], [ 76.828469722705279, 12.744933788299708 ], [ 76.828452325690606, 12.744915258098652 ], [ 76.828458239583824, 12.744766710331207 ], [ 76.828461205963592, 12.744692210866214 ], [ 76.828542820395953, 12.743776284890966 ], [ 76.828543744988892, 12.743765904773321 ], [ 76.828526512682217, 12.743762748271111 ], [ 76.828502478507659, 12.743758828015665 ], [ 76.828378471741146, 12.743738603335924 ], [ 76.828309522079635, 12.743728004798715 ], [ 76.828306725303506, 12.743727574906329 ], [ 76.828309509359102, 12.743669366256739 ], [ 76.82831290476048, 12.743595360043686 ], [ 76.828331061740045, 12.743199585805042 ], [ 76.828331687974583, 12.743189971520085 ], [ 76.828335351593964, 12.743133716382529 ], [ 76.828403556128407, 12.743153808018025 ], [ 76.82840480221725, 12.743153843694563 ], [ 76.828413418000011, 12.743154089649359 ], [ 76.828439823463668, 12.743154843539351 ], [ 76.828450079512265, 12.743155136002722 ], [ 76.828495355879426, 12.743156427405605 ], [ 76.828514161403575, 12.743156964468884 ], [ 76.828498648015938, 12.743028497873189 ], [ 76.828477739650268, 12.74285535045351 ], [ 76.828505961811018, 12.742857388838205 ], [ 76.828565824953969, 12.742861711318977 ], [ 76.828645370589854, 12.742865342746818 ], [ 76.828666939532653, 12.74270623529471 ], [ 76.828676388601238, 12.742636529434664 ], [ 76.828715755088396, 12.742643575937466 ], [ 76.828755121570453, 12.742650621530299 ], [ 76.828856664142577, 12.742663140444243 ], [ 76.828938462221089, 12.742673224317967 ], [ 76.829091214642773, 12.742687674962772 ], [ 76.829226747225221, 12.742701722155775 ], [ 76.829227465084784, 12.742697053219345 ], [ 76.829243778023439, 12.742590970623336 ], [ 76.829249310678378, 12.742554991757359 ], [ 76.829270075949651, 12.742419956321189 ], [ 76.829284505638114, 12.742288823319448 ], [ 76.829304808195005, 12.742104324955436 ], [ 76.82927154022525, 12.741651649822227 ], [ 76.829269833062796, 12.741606863988592 ], [ 76.829268125902047, 12.74156207815472 ], [ 76.829294023800188, 12.741564366646871 ], [ 76.829309821633146, 12.74156576325772 ], [ 76.829357111931415, 12.741569942951644 ], [ 76.829398161782535, 12.741573571043386 ], [ 76.829566722041278, 12.741588468966958 ], [ 76.829591622096984, 12.741590669423653 ], [ 76.829801069762794, 12.741610936322571 ], [ 76.829846317190217, 12.741548845624109 ], [ 76.829872528538104, 12.741461523083387 ], [ 76.829856630430186, 12.741174974159604 ], [ 76.829855698719541, 12.741158186691344 ], [ 76.829901881182238, 12.741062174500669 ], [ 76.829920166190092, 12.741062055258368 ], [ 76.830132897996037, 12.741060666903733 ], [ 76.830121185771318, 12.740963080217069 ], [ 76.830091913964196, 12.740703585389072 ], [ 76.830083755975295, 12.740631262593633 ], [ 76.830096019717843, 12.74062559545917 ], [ 76.830089933751282, 12.740600383419551 ], [ 76.830170644606952, 12.740571985003015 ], [ 76.830187548916356, 12.740566037199397 ], [ 76.830182357114268, 12.74053660513394 ], [ 76.830205681107941, 12.740530142908474 ], [ 76.830229005100136, 12.740523680681104 ], [ 76.830275652165966, 12.740510757130876 ], [ 76.830277163566137, 12.740510299259412 ], [ 76.830412378607235, 12.740469383836142 ], [ 76.830408222699887, 12.740439443867233 ], [ 76.830591842484623, 12.740430746358607 ], [ 76.830718342459278, 12.740424486717254 ], [ 76.83084484150497, 12.740418227926417 ], [ 76.83083481099446, 12.740314309801951 ], [ 76.830800588284177, 12.739959766772662 ], [ 76.830788353359623, 12.739883656089274 ], [ 76.830776546889311, 12.739783092753385 ], [ 76.830785771098746, 12.739782813806158 ], [ 76.831001698645579, 12.739776291392712 ], [ 76.831161060219188, 12.739771478137085 ], [ 76.831494066755042, 12.739758178567982 ], [ 76.831490262603353, 12.739679034043807 ], [ 76.831531344393028, 12.739594736784627 ], [ 76.831521259887182, 12.739445516229482 ], [ 76.831509268274345, 12.7392680674603 ], [ 76.831508325522719, 12.739254112813207 ], [ 76.831496989226395, 12.739086362545212 ], [ 76.831484549538317, 12.738902286078657 ], [ 76.831473914896904, 12.738744913697898 ], [ 76.831421856266942, 12.738665073644368 ], [ 76.831504695724632, 12.738652904530792 ], [ 76.831808305984538, 12.738628849706537 ], [ 76.831919268034838, 12.738620058777455 ], [ 76.832177872373975, 12.738599570854076 ], [ 76.832433651460249, 12.738579305618574 ], [ 76.832548129702928, 12.738570235189904 ], [ 76.832564344275582, 12.738478338578739 ], [ 76.832568936925341, 12.738452306970453 ], [ 76.832588328393356, 12.738413867595149 ], [ 76.83265975902853, 12.738272270753436 ], [ 76.832722165367088, 12.738313009781141 ], [ 76.83297419619845, 12.738477534441284 ], [ 76.833080889761035, 12.738547183251415 ], [ 76.833682665323408, 12.738441555400781 ], [ 76.83384134446824, 12.738413703044817 ], [ 76.833928248948027, 12.738340353785702 ], [ 76.834133317879207, 12.738167271532561 ], [ 76.834362985747646, 12.73803756430955 ], [ 76.834452439895571, 12.737987044322223 ], [ 76.83475524249792, 12.737958957883201 ], [ 76.834758623926788, 12.737935845120274 ], [ 76.834750960179733, 12.737936205572183 ], [ 76.83473501191861, 12.737853594113741 ], [ 76.834728216245011, 12.73781758049714 ], [ 76.834717515901858, 12.737760879096104 ], [ 76.834697327611096, 12.737652556663756 ], [ 76.834684969860973, 12.737586251397616 ], [ 76.834670625725977, 12.737490086145353 ], [ 76.834657021737499, 12.737398888843225 ], [ 76.834646140933955, 12.73733527137912 ], [ 76.834616115956266, 12.737159727730647 ], [ 76.83464863651227, 12.736971196644648 ], [ 76.834655503849774, 12.736971999576181 ], [ 76.834662422883625, 12.736928282107057 ], [ 76.834681878436811, 12.736810627152197 ], [ 76.834694953535163, 12.736731560998384 ], [ 76.834699873669493, 12.736701806789199 ], [ 76.834701031824892, 12.736696023944363 ], [ 76.834704563194734, 12.736678393912275 ], [ 76.834704679083785, 12.736672744834722 ], [ 76.834709833538327, 12.736421124538678 ], [ 76.834712913560935, 12.736284826029287 ], [ 76.834714135814139, 12.73621896712022 ], [ 76.834715694739458, 12.736135015852696 ], [ 76.834718824631523, 12.735982225010817 ], [ 76.834722271222262, 12.735843761903896 ], [ 76.834722606167432, 12.735797655056304 ], [ 76.834727180046073, 12.73576392713019 ], [ 76.834742839213078, 12.735629755892646 ], [ 76.834758862847437, 12.735481612840426 ], [ 76.834768011645721, 12.735397279947845 ], [ 76.834770123775755, 12.73537781134365 ], [ 76.834774073427269, 12.735341403255321 ], [ 76.834789233085942, 12.735201667650308 ], [ 76.834793858282438, 12.735130148625151 ], [ 76.834797731142714, 12.735070266699424 ], [ 76.8348075293043, 12.73491876916127 ], [ 76.834812458685377, 12.734842560564839 ], [ 76.834830241276393, 12.734812987447951 ], [ 76.834857803180697, 12.734767149213425 ], [ 76.83488492288221, 12.734722047080044 ], [ 76.834880431574405, 12.734768913970345 ], [ 76.834885188263087, 12.734759320777874 ], [ 76.834991754733281, 12.734544377822653 ], [ 76.835026358438228, 12.7345445988968 ], [ 76.835060962142592, 12.734544819966397 ], [ 76.835067326998754, 12.734543875586153 ], [ 76.835206495663428, 12.734523226252049 ], [ 76.835207984816762, 12.734508421409371 ], [ 76.835223588672747, 12.734353287138825 ], [ 76.835237969923867, 12.733975374055879 ], [ 76.835240391334906, 12.733911745721032 ], [ 76.835241477460855, 12.733909519193665 ], [ 76.83504577301207, 12.73391227428446 ], [ 76.83500135360346, 12.733818289753877 ], [ 76.834968970315984, 12.733749771426659 ], [ 76.834936373881789, 12.733680803540018 ], [ 76.834826974980047, 12.733449333623215 ], [ 76.834684943350439, 12.733351830737886 ], [ 76.834651123713371, 12.73332861426322 ], [ 76.834588818393456, 12.733207414271492 ], [ 76.834495237753572, 12.733025377372666 ], [ 76.834476567953843, 12.732989059148544 ], [ 76.834474998524271, 12.732954552178565 ], [ 76.834473335964603, 12.732917977801968 ], [ 76.834472563831056, 12.732901001265462 ], [ 76.834472695537684, 12.732901006679835 ], [ 76.834470185197745, 12.732839112677517 ], [ 76.83446909844605, 12.732799127628583 ], [ 76.834467510707924, 12.732789858610074 ], [ 76.834467408922279, 12.73277775289638 ], [ 76.834467088008566, 12.732739784494644 ], [ 76.834464306913603, 12.732410272169037 ], [ 76.834421044363253, 12.732428436926117 ], [ 76.834409189571375, 12.732433414426879 ], [ 76.834408607689767, 12.732429833715031 ], [ 76.834405838196702, 12.732429979447584 ], [ 76.834403700273199, 12.732413853875554 ], [ 76.834371080092723, 12.732167765693131 ], [ 76.834361718266308, 12.732135418726916 ], [ 76.834359827958295, 12.732128886910175 ], [ 76.834309845549868, 12.731972344185099 ], [ 76.834304076974746, 12.731954276947633 ], [ 76.834270030970274, 12.731839610307105 ], [ 76.834263374819855, 12.731817191665126 ], [ 76.834225876428278, 12.731793505270431 ], [ 76.834153932007581, 12.731748061864581 ], [ 76.834121702151094, 12.731727704055935 ], [ 76.834080336573265, 12.731701575058379 ], [ 76.834021888129811, 12.731664656504066 ], [ 76.833990931027756, 12.73164510334176 ], [ 76.83395070271331, 12.731600033095233 ], [ 76.833934246236211, 12.731581596986453 ], [ 76.833930449798984, 12.73157734346464 ], [ 76.833924159228303, 12.731570296186899 ], [ 76.833916297174426, 12.731561488211263 ], [ 76.833882074499314, 12.731523147232965 ], [ 76.833844740426855, 12.731481319884516 ], [ 76.833866953154597, 12.731340369413685 ], [ 76.833867116058812, 12.731339335162781 ], [ 76.83387687294892, 12.731277426656463 ], [ 76.833889519821682, 12.731125304640704 ], [ 76.833893761484404, 12.731074291613927 ], [ 76.833908855096709, 12.730892751592691 ], [ 76.833909816119188, 12.730881189872109 ], [ 76.83391938182443, 12.730766424419393 ], [ 76.833928085518906, 12.730692239625958 ], [ 76.833926021030621, 12.73068939679551 ], [ 76.833798478372145, 12.730513747315468 ], [ 76.833759386212634, 12.730500666112663 ], [ 76.833633083163818, 12.730458401881444 ], [ 76.833267153243426, 12.730437103538844 ], [ 76.832842685058154, 12.73040733662825 ], [ 76.832838855828186, 12.7304069726642 ], [ 76.832839489112544, 12.730390667893801 ], [ 76.832842510294441, 12.730338529851789 ], [ 76.832862760368513, 12.730013104131872 ], [ 76.832872763054723, 12.729807593434055 ], [ 76.832882765237429, 12.729691611036836 ], [ 76.832898878921057, 12.729432651987963 ], [ 76.832903689676158, 12.729338933491126 ], [ 76.83290888212882, 12.72919567848133 ], [ 76.832914357187974, 12.729044594906266 ], [ 76.832920502382748, 12.728875028881934 ], [ 76.832924501472036, 12.72876470377917 ], [ 76.832927059609901, 12.728694117342584 ], [ 76.832933581310442, 12.728514155111277 ], [ 76.832938565561761, 12.728358316959174 ], [ 76.832940079926729, 12.728310979854374 ], [ 76.832941531879641, 12.728284180911132 ], [ 76.832945135695368, 12.728217656457284 ], [ 76.832945815314261, 12.728205109655745 ], [ 76.832943361976604, 12.728205040769444 ], [ 76.832943167665363, 12.728205035787319 ], [ 76.832859962415938, 12.728202713891205 ], [ 76.832765490612076, 12.728200077665784 ], [ 76.832669316025545, 12.728197394439231 ], [ 76.832548217618623, 12.728194015941872 ], [ 76.83254792357414, 12.728193970071613 ], [ 76.832507879035745, 12.728187708590111 ], [ 76.832408222587972, 12.728172125828301 ], [ 76.832297555583892, 12.728159053334647 ], [ 76.832270184638318, 12.728155819763783 ], [ 76.832159881637821, 12.728142789885558 ], [ 76.832112182919559, 12.728137155256478 ], [ 76.832007455707355, 12.728121019000584 ], [ 76.831902727575496, 12.728104881803965 ], [ 76.831864273018695, 12.728099241027353 ], [ 76.831819916776283, 12.728092735391359 ], [ 76.831470879912914, 12.728076286723152 ], [ 76.831407221643175, 12.728073286850879 ], [ 76.831013126137464, 12.728054714158509 ], [ 76.830941582728585, 12.728050054050451 ], [ 76.830647052018492, 12.728035199660793 ], [ 76.830596841923978, 12.728024996775337 ], [ 76.830431326502534, 12.727991363553407 ], [ 76.830155574492821, 12.727935329496372 ], [ 76.830127098789205, 12.727929542665136 ], [ 76.830124009236755, 12.727941801527864 ], [ 76.830122229906621, 12.727943020492638 ], [ 76.830076402546055, 12.727974417711213 ], [ 76.829471367365699, 12.727826944926907 ], [ 76.829355396297856, 12.727794756576317 ], [ 76.82896462904769, 12.727628896281225 ], [ 76.828368596554782, 12.727361442817511 ], [ 76.827915780056301, 12.727250320141966 ], [ 76.827868750002622, 12.72723877871649 ], [ 76.827609710750764, 12.727175209294803 ], [ 76.827486416598944, 12.727140579518871 ], [ 76.827361085753637, 12.727147478595063 ], [ 76.826261595963857, 12.727202104058696 ], [ 76.826177564452436, 12.727206279130534 ], [ 76.82606119619382, 12.727215406210433 ], [ 76.825944826999006, 12.727224533246643 ], [ 76.825887463278704, 12.72740007766299 ], [ 76.825839175382484, 12.727547847655993 ], [ 76.825839590361525, 12.727560550539051 ], [ 76.825861946328189, 12.728245133580751 ], [ 76.825867838202171, 12.728425562958755 ], [ 76.825871304623618, 12.728531706175522 ], [ 76.825874395080334, 12.728626352910959 ], [ 76.82588217707378, 12.728864658698949 ], [ 76.825842865036662, 12.729038380286571 ], [ 76.82584655828515, 12.729093605865518 ], [ 76.825787894717919, 12.729097560778351 ], [ 76.825734369539774, 12.729104050864571 ], [ 76.825733673493261, 12.729131338167944 ], [ 76.825732976526311, 12.72915862547765 ], [ 76.825723006040064, 12.729549101395008 ], [ 76.825722860218534, 12.729554329498191 ], [ 76.825722749537036, 12.729558291936847 ], [ 76.825724676108578, 12.729580349424499 ], [ 76.825724645447508, 12.729721350212042 ], [ 76.825724604546366, 12.729907372983412 ], [ 76.825724588077023, 12.729981508760876 ], [ 76.825575153630467, 12.730180333663167 ], [ 76.825544812348852, 12.730274680337224 ], [ 76.825520066257909, 12.730351628646389 ], [ 76.82544614741073, 12.730673332305376 ], [ 76.825425311433108, 12.730764015121258 ], [ 76.825371102610404, 12.731034581844721 ], [ 76.825311604816918, 12.731045419128218 ], [ 76.825198494226299, 12.731084024209199 ], [ 76.825172425775634, 12.731113220058534 ], [ 76.825139176759933, 12.731150577668833 ], [ 76.825105927728188, 12.73118793437235 ], [ 76.825103027646534, 12.73119119203823 ], [ 76.825033571886124, 12.731350443395174 ], [ 76.825029982583857, 12.731382721950274 ], [ 76.825025112945596, 12.731426516541402 ], [ 76.825057631060901, 12.731582248470311 ], [ 76.825070940293998, 12.731737440328892 ], [ 76.825080102668835, 12.731844263785369 ], [ 76.825080714433824, 12.731851396550605 ], [ 76.825081388494198, 12.731859257408152 ], [ 76.82508336441785, 12.731882294360256 ], [ 76.825083705013355, 12.731886272669717 ], [ 76.82509342556591, 12.731990418618402 ], [ 76.82509607111912, 12.732018765727728 ], [ 76.825101210706791, 12.732073843057536 ], [ 76.825119271842468, 12.732258349998578 ], [ 76.825107854370017, 12.732356921057436 ], [ 76.825105008882346, 12.732443230731677 ], [ 76.825098867705478, 12.732601570179977 ], [ 76.825105362042009, 12.732813313724279 ], [ 76.825106571455862, 12.732852759447347 ], [ 76.825107732616331, 12.732890608359163 ], [ 76.825109531611076, 12.732949270878581 ], [ 76.825110283211345, 12.732973759753841 ], [ 76.825113336004677, 12.733073308462634 ], [ 76.825115431577444, 12.733141634954979 ], [ 76.82491194834104, 12.733218182220117 ], [ 76.824879724719551, 12.733230304759157 ], [ 76.82486689719579, 12.733293183452153 ], [ 76.824854033963902, 12.733383377439123 ], [ 76.824848508501745, 12.733463179627975 ], [ 76.824843313574206, 12.733538217030233 ], [ 76.824836871820651, 12.733631257335189 ], [ 76.824840739995594, 12.733698194113275 ], [ 76.824800993023445, 12.733833011453656 ], [ 76.82479537278904, 12.733852073113539 ], [ 76.8248055140334, 12.733869060192678 ], [ 76.824849196908502, 12.733941152959927 ], [ 76.82490191325283, 12.734030213311101 ], [ 76.824894459001314, 12.734144403090028 ], [ 76.824852983431555, 12.734362959933373 ], [ 76.824695354777617, 12.734644508529637 ], [ 76.824620982293297, 12.734766582233931 ], [ 76.824611761485698, 12.734787524365656 ], [ 76.82458079016169, 12.734857863063356 ], [ 76.824576422245613, 12.734865741504716 ], [ 76.824566367388471, 12.73488387562778 ], [ 76.824510101660394, 12.734985358094251 ], [ 76.824428466449348, 12.735132595045339 ], [ 76.824312288590548, 12.735342135441059 ], [ 76.82416136609487, 12.735614339485005 ], [ 76.8242085445046, 12.735778747039147 ], [ 76.824263433243701, 12.735970021487978 ], [ 76.824276470357987, 12.736042614788206 ], [ 76.824278226362793, 12.736052411517162 ], [ 76.82423772431035, 12.736177637618844 ], [ 76.824215901427308, 12.736253368118296 ], [ 76.824191781997953, 12.73631903897091 ], [ 76.824113290525403, 12.736559194996881 ], [ 76.824054548118809, 12.736712264086906 ], [ 76.823363961644958, 12.738487505330999 ], [ 76.823346693964993, 12.738899504130513 ], [ 76.823238845166784, 12.738926976628711 ], [ 76.823366022044695, 12.739863880801657 ], [ 76.823369079729645, 12.739899125257274 ], [ 76.823248555146094, 12.740024471626864 ], [ 76.82316148773144, 12.740115004305666 ], [ 76.821181123201782, 12.739848141955667 ], [ 76.81871504682924, 12.739611578559945 ], [ 76.817684188758662, 12.739528564893515 ], [ 76.817298466166037, 12.739497530945064 ], [ 76.817327313387395, 12.739534206078817 ], [ 76.81743922366968, 12.73964437917345 ], [ 76.818437407442289, 12.74072404940204 ], [ 76.818452026001452, 12.740739548584518 ], [ 76.819343161037224, 12.741700427560831 ], [ 76.820681808903615, 12.743138229076735 ], [ 76.820803276589274, 12.743268015508319 ], [ 76.821168872066778, 12.743657782841865 ], [ 76.821389685479261, 12.743668546999498 ], [ 76.821372133556167, 12.743772126346695 ], [ 76.821374497709698, 12.743772256346245 ], [ 76.821319008873346, 12.744085631592778 ], [ 76.821317503891777, 12.744094512956234 ], [ 76.821316954263068, 12.744097235079936 ], [ 76.821297513506011, 12.744207027471305 ], [ 76.821241569065506, 12.744470592279027 ], [ 76.82122065188176, 12.744574187963428 ], [ 76.821124292611273, 12.745208025256716 ], [ 76.821119518031352, 12.745246008193602 ], [ 76.821111153308308, 12.745313251660908 ], [ 76.820960443065246, 12.746409809293853 ], [ 76.820587396043749, 12.748025384747537 ], [ 76.820517569419991, 12.748333204438589 ], [ 76.820627964901988, 12.748477634569744 ], [ 76.821346512906771, 12.748733645335957 ], [ 76.822390842257221, 12.749076502659223 ], [ 76.823492686770464, 12.749440897623831 ], [ 76.824387237624094, 12.749349513164063 ], [ 76.825258832122884, 12.749227244361265 ], [ 76.826066167480505, 12.748989391099581 ], [ 76.826636300799976, 12.748763043694424 ], [ 76.826951837172146, 12.748680362203766 ], [ 76.827260903838891, 12.748696950239223 ], [ 76.827783430421661, 12.749051185756596 ], [ 76.828227822551796, 12.749308284445668 ], [ 76.82832471678492, 12.749364656878862 ], [ 76.828631927168189, 12.749532780073292 ], [ 76.828516040955435, 12.749297058342371 ] ] ] } },
{ "type": "Feature", "properties": { "OBJECTID": 19313, "KGISVillageID": 24603, "KGISVillageCode": "2202050071", "KGISVillageName": "Lingammanahalli", "KGISHobliID": 362, "UniqueVillageCode": "2202050071_1", "Bhucode": "220201004058", "CensusVillageCode": "2957305547613998", "BhoomiVillageCode": "2202050071", "created_user": null, "created_date": null, "last_edited_user": null, "last_edited_date": null, "LGDGPCode": "219384", "LGDGPCode_Secondary": null, "Category": "Cadastral data available and has bhoomi linkage", "SHAPE.STArea()": 1590926.20546487, "SHAPE.STLength()": 6211.3911015279209, "LGD_VillageCode": 613998.0, "_overlap_percent": 0.19423147101080826, "_police_station": "Basaralu PS", "_police_feature_index": "485", "_admin_layer": "Village", "_geometry_clipped": true }, "geometry": { "type": "MultiPolygon", "coordinates": [ [ [ [ 76.820517569419991, 12.748333204438589 ], [ 76.820587396043749, 12.748025384747537 ], [ 76.820960443065246, 12.746409809293853 ], [ 76.821111153308308, 12.745313251660908 ], [ 76.821119518031352, 12.745246008193602 ], [ 76.821124292611273, 12.745208025256716 ], [ 76.82122065188176, 12.744574187963428 ], [ 76.821241569065506, 12.744470592279027 ], [ 76.82119319154647, 12.744698507892929 ], [ 76.821081434150074, 12.745353298164463 ], [ 76.821075459771208, 12.745392829564228 ], [ 76.821064875070675, 12.745462921059001 ], [ 76.820897373890773, 12.746574842662646 ], [ 76.820540062472318, 12.748150640520366 ], [ 76.820498657341901, 12.7483332418371 ], [ 76.820517569419991, 12.748333204438589 ] ] ], [ [ [ 76.821389685479261, 12.743668546999498 ], [ 76.821168872066778, 12.743657782841865 ], [ 76.820803276589274, 12.743268015508319 ], [ 76.820681808903615, 12.743138229076735 ], [ 76.819343161037224, 12.741700427560831 ], [ 76.818452026001452, 12.740739548584518 ], [ 76.818437407442289, 12.74072404940204 ], [ 76.818500900507104, 12.740792725705623 ], [ 76.819372867323608, 12.741767214878285 ], [ 76.820681161224741, 12.743229187713574 ], [ 76.820799728418706, 12.743361676803904 ], [ 76.821156422178063, 12.743760264857228 ], [ 76.821372133556167, 12.743772126346695 ], [ 76.821389685479261, 12.743668546999498 ] ] ], [ [ [ 76.821317503891777, 12.744094512956234 ], [ 76.821319008873346, 12.744085631592778 ], [ 76.821316954263068, 12.744097235079936 ], [ 76.821317503891777, 12.744094512956234 ] ] ] ] } },
{ "type": "Feature", "properties": { "OBJECTID": 18896, "KGISVillageID": 24170, "KGISVillageCode": "2205100012", "KGISVillageName": "Naragallu", "KGISHobliID": 1109, "UniqueVillageCode": "2205100012_1", "Bhucode": "220501001040", "CensusVillageCode": "2957305550614322", "BhoomiVillageCode": "2205100012", "created_user": null, "created_date": null, "last_edited_user": null, "last_edited_date": null, "LGDGPCode": "219344", "LGDGPCode_Secondary": null, "Category": "Cadastral data available and has bhoomi linkage", "SHAPE.STArea()": 2204082.79651233, "SHAPE.STLength()": 6848.4093578523007, "LGD_VillageCode": 614322.0, "_overlap_percent": 99.75511178283331, "_police_station": "Basaralu PS", "_police_feature_index": "485", "_admin_layer": "Village", "_geometry_clipped": true }, "geometry": { "type": "Polygon", "coordinates": [ [ [ 76.841103465636849, 12.749038106958999 ], [ 76.841178038264943, 12.748999634405745 ], [ 76.841176916976792, 12.749012666000912 ], [ 76.841355307065157, 12.749234734342982 ], [ 76.84141198761148, 12.74930545928488 ], [ 76.841518925294807, 12.749438892289669 ], [ 76.841529637938038, 12.749452259950159 ], [ 76.841707278891292, 12.749673913792543 ], [ 76.841804755847008, 12.749795541184687 ], [ 76.841846925376828, 12.749898585331062 ], [ 76.841911481292755, 12.750056332649475 ], [ 76.841923146914112, 12.750084839702939 ], [ 76.842089538507182, 12.750491427153198 ], [ 76.84217977613811, 12.75071192967164 ], [ 76.842246174479712, 12.75087417790513 ], [ 76.842281191260227, 12.750959742231201 ], [ 76.842294037488017, 12.751001875818707 ], [ 76.842328755348021, 12.751115745816545 ], [ 76.842348115061498, 12.75115337072628 ], [ 76.842444524231837, 12.751340733285991 ], [ 76.84251924159895, 12.751573246749873 ], [ 76.842557131237314, 12.751567754713998 ], [ 76.842856081315588, 12.751524420337152 ], [ 76.843126655663838, 12.751485198107677 ], [ 76.843323235237534, 12.751456702519906 ], [ 76.843372725986868, 12.751449528736481 ], [ 76.843537485084454, 12.751425645846615 ], [ 76.843542761345105, 12.751424880538046 ], [ 76.843544207948739, 12.751425644157138 ], [ 76.84379622012375, 12.751392264033516 ], [ 76.843839698216598, 12.751366178990306 ], [ 76.843784286459879, 12.751149942849697 ], [ 76.843693132779478, 12.750931200066793 ], [ 76.843455691344175, 12.750744370477046 ], [ 76.843440280337958, 12.750732245046729 ], [ 76.843519871475081, 12.750637670167274 ], [ 76.843526799028893, 12.750629438279708 ], [ 76.843595831849612, 12.750602647234386 ], [ 76.843595482075642, 12.750560807118795 ], [ 76.843594512997157, 12.750444973821153 ], [ 76.8435823161672, 12.750450988218125 ], [ 76.843553655955759, 12.75046512112891 ], [ 76.843549903148684, 12.750488081931927 ], [ 76.843468326401137, 12.750461598130297 ], [ 76.843459398358704, 12.750434389915116 ], [ 76.84355690799751, 12.750354644516488 ], [ 76.843613584554305, 12.750381697825508 ], [ 76.843634147343124, 12.750391513201427 ], [ 76.843679542743359, 12.750413181307561 ], [ 76.843689431102348, 12.750316074467488 ], [ 76.843743524029705, 12.750239337043835 ], [ 76.84375588333593, 12.750221804479546 ], [ 76.843753714971356, 12.750211265187382 ], [ 76.843751511095945, 12.750195565082294 ], [ 76.843774546739624, 12.750165627557253 ], [ 76.843918686563953, 12.749944748492084 ], [ 76.843935999142801, 12.749918219571077 ], [ 76.843991616014762, 12.749645216529416 ], [ 76.843993696967971, 12.749632612102543 ], [ 76.843998550415805, 12.74960320721104 ], [ 76.844011693208486, 12.749523584606219 ], [ 76.844012281103119, 12.74951995330213 ], [ 76.844034631788389, 12.749381914863552 ], [ 76.844056507306036, 12.749251633983127 ], [ 76.844060219281047, 12.749229526711124 ], [ 76.84410770840951, 12.749026417359936 ], [ 76.844113608954444, 12.748953273542654 ], [ 76.844130513757889, 12.748743718740174 ], [ 76.844151764956734, 12.74844310734751 ], [ 76.844352652560545, 12.747848217782895 ], [ 76.844873633617283, 12.746344905494164 ], [ 76.844975410385757, 12.74594965919902 ], [ 76.845221352683055, 12.745240791578722 ], [ 76.845353213214153, 12.744860737178294 ], [ 76.845362389824075, 12.744834287581018 ], [ 76.845709215016029, 12.743835436342 ], [ 76.845707818450819, 12.743835219217544 ], [ 76.845706503009012, 12.743835015084947 ], [ 76.845708163868693, 12.743834218942512 ], [ 76.84570997849606, 12.743828972009664 ], [ 76.845686172106966, 12.743821548390818 ], [ 76.845662365712442, 12.743814123865816 ], [ 76.845686517536564, 12.743752395942673 ], [ 76.845693381125272, 12.743734854685474 ], [ 76.845711908817123, 12.743687501272547 ], [ 76.845794475156978, 12.743476479614909 ], [ 76.845824578211747, 12.743395713670441 ], [ 76.845842504724487, 12.743347616050251 ], [ 76.845876647921045, 12.743256009901925 ], [ 76.845881836111758, 12.743241709836322 ], [ 76.845913941084433, 12.743153212736086 ], [ 76.846000216465171, 12.742938560562937 ], [ 76.846058907558685, 12.742777269711301 ], [ 76.846081133466853, 12.742707986265753 ], [ 76.846108894605493, 12.742626173709207 ], [ 76.846138599631544, 12.742546921786831 ], [ 76.846191215715862, 12.742406543514017 ], [ 76.846243831745156, 12.742266164333444 ], [ 76.846260611015154, 12.742221397308342 ], [ 76.846386583626071, 12.741842394330128 ], [ 76.846463352411646, 12.741725148138165 ], [ 76.846337251076434, 12.741633151836856 ], [ 76.846237829480671, 12.741560619251107 ], [ 76.844994156529566, 12.740653300529079 ], [ 76.844922821388906, 12.740600391398914 ], [ 76.844722610653079, 12.740451896135429 ], [ 76.844699577350369, 12.740431903286101 ], [ 76.844004771002105, 12.739885630232068 ], [ 76.843970500122367, 12.73985868536983 ], [ 76.843479481570824, 12.739739970525205 ], [ 76.842903885226079, 12.739600805470173 ], [ 76.842861605852562, 12.73959058348599 ], [ 76.842832940777441, 12.739583255752905 ], [ 76.842780925025096, 12.739569958830554 ], [ 76.842655334306968, 12.739537853288487 ], [ 76.842324398917413, 12.739452952002765 ], [ 76.842324233832159, 12.739452023075353 ], [ 76.842316004256745, 12.739449897543484 ], [ 76.842294900352115, 12.73944444775552 ], [ 76.842256332707294, 12.739434488156704 ], [ 76.842245051523847, 12.739431574910665 ], [ 76.842243955604189, 12.739431292400498 ], [ 76.842199478463314, 12.739419806636498 ], [ 76.842068729602559, 12.739340024391206 ], [ 76.842027669960899, 12.739314969482766 ], [ 76.841986610326728, 12.739289914566799 ], [ 76.84164949750722, 12.739086402279847 ], [ 76.841595770220678, 12.739054244310422 ], [ 76.841558945884699, 12.73898069910731 ], [ 76.841522120645038, 12.738907152998362 ], [ 76.841511417901899, 12.738885776955698 ], [ 76.841451982637452, 12.738774038088081 ], [ 76.841292083488526, 12.738697677811434 ], [ 76.841207177699786, 12.738548278493887 ], [ 76.841193112572114, 12.73853101401169 ], [ 76.841176868012241, 12.738511075693634 ], [ 76.841155020698778, 12.738511940858055 ], [ 76.841056625855089, 12.738515836905547 ], [ 76.84086161272316, 12.738523558685038 ], [ 76.840791742536709, 12.738526325208657 ], [ 76.84066448287318, 12.738537680856972 ], [ 76.840408762651791, 12.73856049884794 ], [ 76.840192940369462, 12.73857975719708 ], [ 76.840166875572805, 12.738583255648535 ], [ 76.839744322058749, 12.738655143490487 ], [ 76.839678694195698, 12.738666645923276 ], [ 76.839596526241806, 12.738681047238625 ], [ 76.839515237425829, 12.73869529508773 ], [ 76.839442855928198, 12.738707981478788 ], [ 76.839249497987936, 12.738741871073602 ], [ 76.839054682399237, 12.738776016516104 ], [ 76.838749641352166, 12.73882948057155 ], [ 76.838701122715491, 12.738837984160437 ], [ 76.838678169239984, 12.738842006786154 ], [ 76.838578804203962, 12.738819424479527 ], [ 76.838525950882783, 12.738807413268297 ], [ 76.838489070536696, 12.738788424390371 ], [ 76.838484640825016, 12.738786143077462 ], [ 76.838478985019975, 12.738763098524695 ], [ 76.838397702055261, 12.7387544230385 ], [ 76.838316418165334, 12.738745746629119 ], [ 76.838294406458701, 12.738680012188663 ], [ 76.83827239569284, 12.738614278641935 ], [ 76.837900139015858, 12.738378775117679 ], [ 76.837796404055354, 12.738312989975071 ], [ 76.837761914952168, 12.738303822059169 ], [ 76.837715329522695, 12.738291438127909 ], [ 76.837631753334975, 12.738244853855889 ], [ 76.837606114611162, 12.738230563704066 ], [ 76.837588335853297, 12.738220654242637 ], [ 76.837432635010174, 12.738219714394017 ], [ 76.837319952600183, 12.738219033450886 ], [ 76.836781617678085, 12.738293859022207 ], [ 76.836755029272524, 12.73832207974062 ], [ 76.836706930356215, 12.738373132318399 ], [ 76.836704827814799, 12.738402474699699 ], [ 76.836703292533528, 12.738423900687877 ], [ 76.836574182318643, 12.738418336885422 ], [ 76.836527452442795, 12.738416322910949 ], [ 76.836478590123221, 12.738415596373391 ], [ 76.836460347675782, 12.738415325278551 ], [ 76.836423358137935, 12.738414774837088 ], [ 76.836385757747607, 12.738412765268039 ], [ 76.835968250875638, 12.738381150018515 ], [ 76.835954877655183, 12.738380137375582 ], [ 76.83587027921709, 12.738355748652921 ], [ 76.835757609737243, 12.738367882903786 ], [ 76.835606851522797, 12.738390498654059 ], [ 76.835542646839613, 12.738388943771836 ], [ 76.835531783510604, 12.738388680176969 ], [ 76.835461109271421, 12.738386968589385 ], [ 76.835420439485162, 12.738411374926645 ], [ 76.835317297164138, 12.738473271352532 ], [ 76.835294212411668, 12.738384098565323 ], [ 76.835214301521901, 12.738075420521875 ], [ 76.834780648757445, 12.737965403466765 ], [ 76.83475524249792, 12.737958957883201 ], [ 76.834452439895571, 12.737987044322223 ], [ 76.834362985747646, 12.73803756430955 ], [ 76.834133317879207, 12.738167271532561 ], [ 76.833928248948027, 12.738340353785702 ], [ 76.83384134446824, 12.738413703044817 ], [ 76.833682665323408, 12.738441555400781 ], [ 76.833080889761035, 12.738547183251415 ], [ 76.83297419619845, 12.738477534441284 ], [ 76.832722165367088, 12.738313009781141 ], [ 76.83265975902853, 12.738272270753436 ], [ 76.832588328393356, 12.738413867595149 ], [ 76.832568936925341, 12.738452306970453 ], [ 76.832564344275582, 12.738478338578739 ], [ 76.832548129702928, 12.738570235189904 ], [ 76.832433651460249, 12.738579305618574 ], [ 76.832177872373975, 12.738599570854076 ], [ 76.831919268034838, 12.738620058777455 ], [ 76.831808305984538, 12.738628849706537 ], [ 76.831504695724632, 12.738652904530792 ], [ 76.831421856266942, 12.738665073644368 ], [ 76.831473914896904, 12.738744913697898 ], [ 76.831484549538317, 12.738902286078657 ], [ 76.831496989226395, 12.739086362545212 ], [ 76.831508325522719, 12.739254112813207 ], [ 76.831509268274345, 12.7392680674603 ], [ 76.831521259887182, 12.739445516229482 ], [ 76.831531344393028, 12.739594736784627 ], [ 76.831490262603353, 12.739679034043807 ], [ 76.831494066755042, 12.739758178567982 ], [ 76.831161060219188, 12.739771478137085 ], [ 76.831001698645579, 12.739776291392712 ], [ 76.830785771098746, 12.739782813806158 ], [ 76.830776546889311, 12.739783092753385 ], [ 76.830788353359623, 12.739883656089274 ], [ 76.830800588284177, 12.739959766772662 ], [ 76.83083481099446, 12.740314309801951 ], [ 76.83084484150497, 12.740418227926417 ], [ 76.830718342459278, 12.740424486717254 ], [ 76.830591842484623, 12.740430746358607 ], [ 76.830408222699887, 12.740439443867233 ], [ 76.830412378607235, 12.740469383836142 ], [ 76.830277163566137, 12.740510299259412 ], [ 76.830275652165966, 12.740510757130876 ], [ 76.830229005100136, 12.740523680681104 ], [ 76.830205681107941, 12.740530142908474 ], [ 76.830182357114268, 12.74053660513394 ], [ 76.830187548916356, 12.740566037199397 ], [ 76.830170644606952, 12.740571985003015 ], [ 76.830089933751282, 12.740600383419551 ], [ 76.830096019717843, 12.74062559545917 ], [ 76.830083755975295, 12.740631262593633 ], [ 76.830091913964196, 12.740703585389072 ], [ 76.830121185771318, 12.740963080217069 ], [ 76.830132897996037, 12.741060666903733 ], [ 76.829920166190092, 12.741062055258368 ], [ 76.829901881182238, 12.741062174500669 ], [ 76.829855698719541, 12.741158186691344 ], [ 76.829856630430186, 12.741174974159604 ], [ 76.829872528538104, 12.741461523083387 ], [ 76.829846317190217, 12.741548845624109 ], [ 76.829801069762794, 12.741610936322571 ], [ 76.829591622096984, 12.741590669423653 ], [ 76.829566722041278, 12.741588468966958 ], [ 76.829398161782535, 12.741573571043386 ], [ 76.829357111931415, 12.741569942951644 ], [ 76.829309821633146, 12.74156576325772 ], [ 76.829294023800188, 12.741564366646871 ], [ 76.829268125902047, 12.74156207815472 ], [ 76.829269833062796, 12.741606863988592 ], [ 76.82927154022525, 12.741651649822227 ], [ 76.829304808195005, 12.742104324955436 ], [ 76.829284505638114, 12.742288823319448 ], [ 76.829270075949651, 12.742419956321189 ], [ 76.829249310678378, 12.742554991757359 ], [ 76.829243778023439, 12.742590970623336 ], [ 76.829227465084784, 12.742697053219345 ], [ 76.829226747225221, 12.742701722155775 ], [ 76.829091214642773, 12.742687674962772 ], [ 76.828938462221089, 12.742673224317967 ], [ 76.828856664142577, 12.742663140444243 ], [ 76.828755121570453, 12.742650621530299 ], [ 76.828715755088396, 12.742643575937466 ], [ 76.828676388601238, 12.742636529434664 ], [ 76.828666939532653, 12.74270623529471 ], [ 76.828645370589854, 12.742865342746818 ], [ 76.828565824953969, 12.742861711318977 ], [ 76.828505961811018, 12.742857388838205 ], [ 76.828477739650268, 12.74285535045351 ], [ 76.828498648015938, 12.743028497873189 ], [ 76.828514161403575, 12.743156964468884 ], [ 76.828495355879426, 12.743156427405605 ], [ 76.828450079512265, 12.743155136002722 ], [ 76.828439823463668, 12.743154843539351 ], [ 76.828413418000011, 12.743154089649359 ], [ 76.82840480221725, 12.743153843694563 ], [ 76.828403556128407, 12.743153808018025 ], [ 76.828335351593964, 12.743133716382529 ], [ 76.828331687974583, 12.743189971520085 ], [ 76.828331061740045, 12.743199585805042 ], [ 76.82831290476048, 12.743595360043686 ], [ 76.828309509359102, 12.743669366256739 ], [ 76.828306725303506, 12.743727574906329 ], [ 76.828309522079635, 12.743728004798715 ], [ 76.828378471741146, 12.743738603335924 ], [ 76.828502478507659, 12.743758828015665 ], [ 76.828526512682217, 12.743762748271111 ], [ 76.828543744988892, 12.743765904773321 ], [ 76.828542820395953, 12.743776284890966 ], [ 76.828461205963592, 12.744692210866214 ], [ 76.828458239583824, 12.744766710331207 ], [ 76.828452325690606, 12.744915258098652 ], [ 76.828469722705279, 12.744933788299708 ], [ 76.828495648897587, 12.744961403994953 ], [ 76.828578773088324, 12.745049944643325 ], [ 76.828573515091804, 12.745084690537448 ], [ 76.82854927509274, 12.745244857715942 ], [ 76.828507784943682, 12.745519005663038 ], [ 76.828479085147279, 12.745708646361997 ], [ 76.828460383550677, 12.745832216388008 ], [ 76.828435837544674, 12.745994405833191 ], [ 76.828433150631255, 12.745994276174853 ], [ 76.828435810414931, 12.74599460306459 ], [ 76.828448707526405, 12.745996190577943 ], [ 76.828447960706711, 12.746001573772372 ], [ 76.828382818010567, 12.74654461506762 ], [ 76.828336155381407, 12.74693360301856 ], [ 76.828332595205453, 12.746996951011281 ], [ 76.828329035036433, 12.747060299907735 ], [ 76.828364225537626, 12.747556532010281 ], [ 76.828375613626406, 12.747717122616203 ], [ 76.828375564018472, 12.747726634390622 ], [ 76.828374951692211, 12.747844047813048 ], [ 76.828427358555743, 12.748218448300035 ], [ 76.828430097425908, 12.748251476679984 ], [ 76.82843579590714, 12.748320192004178 ], [ 76.828446076010337, 12.748444159989157 ], [ 76.8284524458698, 12.748520971156898 ], [ 76.828508195611121, 12.749193267814313 ], [ 76.828510337302504, 12.749221603807007 ], [ 76.828516040955435, 12.749297058342371 ], [ 76.828631927168189, 12.749532780073292 ], [ 76.828650794633333, 12.74954310543559 ], [ 76.828864126834219, 12.749459485190419 ], [ 76.82932893049545, 12.749211980715128 ], [ 76.829513677545648, 12.749157535898993 ], [ 76.829596529041993, 12.74917604350485 ], [ 76.82995350728045, 12.749247928835512 ], [ 76.830500170912032, 12.749326256805597 ], [ 76.831254629782038, 12.749567327809665 ], [ 76.831505911925404, 12.749618697716496 ], [ 76.832348306651568, 12.749772229319722 ], [ 76.833379351524428, 12.750161083612719 ], [ 76.833390915251329, 12.750178708675252 ], [ 76.833433469042262, 12.750194509385427 ], [ 76.833458920762965, 12.750232301675846 ], [ 76.833597866187986, 12.750438618542116 ], [ 76.833884829103809, 12.750704982053659 ], [ 76.834125618259691, 12.75093540601897 ], [ 76.834174413381305, 12.75094962150146 ], [ 76.834325112433959, 12.750859436480214 ], [ 76.834496808756057, 12.750684220757259 ], [ 76.834705349000942, 12.750220125348593 ], [ 76.834897842531987, 12.749930157427341 ], [ 76.835182326910981, 12.749805104186253 ], [ 76.835243398942936, 12.749810838752301 ], [ 76.835277833546229, 12.749794853921358 ], [ 76.835744615567336, 12.749833751627257 ], [ 76.836163198011675, 12.749969155587262 ], [ 76.836457306735298, 12.750081151024013 ], [ 76.836639658057223, 12.750150589305457 ], [ 76.837095550642815, 12.750486163964021 ], [ 76.83712814141505, 12.750512131549009 ], [ 76.837302173839745, 12.75065079639684 ], [ 76.837426220087849, 12.750790121257722 ], [ 76.837488205221149, 12.750846166906493 ], [ 76.837656130868098, 12.75096798227387 ], [ 76.838083056572074, 12.751144083745547 ], [ 76.838268093373884, 12.751195048741879 ], [ 76.838646638092811, 12.751299321874614 ], [ 76.838933482937193, 12.751386949503811 ], [ 76.839174255827146, 12.75138519319307 ], [ 76.839406366388673, 12.751249270208428 ], [ 76.839692168994787, 12.750829469737081 ], [ 76.839877661450274, 12.750557627606183 ], [ 76.839905281913062, 12.750591000690969 ], [ 76.839932191547106, 12.750550924667824 ], [ 76.83993271275321, 12.750551310606408 ], [ 76.839987481301819, 12.750578767582745 ], [ 76.84000916902238, 12.750589639673777 ], [ 76.840230069968499, 12.750317480928929 ], [ 76.840319551016904, 12.750207240035765 ], [ 76.840340916978562, 12.750193629545889 ], [ 76.8403577916648, 12.750170688184932 ], [ 76.840382933380099, 12.750136507963441 ], [ 76.840896090366613, 12.749827640580321 ], [ 76.840961741870132, 12.749532857047344 ], [ 76.840966705569983, 12.749516493263908 ], [ 76.841073822315735, 12.749163396505542 ], [ 76.841093163286502, 12.749110630179686 ], [ 76.841103465636849, 12.749038106958999 ] ] ] } },
{ "type": "Feature", "properties": { "OBJECTID": 19229, "KGISVillageID": 24510, "KGISVillageCode": "2202020021", "KGISVillageName": "Hullenahalli", "KGISHobliID": 225, "UniqueVillageCode": "2202020021_1", "Bhucode": "220201003030", "CensusVillageCode": "2957305547613941", "BhoomiVillageCode": "2202020021", "created_user": null, "created_date": null, "last_edited_user": null, "last_edited_date": null, "LGDGPCode": "219384", "LGDGPCode_Secondary": null, "Category": "Cadastral data available and has bhoomi linkage", "SHAPE.STArea()": 5774087.7976872753, "SHAPE.STLength()": 10525.721047533507, "LGD_VillageCode": 613693.0, "_overlap_percent": 0.010569494766731672, "_police_station": "Basaralu PS", "_police_feature_index": "485", "_admin_layer": "Village", "_geometry_clipped": true }, "geometry": { "type": "MultiPolygon", "coordinates": [ [ [ [ 76.828227822551796, 12.749308284445668 ], [ 76.827783430421661, 12.749051185756596 ], [ 76.827774135968809, 12.749060604749129 ], [ 76.827802486447055, 12.749078876075757 ], [ 76.828254138828015, 12.749326032560749 ], [ 76.82832471678492, 12.749364656878862 ], [ 76.828227822551796, 12.749308284445668 ] ] ], [ [ [ 76.829513677545648, 12.749157535898993 ], [ 76.82932893049545, 12.749211980715128 ], [ 76.828864126834219, 12.749459485190419 ], [ 76.828650794633333, 12.74954310543559 ], [ 76.82867375446294, 12.749555670375148 ], [ 76.828902245845455, 12.749467695300675 ], [ 76.829372796956747, 12.749222978301331 ], [ 76.829559356339345, 12.749168557972865 ], [ 76.829596529041993, 12.74917604350485 ], [ 76.829513677545648, 12.749157535898993 ] ] ], [ [ [ 76.833884829103809, 12.750704982053659 ], [ 76.833597866187986, 12.750438618542116 ], [ 76.833458920762965, 12.750232301675846 ], [ 76.833433469042262, 12.750194509385427 ], [ 76.833390915251329, 12.750178708675252 ], [ 76.833534804642582, 12.75039802028124 ], [ 76.833809105389051, 12.750659281696301 ], [ 76.834074755934779, 12.750920588298156 ], [ 76.834125618259691, 12.75093540601897 ], [ 76.833884829103809, 12.750704982053659 ] ] ] ] } },
{ "type": "Feature", "properties": { "OBJECTID": 19209, "KGISVillageID": 24487, "KGISVillageCode": "2202020020", "KGISVillageName": "Bindenahalli", "KGISHobliID": 225, "UniqueVillageCode": "2202020020_1", "Bhucode": "220201003007", "CensusVillageCode": "2957305547613942", "BhoomiVillageCode": "2202020020", "created_user": null, "created_date": null, "last_edited_user": null, "last_edited_date": null, "LGDGPCode": "219367", "LGDGPCode_Secondary": null, "Category": "Cadastral data available and has bhoomi linkage", "SHAPE.STArea()": 7833773.7051922046, "SHAPE.STLength()": 14501.722296083326, "LGD_VillageCode": 613942.0, "_overlap_percent": 0.31651752991950372, "_police_station": "Basaralu PS", "_police_feature_index": "485", "_admin_layer": "Village", "_geometry_clipped": true }, "geometry": { "type": "MultiPolygon", "coordinates": [ [ [ [ 76.837426220087849, 12.750790121257722 ], [ 76.837302173839745, 12.75065079639684 ], [ 76.83712814141505, 12.750512131549009 ], [ 76.837095550642815, 12.750486163964021 ], [ 76.836639658057223, 12.750150589305457 ], [ 76.836457306735298, 12.750081151024013 ], [ 76.836163198011675, 12.749969155587262 ], [ 76.835744615567336, 12.749833751627257 ], [ 76.835277833546229, 12.749794853921358 ], [ 76.835243398942936, 12.749810838752301 ], [ 76.835645310424042, 12.749848577597078 ], [ 76.836062985947876, 12.74998424923387 ], [ 76.836540605634383, 12.750164965547489 ], [ 76.837131211824797, 12.750553811902567 ], [ 76.837370876549798, 12.750761055218888 ], [ 76.837488205221149, 12.750846166906493 ], [ 76.837426220087849, 12.750790121257722 ] ] ], [ [ [ 76.839987481301819, 12.750578767582745 ], [ 76.83993271275321, 12.750551310606408 ], [ 76.839932191547106, 12.750550924667824 ], [ 76.839905281913062, 12.750591000690969 ], [ 76.839949774556189, 12.750644759991214 ], [ 76.84000641956186, 12.750593027118414 ], [ 76.84000916902238, 12.750589639673777 ], [ 76.839987481301819, 12.750578767582745 ] ] ], [ [ [ 76.840382933380099, 12.750136507963441 ], [ 76.8403577916648, 12.750170688184932 ], [ 76.840340916978562, 12.750193629545889 ], [ 76.840892889355615, 12.749842013523539 ], [ 76.840896090366613, 12.749827640580321 ], [ 76.840382933380099, 12.750136507963441 ] ] ], [ [ [ 76.842494921717105, 12.753029285266409 ], [ 76.842564023767636, 12.751737845503271 ], [ 76.842567119917746, 12.751679978438302 ], [ 76.84257021606831, 12.75162211137323 ], [ 76.842557131237314, 12.751567754713998 ], [ 76.84251924159895, 12.751573246749873 ], [ 76.842444524231837, 12.751340733285991 ], [ 76.842348115061498, 12.75115337072628 ], [ 76.842328755348021, 12.751115745816545 ], [ 76.842294037488017, 12.751001875818707 ], [ 76.842281191260227, 12.750959742231201 ], [ 76.842246174479712, 12.75087417790513 ], [ 76.84217977613811, 12.75071192967164 ], [ 76.842089538507182, 12.750491427153198 ], [ 76.841923146914112, 12.750084839702939 ], [ 76.841911481292755, 12.750056332649475 ], [ 76.841846925376828, 12.749898585331062 ], [ 76.841804755847008, 12.749795541184687 ], [ 76.841707278891292, 12.749673913792543 ], [ 76.841529637938038, 12.749452259950159 ], [ 76.841518925294807, 12.749438892289669 ], [ 76.84141198761148, 12.74930545928488 ], [ 76.841355307065157, 12.749234734342982 ], [ 76.841176916976792, 12.749012666000912 ], [ 76.841178038264943, 12.748999634405745 ], [ 76.841103465636849, 12.749038106958999 ], [ 76.841093163286502, 12.749110630179686 ], [ 76.841113221327888, 12.749055907531005 ], [ 76.841290475481458, 12.749275222522803 ], [ 76.841738872464759, 12.749830017072259 ], [ 76.842223668539319, 12.750985795646562 ], [ 76.842429639384562, 12.751615089252878 ], [ 76.842527128133327, 12.751643986023332 ], [ 76.842486497239022, 12.75304915849323 ], [ 76.842689588320084, 12.753565812948027 ], [ 76.842494921717105, 12.753029285266409 ] ] ], [ [ [ 76.847006702973445, 12.751624925367814 ], [ 76.846918715829105, 12.75180098964854 ], [ 76.842852679351452, 12.753980709099315 ], [ 76.842864436313988, 12.754010618276208 ], [ 76.846995183031069, 12.751776723594448 ], [ 76.847074422386584, 12.751606488357606 ], [ 76.847006702973445, 12.751624925367814 ] ] ], [ [ [ 76.847816300161639, 12.75130713077575 ], [ 76.847373132629798, 12.751520309060284 ], [ 76.847445747851452, 12.751500178703262 ], [ 76.847928892814295, 12.751272185253885 ], [ 76.847816300161639, 12.75130713077575 ] ] ], [ [ [ 76.848607246583725, 12.75095073934494 ], [ 76.848361006126936, 12.751134303711817 ], [ 76.848545320228482, 12.751077127230017 ], [ 76.848672512174588, 12.750985248530261 ], [ 76.848607246583725, 12.75095073934494 ] ] ], [ [ [ 76.859419208124066, 12.749675445498712 ], [ 76.859418779940029, 12.749668631626133 ], [ 76.858868885067338, 12.749832157385253 ], [ 76.854096857062373, 12.751428044961592 ], [ 76.852799006972546, 12.751414391495887 ], [ 76.852520160225581, 12.751411457617845 ], [ 76.851938336669818, 12.751410263757313 ], [ 76.851557137358824, 12.751381036721359 ], [ 76.851214794831165, 12.751341468026688 ], [ 76.850878307681654, 12.751312148326138 ], [ 76.850296200516681, 12.751261425770041 ], [ 76.849947039513609, 12.751204638418825 ], [ 76.850361415715525, 12.751298891679733 ], [ 76.851236850645861, 12.751408182944507 ], [ 76.851570222672464, 12.75145686658383 ], [ 76.851963942880673, 12.751496674125482 ], [ 76.852534205402122, 12.751511988567444 ], [ 76.854164103509689, 12.751555754021226 ], [ 76.859253833215831, 12.750006530520077 ], [ 76.859435049583539, 12.749951368975447 ], [ 76.859419208124066, 12.749675445498712 ] ] ] ] } },
{ "type": "Feature", "properties": { "OBJECTID": 30921, "KGISVillageID": 24514, "KGISVillageCode": "2202020018", "KGISVillageName": "Karadahalli", "KGISHobliID": 225, "UniqueVillageCode": "2202020018_1", "Bhucode": "220201003034", "CensusVillageCode": "2957305547613940", "BhoomiVillageCode": "2202020018", "created_user": "SA", "created_date": 1556019584000.0, "last_edited_user": "SURESHBV2", "last_edited_date": 1724226096000.0, "LGDGPCode": "219384", "LGDGPCode_Secondary": null, "Category": "Cadastral data available and has bhoomi linkage", "SHAPE.STArea()": 12841168.720042676, "SHAPE.STLength()": 19939.191624461608, "LGD_VillageCode": 613940.0, "_overlap_percent": 0.053911526249503794, "_police_station": "Basaralu PS", "_police_feature_index": "485", "_admin_layer": "Village", "_geometry_clipped": true }, "geometry": { "type": "Polygon", "coordinates": [ [ [ 76.827783430421661, 12.749051185756596 ], [ 76.827260903838891, 12.748696950239223 ], [ 76.826951837172146, 12.748680362203766 ], [ 76.826636300799976, 12.748763043694424 ], [ 76.826066167480505, 12.748989391099581 ], [ 76.825258832122884, 12.749227244361265 ], [ 76.824387237624094, 12.749349513164063 ], [ 76.823492686770464, 12.749440897623831 ], [ 76.822390842257221, 12.749076502659223 ], [ 76.821346512906771, 12.748733645335957 ], [ 76.820627964901988, 12.748477634569744 ], [ 76.820517569419991, 12.748333204438589 ], [ 76.820498657341901, 12.7483332418371 ], [ 76.820471355170596, 12.748453647506123 ], [ 76.820582191686, 12.748595876393367 ], [ 76.821302609086956, 12.748846065171183 ], [ 76.822352334631958, 12.749176530376804 ], [ 76.823463333011148, 12.749521570962187 ], [ 76.824364697888527, 12.749417796265829 ], [ 76.825242902769702, 12.749284159972179 ], [ 76.826059150272343, 12.749038383309831 ], [ 76.826638525328747, 12.74880925683123 ], [ 76.826959002655897, 12.748724494826902 ], [ 76.827272541606163, 12.748737337030082 ], [ 76.827774135968809, 12.749060604749129 ], [ 76.827783430421661, 12.749051185756596 ] ] ] } }
]
}
