{
"type": "FeatureCollection",
"name": "hoblis_in_police_area.writing_20260805_172659",
"crs": { "type": "name", "properties": { "name": "urn:ogc:def:crs:OGC:1.3:CRS84" } },
"features": [
{ "type": "Feature", "properties": { "OBJECTID": 463, "KGISHobliID": 163, "KGISHobliCode": "230207", "KGISHobliName": "Bikkodu", "BhuCodeHobli": null, "SHAPE.STArea()": 105965774.25975528, "SHAPE.STLength()": 73361.576867971031, "KGISTalukCode": "2302", "created_user": null, "created_date": null, "last_edited_user": null, "last_edited_date": null, "_overlap_percent": 0.040551854066302469, "_police_station": "Belur PS", "_police_feature_index": "437", "_admin_layer": "Hobli", "_geometry_clipped": true }, "geometry": { "type": "MultiPolygon", "coordinates": [ [ [ [ 75.840512807690658, 13.126132585874048 ], [ 75.84052618094718, 13.126135080224484 ], [ 75.841004865107507, 13.126100542322199 ], [ 75.84164430924929, 13.125942979437385 ], [ 75.841930973935646, 13.125569591587711 ], [ 75.842295010752423, 13.125329788052003 ], [ 75.843016830060648, 13.125163220744755 ], [ 75.843589532261319, 13.124879760830307 ], [ 75.843502692565735, 13.124873607988162 ], [ 75.842876533544839, 13.125170335788052 ], [ 75.842146415699304, 13.125330608771677 ], [ 75.841781034292723, 13.12555975537742 ], [ 75.841493568296983, 13.125916783744358 ], [ 75.840859046692671, 13.126060222334232 ], [ 75.840385729588576, 13.126086801069905 ], [ 75.840398806100239, 13.126111163625223 ], [ 75.840512807690658, 13.126132585874048 ] ] ], [ [ [ 75.882696738807923, 13.098940363023196 ], [ 75.882788689421815, 13.099009632141607 ], [ 75.885609674676417, 13.101101933738896 ], [ 75.886846915637491, 13.102011204545059 ], [ 75.886930692314891, 13.102072820153566 ], [ 75.887199870722, 13.102270775475304 ], [ 75.888880510375699, 13.103848621450839 ], [ 75.889478314643185, 13.104477873266804 ], [ 75.889470903772107, 13.104427348185425 ], [ 75.888853135186451, 13.10377308324002 ], [ 75.887196558339312, 13.102205636242171 ], [ 75.886931558699558, 13.102010015562371 ], [ 75.886849084377914, 13.101949132369015 ], [ 75.885629871597274, 13.101049107128235 ], [ 75.882844825735404, 13.098993136928447 ], [ 75.882754281228998, 13.098926293420758 ], [ 75.882394484686628, 13.098921642198439 ], [ 75.882387933756135, 13.098932781551859 ], [ 75.882696738807923, 13.098940363023196 ] ] ], [ [ [ 75.879048977509825, 13.103955562992651 ], [ 75.87983812232801, 13.103829571406836 ], [ 75.879990257313096, 13.103611135495807 ], [ 75.8799211292026, 13.103704361912484 ], [ 75.879047356813913, 13.103883836326085 ], [ 75.878175190557741, 13.103780820341099 ], [ 75.879048977509825, 13.103955562992651 ] ] ], [ [ [ 75.877275616161711, 13.107827647521679 ], [ 75.87731057563731, 13.106542487232268 ], [ 75.877312651727877, 13.105797672241021 ], [ 75.877308206060817, 13.105657993328387 ], [ 75.877390121217516, 13.104034858460164 ], [ 75.877420142579467, 13.103623464266288 ], [ 75.877349829630887, 13.103607736094895 ], [ 75.877331198241393, 13.104029149340846 ], [ 75.87723397843304, 13.105697373839179 ], [ 75.877236985471072, 13.105840821704803 ], [ 75.877229671997213, 13.106607141191905 ], [ 75.877217734855549, 13.107858090054091 ], [ 75.877275616161711, 13.107827647521679 ] ] ], [ [ [ 75.872646180622667, 13.110446646156316 ], [ 75.872896661162102, 13.11026307514215 ], [ 75.873163562621585, 13.110064978845005 ], [ 75.873260218662068, 13.109992729185041 ], [ 75.874123495633285, 13.109515542186456 ], [ 75.874556061955346, 13.109288442871328 ], [ 75.874088575283935, 13.109528238527782 ], [ 75.873229725514179, 13.109994552246039 ], [ 75.87313446903002, 13.1100658070878 ], [ 75.872872500754156, 13.110261765465157 ], [ 75.872628366198597, 13.110444382768467 ], [ 75.87218096173018, 13.110779050414157 ], [ 75.872646180622667, 13.110446646156316 ] ] ], [ [ [ 75.853079764986077, 13.125438955403881 ], [ 75.853100665810587, 13.125447503804489 ], [ 75.853103702331296, 13.125413948944157 ], [ 75.853192860422055, 13.125443932374061 ], [ 75.85317192435835, 13.125308863251981 ], [ 75.853237301769042, 13.125296701538046 ], [ 75.853300844500623, 13.125284876816663 ], [ 75.853325869170149, 13.125287852677577 ], [ 75.853356420220408, 13.125291486536703 ], [ 75.853545900666305, 13.125313986150614 ], [ 75.853567219579745, 13.125292387116961 ], [ 75.854116068600376, 13.12473658480066 ], [ 75.854245368600104, 13.124707312670902 ], [ 75.85475322985603, 13.124592191263908 ], [ 75.855075264614285, 13.124519072849372 ], [ 75.856891086451455, 13.124103998649767 ], [ 75.859250823667836, 13.123559354970569 ], [ 75.859366675466546, 13.123530836802862 ], [ 75.859772545789568, 13.123431408955193 ], [ 75.859904096160321, 13.123399221441202 ], [ 75.860401693242437, 13.123277268948259 ], [ 75.860770244354441, 13.12315490612241 ], [ 75.863283711623879, 13.122575403706659 ], [ 75.863733446194772, 13.120874061316011 ], [ 75.863765483103094, 13.120259802380966 ], [ 75.863903565279116, 13.120185344573366 ], [ 75.865776360307976, 13.119997294957853 ], [ 75.866009589110135, 13.119977925506801 ], [ 75.86600979200557, 13.119977909453588 ], [ 75.86613242865468, 13.119967737390322 ], [ 75.866217380743535, 13.119960691165961 ], [ 75.866315352068852, 13.119952562224238 ], [ 75.866400234968836, 13.119945519789574 ], [ 75.866480745542461, 13.119938844665466 ], [ 75.866531422605902, 13.119934646970123 ], [ 75.866579534923972, 13.11993066314229 ], [ 75.866863519292465, 13.119907174513497 ], [ 75.867732908279621, 13.119870642081745 ], [ 75.86779164293425, 13.119866841044697 ], [ 75.873380254440534, 13.119603254261397 ], [ 75.873659680395605, 13.118022111103295 ], [ 75.873878296581225, 13.116774580714351 ], [ 75.8738534106961, 13.115992811579366 ], [ 75.87384743014799, 13.11514011765221 ], [ 75.873821709228125, 13.114644735827561 ], [ 75.873479737826216, 13.114286552674525 ], [ 75.873470006573982, 13.1142763694658 ], [ 75.873292161271266, 13.11419938476808 ], [ 75.873282480163212, 13.114067985790836 ], [ 75.873097436014959, 13.113914124876731 ], [ 75.87218096173018, 13.110779050414157 ], [ 75.873038778366237, 13.113903224085304 ], [ 75.873219009625387, 13.114055707129463 ], [ 75.873227182266518, 13.114185750450213 ], [ 75.873401180241302, 13.114262059261645 ], [ 75.8734106408386, 13.114272139411375 ], [ 75.873743031937323, 13.114626354210923 ], [ 75.873762751673496, 13.115114874781229 ], [ 75.873761032837237, 13.115956601964347 ], [ 75.873786085581472, 13.116732416611834 ], [ 75.873579959943996, 13.117981618889216 ], [ 75.873312451477346, 13.119572209922634 ], [ 75.867827313524614, 13.119804788832484 ], [ 75.867768559536458, 13.119807281608436 ], [ 75.866897163162491, 13.11982373657988 ], [ 75.866611614111093, 13.119840581240105 ], [ 75.866563209114275, 13.119843436749557 ], [ 75.866512214247592, 13.119846443823446 ], [ 75.866431181386261, 13.119851223764332 ], [ 75.866345723248813, 13.119856265406021 ], [ 75.86624705107613, 13.1198620856561 ], [ 75.866161457345612, 13.119867134926535 ], [ 75.866037839265545, 13.119874426903058 ], [ 75.86603763543188, 13.119874438438602 ], [ 75.865802372755667, 13.119888316489195 ], [ 75.863905171103184, 13.120027303748197 ], [ 75.863764528960957, 13.12009830083692 ], [ 75.863730664381876, 13.120719908677263 ], [ 75.863267052614731, 13.122439498548111 ], [ 75.860714739140988, 13.123029810666349 ], [ 75.860341698435235, 13.123159910932335 ], [ 75.859839367914589, 13.123291629688524 ], [ 75.859706785029744, 13.123326396598333 ], [ 75.859298586990576, 13.123433428950591 ], [ 75.859182387748717, 13.123463895830062 ], [ 75.856827672353631, 13.124031649936153 ], [ 75.855010569190028, 13.12446557358032 ], [ 75.854687922578776, 13.124542619858119 ], [ 75.854178995858504, 13.124664148919887 ], [ 75.854049407358815, 13.124695092883041 ], [ 75.853496074053822, 13.125261378437914 ], [ 75.853474582143903, 13.125283373162809 ], [ 75.853285140041891, 13.12526288786359 ], [ 75.853254594747071, 13.125259583999588 ], [ 75.853229574703761, 13.125256878463734 ], [ 75.853165901051398, 13.125269527302311 ], [ 75.853100389119945, 13.125282539365825 ], [ 75.853120344897818, 13.125418260941027 ], [ 75.8530313465685, 13.125389122356701 ], [ 75.853028540078753, 13.125417999834072 ], [ 75.853079764986077, 13.125438955403881 ] ] ], [ [ [ 75.85295031384716, 13.125644675826537 ], [ 75.853009621925892, 13.12551054061862 ], [ 75.852986066939167, 13.125406097924603 ], [ 75.852912370610653, 13.12537655889945 ], [ 75.852936488854255, 13.125487436317606 ], [ 75.852879637204467, 13.125615247045188 ], [ 75.85295031384716, 13.125644675826537 ] ] ], [ [ [ 75.85273779453928, 13.125614610947322 ], [ 75.852828540483586, 13.125603661722062 ], [ 75.852772667896076, 13.125580856585506 ], [ 75.852735693180023, 13.12558577437856 ], [ 75.85273779453928, 13.125614610947322 ] ] ], [ [ [ 75.852538810520926, 13.125513602180449 ], [ 75.852655404352703, 13.125467990339503 ], [ 75.852652313465512, 13.125420577490498 ], [ 75.852530885838007, 13.125469664185061 ], [ 75.852538810520926, 13.125513602180449 ] ] ], [ [ [ 75.851573632660603, 13.125392254423252 ], [ 75.851736998351129, 13.125238061530808 ], [ 75.851861705963344, 13.125163881038347 ], [ 75.85199714895802, 13.12510442196062 ], [ 75.852206130489535, 13.125000179500745 ], [ 75.852161746294215, 13.124970995399357 ], [ 75.851926380464306, 13.125091741877824 ], [ 75.85179050379638, 13.125153322638983 ], [ 75.851665292015653, 13.125229515646129 ], [ 75.851549382349262, 13.12534019593221 ], [ 75.851573632660603, 13.125392254423252 ] ] ], [ [ [ 75.85027833856013, 13.12595326898586 ], [ 75.850776394902326, 13.125698321065634 ], [ 75.850901372951753, 13.125542257316953 ], [ 75.851103778496665, 13.125385552347391 ], [ 75.851258483649914, 13.125352179536382 ], [ 75.851406218004897, 13.12532038215538 ], [ 75.851454892019461, 13.125286197066297 ], [ 75.851435506498404, 13.125244022828246 ], [ 75.851334255262003, 13.125316413045882 ], [ 75.851186604912741, 13.125350105254462 ], [ 75.851032117481168, 13.125385358886669 ], [ 75.850829457291212, 13.125544483306689 ], [ 75.850704004110639, 13.125701894002633 ], [ 75.850218495605532, 13.125954441221435 ], [ 75.85027833856013, 13.12595326898586 ] ] ], [ [ [ 75.845740444644335, 13.124958527766598 ], [ 75.846005572993022, 13.124805207967874 ], [ 75.845961501468167, 13.12479352204255 ], [ 75.845657513547764, 13.124962947277249 ], [ 75.845740444644335, 13.124958527766598 ] ] ], [ [ [ 75.845279939532006, 13.124983068708808 ], [ 75.845408179588958, 13.124976234622187 ], [ 75.845278968523928, 13.124983003264145 ], [ 75.845279939532006, 13.124983068708808 ] ] ] ] } },
{ "type": "Feature", "properties": { "OBJECTID": 979, "KGISHobliID": 480, "KGISHobliCode": "230206", "KGISHobliName": "Kasaba", "BhuCodeHobli": null, "SHAPE.STArea()": 1582728.701514825, "SHAPE.STLength()": 9185.6453037577321, "KGISTalukCode": "2302", "created_user": null, "created_date": null, "last_edited_user": null, "last_edited_date": null, "_overlap_percent": 98.104498162984882, "_police_station": "Belur PS", "_police_feature_index": "437", "_admin_layer": "Hobli", "_geometry_clipped": true }, "geometry": { "type": "Polygon", "coordinates": [ [ [ 75.78998203519275, 13.150001167370108 ], [ 75.78873279394422, 13.151386254055632 ], [ 75.788652425545223, 13.151531492945471 ], [ 75.788070280482771, 13.152582558251884 ], [ 75.787921443574248, 13.152850870162544 ], [ 75.787081288963918, 13.152693251999784 ], [ 75.787080440921883, 13.152666614418044 ], [ 75.787025347115886, 13.152656236994941 ], [ 75.787018770916887, 13.152454171103496 ], [ 75.786805405833618, 13.152270013819328 ], [ 75.786425931080387, 13.152272492177504 ], [ 75.786347637828456, 13.152356330871047 ], [ 75.78631681518489, 13.152547180036192 ], [ 75.786098627318893, 13.153869562424573 ], [ 75.786211299581097, 13.154149220238846 ], [ 75.786347027572006, 13.154189029855008 ], [ 75.78726898206753, 13.154459441455383 ], [ 75.787261429894258, 13.154492064120346 ], [ 75.787319050214009, 13.154509004559834 ], [ 75.78696729586359, 13.156001039068071 ], [ 75.786637507427486, 13.155741274482647 ], [ 75.786573666538743, 13.155952105046357 ], [ 75.786363254216113, 13.156165977559187 ], [ 75.786281063325546, 13.156270057513984 ], [ 75.78605601809312, 13.156574871299988 ], [ 75.785931048202144, 13.157110284591729 ], [ 75.786205165499766, 13.157322351208434 ], [ 75.786199168912688, 13.157362112914617 ], [ 75.786233591580284, 13.157389421544048 ], [ 75.786163432269134, 13.15784304201282 ], [ 75.786160686301216, 13.157924346491159 ], [ 75.78615642295577, 13.158049488637365 ], [ 75.786151126456645, 13.158414822401978 ], [ 75.786919851055416, 13.158819039531743 ], [ 75.786916993592371, 13.158907301045609 ], [ 75.786939782796708, 13.158920032729689 ], [ 75.786933933634799, 13.159060740718413 ], [ 75.786685583418304, 13.159070946720153 ], [ 75.786251930069369, 13.158962635267306 ], [ 75.786092438973952, 13.158829402875952 ], [ 75.785832002468098, 13.15858089745937 ], [ 75.785758389130905, 13.158771138745053 ], [ 75.78568447108286, 13.158962210081755 ], [ 75.785561660307195, 13.159082797931402 ], [ 75.785577692145523, 13.159396120569056 ], [ 75.785670167727957, 13.159516212919769 ], [ 75.785647333376744, 13.159539246463877 ], [ 75.785685789997103, 13.159592539721665 ], [ 75.785308493248351, 13.15996184492581 ], [ 75.785384896054538, 13.160242032797282 ], [ 75.785390414032335, 13.160261485941508 ], [ 75.785390209979028, 13.160261509769262 ], [ 75.785409457586482, 13.160331738837094 ], [ 75.784905752534897, 13.160358956912573 ], [ 75.784664875753165, 13.160630236674448 ], [ 75.784739179019908, 13.160928909300729 ], [ 75.784600830640798, 13.161467010465605 ], [ 75.784485418514137, 13.161869925673193 ], [ 75.784469655062367, 13.161821378472574 ], [ 75.784460952572402, 13.161795524768918 ], [ 75.784452853455306, 13.161826147837484 ], [ 75.784434832056334, 13.161779581366055 ], [ 75.78426183050216, 13.161332574178338 ], [ 75.784096203844356, 13.16129160884887 ], [ 75.78409619901511, 13.161291607938105 ], [ 75.784035524964935, 13.161368860196157 ], [ 75.783974634346265, 13.161446555485634 ], [ 75.783962317914899, 13.161797247403179 ], [ 75.783848407592089, 13.161863473125194 ], [ 75.783154975920539, 13.162276011897514 ], [ 75.782976873556009, 13.162386731179033 ], [ 75.782881308330332, 13.162703789613271 ], [ 75.782827222870978, 13.162883230737918 ], [ 75.78276024526491, 13.163023632321485 ], [ 75.782699393746526, 13.163060127167372 ], [ 75.782560642928757, 13.163271136437309 ], [ 75.782537429925711, 13.163247526488636 ], [ 75.782481106574309, 13.163331944738578 ], [ 75.782349671930916, 13.163198566726974 ], [ 75.782260369551906, 13.16322281299221 ], [ 75.782270519334702, 13.163305305449667 ], [ 75.782182320904113, 13.16330190409569 ], [ 75.782181430896529, 13.163303858019434 ], [ 75.782188396957537, 13.163365062744466 ], [ 75.782149823976354, 13.163363574657803 ], [ 75.782064392510534, 13.163500631440829 ], [ 75.781995034198985, 13.163568153809781 ], [ 75.782405390465868, 13.16472612635715 ], [ 75.782583849317064, 13.164968826871963 ], [ 75.782932644452615, 13.165287115640027 ], [ 75.783520522636664, 13.165455566159341 ], [ 75.784160076609439, 13.165406912111402 ], [ 75.785004291093571, 13.165342015433676 ], [ 75.785788306611238, 13.165494201225785 ], [ 75.785800909970618, 13.165499961038897 ], [ 75.785853745933679, 13.165509828622788 ], [ 75.786269400736487, 13.165686399575488 ], [ 75.786507373313725, 13.166021360295582 ], [ 75.786521218260589, 13.166324362103106 ], [ 75.786423660794966, 13.166588753948885 ], [ 75.786295083696402, 13.167077829950367 ], [ 75.786560252175363, 13.16701802855145 ], [ 75.786697860327905, 13.167058908985556 ], [ 75.786733449526594, 13.167241510886811 ], [ 75.786665716683146, 13.167326339032289 ], [ 75.78666691710589, 13.167333096987051 ], [ 75.786351450639728, 13.167733962644901 ], [ 75.786251439102827, 13.168464948937805 ], [ 75.78640341568412, 13.168662610589276 ], [ 75.786705539919396, 13.168976446074833 ], [ 75.786750914780811, 13.169193144509611 ], [ 75.787245058009475, 13.169551545406986 ], [ 75.78743554228295, 13.169851608977595 ], [ 75.787920410733875, 13.170444272638157 ], [ 75.788233667995556, 13.170767634510304 ], [ 75.788535433097209, 13.170995407701282 ], [ 75.788883152064031, 13.171226673913097 ], [ 75.790117280856848, 13.171291183928375 ], [ 75.790163275793205, 13.171057956793927 ], [ 75.790196228017507, 13.171000494001287 ], [ 75.790198227430224, 13.170997007646841 ], [ 75.790328674507407, 13.170769537728015 ], [ 75.790388211711146, 13.170665716988053 ], [ 75.790481786576237, 13.170612733001779 ], [ 75.790607021188052, 13.170541820967568 ], [ 75.790625036892308, 13.170522475638151 ], [ 75.790657735854225, 13.170487359529872 ], [ 75.790757982592453, 13.170379707934911 ], [ 75.791389590248031, 13.170145729590386 ], [ 75.791391406746598, 13.170145055797724 ], [ 75.791530681192953, 13.170180257325697 ], [ 75.792680255906276, 13.170470812837319 ], [ 75.793288724383359, 13.169764971029137 ], [ 75.793539041144001, 13.169471192521724 ], [ 75.793646851825869, 13.169408350332663 ], [ 75.796302888712049, 13.168897360526195 ], [ 75.796870583725649, 13.166807324447628 ], [ 75.797372100387065, 13.164960896627813 ], [ 75.797410411853278, 13.164819846522901 ], [ 75.797301563188796, 13.164275274407533 ], [ 75.797471772912758, 13.163060076809858 ], [ 75.797448327370788, 13.162694434269509 ], [ 75.796397667032281, 13.163182177009597 ], [ 75.795741042627057, 13.163715786825385 ], [ 75.794702550020347, 13.164266600525242 ], [ 75.794549221732922, 13.164348283315535 ], [ 75.794350757103444, 13.164453970664779 ], [ 75.794116554212962, 13.163879803793717 ], [ 75.794066340086303, 13.163756727265524 ], [ 75.793424192706766, 13.163787049752667 ], [ 75.793275689211114, 13.163794253873338 ], [ 75.793095520972173, 13.163798884779455 ], [ 75.79275770242478, 13.163807799094736 ], [ 75.79253808805764, 13.163813768446964 ], [ 75.792221289094101, 13.163821514968472 ], [ 75.79201105090867, 13.163826875355811 ], [ 75.791858109061721, 13.163830883409467 ], [ 75.791375380670019, 13.163843013260612 ], [ 75.791466359173896, 13.163708520676597 ], [ 75.791394215553453, 13.163708232924938 ], [ 75.791785148092671, 13.163131483794711 ], [ 75.791898006040569, 13.162905067513613 ], [ 75.792059264875917, 13.162581551827197 ], [ 75.792145305470342, 13.162408937452589 ], [ 75.791607180956262, 13.162042110283982 ], [ 75.791159607110998, 13.161885939633105 ], [ 75.790613380001261, 13.161217841603877 ], [ 75.790303204195808, 13.160831129003457 ], [ 75.790384627497659, 13.160799938889829 ], [ 75.790280529309911, 13.160673610574143 ], [ 75.790829762206897, 13.160475179405134 ], [ 75.791032464408687, 13.160336491772972 ], [ 75.791636604382361, 13.15992314281095 ], [ 75.791822954008481, 13.15979564272936 ], [ 75.791968602817647, 13.159676266446789 ], [ 75.792090878097909, 13.159375247710621 ], [ 75.792152575418029, 13.159223359979734 ], [ 75.792060533263367, 13.158643796097525 ], [ 75.791502129131587, 13.157825204786951 ], [ 75.791155542694057, 13.157604431743737 ], [ 75.790699156422164, 13.157350331368223 ], [ 75.790269801967938, 13.157022695641228 ], [ 75.78981302220997, 13.156973883247467 ], [ 75.789804022956929, 13.156980055749454 ], [ 75.789456314202027, 13.157218169023475 ], [ 75.789478279293576, 13.157354287777229 ], [ 75.78948192886763, 13.157376910073392 ], [ 75.789258397264831, 13.157427423003242 ], [ 75.789232227756443, 13.157383880194843 ], [ 75.789171965126712, 13.157283588000555 ], [ 75.789076581900872, 13.157317853035359 ], [ 75.788986100148577, 13.15736721549913 ], [ 75.788707484249514, 13.157782365337306 ], [ 75.788428769055116, 13.157935256825846 ], [ 75.788222585289589, 13.157809857381585 ], [ 75.788242639585135, 13.157752969068138 ], [ 75.788188355481907, 13.157720686071182 ], [ 75.788416797464279, 13.157069022567262 ], [ 75.788413774681572, 13.15655255863205 ], [ 75.788479358173035, 13.156616020872111 ], [ 75.788853396010651, 13.156977958070538 ], [ 75.788872624058428, 13.156921631683208 ], [ 75.78924209072585, 13.155839302239226 ], [ 75.789317596335422, 13.155618112228618 ], [ 75.789654405711303, 13.154437133887017 ], [ 75.789307051306579, 13.154197565777695 ], [ 75.789126359061243, 13.154548552574143 ], [ 75.78845104921345, 13.154361762980972 ], [ 75.788455905453873, 13.154330251650244 ], [ 75.78840285109338, 13.154315662816598 ], [ 75.788502669586009, 13.153673180817053 ], [ 75.788524284305666, 13.153585647364181 ], [ 75.788598928220011, 13.153265949638556 ], [ 75.78851615393711, 13.153237191789598 ], [ 75.788525954711574, 13.153220194022595 ], [ 75.788467483537275, 13.15320000922735 ], [ 75.788866731944083, 13.152515577029853 ], [ 75.789182239898139, 13.152013117113588 ], [ 75.789600654952693, 13.151406474358279 ], [ 75.790287654908838, 13.150289128765333 ], [ 75.790466194716544, 13.149998748034129 ], [ 75.78998203519275, 13.150001167370108 ] ] ] } },
{ "type": "Feature", "properties": { "OBJECTID": 980, "KGISHobliID": 481, "KGISHobliCode": "230206", "KGISHobliName": "Kasaba", "BhuCodeHobli": null, "SHAPE.STArea()": 197721607.16773632, "SHAPE.STLength()": 119718.28500339121, "KGISTalukCode": "2302", "created_user": null, "created_date": null, "last_edited_user": "SA", "last_edited_date": 1635504373000.0, "_overlap_percent": 99.79772475135546, "_police_station": "Belur PS", "_police_feature_index": "437", "_admin_layer": "Hobli", "_geometry_clipped": true }, "geometry": { "type": "MultiPolygon", "coordinates": [ [ [ [ 75.916124636805066, 13.260547140270818 ], [ 75.916666115497733, 13.259903866704908 ], [ 75.916871306007906, 13.259944556189815 ], [ 75.917330545927285, 13.260035407057718 ], [ 75.917664635023996, 13.260491331796091 ], [ 75.917810724836002, 13.260192188196664 ], [ 75.918491774046032, 13.259004933837076 ], [ 75.91849183915852, 13.259004821488098 ], [ 75.919471807372346, 13.257219488600844 ], [ 75.919248653070639, 13.257057812063417 ], [ 75.919219526634194, 13.257036693957735 ], [ 75.919203007229541, 13.256961710826454 ], [ 75.919185574613508, 13.256949199783023 ], [ 75.919156157434657, 13.256928078195886 ], [ 75.917305447014769, 13.24862426156284 ], [ 75.916966371670796, 13.243769769279178 ], [ 75.917018243209426, 13.243443381814057 ], [ 75.917053579822237, 13.243221037346661 ], [ 75.916806374769152, 13.242286518413266 ], [ 75.9181325277235, 13.241561776160331 ], [ 75.92052099609424, 13.240256452661948 ], [ 75.92230781984226, 13.239279911334028 ], [ 75.922555527120167, 13.239211464831577 ], [ 75.922979803092403, 13.239427535054107 ], [ 75.922986051738903, 13.238701029490697 ], [ 75.922990881210183, 13.238139509135269 ], [ 75.92344532925739, 13.236407111389441 ], [ 75.923661599046483, 13.235477458739085 ], [ 75.923694483067948, 13.234793129355054 ], [ 75.923725954297424, 13.23421811490152 ], [ 75.923903736658332, 13.233176702921343 ], [ 75.92398310562794, 13.232711339504046 ], [ 75.924028891297183, 13.232442625257111 ], [ 75.924121200152754, 13.232464896773516 ], [ 75.92413133392688, 13.23241223605404 ], [ 75.925108582166132, 13.232654989440139 ], [ 75.926299840569826, 13.231029131627549 ], [ 75.926512605346247, 13.230747216879317 ], [ 75.926623381965314, 13.230599904523864 ], [ 75.92675095218226, 13.230429768363953 ], [ 75.926876082063515, 13.230262319090388 ], [ 75.927001416075882, 13.230093982053429 ], [ 75.927058878018386, 13.230016577350252 ], [ 75.927160884571435, 13.22987879198409 ], [ 75.927262904633366, 13.229740459523825 ], [ 75.927364404636009, 13.22960227810049 ], [ 75.927469157038587, 13.229459024316784 ], [ 75.927566344037288, 13.229325466021223 ], [ 75.927576938196069, 13.229310865344495 ], [ 75.927627800342989, 13.229149584903199 ], [ 75.928095147900208, 13.227798605980382 ], [ 75.928349578017972, 13.227148082629368 ], [ 75.928504557477368, 13.226749573021589 ], [ 75.928546208410467, 13.226641277373519 ], [ 75.928556380784514, 13.226609808478939 ], [ 75.928441495252997, 13.226261641321079 ], [ 75.928440278593598, 13.226256456194024 ], [ 75.928416836495572, 13.226187503891076 ], [ 75.928179177105392, 13.225143700730973 ], [ 75.928048643227967, 13.22477877462901 ], [ 75.92795254978148, 13.224509691593973 ], [ 75.927846961387573, 13.224213653554619 ], [ 75.927352287606652, 13.223949750435551 ], [ 75.927233915316094, 13.223886600049715 ], [ 75.927232836136469, 13.223886024404438 ], [ 75.92607469061366, 13.223203715416474 ], [ 75.926069023383334, 13.223180223520849 ], [ 75.925966083777908, 13.22312192433478 ], [ 75.925728918935548, 13.222076786020306 ], [ 75.925490481696954, 13.221749580309281 ], [ 75.925473427210008, 13.221726153135156 ], [ 75.925355410769583, 13.221616971118324 ], [ 75.925271779690419, 13.221506289391671 ], [ 75.923254938984456, 13.218294389613632 ], [ 75.92183954872992, 13.216795947653781 ], [ 75.921018622646088, 13.2167743313438 ], [ 75.919595667698076, 13.216733978186932 ], [ 75.91856988504108, 13.216703291216344 ], [ 75.917413906889692, 13.216674683778811 ], [ 75.916617726599071, 13.216634588476174 ], [ 75.915744959503826, 13.215243621189519 ], [ 75.915038067794015, 13.213914772538647 ], [ 75.914818707198975, 13.213575766525823 ], [ 75.914501140113117, 13.213042305283123 ], [ 75.914485561932665, 13.213016135109664 ], [ 75.91443763581907, 13.212960371000282 ], [ 75.91420250175841, 13.212686778314623 ], [ 75.914149247269407, 13.212624814417667 ], [ 75.913997133302061, 13.21244782021556 ], [ 75.913426777187709, 13.211594170198603 ], [ 75.913385969073019, 13.211533090241305 ], [ 75.913024676916805, 13.210600551161267 ], [ 75.912809390760586, 13.210083421960588 ], [ 75.912716693959894, 13.209721586686813 ], [ 75.912577532192742, 13.20945693455243 ], [ 75.912619372197085, 13.209375389813131 ], [ 75.912681982354854, 13.209253364365518 ], [ 75.912531564208294, 13.208018836830675 ], [ 75.912490336097605, 13.207987059071073 ], [ 75.912307997993892, 13.207846517391634 ], [ 75.912157732398498, 13.207730696555043 ], [ 75.912057069532452, 13.207653106404528 ], [ 75.912041238925497, 13.207592577279129 ], [ 75.912051356299884, 13.207347846447027 ], [ 75.911683207708109, 13.20563062175761 ], [ 75.911673617009058, 13.205585892153403 ], [ 75.910804117263027, 13.205792608586115 ], [ 75.910426483380874, 13.20586461445709 ], [ 75.909714991253921, 13.206079326665913 ], [ 75.909583245319041, 13.206119084016764 ], [ 75.909524770117159, 13.205465974148593 ], [ 75.909514460512199, 13.205350823296714 ], [ 75.90836286380906, 13.205472890699042 ], [ 75.907740166739543, 13.205545638886932 ], [ 75.907738966505946, 13.205545734463071 ], [ 75.907168224772832, 13.205591290242705 ], [ 75.906734291312972, 13.205641275147615 ], [ 75.905034921288006, 13.205800254506773 ], [ 75.904866621682444, 13.205844522059913 ], [ 75.904247622223693, 13.205901872151379 ], [ 75.904224000236837, 13.205903728651787 ], [ 75.902796379239959, 13.206004977496891 ], [ 75.902365228789421, 13.205995666987862 ], [ 75.901761294633957, 13.206008189615035 ], [ 75.900182614412074, 13.206145465981088 ], [ 75.900126702622046, 13.206149290996793 ], [ 75.900125217778267, 13.206080591619925 ], [ 75.900109328957399, 13.20608136222828 ], [ 75.900108685502261, 13.205970937868672 ], [ 75.899461796877603, 13.204115776437282 ], [ 75.898858924491108, 13.202438648215624 ], [ 75.898903475564936, 13.200992247122615 ], [ 75.898950525977597, 13.200307015529777 ], [ 75.898906661704132, 13.19955611648991 ], [ 75.898793002690653, 13.199536899125031 ], [ 75.898822068446634, 13.199463426829013 ], [ 75.898754591051784, 13.199450779136498 ], [ 75.898806482668846, 13.199311694015602 ], [ 75.898856537401841, 13.199177529429356 ], [ 75.89892715987456, 13.198988236684349 ], [ 75.89942807252973, 13.197525171510739 ], [ 75.900336853127683, 13.197109462042246 ], [ 75.900410610749191, 13.1970759668326 ], [ 75.900503960702423, 13.197033575430458 ], [ 75.9017926838129, 13.196448327281182 ], [ 75.90296590788536, 13.195918664490145 ], [ 75.903553587572546, 13.19580204264467 ], [ 75.904059398979172, 13.195701666815891 ], [ 75.904137406938801, 13.195685255895008 ], [ 75.905910880629861, 13.195330893190366 ], [ 75.906020593196004, 13.19530897086311 ], [ 75.906509090055167, 13.195211360408473 ], [ 75.907606769336212, 13.194958475222599 ], [ 75.907747764949562, 13.194938382552071 ], [ 75.908301300317135, 13.194859501130011 ], [ 75.908474042020444, 13.194834884121155 ], [ 75.908633969193815, 13.194463644761694 ], [ 75.909250741876477, 13.193974687020821 ], [ 75.909363846474449, 13.193762089311496 ], [ 75.909579719579014, 13.193658137091935 ], [ 75.909602471073626, 13.193464660187766 ], [ 75.90962776780141, 13.193465792336069 ], [ 75.909628008922766, 13.193463444741649 ], [ 75.909871102257284, 13.193472030376844 ], [ 75.910105682615807, 13.193354108519291 ], [ 75.91027503298433, 13.193268977612988 ], [ 75.910472152213828, 13.193166137178201 ], [ 75.910607996479015, 13.193095197161568 ], [ 75.911113178254894, 13.19283133708826 ], [ 75.911122881688044, 13.192820762843274 ], [ 75.911403096503975, 13.192514978184223 ], [ 75.911663039058951, 13.192166312603826 ], [ 75.911796194602758, 13.191986397445058 ], [ 75.912379173143151, 13.191645217874639 ], [ 75.912379770732073, 13.191644871263602 ], [ 75.912432089995534, 13.191663656791972 ], [ 75.912437654847494, 13.191660539377395 ], [ 75.912438257083679, 13.191660201791226 ], [ 75.912545761037379, 13.191700986897773 ], [ 75.912629049869267, 13.191732584296833 ], [ 75.912677243613672, 13.191750868233195 ], [ 75.912696339775138, 13.191758112819693 ], [ 75.912817279277192, 13.191801226255928 ], [ 75.912856099981155, 13.191802209095687 ], [ 75.913003934461955, 13.191806202199972 ], [ 75.913060007727466, 13.191807826961028 ], [ 75.913081830710098, 13.191825644738195 ], [ 75.913092119914793, 13.19182595926628 ], [ 75.913171341030264, 13.191896259122384 ], [ 75.913177911420277, 13.191738006557118 ], [ 75.913603271240035, 13.191733816568085 ], [ 75.913718925421591, 13.191693663834233 ], [ 75.913922338593096, 13.191688143597457 ], [ 75.91411692718431, 13.191684593290228 ], [ 75.914164638755139, 13.191682083644247 ], [ 75.914281183554124, 13.191581199813983 ], [ 75.914528829754687, 13.191358860048537 ], [ 75.914899202171455, 13.19103604514904 ], [ 75.914589746841088, 13.190227063497408 ], [ 75.914553679790501, 13.190131973911793 ], [ 75.914542514606495, 13.190103233619947 ], [ 75.914284146041382, 13.189423697936936 ], [ 75.914099458715526, 13.188909977807258 ], [ 75.913861357154616, 13.188189637019802 ], [ 75.913922076937183, 13.188075594637597 ], [ 75.913638523469061, 13.187441815727757 ], [ 75.913363299123986, 13.186895237765787 ], [ 75.913050686633852, 13.186230839239929 ], [ 75.912813873374986, 13.185753173976156 ], [ 75.912363784160561, 13.185238413364045 ], [ 75.912184090913385, 13.184796875706862 ], [ 75.912066079404994, 13.184506903509465 ], [ 75.911752166934747, 13.184079315784084 ], [ 75.911346841090989, 13.183072039427644 ], [ 75.911386546732089, 13.181972832795656 ], [ 75.911388075766112, 13.181958147487366 ], [ 75.911479461461923, 13.181080067450479 ], [ 75.911405043182199, 13.181088136498429 ], [ 75.911160309197484, 13.181114715979501 ], [ 75.910706276211883, 13.181052812988399 ], [ 75.909773030771461, 13.180984757364778 ], [ 75.909760463289373, 13.180627446871256 ], [ 75.909759145867895, 13.180589803384411 ], [ 75.909728726987481, 13.180596699714741 ], [ 75.909710814251454, 13.180333274053336 ], [ 75.909707744566788, 13.180288132284479 ], [ 75.909663102515665, 13.179631615506461 ], [ 75.909425668889384, 13.178804436668873 ], [ 75.909404324926584, 13.17873007768139 ], [ 75.909391355926061, 13.178701789217003 ], [ 75.90922628751602, 13.178341743563594 ], [ 75.909142092685769, 13.178241838906537 ], [ 75.909052020728396, 13.178096329501154 ], [ 75.908996005215187, 13.177910288974411 ], [ 75.908731621404726, 13.177460381760543 ], [ 75.908657724310856, 13.176926033805856 ], [ 75.908824261511072, 13.176824496453694 ], [ 75.908738226700336, 13.1765845885568 ], [ 75.908611851265675, 13.176181868253042 ], [ 75.90819325864949, 13.175862176145435 ], [ 75.908075131035417, 13.17595479487667 ], [ 75.908027428407067, 13.175992196936807 ], [ 75.907891682258196, 13.175794399452649 ], [ 75.907695210074124, 13.17547812085291 ], [ 75.90765184837548, 13.175304836173776 ], [ 75.90748551851533, 13.174886780040001 ], [ 75.907483645620474, 13.17437843334957 ], [ 75.907524561181091, 13.173887876463631 ], [ 75.907505083616428, 13.173570971358735 ], [ 75.907454737668118, 13.173158485756911 ], [ 75.907392207783047, 13.1727520233113 ], [ 75.907297481743171, 13.17234132207148 ], [ 75.907383055219583, 13.172270949052368 ], [ 75.907498146628285, 13.172176306187962 ], [ 75.907868489464576, 13.172162936326002 ], [ 75.908127042854133, 13.172155436313329 ], [ 75.908163697986382, 13.172154383747335 ], [ 75.908116753259705, 13.172095936695987 ], [ 75.908315491251273, 13.172090214208183 ], [ 75.908607580108438, 13.172081801139532 ], [ 75.909241778021354, 13.172063473998474 ], [ 75.908714037813425, 13.169831055684229 ], [ 75.908540278844356, 13.169197677688503 ], [ 75.90849925266906, 13.169048004975449 ], [ 75.908387666809205, 13.168623113310176 ], [ 75.908362964845878, 13.168529000206986 ], [ 75.90812534044592, 13.167851868670823 ], [ 75.908112456915447, 13.167821267841051 ], [ 75.907129550393776, 13.165480304374174 ], [ 75.907102435332035, 13.165415534552675 ], [ 75.907021329908559, 13.165224347191803 ], [ 75.9070159131699, 13.165205105056152 ], [ 75.906974876443954, 13.165059364176313 ], [ 75.906929327617448, 13.164925323660086 ], [ 75.906828964460274, 13.16457891827857 ], [ 75.906685363088485, 13.164115682870415 ], [ 75.906427528930479, 13.163240511174974 ], [ 75.906069320566587, 13.161604234658078 ], [ 75.906055053970874, 13.161539062635276 ], [ 75.905592232130715, 13.1600625391133 ], [ 75.905481312348201, 13.159861038883516 ], [ 75.905337312822368, 13.159365921191782 ], [ 75.905188144689603, 13.158866367697572 ], [ 75.906990796874169, 13.157767787671375 ], [ 75.907537869549017, 13.157429321023866 ], [ 75.90774721714304, 13.15754040929145 ], [ 75.907498600464081, 13.155933262115534 ], [ 75.907317697759368, 13.155063739054064 ], [ 75.909200084369758, 13.152954061097409 ], [ 75.909751138700969, 13.151761859364683 ], [ 75.910429026461415, 13.14915868830515 ], [ 75.910831523883928, 13.147536013854111 ], [ 75.911136723457361, 13.146959589288162 ], [ 75.911405469522848, 13.146428912891871 ], [ 75.911278486138443, 13.145560950439684 ], [ 75.91127584564596, 13.145543195802887 ], [ 75.911062579299497, 13.144372875089376 ], [ 75.911054246674155, 13.144328749543448 ], [ 75.910781600648505, 13.143374815282112 ], [ 75.91063149201463, 13.142891884386595 ], [ 75.910467280748307, 13.142401756458874 ], [ 75.910287126690221, 13.141791381064158 ], [ 75.909738062095684, 13.140964403239026 ], [ 75.909554068036627, 13.140717120193852 ], [ 75.908402695080767, 13.139256466710519 ], [ 75.908392599805993, 13.139234206719319 ], [ 75.908348467050317, 13.139179118457132 ], [ 75.90779064423532, 13.13794570063977 ], [ 75.90701310896668, 13.136431735739398 ], [ 75.906964708715307, 13.136337494938411 ], [ 75.90653433114872, 13.135499483286962 ], [ 75.906534173652403, 13.135499554366497 ], [ 75.90649742622918, 13.135428349258381 ], [ 75.906413564806883, 13.135265851659211 ], [ 75.906331119376546, 13.135105550664786 ], [ 75.906326203066754, 13.135095989314266 ], [ 75.906166387863607, 13.134783670063539 ], [ 75.905957320618228, 13.134691947385747 ], [ 75.905670813074181, 13.134535564539336 ], [ 75.90570443306197, 13.13451701027107 ], [ 75.905641120095495, 13.134483041520376 ], [ 75.90596896540174, 13.134302532479866 ], [ 75.907703696349714, 13.133544778409595 ], [ 75.908072184605729, 13.133189519666869 ], [ 75.907717442855983, 13.132960989789188 ], [ 75.907685972070951, 13.132938145105111 ], [ 75.907143852221878, 13.132543517867212 ], [ 75.906400424026785, 13.131999240387628 ], [ 75.90639552503653, 13.131983694436368 ], [ 75.906371425050295, 13.131966354255262 ], [ 75.905521296014584, 13.129334164296992 ], [ 75.905436505424035, 13.129038328303366 ], [ 75.904625397324878, 13.126447056969676 ], [ 75.904534031522743, 13.126141663104113 ], [ 75.90336661489853, 13.125655526585055 ], [ 75.901781424979774, 13.124790630212841 ], [ 75.899955696515576, 13.124527812355966 ], [ 75.899800602019326, 13.124505487340604 ], [ 75.899434879867883, 13.124452839345954 ], [ 75.899121036771049, 13.12440255575258 ], [ 75.898875215466418, 13.124363169931842 ], [ 75.898597221203502, 13.124046985530301 ], [ 75.898044292658753, 13.123418088738509 ], [ 75.896849058053192, 13.121970118679107 ], [ 75.896849057154256, 13.121970117763171 ], [ 75.896849055205635, 13.121970115229422 ], [ 75.896793607952802, 13.121902943511326 ], [ 75.89634184598836, 13.121310601418203 ], [ 75.895080333116454, 13.119670281933248 ], [ 75.89439168997842, 13.11885861342966 ], [ 75.893345265196032, 13.11766006418557 ], [ 75.89294950856295, 13.116938238942646 ], [ 75.891727446054361, 13.114709276358486 ], [ 75.89049366492074, 13.112416177438616 ], [ 75.890248501619297, 13.111985145410136 ], [ 75.89024157204048, 13.111971816639734 ], [ 75.890244948998216, 13.111953915374682 ], [ 75.890229459029982, 13.11192512580377 ], [ 75.890222319337923, 13.111911854720999 ], [ 75.890626594316572, 13.109740792794231 ], [ 75.890305455702304, 13.108675087547258 ], [ 75.890248858275015, 13.108487849282632 ], [ 75.890183944609618, 13.108276601201798 ], [ 75.890152626033739, 13.108174680618701 ], [ 75.890131216218677, 13.108105006327028 ], [ 75.890101405089339, 13.108007990146628 ], [ 75.890066736712456, 13.107895170549263 ], [ 75.889899933560571, 13.10735233574194 ], [ 75.88988579177105, 13.107255923651596 ], [ 75.889772420562792, 13.106483001075166 ], [ 75.889756713894499, 13.106375917073507 ], [ 75.889729243812013, 13.106188632575632 ], [ 75.889478314643185, 13.104477873266804 ], [ 75.888880510375699, 13.103848621450839 ], [ 75.887199870722, 13.102270775475304 ], [ 75.886930692314891, 13.102072820153566 ], [ 75.886846915637491, 13.102011204545059 ], [ 75.885609674676417, 13.101101933738896 ], [ 75.882788689421815, 13.099009632141607 ], [ 75.882696738807923, 13.098940363023196 ], [ 75.882387933756135, 13.098932781551859 ], [ 75.882329323389257, 13.099032443972611 ], [ 75.882007469513141, 13.099502214062959 ], [ 75.881944404239761, 13.099594261567177 ], [ 75.881824061234028, 13.099796341442492 ], [ 75.881781177955162, 13.099854780692565 ], [ 75.881776969489266, 13.099875419154507 ], [ 75.881699598547343, 13.100254803146665 ], [ 75.881589874015461, 13.100792832734719 ], [ 75.881331954761649, 13.101383587262523 ], [ 75.881262885768876, 13.101649943476156 ], [ 75.880612549113508, 13.102370540471187 ], [ 75.880250000971216, 13.103260844270912 ], [ 75.879990257313096, 13.103611135495807 ], [ 75.87983812232801, 13.103829571406836 ], [ 75.879048977509825, 13.103955562992651 ], [ 75.878175190557741, 13.103780820341099 ], [ 75.878065890032332, 13.103767910301064 ], [ 75.877420142579467, 13.103623464266288 ], [ 75.877390121217516, 13.104034858460164 ], [ 75.877308206060817, 13.105657993328387 ], [ 75.877312651727877, 13.105797672241021 ], [ 75.87731057563731, 13.106542487232268 ], [ 75.877275616161711, 13.107827647521679 ], [ 75.877217734855549, 13.107858090054091 ], [ 75.877217269758489, 13.107906829748028 ], [ 75.877112682429626, 13.107961588610545 ], [ 75.875658597843184, 13.108722900935797 ], [ 75.874556061955346, 13.109288442871328 ], [ 75.874123495633285, 13.109515542186456 ], [ 75.873260218662068, 13.109992729185041 ], [ 75.873163562621585, 13.110064978845005 ], [ 75.872896661162102, 13.11026307514215 ], [ 75.872646180622667, 13.110446646156316 ], [ 75.87218096173018, 13.110779050414157 ], [ 75.873097436014959, 13.113914124876731 ], [ 75.873282480163212, 13.114067985790836 ], [ 75.873292161271266, 13.11419938476808 ], [ 75.873470006573982, 13.1142763694658 ], [ 75.873479737826216, 13.114286552674525 ], [ 75.873821709228125, 13.114644735827561 ], [ 75.87384743014799, 13.11514011765221 ], [ 75.8738534106961, 13.115992811579366 ], [ 75.873878296581225, 13.116774580714351 ], [ 75.873659680395605, 13.118022111103295 ], [ 75.873380254440534, 13.119603254261397 ], [ 75.86779164293425, 13.119866841044697 ], [ 75.867732908279621, 13.119870642081745 ], [ 75.866863519292465, 13.119907174513497 ], [ 75.866579534923972, 13.11993066314229 ], [ 75.866531422605902, 13.119934646970123 ], [ 75.866480745542461, 13.119938844665466 ], [ 75.866400234968836, 13.119945519789574 ], [ 75.866315352068852, 13.119952562224238 ], [ 75.866217380743535, 13.119960691165961 ], [ 75.86613242865468, 13.119967737390322 ], [ 75.86600979200557, 13.119977909453588 ], [ 75.866009589110135, 13.119977925506801 ], [ 75.865776360307976, 13.119997294957853 ], [ 75.863903565279116, 13.120185344573366 ], [ 75.863765483103094, 13.120259802380966 ], [ 75.863733446194772, 13.120874061316011 ], [ 75.863283711623879, 13.122575403706659 ], [ 75.860770244354441, 13.12315490612241 ], [ 75.860401693242437, 13.123277268948259 ], [ 75.859904096160321, 13.123399221441202 ], [ 75.859772545789568, 13.123431408955193 ], [ 75.859366675466546, 13.123530836802862 ], [ 75.859250823667836, 13.123559354970569 ], [ 75.856891086451455, 13.124103998649767 ], [ 75.855075264614285, 13.124519072849372 ], [ 75.85475322985603, 13.124592191263908 ], [ 75.854245368600104, 13.124707312670902 ], [ 75.854116068600376, 13.12473658480066 ], [ 75.853567219579745, 13.125292387116961 ], [ 75.853545900666305, 13.125313986150614 ], [ 75.853356420220408, 13.125291486536703 ], [ 75.853325869170149, 13.125287852677577 ], [ 75.853300844500623, 13.125284876816663 ], [ 75.853237301769042, 13.125296701538046 ], [ 75.85317192435835, 13.125308863251981 ], [ 75.853192860422055, 13.125443932374061 ], [ 75.853103702331296, 13.125413948944157 ], [ 75.853100665810587, 13.125447503804489 ], [ 75.853079764986077, 13.125438955403881 ], [ 75.853028540078753, 13.125417999834072 ], [ 75.853028060905302, 13.125422930306527 ], [ 75.853007207788565, 13.125414571617862 ], [ 75.852986066939167, 13.125406097924603 ], [ 75.853009621925892, 13.12551054061862 ], [ 75.85295031384716, 13.125644675826537 ], [ 75.852879637204467, 13.125615247045188 ], [ 75.852876147217287, 13.125623093040909 ], [ 75.852828540483586, 13.125603661722062 ], [ 75.85273779453928, 13.125614610947322 ], [ 75.852735693180023, 13.12558577437856 ], [ 75.852663706970858, 13.125595348847744 ], [ 75.852655404352703, 13.125467990339503 ], [ 75.852538810520926, 13.125513602180449 ], [ 75.852530885838007, 13.125469664185061 ], [ 75.852465349200429, 13.125496157142036 ], [ 75.852401972131332, 13.125128951967806 ], [ 75.852206130489535, 13.125000179500745 ], [ 75.85199714895802, 13.12510442196062 ], [ 75.851861705963344, 13.125163881038347 ], [ 75.851736998351129, 13.125238061530808 ], [ 75.851573632660603, 13.125392254423252 ], [ 75.851549382349262, 13.12534019593221 ], [ 75.85150096422835, 13.125386429621269 ], [ 75.851454892019461, 13.125286197066297 ], [ 75.851406218004897, 13.12532038215538 ], [ 75.851258483649914, 13.125352179536382 ], [ 75.851103778496665, 13.125385552347391 ], [ 75.850901372951753, 13.125542257316953 ], [ 75.850776394902326, 13.125698321065634 ], [ 75.85027833856013, 13.12595326898586 ], [ 75.850218495605532, 13.125954441221435 ], [ 75.85020734685412, 13.125960240473423 ], [ 75.849477535313255, 13.125975783113766 ], [ 75.848401249644894, 13.125505263813062 ], [ 75.848115241551255, 13.125181111625782 ], [ 75.847029491362775, 13.12507670829936 ], [ 75.846005572993022, 13.124805207967874 ], [ 75.845740444644335, 13.124958527766598 ], [ 75.845657513547764, 13.124962947277249 ], [ 75.845657065709631, 13.124963196876244 ], [ 75.845408179588958, 13.124976234622187 ], [ 75.845279939532006, 13.124983068708808 ], [ 75.845278968523928, 13.124983003264145 ], [ 75.845187873228582, 13.124987775235013 ], [ 75.844492946638724, 13.124943770336774 ], [ 75.843589532261319, 13.124879760830307 ], [ 75.843016830060648, 13.125163220744755 ], [ 75.842295010752423, 13.125329788052003 ], [ 75.841930973935646, 13.125569591587711 ], [ 75.84164430924929, 13.125942979437385 ], [ 75.841004865107507, 13.126100542322199 ], [ 75.84052618094718, 13.126135080224484 ], [ 75.840596585316717, 13.126266453891773 ], [ 75.840627043313148, 13.126435637680943 ], [ 75.841135041465648, 13.130342907275548 ], [ 75.841175305497941, 13.130509412324612 ], [ 75.841636776079554, 13.132408786358434 ], [ 75.841470099339929, 13.133000038600423 ], [ 75.840921132426615, 13.135103874422144 ], [ 75.840417078687423, 13.136662946687069 ], [ 75.8403383754912, 13.136924637702265 ], [ 75.840239235777105, 13.137254849595479 ], [ 75.840405036344592, 13.13761215294671 ], [ 75.840474319040169, 13.13776150590313 ], [ 75.840742466902327, 13.13825410152211 ], [ 75.840745279912809, 13.13825926962738 ], [ 75.840365596080673, 13.138473728401939 ], [ 75.84030173481014, 13.138572675607097 ], [ 75.839956886224059, 13.139106826434672 ], [ 75.839734922641682, 13.140564256209453 ], [ 75.840196900405104, 13.140917455822947 ], [ 75.840205020813556, 13.140987596356533 ], [ 75.840227306181177, 13.141004757551173 ], [ 75.840248490948227, 13.141198437454388 ], [ 75.840261262468672, 13.141339464048967 ], [ 75.840261382656507, 13.1413407914907 ], [ 75.840862545545903, 13.141646711423771 ], [ 75.840854116536107, 13.141575120279056 ], [ 75.840848711572633, 13.141271243295639 ], [ 75.840792302172275, 13.141006407142299 ], [ 75.840719846249826, 13.14066621260673 ], [ 75.840575854879262, 13.139990152302849 ], [ 75.840546527516665, 13.139606774375384 ], [ 75.840780649715796, 13.139540995285252 ], [ 75.84101770322745, 13.139615143604095 ], [ 75.841021214692347, 13.139659609343024 ], [ 75.841023874326225, 13.139693279694102 ], [ 75.841057767975386, 13.13970389377867 ], [ 75.841060995357807, 13.139748378528886 ], [ 75.841072422506727, 13.139905785872338 ], [ 75.841142489665572, 13.140131551353331 ], [ 75.841159753827824, 13.140187183544057 ], [ 75.841305537283787, 13.140294201462313 ], [ 75.841301471724861, 13.140354068061617 ], [ 75.841341692327674, 13.140383764561228 ], [ 75.841329472711749, 13.140548724048202 ], [ 75.841320553119971, 13.140669194844786 ], [ 75.841328944341853, 13.140688823900364 ], [ 75.841331308550338, 13.1407045368467 ], [ 75.841337527216623, 13.140719308356756 ], [ 75.841531549238923, 13.140752850937924 ], [ 75.841533000493413, 13.140751232238141 ], [ 75.841685070046466, 13.140790463910218 ], [ 75.841698412175376, 13.140692628417931 ], [ 75.841876896971669, 13.140667344801338 ], [ 75.842044468892695, 13.14054343336333 ], [ 75.842106625546563, 13.140562092686606 ], [ 75.842125235694638, 13.140567679208626 ], [ 75.842182235680028, 13.140615192212122 ], [ 75.84224792935585, 13.140543159433189 ], [ 75.842254145029926, 13.140540509737002 ], [ 75.842313346376002, 13.140515267495495 ], [ 75.84234269001324, 13.140502755260604 ], [ 75.842362779192911, 13.140561936334521 ], [ 75.842391880959028, 13.140589411061478 ], [ 75.84258349454916, 13.140594568165129 ], [ 75.842714980421079, 13.140573016694022 ], [ 75.842724443715412, 13.140572562526939 ], [ 75.842793736360605, 13.140569238630524 ], [ 75.843013375362787, 13.140558702043458 ], [ 75.843028966975922, 13.140647570176499 ], [ 75.843052598478693, 13.140646318064158 ], [ 75.84306834380601, 13.140738601542552 ], [ 75.843067197717602, 13.140748016331228 ], [ 75.843132285522117, 13.14073718572315 ], [ 75.843141163176057, 13.140735709032127 ], [ 75.84315266657778, 13.140762084028205 ], [ 75.843392817628839, 13.141055471086682 ], [ 75.84354508507991, 13.141157920782351 ], [ 75.843662662247567, 13.141156383112 ], [ 75.844059598176955, 13.141311945443174 ], [ 75.844307863145318, 13.141319000276752 ], [ 75.844706009892946, 13.14135365337486 ], [ 75.844799233399243, 13.141424917825928 ], [ 75.844946139613228, 13.141385558385306 ], [ 75.845215252062218, 13.141476069521058 ], [ 75.845317148713249, 13.141488748308186 ], [ 75.845316446617801, 13.141546892133155 ], [ 75.845376264291403, 13.141553303586806 ], [ 75.845375702666217, 13.141634765086705 ], [ 75.845375126094766, 13.141723988055793 ], [ 75.845374803375108, 13.141778122315124 ], [ 75.845710693919713, 13.141914584549433 ], [ 75.845708013290078, 13.141928448911436 ], [ 75.845704465480097, 13.14194680031906 ], [ 75.845777747597097, 13.141975068342161 ], [ 75.845775145780593, 13.141989046371153 ], [ 75.845727139930872, 13.14224804997737 ], [ 75.845716124858427, 13.142307793262523 ], [ 75.845647100599251, 13.142685417515111 ], [ 75.84564664062313, 13.14268795884948 ], [ 75.844918315207707, 13.143772695408911 ], [ 75.844887007614716, 13.143819593770104 ], [ 75.844869334938579, 13.143845943389683 ], [ 75.844329316917865, 13.144620741136436 ], [ 75.842537381170203, 13.147168611326245 ], [ 75.84198933471167, 13.147989824242087 ], [ 75.841657882390336, 13.148580681343752 ], [ 75.840021936655461, 13.148812493175571 ], [ 75.839367561002632, 13.148526424110472 ], [ 75.839273619994515, 13.148667557780719 ], [ 75.839055948149209, 13.148664067757201 ], [ 75.838869684772959, 13.148523674432113 ], [ 75.838678955541511, 13.148378492560482 ], [ 75.838478867900008, 13.148322516123567 ], [ 75.838199596796713, 13.148244330876734 ], [ 75.838157958349413, 13.148226478133905 ], [ 75.837876802911126, 13.148106005926957 ], [ 75.837019061580079, 13.148092305128927 ], [ 75.836489562013426, 13.147895901868557 ], [ 75.836252798530438, 13.147679800579242 ], [ 75.836217367951761, 13.147715733945256 ], [ 75.835354484482224, 13.148590855094502 ], [ 75.83398149760194, 13.150433182441107 ], [ 75.833976120115992, 13.150438262636262 ], [ 75.833970734414407, 13.150445524999665 ], [ 75.833599779280021, 13.150793797715504 ], [ 75.833106647882715, 13.151259666666355 ], [ 75.833071908130734, 13.151292487827094 ], [ 75.832647522217016, 13.151787301514878 ], [ 75.832323594649779, 13.152164981973982 ], [ 75.832163266295908, 13.152354505061403 ], [ 75.831651468270763, 13.152963128200891 ], [ 75.83151166595519, 13.153435771003835 ], [ 75.831389380665243, 13.153870331877689 ], [ 75.831296223322383, 13.15429958007242 ], [ 75.83142871117991, 13.154531552536591 ], [ 75.831464169112621, 13.154593637776319 ], [ 75.831963743459127, 13.155468336988189 ], [ 75.832154154452411, 13.155790774225594 ], [ 75.83230627969985, 13.156048062453955 ], [ 75.832618331899553, 13.156576217491926 ], [ 75.832779767312772, 13.156932861148265 ], [ 75.83302487709382, 13.157487363228034 ], [ 75.833540225169983, 13.158944732825177 ], [ 75.832152965505387, 13.160090818097048 ], [ 75.832073693634854, 13.160161028240957 ], [ 75.832060479065547, 13.160159484196722 ], [ 75.832046278085159, 13.160172392130809 ], [ 75.831165167320322, 13.160054872316788 ], [ 75.82946258801384, 13.159855935998864 ], [ 75.829334606713545, 13.159840732449331 ], [ 75.829093724054189, 13.159844594433874 ], [ 75.82774046319669, 13.15986273882873 ], [ 75.827461246022395, 13.159856298610404 ], [ 75.827502864388023, 13.159804022910926 ], [ 75.827418168742014, 13.159801327018799 ], [ 75.827555711512062, 13.159625161831141 ], [ 75.827565228917734, 13.159559488024835 ], [ 75.827579573035933, 13.159546407205566 ], [ 75.827608553337825, 13.159314745443117 ], [ 75.827824210883492, 13.159156674092328 ], [ 75.827706922499601, 13.158787864667181 ], [ 75.827652120337433, 13.158559225231183 ], [ 75.827545001687056, 13.158532868308507 ], [ 75.827382832698405, 13.158492849398636 ], [ 75.827327754071945, 13.158479234545798 ], [ 75.827294097964909, 13.158470907008276 ], [ 75.827265716693063, 13.158458725153713 ], [ 75.826895648062688, 13.158299376060244 ], [ 75.826932744830174, 13.158276087114343 ], [ 75.826934186465607, 13.158270796938561 ], [ 75.826842464891996, 13.158230792870752 ], [ 75.826879350344271, 13.158207497379669 ], [ 75.827021657453059, 13.157681645298258 ], [ 75.826414739835883, 13.155561297945384 ], [ 75.824995664249826, 13.154422659310487 ], [ 75.824926531725424, 13.154423035028904 ], [ 75.82491639204558, 13.154423091097934 ], [ 75.824648194562002, 13.154424660156199 ], [ 75.824580190472574, 13.154427258241261 ], [ 75.824466512110774, 13.154425819276229 ], [ 75.823886521528763, 13.154419123832916 ], [ 75.823854106966749, 13.154418789263982 ], [ 75.823816649994754, 13.154418408473278 ], [ 75.823096625615563, 13.154259000884437 ], [ 75.822260198511088, 13.153895293441961 ], [ 75.822261436491175, 13.153884988192189 ], [ 75.82226191890409, 13.153880963713915 ], [ 75.822229587714375, 13.153866978561517 ], [ 75.822230982832664, 13.153856759609843 ], [ 75.822308676167609, 13.153287969015953 ], [ 75.822417781823461, 13.15328813967319 ], [ 75.822531974949982, 13.15328831931285 ], [ 75.822695839046347, 13.153020546170588 ], [ 75.822735291125809, 13.152709808858576 ], [ 75.822746244887725, 13.15262353610299 ], [ 75.822815662560984, 13.152461458902536 ], [ 75.822866475599298, 13.152296191660646 ], [ 75.822916557826275, 13.152124311668462 ], [ 75.822916848646287, 13.152123228561861 ], [ 75.821943933223068, 13.15164086031759 ], [ 75.821617790249803, 13.151227768577252 ], [ 75.820919215869836, 13.150764740655491 ], [ 75.820772748651947, 13.15057018742152 ], [ 75.820719046000491, 13.150488632160901 ], [ 75.820577719958195, 13.1502740854759 ], [ 75.820472012019664, 13.150051689735205 ], [ 75.820369483426759, 13.149837828264749 ], [ 75.820183273340135, 13.149394013035462 ], [ 75.820123398791324, 13.149281085172325 ], [ 75.819843786967169, 13.149096448165995 ], [ 75.819663478800877, 13.149009707040948 ], [ 75.819575371452473, 13.148968235731855 ], [ 75.819240577414774, 13.148749493064361 ], [ 75.818774260567224, 13.148568686941365 ], [ 75.818086057963598, 13.148339999423513 ], [ 75.818111305813318, 13.148249888228728 ], [ 75.818127542108485, 13.148191981801748 ], [ 75.818168575641252, 13.148045813748983 ], [ 75.817461428852724, 13.14797784094926 ], [ 75.817319488681278, 13.147963552464459 ], [ 75.816862981115477, 13.147915689442486 ], [ 75.816917065137218, 13.147998780196428 ], [ 75.8167990163941, 13.147997885923491 ], [ 75.816825664396021, 13.148039977544784 ], [ 75.816473873181593, 13.148039486847576 ], [ 75.816464185795837, 13.14803423360395 ], [ 75.816117030200829, 13.147745880638688 ], [ 75.815551262449361, 13.147521531528009 ], [ 75.815335710110716, 13.147397395353204 ], [ 75.815270297366723, 13.147359724092613 ], [ 75.814607502360502, 13.146737904215653 ], [ 75.814616240277473, 13.146711992479746 ], [ 75.814591799983248, 13.146690550591281 ], [ 75.814652499787286, 13.146500388407048 ], [ 75.814654825413371, 13.146493103249668 ], [ 75.814123375425652, 13.145840680498424 ], [ 75.812887959524176, 13.144396301128134 ], [ 75.812707239755866, 13.144148562224739 ], [ 75.812600257432948, 13.143995415934823 ], [ 75.812669378260011, 13.143911578919225 ], [ 75.812374079212844, 13.143450888760267 ], [ 75.811769572931993, 13.142596969465648 ], [ 75.809872822263216, 13.140356577706683 ], [ 75.809780781702159, 13.140482177020477 ], [ 75.809603101020102, 13.140464130773385 ], [ 75.809558231493, 13.140470899278139 ], [ 75.80944230567043, 13.140609548573503 ], [ 75.809083943819772, 13.140666858553503 ], [ 75.808567228043927, 13.140622124720844 ], [ 75.807784078772698, 13.140603996102378 ], [ 75.807669272356179, 13.140601338199421 ], [ 75.807663096090849, 13.140617599773229 ], [ 75.807647802890529, 13.140666618238075 ], [ 75.807546454318114, 13.140956849449669 ], [ 75.807532103444473, 13.140967332381821 ], [ 75.807432886116516, 13.141039807147656 ], [ 75.807409705149766, 13.141124531531544 ], [ 75.807374684705678, 13.141252521592172 ], [ 75.807370089445214, 13.141266977596468 ], [ 75.807354377713764, 13.141316406954882 ], [ 75.80726985934001, 13.141582294413404 ], [ 75.807256646106595, 13.141623861304057 ], [ 75.806850075602455, 13.141509857095798 ], [ 75.805650180462848, 13.141173395167977 ], [ 75.805545545008911, 13.141113500008071 ], [ 75.805043611279814, 13.140966857685425 ], [ 75.804909050604138, 13.140931861250884 ], [ 75.804173566853777, 13.140740575423973 ], [ 75.80411518615692, 13.140725391432657 ], [ 75.802976772852034, 13.140426534494015 ], [ 75.802835419215427, 13.140389425187808 ], [ 75.802343231241068, 13.140572606992537 ], [ 75.802210952726028, 13.140552398023091 ], [ 75.801327313698749, 13.140417401979303 ], [ 75.800985351074672, 13.140372156089533 ], [ 75.800981596283137, 13.140371642455538 ], [ 75.800865738634712, 13.140355794040749 ], [ 75.799920223025239, 13.139729649472471 ], [ 75.799706441946611, 13.139536134872349 ], [ 75.799707277119396, 13.139463983237933 ], [ 75.799699912679174, 13.139457465987874 ], [ 75.799663842927487, 13.139425545680384 ], [ 75.799656207648979, 13.139098139637472 ], [ 75.799654915708075, 13.139042744194818 ], [ 75.799633663016195, 13.139007633378293 ], [ 75.79962435413681, 13.138993809223138 ], [ 75.799524579606569, 13.138845638701426 ], [ 75.79926423922528, 13.138744224174062 ], [ 75.799040932446076, 13.138522632018679 ], [ 75.798693017496433, 13.138380973932362 ], [ 75.797930439437195, 13.13813823152352 ], [ 75.797924297010681, 13.138137714400122 ], [ 75.796189688728418, 13.137991647647222 ], [ 75.795837582558647, 13.137824428232788 ], [ 75.795808597526133, 13.137810663119453 ], [ 75.794541385887499, 13.137834817557808 ], [ 75.7933415517535, 13.137857682863267 ], [ 75.793323032828866, 13.137858036558988 ], [ 75.792505005570519, 13.137863970903942 ], [ 75.792391270443261, 13.137864796036755 ], [ 75.792207737015957, 13.137861664218224 ], [ 75.792076604973886, 13.137907486293065 ], [ 75.792076913178647, 13.137909523251876 ], [ 75.7920809114934, 13.13793622324749 ], [ 75.792089136307666, 13.137991156031612 ], [ 75.792050126573585, 13.13800125726609 ], [ 75.792054469140197, 13.138030602036535 ], [ 75.792066940615612, 13.138114876981772 ], [ 75.791918736249656, 13.138155354364116 ], [ 75.791836381660104, 13.138033469843876 ], [ 75.791831519607541, 13.138026273945071 ], [ 75.791634035715234, 13.13813460637915 ], [ 75.791189469418896, 13.138061664918608 ], [ 75.791122445101564, 13.138200533173199 ], [ 75.790942690293093, 13.138218138061172 ], [ 75.790864503053001, 13.138225794624407 ], [ 75.790685196294817, 13.13820439958331 ], [ 75.789265875499368, 13.138547814849005 ], [ 75.789009872999458, 13.138609755806581 ], [ 75.788969532997712, 13.138446726457861 ], [ 75.788942075860646, 13.138452204375314 ], [ 75.788884619053761, 13.138214576447021 ], [ 75.788870038665522, 13.138154274981632 ], [ 75.788859865591064, 13.138112201922151 ], [ 75.788794684504936, 13.137842625680031 ], [ 75.788715653903765, 13.137416501549231 ], [ 75.78869032177623, 13.137279910800283 ], [ 75.788681410164131, 13.137231860700064 ], [ 75.788174284767734, 13.136384832404348 ], [ 75.787825358402486, 13.135825530886679 ], [ 75.787662115484252, 13.136403674844997 ], [ 75.786840185434883, 13.136822036986908 ], [ 75.786567820674421, 13.136781021637416 ], [ 75.786466093616454, 13.136765702054687 ], [ 75.786325539351608, 13.136744536222912 ], [ 75.786269306573317, 13.136736067732128 ], [ 75.786197185699834, 13.136725206492715 ], [ 75.786150913338091, 13.136718239220187 ], [ 75.786132055855461, 13.136715398942091 ], [ 75.786120810596799, 13.136713706317387 ], [ 75.785543383260361, 13.136626749983272 ], [ 75.783347546028509, 13.1367408477964 ], [ 75.783260948408483, 13.136765565508602 ], [ 75.781631248086825, 13.137253411577127 ], [ 75.78158580844196, 13.137285405044842 ], [ 75.781411956923904, 13.13742727205172 ], [ 75.781351992706377, 13.137468253818122 ], [ 75.780368026611228, 13.1381419367472 ], [ 75.779056389812851, 13.1389932490498 ], [ 75.778546471622022, 13.139337163418267 ], [ 75.777246413176186, 13.140473953503712 ], [ 75.776420999190734, 13.141396543142452 ], [ 75.776342729062264, 13.14148402808266 ], [ 75.776268455406225, 13.141567045102974 ], [ 75.776231674815932, 13.141608154688193 ], [ 75.77618076798943, 13.141665056039358 ], [ 75.776151746914891, 13.141697491834419 ], [ 75.776011303625722, 13.141854468470314 ], [ 75.776027372255854, 13.141960321055995 ], [ 75.776051578855899, 13.142119780017429 ], [ 75.776067016322301, 13.142221477954656 ], [ 75.776090749114019, 13.142377819796213 ], [ 75.776106829115022, 13.142483741957163 ], [ 75.776125279527619, 13.142605288542068 ], [ 75.776143854297302, 13.142727646707911 ], [ 75.776162556283253, 13.142850845379986 ], [ 75.776177755491503, 13.14295096983013 ], [ 75.776197374182431, 13.143080201175092 ], [ 75.776214128883126, 13.143190577114312 ], [ 75.776225879978512, 13.143267988849553 ], [ 75.776514227676429, 13.145167448993311 ], [ 75.776469675348409, 13.146189492924172 ], [ 75.776462411217594, 13.146547568693824 ], [ 75.776459483585327, 13.146690676917933 ], [ 75.778510293306169, 13.147558458742841 ], [ 75.778634719286416, 13.147615876487666 ], [ 75.779540641692407, 13.148039975699188 ], [ 75.780331909130609, 13.148236813565381 ], [ 75.780332787525737, 13.148260024504488 ], [ 75.780386136832576, 13.148272731341319 ], [ 75.78039677910472, 13.148461739824837 ], [ 75.780398169393223, 13.148486506672006 ], [ 75.780413891195565, 13.148767562094129 ], [ 75.780562954040718, 13.148940414635604 ], [ 75.780598818056106, 13.148968525333206 ], [ 75.780785734287647, 13.149115199600368 ], [ 75.780856603600014, 13.149170883732223 ], [ 75.781224262764169, 13.149393157992288 ], [ 75.781556704708876, 13.149630020228715 ], [ 75.781617541608583, 13.149673472986601 ], [ 75.781483688306508, 13.150134705347348 ], [ 75.781364161389675, 13.150619571081034 ], [ 75.781351269552786, 13.150717548918054 ], [ 75.781334148890778, 13.15075334342111 ], [ 75.781245181113135, 13.151060116463439 ], [ 75.781172980019647, 13.151308212941936 ], [ 75.7809531112526, 13.151532873307861 ], [ 75.780812438864132, 13.15167640714122 ], [ 75.780702106869256, 13.15207900450236 ], [ 75.780912216687497, 13.152467768737662 ], [ 75.780967957449903, 13.152559592923627 ], [ 75.782040439050874, 13.154348852029106 ], [ 75.782204810355822, 13.154618808649625 ], [ 75.782448106540656, 13.155729932847381 ], [ 75.782485803289532, 13.155908141321463 ], [ 75.782487609176613, 13.155916653239945 ], [ 75.782522083991552, 13.156034341779666 ], [ 75.782556686078635, 13.156256412617424 ], [ 75.782465283274007, 13.156304869649247 ], [ 75.782034970245363, 13.156533681171586 ], [ 75.781519533603344, 13.156834196099881 ], [ 75.781235887212731, 13.157176338152759 ], [ 75.780828753351159, 13.157284466239442 ], [ 75.780698683254244, 13.157318792986286 ], [ 75.78057486370291, 13.158309227406937 ], [ 75.781034670122324, 13.158584024472228 ], [ 75.781477935092411, 13.158621249445682 ], [ 75.781540638178868, 13.158645224779306 ], [ 75.781658008307758, 13.158690091270886 ], [ 75.782099767364059, 13.158762995245176 ], [ 75.782508386502641, 13.158662393290848 ], [ 75.783067445677958, 13.158266938072453 ], [ 75.783704412042127, 13.157580991108473 ], [ 75.783864359103418, 13.156971683138551 ], [ 75.783473340505822, 13.156817265144484 ], [ 75.783437181223093, 13.156802984440453 ], [ 75.782760435908031, 13.156535725526453 ], [ 75.782906535924539, 13.156362263623173 ], [ 75.782772193814779, 13.156143342294317 ], [ 75.782796982200594, 13.155917491851961 ], [ 75.783090700655364, 13.156025061649789 ], [ 75.783529780031614, 13.156185868255308 ], [ 75.783692188252303, 13.15605307704395 ], [ 75.783893151576379, 13.155807381923136 ], [ 75.784230340340287, 13.155725979736129 ], [ 75.784326422832123, 13.155408975911479 ], [ 75.784444859955755, 13.155018218191168 ], [ 75.784542351223806, 13.15434591616774 ], [ 75.784814148728671, 13.153580950710692 ], [ 75.785152471043048, 13.152476397010959 ], [ 75.785497563035136, 13.151956834966754 ], [ 75.785641358248967, 13.151816082183784 ], [ 75.785700435663983, 13.151595166626862 ], [ 75.785723204055884, 13.15116119972002 ], [ 75.785509447984325, 13.151004805477525 ], [ 75.785373505301351, 13.150537769398648 ], [ 75.785425991536513, 13.150471704776239 ], [ 75.785434238253004, 13.150461323944466 ], [ 75.785568599748217, 13.150416256452955 ], [ 75.785538441237748, 13.150130665232963 ], [ 75.785628461154431, 13.150067507618306 ], [ 75.785637753017028, 13.149875925015044 ], [ 75.785640260335498, 13.149824207038435 ], [ 75.785642246504025, 13.149783256779738 ], [ 75.785880427489715, 13.149606754124248 ], [ 75.785912088646612, 13.149583291362834 ], [ 75.78582416819971, 13.149414122390493 ], [ 75.785830530439043, 13.149206276130057 ], [ 75.785846973733499, 13.14866906700798 ], [ 75.785843761877118, 13.148333146953888 ], [ 75.785996773900592, 13.148341927941106 ], [ 75.785997214999867, 13.148341953717599 ], [ 75.786107813111371, 13.148346776532598 ], [ 75.78646989639735, 13.147966253062943 ], [ 75.786487748951345, 13.148001215236931 ], [ 75.786514145757025, 13.147972652192887 ], [ 75.78659398510807, 13.148127736789386 ], [ 75.787160087748276, 13.148876025314655 ], [ 75.787590608839793, 13.149428223405712 ], [ 75.787729350329315, 13.149606433748056 ], [ 75.787905182898527, 13.149637532545613 ], [ 75.788707259824363, 13.149779390692503 ], [ 75.788981205695933, 13.149827840431035 ], [ 75.789804517869229, 13.14997048802177 ], [ 75.789939973399839, 13.149993898060439 ], [ 75.78993402236847, 13.149772643305662 ], [ 75.789917980660888, 13.14917625237379 ], [ 75.789932451514147, 13.148871345176769 ], [ 75.79005113721864, 13.14831656020112 ], [ 75.790337164981949, 13.146427293017126 ], [ 75.790396655073351, 13.146034339876456 ], [ 75.790419628604639, 13.146033730611949 ], [ 75.79042562423939, 13.14599249468298 ], [ 75.792259336615132, 13.145942191744451 ], [ 75.7932071572653, 13.145935723336219 ], [ 75.793348766813494, 13.146393176451468 ], [ 75.793436957701203, 13.14645125027076 ], [ 75.793897162709229, 13.146754355415698 ], [ 75.794148326249854, 13.147232386015556 ], [ 75.79422723984726, 13.147629441980961 ], [ 75.794404825077279, 13.147855654081448 ], [ 75.794709964560198, 13.148334252231184 ], [ 75.7951675670745, 13.148543637964654 ], [ 75.795224052554175, 13.148569500033453 ], [ 75.79509824007836, 13.149946936021692 ], [ 75.795427355319418, 13.149973576423028 ], [ 75.795427255925532, 13.149984138487893 ], [ 75.795467176905589, 13.149987530374668 ], [ 75.795466087604851, 13.15011157855016 ], [ 75.795462192480073, 13.150560769499501 ], [ 75.7955485271697, 13.150627711915563 ], [ 75.795666183460483, 13.150718939499221 ], [ 75.795628080385512, 13.150805075072418 ], [ 75.79560427430809, 13.150848802712797 ], [ 75.795579646231474, 13.15089190415739 ], [ 75.795590801521257, 13.150897033736506 ], [ 75.795589784009067, 13.150900815100989 ], [ 75.795630674302217, 13.150919948847072 ], [ 75.795545806134086, 13.151240412464915 ], [ 75.795471575915414, 13.151455867543035 ], [ 75.795527237849171, 13.151521404864019 ], [ 75.795858273239887, 13.151805696616071 ], [ 75.796049046424926, 13.151949067390563 ], [ 75.796070513137394, 13.151968936892843 ], [ 75.796088326019401, 13.151982519786669 ], [ 75.79631430710117, 13.152194591600189 ], [ 75.796372132482063, 13.152248114538988 ], [ 75.796587974947016, 13.152118192588063 ], [ 75.796893016694511, 13.151078133401768 ], [ 75.796956200749435, 13.150862705006706 ], [ 75.797187175823126, 13.15045662105679 ], [ 75.797364173026324, 13.150347725550942 ], [ 75.797646864522591, 13.150173797692501 ], [ 75.797868271465319, 13.14995933456696 ], [ 75.797956430328242, 13.149731706055988 ], [ 75.797995594342837, 13.149521717452867 ], [ 75.797982320551981, 13.149415600460907 ], [ 75.797994241113258, 13.149351159458559 ], [ 75.797908138048655, 13.149108476696641 ], [ 75.797872181210124, 13.149007132769807 ], [ 75.798171485674573, 13.149083453046543 ], [ 75.798237634718589, 13.149043555802967 ], [ 75.798549655859759, 13.148955598702534 ], [ 75.799145309326562, 13.149035091849761 ], [ 75.799166320219143, 13.149053501130169 ], [ 75.799169130679076, 13.149053888048325 ], [ 75.799273305798792, 13.149146777080155 ], [ 75.799303049359736, 13.14917329882595 ], [ 75.799336027620029, 13.149202192796277 ], [ 75.799865982105217, 13.149513386215656 ], [ 75.800373995217896, 13.149547854210061 ], [ 75.80037520642162, 13.14956932095677 ], [ 75.800385309343426, 13.149570012108867 ], [ 75.800404976597079, 13.149950533879727 ], [ 75.800610934542476, 13.149963423025401 ], [ 75.800615725420087, 13.149987196647899 ], [ 75.800617874642697, 13.149987329662981 ], [ 75.800665300604877, 13.150231570406415 ], [ 75.800623895672018, 13.150408503969535 ], [ 75.80045392634058, 13.150668307540617 ], [ 75.800235322664776, 13.150799802696231 ], [ 75.800231696390071, 13.150801982216802 ], [ 75.800012119188253, 13.150813689728155 ], [ 75.799849549154047, 13.150877283289876 ], [ 75.799824231788918, 13.150887181509013 ], [ 75.799634714368636, 13.150844622897795 ], [ 75.799700021980442, 13.151374943707637 ], [ 75.799641426557386, 13.152044735839688 ], [ 75.799747070548776, 13.152416403560327 ], [ 75.799789804485016, 13.152563563546385 ], [ 75.799941600572893, 13.15306531585358 ], [ 75.801415010840671, 13.154322225695825 ], [ 75.801539193010072, 13.154428160909381 ], [ 75.803419649463237, 13.155825654587034 ], [ 75.804861232861313, 13.156398414556199 ], [ 75.804961039697687, 13.156444317152745 ], [ 75.805200469600905, 13.156554430023695 ], [ 75.805842668950774, 13.157382193663528 ], [ 75.806258899120593, 13.157383751899244 ], [ 75.806259551526011, 13.157383777880801 ], [ 75.806266225258909, 13.157394499562448 ], [ 75.806318861389101, 13.157394897554152 ], [ 75.80631951472607, 13.157394926245164 ], [ 75.806436571377958, 13.157588991754091 ], [ 75.806976047361033, 13.158119175565805 ], [ 75.807511202028607, 13.158660620581204 ], [ 75.808046452126305, 13.159206535197006 ], [ 75.808418666266533, 13.159579887468453 ], [ 75.808610072540816, 13.159691541401932 ], [ 75.809317865177945, 13.160095615419971 ], [ 75.810021197298283, 13.160504242204231 ], [ 75.810724301162963, 13.160901689279473 ], [ 75.811427407207802, 13.161299131572854 ], [ 75.811808041280401, 13.161526951404337 ], [ 75.812764839113754, 13.162072918940479 ], [ 75.813272043298312, 13.162371934903931 ], [ 75.813272233859209, 13.162379915480722 ], [ 75.813273181669189, 13.16241950352863 ], [ 75.813284904209539, 13.16242639350218 ], [ 75.813285314900824, 13.162434255838443 ], [ 75.81337799962219, 13.164589310185654 ], [ 75.813401074777943, 13.166477160512081 ], [ 75.813493281695983, 13.167152129055928 ], [ 75.813440183014237, 13.167141246287168 ], [ 75.813364761700711, 13.167125949025351 ], [ 75.812963803984132, 13.167044628137557 ], [ 75.810914053510885, 13.166628889505516 ], [ 75.810872764403328, 13.166638541552285 ], [ 75.810082607989571, 13.166823152623804 ], [ 75.8096694873513, 13.166941711856865 ], [ 75.809285781970459, 13.167264606151859 ], [ 75.809258480226561, 13.1672642989198 ], [ 75.809237401264966, 13.167264010230237 ], [ 75.809223787855103, 13.167275564964697 ], [ 75.80919652304442, 13.167275546946817 ], [ 75.808579152967283, 13.167275134566633 ], [ 75.807455837618235, 13.167196360899418 ], [ 75.807309240087406, 13.167186079506356 ], [ 75.807292250929436, 13.167185934929169 ], [ 75.807145407985331, 13.167184674303787 ], [ 75.807111830874348, 13.167173345647115 ], [ 75.806920288984756, 13.167108721338371 ], [ 75.806909684795443, 13.167109005514066 ], [ 75.80690573594886, 13.167113429038924 ], [ 75.806895877663351, 13.167109653023909 ], [ 75.806846195508996, 13.167165356059822 ], [ 75.806751815789127, 13.167131284890223 ], [ 75.806768021166292, 13.167058861646645 ], [ 75.806596675307233, 13.166932743670527 ], [ 75.806435579656252, 13.166780625336749 ], [ 75.806416665021544, 13.166762763933006 ], [ 75.806374785543909, 13.166723219221339 ], [ 75.806180308150957, 13.166574528441128 ], [ 75.806100291014872, 13.166640211594283 ], [ 75.805867556477665, 13.166554542658915 ], [ 75.805631596488652, 13.166457058768898 ], [ 75.805446289097929, 13.166417247024269 ], [ 75.805304761941215, 13.166496109680899 ], [ 75.805197847936014, 13.166448502791587 ], [ 75.805070373199328, 13.166391738619154 ], [ 75.80505047466805, 13.166409622409374 ], [ 75.804754514918855, 13.166675614643518 ], [ 75.804588344835338, 13.166829227388829 ], [ 75.804577677065026, 13.166834546714352 ], [ 75.804503964495083, 13.166900795490461 ], [ 75.804282110950467, 13.167006373813653 ], [ 75.804213153063216, 13.167053070410365 ], [ 75.804224259385336, 13.167203638221471 ], [ 75.804220860656358, 13.167394655006902 ], [ 75.804222960841301, 13.167406852138233 ], [ 75.80423132677798, 13.16758776763294 ], [ 75.804232620316611, 13.167630155135615 ], [ 75.804234939157169, 13.167708225585239 ], [ 75.804247786740916, 13.167774930958391 ], [ 75.804531134808798, 13.167719276733887 ], [ 75.804655384898695, 13.167795980268162 ], [ 75.804670532481069, 13.167863973187176 ], [ 75.804677636426661, 13.167895931742358 ], [ 75.804695995951661, 13.167906280379718 ], [ 75.804797365647062, 13.16798259353971 ], [ 75.80493506694873, 13.168120561725187 ], [ 75.804945207286934, 13.168141141594704 ], [ 75.804818237616871, 13.168363891082457 ], [ 75.804792624923749, 13.168371802793041 ], [ 75.804756451952258, 13.168431217445649 ], [ 75.804609884668693, 13.168470548585645 ], [ 75.804550133356528, 13.168498241127232 ], [ 75.804364726311491, 13.168677696064172 ], [ 75.8042734151459, 13.168767722061407 ], [ 75.804256775111085, 13.168793163570841 ], [ 75.804235626171405, 13.168825497303052 ], [ 75.804173257183805, 13.168920846793835 ], [ 75.804080697799449, 13.169102602941152 ], [ 75.804039462390094, 13.169158386198756 ], [ 75.803862794758686, 13.169269488272723 ], [ 75.803760684673833, 13.169402198987006 ], [ 75.803713624080657, 13.169482304789591 ], [ 75.803626460134268, 13.169626710322062 ], [ 75.803503484584041, 13.169844867966718 ], [ 75.803067469375918, 13.170094821678186 ], [ 75.801104169497577, 13.172096091235717 ], [ 75.800987867781174, 13.172214491417046 ], [ 75.800940681459082, 13.172350586697911 ], [ 75.800838862541099, 13.17256209655325 ], [ 75.800828243407523, 13.172567548675902 ], [ 75.800824349698786, 13.172575901663702 ], [ 75.800754292039343, 13.172611890892005 ], [ 75.800652953150561, 13.172757079999368 ], [ 75.800600836680132, 13.172949458636092 ], [ 75.800589263256512, 13.172967384750272 ], [ 75.800588445536974, 13.172970486032526 ], [ 75.800441482266223, 13.173204248144279 ], [ 75.800361943508378, 13.173426802702364 ], [ 75.800355643619937, 13.173441299370857 ], [ 75.80034870447173, 13.173460934301755 ], [ 75.800300370952499, 13.173572705401899 ], [ 75.800317554250753, 13.173868751538807 ], [ 75.80031877781731, 13.174122946155583 ], [ 75.800343869617734, 13.174362403216644 ], [ 75.800242388349915, 13.174606940609966 ], [ 75.800240312330828, 13.174608929478939 ], [ 75.80021865376267, 13.174660831438164 ], [ 75.799995465120446, 13.174878537421549 ], [ 75.799911727190789, 13.175120178098899 ], [ 75.799833636211119, 13.175368924610792 ], [ 75.799820605298578, 13.175377566138181 ], [ 75.799803282173372, 13.175431451072896 ], [ 75.799548377605589, 13.175602335559406 ], [ 75.799173992146095, 13.175850885022289 ], [ 75.798954845838907, 13.176014738352501 ], [ 75.798822237637239, 13.176407500831449 ], [ 75.798823260175112, 13.176494599120486 ], [ 75.798818024058278, 13.176528573718361 ], [ 75.798806661090708, 13.176686614571432 ], [ 75.798783483529732, 13.176731744759145 ], [ 75.798697197989412, 13.176938659297372 ], [ 75.798670005536749, 13.1769657799746 ], [ 75.798652307075429, 13.177007554745213 ], [ 75.798515789389057, 13.177142735189685 ], [ 75.798206509214054, 13.177144294665396 ], [ 75.798032605591516, 13.177206568723861 ], [ 75.79758021338003, 13.177199516432243 ], [ 75.797370123553407, 13.177268355713926 ], [ 75.797180244708741, 13.177372953826481 ], [ 75.79699456766312, 13.17734092613896 ], [ 75.796667396331983, 13.177348234800375 ], [ 75.796649213191529, 13.177358598033022 ], [ 75.796415073110197, 13.177492042615359 ], [ 75.796167245091468, 13.177669791836493 ], [ 75.795907310969767, 13.177907584457312 ], [ 75.795815479445352, 13.178049697269477 ], [ 75.795720845842411, 13.17836488172769 ], [ 75.795674342740384, 13.178667945479848 ], [ 75.795342004365338, 13.17948496318146 ], [ 75.795270253219684, 13.179620270282189 ], [ 75.795157515570352, 13.179843610703703 ], [ 75.795167303914255, 13.180342707897776 ], [ 75.79536685440317, 13.180650262648783 ], [ 75.795529486901671, 13.181139663875232 ], [ 75.795715875874507, 13.181265199688525 ], [ 75.795820141498638, 13.181337782866301 ], [ 75.795913011781181, 13.181555538582941 ], [ 75.795902183266449, 13.181687397160772 ], [ 75.795817102005259, 13.181753984686209 ], [ 75.795794238371641, 13.181764409756745 ], [ 75.795789062819892, 13.181768417438754 ], [ 75.795675713420565, 13.181819346166005 ], [ 75.79553423016489, 13.182036964075293 ], [ 75.795502432072567, 13.182292823704275 ], [ 75.795452564712079, 13.182437660839014 ], [ 75.795328087188651, 13.182649417246692 ], [ 75.794986065434728, 13.182694807270272 ], [ 75.794984965580099, 13.182688783588278 ], [ 75.794966236857576, 13.182691261978707 ], [ 75.794830375600938, 13.181989919835701 ], [ 75.794645639200226, 13.181141151380793 ], [ 75.794409030639173, 13.180691485965612 ], [ 75.794002709816638, 13.180224801107816 ], [ 75.793222802237466, 13.179807175804562 ], [ 75.792902306354819, 13.178941460654013 ], [ 75.792887099335175, 13.178192877376432 ], [ 75.792925674981547, 13.178101039787698 ], [ 75.792707839944356, 13.178096714879585 ], [ 75.792456097841253, 13.178089506240344 ], [ 75.792370178773908, 13.178042201832739 ], [ 75.792346493297245, 13.177960288376854 ], [ 75.792366842113978, 13.177883321277742 ], [ 75.792184997852345, 13.177913725533596 ], [ 75.792161698787694, 13.17769432105578 ], [ 75.792072092423282, 13.177735305859189 ], [ 75.792049205008325, 13.177631800765012 ], [ 75.791922868855721, 13.177714910826781 ], [ 75.791887503559664, 13.177589674268543 ], [ 75.791617088711249, 13.177681899626668 ], [ 75.791573171105071, 13.177739594774431 ], [ 75.790988507257339, 13.178531667886034 ], [ 75.790603920874545, 13.178552927599615 ], [ 75.79043915436722, 13.178579616893472 ], [ 75.789955671860582, 13.178696232454991 ], [ 75.78975530124859, 13.178853684418634 ], [ 75.789555088185935, 13.178944667546133 ], [ 75.789444338022733, 13.178996866036979 ], [ 75.787992693763272, 13.178900138230659 ], [ 75.787924164026862, 13.178898314384238 ], [ 75.787148685052273, 13.17887835167963 ], [ 75.786818564097629, 13.178835330166295 ], [ 75.786528757302264, 13.179484545900701 ], [ 75.786448945607091, 13.179612346388675 ], [ 75.785926152759686, 13.180511563552463 ], [ 75.784831729595552, 13.181804473351553 ], [ 75.78311754006657, 13.183768446687216 ], [ 75.783039596641672, 13.183736409522277 ], [ 75.783033389245531, 13.183743393851998 ], [ 75.782611447764467, 13.183560427055317 ], [ 75.782611419303279, 13.183560415356888 ], [ 75.781425789178172, 13.183082865613716 ], [ 75.78127884543342, 13.183051891287077 ], [ 75.781248017882916, 13.183031143316821 ], [ 75.781203721276555, 13.183022127554617 ], [ 75.780949842422928, 13.182850345817808 ], [ 75.780561962463977, 13.182364524015821 ], [ 75.780386094514952, 13.182014544594633 ], [ 75.77964731200602, 13.181518962327823 ], [ 75.779519330964462, 13.181401206631739 ], [ 75.779223997589696, 13.181141337476475 ], [ 75.779197387743892, 13.181070370308602 ], [ 75.779158100766466, 13.180965979864755 ], [ 75.779128631122319, 13.180967033039925 ], [ 75.778648035058268, 13.180984208539822 ], [ 75.777618112862726, 13.180815229570726 ], [ 75.777515890427978, 13.180798849535106 ], [ 75.777314830257751, 13.180718602471288 ], [ 75.776375667092921, 13.180310835861276 ], [ 75.776375639844957, 13.180310824595646 ], [ 75.776309088635088, 13.180284096552752 ], [ 75.775999874822816, 13.180159166427456 ], [ 75.775925896684782, 13.180130685151807 ], [ 75.775211892673539, 13.179588961457258 ], [ 75.775073134284256, 13.179501021635449 ], [ 75.77383786725126, 13.179702597398753 ], [ 75.773856649053755, 13.179777805055974 ], [ 75.773014145822003, 13.179945354467542 ], [ 75.772024702462502, 13.18011119085163 ], [ 75.771731495290183, 13.180168592130324 ], [ 75.771151610731096, 13.180332575529656 ], [ 75.769221085566571, 13.180488976961515 ], [ 75.769135344436833, 13.180310344658507 ], [ 75.769116740515784, 13.180271553934549 ], [ 75.768205444356141, 13.179739208397507 ], [ 75.767720128228831, 13.179445713658845 ], [ 75.766690813136563, 13.17876495896477 ], [ 75.765705731939192, 13.178686076835502 ], [ 75.764705757215992, 13.178606340153927 ], [ 75.764551407205374, 13.178594099245228 ], [ 75.764542211174074, 13.178558314352699 ], [ 75.764519200922877, 13.17855647530617 ], [ 75.764454749478702, 13.178302242887842 ], [ 75.764519759715355, 13.178137282789812 ], [ 75.764596485928422, 13.177942591548748 ], [ 75.764653911592333, 13.177221498785688 ], [ 75.764702275602119, 13.176614182400966 ], [ 75.765316660985135, 13.174811092635286 ], [ 75.765336542682206, 13.174752745828638 ], [ 75.765516739115114, 13.17416978354043 ], [ 75.765877624733662, 13.173085572464093 ], [ 75.76604303891547, 13.172583179624318 ], [ 75.765811077663386, 13.172180586727366 ], [ 75.764660892364773, 13.170506591103361 ], [ 75.763801971415759, 13.169696483235224 ], [ 75.763643240554416, 13.169551527569691 ], [ 75.763182691743921, 13.169193961452203 ], [ 75.76227749141043, 13.168535390473869 ], [ 75.762081853268285, 13.168235956576829 ], [ 75.761801374458187, 13.168043390747055 ], [ 75.761273327864672, 13.167212715891086 ], [ 75.760806030321518, 13.167458706909441 ], [ 75.759875872422981, 13.167968023151325 ], [ 75.759807939983787, 13.168098556674883 ], [ 75.759507083038343, 13.168191594831439 ], [ 75.759308888469903, 13.168352934211146 ], [ 75.759098729601817, 13.168353357894903 ], [ 75.758937936538061, 13.168603926510986 ], [ 75.758752936272089, 13.168496602354425 ], [ 75.758692463054274, 13.168585944664917 ], [ 75.758562416707846, 13.168494292642871 ], [ 75.758425130462555, 13.168560433807883 ], [ 75.75809943294179, 13.168559883412025 ], [ 75.758049939725993, 13.168655302142133 ], [ 75.758021538245742, 13.168698062825687 ], [ 75.75761803089928, 13.168916576975111 ], [ 75.75721971453892, 13.169658047941519 ], [ 75.757247281676499, 13.169962837276623 ], [ 75.757118487424933, 13.170356655068984 ], [ 75.756314027887811, 13.170598759460031 ], [ 75.755911602663971, 13.170725185359823 ], [ 75.755493599907666, 13.170914294193743 ], [ 75.754948459669649, 13.17115922766842 ], [ 75.754147963070196, 13.171990460788871 ], [ 75.75340918847192, 13.172814937839266 ], [ 75.752473372466852, 13.173867732726944 ], [ 75.751358995960331, 13.174536852125438 ], [ 75.751363303779257, 13.174504645846747 ], [ 75.751377316245552, 13.174397570543553 ], [ 75.751248657936699, 13.174481133619611 ], [ 75.751251761571552, 13.174447707500224 ], [ 75.751303736839247, 13.173853660196341 ], [ 75.750401708604556, 13.172851893929181 ], [ 75.750011257640196, 13.171623698367808 ], [ 75.749491281188156, 13.169988048976233 ], [ 75.749426657662681, 13.169784767836493 ], [ 75.749389206134524, 13.169666956360969 ], [ 75.749388547130437, 13.169664771953913 ], [ 75.749369628146923, 13.169602098113069 ], [ 75.749115230499925, 13.16905240700372 ], [ 75.749043328132828, 13.16889704192441 ], [ 75.749544872193425, 13.168668913372279 ], [ 75.749329261020378, 13.168277199540452 ], [ 75.749351657944203, 13.168029254033103 ], [ 75.749366011944247, 13.167870344102296 ], [ 75.749632724328237, 13.167244281566207 ], [ 75.749778232913755, 13.166682044313136 ], [ 75.750219770217569, 13.165962218657199 ], [ 75.750153560873471, 13.165787020971132 ], [ 75.750236621996578, 13.165671946970789 ], [ 75.750267052433088, 13.164943381841459 ], [ 75.750273208508204, 13.164795988983096 ], [ 75.750276999222507, 13.164148814595249 ], [ 75.75027424523725, 13.164090994251897 ], [ 75.750268486735465, 13.163970039465937 ], [ 75.750248957988731, 13.163865472681483 ], [ 75.750195838680582, 13.163789145168748 ], [ 75.750156247130349, 13.163732257086556 ], [ 75.750234972973743, 13.163595714018467 ], [ 75.750167986449497, 13.163576355745507 ], [ 75.750112408933205, 13.163560296060949 ], [ 75.750155164395295, 13.163491351399644 ], [ 75.750203324294034, 13.163413693532842 ], [ 75.750027888818593, 13.163324804300483 ], [ 75.750022535126689, 13.163322303579191 ], [ 75.750010287403953, 13.163284425753627 ], [ 75.749976280465916, 13.163206419325469 ], [ 75.749981277220087, 13.16319471264304 ], [ 75.750012903139591, 13.163120609559593 ], [ 75.750114533794047, 13.162882472599021 ], [ 75.750111423054264, 13.162877203024244 ], [ 75.750084206397901, 13.162831095592404 ], [ 75.749853237020702, 13.162483606328122 ], [ 75.749836537428607, 13.162458482438124 ], [ 75.749604259193703, 13.162018032378121 ], [ 75.749526572219338, 13.161870720595873 ], [ 75.749802350398809, 13.161056228010565 ], [ 75.747418665244254, 13.159451419925508 ], [ 75.747387784178372, 13.159460885360362 ], [ 75.747337689450703, 13.15947620618941 ], [ 75.745196499161054, 13.160111922112677 ], [ 75.74495691473652, 13.16018068570974 ], [ 75.744847428496357, 13.160181013692474 ], [ 75.743602103250396, 13.160199692624415 ], [ 75.743534215023814, 13.160197855677419 ], [ 75.742535844449904, 13.160170848329816 ], [ 75.741669063737703, 13.160193402823939 ], [ 75.741626287057898, 13.160194265999255 ], [ 75.740675572399226, 13.160213478036447 ], [ 75.740424112153704, 13.160218555099 ], [ 75.738764163983831, 13.160129254791514 ], [ 75.738462177356254, 13.160113008846269 ], [ 75.734918167272284, 13.160030442885606 ], [ 75.734334989146589, 13.160016846637351 ], [ 75.734014718568389, 13.160114901771992 ], [ 75.733799300225783, 13.160288603446148 ], [ 75.733180933163553, 13.160787220555786 ], [ 75.732725187522036, 13.161137429906844 ], [ 75.732162778350599, 13.161569599510813 ], [ 75.731989726793898, 13.161702581713854 ], [ 75.731169154539813, 13.162630880304388 ], [ 75.730601360816465, 13.163273208856818 ], [ 75.730370714973006, 13.163569945790778 ], [ 75.730034955964314, 13.165604399514125 ], [ 75.730089628583059, 13.167577932711332 ], [ 75.730213198707418, 13.167935278388194 ], [ 75.730024028189916, 13.168039226466085 ], [ 75.730183237451769, 13.168291617749047 ], [ 75.730216590063748, 13.168344292500082 ], [ 75.730233576477204, 13.168371120420522 ], [ 75.730116481622417, 13.168442315227663 ], [ 75.730536885339689, 13.168737549696354 ], [ 75.730539026167349, 13.168742846380601 ], [ 75.730539027907909, 13.168742847596777 ], [ 75.73059186252928, 13.16887320215986 ], [ 75.730598052156864, 13.168888465409832 ], [ 75.730825447865882, 13.169449518307822 ], [ 75.730854135646908, 13.169520283781459 ], [ 75.730872737018615, 13.169620234599817 ], [ 75.730888346193723, 13.169704065839255 ], [ 75.73088835183728, 13.169704101990908 ], [ 75.730897952334487, 13.170388335671614 ], [ 75.73087695725809, 13.170479672890606 ], [ 75.730853981868123, 13.170579675208414 ], [ 75.730834059978093, 13.170666375376392 ], [ 75.730648171240347, 13.171475259966991 ], [ 75.730602586794788, 13.17215768412084 ], [ 75.730572167579936, 13.172613368431362 ], [ 75.730560824350817, 13.172783231740407 ], [ 75.730499532848583, 13.172995168329757 ], [ 75.730385181981362, 13.173390648969463 ], [ 75.730320740073594, 13.173613509007328 ], [ 75.730320732772199, 13.173613536153917 ], [ 75.730134578236331, 13.174257315451465 ], [ 75.729997294156803, 13.174788159263391 ], [ 75.729802384655699, 13.175118171816937 ], [ 75.72977030702414, 13.175172622491427 ], [ 75.729687926480025, 13.175312459763846 ], [ 75.729629699072333, 13.17541132984242 ], [ 75.729559923465558, 13.175529815772499 ], [ 75.729207051732061, 13.176146864146087 ], [ 75.729164487277231, 13.176284912603942 ], [ 75.729125911105143, 13.176409943802046 ], [ 75.729124982519522, 13.176412958309552 ], [ 75.729080851668442, 13.176637832751947 ], [ 75.729017450068341, 13.176960964518432 ], [ 75.728967765072795, 13.177651114544284 ], [ 75.728953044755968, 13.177856200690078 ], [ 75.728969306446686, 13.178396018109121 ], [ 75.72900843664209, 13.178804918659296 ], [ 75.729011776979732, 13.178839814636129 ], [ 75.729047571202813, 13.179213679021942 ], [ 75.729148328467261, 13.180097253940353 ], [ 75.729148331315841, 13.180097281058048 ], [ 75.729163620786707, 13.180231350204981 ], [ 75.729162716762801, 13.180232002309657 ], [ 75.729163703698205, 13.180240651402844 ], [ 75.729081066188812, 13.18030058391089 ], [ 75.729052049570058, 13.180321636455623 ], [ 75.729016546955137, 13.180347395678007 ], [ 75.729011479884988, 13.180351071161294 ], [ 75.728985522086603, 13.180369901538212 ], [ 75.728979430183756, 13.180374320468498 ], [ 75.728960582986005, 13.180611873009116 ], [ 75.72894971176089, 13.180748947930827 ], [ 75.728929142914794, 13.180890285659634 ], [ 75.728836297647419, 13.181528769699653 ], [ 75.728824878370077, 13.181607297865378 ], [ 75.728823822078411, 13.181614559729216 ], [ 75.728817106811718, 13.181622873883821 ], [ 75.728541474835467, 13.181965238735954 ], [ 75.728374673477589, 13.182172588394348 ], [ 75.728177688034364, 13.182417668857081 ], [ 75.728152505658329, 13.182451979455893 ], [ 75.72814432689772, 13.182463122450068 ], [ 75.727992200629089, 13.182862686063888 ], [ 75.727978354177225, 13.182899098354707 ], [ 75.727974564304802, 13.182909065185605 ], [ 75.727913850265466, 13.183068720049013 ], [ 75.727903813812986, 13.183095112101679 ], [ 75.727882923223888, 13.183150045986018 ], [ 75.727847448317405, 13.183243398844429 ], [ 75.72784244608367, 13.183256562180658 ], [ 75.727927145161644, 13.183238650701369 ], [ 75.728207082787222, 13.18317938878492 ], [ 75.728208160979293, 13.183179210308978 ], [ 75.728287838624325, 13.183162370336944 ], [ 75.728287871806359, 13.183162357583987 ], [ 75.72829016082683, 13.183165661331993 ], [ 75.728461715231845, 13.183412960775241 ], [ 75.728592004573756, 13.183600745839925 ], [ 75.728733396081111, 13.183706270160327 ], [ 75.729652910563573, 13.184392436149961 ], [ 75.729752777571647, 13.184375178375262 ], [ 75.730204840629924, 13.184297042867115 ], [ 75.730452702336436, 13.184322719259162 ], [ 75.730465227629864, 13.184334068257051 ], [ 75.730768156126913, 13.184607797290431 ], [ 75.730768176476133, 13.184607813507872 ], [ 75.730836356424902, 13.184667684640937 ], [ 75.730900875396514, 13.184724329183485 ], [ 75.731874172282858, 13.185579193904282 ], [ 75.73207296871216, 13.185869589820779 ], [ 75.732145154095448, 13.185975023120825 ], [ 75.732610075776819, 13.186654016906353 ], [ 75.732610091550143, 13.186654045795411 ], [ 75.732714041556818, 13.186902686255095 ], [ 75.733006594307369, 13.187602335310171 ], [ 75.733127854724486, 13.187764221276476 ], [ 75.733138525845689, 13.187778468843547 ], [ 75.733348206806042, 13.188142434532985 ], [ 75.733348129519229, 13.188142719544617 ], [ 75.733348671842862, 13.188143656573681 ], [ 75.733337502781865, 13.188184654747452 ], [ 75.733283929985632, 13.188381099337589 ], [ 75.733327550831945, 13.188523455255648 ], [ 75.733328821717478, 13.188527588866267 ], [ 75.733432999772916, 13.188866434046876 ], [ 75.733464886969131, 13.189056229358691 ], [ 75.733475775341574, 13.189121038680497 ], [ 75.733556280983436, 13.189601168169105 ], [ 75.733563670150019, 13.189645233589708 ], [ 75.733604126813646, 13.189665655483756 ], [ 75.733652723770504, 13.189689869950548 ], [ 75.733672143304489, 13.189699541644973 ], [ 75.73373147116574, 13.189729085321961 ], [ 75.733731668795826, 13.189731208498657 ], [ 75.733732727684199, 13.189731759939514 ], [ 75.733742820640501, 13.189840790101609 ], [ 75.733750744394385, 13.189926398871037 ], [ 75.733752725802788, 13.189947803548417 ], [ 75.733756291396674, 13.189986329914248 ], [ 75.733893212636985, 13.190074761130221 ], [ 75.734314073711388, 13.190346649276449 ], [ 75.734303293130168, 13.190357677223977 ], [ 75.734319196517205, 13.190368410237182 ], [ 75.73430680217966, 13.190380694836133 ], [ 75.734274617007898, 13.19041259380643 ], [ 75.733895662027848, 13.190780145517786 ], [ 75.733791600962348, 13.190881074624809 ], [ 75.734341684265374, 13.192871706083283 ], [ 75.734856166448409, 13.194579322890606 ], [ 75.734856181324076, 13.19457935991977 ], [ 75.736844153504521, 13.197749722595059 ], [ 75.737595479251951, 13.198866862405538 ], [ 75.738086028033209, 13.199596204623592 ], [ 75.7381327594791, 13.199665727823204 ], [ 75.738179230351605, 13.199734823177677 ], [ 75.738939362448448, 13.200886110352368 ], [ 75.743196535525314, 13.207333719195752 ], [ 75.74380117880537, 13.207037291301312 ], [ 75.743805455232319, 13.20703542980803 ], [ 75.744080737605046, 13.207139107722046 ], [ 75.744279600560674, 13.207213999396817 ], [ 75.745137631052742, 13.206815913196987 ], [ 75.746012576038581, 13.206844737093931 ], [ 75.746495411500874, 13.206860638179954 ], [ 75.747370756286628, 13.206787566035297 ], [ 75.747423870423916, 13.206720840106248 ], [ 75.747509454703803, 13.20661329562372 ], [ 75.747689857608663, 13.206129059855726 ], [ 75.747813859878548, 13.205796185241375 ], [ 75.748175635386644, 13.205262941198393 ], [ 75.748473302283699, 13.205109786785618 ], [ 75.748663236380366, 13.205104789982025 ], [ 75.74881296099403, 13.205070730720639 ], [ 75.748948582670465, 13.205599877778893 ], [ 75.749370261772299, 13.206082352312469 ], [ 75.749834089958711, 13.205876755187019 ], [ 75.749957833058787, 13.205821902706427 ], [ 75.750324441551513, 13.206238583659825 ], [ 75.75032446101136, 13.20623860982422 ], [ 75.750635965023463, 13.20670848653314 ], [ 75.750920561187414, 13.20703915513214 ], [ 75.751118077319219, 13.207751490921158 ], [ 75.75126137974523, 13.208301306999889 ], [ 75.751278227765496, 13.209237548859733 ], [ 75.751352052846826, 13.209338400950065 ], [ 75.751395948634652, 13.209398339009276 ], [ 75.751888598838363, 13.210484789623473 ], [ 75.752449107021533, 13.211823983807909 ], [ 75.752913926111219, 13.212874850042434 ], [ 75.753292605100171, 13.213288322203981 ], [ 75.753915166534782, 13.213761030914565 ], [ 75.755162245890887, 13.215123931068355 ], [ 75.755528439423969, 13.215555973687033 ], [ 75.756670557298449, 13.215995489405961 ], [ 75.757763602296961, 13.216416112994731 ], [ 75.758037918987014, 13.216919256793982 ], [ 75.758509828876868, 13.217784813825862 ], [ 75.758509409131534, 13.217891355925564 ], [ 75.758547480815366, 13.218072910212879 ], [ 75.758735999147916, 13.218059779203937 ], [ 75.758789753698565, 13.218056034627663 ], [ 75.758902254593039, 13.218048198792884 ], [ 75.759197099045394, 13.218027661292428 ], [ 75.760280012523822, 13.21780969773048 ], [ 75.761229052030941, 13.217715411924889 ], [ 75.761333093927576, 13.217705074822687 ], [ 75.76145937757066, 13.217692528579935 ], [ 75.761780155509982, 13.217556130068397 ], [ 75.761805063515155, 13.217443418009852 ], [ 75.761834916800552, 13.217308244840593 ], [ 75.761732419167672, 13.216993206769388 ], [ 75.761642578054207, 13.216717044334706 ], [ 75.761676910545049, 13.216385367697656 ], [ 75.761926261779266, 13.215903078080391 ], [ 75.762477091390565, 13.21552333750736 ], [ 75.763245865730482, 13.215144118341659 ], [ 75.764084692312338, 13.214893169595095 ], [ 75.764196818569431, 13.214848250231716 ], [ 75.764427027195254, 13.214756024602249 ], [ 75.765058928775019, 13.214120278097733 ], [ 75.765523784208469, 13.213257445169734 ], [ 75.765523800732737, 13.213257417090583 ], [ 75.765853520447394, 13.212798303762481 ], [ 75.765991061589389, 13.212568751542332 ], [ 75.766018325417363, 13.212522151810147 ], [ 75.766213843760227, 13.212187886304044 ], [ 75.766301648883555, 13.212107199789532 ], [ 75.766431673352812, 13.211987716641673 ], [ 75.766439857844134, 13.211990715790549 ], [ 75.766463239193769, 13.211969648713993 ], [ 75.766685127052114, 13.212044670424259 ], [ 75.766871151345796, 13.212107598375868 ], [ 75.767054943684229, 13.212169763418121 ], [ 75.76736025646386, 13.212273012564779 ], [ 75.768083646317592, 13.21260650918952 ], [ 75.768150532861313, 13.212663545905542 ], [ 75.768395636836644, 13.212872514436141 ], [ 75.768408195603726, 13.212883221128275 ], [ 75.76866570512999, 13.213149918581744 ], [ 75.768962362613962, 13.213268325031862 ], [ 75.76924519314359, 13.213381211971255 ], [ 75.769767277692978, 13.213773366339323 ], [ 75.770249584926589, 13.213971612486979 ], [ 75.770590547997287, 13.213920921515603 ], [ 75.770905337020167, 13.213552204899392 ], [ 75.771227835940977, 13.213174398380849 ], [ 75.771476717616679, 13.212882832936494 ], [ 75.771476738765898, 13.212882808459787 ], [ 75.771775903519213, 13.212745697340855 ], [ 75.77180494617285, 13.212747648612705 ], [ 75.771821777966167, 13.21274018448741 ], [ 75.772468767937781, 13.212784404812234 ], [ 75.772951184454186, 13.212943215943527 ], [ 75.773305993222664, 13.213187150962078 ], [ 75.773306018197019, 13.21318716897024 ], [ 75.773807961869281, 13.213582520406986 ], [ 75.774098609932409, 13.214023388410078 ], [ 75.774148586971791, 13.214141775472079 ], [ 75.774191101144979, 13.214578759254882 ], [ 75.774188649936548, 13.215580642147151 ], [ 75.774188654650715, 13.215580673779254 ], [ 75.774295105039471, 13.215922563709007 ], [ 75.774414436445895, 13.216020131696188 ], [ 75.774564462198413, 13.216142847819828 ], [ 75.774730118772837, 13.216278348653335 ], [ 75.774840052189973, 13.216330703237086 ], [ 75.775318953277363, 13.216558782823244 ], [ 75.775333204252249, 13.216532316098945 ], [ 75.775399157348332, 13.21640982918173 ], [ 75.775428468049427, 13.216373824409835 ], [ 75.77545688098202, 13.21633934680742 ], [ 75.776265008420737, 13.21535872360811 ], [ 75.776515266287333, 13.214855215453312 ], [ 75.776820627501323, 13.214129745785336 ], [ 75.776840431289358, 13.214082696225397 ], [ 75.776840445040861, 13.214082667249821 ], [ 75.777126298833181, 13.213480062475103 ], [ 75.777408554663552, 13.212881771360587 ], [ 75.777559009726843, 13.212624068103207 ], [ 75.777559095037901, 13.212623905091222 ], [ 75.777559186723096, 13.212623714934413 ], [ 75.777857834390147, 13.212109895576507 ], [ 75.778076978334212, 13.211730615806983 ], [ 75.778379241415777, 13.211234809786134 ], [ 75.778423252109263, 13.211162618043209 ], [ 75.778680665021028, 13.210515914558078 ], [ 75.778694420342049, 13.210462650757709 ], [ 75.7787248210375, 13.210345827485064 ], [ 75.779091110264659, 13.210041167886098 ], [ 75.779126086145126, 13.210012169175251 ], [ 75.779199875402085, 13.209951053286959 ], [ 75.779791452871365, 13.210178557962209 ], [ 75.779791469743699, 13.210178565064556 ], [ 75.779791496271457, 13.210178575157631 ], [ 75.780696897899006, 13.210497691948454 ], [ 75.78090823730075, 13.210563528790635 ], [ 75.781521085767949, 13.210754417376572 ], [ 75.782009202234917, 13.210708423168658 ], [ 75.782059673382747, 13.210703684715865 ], [ 75.78228326738521, 13.210682693320987 ], [ 75.782399456912927, 13.210725419555049 ], [ 75.782409447004596, 13.210724426079992 ], [ 75.785062317528656, 13.211694503350712 ], [ 75.786677707007314, 13.212285180187084 ], [ 75.78691909321482, 13.212373444428163 ], [ 75.786919117246853, 13.212373456108581 ], [ 75.787146851893652, 13.212513064375358 ], [ 75.787211390391789, 13.212552608124463 ], [ 75.788228157471039, 13.213300483749858 ], [ 75.789506922451849, 13.214241048110363 ], [ 75.789571073776287, 13.214288221874037 ], [ 75.789656568684606, 13.21435105891992 ], [ 75.789908947486452, 13.214363185902954 ], [ 75.789910903668002, 13.214362513482435 ], [ 75.789950300342397, 13.214361074437999 ], [ 75.789986014226415, 13.21435976339977 ], [ 75.790469445255567, 13.214342141276298 ], [ 75.791114660370823, 13.214120077683484 ], [ 75.791709452254509, 13.213916395014602 ], [ 75.791817795230429, 13.213882412482079 ], [ 75.792691268960297, 13.213608441118069 ], [ 75.793026212856773, 13.213634418094657 ], [ 75.793146260755336, 13.213643721544846 ], [ 75.793212708608721, 13.213648876397839 ], [ 75.793387529834121, 13.213662418670534 ], [ 75.793741535782644, 13.213689823861698 ], [ 75.79374396125074, 13.213691569066011 ], [ 75.793838588333074, 13.213698512059484 ], [ 75.794161410658731, 13.213930298070695 ], [ 75.794191797463455, 13.21395205953587 ], [ 75.794554749246601, 13.214086123416163 ], [ 75.794778979624382, 13.214168934054564 ], [ 75.795217533086387, 13.214409301371537 ], [ 75.795526768158737, 13.214474995892763 ], [ 75.795737566229022, 13.214519781528594 ], [ 75.796775089449639, 13.214740194964749 ], [ 75.797026811837867, 13.21473985824983 ], [ 75.797237749826337, 13.214630499867516 ], [ 75.797531158651395, 13.214478385055981 ], [ 75.797538123485708, 13.214514125633926 ], [ 75.797614632897179, 13.214474733224183 ], [ 75.797654654605196, 13.214680786255432 ], [ 75.797769432567648, 13.215271822869894 ], [ 75.797882836990695, 13.215855758633966 ], [ 75.799169701436895, 13.216122136295159 ], [ 75.799619327705415, 13.21612900518255 ], [ 75.801860068676064, 13.216156392418535 ], [ 75.801860096353366, 13.216156389619242 ], [ 75.802355683036041, 13.21611331749553 ], [ 75.802789121822173, 13.216075619513406 ], [ 75.803650115148017, 13.215995215872207 ], [ 75.804121959008882, 13.215915341218182 ], [ 75.80432525424068, 13.215876376059274 ], [ 75.804941676472012, 13.215747007513437 ], [ 75.805685690200136, 13.215590861102772 ], [ 75.805685715191771, 13.215590883628447 ], [ 75.805692418683222, 13.215601199053411 ], [ 75.805702812867864, 13.215617170227935 ], [ 75.805969925081598, 13.216027578660318 ], [ 75.806391121168105, 13.216674727798525 ], [ 75.806628272707641, 13.217034926935781 ], [ 75.806860089893974, 13.21738702223295 ], [ 75.806943368686916, 13.217512655997625 ], [ 75.808192718763976, 13.219397399394024 ], [ 75.80819274378598, 13.219397430961074 ], [ 75.80930542306163, 13.22042550324651 ], [ 75.809388254408148, 13.220471280749621 ], [ 75.809415184834791, 13.220612824745604 ], [ 75.809477450178321, 13.220648883049201 ], [ 75.809495481671533, 13.220651663265622 ], [ 75.80951224527233, 13.220740673227031 ], [ 75.809605118493948, 13.221234817239754 ], [ 75.809609683069453, 13.221259131418064 ], [ 75.809621513385366, 13.22128001475463 ], [ 75.809909374403247, 13.221789983509504 ], [ 75.809895073177501, 13.221840612865812 ], [ 75.809886572958249, 13.221870723492684 ], [ 75.809885155369756, 13.221875753386158 ], [ 75.809781716542247, 13.222242671429877 ], [ 75.809725681854118, 13.222442171506453 ], [ 75.809691899839962, 13.222562703717866 ], [ 75.80968021864814, 13.222604379765931 ], [ 75.809710176114336, 13.222655566060761 ], [ 75.809721504956599, 13.222674923823513 ], [ 75.809764772135694, 13.222748912833335 ], [ 75.809754905030729, 13.222806144888464 ], [ 75.809748507516701, 13.22284336018509 ], [ 75.809744413670515, 13.222867180974914 ], [ 75.809769106518289, 13.22287824852482 ], [ 75.809758734945916, 13.22293447221452 ], [ 75.809730840642629, 13.223085650864105 ], [ 75.809723300604162, 13.223126514506676 ], [ 75.809730336059005, 13.223194799001741 ], [ 75.809766559348731, 13.223546375649974 ], [ 75.809774172608201, 13.223620263288536 ], [ 75.809672028074814, 13.223936899654706 ], [ 75.809617806447775, 13.224105894347227 ], [ 75.809599727078165, 13.22416224370877 ], [ 75.809585822466161, 13.224205581433631 ], [ 75.809619170935832, 13.224216782520561 ], [ 75.809670900135629, 13.224234152436239 ], [ 75.809674463748422, 13.22423534912633 ], [ 75.809641906100495, 13.224402552751998 ], [ 75.809613039349941, 13.224550802226615 ], [ 75.809559743592104, 13.224824508242282 ], [ 75.80945388687374, 13.225368143890991 ], [ 75.809453881437747, 13.225368174650139 ], [ 75.809437423911675, 13.225413734775955 ], [ 75.80940989834734, 13.225489932641109 ], [ 75.809387076585182, 13.225553457165349 ], [ 75.809378946560216, 13.225612183729703 ], [ 75.809362831658632, 13.225728596597142 ], [ 75.809355279996154, 13.225783316740143 ], [ 75.809345931564707, 13.225958096155464 ], [ 75.80934376090309, 13.225998671531887 ], [ 75.809343609650782, 13.226001501172954 ], [ 75.809389352367674, 13.226077089081162 ], [ 75.809389361680289, 13.226077114368548 ], [ 75.809286913000577, 13.226121002186986 ], [ 75.809269089208257, 13.226148878923039 ], [ 75.809363294548774, 13.226239563147882 ], [ 75.809345097839866, 13.226270753305435 ], [ 75.809305246415832, 13.22633906329296 ], [ 75.809312492378311, 13.226410720592622 ], [ 75.809324851207322, 13.226533538882888 ], [ 75.809330523006906, 13.226589907957477 ], [ 75.809304175592302, 13.226625179144895 ], [ 75.809265571432732, 13.226676859106725 ], [ 75.809295398768995, 13.22670662875378 ], [ 75.80925823185639, 13.226754556671017 ], [ 75.809328475936724, 13.226822921109914 ], [ 75.809348331708634, 13.226842245543679 ], [ 75.809319706522174, 13.226884235633412 ], [ 75.809302458274104, 13.22690953746625 ], [ 75.809311940994192, 13.226915542851865 ], [ 75.809311969652143, 13.226915557227901 ], [ 75.80926319568492, 13.226968241139366 ], [ 75.80925236609049, 13.226984520181057 ], [ 75.809332332298752, 13.227030047132962 ], [ 75.809360740549806, 13.22704622055908 ], [ 75.809360766430103, 13.227046232231389 ], [ 75.809306576652276, 13.227114059589487 ], [ 75.80926102654557, 13.227172726514679 ], [ 75.809219604402898, 13.227227683193188 ], [ 75.809197945314892, 13.227276932532327 ], [ 75.809157063795737, 13.227369886326988 ], [ 75.809145984556039, 13.22739603938783 ], [ 75.809111883690747, 13.227478914576203 ], [ 75.809058929172025, 13.227782232028984 ], [ 75.809056006115981, 13.227798973031131 ], [ 75.809056002543613, 13.227799009209406 ], [ 75.809052241928597, 13.227867373991675 ], [ 75.809043916270738, 13.228021842388038 ], [ 75.808991896575307, 13.228968757262345 ], [ 75.808890358409954, 13.229084210829361 ], [ 75.808878295710372, 13.229097934274215 ], [ 75.809054303313346, 13.229234054223628 ], [ 75.809225716029857, 13.229415843647372 ], [ 75.809749684822421, 13.229548211389861 ], [ 75.809766981743635, 13.229660670207773 ], [ 75.809787442584252, 13.22979384176433 ], [ 75.809825875990143, 13.230074958818916 ], [ 75.809718246419408, 13.230768288880704 ], [ 75.809747365463153, 13.230774473307449 ], [ 75.809866599017184, 13.230799795663289 ], [ 75.809895582401268, 13.230806364847767 ], [ 75.809892955874659, 13.230830494674686 ], [ 75.80995583565182, 13.230842528889147 ], [ 75.809983895915096, 13.230847921946403 ], [ 75.809976847743727, 13.23094524879008 ], [ 75.810020717083177, 13.231096281322161 ], [ 75.810055529071036, 13.231095621190084 ], [ 75.810316909301847, 13.231090663024396 ], [ 75.810718772280367, 13.231020932336515 ], [ 75.810749258724471, 13.231015642028137 ], [ 75.810823289190694, 13.23100279660121 ], [ 75.811496826523921, 13.230876881480485 ], [ 75.811531258406902, 13.230873148374688 ], [ 75.811544536000582, 13.230870254260543 ], [ 75.812315615346648, 13.230771865798129 ], [ 75.812380459126842, 13.230763592605989 ], [ 75.813010560902171, 13.230708477342477 ], [ 75.812988042075546, 13.230840943497585 ], [ 75.812969954275403, 13.230947251376687 ], [ 75.812947211700219, 13.231081000358067 ], [ 75.812923334874384, 13.231081651375248 ], [ 75.812919186435934, 13.231104284285683 ], [ 75.812804536050791, 13.2311061344818 ], [ 75.812812174647988, 13.231166311060541 ], [ 75.812825648178517, 13.231272554694678 ], [ 75.81285003875287, 13.23146471794109 ], [ 75.812990923230984, 13.231693565360768 ], [ 75.812990943625309, 13.231693592421061 ], [ 75.812961679270956, 13.23173173059422 ], [ 75.812965405143501, 13.231737612893903 ], [ 75.81296542553784, 13.231737639954218 ], [ 75.812897982541031, 13.23182083267206 ], [ 75.81298095790163, 13.23200050245527 ], [ 75.812940113764, 13.232032391509081 ], [ 75.812939098895342, 13.232033184486749 ], [ 75.812945900199466, 13.232048141881364 ], [ 75.812906989447029, 13.232077006115475 ], [ 75.812922544871654, 13.232119578983619 ], [ 75.812947145420338, 13.232186829979238 ], [ 75.812885096351948, 13.23221777382324 ], [ 75.812819259310189, 13.232250602247293 ], [ 75.812816373486442, 13.23224158162121 ], [ 75.812780260240174, 13.232258598051059 ], [ 75.812769680837349, 13.232225539864151 ], [ 75.812760970366767, 13.232198322116437 ], [ 75.812749538784814, 13.232162496665753 ], [ 75.81269554788183, 13.232262947161646 ], [ 75.812675653225028, 13.232231697079579 ], [ 75.812654538192859, 13.232269136474477 ], [ 75.812608539807115, 13.232197424928939 ], [ 75.812586181780034, 13.232360820078883 ], [ 75.812586156030875, 13.232360848190158 ], [ 75.812494906464167, 13.232478565212704 ], [ 75.81247781372042, 13.232500603644164 ], [ 75.812549790877668, 13.23256738483742 ], [ 75.812460508279472, 13.232623904752812 ], [ 75.812444190814176, 13.232603583985307 ], [ 75.812412976731068, 13.232622206869408 ], [ 75.812295661263633, 13.232477310994895 ], [ 75.812242623493873, 13.232510337153448 ], [ 75.812242604184192, 13.232510358914999 ], [ 75.812225559575396, 13.232535791445196 ], [ 75.811593251822018, 13.23347931413524 ], [ 75.811590184503288, 13.233491190253696 ], [ 75.811588486097179, 13.233497825049948 ], [ 75.811542301338037, 13.233676650029672 ], [ 75.811509686005266, 13.233802875904837 ], [ 75.811031313392448, 13.235156070431717 ], [ 75.810969532348395, 13.235330831758509 ], [ 75.810500389443959, 13.236347148998648 ], [ 75.810296792697045, 13.236788237843362 ], [ 75.810237391860809, 13.236916884042172 ], [ 75.810157164051276, 13.237090656690809 ], [ 75.809961045464291, 13.238208364415017 ], [ 75.809790743831357, 13.239178959752142 ], [ 75.80974887512761, 13.239417454363091 ], [ 75.809744567480635, 13.23944198740031 ], [ 75.809744564798393, 13.239442013629835 ], [ 75.809705512615992, 13.239658428941869 ], [ 75.80951044208382, 13.241009408337202 ], [ 75.809510440324516, 13.241009434563798 ], [ 75.809539988006833, 13.242175920797067 ], [ 75.809542844095589, 13.24230202493869 ], [ 75.809545107394868, 13.242403752636442 ], [ 75.809449736317404, 13.242428060091941 ], [ 75.809449727184798, 13.242430128704811 ], [ 75.809341367802475, 13.242455680693585 ], [ 75.809263472412297, 13.242475534513703 ], [ 75.809014837022303, 13.242538524222338 ], [ 75.808792035308016, 13.242594969728531 ], [ 75.808790156349929, 13.242675003172911 ], [ 75.80878529297928, 13.242882124942039 ], [ 75.808768409592631, 13.243506943302066 ], [ 75.808766867443893, 13.243556477000299 ], [ 75.808740690256514, 13.244397047888528 ], [ 75.808740684802231, 13.244397073222656 ], [ 75.807641708861595, 13.246896217071363 ], [ 75.807641120378236, 13.246908090730715 ], [ 75.807640226354977, 13.24692611373621 ], [ 75.807616806014366, 13.247383969943929 ], [ 75.807492034271164, 13.249823127743213 ], [ 75.807665069319924, 13.250306160444516 ], [ 75.807694133909379, 13.250387298460344 ], [ 75.807993581592541, 13.251223210531267 ], [ 75.808151794465033, 13.251664848256937 ], [ 75.809419771732721, 13.254639151808117 ], [ 75.809433825717434, 13.254672092331257 ], [ 75.809422250617743, 13.254716183281472 ], [ 75.809430502387229, 13.254735599296801 ], [ 75.809244023115383, 13.255396816488052 ], [ 75.809012202442005, 13.255770288354846 ], [ 75.808997691408393, 13.255843445361382 ], [ 75.808689643994498, 13.257312984691474 ], [ 75.807637192056717, 13.25859414168135 ], [ 75.807444761743525, 13.258828402807904 ], [ 75.80744364036255, 13.258829835855453 ], [ 75.809320986970548, 13.25940896737445 ], [ 75.810539898174014, 13.259784977443699 ], [ 75.811896014341812, 13.260203303823159 ], [ 75.812060244258603, 13.260268628057261 ], [ 75.813241394738228, 13.260738418938352 ], [ 75.813346354352234, 13.260760620624572 ], [ 75.813414196421903, 13.260774976654806 ], [ 75.813415608316021, 13.260715562579696 ], [ 75.813272111198287, 13.260077312931822 ], [ 75.813384048378495, 13.259910319822799 ], [ 75.813365334145374, 13.259822164940513 ], [ 75.813345252679341, 13.259727556824391 ], [ 75.813237622594741, 13.259534114465064 ], [ 75.813145078529459, 13.259367787062011 ], [ 75.813435404605158, 13.258490079751567 ], [ 75.813453108659132, 13.258436544251008 ], [ 75.813582024533019, 13.258422036975389 ], [ 75.813603225249821, 13.258419652851506 ], [ 75.81362609231762, 13.258417071725166 ], [ 75.813739348152694, 13.258403749067966 ], [ 75.813948943113175, 13.258401755579994 ], [ 75.81401973509567, 13.258401079346498 ], [ 75.814086709196033, 13.258424204932961 ], [ 75.81410090339007, 13.258439379537316 ], [ 75.814202612933059, 13.258548122302011 ], [ 75.814202360489844, 13.25854940843875 ], [ 75.814241877105317, 13.258591386311426 ], [ 75.814223331755144, 13.258678037104422 ], [ 75.814231780228866, 13.258785665043824 ], [ 75.814297845954115, 13.258823948522036 ], [ 75.814335993041468, 13.258846052143184 ], [ 75.814469928888897, 13.258886834725345 ], [ 75.814574957981435, 13.258880491943541 ], [ 75.81469886060431, 13.258915779252282 ], [ 75.814819979869526, 13.258969510537812 ], [ 75.814820016844919, 13.258969526694754 ], [ 75.814899750359984, 13.259004851048815 ], [ 75.814963323487973, 13.259044385305678 ], [ 75.81504704426861, 13.259077399369632 ], [ 75.815085707142856, 13.259083897039151 ], [ 75.815126315958196, 13.259090723025892 ], [ 75.815405706678064, 13.259043173681109 ], [ 75.815412965726708, 13.259040205584807 ], [ 75.815519729714765, 13.258996342809153 ], [ 75.815839674482362, 13.258808864009005 ], [ 75.815856510590351, 13.258830420736235 ], [ 75.815894152791529, 13.25887862473966 ], [ 75.815919521502536, 13.258862980869104 ], [ 75.815925144762858, 13.2588702098073 ], [ 75.815951996856356, 13.258904798846288 ], [ 75.816102259706824, 13.259098357604859 ], [ 75.816116124129493, 13.259116177842428 ], [ 75.816159015469353, 13.259213718149832 ], [ 75.816171375141806, 13.259241900100008 ], [ 75.816204442866393, 13.259244975511256 ], [ 75.816220919642319, 13.259246509592877 ], [ 75.81629037048846, 13.259252979053947 ], [ 75.816356637668434, 13.259259141323913 ], [ 75.816508669668266, 13.259255496305677 ], [ 75.816788215971243, 13.259248799002924 ], [ 75.816951423202283, 13.259244880129739 ], [ 75.816996020119731, 13.259245222792231 ], [ 75.817087287101245, 13.259245907780244 ], [ 75.817087319407307, 13.25924590767673 ], [ 75.818041110680241, 13.259263552554939 ], [ 75.818209806721839, 13.259266675031695 ], [ 75.818335615437135, 13.259261485557024 ], [ 75.818360092591846, 13.259132316787881 ], [ 75.818379066359427, 13.259032064773166 ], [ 75.818527728137326, 13.258278699401854 ], [ 75.81827852461555, 13.258091459694404 ], [ 75.818205175611439, 13.257706359249005 ], [ 75.818351281666708, 13.257633177071845 ], [ 75.818643842691515, 13.257486620579549 ], [ 75.818993917535877, 13.257287387471342 ], [ 75.819498400712234, 13.257139291369199 ], [ 75.819695877498532, 13.257081315189909 ], [ 75.819876903903946, 13.257073754932438 ], [ 75.820247733459041, 13.257058267647407 ], [ 75.82050523813713, 13.256995813834511 ], [ 75.820928797753751, 13.256810079729652 ], [ 75.821108134657834, 13.256564801472853 ], [ 75.821286228054618, 13.25632122242801 ], [ 75.821856365669575, 13.255881299346527 ], [ 75.82226104314428, 13.255755872469626 ], [ 75.822256191014375, 13.25569878978453 ], [ 75.822252808741951, 13.255659134755753 ], [ 75.822243450244301, 13.255549800152739 ], [ 75.822233514190785, 13.255433669860544 ], [ 75.822246827629385, 13.255016774782767 ], [ 75.822385803780449, 13.254817941938644 ], [ 75.822484796485497, 13.254676314579186 ], [ 75.822612068918033, 13.254533954934869 ], [ 75.822758041465349, 13.254370682954974 ], [ 75.823348459279529, 13.253710222319002 ], [ 75.823891418662285, 13.253243578743128 ], [ 75.824201407563265, 13.25293882254986 ], [ 75.824755937699649, 13.252828482177719 ], [ 75.824904273619183, 13.252844124838504 ], [ 75.825214542596328, 13.252876828862936 ], [ 75.825214985797018, 13.25287687444615 ], [ 75.825682007132571, 13.253034489047659 ], [ 75.82569150322233, 13.253039447519898 ], [ 75.825941488922751, 13.253131360871613 ], [ 75.826033320110611, 13.253241290055664 ], [ 75.826044386351953, 13.253245328274573 ], [ 75.826226613516354, 13.253465615785522 ], [ 75.826622347029669, 13.253805002192749 ], [ 75.827163004263952, 13.254268684241469 ], [ 75.827391508863315, 13.254460941664494 ], [ 75.827839959588246, 13.254838252965685 ], [ 75.828040789928068, 13.255007217748803 ], [ 75.828040817701023, 13.25500724207121 ], [ 75.828190915442121, 13.255135331186265 ], [ 75.829422239202785, 13.256186113307237 ], [ 75.829534889623304, 13.256286508380986 ], [ 75.830055358011236, 13.256750394830263 ], [ 75.830205155021204, 13.25688389957023 ], [ 75.830736943294767, 13.257357869777318 ], [ 75.830739540128036, 13.257360963519096 ], [ 75.830742696736877, 13.257364724521791 ], [ 75.830825976805784, 13.257306166952839 ], [ 75.831684130899106, 13.256702683341222 ], [ 75.831684153002371, 13.256702668802472 ], [ 75.832760586434759, 13.255945695433248 ], [ 75.833465853476113, 13.2554232766682 ], [ 75.833796053313037, 13.255099374439689 ], [ 75.834487544527164, 13.254421101554362 ], [ 75.834501189670604, 13.254407882292481 ], [ 75.834517629669818, 13.254391943192777 ], [ 75.835435696884318, 13.253503241189643 ], [ 75.83544948828802, 13.253489905669435 ], [ 75.835462067147972, 13.25347773959122 ], [ 75.835775279689315, 13.253174527390904 ], [ 75.835775077258134, 13.2530946873724 ], [ 75.835774763767461, 13.252983398067039 ], [ 75.835774695483678, 13.252945012773329 ], [ 75.835774646543811, 13.252921215250955 ], [ 75.835779293510043, 13.252577468174685 ], [ 75.835779738901508, 13.252544089379715 ], [ 75.835780116631639, 13.252516846485628 ], [ 75.835780541636296, 13.252486688401229 ], [ 75.83578053969768, 13.252486661282557 ], [ 75.835784546076781, 13.252202924975434 ], [ 75.835784547833271, 13.252202898748838 ], [ 75.835856371250699, 13.252184070155204 ], [ 75.837098733092958, 13.25185798867227 ], [ 75.837206733458316, 13.251829672936102 ], [ 75.83720963370331, 13.251758999147089 ], [ 75.837216760356185, 13.251585473335505 ], [ 75.837344809650773, 13.251594255736951 ], [ 75.83765517189525, 13.251615609682561 ], [ 75.837698215967166, 13.25163438443775 ], [ 75.837957280063435, 13.251747633260921 ], [ 75.838456249744695, 13.251651968786078 ], [ 75.840178535701796, 13.25132167750505 ], [ 75.84023779458164, 13.251316857551336 ], [ 75.840304774924874, 13.251311383758379 ], [ 75.840608104863406, 13.251485010757344 ], [ 75.840673106992611, 13.251525164000766 ], [ 75.84078350312997, 13.251594499700625 ], [ 75.840783530875726, 13.251594515884189 ], [ 75.841081741520398, 13.251781832853426 ], [ 75.841101920506858, 13.251794519595938 ], [ 75.841118971129831, 13.251805240142712 ], [ 75.841168381443239, 13.251830460808298 ], [ 75.842295448137506, 13.252406227859057 ], [ 75.842327881126081, 13.252422676058648 ], [ 75.84235792015663, 13.252437877175755 ], [ 75.842445194392567, 13.252486696968296 ], [ 75.842686724621004, 13.252621805375581 ], [ 75.842858371265564, 13.2527177869926 ], [ 75.842878981257201, 13.252729341952826 ], [ 75.842930944417375, 13.252758422745565 ], [ 75.842922219924532, 13.25284602364558 ], [ 75.842887894848772, 13.253190724582273 ], [ 75.842879353395418, 13.253276537339181 ], [ 75.842866148353139, 13.25340911087399 ], [ 75.842860601755177, 13.253464808631563 ], [ 75.842862022808006, 13.253536408772469 ], [ 75.842886952371259, 13.254075309211878 ], [ 75.842893586013304, 13.254218696111916 ], [ 75.8430024631989, 13.254284915475944 ], [ 75.843014299835644, 13.254292116013859 ], [ 75.843061113613842, 13.254320593516558 ], [ 75.843186146333451, 13.254396694374881 ], [ 75.843349084207901, 13.254440783548363 ], [ 75.843353660175239, 13.254442021593311 ], [ 75.843515573552011, 13.254485841890096 ], [ 75.843637734254955, 13.254518882989668 ], [ 75.844047537034896, 13.254629668275239 ], [ 75.844047562916501, 13.254629679039583 ], [ 75.844181080050888, 13.254689604722168 ], [ 75.844585637615225, 13.254872559765609 ], [ 75.844603911882359, 13.254985811965806 ], [ 75.844613045626033, 13.255042389703064 ], [ 75.844613285131302, 13.255042518205656 ], [ 75.844690603306972, 13.255080134046311 ], [ 75.844740337843106, 13.255104330270655 ], [ 75.8448625924336, 13.255163907693461 ], [ 75.844893779287148, 13.255179115528842 ], [ 75.844995810834874, 13.255228870108734 ], [ 75.845073584404403, 13.255266820666899 ], [ 75.845100577458993, 13.255279998956274 ], [ 75.845100607038987, 13.255280011516597 ], [ 75.846143754779078, 13.255620737233205 ], [ 75.846183845820462, 13.255631313164873 ], [ 75.846241627865169, 13.255646539288042 ], [ 75.846738444270372, 13.255777437458237 ], [ 75.84696539758886, 13.255887059855487 ], [ 75.847224776193656, 13.256012489441838 ], [ 75.84725863394209, 13.256028865323117 ], [ 75.847273070175873, 13.256035847248985 ], [ 75.847273097925665, 13.256035864335937 ], [ 75.84729032644583, 13.256048220381595 ], [ 75.847313417791966, 13.256064781206984 ], [ 75.847319957951086, 13.256069471986624 ], [ 75.847358726050032, 13.256097271032345 ], [ 75.847402100398369, 13.256128373052208 ], [ 75.847402097742034, 13.256128405610955 ], [ 75.847407060183343, 13.256557410710599 ], [ 75.847445444541634, 13.256564460434857 ], [ 75.848346609802533, 13.25672997914293 ], [ 75.848765022194115, 13.256615526752739 ], [ 75.848765053545208, 13.256615517606765 ], [ 75.849717182968476, 13.256354203033947 ], [ 75.84976753006714, 13.256340353486586 ], [ 75.849785881611737, 13.256335305879242 ], [ 75.850159176832349, 13.256232479951363 ], [ 75.850160926786472, 13.256236969622018 ], [ 75.850162488612042, 13.256240976191966 ], [ 75.850164481655099, 13.2562460934463 ], [ 75.850164660443667, 13.256246544932383 ], [ 75.850165909191503, 13.256249704439982 ], [ 75.850185250244763, 13.256299406063462 ], [ 75.850263526344222, 13.2565005621311 ], [ 75.850281426914748, 13.256546634711086 ], [ 75.850322329095349, 13.25665190940339 ], [ 75.850445402910395, 13.256860333799059 ], [ 75.850479533713028, 13.25686807446078 ], [ 75.850491695838727, 13.256870833196135 ], [ 75.85070886545364, 13.256920086577031 ], [ 75.850727685991572, 13.256924354745106 ], [ 75.851649107905899, 13.257133327676073 ], [ 75.851651060866416, 13.257211790806045 ], [ 75.851671849383649, 13.258539755985616 ], [ 75.851671792533949, 13.25855010074733 ], [ 75.851671801671685, 13.258550446070707 ], [ 75.851672194329723, 13.258550495643213 ], [ 75.851732314516894, 13.258556249424805 ], [ 75.851863601209573, 13.258568820914153 ], [ 75.85313127582377, 13.258690204917022 ], [ 75.853398405992735, 13.258681877082767 ], [ 75.853663328006064, 13.258673218204454 ], [ 75.854319608527206, 13.25873307316003 ], [ 75.854420812128154, 13.25872058124355 ], [ 75.855157295131974, 13.258629671914084 ], [ 75.855183456015183, 13.258626343666391 ], [ 75.855212271945689, 13.25858924897827 ], [ 75.85519080800448, 13.258541580873036 ], [ 75.855190825459687, 13.258541557306255 ], [ 75.855273141295854, 13.258476373124699 ], [ 75.855272212524099, 13.258474700911501 ], [ 75.855272228139569, 13.258474679159226 ], [ 75.855338323514005, 13.25842475744942 ], [ 75.855770913192828, 13.258082208988725 ], [ 75.856015403483511, 13.257904255749059 ], [ 75.856015429372235, 13.257904268320436 ], [ 75.856030160432695, 13.257912248567221 ], [ 75.856064652477343, 13.257888150049441 ], [ 75.856064679289091, 13.257888162617714 ], [ 75.85669311831488, 13.258234559972614 ], [ 75.856874931755883, 13.258331028164413 ], [ 75.856909057034855, 13.258349134597408 ], [ 75.856990936758436, 13.258296945648816 ], [ 75.856990963465776, 13.258296928379975 ], [ 75.857182566485506, 13.25816698830217 ], [ 75.857333678141529, 13.258064506195252 ], [ 75.85767817064567, 13.257744334978533 ], [ 75.857678195484681, 13.257744311386768 ], [ 75.857663720194509, 13.257273297806995 ], [ 75.857653118444233, 13.256928302378471 ], [ 75.857651465347388, 13.256874741548842 ], [ 75.857629415367526, 13.256846391192843 ], [ 75.857545660884, 13.256858193288899 ], [ 75.857297308921176, 13.256829542561508 ], [ 75.857291091923756, 13.256821248780595 ], [ 75.857251690514246, 13.256768713752175 ], [ 75.857071108938172, 13.256527927331151 ], [ 75.85528027115484, 13.255864686545324 ], [ 75.855280235103791, 13.25586467129545 ], [ 75.855286039383785, 13.255811676019301 ], [ 75.855330364218418, 13.255405604316334 ], [ 75.855369318134336, 13.255048721709549 ], [ 75.855369324481615, 13.255048689138384 ], [ 75.855478339997177, 13.254425130997282 ], [ 75.855589879875794, 13.25378715831523 ], [ 75.855648343773169, 13.25374500634743 ], [ 75.855648369591904, 13.253744999027521 ], [ 75.855785384223594, 13.253756364972663 ], [ 75.855889666901248, 13.25376505403386 ], [ 75.8559752974367, 13.253772179049406 ], [ 75.856547717354857, 13.253817441432112 ], [ 75.857025161806746, 13.253855185232988 ], [ 75.857370650308539, 13.253882520803552 ], [ 75.857675640597392, 13.253850525290146 ], [ 75.859354442071051, 13.253674382090619 ], [ 75.860317001240475, 13.253561381514103 ], [ 75.860316326902321, 13.253554399136258 ], [ 75.860275504930925, 13.253114454961862 ], [ 75.860244199120075, 13.252973101579512 ], [ 75.860185960295212, 13.252709679533615 ], [ 75.860185553582724, 13.252689678564431 ], [ 75.860177836319536, 13.252654870394256 ], [ 75.860172534853461, 13.252411957073068 ], [ 75.860172534758149, 13.25241192994852 ], [ 75.860181339136616, 13.252092439871701 ], [ 75.860127809815722, 13.251375025655173 ], [ 75.860117704596959, 13.251197884604059 ], [ 75.860104695580048, 13.250970278478091 ], [ 75.86010579173589, 13.250949416663072 ], [ 75.860107318570854, 13.250919781213641 ], [ 75.860128449019868, 13.2505181054999 ], [ 75.860144103736459, 13.250220340103708 ], [ 75.860145366319685, 13.250196129325611 ], [ 75.860075997410163, 13.249898738514908 ], [ 75.859994029704509, 13.249550875725124 ], [ 75.859986657148966, 13.24953550575797 ], [ 75.859864356713487, 13.249280553490802 ], [ 75.859860592355403, 13.249248306932124 ], [ 75.859850001420767, 13.249226412693222 ], [ 75.85979699839298, 13.24878469318852 ], [ 75.859779813289478, 13.248762416897156 ], [ 75.859744475370249, 13.248716599072768 ], [ 75.859647450970783, 13.248590790734371 ], [ 75.859651929412507, 13.248568506934062 ], [ 75.859631644293444, 13.248542543616413 ], [ 75.859640940773232, 13.248496036536849 ], [ 75.859657908033441, 13.248411086654114 ], [ 75.859658029344089, 13.248275262944402 ], [ 75.859652593448061, 13.248095295939722 ], [ 75.859653020035054, 13.248093765563828 ], [ 75.859768633520417, 13.24767333018848 ], [ 75.859799003456644, 13.247562895626324 ], [ 75.859818935741131, 13.247248306472819 ], [ 75.859838205114428, 13.24694418161225 ], [ 75.859828736053728, 13.246760361082718 ], [ 75.859823102574879, 13.246651106580362 ], [ 75.859834567701796, 13.246544366178153 ], [ 75.859846025053272, 13.246414886137238 ], [ 75.859632000072082, 13.245904077355142 ], [ 75.859647498662227, 13.245833890385484 ], [ 75.859639776727434, 13.24581534104462 ], [ 75.859628625405733, 13.245788552996478 ], [ 75.859651010016464, 13.245675869561444 ], [ 75.859662343501498, 13.24561886190398 ], [ 75.859740000826037, 13.245193015457694 ], [ 75.859746922382001, 13.245155188195133 ], [ 75.859793087995001, 13.244903300219379 ], [ 75.859850127351251, 13.244598627655588 ], [ 75.859887879983191, 13.244397519564103 ], [ 75.859877262097513, 13.244230817764661 ], [ 75.859882743430518, 13.244222342666143 ], [ 75.860056252729706, 13.243953990335186 ], [ 75.86046233244798, 13.243565597746871 ], [ 75.860464333190862, 13.243563684123952 ], [ 75.860464334944695, 13.243563657897313 ], [ 75.860469234544098, 13.243427931981698 ], [ 75.860688575860266, 13.243424754951677 ], [ 75.86077300533114, 13.243285453467044 ], [ 75.861090238148506, 13.243291067206219 ], [ 75.861177485050106, 13.243062194272166 ], [ 75.861751887766204, 13.243024084071923 ], [ 75.86208688093636, 13.243052003809099 ], [ 75.862182217256517, 13.243060136676933 ], [ 75.862411880657532, 13.243037828321155 ], [ 75.862604945215054, 13.242674653978881 ], [ 75.86286154946832, 13.242794077489458 ], [ 75.8628647202015, 13.24279555314742 ], [ 75.862811529932031, 13.242747900991887 ], [ 75.86280862729339, 13.242745307718492 ], [ 75.862433220902432, 13.24257801137102 ], [ 75.862023536534451, 13.242237206571421 ], [ 75.861058906339466, 13.24137083984315 ], [ 75.860903607425286, 13.24127859823705 ], [ 75.860903578743859, 13.241278578442177 ], [ 75.860949293178223, 13.241099200756143 ], [ 75.860896011742241, 13.241057494560335 ], [ 75.860858806336864, 13.241028372144989 ], [ 75.860858778568911, 13.241028349634544 ], [ 75.860897087593784, 13.240877453129205 ], [ 75.860912615653874, 13.240816287503993 ], [ 75.861213812076301, 13.241014532969446 ], [ 75.861217259905658, 13.241007603590909 ], [ 75.86131248667941, 13.240815703856732 ], [ 75.861411977101326, 13.240615320416623 ], [ 75.861452337533564, 13.240532964214902 ], [ 75.86152899756236, 13.240382765554438 ], [ 75.861532218926996, 13.240376006919032 ], [ 75.86156327708963, 13.240310803314078 ], [ 75.861592026884992, 13.240250578581602 ], [ 75.86160217392252, 13.240229322739662 ], [ 75.861617959297433, 13.240196249452527 ], [ 75.861657829103663, 13.240220871793994 ], [ 75.861663272531544, 13.240224231376919 ], [ 75.861883571004412, 13.240360196367151 ], [ 75.861941416801841, 13.24039594609202 ], [ 75.862012631098793, 13.240439923759631 ], [ 75.862332538450971, 13.240637479940913 ], [ 75.862405010899238, 13.240682249808161 ], [ 75.862444757170877, 13.240706868817224 ], [ 75.862674484671686, 13.24084916381169 ], [ 75.862780842502488, 13.2409150677962 ], [ 75.862994376935077, 13.241047381897319 ], [ 75.863103234333167, 13.241114863188791 ], [ 75.863321964934784, 13.241250455099884 ], [ 75.863424266332345, 13.241313902338671 ], [ 75.86365423145665, 13.241456526498448 ], [ 75.863737472773593, 13.241508155574033 ], [ 75.863783192057127, 13.241536511848953 ], [ 75.863871963938877, 13.241591576065737 ], [ 75.863932333947034, 13.241610385421769 ], [ 75.864218606746519, 13.241699579627767 ], [ 75.864285633815484, 13.241720388973951 ], [ 75.864914684595803, 13.241915685227909 ], [ 75.86582445842366, 13.242525833882114 ], [ 75.866151773909337, 13.24263758649643 ], [ 75.867158905323151, 13.24347144543508 ], [ 75.867523276401883, 13.243665362530541 ], [ 75.867548085539724, 13.243678564869322 ], [ 75.867715319113572, 13.243767559076057 ], [ 75.867887074514044, 13.243858918448582 ], [ 75.868031320946486, 13.243979214881675 ], [ 75.868084466866179, 13.244023571326263 ], [ 75.869214011274678, 13.244966309918423 ], [ 75.869247623375728, 13.24499443059088 ], [ 75.870232509781488, 13.245818415100056 ], [ 75.870825813959883, 13.246317343421225 ], [ 75.870954183628541, 13.246422914584301 ], [ 75.871002349845767, 13.24646250071922 ], [ 75.871045607162344, 13.246498052054974 ], [ 75.872041179621206, 13.247788811001081 ], [ 75.872139919371591, 13.247940864319188 ], [ 75.872557972128078, 13.248584636520787 ], [ 75.872876667619522, 13.249087144599455 ], [ 75.872876692636638, 13.249087171638664 ], [ 75.872970879408314, 13.249347701315029 ], [ 75.872993872643903, 13.249411300808507 ], [ 75.873071301768164, 13.249625473628283 ], [ 75.873167635824217, 13.249721111503744 ], [ 75.873208808602229, 13.249761986907057 ], [ 75.873245417652029, 13.249798331806538 ], [ 75.873383711971982, 13.250391302681273 ], [ 75.873387776240918, 13.250408730006042 ], [ 75.873612398265607, 13.251371848307468 ], [ 75.873622713682579, 13.251416077012621 ], [ 75.873785122344245, 13.252112435094718 ], [ 75.873881382757986, 13.252165614446929 ], [ 75.873911685582755, 13.252182355137112 ], [ 75.874439644932878, 13.252474026237806 ], [ 75.874532677385716, 13.252525775160334 ], [ 75.874585573973533, 13.252526355133341 ], [ 75.875040452123031, 13.252531343282607 ], [ 75.875228787172375, 13.252533942273383 ], [ 75.875242969344967, 13.252598293242771 ], [ 75.875670895009023, 13.254540028344577 ], [ 75.875671437306764, 13.254542487602917 ], [ 75.87571981322769, 13.254764370243965 ], [ 75.875738272284508, 13.254848921655933 ], [ 75.87581257406876, 13.255189250451711 ], [ 75.875820595202526, 13.255225922708824 ], [ 75.87583667647904, 13.255277149559806 ], [ 75.876046982975765, 13.255947076097284 ], [ 75.876173686909056, 13.256348194839477 ], [ 75.876177363421405, 13.25635983500397 ], [ 75.876376324791877, 13.256973128431284 ], [ 75.876638617880758, 13.25775639978143 ], [ 75.876856322583251, 13.258406506911442 ], [ 75.876850567510047, 13.258406759972464 ], [ 75.876882467420032, 13.258500312029923 ], [ 75.876908885250046, 13.25857782237126 ], [ 75.877248010972806, 13.259908305372791 ], [ 75.877281942789381, 13.260041425295734 ], [ 75.877394755608776, 13.260480344024847 ], [ 75.877435676025556, 13.260639550243788 ], [ 75.877485043079474, 13.260636606348415 ], [ 75.878222156628439, 13.260592647299346 ], [ 75.87831932735071, 13.26058477192135 ], [ 75.879257308422495, 13.260530946123593 ], [ 75.879396395060141, 13.260499757663824 ], [ 75.879822115805027, 13.260404296466302 ], [ 75.881222742608912, 13.260081657551421 ], [ 75.88184098224643, 13.259939242962989 ], [ 75.881883370831233, 13.259951624364733 ], [ 75.881973282690552, 13.259977886561503 ], [ 75.884776629566687, 13.260750566542011 ], [ 75.886041582197649, 13.261103569650446 ], [ 75.887319448352414, 13.261466430859137 ], [ 75.887320016206147, 13.26146673719998 ], [ 75.887414735570729, 13.261518510414072 ], [ 75.887449025036304, 13.261537252655382 ], [ 75.889995258771236, 13.262920092426677 ], [ 75.891407724333732, 13.2635882690257 ], [ 75.893045882001701, 13.264358031338721 ], [ 75.893283330826677, 13.263744792232007 ], [ 75.893283343666525, 13.263744769583164 ], [ 75.893491191903351, 13.263817980182226 ], [ 75.893968400939713, 13.263986067473894 ], [ 75.8952085559539, 13.264399886474438 ], [ 75.895824863134465, 13.264612531962438 ], [ 75.896535090278576, 13.264858960188942 ], [ 75.897747150603223, 13.265283665203155 ], [ 75.898350851062531, 13.265497522292314 ], [ 75.898955155263351, 13.26570661177354 ], [ 75.898955182067922, 13.265706621624686 ], [ 75.899561482744659, 13.265913924996605 ], [ 75.900167892891702, 13.266116606254528 ], [ 75.900652687073887, 13.265274970390418 ], [ 75.901069545063265, 13.264545357884119 ], [ 75.901123775751657, 13.264450439036795 ], [ 75.901417440709011, 13.263934045654215 ], [ 75.90169498921982, 13.263454725894182 ], [ 75.902420445907708, 13.262210662936804 ], [ 75.90286001430897, 13.261443310547595 ], [ 75.904268106681187, 13.258900774444971 ], [ 75.904336533180043, 13.258777219013409 ], [ 75.904406044122169, 13.258647659767409 ], [ 75.904477314148721, 13.258514822140322 ], [ 75.904821205176006, 13.257877580100113 ], [ 75.905098086904431, 13.257981641056455 ], [ 75.905195919624092, 13.258018420109519 ], [ 75.905547676934546, 13.258133748137283 ], [ 75.905627749745193, 13.258159982569806 ], [ 75.906119577218149, 13.258326926724591 ], [ 75.906616390943896, 13.258503698371351 ], [ 75.90694263158386, 13.258610764358599 ], [ 75.907113008960962, 13.258686009435859 ], [ 75.907099839263537, 13.258762065642047 ], [ 75.907122935802946, 13.258772096358054 ], [ 75.907063347685053, 13.259097566855074 ], [ 75.907062448760072, 13.259102572722488 ], [ 75.907116806705659, 13.259129311321256 ], [ 75.91012073476098, 13.260810029663773 ], [ 75.910950901483687, 13.260725018829993 ], [ 75.911224636175689, 13.2605476952179 ], [ 75.911496032785195, 13.260355103167493 ], [ 75.912005411943539, 13.260270211144178 ], [ 75.912081421445777, 13.260351521645939 ], [ 75.912297600664445, 13.260582881591379 ], [ 75.912592824281106, 13.260898811098746 ], [ 75.912823053306852, 13.260924591569212 ], [ 75.912852530243342, 13.260898502580904 ], [ 75.912852569020018, 13.260898505154538 ], [ 75.912944227314156, 13.260905679618894 ], [ 75.913084454640099, 13.260916655670364 ], [ 75.913130662024571, 13.260920311129565 ], [ 75.913216251725899, 13.26100068723064 ], [ 75.913261848149816, 13.261039789421432 ], [ 75.913261975923987, 13.26103989565344 ], [ 75.913555577692165, 13.261291803268843 ], [ 75.913555604523737, 13.261291820351554 ], [ 75.914021068699256, 13.261461591581128 ], [ 75.914021103817745, 13.261461603209193 ], [ 75.914397992850851, 13.261593804651934 ], [ 75.914503500382864, 13.261598718220757 ], [ 75.915075849726776, 13.261646123425097 ], [ 75.91531715481598, 13.261670965075826 ], [ 75.915316824716783, 13.261622959387491 ], [ 75.915316817207497, 13.261622925960928 ], [ 75.915354792802816, 13.261572353569296 ], [ 75.91535508093726, 13.26154215564252 ], [ 75.915355074354352, 13.261542123116778 ], [ 75.915493962549547, 13.261387019585738 ], [ 75.916124636805066, 13.260547140270818 ] ], [ [ 75.803666345310816, 13.180194229578456 ], [ 75.803776538733558, 13.180202157430827 ], [ 75.803961910360741, 13.180215532305127 ], [ 75.804481255850362, 13.180250324704732 ], [ 75.804857008821912, 13.180405232115012 ], [ 75.805044684566951, 13.180482339028929 ], [ 75.805998446197165, 13.180854223301687 ], [ 75.807756306857826, 13.180770709971711 ], [ 75.807805233434038, 13.180768385811094 ], [ 75.810161412452757, 13.180723326549007 ], [ 75.810450712147784, 13.180718353468615 ], [ 75.810445677765415, 13.180730832503876 ], [ 75.810467369527274, 13.180730395096438 ], [ 75.810238340510523, 13.181300508385531 ], [ 75.810043623797171, 13.182246916739933 ], [ 75.809960905655274, 13.182876270356438 ], [ 75.809948655862712, 13.183124389110064 ], [ 75.80994713173618, 13.183155317695649 ], [ 75.809939258758234, 13.183314597137244 ], [ 75.809930699187177, 13.183486478457825 ], [ 75.810305244427568, 13.184786494537899 ], [ 75.810396991394015, 13.185114239075254 ], [ 75.810425635462437, 13.185238277570644 ], [ 75.810564267655607, 13.185772543341166 ], [ 75.81069681960588, 13.186282197527355 ], [ 75.81078225707823, 13.186657444506832 ], [ 75.810877139350737, 13.18706545902818 ], [ 75.810887020099642, 13.187107940357645 ], [ 75.810989812169538, 13.187930555310205 ], [ 75.811043147384964, 13.188356593778172 ], [ 75.811271429799604, 13.189377767229358 ], [ 75.811338127488497, 13.190349053170225 ], [ 75.81169750378433, 13.191124481474764 ], [ 75.813274562048676, 13.191909990115139 ], [ 75.813281789363586, 13.191913589677169 ], [ 75.814356206796731, 13.191572475931315 ], [ 75.814717594969679, 13.191457735443192 ], [ 75.816411994910752, 13.190936799280035 ], [ 75.817044137631655, 13.190729840322716 ], [ 75.818268773790351, 13.190323840310294 ], [ 75.818925108193497, 13.19005998126009 ], [ 75.818961474868331, 13.190045268032359 ], [ 75.818973650646598, 13.190059023357717 ], [ 75.818984863545879, 13.190054664515012 ], [ 75.819023155485468, 13.190039779661399 ], [ 75.819045818373439, 13.190063166046352 ], [ 75.819449835419732, 13.190480062474709 ], [ 75.819476005727182, 13.190461103258741 ], [ 75.819518167656994, 13.19049072548462 ], [ 75.819530627653393, 13.190482079930774 ], [ 75.81957394621665, 13.190452023136634 ], [ 75.819664856114997, 13.190511931407956 ], [ 75.820111094933551, 13.19080598970247 ], [ 75.820408556466461, 13.190898386265042 ], [ 75.820425769428994, 13.190903733595308 ], [ 75.820919756086212, 13.190968712234946 ], [ 75.820893372849085, 13.191267930272195 ], [ 75.821164008750813, 13.191303878337358 ], [ 75.821260216566202, 13.191316657911264 ], [ 75.821201868704279, 13.191385692389787 ], [ 75.821090741974558, 13.191517152032365 ], [ 75.821099796102644, 13.191535050989728 ], [ 75.821132027580646, 13.191598767951106 ], [ 75.821353052467558, 13.192020326166437 ], [ 75.820984642329805, 13.192227250045908 ], [ 75.820810519419283, 13.19289220623522 ], [ 75.820970191816201, 13.193535320349026 ], [ 75.820854013057399, 13.1940199648414 ], [ 75.820783055037538, 13.194865568140976 ], [ 75.82043653536644, 13.195417374696881 ], [ 75.819640479022496, 13.196272689085244 ], [ 75.819343555146446, 13.196591709609546 ], [ 75.819087137860009, 13.196677444402859 ], [ 75.818936042997066, 13.196811984102045 ], [ 75.817566695481972, 13.198011803651756 ], [ 75.817209278985544, 13.198185246674418 ], [ 75.816823411655619, 13.19797286634674 ], [ 75.81643784785399, 13.19762687538514 ], [ 75.816211317473233, 13.197303503089691 ], [ 75.81588311487387, 13.1968349934555 ], [ 75.815588039299868, 13.196556183219418 ], [ 75.814724474161352, 13.196543160070407 ], [ 75.813893811353935, 13.196530632538476 ], [ 75.813156376735861, 13.196519508907736 ], [ 75.81267941302734, 13.196405068489772 ], [ 75.812368173613123, 13.196350750099199 ], [ 75.812113694564175, 13.196264878587684 ], [ 75.811707886067623, 13.196204954607868 ], [ 75.811239964678236, 13.196266598223135 ], [ 75.811006870558657, 13.196262076789889 ], [ 75.810748802632688, 13.196181164387999 ], [ 75.810571099794046, 13.195979524043363 ], [ 75.810457429350834, 13.195889240052963 ], [ 75.810111778550876, 13.195579976728933 ], [ 75.809783278356235, 13.195354907125393 ], [ 75.809276788973619, 13.195130682458785 ], [ 75.808898781600661, 13.195039908089283 ], [ 75.808397950387416, 13.195075365030291 ], [ 75.807891876945021, 13.195131450055376 ], [ 75.807039895869337, 13.19508043392587 ], [ 75.806351464081715, 13.194952917622818 ], [ 75.806107398855048, 13.194663194820075 ], [ 75.805980227964611, 13.194519051862819 ], [ 75.805685072481765, 13.193958202228686 ], [ 75.805579691020142, 13.193436746349912 ], [ 75.805591994242704, 13.193003588529759 ], [ 75.805636889362432, 13.191904046058253 ], [ 75.805468740065834, 13.191364223678409 ], [ 75.805135122928149, 13.191176445687574 ], [ 75.804684195819661, 13.191300301339503 ], [ 75.80415363138026, 13.191516375679582 ], [ 75.802681725834219, 13.192124076138622 ], [ 75.801813012898862, 13.192350135561854 ], [ 75.800645335351788, 13.192264022189963 ], [ 75.800642888354247, 13.192263074557474 ], [ 75.800543471959756, 13.192255766166504 ], [ 75.799845328370395, 13.19198447595322 ], [ 75.799666239008417, 13.191600236353848 ], [ 75.799456381569641, 13.19079059502681 ], [ 75.799013337168319, 13.190094542961274 ], [ 75.798360739987572, 13.189686485005716 ], [ 75.797896309044802, 13.189586384677286 ], [ 75.797386123710808, 13.189682823857964 ], [ 75.796199677195901, 13.190040734408853 ], [ 75.795487876460385, 13.190139767379707 ], [ 75.795456329748916, 13.19012371738601 ], [ 75.795424119955015, 13.190127946939688 ], [ 75.794853136574332, 13.189815435728626 ], [ 75.794642390857987, 13.189389624718356 ], [ 75.794622611269162, 13.188798263710252 ], [ 75.794637146365758, 13.188471517592719 ], [ 75.794615696574056, 13.188033255682686 ], [ 75.794605674531795, 13.1878284474663 ], [ 75.794473306562324, 13.187203732814137 ], [ 75.794196267673072, 13.186900219216168 ], [ 75.794196810613343, 13.18688730450206 ], [ 75.794137742795286, 13.186823346315157 ], [ 75.794156079676029, 13.186496377694072 ], [ 75.794227150292485, 13.186152320319044 ], [ 75.794376899187924, 13.185963337386486 ], [ 75.79459670044902, 13.185860570528186 ], [ 75.794870863684849, 13.185573249968932 ], [ 75.795366294693068, 13.18451527268739 ], [ 75.79538600307788, 13.184482149284786 ], [ 75.795416669738614, 13.184127657087823 ], [ 75.79540694968621, 13.183959572115805 ], [ 75.795686431375884, 13.183927975338881 ], [ 75.7963171254938, 13.183872536562106 ], [ 75.796684793257029, 13.183550408521807 ], [ 75.796830186429389, 13.183564776161985 ], [ 75.797024317853442, 13.183583960666741 ], [ 75.797058549564596, 13.183583703241313 ], [ 75.797755022763724, 13.183578471892918 ], [ 75.798072334027481, 13.183572375823317 ], [ 75.798168451535389, 13.183443161033173 ], [ 75.79818733269758, 13.183442573299239 ], [ 75.798191401250961, 13.183437115665324 ], [ 75.798345123796011, 13.183431176665628 ], [ 75.799066214352237, 13.183406239539247 ], [ 75.799101746621432, 13.183315547369419 ], [ 75.799127802050336, 13.18331604315453 ], [ 75.799132443264853, 13.183304228105444 ], [ 75.799439627075898, 13.183309863712331 ], [ 75.799529154974877, 13.183263149435197 ], [ 75.799547236062267, 13.183259517126045 ], [ 75.799563807899787, 13.183250831322825 ], [ 75.800144202795863, 13.183133715062922 ], [ 75.800602426195312, 13.183112870889675 ], [ 75.801250405965646, 13.183084178161311 ], [ 75.802130551037862, 13.182667486969303 ], [ 75.802152022765824, 13.182667132741022 ], [ 75.802184501170814, 13.182651727412999 ], [ 75.802230978065765, 13.182651057669689 ], [ 75.802395924617556, 13.182179504842695 ], [ 75.802689380763638, 13.181522739188583 ], [ 75.803106218280817, 13.180665511033494 ], [ 75.803619004146967, 13.180206763389135 ], [ 75.803650020672123, 13.180208718123092 ], [ 75.803666345310816, 13.180194229578456 ] ], [ [ 75.916961689264937, 13.256313852187107 ], [ 75.916581618002979, 13.256255227104351 ], [ 75.91641590285505, 13.255848424552152 ], [ 75.916163866498664, 13.255747961240445 ], [ 75.91600853624351, 13.255669912354229 ], [ 75.915900957506281, 13.255665055512353 ], [ 75.915690593449753, 13.25571215029303 ], [ 75.915421512913852, 13.255711781635455 ], [ 75.915237499997204, 13.255809337915863 ], [ 75.915303332005578, 13.255908430675614 ], [ 75.915201840561465, 13.256124534954079 ], [ 75.915071334352504, 13.256087894184864 ], [ 75.914965034098529, 13.255970536237671 ], [ 75.914940038338344, 13.255881452313179 ], [ 75.914878904951294, 13.255666652096085 ], [ 75.914866080929627, 13.255514107425221 ], [ 75.915328065943982, 13.25541584880491 ], [ 75.915549222542552, 13.255407004529678 ], [ 75.915881074274665, 13.255445570433109 ], [ 75.916216045387444, 13.25541201785714 ], [ 75.916299120996442, 13.255539894393131 ], [ 75.916676374276022, 13.255582551970257 ], [ 75.916994888595056, 13.255618569421776 ], [ 75.917188355398167, 13.25547581928333 ], [ 75.917398396756511, 13.255353863603132 ], [ 75.917739369396529, 13.255411063143814 ], [ 75.917684457552099, 13.255642330524461 ], [ 75.917510041248846, 13.255739885504543 ], [ 75.917271661155667, 13.256017390889481 ], [ 75.916961689264937, 13.256313852187107 ] ] ], [ [ [ 75.78998203519275, 13.150001167370108 ], [ 75.789981822058166, 13.149993798836658 ], [ 75.789940309473849, 13.149993956142273 ], [ 75.78998203519275, 13.150001167370108 ] ] ] ] } },
{ "type": "Feature", "properties": { "OBJECTID": 984, "KGISHobliID": 66, "KGISHobliCode": "230210", "KGISHobliName": "Arehalli", "BhuCodeHobli": null, "SHAPE.STArea()": 2641894.9005915448, "SHAPE.STLength()": 8942.3514574517412, "KGISTalukCode": "2302", "created_user": null, "created_date": null, "last_edited_user": null, "last_edited_date": null, "_overlap_percent": 0.27093177230303878, "_police_station": "Belur PS", "_police_feature_index": "437", "_admin_layer": "Hobli", "_geometry_clipped": true }, "geometry": { "type": "MultiPolygon", "coordinates": [ [ [ [ 75.806351464081715, 13.194952917622818 ], [ 75.807039895869337, 13.19508043392587 ], [ 75.807891876945021, 13.195131450055376 ], [ 75.808397950387416, 13.195075365030291 ], [ 75.808898781600661, 13.195039908089283 ], [ 75.809276788973619, 13.195130682458785 ], [ 75.809783278356235, 13.195354907125393 ], [ 75.810111778550876, 13.195579976728933 ], [ 75.810457429350834, 13.195889240052963 ], [ 75.810571099794046, 13.195979524043363 ], [ 75.810748802632688, 13.196181164387999 ], [ 75.811006870558657, 13.196262076789889 ], [ 75.811239964678236, 13.196266598223135 ], [ 75.811707886067623, 13.196204954607868 ], [ 75.812113694564175, 13.196264878587684 ], [ 75.812102395752063, 13.196261065912028 ], [ 75.811697837184454, 13.196195866932792 ], [ 75.811243773376177, 13.196253817383594 ], [ 75.811019551332592, 13.196247964038788 ], [ 75.810773630262389, 13.196167043037423 ], [ 75.81060650808908, 13.195967304163302 ], [ 75.810498033309528, 13.195877667414024 ], [ 75.810159943322802, 13.195565702061957 ], [ 75.809832248853283, 13.195336751960729 ], [ 75.809324569725149, 13.195107402659984 ], [ 75.808943629496881, 13.19501319542092 ], [ 75.808435353703615, 13.195043193013277 ], [ 75.807916440403901, 13.195093915244172 ], [ 75.807037788705145, 13.195040097989123 ], [ 75.806328706765441, 13.19491403820536 ], [ 75.806107398855048, 13.194663194820075 ], [ 75.806351464081715, 13.194952917622818 ] ] ], [ [ [ 75.800645335351788, 13.192264022189963 ], [ 75.801813012898862, 13.192350135561854 ], [ 75.802681725834219, 13.192124076138622 ], [ 75.80415363138026, 13.191516375679582 ], [ 75.804684195819661, 13.191300301339503 ], [ 75.805135122928149, 13.191176445687574 ], [ 75.805098658243821, 13.19115592136677 ], [ 75.804600737408578, 13.19128967622526 ], [ 75.804060272346163, 13.191506324876274 ], [ 75.802576604456419, 13.192115079759073 ], [ 75.801707899559347, 13.192341366657217 ], [ 75.800642888354247, 13.192263074557474 ], [ 75.800645335351788, 13.192264022189963 ] ] ], [ [ [ 75.795487876460385, 13.190139767379707 ], [ 75.796199677195901, 13.190040734408853 ], [ 75.797386123710808, 13.189682823857964 ], [ 75.797896309044802, 13.189586384677286 ], [ 75.798360739987572, 13.189686485005716 ], [ 75.798347306326463, 13.189678085165124 ], [ 75.797807619500276, 13.189562757927206 ], [ 75.797299181564199, 13.189665351668474 ], [ 75.796123106370473, 13.190036161174969 ], [ 75.795456329748916, 13.19012371738601 ], [ 75.795487876460385, 13.190139767379707 ] ] ], [ [ [ 75.794196267673072, 13.186900219216168 ], [ 75.794473306562324, 13.187203732814137 ], [ 75.794468620882782, 13.187181618607212 ], [ 75.794196810613343, 13.18688730450206 ], [ 75.794196267673072, 13.186900219216168 ] ] ], [ [ [ 75.797755022763724, 13.183578471892918 ], [ 75.798069556800854, 13.183576109365355 ], [ 75.798072334027481, 13.183572375823317 ], [ 75.797755022763724, 13.183578471892918 ] ] ], [ [ [ 75.798345123796011, 13.183431176665628 ], [ 75.798191401250961, 13.183437115665324 ], [ 75.79818733269758, 13.183442573299239 ], [ 75.798321244089763, 13.183438404897494 ], [ 75.799062653984322, 13.183415326982814 ], [ 75.799066214352237, 13.183406239539247 ], [ 75.798345123796011, 13.183431176665628 ] ] ], [ [ [ 75.799132443264853, 13.183304228105444 ], [ 75.799127802050336, 13.18331604315453 ], [ 75.799417229528188, 13.183321550407348 ], [ 75.799439627075898, 13.183309863712331 ], [ 75.799132443264853, 13.183304228105444 ] ] ], [ [ [ 75.800602426195312, 13.183112870889675 ], [ 75.800144202795863, 13.183133715062922 ], [ 75.799563807899787, 13.183250831322825 ], [ 75.799547236062267, 13.183259517126045 ], [ 75.800104382930911, 13.183147591906845 ], [ 75.800558743111111, 13.18312656637239 ], [ 75.801226108037213, 13.183095681643044 ], [ 75.801250405965646, 13.183084178161311 ], [ 75.800602426195312, 13.183112870889675 ] ] ], [ [ [ 75.802184501170814, 13.182651727412999 ], [ 75.802152022765824, 13.182667132741022 ], [ 75.802225780731078, 13.182665915924318 ], [ 75.802230978065765, 13.182651057669689 ], [ 75.802184501170814, 13.182651727412999 ] ] ], [ [ [ 75.805044684566951, 13.180482339028929 ], [ 75.804857008821912, 13.180405232115012 ], [ 75.804481255850362, 13.180250324704732 ], [ 75.803961910360741, 13.180215532305127 ], [ 75.803776538733558, 13.180202157430827 ], [ 75.803666345310816, 13.180194229578456 ], [ 75.803650020672123, 13.180208718123092 ], [ 75.80372897101428, 13.180213693758306 ], [ 75.803913957795672, 13.180225351933519 ], [ 75.804432251975356, 13.180254962262836 ], [ 75.80480610499994, 13.180407331350828 ], [ 75.80499282978856, 13.180483434033299 ], [ 75.805957562483584, 13.180856165625752 ], [ 75.805998446197165, 13.180854223301687 ], [ 75.805044684566951, 13.180482339028929 ] ] ], [ [ [ 75.81069681960588, 13.186282197527355 ], [ 75.810564267655607, 13.185772543341166 ], [ 75.810425635462437, 13.185238277570644 ], [ 75.810396991394015, 13.185114239075254 ], [ 75.810305244427568, 13.184786494537899 ], [ 75.809930699187177, 13.183486478457825 ], [ 75.809939258758234, 13.183314597137244 ], [ 75.80994713173618, 13.183155317695649 ], [ 75.809948655862712, 13.183124389110064 ], [ 75.809960905655274, 13.182876270356438 ], [ 75.810043623797171, 13.182246916739933 ], [ 75.810238340510523, 13.181300508385531 ], [ 75.810467369527274, 13.180730395096438 ], [ 75.810445677765415, 13.180730832503876 ], [ 75.810219441047678, 13.181291619463039 ], [ 75.810022872072153, 13.182243286025953 ], [ 75.809940029870219, 13.182875615678533 ], [ 75.809928097074618, 13.183124731642684 ], [ 75.809926622231828, 13.183155775807299 ], [ 75.80991903717225, 13.183315625779496 ], [ 75.809910856838187, 13.183488067396203 ], [ 75.810293341417747, 13.184789484302073 ], [ 75.810387406397439, 13.185116962921517 ], [ 75.810416915519184, 13.185240851302392 ], [ 75.810559313980974, 13.185774142220025 ], [ 75.810695132898601, 13.186282791481482 ], [ 75.81078225707823, 13.186657444506832 ], [ 75.81069681960588, 13.186282197527355 ] ] ], [ [ [ 75.818961474868331, 13.190045268032359 ], [ 75.818925108193497, 13.19005998126009 ], [ 75.818268773790351, 13.190323840310294 ], [ 75.817044137631655, 13.190729840322716 ], [ 75.816411994910752, 13.190936799280035 ], [ 75.814717594969679, 13.191457735443192 ], [ 75.814356206796731, 13.191572475931315 ], [ 75.813281789363586, 13.191913589677169 ], [ 75.813284301501227, 13.191914840846566 ], [ 75.814364840690573, 13.191571174505674 ], [ 75.814724778177634, 13.191456694500294 ], [ 75.816413180158847, 13.19093663998536 ], [ 75.817047975258333, 13.190729494445057 ], [ 75.818299440717098, 13.190321112132423 ], [ 75.818973650646598, 13.190059023357717 ], [ 75.818961474868331, 13.190045268032359 ] ] ], [ [ [ 75.819476005727182, 13.190461103258741 ], [ 75.819449835419732, 13.190480062474709 ], [ 75.819483488369713, 13.190514788223973 ], [ 75.819518167656994, 13.19049072548462 ], [ 75.819476005727182, 13.190461103258741 ] ] ] ] } },
{ "type": "Feature", "properties": { "OBJECTID": 812, "KGISHobliID": 540, "KGISHobliCode": "170701", "KGISHobliName": "Kasaba", "BhuCodeHobli": null, "SHAPE.STArea()": 125746052.32306097, "SHAPE.STLength()": 78138.628586949431, "KGISTalukCode": "1707", "created_user": null, "created_date": null, "last_edited_user": "SURESHBV1", "last_edited_date": 1669708743000.0, "_overlap_percent": 0.02776529752246925, "_police_station": "Belur PS", "_police_feature_index": "437", "_admin_layer": "Hobli", "_geometry_clipped": true }, "geometry": { "type": "MultiPolygon", "coordinates": [ [ [ [ 75.746525021836774, 13.148623700322865 ], [ 75.746542912777088, 13.148599618545623 ], [ 75.746556981074718, 13.148580673736298 ], [ 75.746621475761415, 13.148493876536874 ], [ 75.746735930063579, 13.148475305549045 ], [ 75.746769430277695, 13.148469863530456 ], [ 75.746912516538075, 13.148213083981897 ], [ 75.746915756775877, 13.148207269652543 ], [ 75.746966998550462, 13.148115310882558 ], [ 75.747155607681961, 13.147776673512324 ], [ 75.747156150012643, 13.147775699929365 ], [ 75.747182939775072, 13.147727579616621 ], [ 75.747893562950381, 13.147183484983033 ], [ 75.748185240970997, 13.146960201281672 ], [ 75.748202993663909, 13.146946610236157 ], [ 75.748251819546596, 13.146909231673005 ], [ 75.748289623398307, 13.146880291461194 ], [ 75.748328828555216, 13.146841862192286 ], [ 75.748405780791813, 13.146766431985631 ], [ 75.748511576372834, 13.146662734106039 ], [ 75.748528590788496, 13.146646056470509 ], [ 75.748746392689782, 13.146454137621427 ], [ 75.748776466637864, 13.146427637669191 ], [ 75.748886390271991, 13.146330798575587 ], [ 75.748929316231099, 13.146292983178496 ], [ 75.749175754423234, 13.145899913635237 ], [ 75.749243776178346, 13.145791406769646 ], [ 75.749269071185836, 13.14575105581903 ], [ 75.749429103720885, 13.145495753715892 ], [ 75.749528968498893, 13.145496255522115 ], [ 75.749968963554196, 13.145498686611294 ], [ 75.750644739842983, 13.145567401089837 ], [ 75.750852047104317, 13.145588479948191 ], [ 75.750926022724045, 13.145683533982714 ], [ 75.751093337808896, 13.145898668569304 ], [ 75.751251335089393, 13.14610182260081 ], [ 75.751592555605427, 13.145780654591361 ], [ 75.751601676984677, 13.145772069214988 ], [ 75.751587549525084, 13.145695525152489 ], [ 75.751593403496301, 13.145419098566194 ], [ 75.751583409352918, 13.145403859613021 ], [ 75.751581311248046, 13.145405963471308 ], [ 75.751116419656526, 13.14587183344198 ], [ 75.750790754238764, 13.145453468793541 ], [ 75.750716811221409, 13.145358476102045 ], [ 75.749849656898547, 13.145288482795252 ], [ 75.749418945711284, 13.145296703825315 ], [ 75.749321316334473, 13.145298568055166 ], [ 75.749167210210913, 13.145562203937059 ], [ 75.749077371675767, 13.145715900762321 ], [ 75.748840169773104, 13.146121694219939 ], [ 75.748691896406143, 13.146262411495956 ], [ 75.748662721038187, 13.146290105066562 ], [ 75.748451415844968, 13.146490676125262 ], [ 75.748332388390168, 13.146616133902979 ], [ 75.748257803150835, 13.146694748993808 ], [ 75.748219803267446, 13.14673480138428 ], [ 75.748183073100591, 13.146765174316737 ], [ 75.748118385288834, 13.146818668332415 ], [ 75.747834971701309, 13.147053020535246 ], [ 75.747144354687947, 13.147624087662031 ], [ 75.747118609099047, 13.147673648930216 ], [ 75.746936904513674, 13.148023407661887 ], [ 75.746747216178335, 13.148388523671683 ], [ 75.746714418202785, 13.148394913952338 ], [ 75.746602363373626, 13.148416726720273 ], [ 75.746540111460362, 13.148506517509025 ], [ 75.746526532291313, 13.148526114627433 ], [ 75.746509264800451, 13.148551026449192 ], [ 75.746275887738946, 13.148887833115852 ], [ 75.746268592884675, 13.148898360106573 ], [ 75.746300319983902, 13.148921338434022 ], [ 75.746302692409074, 13.148923056283826 ], [ 75.746525021836774, 13.148623700322865 ] ] ], [ [ [ 75.745030430548482, 13.150080989405099 ], [ 75.745161640955445, 13.150077084415869 ], [ 75.745286599181355, 13.150000658677101 ], [ 75.745329874445659, 13.149974239256476 ], [ 75.745352514094435, 13.149960428062043 ], [ 75.745400686148272, 13.149931063940222 ], [ 75.74581742966204, 13.149680716390177 ], [ 75.746232743218812, 13.149355938362659 ], [ 75.74627954073452, 13.149319391559157 ], [ 75.746384060821612, 13.149199652387511 ], [ 75.746453586353866, 13.149120002716593 ], [ 75.746461185690137, 13.149111310346223 ], [ 75.746466126864448, 13.149105657452521 ], [ 75.746469625416054, 13.149101657995269 ], [ 75.746430250864478, 13.149072785637689 ], [ 75.74627515846727, 13.149261812678247 ], [ 75.746229592127406, 13.149300005151812 ], [ 75.745824993216402, 13.149639103411264 ], [ 75.745417999190067, 13.149902531667557 ], [ 75.745370886042181, 13.149933324961236 ], [ 75.745348739251767, 13.149947801117243 ], [ 75.745306395057924, 13.14997548099681 ], [ 75.745184054038944, 13.150055456246875 ], [ 75.745056391314932, 13.150063979520809 ], [ 75.744891003723936, 13.150075026281854 ], [ 75.744882285186577, 13.150085298367612 ], [ 75.745030430548482, 13.150080989405099 ] ] ], [ [ [ 75.734334989146589, 13.160016846637351 ], [ 75.734308457978699, 13.160016228088182 ], [ 75.734032675747372, 13.160100422076278 ], [ 75.734014718568389, 13.160114901771992 ], [ 75.734334989146589, 13.160016846637351 ] ] ], [ [ [ 75.730536885339689, 13.168737549696354 ], [ 75.730116481622417, 13.168442315227663 ], [ 75.730233576477204, 13.168371120420522 ], [ 75.730216590063748, 13.168344292500082 ], [ 75.730183237451769, 13.168291617749047 ], [ 75.730024028189916, 13.168039226466085 ], [ 75.730213198707418, 13.167935278388194 ], [ 75.730089628583059, 13.167577932711332 ], [ 75.730034955964314, 13.165604399514125 ], [ 75.730370714973006, 13.163569945790778 ], [ 75.730601360816465, 13.163273208856818 ], [ 75.730483464395064, 13.163406581655034 ], [ 75.7302851408799, 13.163414087371342 ], [ 75.729550236474282, 13.165181600321175 ], [ 75.729605851025127, 13.16576406325389 ], [ 75.729659204316974, 13.166322824599774 ], [ 75.729816185640757, 13.167966570655979 ], [ 75.729976545905487, 13.16822260270899 ], [ 75.730118246722085, 13.168448836675987 ], [ 75.730539026167349, 13.168742846380601 ], [ 75.730536885339689, 13.168737549696354 ] ] ], [ [ [ 75.729080851668442, 13.176637832751947 ], [ 75.729124982519522, 13.176412958309552 ], [ 75.729125911105143, 13.176409943802046 ], [ 75.729164487277231, 13.176284912603942 ], [ 75.729207051732061, 13.176146864146087 ], [ 75.729559923465558, 13.175529815772499 ], [ 75.729629699072333, 13.17541132984242 ], [ 75.729687926480025, 13.175312459763846 ], [ 75.72977030702414, 13.175172622491427 ], [ 75.729802384655699, 13.175118171816937 ], [ 75.729688966195951, 13.175310207173398 ], [ 75.729630692087298, 13.175408886600238 ], [ 75.7295608539835, 13.175527144851596 ], [ 75.729207670835706, 13.176143104558683 ], [ 75.729165078121412, 13.176280957791228 ], [ 75.729126479274385, 13.176405810023597 ], [ 75.729125549752695, 13.17640882001279 ], [ 75.729081391243838, 13.176633390724957 ], [ 75.729017716158452, 13.176957268390549 ], [ 75.729017450068341, 13.176960964518432 ], [ 75.729080851668442, 13.176637832751947 ] ] ], [ [ [ 75.728967765072795, 13.177651114544284 ], [ 75.728953031728608, 13.177855768238166 ], [ 75.728953044755968, 13.177856200690078 ], [ 75.728967765072795, 13.177651114544284 ] ] ], [ [ [ 75.728141390692997, 13.182462826075904 ], [ 75.728141418375841, 13.182462825997284 ], [ 75.72814432689772, 13.182463122450068 ], [ 75.728152505658329, 13.182451979455893 ], [ 75.728177688034364, 13.182417668857081 ], [ 75.728374673477589, 13.182172588394348 ], [ 75.728541474835467, 13.181965238735954 ], [ 75.728817106811718, 13.181622873883821 ], [ 75.728823822078411, 13.181614559729216 ], [ 75.728824878370077, 13.181607297865378 ], [ 75.728836297647419, 13.181528769699653 ], [ 75.728929142914794, 13.180890285659634 ], [ 75.72894971176089, 13.180748947930827 ], [ 75.728960582986005, 13.180611873009116 ], [ 75.728979430183756, 13.180374320468498 ], [ 75.728985522086603, 13.180369901538212 ], [ 75.729011479884988, 13.180351071161294 ], [ 75.729016546955137, 13.180347395678007 ], [ 75.729052049570058, 13.180321636455623 ], [ 75.729081066188812, 13.18030058391089 ], [ 75.729163703698205, 13.180240651402844 ], [ 75.729162716762801, 13.180232002309657 ], [ 75.729080912345154, 13.180291010752455 ], [ 75.729016339869048, 13.180337603856099 ], [ 75.728985288848676, 13.180360003095798 ], [ 75.7289791922707, 13.180364401242921 ], [ 75.728960251351936, 13.180601465785877 ], [ 75.728949324816881, 13.180738247906355 ], [ 75.728928690390433, 13.180879252174432 ], [ 75.728822990278971, 13.181601649313526 ], [ 75.728816264747138, 13.181609924616964 ], [ 75.728540146101722, 13.181950600913988 ], [ 75.72837298527061, 13.182156837626717 ], [ 75.728175501966476, 13.182400501727198 ], [ 75.728142044078112, 13.182445689761883 ], [ 75.728135677100383, 13.182462257179596 ], [ 75.728141390692997, 13.182462826075904 ] ] ] ] } },
{ "type": "Feature", "properties": { "OBJECTID": 978, "KGISHobliID": 1330, "KGISHobliCode": "230206", "KGISHobliName": "Kasaba", "BhuCodeHobli": null, "SHAPE.STArea()": 2349706.7716470952, "SHAPE.STLength()": 6822.3009733746539, "KGISTalukCode": "2302", "created_user": null, "created_date": null, "last_edited_user": null, "last_edited_date": null, "_overlap_percent": 98.82861760450443, "_police_station": "Belur PS", "_police_feature_index": "437", "_admin_layer": "Hobli", "_geometry_clipped": true }, "geometry": { "type": "Polygon", "coordinates": [ [ [ 75.756748281499497, 13.162166395177229 ], [ 75.756749889606667, 13.162164829489335 ], [ 75.756786007853663, 13.162114529096078 ], [ 75.757053341899066, 13.161867562832699 ], [ 75.757418417997869, 13.161827172904141 ], [ 75.757698547265022, 13.162075455889166 ], [ 75.757936838755398, 13.162213589873753 ], [ 75.758145046627547, 13.162202090817683 ], [ 75.75854221548262, 13.161860475876244 ], [ 75.758681890664135, 13.161741693120382 ], [ 75.758970859639007, 13.161494545307683 ], [ 75.759184944366666, 13.161369502358472 ], [ 75.760248636590831, 13.161358124293356 ], [ 75.761159531882043, 13.160996665386294 ], [ 75.761490858659215, 13.160495861236258 ], [ 75.761646744086647, 13.160329752938408 ], [ 75.761829965767745, 13.160078610470309 ], [ 75.76267560485239, 13.160247894230931 ], [ 75.762865688371136, 13.160285944761824 ], [ 75.763252126005924, 13.160363300374421 ], [ 75.763521537658875, 13.160384765459103 ], [ 75.763573988910608, 13.160349713901004 ], [ 75.764996221541978, 13.159393553095082 ], [ 75.765265124910812, 13.159108313424351 ], [ 75.76521587262674, 13.158859738016442 ], [ 75.765094279586435, 13.158565175922796 ], [ 75.764639231964622, 13.157399612389646 ], [ 75.764300221317313, 13.156524994825411 ], [ 75.763958013702549, 13.155642120953795 ], [ 75.764018088597638, 13.155220399759832 ], [ 75.764377104895573, 13.152375120556743 ], [ 75.764387056760299, 13.152272717832695 ], [ 75.764334257071951, 13.152130580967683 ], [ 75.764212026950389, 13.151801548691832 ], [ 75.763173633702436, 13.15141232206491 ], [ 75.762504729674035, 13.151163476921127 ], [ 75.760795597553155, 13.150611990236614 ], [ 75.758532518174349, 13.149788766555311 ], [ 75.758433491125786, 13.149768350183228 ], [ 75.757098955776144, 13.149493216231097 ], [ 75.755267131325979, 13.149117314832294 ], [ 75.754000209967998, 13.148179099013474 ], [ 75.753086143911119, 13.146832531870924 ], [ 75.752933116373953, 13.146751470086512 ], [ 75.751925836608081, 13.146217893439905 ], [ 75.751609517035092, 13.145814547433085 ], [ 75.751607076924145, 13.145801326655235 ], [ 75.751599958027143, 13.145792231008643 ], [ 75.75159307891883, 13.145783442491318 ], [ 75.751592555605427, 13.145780654591361 ], [ 75.751251335089393, 13.14610182260081 ], [ 75.751093337808896, 13.145898668569304 ], [ 75.750926022724045, 13.145683533982714 ], [ 75.750852047104317, 13.145588479948191 ], [ 75.750644739842983, 13.145567401089837 ], [ 75.749968963554196, 13.145498686611294 ], [ 75.749528968498893, 13.145496255522115 ], [ 75.749429103720885, 13.145495753715892 ], [ 75.749269071185836, 13.14575105581903 ], [ 75.749243776178346, 13.145791406769646 ], [ 75.749175754423234, 13.145899913635237 ], [ 75.748929316231099, 13.146292983178496 ], [ 75.748886390271991, 13.146330798575587 ], [ 75.748776466637864, 13.146427637669191 ], [ 75.748746392689782, 13.146454137621427 ], [ 75.748528590788496, 13.146646056470509 ], [ 75.748511576372834, 13.146662734106039 ], [ 75.748405780791813, 13.146766431985631 ], [ 75.748328828555216, 13.146841862192286 ], [ 75.748289623398307, 13.146880291461194 ], [ 75.748251819546596, 13.146909231673005 ], [ 75.748202993663909, 13.146946610236157 ], [ 75.748185240970997, 13.146960201281672 ], [ 75.747893562950381, 13.147183484983033 ], [ 75.747182939775072, 13.147727579616621 ], [ 75.747156150012643, 13.147775699929365 ], [ 75.747155607681961, 13.147776673512324 ], [ 75.746966998550462, 13.148115310882558 ], [ 75.746915756775877, 13.148207269652543 ], [ 75.746912516538075, 13.148213083981897 ], [ 75.746769430277695, 13.148469863530456 ], [ 75.746735930063579, 13.148475305549045 ], [ 75.746621475761415, 13.148493876536874 ], [ 75.746556981074718, 13.148580673736298 ], [ 75.746542912777088, 13.148599618545623 ], [ 75.746525021836774, 13.148623700322865 ], [ 75.746302692409074, 13.148923056283826 ], [ 75.746305405638481, 13.148925020906624 ], [ 75.746308771416764, 13.148927457876068 ], [ 75.74645979315099, 13.149036782748174 ], [ 75.746456397427906, 13.149040919343765 ], [ 75.746444223769814, 13.149055755422212 ], [ 75.746430250864478, 13.149072785637689 ], [ 75.746469625416054, 13.149101657995269 ], [ 75.746466126864448, 13.149105657452521 ], [ 75.746461185690137, 13.149111310346223 ], [ 75.746453586353866, 13.149120002716593 ], [ 75.746384060821612, 13.149199652387511 ], [ 75.74627954073452, 13.149319391559157 ], [ 75.746232743218812, 13.149355938362659 ], [ 75.74581742966204, 13.149680716390177 ], [ 75.745400686148272, 13.149931063940222 ], [ 75.745352514094435, 13.149960428062043 ], [ 75.745329874445659, 13.149974239256476 ], [ 75.745286599181355, 13.150000658677101 ], [ 75.745161640955445, 13.150077084415869 ], [ 75.745030430548482, 13.150080989405099 ], [ 75.744882285186577, 13.150085298367612 ], [ 75.744841024637509, 13.150133911097111 ], [ 75.744747244591665, 13.150244397611239 ], [ 75.744743673764901, 13.150248615166696 ], [ 75.74471696129568, 13.150280093371469 ], [ 75.744681082591867, 13.150322358025058 ], [ 75.744659299787756, 13.150348021545112 ], [ 75.744647848037545, 13.150361518153332 ], [ 75.744472970788706, 13.150450858135102 ], [ 75.744530676361165, 13.150518007155366 ], [ 75.744795742405614, 13.15084968155114 ], [ 75.745297369609744, 13.151421402584196 ], [ 75.745476624558918, 13.151583829734113 ], [ 75.745792523174586, 13.151711386035982 ], [ 75.746029605870916, 13.151747182824566 ], [ 75.74645328803102, 13.151882030469443 ], [ 75.746683159565706, 13.151924856885451 ], [ 75.746999077503347, 13.152045362511858 ], [ 75.747365197327142, 13.152208245843353 ], [ 75.747336177665375, 13.152313820482284 ], [ 75.747508198507518, 13.152497365550879 ], [ 75.747672812065474, 13.152765401617309 ], [ 75.747758268814891, 13.153075507605109 ], [ 75.747750029390573, 13.153491040119922 ], [ 75.747835414138649, 13.153829312723799 ], [ 75.748028895549709, 13.154048125251149 ], [ 75.748258511189832, 13.15419658574289 ], [ 75.748373389535473, 13.154239129672861 ], [ 75.748797382677154, 13.154254250992 ], [ 75.749257381279108, 13.154241284595246 ], [ 75.749486861534891, 13.154439046257304 ], [ 75.74958937908066, 13.154553184272446 ], [ 75.749981375002989, 13.154989617039284 ], [ 75.750320296088418, 13.155251917753574 ], [ 75.750651535248593, 13.155710525777534 ], [ 75.750632164881239, 13.156265125284049 ], [ 75.750558332518182, 13.157039689970148 ], [ 75.750537408145121, 13.157647629464797 ], [ 75.750591708132674, 13.158051119561838 ], [ 75.751150747706802, 13.159020908498656 ], [ 75.751313582728358, 13.159258877665032 ], [ 75.751814219421505, 13.159971181577861 ], [ 75.752115042332932, 13.160298693512479 ], [ 75.752644698367149, 13.160412062377727 ], [ 75.752940431837473, 13.160343812447747 ], [ 75.753376829349975, 13.160215446091403 ], [ 75.753584788966563, 13.160149308118305 ], [ 75.753944088904902, 13.160172186448996 ], [ 75.754224251928022, 13.160403967448875 ], [ 75.754357681281817, 13.160932521979122 ], [ 75.754612176150943, 13.161325188919026 ], [ 75.75507433972156, 13.161752744315395 ], [ 75.755648767940201, 13.16219432602443 ], [ 75.75601294668553, 13.162511594588896 ], [ 75.756237235168697, 13.162635940928128 ], [ 75.756419757630923, 13.162622623433927 ], [ 75.75658879579855, 13.16238917819315 ], [ 75.756736765503973, 13.162183106885973 ], [ 75.756748281499497, 13.162166395177229 ] ] ] } }
]
}
