{
"type": "FeatureCollection",
"name": "hoblis_in_police_area.writing_20260805_172659",
"crs": { "type": "name", "properties": { "name": "urn:ogc:def:crs:OGC:1.3:CRS84" } },
"features": [
{ "type": "Feature", "properties": { "OBJECTID": 557, "KGISHobliID": 1058, "KGISHobliCode": "300103", "KGISHobliName": "Balichakra", "BhuCodeHobli": null, "SHAPE.STArea()": 165873406.26836929, "SHAPE.STLength()": 68821.184569932724, "KGISTalukCode": "3001", "created_user": null, "created_date": null, "last_edited_user": "SURESHBV1", "last_edited_date": 1664603239000.0, "_overlap_percent": 0.018765662418131775, "_police_station": "Gurmitkal PS", "_police_feature_index": "298", "_admin_layer": "Hobli", "_geometry_clipped": true }, "geometry": { "type": "MultiPolygon", "coordinates": [ [ [ [ 77.293710167390458, 16.680189158079926 ], [ 77.293718916903984, 16.680177583075718 ], [ 77.293705463319966, 16.680191670767151 ], [ 77.293710167390458, 16.680189158079926 ] ] ], [ [ [ 77.293534487550247, 16.680282997764213 ], [ 77.293686056157057, 16.680202037136095 ], [ 77.293529243102682, 16.680268184530256 ], [ 77.292819443886003, 16.680314200348647 ], [ 77.292821069202262, 16.680320589917798 ], [ 77.293534487550247, 16.680282997764213 ] ] ], [ [ [ 77.285321858685222, 16.693460885229353 ], [ 77.285503521495713, 16.693526598854717 ], [ 77.285621804875788, 16.693591672942897 ], [ 77.285642629348828, 16.693577080941335 ], [ 77.285761990617033, 16.693493629618111 ], [ 77.286072745770397, 16.693277585583111 ], [ 77.286404690818813, 16.693034012305489 ], [ 77.286626199469325, 16.692873465601462 ], [ 77.286691693986882, 16.692630397213787 ], [ 77.28671989349661, 16.692514533764875 ], [ 77.286691319290284, 16.692614585937946 ], [ 77.28661803932836, 16.692852611917605 ], [ 77.286389950835527, 16.693001042978327 ], [ 77.286054094574567, 16.693227303773472 ], [ 77.285742619968445, 16.693425808524825 ], [ 77.285623379034675, 16.693501802027473 ], [ 77.285602603170602, 16.693515042940213 ], [ 77.285485629071019, 16.693442936932552 ], [ 77.285305429147684, 16.6933659230308 ], [ 77.284737562051959, 16.693515816985034 ], [ 77.284700126361287, 16.693525697879515 ], [ 77.284776267243956, 16.69364786751694 ], [ 77.285321858685222, 16.693460885229353 ] ] ], [ [ [ 77.280570509817508, 16.697246525365802 ], [ 77.280901793287612, 16.696678658916692 ], [ 77.281353219721041, 16.695911706313979 ], [ 77.281810553203812, 16.695240913154944 ], [ 77.281771604557292, 16.694886381658279 ], [ 77.282126818381812, 16.694970747154951 ], [ 77.282880858042205, 16.694941698751354 ], [ 77.283588195824223, 16.694848035998906 ], [ 77.283612653810621, 16.694854112194545 ], [ 77.28505476876434, 16.695294711251083 ], [ 77.285539419360362, 16.694921630163464 ], [ 77.285491431775, 16.694849742979883 ], [ 77.285072994656346, 16.695133500919304 ], [ 77.283510140613203, 16.694631928881282 ], [ 77.28348588639291, 16.694624145745255 ], [ 77.282779992799163, 16.694666293211071 ], [ 77.282019090133829, 16.69462519628366 ], [ 77.281656966468702, 16.694494381807154 ], [ 77.281721706449488, 16.694926092717107 ], [ 77.281297730970792, 16.695706175323753 ], [ 77.280867129021075, 16.696598591653878 ], [ 77.280547948592513, 16.697260093590863 ], [ 77.28043902082311, 16.697485830762062 ], [ 77.280570509817508, 16.697246525365802 ] ] ], [ [ [ 77.280966258375884, 16.699586244331179 ], [ 77.280727791833698, 16.699266410672589 ], [ 77.280596599105905, 16.699020447256796 ], [ 77.28053877089134, 16.698911685751092 ], [ 77.2804131366007, 16.698674512171479 ], [ 77.280292549099343, 16.697789372391224 ], [ 77.280272206307771, 16.697831529907614 ], [ 77.28040214167855, 16.698714958482114 ], [ 77.280528312776326, 16.698938131892554 ], [ 77.280586271966698, 16.699040635149338 ], [ 77.280717517231693, 16.699272788029592 ], [ 77.280954286921641, 16.699574055195448 ], [ 77.281039959731814, 16.699696288279551 ], [ 77.280966258375884, 16.699586244331179 ] ] ], [ [ [ 77.277840528236041, 16.701009052138424 ], [ 77.278375547302076, 16.701094226274101 ], [ 77.278898860584789, 16.701179935411655 ], [ 77.279107227733562, 16.701217135415842 ], [ 77.279154220670364, 16.701225484996126 ], [ 77.27952033320112, 16.701140825046128 ], [ 77.279638539042935, 16.701113874865019 ], [ 77.279901566593225, 16.701053921784641 ], [ 77.280184390997846, 16.700986374878962 ], [ 77.280284357491809, 16.700962520820497 ], [ 77.280754378792523, 16.701000903095068 ], [ 77.281244584846164, 16.701040260363023 ], [ 77.281505997231278, 16.70105225105873 ], [ 77.281641649286385, 16.701058311852908 ], [ 77.281750883546735, 16.70106311570138 ], [ 77.281941266892616, 16.701076768656275 ], [ 77.28189301888726, 16.700993614043227 ], [ 77.281734494481867, 16.70098334482681 ], [ 77.281627950149314, 16.700979457119175 ], [ 77.281495639520813, 16.70097462959043 ], [ 77.281240647315684, 16.700965325148857 ], [ 77.280762148018567, 16.700932894109616 ], [ 77.280302690630407, 16.700902688355768 ], [ 77.280205232916387, 16.700926966442612 ], [ 77.279929130133766, 16.700995747343558 ], [ 77.279671684189793, 16.701057077994033 ], [ 77.279555749127312, 16.701084696047147 ], [ 77.279195710047247, 16.701171496958892 ], [ 77.279148963957837, 16.701164357905348 ], [ 77.278941254291453, 16.701132636016002 ], [ 77.278415883233023, 16.701061037868698 ], [ 77.277881874523061, 16.700984933482601 ], [ 77.277727197543939, 16.700958330019123 ], [ 77.277731245981698, 16.700991349893155 ], [ 77.277840528236041, 16.701009052138424 ] ] ], [ [ [ 77.277368961861669, 16.704682151417352 ], [ 77.277402087395089, 16.70466074313704 ], [ 77.277343749856797, 16.704423566274702 ], [ 77.277378273691568, 16.704390915381115 ], [ 77.277570043637539, 16.704201674599027 ], [ 77.277588256700241, 16.70393912945336 ], [ 77.277589536844346, 16.702989287197429 ], [ 77.277626304055303, 16.70276188692235 ], [ 77.277606789849457, 16.702857828663429 ], [ 77.277464804469531, 16.703749970083582 ], [ 77.277424184327188, 16.704005196268479 ], [ 77.277241248328238, 16.704205028405372 ], [ 77.277209222180133, 16.7042400122969 ], [ 77.277258307029911, 16.704474308187415 ], [ 77.27722903335642, 16.704498572058615 ], [ 77.277084519578892, 16.704618356869123 ], [ 77.277221624450107, 16.704776718710384 ], [ 77.277368961861669, 16.704682151417352 ] ] ], [ [ [ 77.277059675115268, 16.705840661981444 ], [ 77.27732501047808, 16.705384786559137 ], [ 77.277465245233472, 16.705073594293268 ], [ 77.277444552980441, 16.705050968533794 ], [ 77.277315273550343, 16.704908908855312 ], [ 77.277217471582702, 16.705228198482839 ], [ 77.277035178831369, 16.705738050281568 ], [ 77.276982153032179, 16.705993964037361 ], [ 77.277059675115268, 16.705840661981444 ] ] ], [ [ [ 77.26998795726837, 16.713958908682589 ], [ 77.270638333753183, 16.713682341042396 ], [ 77.270825728142938, 16.713602091108847 ], [ 77.271638242024665, 16.713251685720842 ], [ 77.271648425090717, 16.713238517173792 ], [ 77.271691405127569, 16.713182977130081 ], [ 77.271719137668569, 16.71314714398612 ], [ 77.272707835414337, 16.711512701600693 ], [ 77.27275094274853, 16.711446672634896 ], [ 77.272853754502307, 16.711329028099421 ], [ 77.272958750057995, 16.711167589711252 ], [ 77.273008379535909, 16.711091167825231 ], [ 77.273699171783917, 16.710016932441267 ], [ 77.273770249986399, 16.709912836928293 ], [ 77.273884070869769, 16.709853081598784 ], [ 77.274113847289485, 16.709825380602179 ], [ 77.274242874518208, 16.709810147177116 ], [ 77.27440343944906, 16.709791376760922 ], [ 77.27443477006598, 16.709758656958719 ], [ 77.27441986564871, 16.709773092213691 ], [ 77.274255891086199, 16.709790573996536 ], [ 77.274123982383642, 16.709804631313006 ], [ 77.273889088143989, 16.709829679383617 ], [ 77.273771178660823, 16.709887727135374 ], [ 77.273695337312859, 16.709990623865949 ], [ 77.272960360987156, 16.711059267247578 ], [ 77.272907720900619, 16.711135802636885 ], [ 77.272796340895496, 16.711297747553171 ], [ 77.272688642471948, 16.71141587942811 ], [ 77.272646259975218, 16.71147979010896 ], [ 77.271670273138596, 16.713073825099119 ], [ 77.271642773868123, 16.713108695375684 ], [ 77.271600150024355, 16.713162728263775 ], [ 77.271590049872316, 16.713175536350402 ], [ 77.27078791553015, 16.713503290744629 ], [ 77.270603027439861, 16.713578826339258 ], [ 77.26996206672186, 16.713840723328588 ], [ 77.26823229412085, 16.714547481449088 ], [ 77.268270934127585, 16.714639253740295 ], [ 77.26998795726837, 16.713958908682589 ] ] ] ] } },
{ "type": "Feature", "properties": { "OBJECTID": 565, "KGISHobliID": 1212, "KGISHobliCode": "300403", "KGISHobliName": "Balichakra", "BhuCodeHobli": null, "SHAPE.STArea()": 158058004.50074074, "SHAPE.STLength()": 84642.677161923159, "KGISTalukCode": "3004", "created_user": null, "created_date": null, "last_edited_user": "SURESHBV1", "last_edited_date": 1664603255000.0, "_overlap_percent": 36.685123482689278, "_police_station": "Gurmitkal PS", "_police_feature_index": "298", "_admin_layer": "Hobli", "_geometry_clipped": true }, "geometry": { "type": "Polygon", "coordinates": [ [ [ 77.27399795539084, 16.731584752531813 ], [ 77.274146037604552, 16.731802570453212 ], [ 77.274201891207554, 16.73188472104766 ], [ 77.274423916126736, 16.732211298691851 ], [ 77.275059363026628, 16.733146106965815 ], [ 77.275265022461625, 16.733448579065666 ], [ 77.275847021495949, 16.734211900964677 ], [ 77.275981147140783, 16.734336876169241 ], [ 77.276473685228567, 16.734793647485333 ], [ 77.277010144114087, 16.735285403962706 ], [ 77.277401730463055, 16.735639829508333 ], [ 77.277913190908862, 16.736238220870295 ], [ 77.278291927685061, 16.736594739222941 ], [ 77.278524297864834, 16.736797107835848 ], [ 77.280188805270782, 16.73825725736387 ], [ 77.280330762840421, 16.738442533260635 ], [ 77.280810048176448, 16.73908508926645 ], [ 77.281174546190485, 16.739422479433792 ], [ 77.281487597945883, 16.739702087674495 ], [ 77.281842293850787, 16.740030154418168 ], [ 77.282347955797093, 16.74058860699024 ], [ 77.282491570552892, 16.740670674536741 ], [ 77.28262851838808, 16.740973908729021 ], [ 77.282708268904969, 16.741177086277553 ], [ 77.282763541406666, 16.741375758452403 ], [ 77.283114299832434, 16.741483935648223 ], [ 77.283271505914669, 16.741531421801362 ], [ 77.283400474585619, 16.741567436712053 ], [ 77.283606328344661, 16.741588504312912 ], [ 77.28452135518576, 16.741954290378409 ], [ 77.285103490362246, 16.742078752521589 ], [ 77.2858859217408, 16.742147216905877 ], [ 77.287673547751325, 16.742338029844536 ], [ 77.287942635946834, 16.744019812960541 ], [ 77.287960526857361, 16.744083390821388 ], [ 77.288248130718443, 16.745072232720464 ], [ 77.288264878870805, 16.745257895879014 ], [ 77.28831254283169, 16.745716679449792 ], [ 77.288874232644119, 16.746917546482717 ], [ 77.288983387077167, 16.747166359540223 ], [ 77.289175564923795, 16.747634156989058 ], [ 77.289595956106297, 16.748138790680663 ], [ 77.289748293380981, 16.74832708298479 ], [ 77.29102177726034, 16.748680360692362 ], [ 77.291441896122066, 16.748881115328029 ], [ 77.291638839356935, 16.748976755762794 ], [ 77.291856678272126, 16.748939415375581 ], [ 77.291881298694989, 16.748979286636636 ], [ 77.291984602512571, 16.749147695739026 ], [ 77.292170507973395, 16.749241541316568 ], [ 77.292221075187555, 16.749267358596512 ], [ 77.292250008356632, 16.749292792992318 ], [ 77.293022221043131, 16.749997699705943 ], [ 77.293052748154182, 16.750188834809286 ], [ 77.293072574185715, 16.750315053530574 ], [ 77.293114136026858, 16.75057811682785 ], [ 77.293150047837528, 16.750803672707328 ], [ 77.293362546613096, 16.75170125666493 ], [ 77.293403189854942, 16.752549394163147 ], [ 77.293618029947666, 16.753354071484949 ], [ 77.294008277530864, 16.754284037165757 ], [ 77.293966694116349, 16.754540247941399 ], [ 77.29350582370904, 16.754892805240061 ], [ 77.293319354308878, 16.754964795661113 ], [ 77.293300400068446, 16.755048746062769 ], [ 77.293262775871625, 16.755214552403967 ], [ 77.292428160395175, 16.757604814261494 ], [ 77.292304598913844, 16.758578768931962 ], [ 77.292232621962071, 16.75907024595616 ], [ 77.291758753346059, 16.759920104649328 ], [ 77.291436748051623, 16.760739330446132 ], [ 77.291135037836455, 16.761423649751027 ], [ 77.290782447707429, 16.762707171143603 ], [ 77.29068875044095, 16.763102434033932 ], [ 77.290646110984099, 16.763157406449796 ], [ 77.290133179133633, 16.763804305343786 ], [ 77.289792327949186, 16.764428413521816 ], [ 77.289730059408839, 16.764511566825458 ], [ 77.289409931624363, 16.765332004122524 ], [ 77.289175682910326, 16.765703466122563 ], [ 77.288842153969725, 16.766951630513837 ], [ 77.288807571225092, 16.767217473625756 ], [ 77.288779672327664, 16.767438427196943 ], [ 77.288986508565216, 16.767889783875603 ], [ 77.289230802937638, 16.768421731010111 ], [ 77.289713444882537, 16.769348607255264 ], [ 77.289760322339063, 16.769439127837238 ], [ 77.289794759896253, 16.769496726051973 ], [ 77.289805658645534, 16.769514880986446 ], [ 77.289841627203074, 16.769574568831146 ], [ 77.290643216943366, 16.770918848582308 ], [ 77.290285449050046, 16.771575122214074 ], [ 77.29026099064744, 16.771620278038913 ], [ 77.290248702902232, 16.771986457112696 ], [ 77.290311039027344, 16.77201165008109 ], [ 77.29041815243437, 16.772054502871555 ], [ 77.291186889335535, 16.772346652718436 ], [ 77.291385561762368, 16.772318342680698 ], [ 77.291521361688723, 16.772240143262312 ], [ 77.291656266695796, 16.77216122109046 ], [ 77.292108311652825, 16.77188485499445 ], [ 77.29281243770825, 16.771817816676464 ], [ 77.293742782773421, 16.771672574871697 ], [ 77.294845105196103, 16.771614286433053 ], [ 77.29580516071303, 16.771768436977414 ], [ 77.296521713792757, 16.771698903408637 ], [ 77.297251528893796, 16.77155631971851 ], [ 77.297422322978804, 16.771523342807747 ], [ 77.297576377849026, 16.771460077435535 ], [ 77.297602990669617, 16.771459359640485 ], [ 77.299184500402262, 16.77124396487384 ], [ 77.29940625075146, 16.771204005566389 ], [ 77.29942547302845, 16.771200522630419 ], [ 77.299466257314933, 16.77119988580381 ], [ 77.299540485790502, 16.771198710323564 ], [ 77.299594048223625, 16.771197845914461 ], [ 77.29964277944093, 16.771197045361095 ], [ 77.300106652470078, 16.77135558401093 ], [ 77.300115393120009, 16.771358572306443 ], [ 77.300333002028566, 16.771433069274799 ], [ 77.300338673205772, 16.771435013219929 ], [ 77.300448889839203, 16.771472802308757 ], [ 77.300353616045783, 16.770796534901429 ], [ 77.300686034696852, 16.770772627058811 ], [ 77.301115333947266, 16.770659546851252 ], [ 77.301351672332203, 16.770530362732639 ], [ 77.302029310196772, 16.770272490442334 ], [ 77.302116889302383, 16.770098048929245 ], [ 77.302314434717943, 16.769953835387334 ], [ 77.303338409116691, 16.770145512132462 ], [ 77.303659675132991, 16.770179784329041 ], [ 77.30349321661626, 16.771280560439912 ], [ 77.303412102895933, 16.77187145959526 ], [ 77.303394853986191, 16.77196004103839 ], [ 77.303400430777188, 16.771959440274607 ], [ 77.30378935208654, 16.771918591530373 ], [ 77.303912218938606, 16.77190610149205 ], [ 77.30390467544288, 16.771709888036192 ], [ 77.305261977890495, 16.771026755027076 ], [ 77.30537081605172, 16.770987984315198 ], [ 77.305664649128744, 16.770896982157105 ], [ 77.305860436701238, 16.770836572726562 ], [ 77.305896404649644, 16.770826211470958 ], [ 77.305960881801539, 16.770807642033876 ], [ 77.306165171344233, 16.770748872520006 ], [ 77.306966741595076, 16.770520705299777 ], [ 77.307972283193919, 16.770243903238178 ], [ 77.308658479170248, 16.770203955491155 ], [ 77.308707292764879, 16.770199150918899 ], [ 77.309691070688487, 16.770185236418868 ], [ 77.310764883913563, 16.770053839152585 ], [ 77.311117696611987, 16.770042201095549 ], [ 77.311324756605657, 16.770008078995545 ], [ 77.311353922332927, 16.770080434151847 ], [ 77.312456977623683, 16.770027824330239 ], [ 77.312944442744225, 16.769916560731879 ], [ 77.312953626696, 16.769914486495868 ], [ 77.31340905955048, 16.769704554596935 ], [ 77.314116138483527, 16.769287547265701 ], [ 77.314532216125315, 16.769046670822913 ], [ 77.314548319227455, 16.769030656785265 ], [ 77.315442187916219, 16.768144180332602 ], [ 77.315449476706078, 16.768136918545267 ], [ 77.315656894077833, 16.767929554531452 ], [ 77.315793520729997, 16.767852627538968 ], [ 77.317119762651444, 16.767088374368853 ], [ 77.317177285841723, 16.767053222910388 ], [ 77.317512917995373, 16.76666446980563 ], [ 77.31743763946119, 16.766276834070663 ], [ 77.318023447601135, 16.765964350713002 ], [ 77.318366262367974, 16.765576205051822 ], [ 77.318553980749869, 16.765363329493553 ], [ 77.319203730779066, 16.764854516009432 ], [ 77.319206192472748, 16.764854002299323 ], [ 77.319697130089622, 16.764751189669635 ], [ 77.319767483694321, 16.764727073089212 ], [ 77.319922210748857, 16.763439984199252 ], [ 77.319905923051309, 16.763030562477773 ], [ 77.319841501337251, 16.762554417911126 ], [ 77.320100791811313, 16.762090991826113 ], [ 77.320204074533237, 16.762016932965587 ], [ 77.320348803629244, 16.761715963738485 ], [ 77.320299442852175, 16.761276059460489 ], [ 77.320145333980619, 16.761052483401798 ], [ 77.320034594727886, 16.760892044942306 ], [ 77.319894843316746, 16.760559259513588 ], [ 77.319767766371072, 16.760476546855177 ], [ 77.319632603616583, 16.760380246512813 ], [ 77.319506066626204, 16.760016686448939 ], [ 77.319385571775442, 16.75967295915272 ], [ 77.319152133832461, 16.759022128832086 ], [ 77.319190289615122, 16.758607638797496 ], [ 77.319352779999662, 16.758100985298988 ], [ 77.319348954136473, 16.757981677130271 ], [ 77.319075728961508, 16.756637609631678 ], [ 77.319304090452874, 16.756260957800308 ], [ 77.319531036261964, 16.756337074970517 ], [ 77.319802862623192, 16.756053169817605 ], [ 77.320037236985172, 16.755742966435829 ], [ 77.319964244492041, 16.75444987972017 ], [ 77.32008769398368, 16.753666441228781 ], [ 77.320380393196416, 16.753359440623022 ], [ 77.320676482248359, 16.75325423076881 ], [ 77.322236127008495, 16.7528659303916 ], [ 77.322380560564767, 16.752846304373495 ], [ 77.322655732917895, 16.75281508354545 ], [ 77.322885434733664, 16.752787986213274 ], [ 77.323015294540426, 16.752780605385613 ], [ 77.323028194107991, 16.752688987431647 ], [ 77.32304109144809, 16.752597572757139 ], [ 77.323074929612645, 16.752358567211729 ], [ 77.323089289089907, 16.752257378044689 ], [ 77.323491042359819, 16.751849670643502 ], [ 77.323798860082633, 16.751748640805349 ], [ 77.324228905023503, 16.751657430885096 ], [ 77.325197817192176, 16.751511784566421 ], [ 77.324710042419696, 16.749727258954852 ], [ 77.323744190299749, 16.749833664726165 ], [ 77.323630473123572, 16.749844988612153 ], [ 77.323549021925672, 16.749179350145972 ], [ 77.32346335324587, 16.748503574656866 ], [ 77.323443308030321, 16.748329446094221 ], [ 77.323362947272159, 16.747688989563507 ], [ 77.323328398917951, 16.747610279318245 ], [ 77.323200323159881, 16.747248455597884 ], [ 77.322910040894371, 16.746456155107044 ], [ 77.324221854894972, 16.746171049266398 ], [ 77.325269851110761, 16.746173844142927 ], [ 77.326929668306889, 16.745929405863393 ], [ 77.32769627345688, 16.74582073467036 ], [ 77.328044948672982, 16.745775042321146 ], [ 77.328068181981777, 16.745773234469208 ], [ 77.328155768028651, 16.746320047775018 ], [ 77.328103448510504, 16.746860719213085 ], [ 77.328101233969306, 16.746878223142794 ], [ 77.328137301056728, 16.747784163160141 ], [ 77.328115981632294, 16.748448821832152 ], [ 77.328045517259511, 16.749173924685739 ], [ 77.328045454891921, 16.749195088184667 ], [ 77.328116110074902, 16.750018373939479 ], [ 77.328188779815363, 16.750577348986994 ], [ 77.328499034792756, 16.752022703248823 ], [ 77.328640424954187, 16.751999374703185 ], [ 77.328698614892886, 16.751989753621562 ], [ 77.329162181795922, 16.751877549614978 ], [ 77.329310749959618, 16.751853839639772 ], [ 77.331391158161978, 16.751486771765101 ], [ 77.331504669683383, 16.751480503705491 ], [ 77.332349170640157, 16.75117259132238 ], [ 77.333362950429802, 16.750872000778568 ], [ 77.333591034812528, 16.750807872075622 ], [ 77.333864449154305, 16.750655446437101 ], [ 77.335178407206726, 16.749943710124008 ], [ 77.335371432163782, 16.749798760343396 ], [ 77.336226279819059, 16.749444661094653 ], [ 77.337278517189006, 16.748911799839629 ], [ 77.337693830287606, 16.748560466402132 ], [ 77.337706613341865, 16.748549734300159 ], [ 77.337833667266466, 16.748476563084274 ], [ 77.337804658342023, 16.748392825682473 ], [ 77.337780452683319, 16.748326217264804 ], [ 77.337213991636318, 16.74717038544026 ], [ 77.337593268909984, 16.747032301786362 ], [ 77.337669052250902, 16.747004359688578 ], [ 77.3379499052309, 16.746900046869047 ], [ 77.33915470581131, 16.746178696654834 ], [ 77.339192753871799, 16.74614524159324 ], [ 77.339529701276774, 16.74586794880074 ], [ 77.340664169663256, 16.744942645840229 ], [ 77.340778656017633, 16.744833740385545 ], [ 77.340858059883814, 16.744561829801583 ], [ 77.342519314051188, 16.743705506585922 ], [ 77.342541873685377, 16.743695196204019 ], [ 77.343899145389116, 16.742968549859395 ], [ 77.344381337006411, 16.742731050110624 ], [ 77.345452041823791, 16.742004821929989 ], [ 77.345322633513959, 16.741840237160883 ], [ 77.34528074115704, 16.741783147016626 ], [ 77.34518026359018, 16.740573853422116 ], [ 77.344944888865598, 16.73922558313026 ], [ 77.344871102729314, 16.738823960084478 ], [ 77.344542631266123, 16.737021505180227 ], [ 77.344536025852179, 16.736979619961097 ], [ 77.344523472630144, 16.736898104019666 ], [ 77.344514156348723, 16.73683518183968 ], [ 77.344708846840092, 16.736066916450124 ], [ 77.345061686896045, 16.734348029218694 ], [ 77.345145168523544, 16.734127203512003 ], [ 77.345150701776348, 16.734099714260616 ], [ 77.34514918113851, 16.734007630352469 ], [ 77.345452249448343, 16.733783559687513 ], [ 77.345790532722873, 16.733564063141579 ], [ 77.345834555588368, 16.733535888023667 ], [ 77.34618328732509, 16.733321990334915 ], [ 77.346547701078975, 16.733051782008904 ], [ 77.346937779665623, 16.732730305771515 ], [ 77.347333888904899, 16.732392082868447 ], [ 77.347726288515247, 16.732062546522361 ], [ 77.348218748954636, 16.731643873272859 ], [ 77.348524698360478, 16.731425025362224 ], [ 77.349104936713786, 16.730963490909456 ], [ 77.352113132342396, 16.72989202316074 ], [ 77.35225581682468, 16.729838514159344 ], [ 77.352610876734644, 16.729162487174531 ], [ 77.352699892943207, 16.728947468208201 ], [ 77.352814999204824, 16.728672232535988 ], [ 77.352916434717855, 16.728398875297952 ], [ 77.353009355449146, 16.728126698181985 ], [ 77.353133399131281, 16.727835462708988 ], [ 77.353133653240235, 16.72783485638266 ], [ 77.353143362305289, 16.72783514500146 ], [ 77.353345185720769, 16.727841218609484 ], [ 77.353902419792902, 16.727870581630498 ], [ 77.354433485263499, 16.727896023857038 ], [ 77.354797211417775, 16.72794260810134 ], [ 77.354829230386443, 16.727686864832762 ], [ 77.35488314196111, 16.727412822279028 ], [ 77.354941595061405, 16.727135546368942 ], [ 77.355070546677808, 16.726853632593105 ], [ 77.355256887662634, 16.726584140867985 ], [ 77.35543370687023, 16.726297589720392 ], [ 77.355623817267229, 16.726023060221497 ], [ 77.355804963490499, 16.725745954480864 ], [ 77.355988630628318, 16.725477443129552 ], [ 77.356209079791327, 16.725156673063506 ], [ 77.356533457955521, 16.725558847983571 ], [ 77.3566179328201, 16.725664150650157 ], [ 77.356761801497612, 16.725665489661779 ], [ 77.357078684588515, 16.725668745247514 ], [ 77.35755522589271, 16.72555663356777 ], [ 77.357903433924236, 16.725484843323787 ], [ 77.357926605852938, 16.724429885838155 ], [ 77.35792933870276, 16.724265999376367 ], [ 77.357929721041614, 16.724241593188701 ], [ 77.357926033641021, 16.724151522984961 ], [ 77.357914287676593, 16.72398564557745 ], [ 77.357910802666566, 16.72393741920909 ], [ 77.357905751759262, 16.72386850173536 ], [ 77.357788613095025, 16.722366169803198 ], [ 77.357782789390669, 16.722225765662323 ], [ 77.357622837981822, 16.720306462050363 ], [ 77.357348976039745, 16.719976955742172 ], [ 77.357190313069921, 16.719570840294441 ], [ 77.357177510468134, 16.719531226922044 ], [ 77.357155656866738, 16.719486711445438 ], [ 77.356599541534436, 16.718005815836563 ], [ 77.356805503070646, 16.717633814140719 ], [ 77.356827921770474, 16.717473860973222 ], [ 77.356902751154465, 16.716973409308885 ], [ 77.356921255707562, 16.716386517622244 ], [ 77.356738397514832, 16.716385434811041 ], [ 77.356588952797352, 16.716382504572149 ], [ 77.356401697746151, 16.716374061538151 ], [ 77.356172373805691, 16.716393617417172 ], [ 77.355100354038868, 16.716436701869849 ], [ 77.35514968693731, 16.716197557881685 ], [ 77.355215453512471, 16.715858321842433 ], [ 77.354764314009088, 16.715479596989375 ], [ 77.354718710386933, 16.715147951012771 ], [ 77.354803077180406, 16.714444367232431 ], [ 77.354582507486739, 16.713144282682237 ], [ 77.354561311602993, 16.713139342665571 ], [ 77.354384730156895, 16.712050680422589 ], [ 77.354354112059369, 16.7119586565329 ], [ 77.354250867926083, 16.711655158215141 ], [ 77.354152343394446, 16.711356434381816 ], [ 77.354049177925646, 16.711061121038703 ], [ 77.353952881593671, 16.710766774518035 ], [ 77.353860330971926, 16.710473771872483 ], [ 77.353763674647595, 16.710191135659333 ], [ 77.353703951286121, 16.710017663755 ], [ 77.35344717056482, 16.709329908129028 ], [ 77.352958635736627, 16.70807514879656 ], [ 77.352930764218286, 16.708010917928512 ], [ 77.352842368181442, 16.707757189529925 ], [ 77.352754802471438, 16.707502047818711 ], [ 77.352735415303485, 16.707446316511234 ], [ 77.352666253798603, 16.707248822371611 ], [ 77.352512371771368, 16.707001428986313 ], [ 77.352302695033885, 16.706664391462734 ], [ 77.352305331971294, 16.7065134773779 ], [ 77.352312625669271, 16.706251487025757 ], [ 77.352319399149636, 16.705989265915072 ], [ 77.352320440251873, 16.705730293407829 ], [ 77.352277762613724, 16.705470801242559 ], [ 77.352236155955097, 16.705211185751825 ], [ 77.352188835202881, 16.704953544916865 ], [ 77.352149848491464, 16.704695208500148 ], [ 77.352100929667941, 16.704439308460788 ], [ 77.352063531425898, 16.704240600613474 ], [ 77.351975845430104, 16.703777267474141 ], [ 77.351868027889481, 16.703198847252182 ], [ 77.35184588954634, 16.702951110293139 ], [ 77.351838481485956, 16.702716223800039 ], [ 77.351830271559692, 16.702440123352044 ], [ 77.351814516427822, 16.702193279418125 ], [ 77.351807746333108, 16.702085391802765 ], [ 77.351799335011407, 16.701951867964656 ], [ 77.351788723906637, 16.70171051652795 ], [ 77.351771470116162, 16.70155106800242 ], [ 77.351753668773526, 16.701180665700765 ], [ 77.351704136043224, 16.700637417627405 ], [ 77.351628549690801, 16.700654925008653 ], [ 77.349364710269484, 16.700961436692566 ], [ 77.349333938298514, 16.700965238922514 ], [ 77.349327338689946, 16.700941323615439 ], [ 77.349302657039516, 16.700945952980508 ], [ 77.349116071932983, 16.700222585758166 ], [ 77.349017384875012, 16.699839987670003 ], [ 77.349009744789399, 16.699812405534061 ], [ 77.348986897891322, 16.699737027722001 ], [ 77.348798547894873, 16.699032510103699 ], [ 77.348806855606611, 16.699016952517653 ], [ 77.348774144737845, 16.698885581220775 ], [ 77.34878301279349, 16.69886634858802 ], [ 77.349093306646111, 16.698752202237575 ], [ 77.349076735908938, 16.698619634400103 ], [ 77.349031454340633, 16.698595900265591 ], [ 77.348993298936804, 16.698478184568959 ], [ 77.348935856831218, 16.698392157701704 ], [ 77.34884489661718, 16.698313821389625 ], [ 77.348834131070703, 16.698133130178512 ], [ 77.34879871889423, 16.698100984393736 ], [ 77.348807917390673, 16.697951843276311 ], [ 77.348792416574398, 16.697849054863372 ], [ 77.348694620946503, 16.697174966256298 ], [ 77.348526212179408, 16.696936778330862 ], [ 77.348490328327316, 16.696699746549136 ], [ 77.348463552877988, 16.696492037725303 ], [ 77.347836364533592, 16.696466419103484 ], [ 77.347486448028448, 16.696201025893732 ], [ 77.347375922388153, 16.696222722199447 ], [ 77.347109970658849, 16.696280346024022 ], [ 77.347151823147769, 16.696058940153794 ], [ 77.347154515517417, 16.696048270553163 ], [ 77.346993435674051, 16.696006443058184 ], [ 77.345679956567011, 16.696114860821403 ], [ 77.345116619983031, 16.696078172543629 ], [ 77.343962563039952, 16.695430708260012 ], [ 77.343008500662052, 16.695600357811209 ], [ 77.342349844148458, 16.696083262633721 ], [ 77.341944417590184, 16.69661217561961 ], [ 77.341556782955834, 16.697432043491069 ], [ 77.341152617158613, 16.698212657074361 ], [ 77.340210185505782, 16.699074442566751 ], [ 77.339525982471329, 16.699352944429478 ], [ 77.338668225051862, 16.699199621113276 ], [ 77.337794702756568, 16.699156494792106 ], [ 77.337288641559638, 16.699150985127154 ], [ 77.336710265523195, 16.699373916545444 ], [ 77.335904467693524, 16.699818155640578 ], [ 77.335147595576174, 16.700254290160647 ], [ 77.334334257940597, 16.700824413321754 ], [ 77.333526829110085, 16.700946146580947 ], [ 77.33321880666108, 16.70137234147164 ], [ 77.333212411703698, 16.70172633132108 ], [ 77.332954845897433, 16.70245119354146 ], [ 77.332190698869113, 16.703068274775475 ], [ 77.331309494591338, 16.7031274093627 ], [ 77.330779598353331, 16.703255723386896 ], [ 77.3303560061957, 16.703422864527074 ], [ 77.329525931996287, 16.703914387119294 ], [ 77.328966116113406, 16.704593435488569 ], [ 77.328665767990529, 16.704925188968183 ], [ 77.328356518571169, 16.705107537351676 ], [ 77.328138824485677, 16.705350247930461 ], [ 77.32767932849562, 16.70544934699765 ], [ 77.327427424628823, 16.705613013868032 ], [ 77.327331002725714, 16.705675662180163 ], [ 77.326636380750344, 16.706123491266204 ], [ 77.326401724967752, 16.705696609829612 ], [ 77.326361367098798, 16.705280856900647 ], [ 77.326308821687775, 16.704695198094552 ], [ 77.326272119695176, 16.704286132114113 ], [ 77.326256276815599, 16.704109537397976 ], [ 77.326173605209135, 16.70352273772523 ], [ 77.326117421179504, 16.702946464815231 ], [ 77.326104076708248, 16.702844147397858 ], [ 77.326078699206505, 16.702649496131876 ], [ 77.325567754043135, 16.700850785440888 ], [ 77.325544192586037, 16.700767852310971 ], [ 77.325505465016946, 16.70068244743657 ], [ 77.324564924613242, 16.698608733648651 ], [ 77.324520623655474, 16.698511087415447 ], [ 77.32448047344252, 16.698424609676685 ], [ 77.323501588418523, 16.696316159553909 ], [ 77.32324751766312, 16.695850198626246 ], [ 77.323227906674816, 16.695695158033985 ], [ 77.322980995974859, 16.69374379255305 ], [ 77.322800816522644, 16.692335871862838 ], [ 77.322635117764037, 16.691875707443923 ], [ 77.321994396781662, 16.689935444659234 ], [ 77.32199027449947, 16.689865545708539 ], [ 77.321964691820995, 16.689431495494528 ], [ 77.322032402654727, 16.688082451669171 ], [ 77.322085762176059, 16.687935365141556 ], [ 77.322309470181892, 16.687318774031024 ], [ 77.32221020811339, 16.686406327273339 ], [ 77.32278752856692, 16.683979154783383 ], [ 77.322829610598049, 16.6832865754678 ], [ 77.322518576136929, 16.682800466758547 ], [ 77.321517975684472, 16.682820031139144 ], [ 77.321308195781384, 16.682824133085163 ], [ 77.3212023522496, 16.682813731931116 ], [ 77.321041327830201, 16.682797907911262 ], [ 77.320654599940738, 16.682759902405348 ], [ 77.319796054497218, 16.6830208593923 ], [ 77.31875016658384, 16.683001120600167 ], [ 77.317763769462587, 16.682676657911905 ], [ 77.317737644935946, 16.682745594170687 ], [ 77.317627459445504, 16.683085799875386 ], [ 77.317418235500455, 16.683176218682465 ], [ 77.317261225067, 16.683196169555913 ], [ 77.316232623049331, 16.682778139198231 ], [ 77.315488182629565, 16.682475255664968 ], [ 77.315320783798995, 16.682268252092477 ], [ 77.314274165442541, 16.6823320439849 ], [ 77.313256286845572, 16.682399811244288 ], [ 77.312609853454688, 16.682435071326282 ], [ 77.312386760303824, 16.682447239959586 ], [ 77.311354721018802, 16.682441564523174 ], [ 77.310461302740194, 16.682451302565678 ], [ 77.310431105321911, 16.682451632446263 ], [ 77.308766880237116, 16.682411751851131 ], [ 77.308116605160706, 16.68240367472475 ], [ 77.307975805915603, 16.68232810373808 ], [ 77.307291149662859, 16.681919625151636 ], [ 77.306163406798248, 16.681232244279247 ], [ 77.305628453376798, 16.68090182789728 ], [ 77.305469740799765, 16.680873737664353 ], [ 77.304416882174607, 16.680685307413519 ], [ 77.302407831343999, 16.680354953398687 ], [ 77.301760435329285, 16.680260641936123 ], [ 77.301651697429648, 16.68024479998488 ], [ 77.300097930291145, 16.680106909415873 ], [ 77.299587996579007, 16.680052998774784 ], [ 77.299458516872846, 16.680039310245224 ], [ 77.299426761055784, 16.680037766838918 ], [ 77.299001476610144, 16.680017086168625 ], [ 77.298401750837712, 16.679855325278151 ], [ 77.29799084682324, 16.679820985514535 ], [ 77.297815433469367, 16.679697577327619 ], [ 77.29776218843044, 16.679660119259484 ], [ 77.296814508335942, 16.679127468754839 ], [ 77.296672943026778, 16.679220011775012 ], [ 77.295937612904325, 16.679486745846251 ], [ 77.295738231979129, 16.679516852444987 ], [ 77.295424488806219, 16.679564225801347 ], [ 77.295194214626832, 16.67961348179735 ], [ 77.294971363149187, 16.679661148427794 ], [ 77.294732886068857, 16.679712154377686 ], [ 77.294673010102457, 16.679809529700695 ], [ 77.294362275541232, 16.679884711956959 ], [ 77.293909060061281, 16.679978477906229 ], [ 77.293718916903984, 16.680177583075718 ], [ 77.293710167390458, 16.680189158079926 ], [ 77.293705463319966, 16.680191670767151 ], [ 77.293701977085632, 16.680195321318067 ], [ 77.293686056157057, 16.680202037136095 ], [ 77.293534487550247, 16.680282997764213 ], [ 77.292821069202262, 16.680320589917798 ], [ 77.293112486128734, 16.681466230704611 ], [ 77.293068026531557, 16.681588489084266 ], [ 77.292123869135864, 16.683153093990086 ], [ 77.290953810492567, 16.68512259739579 ], [ 77.290841932281097, 16.685284535540294 ], [ 77.289911686439865, 16.686807604432833 ], [ 77.28944265857983, 16.687661307324188 ], [ 77.289144584352414, 16.688393182417652 ], [ 77.288733321985575, 16.689402975570751 ], [ 77.288295052259102, 16.690609427582071 ], [ 77.287839589274199, 16.691520339153652 ], [ 77.287682196993927, 16.691957717650752 ], [ 77.287300810412262, 16.691981960166196 ], [ 77.286961800947992, 16.691988330844701 ], [ 77.286881531716205, 16.691989839763998 ], [ 77.286838053420496, 16.692134542710395 ], [ 77.286760492585202, 16.692372376639288 ], [ 77.28671989349661, 16.692514533764875 ], [ 77.286691693986882, 16.692630397213787 ], [ 77.286626199469325, 16.692873465601462 ], [ 77.286404690818813, 16.693034012305489 ], [ 77.286072745770397, 16.693277585583111 ], [ 77.285761990617033, 16.693493629618111 ], [ 77.285642629348828, 16.693577080941335 ], [ 77.285621804875788, 16.693591672942897 ], [ 77.285503521495713, 16.693526598854717 ], [ 77.285321858685222, 16.693460885229353 ], [ 77.284776267243956, 16.69364786751694 ], [ 77.284931949032796, 16.69389766220058 ], [ 77.285515259086694, 16.694833584784138 ], [ 77.285491431775, 16.694849742979883 ], [ 77.285539419360362, 16.694921630163464 ], [ 77.28505476876434, 16.695294711251083 ], [ 77.283612653810621, 16.694854112194545 ], [ 77.283588195824223, 16.694848035998906 ], [ 77.282880858042205, 16.694941698751354 ], [ 77.282126818381812, 16.694970747154951 ], [ 77.281771604557292, 16.694886381658279 ], [ 77.281810553203812, 16.695240913154944 ], [ 77.281353219721041, 16.695911706313979 ], [ 77.280901793287612, 16.696678658916692 ], [ 77.280570509817508, 16.697246525365802 ], [ 77.28043902082311, 16.697485830762062 ], [ 77.280292549099343, 16.697789372391224 ], [ 77.2804131366007, 16.698674512171479 ], [ 77.28053877089134, 16.698911685751092 ], [ 77.280596599105905, 16.699020447256796 ], [ 77.280727791833698, 16.699266410672589 ], [ 77.280966258375884, 16.699586244331179 ], [ 77.281039959731814, 16.699696288279551 ], [ 77.281212891194301, 16.699943017036968 ], [ 77.281467159994307, 16.700313770692997 ], [ 77.281734181042594, 16.70068509415001 ], [ 77.281920256029792, 16.700995378466253 ], [ 77.28189301888726, 16.700993614043227 ], [ 77.281941266892616, 16.701076768656275 ], [ 77.281750883546735, 16.70106311570138 ], [ 77.281641649286385, 16.701058311852908 ], [ 77.281505997231278, 16.70105225105873 ], [ 77.281244584846164, 16.701040260363023 ], [ 77.280754378792523, 16.701000903095068 ], [ 77.280284357491809, 16.700962520820497 ], [ 77.280184390997846, 16.700986374878962 ], [ 77.279901566593225, 16.701053921784641 ], [ 77.279638539042935, 16.701113874865019 ], [ 77.27952033320112, 16.701140825046128 ], [ 77.279154220670364, 16.701225484996126 ], [ 77.279107227733562, 16.701217135415842 ], [ 77.278898860584789, 16.701179935411655 ], [ 77.278375547302076, 16.701094226274101 ], [ 77.277840528236041, 16.701009052138424 ], [ 77.277731245981698, 16.700991349893155 ], [ 77.277812495684657, 16.701654038839514 ], [ 77.27779594967393, 16.701927829885015 ], [ 77.277681764796952, 16.702489213765254 ], [ 77.277626304055303, 16.70276188692235 ], [ 77.277589536844346, 16.702989287197429 ], [ 77.277588256700241, 16.70393912945336 ], [ 77.277570043637539, 16.704201674599027 ], [ 77.277378273691568, 16.704390915381115 ], [ 77.277343749856797, 16.704423566274702 ], [ 77.277402087395089, 16.70466074313704 ], [ 77.277368961861669, 16.704682151417352 ], [ 77.277221624450107, 16.704776718710384 ], [ 77.277302071069471, 16.704869637909038 ], [ 77.277320708621303, 16.704891165226773 ], [ 77.277315273550343, 16.704908908855312 ], [ 77.277444552980441, 16.705050968533794 ], [ 77.277465245233472, 16.705073594293268 ], [ 77.27732501047808, 16.705384786559137 ], [ 77.277059675115268, 16.705840661981444 ], [ 77.276982153032179, 16.705993964037361 ], [ 77.276794103610214, 16.706901530440504 ], [ 77.276759110742503, 16.707006990836341 ], [ 77.27663037450165, 16.707105932401326 ], [ 77.275803924102561, 16.707882862557163 ], [ 77.27576438654124, 16.707915781679969 ], [ 77.275689414098764, 16.707978194282312 ], [ 77.275605255043757, 16.708110509586653 ], [ 77.275531328603293, 16.708294223028105 ], [ 77.275459383454205, 16.708473011088167 ], [ 77.275344241043001, 16.708759156485133 ], [ 77.275313454988947, 16.708836131979961 ], [ 77.275295565069172, 16.708880859318175 ], [ 77.275204223793637, 16.709013402649859 ], [ 77.274470698514932, 16.709723859468038 ], [ 77.27443477006598, 16.709758656958719 ], [ 77.27440343944906, 16.709791376760922 ], [ 77.274242874518208, 16.709810147177116 ], [ 77.274113847289485, 16.709825380602179 ], [ 77.273884070869769, 16.709853081598784 ], [ 77.273770249986399, 16.709912836928293 ], [ 77.273699171783917, 16.710016932441267 ], [ 77.273008379535909, 16.711091167825231 ], [ 77.272958750057995, 16.711167589711252 ], [ 77.272853754502307, 16.711329028099421 ], [ 77.27275094274853, 16.711446672634896 ], [ 77.272707835414337, 16.711512701600693 ], [ 77.271719137668569, 16.71314714398612 ], [ 77.271691405127569, 16.713182977130081 ], [ 77.271648425090717, 16.713238517173792 ], [ 77.271638242024665, 16.713251685720842 ], [ 77.270825728142938, 16.713602091108847 ], [ 77.270638333753183, 16.713682341042396 ], [ 77.26998795726837, 16.713958908682589 ], [ 77.268270934127585, 16.714639253740295 ], [ 77.268278688617215, 16.714657671109762 ], [ 77.268929031053787, 16.716202259619063 ], [ 77.268980429548606, 16.716346448041055 ], [ 77.2691896202913, 16.716933294949872 ], [ 77.269316681728313, 16.717272526909365 ], [ 77.269432275231139, 16.71764646685531 ], [ 77.26946818974929, 16.71776252755145 ], [ 77.269737954734182, 16.718550616416479 ], [ 77.269819358194013, 16.718787664237809 ], [ 77.270160844161836, 16.719640989637568 ], [ 77.27044531767153, 16.720373859393504 ], [ 77.270635530580165, 16.720869463083844 ], [ 77.270645114002789, 16.720894615422047 ], [ 77.270843695079023, 16.721409778079739 ], [ 77.270921108818712, 16.722510046896822 ], [ 77.270937372438254, 16.723041211696973 ], [ 77.270935921063341, 16.723149616274981 ], [ 77.270938594304823, 16.723180415887228 ], [ 77.270950782627921, 16.723320708213457 ], [ 77.270960242545115, 16.723429620819537 ], [ 77.270963721905304, 16.723566052088344 ], [ 77.271021140646582, 16.724507955160014 ], [ 77.270980094341652, 16.724823543489943 ], [ 77.270774964845572, 16.725371204865311 ], [ 77.27055141085718, 16.725827125134391 ], [ 77.270572355428882, 16.726057816658603 ], [ 77.270485450681861, 16.726676105439292 ], [ 77.270639980447626, 16.726736921903743 ], [ 77.270772141540291, 16.726809808801264 ], [ 77.272057468123805, 16.727442032263188 ], [ 77.272099452811204, 16.72746264164741 ], [ 77.272228271333375, 16.727518802923534 ], [ 77.272466938402005, 16.727586138707078 ], [ 77.27246386676407, 16.727648897297819 ], [ 77.272533100371476, 16.727668196419597 ], [ 77.272505682953025, 16.728351921795696 ], [ 77.272615234078742, 16.728514728525148 ], [ 77.272662242460825, 16.728597595013785 ], [ 77.272966745355234, 16.729602504214522 ], [ 77.273250919415048, 16.730540315515135 ], [ 77.273251699892015, 16.730670711791706 ], [ 77.273643831106924, 16.730988541774902 ], [ 77.273628929194942, 16.731041639111005 ], [ 77.27399795539084, 16.731584752531813 ] ] ] } },
{ "type": "Feature", "properties": { "OBJECTID": 567, "KGISHobliID": 639, "KGISHobliCode": "300405", "KGISHobliName": "Konkala", "BhuCodeHobli": null, "SHAPE.STArea()": 248143258.05967084, "SHAPE.STLength()": 120734.85887311728, "KGISTalukCode": "3004", "created_user": null, "created_date": null, "last_edited_user": "SURESHBV2", "last_edited_date": 1755846539000.0, "_overlap_percent": 47.165316156544108, "_police_station": "Gurmitkal PS", "_police_feature_index": "298", "_admin_layer": "Hobli", "_geometry_clipped": true }, "geometry": { "type": "MultiPolygon", "coordinates": [ [ [ [ 77.426890370175045, 16.723020437180985 ], [ 77.426724347868713, 16.723040772122737 ], [ 77.426190993654458, 16.723106098418416 ], [ 77.426084354947776, 16.723119160068197 ], [ 77.426083332417335, 16.723124211584036 ], [ 77.42583472290849, 16.723150579044471 ], [ 77.425832001561588, 16.723150868451963 ], [ 77.425779253808486, 16.722947713791758 ], [ 77.425777286452799, 16.722933134172617 ], [ 77.425761391303013, 16.722815329280863 ], [ 77.425692824133961, 16.722392728684003 ], [ 77.425712675204664, 16.722212494242861 ], [ 77.425763377011265, 16.721752158412844 ], [ 77.425772224748599, 16.721503799946284 ], [ 77.425815173928399, 16.720992670538095 ], [ 77.426152012827529, 16.720642996209669 ], [ 77.426159818624726, 16.720605517883104 ], [ 77.426211402360337, 16.720512192828807 ], [ 77.426452518134937, 16.719263657236613 ], [ 77.426594062480618, 16.719150044987778 ], [ 77.426646289476139, 16.719108124471987 ], [ 77.426846828857592, 16.718709551841251 ], [ 77.426968496988565, 16.718467734728769 ], [ 77.427022245869679, 16.718124575137676 ], [ 77.427303138766106, 16.71633121362818 ], [ 77.427892536921021, 16.716456882618537 ], [ 77.427962637865519, 16.716747980269272 ], [ 77.427962638425498, 16.716747982594619 ], [ 77.427917941933742, 16.71638509070586 ], [ 77.427333723690168, 16.71627474407201 ], [ 77.426977432617051, 16.716207447609385 ], [ 77.426866406725139, 16.71622388037169 ], [ 77.426211687692771, 16.716320782328644 ], [ 77.425668599043419, 16.716310550944087 ], [ 77.425512021374757, 16.716307601004747 ], [ 77.425336834503852, 16.716314013524244 ], [ 77.423550784429949, 16.716625840839466 ], [ 77.423507558212251, 16.716629801273129 ], [ 77.423172399430598, 16.716660503159279 ], [ 77.423140246919928, 16.716664068956113 ], [ 77.422409974936059, 16.716745074754719 ], [ 77.422331085389303, 16.716706332255001 ], [ 77.422221698183961, 16.716682546474321 ], [ 77.421899759715387, 16.716771702928561 ], [ 77.421874850812316, 16.716776136592738 ], [ 77.42088535140779, 16.716952235187399 ], [ 77.417952561192052, 16.717516608142446 ], [ 77.416519269883381, 16.717840977844123 ], [ 77.41622068132996, 16.717908548363706 ], [ 77.416100937400756, 16.717935647994221 ], [ 77.416091771617062, 16.717937721695488 ], [ 77.41601086863345, 16.717950746945672 ], [ 77.415943649837345, 16.717961570650662 ], [ 77.414747566828879, 16.718154150557904 ], [ 77.414600082586674, 16.718177896286349 ], [ 77.414462806576395, 16.718225491803882 ], [ 77.414069939089742, 16.718361701510361 ], [ 77.413821325532595, 16.718478046737495 ], [ 77.413487240765022, 16.718563727698836 ], [ 77.412787583130111, 16.718806301328826 ], [ 77.412446349355264, 16.718924607655374 ], [ 77.412331387610209, 16.718964464589021 ], [ 77.412205378228293, 16.718979309649608 ], [ 77.411837556010767, 16.719022642148591 ], [ 77.41170976061936, 16.71903769656047 ], [ 77.411555312741953, 16.719055895742695 ], [ 77.410888525966598, 16.719134464468109 ], [ 77.409303392230498, 16.719321234582821 ], [ 77.409286647295758, 16.719152768692094 ], [ 77.409280127903628, 16.7190871805443 ], [ 77.408999315193768, 16.718501250241328 ], [ 77.408897476294243, 16.718288756645276 ], [ 77.408861617004092, 16.718136947451537 ], [ 77.408861057621024, 16.718134577369817 ], [ 77.408731021871645, 16.717584070046673 ], [ 77.408699889190402, 16.717452269061489 ], [ 77.408672769859621, 16.717328262892675 ], [ 77.408635573652859, 16.717158183513909 ], [ 77.408398628520303, 16.716074708931803 ], [ 77.408269710705724, 16.71548521189014 ], [ 77.408252218341516, 16.715356907425019 ], [ 77.408237893426261, 16.715251831663409 ], [ 77.408221930225608, 16.715134749239638 ], [ 77.408209416270509, 16.715042959911969 ], [ 77.408180513524357, 16.714929669546216 ], [ 77.408132463305563, 16.71474132597972 ], [ 77.407815694274774, 16.713499681176231 ], [ 77.407629900868955, 16.712771413800688 ], [ 77.407372512433952, 16.711762501592897 ], [ 77.40734195675735, 16.711642730001955 ], [ 77.407319561990704, 16.711523206584452 ], [ 77.407274416035492, 16.711282264220067 ], [ 77.407226950763729, 16.711140072502843 ], [ 77.407189165717142, 16.71114398679855 ], [ 77.407161796657462, 16.711034851540653 ], [ 77.407064610257024, 16.711024580245706 ], [ 77.40646804940036, 16.710961527238819 ], [ 77.40642605873451, 16.710957089581321 ], [ 77.406323047456027, 16.710946201050184 ], [ 77.406264858355087, 16.710759268259444 ], [ 77.406093228504091, 16.710207885023681 ], [ 77.406003631433634, 16.709610759404836 ], [ 77.405782295446755, 16.708135632296145 ], [ 77.405630046184157, 16.707120931010778 ], [ 77.40538360951922, 16.70694216492554 ], [ 77.405269196024179, 16.70685916867729 ], [ 77.405151538937105, 16.706773212006656 ], [ 77.404261650774885, 16.706123087053168 ], [ 77.404266308904283, 16.706027859913949 ], [ 77.404294957808588, 16.705442119944085 ], [ 77.404296481885225, 16.705090730076467 ], [ 77.40429695369582, 16.704982083242626 ], [ 77.40428499546455, 16.704866528826606 ], [ 77.404207520719652, 16.704117828059058 ], [ 77.404205031272397, 16.703940958669879 ], [ 77.404180328325651, 16.703691469292004 ], [ 77.404143986156342, 16.70255927108337 ], [ 77.404111813078686, 16.702370918877094 ], [ 77.404137756757081, 16.702199934499987 ], [ 77.403963184605388, 16.701984092747246 ], [ 77.403301672928364, 16.701563088510298 ], [ 77.403303440333403, 16.701414402533967 ], [ 77.403284829055096, 16.700823405072043 ], [ 77.403276007163456, 16.700543294510378 ], [ 77.402899308613087, 16.700614568533602 ], [ 77.402857790864317, 16.700622423884901 ], [ 77.402848803553553, 16.700589199687492 ], [ 77.402798268361167, 16.700402385612161 ], [ 77.402720627029609, 16.700414646146818 ], [ 77.402548740108045, 16.700441789987849 ], [ 77.402501985407355, 16.700449173163566 ], [ 77.402478951074684, 16.699693258145647 ], [ 77.40245813121652, 16.699010023230517 ], [ 77.402368390592628, 16.699022557838514 ], [ 77.402154766267003, 16.699052396535713 ], [ 77.401809796208653, 16.699100581333184 ], [ 77.401128808631512, 16.699195697184951 ], [ 77.400385115097279, 16.699439438533702 ], [ 77.400153794589002, 16.699515252546181 ], [ 77.399919790132074, 16.699591945685061 ], [ 77.399645186622166, 16.699644118642041 ], [ 77.398234515016128, 16.699771764854045 ], [ 77.397854255861773, 16.699806170545759 ], [ 77.396443310297784, 16.699817084070098 ], [ 77.395322290759211, 16.699716574629754 ], [ 77.395317036666739, 16.699703230265101 ], [ 77.395155536499004, 16.69970428632039 ], [ 77.394445699308093, 16.699765514406813 ], [ 77.394311003396055, 16.699777132640815 ], [ 77.394289410614391, 16.699778994198045 ], [ 77.394272733392654, 16.69978043389257 ], [ 77.394553071668582, 16.700568347611604 ], [ 77.394589480585395, 16.70067067743884 ], [ 77.394643220321413, 16.700821716670173 ], [ 77.394728694155759, 16.701061946847727 ], [ 77.393536216779182, 16.702657752038895 ], [ 77.393465107016993, 16.702651473430134 ], [ 77.393474260870718, 16.702481613170601 ], [ 77.393243559455655, 16.70256142824924 ], [ 77.392984250588071, 16.702651137660716 ], [ 77.392343855671939, 16.702798704640095 ], [ 77.390261821682046, 16.70327845203607 ], [ 77.390149475586341, 16.703303522753764 ], [ 77.388373783104484, 16.70369976717987 ], [ 77.388230026979898, 16.70373744160689 ], [ 77.387972473036015, 16.703804937518527 ], [ 77.38791062495541, 16.703787996534182 ], [ 77.38652138600348, 16.70400787567635 ], [ 77.386344039854706, 16.704056012294018 ], [ 77.3847967614834, 16.704257914584765 ], [ 77.384514478177621, 16.704294749255432 ], [ 77.38438014260511, 16.704312277665522 ], [ 77.384201389544458, 16.704330835892314 ], [ 77.384028260499136, 16.704300110630495 ], [ 77.383779099002098, 16.704325304209956 ], [ 77.38369300483761, 16.704334009565581 ], [ 77.383446833295636, 16.704331268220557 ], [ 77.383435102898204, 16.704331137893597 ], [ 77.383405498010731, 16.704330808965569 ], [ 77.382544785632803, 16.704411185716154 ], [ 77.381575239481904, 16.70444031252574 ], [ 77.380763933926161, 16.704568727921025 ], [ 77.380115106150143, 16.704728929258259 ], [ 77.378932607702339, 16.704752219430528 ], [ 77.378566148255231, 16.704731639223876 ], [ 77.3782322734465, 16.704712887593121 ], [ 77.378050139690586, 16.703912712332695 ], [ 77.377875041949906, 16.703023407598611 ], [ 77.376682017664876, 16.703049511108787 ], [ 77.376511024647598, 16.703051815586235 ], [ 77.376038090069628, 16.703054047584956 ], [ 77.375497241179204, 16.702930115989968 ], [ 77.375413404405236, 16.702910904372661 ], [ 77.375332240972867, 16.702892305172991 ], [ 77.375202757048655, 16.702785165830257 ], [ 77.374852812728435, 16.702495611512159 ], [ 77.374798187243087, 16.701435221714661 ], [ 77.374752709232126, 16.701457635349978 ], [ 77.373114044634534, 16.70226525610591 ], [ 77.372109712154497, 16.702913246698067 ], [ 77.371460398926359, 16.703338360732253 ], [ 77.371026767984318, 16.703622262281531 ], [ 77.370336958921584, 16.704073883520465 ], [ 77.370143254497222, 16.704202228477829 ], [ 77.369171760613852, 16.704845920866916 ], [ 77.368102620847523, 16.705568648606853 ], [ 77.367836698871315, 16.70592372076926 ], [ 77.367633718394501, 16.706030847767586 ], [ 77.366948697788018, 16.706392382156412 ], [ 77.366712504725115, 16.706722397601219 ], [ 77.365324255642122, 16.707283102793308 ], [ 77.364900022845617, 16.707442862713449 ], [ 77.363591833701122, 16.707935502823194 ], [ 77.363236773249952, 16.7081074847253 ], [ 77.362232930362822, 16.708593715511558 ], [ 77.361726309242854, 16.708792455154942 ], [ 77.361068923133459, 16.70900999909982 ], [ 77.360935048795923, 16.709081469252904 ], [ 77.360617692188427, 16.709181467706063 ], [ 77.360213137932234, 16.709328360063562 ], [ 77.358951095482965, 16.709786597572148 ], [ 77.358898299487649, 16.709801801744678 ], [ 77.358087576884628, 16.710035253267563 ], [ 77.357608088053169, 16.710180568705095 ], [ 77.35690972855852, 16.710392212007559 ], [ 77.356798475310086, 16.710425928722625 ], [ 77.35564290744793, 16.710993816355266 ], [ 77.355552093857455, 16.711038443950443 ], [ 77.35472565369075, 16.71139327971148 ], [ 77.354433238500178, 16.711421782236989 ], [ 77.354404412455438, 16.711345547260862 ], [ 77.354304841532752, 16.711090126147436 ], [ 77.354205271863663, 16.710834705839055 ], [ 77.35409991579472, 16.710579796709137 ], [ 77.354001593597516, 16.710322859765871 ], [ 77.353907613572346, 16.710065537239021 ], [ 77.353810484262908, 16.709816927080492 ], [ 77.353750795475506, 16.70966415029195 ], [ 77.353495630443419, 16.709053768098293 ], [ 77.353014024254918, 16.707901700222887 ], [ 77.352986912950016, 16.70784060432965 ], [ 77.352893673897526, 16.707598676312909 ], [ 77.352802732787666, 16.707352329120198 ], [ 77.352782758119346, 16.707298221483164 ], [ 77.352711791000942, 16.707105980959891 ], [ 77.352555661811081, 16.706864673687097 ], [ 77.352342891946549, 16.706535824045691 ], [ 77.352345177228983, 16.706388035909715 ], [ 77.352352420578768, 16.706131578191169 ], [ 77.35235966301876, 16.705875120479664 ], [ 77.35236151478324, 16.705621952651036 ], [ 77.352319368170328, 16.70536846799153 ], [ 77.352278669269779, 16.705114853913649 ], [ 77.352232380995602, 16.704863142613824 ], [ 77.352194773583406, 16.704610660421924 ], [ 77.352147237842317, 16.704360464612893 ], [ 77.352111050129352, 16.704166077232529 ], [ 77.352026572397236, 16.703712292065859 ], [ 77.351923580428377, 16.703144221664822 ], [ 77.351893931910283, 16.702888053456224 ], [ 77.351880044068281, 16.702645443947386 ], [ 77.351864543067279, 16.702360354192852 ], [ 77.351842312618018, 16.70210545927408 ], [ 77.351832749749406, 16.70199401445478 ], [ 77.351820910440395, 16.701856039103486 ], [ 77.351804184331797, 16.701606434744377 ], [ 77.351782961901918, 16.701441476716543 ], [ 77.351756330648797, 16.701057886699491 ], [ 77.351693842181533, 16.700497410204463 ], [ 77.351619051274554, 16.700511440601232 ], [ 77.349333761275219, 16.700940118975904 ], [ 77.349327338689946, 16.700941323615439 ], [ 77.349333938298514, 16.700965238922514 ], [ 77.349364710269484, 16.700961436692566 ], [ 77.351628549690801, 16.700654925008653 ], [ 77.351704136043224, 16.700637417627405 ], [ 77.351753668773526, 16.701180665700765 ], [ 77.351771470116162, 16.70155106800242 ], [ 77.351788723906637, 16.70171051652795 ], [ 77.351799335011407, 16.701951867964656 ], [ 77.351807746333108, 16.702085391802765 ], [ 77.351814516427822, 16.702193279418125 ], [ 77.351830271559692, 16.702440123352044 ], [ 77.351838481485956, 16.702716223800039 ], [ 77.35184588954634, 16.702951110293139 ], [ 77.351868027889481, 16.703198847252182 ], [ 77.351975845430104, 16.703777267474141 ], [ 77.352063531425898, 16.704240600613474 ], [ 77.352100929667941, 16.704439308460788 ], [ 77.352149848491464, 16.704695208500148 ], [ 77.352188835202881, 16.704953544916865 ], [ 77.352236155955097, 16.705211185751825 ], [ 77.352277762613724, 16.705470801242559 ], [ 77.352320440251873, 16.705730293407829 ], [ 77.352319399149636, 16.705989265915072 ], [ 77.352312625669271, 16.706251487025757 ], [ 77.352305331971294, 16.7065134773779 ], [ 77.352302695033885, 16.706664391462734 ], [ 77.352512371771368, 16.707001428986313 ], [ 77.352666253798603, 16.707248822371611 ], [ 77.352735415303485, 16.707446316511234 ], [ 77.352754802471438, 16.707502047818711 ], [ 77.352842368181442, 16.707757189529925 ], [ 77.352930764218286, 16.708010917928512 ], [ 77.352958635736627, 16.70807514879656 ], [ 77.35344717056482, 16.709329908129028 ], [ 77.353703951286121, 16.710017663755 ], [ 77.353763674647595, 16.710191135659333 ], [ 77.353860330971926, 16.710473771872483 ], [ 77.353952881593671, 16.710766774518035 ], [ 77.354049177925646, 16.711061121038703 ], [ 77.354152343394446, 16.711356434381816 ], [ 77.354250867926083, 16.711655158215141 ], [ 77.354354112059369, 16.7119586565329 ], [ 77.354384730156895, 16.712050680422589 ], [ 77.354561311602993, 16.713139342665571 ], [ 77.354582507486739, 16.713144282682237 ], [ 77.354803077180406, 16.714444367232431 ], [ 77.354718710386933, 16.715147951012771 ], [ 77.354764314009088, 16.715479596989375 ], [ 77.355215453512471, 16.715858321842433 ], [ 77.35514968693731, 16.716197557881685 ], [ 77.355100354038868, 16.716436701869849 ], [ 77.356172373805691, 16.716393617417172 ], [ 77.356401697746151, 16.716374061538151 ], [ 77.356588952797352, 16.716382504572149 ], [ 77.356738397514832, 16.716385434811041 ], [ 77.356921255707562, 16.716386517622244 ], [ 77.356902751154465, 16.716973409308885 ], [ 77.356827921770474, 16.717473860973222 ], [ 77.356805503070646, 16.717633814140719 ], [ 77.356599541534436, 16.718005815836563 ], [ 77.357155656866738, 16.719486711445438 ], [ 77.357177510468134, 16.719531226922044 ], [ 77.357190313069921, 16.719570840294441 ], [ 77.357348976039745, 16.719976955742172 ], [ 77.357622837981822, 16.720306462050363 ], [ 77.357782789390669, 16.722225765662323 ], [ 77.357788613095025, 16.722366169803198 ], [ 77.357905751759262, 16.72386850173536 ], [ 77.357910802666566, 16.72393741920909 ], [ 77.357914287676593, 16.72398564557745 ], [ 77.357926033641021, 16.724151522984961 ], [ 77.357929721041614, 16.724241593188701 ], [ 77.35792933870276, 16.724265999376367 ], [ 77.357926605852938, 16.724429885838155 ], [ 77.357903433924236, 16.725484843323787 ], [ 77.35755522589271, 16.72555663356777 ], [ 77.357078684588515, 16.725668745247514 ], [ 77.356761801497612, 16.725665489661779 ], [ 77.3566179328201, 16.725664150650157 ], [ 77.356533457955521, 16.725558847983571 ], [ 77.356209079791327, 16.725156673063506 ], [ 77.355988630628318, 16.725477443129552 ], [ 77.355804963490499, 16.725745954480864 ], [ 77.355623817267229, 16.726023060221497 ], [ 77.35543370687023, 16.726297589720392 ], [ 77.355256887662634, 16.726584140867985 ], [ 77.355070546677808, 16.726853632593105 ], [ 77.354941595061405, 16.727135546368942 ], [ 77.35488314196111, 16.727412822279028 ], [ 77.354829230386443, 16.727686864832762 ], [ 77.354797211417775, 16.72794260810134 ], [ 77.354433485263499, 16.727896023857038 ], [ 77.353902419792902, 16.727870581630498 ], [ 77.353345185720769, 16.727841218609484 ], [ 77.353143362305289, 16.72783514500146 ], [ 77.353133653240235, 16.72783485638266 ], [ 77.353133399131281, 16.727835462708988 ], [ 77.353009355449146, 16.728126698181985 ], [ 77.352916434717855, 16.728398875297952 ], [ 77.352814999204824, 16.728672232535988 ], [ 77.352699892943207, 16.728947468208201 ], [ 77.352610876734644, 16.729162487174531 ], [ 77.35225581682468, 16.729838514159344 ], [ 77.352113132342396, 16.72989202316074 ], [ 77.349104936713786, 16.730963490909456 ], [ 77.348524698360478, 16.731425025362224 ], [ 77.348218748954636, 16.731643873272859 ], [ 77.347726288515247, 16.732062546522361 ], [ 77.347333888904899, 16.732392082868447 ], [ 77.346937779665623, 16.732730305771515 ], [ 77.346547701078975, 16.733051782008904 ], [ 77.34618328732509, 16.733321990334915 ], [ 77.345834555588368, 16.733535888023667 ], [ 77.345790532722873, 16.733564063141579 ], [ 77.345452249448343, 16.733783559687513 ], [ 77.34514918113851, 16.734007630352469 ], [ 77.345150701776348, 16.734099714260616 ], [ 77.345145168523544, 16.734127203512003 ], [ 77.345061686896045, 16.734348029218694 ], [ 77.344708846840092, 16.736066916450124 ], [ 77.344514156348723, 16.73683518183968 ], [ 77.344523472630144, 16.736898104019666 ], [ 77.344536025852179, 16.736979619961097 ], [ 77.344542631266123, 16.737021505180227 ], [ 77.344871102729314, 16.738823960084478 ], [ 77.344944888865598, 16.73922558313026 ], [ 77.34518026359018, 16.740573853422116 ], [ 77.34528074115704, 16.741783147016626 ], [ 77.345322633513959, 16.741840237160883 ], [ 77.345452041823791, 16.742004821929989 ], [ 77.344381337006411, 16.742731050110624 ], [ 77.343899145389116, 16.742968549859395 ], [ 77.342541873685377, 16.743695196204019 ], [ 77.342519314051188, 16.743705506585922 ], [ 77.340858059883814, 16.744561829801583 ], [ 77.340778656017633, 16.744833740385545 ], [ 77.340664169663256, 16.744942645840229 ], [ 77.339529701276774, 16.74586794880074 ], [ 77.339192753871799, 16.74614524159324 ], [ 77.33915470581131, 16.746178696654834 ], [ 77.3379499052309, 16.746900046869047 ], [ 77.337669052250902, 16.747004359688578 ], [ 77.337593268909984, 16.747032301786362 ], [ 77.337213991636318, 16.74717038544026 ], [ 77.337780452683319, 16.748326217264804 ], [ 77.337804658342023, 16.748392825682473 ], [ 77.337833667266466, 16.748476563084274 ], [ 77.337706613341865, 16.748549734300159 ], [ 77.337693830287606, 16.748560466402132 ], [ 77.337278517189006, 16.748911799839629 ], [ 77.336226279819059, 16.749444661094653 ], [ 77.335371432163782, 16.749798760343396 ], [ 77.335178407206726, 16.749943710124008 ], [ 77.333864449154305, 16.750655446437101 ], [ 77.333591034812528, 16.750807872075622 ], [ 77.333362950429802, 16.750872000778568 ], [ 77.332349170640157, 16.75117259132238 ], [ 77.331504669683383, 16.751480503705491 ], [ 77.331391158161978, 16.751486771765101 ], [ 77.329310749959618, 16.751853839639772 ], [ 77.329162181795922, 16.751877549614978 ], [ 77.328698614892886, 16.751989753621562 ], [ 77.328640424954187, 16.751999374703185 ], [ 77.328499034792756, 16.752022703248823 ], [ 77.328188779815363, 16.750577348986994 ], [ 77.328116110074902, 16.750018373939479 ], [ 77.328045454891921, 16.749195088184667 ], [ 77.328045517259511, 16.749173924685739 ], [ 77.328115981632294, 16.748448821832152 ], [ 77.328137301056728, 16.747784163160141 ], [ 77.328101233969306, 16.746878223142794 ], [ 77.328103448510504, 16.746860719213085 ], [ 77.328155768028651, 16.746320047775018 ], [ 77.328068181981777, 16.745773234469208 ], [ 77.328044948672982, 16.745775042321146 ], [ 77.32769627345688, 16.74582073467036 ], [ 77.326929668306889, 16.745929405863393 ], [ 77.325269851110761, 16.746173844142927 ], [ 77.324221854894972, 16.746171049266398 ], [ 77.322910040894371, 16.746456155107044 ], [ 77.323200323159881, 16.747248455597884 ], [ 77.323328398917951, 16.747610279318245 ], [ 77.323362947272159, 16.747688989563507 ], [ 77.323443308030321, 16.748329446094221 ], [ 77.32346335324587, 16.748503574656866 ], [ 77.323549021925672, 16.749179350145972 ], [ 77.323630473123572, 16.749844988612153 ], [ 77.323744190299749, 16.749833664726165 ], [ 77.324710042419696, 16.749727258954852 ], [ 77.325197817192176, 16.751511784566421 ], [ 77.324228905023503, 16.751657430885096 ], [ 77.323798860082633, 16.751748640805349 ], [ 77.323491042359819, 16.751849670643502 ], [ 77.323089289089907, 16.752257378044689 ], [ 77.323074929612645, 16.752358567211729 ], [ 77.32304109144809, 16.752597572757139 ], [ 77.323028194107991, 16.752688987431647 ], [ 77.323015294540426, 16.752780605385613 ], [ 77.322885434733664, 16.752787986213274 ], [ 77.322655732917895, 16.75281508354545 ], [ 77.322380560564767, 16.752846304373495 ], [ 77.322236127008495, 16.7528659303916 ], [ 77.320676482248359, 16.75325423076881 ], [ 77.320380393196416, 16.753359440623022 ], [ 77.32008769398368, 16.753666441228781 ], [ 77.319964244492041, 16.75444987972017 ], [ 77.320037236985172, 16.755742966435829 ], [ 77.319802862623192, 16.756053169817605 ], [ 77.319531036261964, 16.756337074970517 ], [ 77.319304090452874, 16.756260957800308 ], [ 77.319075728961508, 16.756637609631678 ], [ 77.319348954136473, 16.757981677130271 ], [ 77.319468741633841, 16.757954609019652 ], [ 77.319517474674129, 16.757950655933318 ], [ 77.319588505160397, 16.757944903586626 ], [ 77.320402751831878, 16.757879788679848 ], [ 77.320747579133055, 16.75784372581526 ], [ 77.320872868445406, 16.757850611671326 ], [ 77.321041069881545, 16.757825868457701 ], [ 77.321148698154119, 16.757815756757328 ], [ 77.323042314676883, 16.757636930137011 ], [ 77.323219264795995, 16.757609826417081 ], [ 77.323294236473416, 16.757632014262597 ], [ 77.323341985483708, 16.75764619263003 ], [ 77.324407841925762, 16.757925442212894 ], [ 77.324713505720595, 16.758007819212022 ], [ 77.325370053559013, 16.758187606517829 ], [ 77.326123645976537, 16.758441231285378 ], [ 77.326792414395783, 16.758593882799534 ], [ 77.326970648412882, 16.758635578562497 ], [ 77.327247682084703, 16.758747200009342 ], [ 77.327621112140818, 16.758899180071921 ], [ 77.328383614554767, 16.75891907457979 ], [ 77.328930057179903, 16.75891804867414 ], [ 77.329392602887452, 16.758902247532582 ], [ 77.329418623848639, 16.758905556937854 ], [ 77.329577171079421, 16.758917984792895 ], [ 77.330604991816145, 16.758917946316242 ], [ 77.331547849744837, 16.758966822487967 ], [ 77.331635252680485, 16.758971468928713 ], [ 77.331757017837788, 16.758977974153865 ], [ 77.33244120364752, 16.759015142428471 ], [ 77.332623451565922, 16.759025214789375 ], [ 77.33279006178438, 16.758991606448465 ], [ 77.333197098796603, 16.758906976533652 ], [ 77.333459718054328, 16.758851337720326 ], [ 77.333587113808591, 16.758843954204984 ], [ 77.335471914897539, 16.758713193682627 ], [ 77.335577855298538, 16.758704012286749 ], [ 77.335691364476602, 16.758698773997409 ], [ 77.336685133915211, 16.758673825433288 ], [ 77.338468078195262, 16.758768864147669 ], [ 77.339960541469011, 16.758717944445671 ], [ 77.339976491514278, 16.758720031678298 ], [ 77.340066831702117, 16.75873196458625 ], [ 77.340164920986638, 16.75873068480308 ], [ 77.341339194628191, 16.758704651836936 ], [ 77.341435452563005, 16.758702522332591 ], [ 77.341569793524357, 16.75869118330057 ], [ 77.342751147039934, 16.758473818071195 ], [ 77.342841172027519, 16.758449908727421 ], [ 77.342918645598743, 16.758431551218276 ], [ 77.343066127185253, 16.758413501814758 ], [ 77.344060228340609, 16.758236100561813 ], [ 77.344129892132543, 16.758223548674561 ], [ 77.344156069117162, 16.758328912110727 ], [ 77.344449653668462, 16.759828962204946 ], [ 77.344471798158281, 16.759923742699083 ], [ 77.344493537783123, 16.759988466412665 ], [ 77.34450505376482, 16.760002553105664 ], [ 77.344811207151608, 16.760768786359201 ], [ 77.345217425515287, 16.761800352086478 ], [ 77.345234810182632, 16.761821923862637 ], [ 77.345316876476559, 16.761967778281377 ], [ 77.345789922548931, 16.762328646584844 ], [ 77.346388477209274, 16.762884260230237 ], [ 77.346464772770332, 16.762954669565865 ], [ 77.346474067057542, 16.763036720676499 ], [ 77.34647479960843, 16.763043162180782 ], [ 77.346498742013708, 16.763251586318596 ], [ 77.346515392258354, 16.763386234623759 ], [ 77.346598204434954, 16.763910150914072 ], [ 77.346698792599653, 16.764978982123118 ], [ 77.346719516471509, 16.76509468159113 ], [ 77.346674047684076, 16.765432799918162 ], [ 77.34666508651911, 16.766657969221512 ], [ 77.346662131485715, 16.766748937526096 ], [ 77.346599718250516, 16.768252322502473 ], [ 77.346581030044419, 16.768362072462779 ], [ 77.346543965072968, 16.769120487448767 ], [ 77.346468256372205, 16.769728335884388 ], [ 77.346370434728442, 16.770214883766158 ], [ 77.34633645602807, 16.770781722259603 ], [ 77.346330484601836, 16.770835409777181 ], [ 77.346264267996034, 16.772177161914229 ], [ 77.346265559167833, 16.772282900212105 ], [ 77.346202115104873, 16.772838226106686 ], [ 77.346191701918841, 16.772890850400362 ], [ 77.346163218959859, 16.773602226449878 ], [ 77.346099586130208, 16.774587052451633 ], [ 77.346099633057577, 16.774590875751134 ], [ 77.346071959770924, 16.774995770329099 ], [ 77.346056578342342, 16.776194348440047 ], [ 77.345837302058072, 16.778301848310019 ], [ 77.345815740647453, 16.778419209116631 ], [ 77.345772575080574, 16.77855534803475 ], [ 77.345710960664206, 16.778698268001733 ], [ 77.345560530325287, 16.779662094526817 ], [ 77.345493771064341, 16.779698055418837 ], [ 77.345366220782239, 16.779835046231572 ], [ 77.345275974905022, 16.780535565742838 ], [ 77.345268142984906, 16.780700196351201 ], [ 77.345292786145478, 16.780829591765851 ], [ 77.34531405103894, 16.780926010421705 ], [ 77.345428184942392, 16.781457190617125 ], [ 77.345536388035569, 16.781733747270042 ], [ 77.345480022901029, 16.781953189819848 ], [ 77.345287452213839, 16.782633788402439 ], [ 77.345254152637906, 16.78273342120605 ], [ 77.345281166742652, 16.782751743019148 ], [ 77.345579138711486, 16.782953489279162 ], [ 77.345505297785522, 16.783717724052714 ], [ 77.345481202600268, 16.783865206656998 ], [ 77.345358452962017, 16.784508958516763 ], [ 77.345260920593986, 16.784984752551196 ], [ 77.344908588026314, 16.786737861732092 ], [ 77.344581692306917, 16.788793733129022 ], [ 77.344553433202947, 16.788959214304626 ], [ 77.344538759314474, 16.789091302362436 ], [ 77.344320684414683, 16.790568221733665 ], [ 77.344294356948822, 16.790764112578344 ], [ 77.344281413079841, 16.790859763725287 ], [ 77.344257931207451, 16.790945619874417 ], [ 77.343796894416215, 16.792369159816548 ], [ 77.343712417912585, 16.792526217211144 ], [ 77.339744111864405, 16.800048877092067 ], [ 77.340117504732277, 16.800612969447052 ], [ 77.342198521107775, 16.803773564944098 ], [ 77.344786856615784, 16.80775294278283 ], [ 77.345051853575725, 16.808180257595261 ], [ 77.345107947260516, 16.808271056265347 ], [ 77.345175708688146, 16.808398601459729 ], [ 77.345184627806262, 16.80843537213163 ], [ 77.345346995187555, 16.809102983853343 ], [ 77.348568481647149, 16.821299348668191 ], [ 77.349296878580262, 16.823809566154097 ], [ 77.349659389935837, 16.825568124425779 ], [ 77.350369816269875, 16.828236253995168 ], [ 77.350491570089432, 16.828689589251073 ], [ 77.350576529058472, 16.82900668572351 ], [ 77.351694854236754, 16.829955106652349 ], [ 77.352135776882207, 16.8303496429875 ], [ 77.35228459323298, 16.830406056945908 ], [ 77.353155675861743, 16.830724876972841 ], [ 77.353505058391448, 16.830791641797529 ], [ 77.353512708801588, 16.830793872063914 ], [ 77.354137056756699, 16.831000151736603 ], [ 77.355453368750346, 16.831397628686297 ], [ 77.356636673613735, 16.831961252092349 ], [ 77.356726412356664, 16.832017747954772 ], [ 77.356776392611096, 16.832074635971686 ], [ 77.356881566350836, 16.832189085622581 ], [ 77.356961787126124, 16.83229533124349 ], [ 77.357853177033775, 16.833662235023336 ], [ 77.358700348527279, 16.835019707430128 ], [ 77.359115952853472, 16.835436213475671 ], [ 77.35953013956771, 16.835848761011633 ], [ 77.360079522558351, 16.836388676105056 ], [ 77.360462828537862, 16.83676115058973 ], [ 77.360511533929611, 16.836948412033866 ], [ 77.360561820029318, 16.837141504315614 ], [ 77.360665167834483, 16.837535682935009 ], [ 77.360736183293312, 16.837804056639992 ], [ 77.361281165826284, 16.83980214706644 ], [ 77.36157126952169, 16.840036905359852 ], [ 77.362085017714094, 16.839291163655961 ], [ 77.362182842182335, 16.83914784992232 ], [ 77.362251199054739, 16.839047309907571 ], [ 77.362412353954781, 16.838808652937097 ], [ 77.362532252212176, 16.838629914965843 ], [ 77.362623291119391, 16.838493675445449 ], [ 77.362713966214372, 16.838355188998886 ], [ 77.362921927832005, 16.838041251856346 ], [ 77.363035221442985, 16.838140363117287 ], [ 77.363136422724168, 16.838228912723149 ], [ 77.363244020042856, 16.838056600490074 ], [ 77.364738839183616, 16.835680008050097 ], [ 77.365312537079603, 16.834767238450766 ], [ 77.365852919095403, 16.834348176787696 ], [ 77.367068552332157, 16.833467710999852 ], [ 77.36837009378749, 16.832328786018206 ], [ 77.36879176967139, 16.832013529406616 ], [ 77.370432576106865, 16.83069983984614 ], [ 77.371598783829285, 16.829745960408744 ], [ 77.374167165277726, 16.828480897024988 ], [ 77.374661755249193, 16.828263336871018 ], [ 77.37502392155379, 16.827703455826331 ], [ 77.375537851551599, 16.827584661374118 ], [ 77.376142039867645, 16.827317090037422 ], [ 77.376586165782086, 16.827104019202785 ], [ 77.377165075445831, 16.82688328296436 ], [ 77.377174293611844, 16.826881566561031 ], [ 77.377638472873471, 16.826835029459023 ], [ 77.377917356734528, 16.826743338946596 ], [ 77.378080573458192, 16.826689357619337 ], [ 77.378956176951249, 16.82583149152844 ], [ 77.379020465146596, 16.825768383711658 ], [ 77.379738305683986, 16.825273840729821 ], [ 77.380154843132004, 16.825056689929713 ], [ 77.380343680583508, 16.825047292347953 ], [ 77.380425613381433, 16.824979472149803 ], [ 77.38068105433581, 16.824769192517525 ], [ 77.381352506542527, 16.824499202082922 ], [ 77.38165984254519, 16.824230010756207 ], [ 77.382131640936365, 16.824061020978974 ], [ 77.38233450972983, 16.82391843219435 ], [ 77.382298940554918, 16.823846967868196 ], [ 77.383072111255814, 16.823036875773919 ], [ 77.38373237532825, 16.822271877050614 ], [ 77.385100859562584, 16.820697206666456 ], [ 77.386023410607422, 16.819648943117997 ], [ 77.386606700828509, 16.818898180652592 ], [ 77.387819229734305, 16.817904200289508 ], [ 77.390306583004843, 16.815919700760961 ], [ 77.391427339520945, 16.81499512146986 ], [ 77.391841495612169, 16.814603827448948 ], [ 77.393115258746548, 16.813343961335779 ], [ 77.394340030402972, 16.812310316576212 ], [ 77.397435582517005, 16.80976207962393 ], [ 77.398835612821202, 16.808523802518042 ], [ 77.398916784445589, 16.808451069511317 ], [ 77.402628652461232, 16.805138815638376 ], [ 77.40312388628611, 16.804697556527913 ], [ 77.406015965564066, 16.802128781248541 ], [ 77.409922353027795, 16.797647394041924 ], [ 77.410647938010598, 16.798004527936659 ], [ 77.410889916811982, 16.798123819260883 ], [ 77.411337486996928, 16.798344972855983 ], [ 77.411475561952315, 16.798413331122038 ], [ 77.411831034324095, 16.798527905946177 ], [ 77.412860368689891, 16.798844435781376 ], [ 77.414072291264148, 16.799097022391372 ], [ 77.416398639177061, 16.79974891390129 ], [ 77.417709532384535, 16.799754491525711 ], [ 77.419135326627881, 16.799757637146808 ], [ 77.419274460732694, 16.799758014090596 ], [ 77.420192629070286, 16.799760309967965 ], [ 77.419118589940425, 16.796180485494776 ], [ 77.422874672756876, 16.795465386352895 ], [ 77.424556027948299, 16.796605401193457 ], [ 77.424914194308201, 16.796737707845494 ], [ 77.425667193861059, 16.797016055790614 ], [ 77.42568429739012, 16.797022382210482 ], [ 77.426538354122556, 16.797178984204411 ], [ 77.426621647018408, 16.797547568626729 ], [ 77.427177757448803, 16.797355242697492 ], [ 77.427641114366907, 16.796198501486845 ], [ 77.42930014271866, 16.793567114760112 ], [ 77.429597779776387, 16.793886126820066 ], [ 77.430445066215455, 16.793905610099721 ], [ 77.431373467688175, 16.793924199934001 ], [ 77.430441043518968, 16.792486218661892 ], [ 77.431376312282083, 16.79152926182519 ], [ 77.432968366650655, 16.792988643965867 ], [ 77.433294989257647, 16.793288190982469 ], [ 77.433826231794313, 16.793775084435651 ], [ 77.436205055204482, 16.791962747836621 ], [ 77.436911379543318, 16.791452736647667 ], [ 77.437123904692427, 16.791299068864383 ], [ 77.437214477127952, 16.791233729905603 ], [ 77.437260012274123, 16.791200912487753 ], [ 77.438542255664757, 16.790284188179495 ], [ 77.438923595110623, 16.790013705125698 ], [ 77.438959245129396, 16.789988738495129 ], [ 77.439044839715862, 16.789928824293817 ], [ 77.438968035886319, 16.789813471676776 ], [ 77.438612860513416, 16.789281289347258 ], [ 77.43784180368236, 16.788130718740025 ], [ 77.4369226738457, 16.786763424475922 ], [ 77.438227640053498, 16.787079164010301 ], [ 77.438605085904456, 16.779813045618575 ], [ 77.438898291492521, 16.778716180625818 ], [ 77.438880146356112, 16.778716973311511 ], [ 77.439872068227288, 16.775013847264891 ], [ 77.43991807053672, 16.774839015713436 ], [ 77.439943568468181, 16.774791954723501 ], [ 77.439945205471744, 16.77478580767507 ], [ 77.439990769909485, 16.774610984016189 ], [ 77.441345780282518, 16.772203922192841 ], [ 77.442958490345205, 16.769227377520988 ], [ 77.443385754995234, 16.76877287749031 ], [ 77.446373432283409, 16.765265317118601 ], [ 77.442800330498358, 16.757227359475387 ], [ 77.441683688631997, 16.754715213140265 ], [ 77.44038703035072, 16.751797969589433 ], [ 77.439859267351594, 16.751826308692376 ], [ 77.439331503068161, 16.751854646474552 ], [ 77.439324623575999, 16.751827715990725 ], [ 77.439318673015777, 16.751828090706617 ], [ 77.439291780686645, 16.751699149102393 ], [ 77.439291779298088, 16.75169914366672 ], [ 77.439267033595868, 16.751580493348509 ], [ 77.439173996853185, 16.751134406778739 ], [ 77.438536484093945, 16.750284664398777 ], [ 77.438154801298325, 16.749775918451441 ], [ 77.438154801275132, 16.749775918397788 ], [ 77.438099914413087, 16.749702759559614 ], [ 77.437873361366897, 16.749400783485449 ], [ 77.437741651252622, 16.749177020146679 ], [ 77.437233143461953, 16.748313120171154 ], [ 77.436903664547955, 16.747356188459207 ], [ 77.436903663418207, 16.747356186853615 ], [ 77.435946579806298, 16.745995958092596 ], [ 77.436166925797849, 16.744936198099772 ], [ 77.435933763654191, 16.744509817338969 ], [ 77.435682695969675, 16.744118705712332 ], [ 77.435564719784523, 16.743940844378233 ], [ 77.435564718277959, 16.743940843172727 ], [ 77.435505987639488, 16.743875046187391 ], [ 77.435439055272795, 16.743800061075056 ], [ 77.435358309097793, 16.743709599421912 ], [ 77.435343655419558, 16.743669292294875 ], [ 77.434719427754146, 16.741952261245075 ], [ 77.434537501560158, 16.74181336358285 ], [ 77.434487772150675, 16.741775398794594 ], [ 77.433994658791207, 16.740106043286264 ], [ 77.433989602985037, 16.740088925910317 ], [ 77.433862190861916, 16.739935009247485 ], [ 77.433471463076771, 16.738240357926024 ], [ 77.433470098382543, 16.73821137378561 ], [ 77.43344691987312, 16.737719126390303 ], [ 77.433191909164648, 16.7368397458599 ], [ 77.433153652313365, 16.736818331697915 ], [ 77.43285868292827, 16.736798097969906 ], [ 77.432714373177291, 16.736787224494105 ], [ 77.432586557926371, 16.736777599940904 ], [ 77.432427298107442, 16.736647366874603 ], [ 77.432358630354415, 16.736490604732584 ], [ 77.432324072102716, 16.736411715567879 ], [ 77.432324071647173, 16.736411715484358 ], [ 77.431905969816611, 16.736335057506093 ], [ 77.431892320123666, 16.735962118013063 ], [ 77.431877527881284, 16.735557938879531 ], [ 77.431877527866121, 16.735557938465156 ], [ 77.431832600921155, 16.735493639745233 ], [ 77.431696555220597, 16.73536372131365 ], [ 77.431604845814647, 16.735276154364701 ], [ 77.43120759431234, 16.735136301956135 ], [ 77.430459162013577, 16.73511801675399 ], [ 77.43018758425498, 16.735140414421906 ], [ 77.430018705502334, 16.735141697500467 ], [ 77.429915156164341, 16.735142486759948 ], [ 77.429801521241046, 16.735098660798752 ], [ 77.42975563689869, 16.73494564074263 ], [ 77.429663340712267, 16.734597829347265 ], [ 77.429593878417819, 16.734248618135123 ], [ 77.429456366326605, 16.733987176325503 ], [ 77.429281984608878, 16.733876279017085 ], [ 77.429072476023933, 16.733930053877582 ], [ 77.428792888033058, 16.733646679527983 ], [ 77.428422179287438, 16.733526704635171 ], [ 77.428381857939939, 16.733467524436374 ], [ 77.428327343149732, 16.733387511377387 ], [ 77.42821387585019, 16.733220974052767 ], [ 77.428195737408814, 16.733194351402421 ], [ 77.428319854484045, 16.732806066125345 ], [ 77.42806194694866, 16.73253625038538 ], [ 77.42838762784254, 16.731931459305276 ], [ 77.428307467126515, 16.731545577260135 ], [ 77.428274388711131, 16.731481200014173 ], [ 77.428219268646785, 16.731373925236621 ], [ 77.428198618995197, 16.731329541670991 ], [ 77.428049846088456, 16.731009778502251 ], [ 77.427931414820435, 16.730755226817099 ], [ 77.42760640044817, 16.730056652586835 ], [ 77.427606400398886, 16.730056652480911 ], [ 77.427339938900474, 16.729905462992477 ], [ 77.427205059860754, 16.729683368050818 ], [ 77.427170796162798, 16.729626965243526 ], [ 77.427170796095425, 16.729626965233834 ], [ 77.427025076835491, 16.729606005688971 ], [ 77.426935038995566, 16.729593054970113 ], [ 77.426913284197838, 16.72946704415638 ], [ 77.426827034399338, 16.728967467627989 ], [ 77.426826735946776, 16.728965736804625 ], [ 77.426692650532331, 16.728566673264666 ], [ 77.42695251053749, 16.727575832658445 ], [ 77.42683127708564, 16.727295829846891 ], [ 77.42702265640456, 16.727209822843825 ], [ 77.42730113909748, 16.727088499784376 ], [ 77.427682157375841, 16.726772031006568 ], [ 77.428113867777455, 16.726800853402892 ], [ 77.428855313318408, 16.72641881620185 ], [ 77.429371062615687, 16.726569934753904 ], [ 77.430008382193336, 16.726338444611926 ], [ 77.430416317960521, 16.726027131358741 ], [ 77.430493819029451, 16.725063455517631 ], [ 77.430313840251245, 16.724824843684992 ], [ 77.430211777375504, 16.724689529749309 ], [ 77.430377347759531, 16.724239601297096 ], [ 77.430688873273027, 16.72436561260637 ], [ 77.430641667813859, 16.723537012981708 ], [ 77.430476480776932, 16.72337391238764 ], [ 77.430145716108967, 16.723338508967835 ], [ 77.429590640842463, 16.722979582726513 ], [ 77.429271859100922, 16.722924388309121 ], [ 77.428046988735161, 16.722953689613064 ], [ 77.427803375917222, 16.722921606964636 ], [ 77.427408870560413, 16.72296139544239 ], [ 77.42720230967312, 16.722982229143039 ], [ 77.426890370175045, 16.723020437180985 ] ] ], [ [ [ 77.348798547894873, 16.699032510103699 ], [ 77.348986897891322, 16.699737027722001 ], [ 77.349009744789399, 16.699812405534061 ], [ 77.348962010912302, 16.699640077322812 ], [ 77.348806855606611, 16.699016952517653 ], [ 77.348798547894873, 16.699032510103699 ] ] ], [ [ [ 77.34884489661718, 16.698313821389625 ], [ 77.348935856831218, 16.698392157701704 ], [ 77.348993298936804, 16.698478184568959 ], [ 77.349031454340633, 16.698595900265591 ], [ 77.349076735908938, 16.698619634400103 ], [ 77.349054707526349, 16.698443404760312 ], [ 77.349002992685939, 16.69841426682115 ], [ 77.348961249510126, 16.698286834858049 ], [ 77.348898673251981, 16.698191719039034 ], [ 77.348834131070703, 16.698133130178512 ], [ 77.34884489661718, 16.698313821389625 ] ] ], [ [ [ 77.347151823147769, 16.696058940153794 ], [ 77.347109970658849, 16.696280346024022 ], [ 77.347375922388153, 16.696222722199447 ], [ 77.347486448028448, 16.696201025893732 ], [ 77.347836364533592, 16.696466419103484 ], [ 77.348463552877988, 16.696492037725303 ], [ 77.348490328327316, 16.696699746549136 ], [ 77.348526212179408, 16.696936778330862 ], [ 77.348694620946503, 16.697174966256298 ], [ 77.348792416574398, 16.697849054863372 ], [ 77.348807917390673, 16.697951843276311 ], [ 77.348809189730702, 16.697931214012126 ], [ 77.348797111489986, 16.69769237448466 ], [ 77.348756053102548, 16.697096684008432 ], [ 77.348611380788938, 16.69682047133222 ], [ 77.348579518638573, 16.696561035249672 ], [ 77.348549358550841, 16.696337613281997 ], [ 77.347955748926211, 16.696256326295472 ], [ 77.347154515517417, 16.696048270553163 ], [ 77.347151823147769, 16.696058940153794 ] ] ], [ [ [ 77.408567675540908, 16.666199612881297 ], [ 77.408792254805832, 16.666334808860508 ], [ 77.408904083301636, 16.666402130273468 ], [ 77.408857683360281, 16.666210763896526 ], [ 77.408747641996882, 16.665756924083535 ], [ 77.409026883537848, 16.663940678218598 ], [ 77.409065225859194, 16.66369128756812 ], [ 77.40955622679914, 16.662288793660768 ], [ 77.409573390512648, 16.661920420229858 ], [ 77.409672598218748, 16.659791216240794 ], [ 77.409373084770792, 16.65960429538374 ], [ 77.409404865777887, 16.659461748960965 ], [ 77.409689650024305, 16.659353383877217 ], [ 77.409769248041812, 16.659323095122783 ], [ 77.410054511108655, 16.659449988056085 ], [ 77.410301796845616, 16.659326929647857 ], [ 77.410293740386095, 16.65910869826163 ], [ 77.410611490093601, 16.658993878313673 ], [ 77.410760945459913, 16.659164578174703 ], [ 77.410941182478837, 16.659122199777254 ], [ 77.41096685709698, 16.658843821061321 ], [ 77.414262600726246, 16.657870652731134 ], [ 77.415558609227205, 16.657676970758303 ], [ 77.417390031573902, 16.657486457378035 ], [ 77.417422939507873, 16.65739289635049 ], [ 77.417588156813338, 16.656923117677351 ], [ 77.417256133890589, 16.655829448543304 ], [ 77.416996582671644, 16.655482679401615 ], [ 77.416811645395086, 16.655288903024402 ], [ 77.416646003411117, 16.654946944886611 ], [ 77.416470612787293, 16.654754501168735 ], [ 77.41631915099093, 16.654588313893111 ], [ 77.416088293995401, 16.654067841943547 ], [ 77.416070744359132, 16.654024863822368 ], [ 77.415851668541251, 16.653488392888132 ], [ 77.415829325894421, 16.653433679699251 ], [ 77.415618508609228, 16.652917428413655 ], [ 77.41561699625872, 16.652914220320227 ], [ 77.415380655325919, 16.652413173396571 ], [ 77.414907100470543, 16.651649743818133 ], [ 77.414473082318736, 16.650950048630587 ], [ 77.4139051075081, 16.64944356179863 ], [ 77.413808262555833, 16.649156677782152 ], [ 77.413547255964119, 16.648383486015202 ], [ 77.413204850873328, 16.646657169082236 ], [ 77.413207375121843, 16.646611743793802 ], [ 77.41321897747514, 16.646402921263338 ], [ 77.412889738360349, 16.645133826934838 ], [ 77.412443215907203, 16.644508739028652 ], [ 77.411816888202978, 16.6446775059378 ], [ 77.411689415388025, 16.643780773529119 ], [ 77.408492410920502, 16.644882508017083 ], [ 77.408569623492696, 16.645963598902814 ], [ 77.409178900449206, 16.647671622443127 ], [ 77.40761952007233, 16.648022123149289 ], [ 77.406724989045728, 16.648212286505395 ], [ 77.406643448347211, 16.649498037563365 ], [ 77.40623841735993, 16.649567047772326 ], [ 77.405381120133114, 16.649656259519283 ], [ 77.404651327457287, 16.649393417442358 ], [ 77.404080441125373, 16.64999440676457 ], [ 77.40373895794373, 16.651282625720352 ], [ 77.403733659249397, 16.651366913273456 ], [ 77.403728233838692, 16.651453211271118 ], [ 77.403640703717855, 16.652845376613623 ], [ 77.403552657491645, 16.653985921052929 ], [ 77.403545793221824, 16.654164467925902 ], [ 77.403400142898391, 16.657952919456484 ], [ 77.40361734383886, 16.65896354028866 ], [ 77.403932937191399, 16.659409426905878 ], [ 77.404128226100312, 16.659971380124077 ], [ 77.404202229237256, 16.660473454040083 ], [ 77.40432579246243, 16.661311749323218 ], [ 77.404380495129317, 16.662409150083672 ], [ 77.404358454553204, 16.663138884303692 ], [ 77.404263909405046, 16.664370830555796 ], [ 77.404227238865886, 16.665046552793878 ], [ 77.404229923382843, 16.665550809873874 ], [ 77.405466625296413, 16.665301922827229 ], [ 77.40645424360099, 16.665006422761135 ], [ 77.406516861792042, 16.665254180653331 ], [ 77.406619250223613, 16.6656174555938 ], [ 77.406768292922294, 16.666192493216787 ], [ 77.406961324044218, 16.666886388676406 ], [ 77.407276772918848, 16.666838316711001 ], [ 77.408356945425666, 16.666613634970233 ], [ 77.408567675540908, 16.666199612881297 ] ] ], [ [ [ 77.410446819951673, 16.690780057515347 ], [ 77.410707761692862, 16.690774633839805 ], [ 77.411160441336136, 16.690774294585211 ], [ 77.411862729290561, 16.690773765929205 ], [ 77.413256635749818, 16.690636224046823 ], [ 77.413261465768343, 16.690619315583941 ], [ 77.413474835032005, 16.689872355077412 ], [ 77.413750819053448, 16.688906181769791 ], [ 77.41389767163983, 16.688365366065376 ], [ 77.41391353976401, 16.688306928400529 ], [ 77.414142251729388, 16.687416969370069 ], [ 77.41416992839747, 16.687322088165924 ], [ 77.414479760162848, 16.686518549500121 ], [ 77.414686667831489, 16.68599676646722 ], [ 77.41490425734537, 16.685411381444311 ], [ 77.415120158152916, 16.684818860932992 ], [ 77.415247320848863, 16.684137795953646 ], [ 77.415369269718823, 16.683484663372308 ], [ 77.415511505922012, 16.682568010583996 ], [ 77.415695325778913, 16.68162107321977 ], [ 77.415722293828068, 16.681484510781488 ], [ 77.41553054951919, 16.681411156368881 ], [ 77.414949875128428, 16.68118900918801 ], [ 77.414299835467418, 16.680967316168665 ], [ 77.413987491923834, 16.680889856752575 ], [ 77.413591420613955, 16.680872209339174 ], [ 77.412849096201825, 16.680848695935033 ], [ 77.411450342819037, 16.680923249382744 ], [ 77.410982082530737, 16.680948206167578 ], [ 77.409591468446962, 16.681070096069575 ], [ 77.409365954614998, 16.681113220471072 ], [ 77.408641803125164, 16.681274134442827 ], [ 77.408532964166739, 16.682534434675418 ], [ 77.408526206743886, 16.682612673236438 ], [ 77.408561322442935, 16.682679362522343 ], [ 77.408947559101335, 16.683412919185468 ], [ 77.408981570122975, 16.683477511988745 ], [ 77.408990874073993, 16.683495183554648 ], [ 77.408316724595124, 16.685048645496806 ], [ 77.408246481626321, 16.685210507157386 ], [ 77.408243222080003, 16.685286519898057 ], [ 77.408234558733227, 16.685488599327989 ], [ 77.408228508284552, 16.685629704642899 ], [ 77.408179944379512, 16.686762342006716 ], [ 77.408170597622558, 16.686980333981243 ], [ 77.408166457118725, 16.687076917237604 ], [ 77.408163733133549, 16.687140467077995 ], [ 77.407928519811435, 16.687297140600133 ], [ 77.407161201453988, 16.687338567677124 ], [ 77.407013411148327, 16.688507532136583 ], [ 77.406993814637346, 16.688709516619522 ], [ 77.406896741733661, 16.689710066524594 ], [ 77.406812786848633, 16.69072645241798 ], [ 77.406843935374411, 16.69073371396227 ], [ 77.406873703689968, 16.690735765902236 ], [ 77.407830212315758, 16.690801735017732 ], [ 77.408194455533959, 16.690826854433805 ], [ 77.408252746510186, 16.690825643783274 ], [ 77.408389480054211, 16.690833380412318 ], [ 77.409385981054669, 16.690835883336437 ], [ 77.410446819951673, 16.690780057515347 ] ] ] ] } },
{ "type": "Feature", "properties": { "OBJECTID": 564, "KGISHobliID": 283, "KGISHobliCode": "300401", "KGISHobliName": "Gurumitakala", "BhuCodeHobli": null, "SHAPE.STArea()": 279662383.78408992, "SHAPE.STLength()": 104103.35924715608, "KGISTalukCode": "3004", "created_user": null, "created_date": null, "last_edited_user": "SURESHBV1", "last_edited_date": 1690364672000.0, "_overlap_percent": 99.854784600676481, "_police_station": "Gurmitkal PS", "_police_feature_index": "298", "_admin_layer": "Hobli", "_geometry_clipped": true }, "geometry": { "type": "Polygon", "coordinates": [ [ [ 77.288069271756783, 16.935398673793458 ], [ 77.288154561138555, 16.93541709803511 ], [ 77.288166478640676, 16.935419672787557 ], [ 77.288141790833421, 16.93603598451206 ], [ 77.288139741816508, 16.936082765283974 ], [ 77.288480203360749, 16.936412299619942 ], [ 77.28901389014834, 16.936934775698166 ], [ 77.289230873182404, 16.937147198993234 ], [ 77.289234809167738, 16.937092695072781 ], [ 77.289285849398738, 16.936385913302953 ], [ 77.289270200317063, 16.936319813896457 ], [ 77.290128607507185, 16.936019710105175 ], [ 77.290091351948604, 16.935441768830451 ], [ 77.290347638896776, 16.935484079092564 ], [ 77.291144856173716, 16.935615697975184 ], [ 77.291740533929357, 16.935169583442669 ], [ 77.292728170128044, 16.935061107401619 ], [ 77.293213365313164, 16.933534805179146 ], [ 77.293279508885263, 16.933326728014698 ], [ 77.293866699388786, 16.932867894241756 ], [ 77.294456993232203, 16.932659857906526 ], [ 77.294522855531724, 16.932659779350427 ], [ 77.295902322421597, 16.932815832094377 ], [ 77.296212701598407, 16.932732308442837 ], [ 77.296973579334079, 16.932478184374755 ], [ 77.297721642222271, 16.932202252152734 ], [ 77.297910340229834, 16.932133264234267 ], [ 77.297977784492687, 16.932108603709068 ], [ 77.297977679464012, 16.932095006714732 ], [ 77.298002535798986, 16.932075698860835 ], [ 77.299156693607699, 16.931179139602555 ], [ 77.30023186454082, 16.930304462429248 ], [ 77.300826646527128, 16.929820582566887 ], [ 77.304336228257213, 16.929590861142369 ], [ 77.305227609262957, 16.929532502160672 ], [ 77.305276739052431, 16.929529285627773 ], [ 77.305409200237662, 16.929402840532411 ], [ 77.306588621081161, 16.929115224488015 ], [ 77.307525327912785, 16.928918895642742 ], [ 77.307485314528847, 16.928553587550365 ], [ 77.307470212775641, 16.928415712012431 ], [ 77.307519670912711, 16.928410362074509 ], [ 77.307534574204652, 16.928408730170613 ], [ 77.30752803503448, 16.928361200432978 ], [ 77.307577804040932, 16.928356641014929 ], [ 77.30841361692768, 16.928280112227462 ], [ 77.30884489725112, 16.928240624527046 ], [ 77.310409406302824, 16.927933482116362 ], [ 77.310465359463109, 16.92792249796296 ], [ 77.310465376835893, 16.927922494131206 ], [ 77.310652432704615, 16.927855889752252 ], [ 77.31086666417734, 16.927777560459898 ], [ 77.310907728151861, 16.927762359723864 ], [ 77.310914208048516, 16.927759956703181 ], [ 77.311139837042901, 16.927671714994613 ], [ 77.311160792675238, 16.92766345714254 ], [ 77.311161184334082, 16.92766379505747 ], [ 77.311220238156551, 16.927639165819894 ], [ 77.311240672553225, 16.927630646465875 ], [ 77.312327344246697, 16.928516622214055 ], [ 77.312747467822561, 16.930440908118676 ], [ 77.312860048490322, 16.930545691749327 ], [ 77.316233755279271, 16.932842542918255 ], [ 77.316798711999326, 16.933564162695109 ], [ 77.317009129794016, 16.934434865013156 ], [ 77.317128367770152, 16.934601767163606 ], [ 77.317882063567268, 16.935386395061702 ], [ 77.319959307141431, 16.935935114584826 ], [ 77.320200727387714, 16.936011567953273 ], [ 77.320619481132795, 16.936144242667186 ], [ 77.321200208170424, 16.936047841153087 ], [ 77.321334046139086, 16.936025619007587 ], [ 77.321473767976229, 16.936002422210528 ], [ 77.3215704215621, 16.935912997448941 ], [ 77.321869450845185, 16.93588829820073 ], [ 77.321872211516535, 16.935888069529415 ], [ 77.321995028846871, 16.935789221225455 ], [ 77.322312903048726, 16.935769040600647 ], [ 77.322565334224194, 16.935753020003993 ], [ 77.322858131357108, 16.935623704138152 ], [ 77.324110960484731, 16.935126027546175 ], [ 77.324194504455491, 16.935092840296896 ], [ 77.324321484136931, 16.935062642886944 ], [ 77.324413770586048, 16.935040721873026 ], [ 77.325017526976509, 16.934897308329298 ], [ 77.325498514514607, 16.934783055978574 ], [ 77.325589915394573, 16.934761345086077 ], [ 77.32595325502102, 16.934675037296682 ], [ 77.326694404637365, 16.934278855097855 ], [ 77.327080453727845, 16.934075823963571 ], [ 77.327165252160469, 16.934047204845875 ], [ 77.327251960304892, 16.934018425725665 ], [ 77.327818010420202, 16.933830549080493 ], [ 77.32781803841543, 16.933830536114719 ], [ 77.327877615539634, 16.933785052500628 ], [ 77.328005113435367, 16.933687645995608 ], [ 77.328685782584387, 16.933285041999945 ], [ 77.328688103436406, 16.933283666858841 ], [ 77.328782300610627, 16.933227857946175 ], [ 77.328783723310281, 16.933227015172719 ], [ 77.329044006802846, 16.933072716924773 ], [ 77.331072887095345, 16.932246797619857 ], [ 77.332638899614338, 16.931706121098447 ], [ 77.3336330234754, 16.931516995007893 ], [ 77.333633051536637, 16.931516987460647 ], [ 77.33387017572322, 16.931436188825227 ], [ 77.333977442296856, 16.931399637495872 ], [ 77.334317137202376, 16.931284099447041 ], [ 77.334358685263382, 16.931230599874073 ], [ 77.335810464966485, 16.930604872877357 ], [ 77.335869022808239, 16.930579633561162 ], [ 77.335874073232446, 16.930577546023667 ], [ 77.33587910125901, 16.930575468678825 ], [ 77.335935768181216, 16.930552063956267 ], [ 77.336054133194665, 16.930503207797162 ], [ 77.336128549111976, 16.93061557256792 ], [ 77.336133161528494, 16.930613593802292 ], [ 77.336138006531741, 16.930611514930931 ], [ 77.336192615190427, 16.930588096640225 ], [ 77.336306675674194, 16.930539188392032 ], [ 77.336508522904552, 16.930824361414661 ], [ 77.33720931935008, 16.930695368349692 ], [ 77.337520821446091, 16.930632554684799 ], [ 77.338455440257022, 16.930433978817394 ], [ 77.338520433160824, 16.930497418309759 ], [ 77.338674562804954, 16.930462960575337 ], [ 77.339163330468793, 16.930918071716953 ], [ 77.339854593118389, 16.931128851586202 ], [ 77.340270461326341, 16.931363669124199 ], [ 77.340344532619739, 16.931448637842603 ], [ 77.34054284655015, 16.931676127840422 ], [ 77.340603249969391, 16.931896383149528 ], [ 77.340675398840958, 16.93215945629132 ], [ 77.340731899762361, 16.932365466453938 ], [ 77.34071024401949, 16.933036494311779 ], [ 77.340877802616589, 16.93347142009463 ], [ 77.340923486558012, 16.933768630540253 ], [ 77.341174768046258, 16.934242257949705 ], [ 77.341373802723623, 16.934327708054145 ], [ 77.341424831300998, 16.934206913136503 ], [ 77.341588802988838, 16.933907977871534 ], [ 77.341594288992312, 16.933521748711438 ], [ 77.341596324730531, 16.933378414806374 ], [ 77.34160013283352, 16.933110354089759 ], [ 77.341604309589044, 16.932816336475174 ], [ 77.341605396333335, 16.932739804750213 ], [ 77.341608332971958, 16.932533128955257 ], [ 77.341617558446472, 16.93188372050059 ], [ 77.341618663980412, 16.931805897697114 ], [ 77.341619142794016, 16.93177215915852 ], [ 77.341619962782133, 16.931725566840512 ], [ 77.341621687491269, 16.931704766867952 ], [ 77.341672262449265, 16.93109466794883 ], [ 77.341675212023645, 16.931059089910541 ], [ 77.341682850488709, 16.930966949414319 ], [ 77.341686809563996, 16.930946366824738 ], [ 77.341701106252842, 16.930872035035087 ], [ 77.341947582296996, 16.92959054066689 ], [ 77.341948758666547, 16.929584814523196 ], [ 77.342074457146097, 16.928973018838974 ], [ 77.342090554584516, 16.928894670972735 ], [ 77.342161926795384, 16.928723301378305 ], [ 77.342196185058498, 16.92865419414321 ], [ 77.342289355002336, 16.928466244234368 ], [ 77.342474898762205, 16.928091951461042 ], [ 77.342658458834762, 16.927720655638133 ], [ 77.343127147536848, 16.926641519112604 ], [ 77.343208753013073, 16.926243295370277 ], [ 77.343450090548998, 16.925065562583036 ], [ 77.343477087787107, 16.924933804087221 ], [ 77.344413910349758, 16.924095891691213 ], [ 77.344841154710835, 16.923015986043421 ], [ 77.345583565496852, 16.921139426470255 ], [ 77.345589258092446, 16.921125042479254 ], [ 77.346132168328694, 16.920139846270025 ], [ 77.346132815046218, 16.920136373679195 ], [ 77.34617704656057, 16.919900501060287 ], [ 77.346343090228601, 16.919667657395888 ], [ 77.34644397996631, 16.918753831479414 ], [ 77.346540164332353, 16.91827506272687 ], [ 77.346698214633435, 16.917618158363862 ], [ 77.346643394370687, 16.917359478256138 ], [ 77.346461215267453, 16.916418371719132 ], [ 77.346380891462772, 16.916260244588432 ], [ 77.346402678399144, 16.916224861297479 ], [ 77.346392393165118, 16.916200299586698 ], [ 77.346644353072094, 16.915832367138378 ], [ 77.34683691332198, 16.91551963774711 ], [ 77.347171940499621, 16.91497554002207 ], [ 77.347421772662742, 16.914569802753594 ], [ 77.347501732040016, 16.914550233684462 ], [ 77.347502524466748, 16.914550041210454 ], [ 77.348022806190201, 16.913089221267903 ], [ 77.348160565456197, 16.912731731741633 ], [ 77.34828895401921, 16.912383961194077 ], [ 77.348329274820131, 16.912273020248779 ], [ 77.348405090647191, 16.912064420294168 ], [ 77.348693816616588, 16.911229439362671 ], [ 77.348774275672397, 16.910996758405648 ], [ 77.348785408382653, 16.910964564328633 ], [ 77.348819688055386, 16.910849592409349 ], [ 77.348752768652787, 16.910892530171239 ], [ 77.348806545002475, 16.910734790415688 ], [ 77.34882792171851, 16.910672088815712 ], [ 77.348883365095304, 16.910681288658978 ], [ 77.348908340043977, 16.910609064968369 ], [ 77.349196262775862, 16.910663194030064 ], [ 77.349446034051539, 16.90949201058325 ], [ 77.349478140148534, 16.909340635218438 ], [ 77.349523582273179, 16.909126142018373 ], [ 77.349536332505991, 16.909123026301739 ], [ 77.349552330350988, 16.909031497148995 ], [ 77.349564203562068, 16.90893409497447 ], [ 77.349596070373835, 16.908672670890166 ], [ 77.349931418269364, 16.908294244348411 ], [ 77.350142888725898, 16.908055607994161 ], [ 77.350440666668717, 16.907709333768203 ], [ 77.351487012264272, 16.907299362301664 ], [ 77.351742410880007, 16.907391826141208 ], [ 77.351940760553759, 16.907473889849243 ], [ 77.352001172513397, 16.907500529798849 ], [ 77.352406275261515, 16.907679169283192 ], [ 77.353429162910416, 16.907911567995622 ], [ 77.353572349090342, 16.907941636989356 ], [ 77.353572411180693, 16.907941649824725 ], [ 77.354070178347541, 16.908043482788724 ], [ 77.354114875658283, 16.908052626669171 ], [ 77.354280886723132, 16.907683912596681 ], [ 77.354292705118937, 16.907658371448992 ], [ 77.35453961036572, 16.907124760888774 ], [ 77.354555973067917, 16.907089397059259 ], [ 77.354627956165743, 16.906932801787637 ], [ 77.354724419149704, 16.906733268785782 ], [ 77.354894177465582, 16.906686404706115 ], [ 77.354924755564539, 16.906632628228959 ], [ 77.355213251452753, 16.906583857520751 ], [ 77.355319598385691, 16.906565880243775 ], [ 77.355407285654778, 16.906540923003391 ], [ 77.355621844867287, 16.906479856176997 ], [ 77.356046621340113, 16.906442981607604 ], [ 77.356067902327808, 16.906439384191113 ], [ 77.35666883614779, 16.906337784828978 ], [ 77.356781246458482, 16.906318780887688 ], [ 77.357035781775167, 16.906275752101585 ], [ 77.357045640825405, 16.906274086581565 ], [ 77.357255651713288, 16.906238591233876 ], [ 77.357370031956663, 16.906219251729123 ], [ 77.357769451094484, 16.906151724342468 ], [ 77.358333002779474, 16.906016397448671 ], [ 77.358955762829098, 16.905866852694221 ], [ 77.359350374579549, 16.90576988161942 ], [ 77.359905902996516, 16.905612273312901 ], [ 77.360246840182882, 16.905515544976797 ], [ 77.360848924164713, 16.905399992298914 ], [ 77.361220148320541, 16.905323424589774 ], [ 77.361407107659389, 16.905282350390507 ], [ 77.361589529355314, 16.90524227329043 ], [ 77.361591207185143, 16.905241904334471 ], [ 77.363135922394392, 16.905100252824361 ], [ 77.363324204218571, 16.905082986730818 ], [ 77.364242160446508, 16.904998802785137 ], [ 77.36425116566204, 16.904998057346315 ], [ 77.364545022691544, 16.904973164449125 ], [ 77.364644852795948, 16.904964707111155 ], [ 77.365017956715477, 16.904794551548484 ], [ 77.365467895598272, 16.904589353306825 ], [ 77.365711739049488, 16.90447814600665 ], [ 77.366231293449673, 16.904241196291849 ], [ 77.366277978482771, 16.904086873382397 ], [ 77.366650762697375, 16.902854636791648 ], [ 77.366734964419734, 16.902576289726959 ], [ 77.366771922510495, 16.902454120799717 ], [ 77.366781124461923, 16.902415551281052 ], [ 77.366943925289107, 16.901733169155499 ], [ 77.366945883351505, 16.90172496063083 ], [ 77.366985594620658, 16.901723617754261 ], [ 77.367209113531374, 16.901716060695133 ], [ 77.36788226242146, 16.901672643173708 ], [ 77.36796334113329, 16.901667414013588 ], [ 77.368036296630564, 16.901662708332278 ], [ 77.368056957990021, 16.901658991903933 ], [ 77.368085817395837, 16.901653795306395 ], [ 77.368543248089225, 16.901571512210865 ], [ 77.368575176189395, 16.901443085574549 ], [ 77.368650089760635, 16.901141801076509 ], [ 77.369145877898404, 16.900057735558846 ], [ 77.369438770785564, 16.899417325162016 ], [ 77.369640628978289, 16.898755149108069 ], [ 77.370157732605392, 16.898106447403201 ], [ 77.370178046113608, 16.89808073225608 ], [ 77.370240668594036, 16.898001455368938 ], [ 77.370342630367716, 16.897872379101859 ], [ 77.370950277754531, 16.897575440031499 ], [ 77.371111410903509, 16.897413691367046 ], [ 77.371346662924239, 16.897177541204321 ], [ 77.371488424376295, 16.898146904661775 ], [ 77.371576226610586, 16.898747253532807 ], [ 77.37157690044468, 16.898751841795381 ], [ 77.3722444091011, 16.898705568791968 ], [ 77.372897424560747, 16.89866029005314 ], [ 77.372995918288922, 16.898653045955204 ], [ 77.373249341698653, 16.898591378712347 ], [ 77.373283114296385, 16.898578603476707 ], [ 77.373484100869433, 16.89850311007655 ], [ 77.373545566712608, 16.898492266431905 ], [ 77.374061436369303, 16.898401254720746 ], [ 77.374310203474565, 16.898357366017738 ], [ 77.374400174307709, 16.898341493236483 ], [ 77.374452613907067, 16.898332241826544 ], [ 77.374463706263299, 16.898328712132585 ], [ 77.375471293012552, 16.898164297097285 ], [ 77.376131898317084, 16.898056498517139 ], [ 77.376127983469971, 16.89803408037168 ], [ 77.376127021225386, 16.898028573201945 ], [ 77.376132805695221, 16.897388450470693 ], [ 77.37613757914886, 16.896860240151096 ], [ 77.376144241684102, 16.896837231267956 ], [ 77.376144729275396, 16.896766203466026 ], [ 77.376144940929976, 16.896735314001251 ], [ 77.376147475694751, 16.896515900369337 ], [ 77.376150033057314, 16.896294468468817 ], [ 77.376163644605313, 16.895116189570722 ], [ 77.376221240804057, 16.895106858073664 ], [ 77.377736093818683, 16.894861417893747 ], [ 77.377781158295676, 16.894854033674648 ], [ 77.377878058881791, 16.894838154948189 ], [ 77.377884521610525, 16.894837550519341 ], [ 77.377920831399805, 16.8950161923682 ], [ 77.37793304940314, 16.895076303908294 ], [ 77.378003421213137, 16.895068097332476 ], [ 77.37814279075441, 16.89505184063183 ], [ 77.378149123265615, 16.895051102210093 ], [ 77.378217379702392, 16.896047269100144 ], [ 77.37822538211816, 16.896164039729332 ], [ 77.379697767925606, 16.896032830741802 ], [ 77.380099111257863, 16.896362765453226 ], [ 77.381029109884722, 16.896082376547955 ], [ 77.381051294331883, 16.896076837680791 ], [ 77.381088800433162, 16.896036140725968 ], [ 77.381418667955771, 16.895678210001741 ], [ 77.382269080497551, 16.89523212196557 ], [ 77.382324466605468, 16.895203068135864 ], [ 77.382408544520075, 16.895158964466596 ], [ 77.382958713499562, 16.894533310353449 ], [ 77.38297718305104, 16.894512306527794 ], [ 77.382991781561628, 16.894494309726788 ], [ 77.383064921904406, 16.89457887840085 ], [ 77.383071187049808, 16.894570653411662 ], [ 77.383495060496742, 16.894988536968437 ], [ 77.383533793587745, 16.895026733986889 ], [ 77.383620949013178, 16.895112662496206 ], [ 77.383804164909478, 16.895293306023994 ], [ 77.383821201940691, 16.895310101544084 ], [ 77.384067437446319, 16.895891809111433 ], [ 77.384108408285599, 16.895988579405419 ], [ 77.384267692787006, 16.896364918573578 ], [ 77.384283284448699, 16.896401747308623 ], [ 77.384313042688589, 16.896472056549232 ], [ 77.384573695993168, 16.897176650206163 ], [ 77.384569203614959, 16.897188449186011 ], [ 77.384408865199887, 16.897609091630191 ], [ 77.384380472732289, 16.897683566078623 ], [ 77.384475522689115, 16.898255863977671 ], [ 77.384828711338415, 16.898235366316719 ], [ 77.384953796411267, 16.898226849105484 ], [ 77.385130038573024, 16.898214460138345 ], [ 77.385951706773895, 16.898138003754983 ], [ 77.386767852837195, 16.897992414266078 ], [ 77.387172333475007, 16.897920259236077 ], [ 77.38716756626431, 16.89720449810358 ], [ 77.387189426937368, 16.89719792083854 ], [ 77.387257181321303, 16.897177527634 ], [ 77.387247858554346, 16.897093669555531 ], [ 77.387270408707579, 16.897088646962466 ], [ 77.387521104321934, 16.897035184891106 ], [ 77.387789198376566, 16.896978011975833 ], [ 77.388263286919084, 16.896876908823007 ], [ 77.388306307590852, 16.896867734995102 ], [ 77.388337485658184, 16.896864014112705 ], [ 77.388531008052325, 16.896822801547057 ], [ 77.388589594021184, 16.896810076651317 ], [ 77.388592499866093, 16.896717913557364 ], [ 77.388612457004115, 16.896085727079857 ], [ 77.38863665442129, 16.895319266845668 ], [ 77.388594653119512, 16.894226386105444 ], [ 77.388595803682065, 16.894165824002151 ], [ 77.388598664877307, 16.894044917278809 ], [ 77.388521484848198, 16.894028244151578 ], [ 77.388500235896089, 16.894023831966056 ], [ 77.388499415438716, 16.894009341653994 ], [ 77.388425705788848, 16.893994436409645 ], [ 77.388221525309902, 16.893954616494959 ], [ 77.387937249884175, 16.893899175946498 ], [ 77.387902123441279, 16.893892325886775 ], [ 77.387428532235958, 16.893246573927353 ], [ 77.387423344867642, 16.892834358413474 ], [ 77.387412928374303, 16.892724755105011 ], [ 77.387572614122902, 16.892669263104374 ], [ 77.387661826504413, 16.892640746544377 ], [ 77.387948046909173, 16.892656685057105 ], [ 77.388023978866272, 16.892660494578767 ], [ 77.388022842425201, 16.892553137089944 ], [ 77.388020440836087, 16.89232625605775 ], [ 77.388020379027679, 16.892323209019139 ], [ 77.388019478392579, 16.892278862608524 ], [ 77.388154259295305, 16.892149555226077 ], [ 77.388262770094258, 16.892045451245426 ], [ 77.388337505892579, 16.891973189954637 ], [ 77.388484462479241, 16.891317054333264 ], [ 77.388493882047314, 16.891271108800108 ], [ 77.388507081443009, 16.891206725114589 ], [ 77.388511844108365, 16.891208563662172 ], [ 77.388527457463965, 16.891104776756801 ], [ 77.388741243350538, 16.891164790979307 ], [ 77.389128292897738, 16.891273439368359 ], [ 77.389187699615547, 16.891290117497753 ], [ 77.389290403185072, 16.892024485179796 ], [ 77.389308445133423, 16.89215347998347 ], [ 77.390073012389024, 16.893705128613057 ], [ 77.39009141006467, 16.893742466023973 ], [ 77.390108966109807, 16.893778088848858 ], [ 77.390351781663156, 16.893985130213185 ], [ 77.390553219949481, 16.89407408893398 ], [ 77.39056844863417, 16.89409075229911 ], [ 77.391086345178309, 16.894640294902558 ], [ 77.391127006328134, 16.894677048968688 ], [ 77.391147293719172, 16.894695384813197 ], [ 77.391212185784909, 16.8947540424777 ], [ 77.391210744181166, 16.89477229530431 ], [ 77.391226685188272, 16.894789210386381 ], [ 77.391261499379297, 16.894824639561374 ], [ 77.391206645264063, 16.894930143411738 ], [ 77.391188635740789, 16.895450157430471 ], [ 77.391185981989835, 16.895526780757763 ], [ 77.39124694334717, 16.895768046729824 ], [ 77.391242528863941, 16.895817972323965 ], [ 77.391287529455695, 16.895972084477869 ], [ 77.391286695137765, 16.89599886187856 ], [ 77.391280902466846, 16.896184790993313 ], [ 77.391279285152038, 16.896314756708403 ], [ 77.391278646470823, 16.896366131540635 ], [ 77.391271203468818, 16.896964405393739 ], [ 77.391428357886824, 16.897006070369091 ], [ 77.392996231323878, 16.897418886848559 ], [ 77.39320400659426, 16.897455221071883 ], [ 77.39329274208275, 16.897480513699936 ], [ 77.393344926184781, 16.897745671740896 ], [ 77.393371200546824, 16.897752574609779 ], [ 77.393378082852692, 16.897914146725459 ], [ 77.39340329172164, 16.898505988535337 ], [ 77.393428263911034, 16.899092277744021 ], [ 77.393426062377074, 16.899171355249976 ], [ 77.393216888560104, 16.899611155586935 ], [ 77.393586290263443, 16.90079466657502 ], [ 77.393600398413838, 16.900838985502162 ], [ 77.393879660432589, 16.90087529025341 ], [ 77.394336560751327, 16.900934662774556 ], [ 77.394347598530359, 16.900936095978018 ], [ 77.394384466846347, 16.900938809250096 ], [ 77.394408848451576, 16.900940603315522 ], [ 77.394462446540757, 16.900944701224365 ], [ 77.394539493516547, 16.900950662799296 ], [ 77.394544817336651, 16.900992492086292 ], [ 77.394558446337911, 16.901172031221659 ], [ 77.394581855505095, 16.901306493960238 ], [ 77.394584525301397, 16.901321827901477 ], [ 77.394585391134854, 16.90132676073571 ], [ 77.394887787609704, 16.901405166058559 ], [ 77.394901154216981, 16.901408633644269 ], [ 77.394997255401861, 16.901433548197613 ], [ 77.395000083846753, 16.901475064491247 ], [ 77.395048830495128, 16.901488814633822 ], [ 77.395054028897135, 16.90156356533436 ], [ 77.395152031906292, 16.902835672263851 ], [ 77.395376687360155, 16.90271167323629 ], [ 77.395460867040782, 16.902668766190125 ], [ 77.395452582243678, 16.902918538727132 ], [ 77.395592920386534, 16.902844551750547 ], [ 77.395668618258384, 16.902804648057863 ], [ 77.395704202774922, 16.902931292428356 ], [ 77.395741506284679, 16.902911507904879 ], [ 77.395857883887231, 16.903308935867294 ], [ 77.395920364853453, 16.903517388163987 ], [ 77.395932254258156, 16.903557054843198 ], [ 77.395963604118037, 16.903556476190786 ], [ 77.396079945511872, 16.903555242703462 ], [ 77.397433911415774, 16.903540785826042 ], [ 77.397556622808224, 16.903539477748932 ], [ 77.398514698846824, 16.9030366378494 ], [ 77.399769611259458, 16.902754788708592 ], [ 77.401157009313195, 16.902464374044513 ], [ 77.401160991230782, 16.902450799493955 ], [ 77.401184547951644, 16.902370256709194 ], [ 77.401283713622107, 16.902031175636093 ], [ 77.401239735573441, 16.901954763215425 ], [ 77.401164169519589, 16.901823483848066 ], [ 77.401091871762148, 16.901697845126652 ], [ 77.401086136426954, 16.90168793003096 ], [ 77.400604559188082, 16.901541892058429 ], [ 77.400401252625088, 16.901480238649047 ], [ 77.400105470795168, 16.901403430984388 ], [ 77.400080183398799, 16.901396867973865 ], [ 77.400103605572426, 16.901391578080833 ], [ 77.40017238196657, 16.901376070025417 ], [ 77.401253044511805, 16.901132359580139 ], [ 77.401459942409346, 16.901159249565868 ], [ 77.402893051843137, 16.901345481915094 ], [ 77.403520620945301, 16.900687294591414 ], [ 77.403817628677359, 16.900375288264787 ], [ 77.404046694835699, 16.900134650086571 ], [ 77.403979850104463, 16.900417557228185 ], [ 77.404026398867714, 16.900371856183305 ], [ 77.404094399827926, 16.900305093828287 ], [ 77.40395776838875, 16.900737045823377 ], [ 77.403860463351677, 16.901044670531356 ], [ 77.40409699569318, 16.901024791368556 ], [ 77.40420280879934, 16.901015902462891 ], [ 77.404281414895948, 16.901198117884441 ], [ 77.404350125575235, 16.901357361252725 ], [ 77.404469196488606, 16.901454330125507 ], [ 77.404577536351724, 16.901542570010903 ], [ 77.404647460683094, 16.901547480489107 ], [ 77.405745259209894, 16.901624681980291 ], [ 77.405881374156223, 16.901634257853413 ], [ 77.405907185719641, 16.901634127749286 ], [ 77.405926805680153, 16.901634028631008 ], [ 77.405917644643353, 16.901592063943617 ], [ 77.405895111926682, 16.901492227180487 ], [ 77.405867022911409, 16.901367805849958 ], [ 77.405738842890003, 16.900502058562992 ], [ 77.405706031113482, 16.900519757743151 ], [ 77.405408423257128, 16.899422562750061 ], [ 77.405368153106792, 16.898968336079083 ], [ 77.404475352419539, 16.899037766960394 ], [ 77.404459978671511, 16.898978851154475 ], [ 77.40438644122969, 16.898707678043504 ], [ 77.404360519976862, 16.898612093023008 ], [ 77.404338673670196, 16.898531531642934 ], [ 77.404339493825915, 16.898504008448874 ], [ 77.404372077765743, 16.898192325566619 ], [ 77.40443060044025, 16.897632512641394 ], [ 77.404546671690269, 16.896878518374098 ], [ 77.404457612444673, 16.896953403735324 ], [ 77.403339618935846, 16.896945468386747 ], [ 77.403250037976932, 16.896945918177842 ], [ 77.402554251720417, 16.896972015798632 ], [ 77.402480223004233, 16.896974792690312 ], [ 77.402302048887563, 16.896982774823819 ], [ 77.401884559769172, 16.897000697399811 ], [ 77.401846154038552, 16.897120234676827 ], [ 77.40175779583852, 16.897392480219267 ], [ 77.401734261594669, 16.897439557294035 ], [ 77.401690866391007, 16.897512223090072 ], [ 77.401580763300174, 16.897695391986069 ], [ 77.401484622247423, 16.897849203244533 ], [ 77.401354344695804, 16.898055689941167 ], [ 77.401400367612837, 16.898178160300166 ], [ 77.401422647929621, 16.898237448860975 ], [ 77.401443601765095, 16.89829322292568 ], [ 77.401553435702908, 16.898544582255838 ], [ 77.401664117772512, 16.898836536691409 ], [ 77.401645143613635, 16.898871286680681 ], [ 77.401652493251902, 16.898894384037977 ], [ 77.401615367083153, 16.898955176467361 ], [ 77.401534804257579, 16.899087094152307 ], [ 77.401474320695272, 16.899184148627128 ], [ 77.401407057353268, 16.899307345541573 ], [ 77.401300539131611, 16.899502433833948 ], [ 77.40127942759284, 16.899495165382369 ], [ 77.401241624627943, 16.89955504871936 ], [ 77.400523786309819, 16.899278196055235 ], [ 77.399860101810518, 16.899015629716885 ], [ 77.399770960561824, 16.898986145536707 ], [ 77.399558827091681, 16.898915979076961 ], [ 77.399561445991012, 16.898861858717634 ], [ 77.39959998390124, 16.898065351328171 ], [ 77.399672290741989, 16.897117449456253 ], [ 77.399695335232451, 16.896387758403971 ], [ 77.39972745925273, 16.896338641403581 ], [ 77.399836186164706, 16.896172371297215 ], [ 77.399952458035585, 16.89599457778781 ], [ 77.40050922437824, 16.896128441371964 ], [ 77.400636640795867, 16.896062339985743 ], [ 77.400764248426029, 16.895996156796357 ], [ 77.40130869691852, 16.895695511851788 ], [ 77.40143090764721, 16.895628033061595 ], [ 77.402003318180533, 16.895400408127667 ], [ 77.40215785800747, 16.895341970018315 ], [ 77.402434920237681, 16.895237204824834 ], [ 77.402539215726122, 16.89519047876006 ], [ 77.402588082452397, 16.895168585418823 ], [ 77.402607649738272, 16.895168506556718 ], [ 77.402695864844247, 16.89516815200669 ], [ 77.40349788604918, 16.895164928523183 ], [ 77.40352959092813, 16.89516480097101 ], [ 77.403557251010625, 16.895164009117973 ], [ 77.404079014493647, 16.895149069911554 ], [ 77.404239959277589, 16.895149524211281 ], [ 77.404308217549314, 16.895149716589721 ], [ 77.404306572853116, 16.895139845060402 ], [ 77.404293690092459, 16.895062522311079 ], [ 77.404160099294018, 16.89467414856589 ], [ 77.404115238697486, 16.894543711706067 ], [ 77.404028587476049, 16.894291791143118 ], [ 77.403910282688898, 16.894000674009753 ], [ 77.403892146553261, 16.89395604547104 ], [ 77.403708477944932, 16.893504081793072 ], [ 77.403569654152008, 16.893165007625598 ], [ 77.403452009160915, 16.892885714246972 ], [ 77.403271580434236, 16.892400018793495 ], [ 77.403256616147786, 16.892372000719298 ], [ 77.403210225110485, 16.892285144879832 ], [ 77.403135717552246, 16.89214552681144 ], [ 77.403067475178133, 16.89201764668973 ], [ 77.402909772747279, 16.891722128289295 ], [ 77.402627416194463, 16.890589539851174 ], [ 77.402583072491694, 16.890411116645307 ], [ 77.402576371416515, 16.890381682686595 ], [ 77.40257411022381, 16.890371749443108 ], [ 77.402553611187628, 16.890265079092909 ], [ 77.402442714044454, 16.889556791650072 ], [ 77.40229028448087, 16.888583229682137 ], [ 77.402342608037415, 16.888458474290953 ], [ 77.40234150426538, 16.888446360441193 ], [ 77.40205428153277, 16.887983042393031 ], [ 77.401839951266282, 16.887634314945583 ], [ 77.401837232864452, 16.887539338973607 ], [ 77.401824613390843, 16.887520530900627 ], [ 77.401730233497091, 16.885034117575135 ], [ 77.40170658770424, 16.884969746350972 ], [ 77.401584668756712, 16.88475359583029 ], [ 77.401563894370398, 16.884700673912011 ], [ 77.40158285493861, 16.884696847368421 ], [ 77.401604721509344, 16.884692434792502 ], [ 77.401586545093451, 16.884642952918536 ], [ 77.40144450730908, 16.884256282516198 ], [ 77.401640620459901, 16.884196480225508 ], [ 77.401829659802132, 16.88413883739501 ], [ 77.401754498829405, 16.884047752139637 ], [ 77.401780360969852, 16.884034303978147 ], [ 77.402492335621588, 16.883909070866142 ], [ 77.40150837774334, 16.882682463195135 ], [ 77.401194591072667, 16.882291293501488 ], [ 77.401426408305625, 16.882257969090805 ], [ 77.401366200077504, 16.882182428958242 ], [ 77.402170991866001, 16.882054936493738 ], [ 77.402371437664556, 16.882031296274739 ], [ 77.402402386605473, 16.881806270677366 ], [ 77.402463067056033, 16.881364410438245 ], [ 77.402482763790019, 16.881220980980501 ], [ 77.402591357792076, 16.881087955310196 ], [ 77.40288369416497, 16.880729845785726 ], [ 77.40310161568371, 16.880462694304679 ], [ 77.405967580877061, 16.87979847019988 ], [ 77.406088873965103, 16.879758098750091 ], [ 77.406328487964132, 16.879671963553871 ], [ 77.408175480745683, 16.878916049577192 ], [ 77.408576458434609, 16.878725280070327 ], [ 77.40863645103282, 16.878768517774802 ], [ 77.40876711373798, 16.878702724756469 ], [ 77.40918900856957, 16.878490282888883 ], [ 77.409553202657094, 16.877899328612504 ], [ 77.410034427456182, 16.877118477807819 ], [ 77.409421713520899, 16.87655937470895 ], [ 77.409410527331076, 16.876536101326217 ], [ 77.409342254476215, 16.87647584015799 ], [ 77.408895152962842, 16.875575721508206 ], [ 77.409057878680755, 16.874655591999016 ], [ 77.409353717317742, 16.874022594542044 ], [ 77.409681656802334, 16.873320912004345 ], [ 77.410741230057766, 16.873911031314023 ], [ 77.411492315744539, 16.87432933206286 ], [ 77.411507683488637, 16.874344105241637 ], [ 77.411669026110246, 16.874499180844726 ], [ 77.413607948878195, 16.876362784871972 ], [ 77.413904847654749, 16.876648142993396 ], [ 77.414290563052532, 16.876398857190118 ], [ 77.414405111342532, 16.876324861547037 ], [ 77.415235897637388, 16.875789218648812 ], [ 77.415411470583976, 16.875676014626329 ], [ 77.416155474096826, 16.876381479646991 ], [ 77.416059642691096, 16.877515859823507 ], [ 77.416169311298674, 16.877756482623717 ], [ 77.41617005635446, 16.877758116925584 ], [ 77.416219910324116, 16.877866282643907 ], [ 77.416226463910363, 16.877880406009311 ], [ 77.416281638804975, 16.877999230123795 ], [ 77.41654266201391, 16.878541132757665 ], [ 77.41691187879573, 16.879561337001753 ], [ 77.417178004010083, 16.879536267303887 ], [ 77.417505812934422, 16.880972404165188 ], [ 77.41752895720613, 16.881073814558619 ], [ 77.417826062282629, 16.881135546661859 ], [ 77.418250976439538, 16.881737752327595 ], [ 77.418355680088212, 16.881886142593839 ], [ 77.419613181733098, 16.882534770094253 ], [ 77.419674352050592, 16.882567211670899 ], [ 77.419889777331633, 16.882688233662709 ], [ 77.421628753220773, 16.883665146872062 ], [ 77.42257952610079, 16.884103166400219 ], [ 77.423279848774513, 16.884425805182911 ], [ 77.424312601056187, 16.884729966439593 ], [ 77.424384261007305, 16.884811196176901 ], [ 77.424548680388639, 16.884997546088243 ], [ 77.426114288169089, 16.885144242213354 ], [ 77.427250438346931, 16.885299615413249 ], [ 77.427922917935803, 16.885372856802395 ], [ 77.428074249441678, 16.885399841021986 ], [ 77.428701647404765, 16.885511713396234 ], [ 77.429282256403681, 16.885615240616044 ], [ 77.42940235379335, 16.885637751862671 ], [ 77.42944759718651, 16.88562381933243 ], [ 77.429594442395299, 16.885578600033934 ], [ 77.430937229823172, 16.885165098096021 ], [ 77.431077027175832, 16.885139854513405 ], [ 77.431091490649294, 16.885137243020868 ], [ 77.431210082296133, 16.885115829030735 ], [ 77.43148433581554, 16.885066307223209 ], [ 77.431713930760992, 16.885078914866668 ], [ 77.43196556614663, 16.885092731922594 ], [ 77.432873200691702, 16.885142567388446 ], [ 77.432994243841563, 16.885149212652767 ], [ 77.433019098968316, 16.885150577553304 ], [ 77.433097237197728, 16.885159593321966 ], [ 77.433098425760178, 16.885159730046947 ], [ 77.433207697588031, 16.885151383260197 ], [ 77.434212365473712, 16.885768400383757 ], [ 77.434334141298535, 16.885843188741109 ], [ 77.4343750166327, 16.885868291848791 ], [ 77.434416100564533, 16.88589144408699 ], [ 77.434498744832368, 16.885940071532016 ], [ 77.434559588307238, 16.885975603131076 ], [ 77.434825218919244, 16.886130726635791 ], [ 77.434905762175049, 16.886150494627746 ], [ 77.435444800963012, 16.886286034319859 ], [ 77.43549753059844, 16.886299293251167 ], [ 77.43551805319494, 16.886304453465666 ], [ 77.435615268612239, 16.886328897748658 ], [ 77.435619732166245, 16.886291247465827 ], [ 77.436331908418865, 16.886105762903156 ], [ 77.436433788511565, 16.886079226210974 ], [ 77.437197485350239, 16.885881019974118 ], [ 77.437447769179826, 16.885890615020536 ], [ 77.437541096820155, 16.885868241873375 ], [ 77.437843357143663, 16.885883051243447 ], [ 77.437982728599749, 16.885889879920249 ], [ 77.438784720831649, 16.885929170270863 ], [ 77.439518020472377, 16.88596509189539 ], [ 77.439705116685914, 16.885974256606826 ], [ 77.439976807151396, 16.885987564970034 ], [ 77.439977032499755, 16.885987573607306 ], [ 77.441380600938459, 16.886016791520774 ], [ 77.4415546738459, 16.886036367434091 ], [ 77.44175661188001, 16.88605907586436 ], [ 77.441852023257624, 16.886074491482024 ], [ 77.442046620242252, 16.886098495943468 ], [ 77.44233258297767, 16.88612695974107 ], [ 77.442390047512475, 16.886132682124469 ], [ 77.442726782215928, 16.886166197907169 ], [ 77.442724261726497, 16.886131253191802 ], [ 77.443205072603547, 16.886191050966978 ], [ 77.443854994639509, 16.886271878963953 ], [ 77.444017479298424, 16.88629208608614 ], [ 77.444395789713852, 16.886325567973824 ], [ 77.444500911498707, 16.886322378163737 ], [ 77.444507873395196, 16.886321837083329 ], [ 77.444529720329712, 16.886323381673492 ], [ 77.44516667560265, 16.886254015510389 ], [ 77.446029486675457, 16.886265385602837 ], [ 77.446187127892784, 16.886267462393185 ], [ 77.446437781072504, 16.886266908986396 ], [ 77.446604693891402, 16.886266539539591 ], [ 77.446652828089029, 16.886266433159239 ], [ 77.447062868227306, 16.886274718027213 ], [ 77.447682972230183, 16.886287163420153 ], [ 77.449036946445005, 16.886136642218176 ], [ 77.449968377999923, 16.886033056235998 ], [ 77.450433124936353, 16.88598136813517 ], [ 77.452029286685146, 16.885790304093582 ], [ 77.453028397631684, 16.885670702810437 ], [ 77.453829157624597, 16.885584471539229 ], [ 77.454142072942474, 16.885550775983432 ], [ 77.454502132113788, 16.885527557443954 ], [ 77.45452706533041, 16.88552192370706 ], [ 77.454650046798221, 16.885518019114663 ], [ 77.454790509028442, 16.885508961359445 ], [ 77.455229050186617, 16.88548067164783 ], [ 77.455688805857775, 16.885470345540885 ], [ 77.456054729696319, 16.885305967563486 ], [ 77.458431798529233, 16.885124208488719 ], [ 77.460043937810298, 16.885011478778281 ], [ 77.460084509529509, 16.883410662538356 ], [ 77.460095664119805, 16.882914095062134 ], [ 77.45999945215496, 16.881890948554883 ], [ 77.460024107717032, 16.88142598416265 ], [ 77.460058715488486, 16.880782060349343 ], [ 77.460060053939429, 16.880782493743215 ], [ 77.460061306373646, 16.880758579483214 ], [ 77.460268626698152, 16.88076689463729 ], [ 77.460181876986724, 16.880300670057768 ], [ 77.460181876756721, 16.880300667363748 ], [ 77.460168118631728, 16.880237723074615 ], [ 77.460039844419825, 16.878675064242287 ], [ 77.459919700370037, 16.877211408868565 ], [ 77.459590364666184, 16.875698709860924 ], [ 77.459590509928944, 16.875688852284433 ], [ 77.459553205004227, 16.875522431460048 ], [ 77.459597979411726, 16.875181970834401 ], [ 77.459608529795574, 16.874466018469626 ], [ 77.459730883604806, 16.874089720037965 ], [ 77.459744752264996, 16.874065920516681 ], [ 77.45976041070864, 16.873946854101884 ], [ 77.45991580773007, 16.87350691744766 ], [ 77.460064272014762, 16.873028050907255 ], [ 77.460481670735163, 16.871296033771138 ], [ 77.460692198826635, 16.870283519397645 ], [ 77.460687368530998, 16.870250852884009 ], [ 77.46064044289308, 16.869954323197152 ], [ 77.460706559023777, 16.869372198248758 ], [ 77.460942849263787, 16.868122840278673 ], [ 77.461112042476429, 16.866991208896849 ], [ 77.461529664912959, 16.866172378570617 ], [ 77.461816735830524, 16.865054165793889 ], [ 77.461809697506709, 16.864215203464383 ], [ 77.461647153842776, 16.86144612992695 ], [ 77.461776909735505, 16.860089440376978 ], [ 77.46183063241314, 16.859515274804135 ], [ 77.461961963727148, 16.85843727891983 ], [ 77.462367953913116, 16.856160568662855 ], [ 77.463215038065201, 16.854290686481068 ], [ 77.46338879596469, 16.853823881401976 ], [ 77.46365105912075, 16.852025358169715 ], [ 77.463679707976922, 16.851799825903189 ], [ 77.463777245999324, 16.851759993196922 ], [ 77.464045195957368, 16.851597319867398 ], [ 77.463884741289959, 16.85084420476872 ], [ 77.463190170697814, 16.847975687394523 ], [ 77.462318693594639, 16.844437577513936 ], [ 77.460713827493606, 16.842303110338232 ], [ 77.460613617742766, 16.84185366771715 ], [ 77.459785851689389, 16.838285325096141 ], [ 77.460391359178146, 16.836239258590325 ], [ 77.461297370650726, 16.83601593898759 ], [ 77.461256010308844, 16.835956135035168 ], [ 77.459088083708622, 16.832925597450814 ], [ 77.45699712720274, 16.831433713553992 ], [ 77.457016111005927, 16.831304638955153 ], [ 77.457053579756874, 16.83118739283373 ], [ 77.457417396454971, 16.830048923487382 ], [ 77.457466076084614, 16.829948655689392 ], [ 77.458840446869971, 16.827117678466756 ], [ 77.458942666536387, 16.82704089679536 ], [ 77.460066610646905, 16.825801943561405 ], [ 77.461351639653373, 16.824366661643563 ], [ 77.46238517519032, 16.823231604481268 ], [ 77.462576260981223, 16.821798258114189 ], [ 77.462673699170921, 16.821021669024898 ], [ 77.462605636797647, 16.820050893124098 ], [ 77.462537156990365, 16.818732159398341 ], [ 77.462630477037862, 16.817804766143727 ], [ 77.462506989159664, 16.817482724323582 ], [ 77.462351126765654, 16.817162562096676 ], [ 77.46234341030717, 16.817133549064302 ], [ 77.462302976901185, 16.817049124535863 ], [ 77.462223918120429, 16.816747143497587 ], [ 77.462176170511157, 16.816306144076201 ], [ 77.462199647212586, 16.815912957708747 ], [ 77.462203170854949, 16.815853941790333 ], [ 77.462130879432706, 16.814631841295427 ], [ 77.46205471288566, 16.813459979977754 ], [ 77.463690900208135, 16.811385925685528 ], [ 77.464471059594075, 16.810949810398338 ], [ 77.464960306145059, 16.810393323919769 ], [ 77.464978286947542, 16.810014117706928 ], [ 77.465487180652403, 16.809277529320067 ], [ 77.465882846888334, 16.808719336490352 ], [ 77.465693084500415, 16.807712840466483 ], [ 77.465650648926271, 16.807585401179512 ], [ 77.465991061555712, 16.805510284311371 ], [ 77.466141475550941, 16.805468813167533 ], [ 77.466881157212143, 16.80514491654591 ], [ 77.468243294222844, 16.804591096698243 ], [ 77.468458350825543, 16.804503657489306 ], [ 77.47048328421323, 16.80367189306665 ], [ 77.47102284315396, 16.803445496900089 ], [ 77.472315953458008, 16.80288782682765 ], [ 77.472809453446999, 16.802687162171893 ], [ 77.47278509053686, 16.802153514613423 ], [ 77.472714659627968, 16.801161970440635 ], [ 77.472666863901978, 16.800192736518081 ], [ 77.472607824829254, 16.799217706765916 ], [ 77.472554129572416, 16.798221992833582 ], [ 77.472495144306976, 16.797252506360902 ], [ 77.472435975146283, 16.796283562992109 ], [ 77.472371509094543, 16.795325039980952 ], [ 77.47230420621861, 16.79419827488357 ], [ 77.472369206375348, 16.794154511945958 ], [ 77.47236290315314, 16.794012023940013 ], [ 77.473500296134688, 16.793260880348402 ], [ 77.474446105946555, 16.792620778056939 ], [ 77.475693225536759, 16.791783031291661 ], [ 77.475404857104877, 16.790912886045735 ], [ 77.475048285998454, 16.789921132939838 ], [ 77.474691558486754, 16.788929201723455 ], [ 77.474244150017157, 16.787651688022397 ], [ 77.473522204686773, 16.786929744118471 ], [ 77.472600866447038, 16.786049585130449 ], [ 77.471705968837966, 16.785084286509417 ], [ 77.471322275050966, 16.784677790854591 ], [ 77.471071138075928, 16.784412103325774 ], [ 77.470224745102144, 16.783970418223984 ], [ 77.469223822641624, 16.783433918502276 ], [ 77.468380541858721, 16.782982915322513 ], [ 77.467633108679735, 16.782599981386777 ], [ 77.467309528669631, 16.782448174857926 ], [ 77.465449171043161, 16.782540297260674 ], [ 77.463540689045075, 16.782358342323565 ], [ 77.462919489730638, 16.782184762837446 ], [ 77.462737463656651, 16.782133899350235 ], [ 77.461932777363558, 16.781909045031824 ], [ 77.460658622288548, 16.781591755931164 ], [ 77.458834663117571, 16.781046762843399 ], [ 77.45795790119341, 16.780803361077897 ], [ 77.457000026053549, 16.780548802242844 ], [ 77.455199040515907, 16.78006271821306 ], [ 77.453403870045591, 16.77959794936989 ], [ 77.451608705353578, 16.779133166408503 ], [ 77.44981354921913, 16.778668366587326 ], [ 77.449729353141635, 16.778646395171304 ], [ 77.448130386923594, 16.778229130891166 ], [ 77.447099737472428, 16.778273136150684 ], [ 77.447031001942705, 16.77827607302773 ], [ 77.4463129049754, 16.778306728935036 ], [ 77.444545932177562, 16.778407434380004 ], [ 77.442728605619905, 16.778500833820694 ], [ 77.440911277812162, 16.778594215596936 ], [ 77.439144405181892, 16.778705428940292 ], [ 77.438898291492521, 16.778716180625818 ], [ 77.438605085904456, 16.779813045618575 ], [ 77.438227640053498, 16.787079164010301 ], [ 77.4369226738457, 16.786763424475922 ], [ 77.43784180368236, 16.788130718740025 ], [ 77.438612860513416, 16.789281289347258 ], [ 77.438968035886319, 16.789813471676776 ], [ 77.439044839715862, 16.789928824293817 ], [ 77.438959245129396, 16.789988738495129 ], [ 77.438923595110623, 16.790013705125698 ], [ 77.438542255664757, 16.790284188179495 ], [ 77.437260012274123, 16.791200912487753 ], [ 77.437214477127952, 16.791233729905603 ], [ 77.437123904692427, 16.791299068864383 ], [ 77.436911379543318, 16.791452736647667 ], [ 77.436205055204482, 16.791962747836621 ], [ 77.433826231794313, 16.793775084435651 ], [ 77.433294989257647, 16.793288190982469 ], [ 77.432968366650655, 16.792988643965867 ], [ 77.431376312282083, 16.79152926182519 ], [ 77.430441043518968, 16.792486218661892 ], [ 77.431373467688175, 16.793924199934001 ], [ 77.430445066215455, 16.793905610099721 ], [ 77.429597779776387, 16.793886126820066 ], [ 77.42930014271866, 16.793567114760112 ], [ 77.427641114366907, 16.796198501486845 ], [ 77.427177757448803, 16.797355242697492 ], [ 77.426621647018408, 16.797547568626729 ], [ 77.426538354122556, 16.797178984204411 ], [ 77.42568429739012, 16.797022382210482 ], [ 77.425667193861059, 16.797016055790614 ], [ 77.424914194308201, 16.796737707845494 ], [ 77.424556027948299, 16.796605401193457 ], [ 77.422874672756876, 16.795465386352895 ], [ 77.419118589940425, 16.796180485494776 ], [ 77.420192629070286, 16.799760309967965 ], [ 77.419274460732694, 16.799758014090596 ], [ 77.419135326627881, 16.799757637146808 ], [ 77.417709532384535, 16.799754491525711 ], [ 77.416398639177061, 16.79974891390129 ], [ 77.414072291264148, 16.799097022391372 ], [ 77.412860368689891, 16.798844435781376 ], [ 77.411831034324095, 16.798527905946177 ], [ 77.411475561952315, 16.798413331122038 ], [ 77.411337486996928, 16.798344972855983 ], [ 77.410889916811982, 16.798123819260883 ], [ 77.410647938010598, 16.798004527936659 ], [ 77.409922353027795, 16.797647394041924 ], [ 77.406015965564066, 16.802128781248541 ], [ 77.40312388628611, 16.804697556527913 ], [ 77.402628652461232, 16.805138815638376 ], [ 77.398916784445589, 16.808451069511317 ], [ 77.398835612821202, 16.808523802518042 ], [ 77.397435582517005, 16.80976207962393 ], [ 77.394340030402972, 16.812310316576212 ], [ 77.393115258746548, 16.813343961335779 ], [ 77.391841495612169, 16.814603827448948 ], [ 77.391427339520945, 16.81499512146986 ], [ 77.390306583004843, 16.815919700760961 ], [ 77.387819229734305, 16.817904200289508 ], [ 77.386606700828509, 16.818898180652592 ], [ 77.386023410607422, 16.819648943117997 ], [ 77.385100859562584, 16.820697206666456 ], [ 77.38373237532825, 16.822271877050614 ], [ 77.383072111255814, 16.823036875773919 ], [ 77.382298940554918, 16.823846967868196 ], [ 77.38233450972983, 16.82391843219435 ], [ 77.382131640936365, 16.824061020978974 ], [ 77.38165984254519, 16.824230010756207 ], [ 77.381352506542527, 16.824499202082922 ], [ 77.38068105433581, 16.824769192517525 ], [ 77.380425613381433, 16.824979472149803 ], [ 77.380343680583508, 16.825047292347953 ], [ 77.380154843132004, 16.825056689929713 ], [ 77.379738305683986, 16.825273840729821 ], [ 77.379020465146596, 16.825768383711658 ], [ 77.378956176951249, 16.82583149152844 ], [ 77.378080573458192, 16.826689357619337 ], [ 77.377917356734528, 16.826743338946596 ], [ 77.377638472873471, 16.826835029459023 ], [ 77.377174293611844, 16.826881566561031 ], [ 77.377165075445831, 16.82688328296436 ], [ 77.376586165782086, 16.827104019202785 ], [ 77.376142039867645, 16.827317090037422 ], [ 77.375537851551599, 16.827584661374118 ], [ 77.37502392155379, 16.827703455826331 ], [ 77.374661755249193, 16.828263336871018 ], [ 77.374167165277726, 16.828480897024988 ], [ 77.371598783829285, 16.829745960408744 ], [ 77.370432576106865, 16.83069983984614 ], [ 77.36879176967139, 16.832013529406616 ], [ 77.36837009378749, 16.832328786018206 ], [ 77.367068552332157, 16.833467710999852 ], [ 77.365852919095403, 16.834348176787696 ], [ 77.365312537079603, 16.834767238450766 ], [ 77.364738839183616, 16.835680008050097 ], [ 77.363244020042856, 16.838056600490074 ], [ 77.363136422724168, 16.838228912723149 ], [ 77.363035221442985, 16.838140363117287 ], [ 77.362921927832005, 16.838041251856346 ], [ 77.362713966214372, 16.838355188998886 ], [ 77.362623291119391, 16.838493675445449 ], [ 77.362532252212176, 16.838629914965843 ], [ 77.362412353954781, 16.838808652937097 ], [ 77.362251199054739, 16.839047309907571 ], [ 77.362182842182335, 16.83914784992232 ], [ 77.362085017714094, 16.839291163655961 ], [ 77.36157126952169, 16.840036905359852 ], [ 77.361281165826284, 16.83980214706644 ], [ 77.360736183293312, 16.837804056639992 ], [ 77.360665167834483, 16.837535682935009 ], [ 77.360561820029318, 16.837141504315614 ], [ 77.360511533929611, 16.836948412033866 ], [ 77.360462828537862, 16.83676115058973 ], [ 77.360079522558351, 16.836388676105056 ], [ 77.35953013956771, 16.835848761011633 ], [ 77.359115952853472, 16.835436213475671 ], [ 77.358700348527279, 16.835019707430128 ], [ 77.357853177033775, 16.833662235023336 ], [ 77.356961787126124, 16.83229533124349 ], [ 77.356881566350836, 16.832189085622581 ], [ 77.356776392611096, 16.832074635971686 ], [ 77.356726412356664, 16.832017747954772 ], [ 77.356636673613735, 16.831961252092349 ], [ 77.355453368750346, 16.831397628686297 ], [ 77.354137056756699, 16.831000151736603 ], [ 77.353512708801588, 16.830793872063914 ], [ 77.353505058391448, 16.830791641797529 ], [ 77.353155675861743, 16.830724876972841 ], [ 77.35228459323298, 16.830406056945908 ], [ 77.352135776882207, 16.8303496429875 ], [ 77.351694854236754, 16.829955106652349 ], [ 77.350576529058472, 16.82900668572351 ], [ 77.350491570089432, 16.828689589251073 ], [ 77.350369816269875, 16.828236253995168 ], [ 77.349659389935837, 16.825568124425779 ], [ 77.349296878580262, 16.823809566154097 ], [ 77.348568481647149, 16.821299348668191 ], [ 77.345346995187555, 16.809102983853343 ], [ 77.345184627806262, 16.80843537213163 ], [ 77.345175708688146, 16.808398601459729 ], [ 77.345107947260516, 16.808271056265347 ], [ 77.345051853575725, 16.808180257595261 ], [ 77.344786856615784, 16.80775294278283 ], [ 77.342198521107775, 16.803773564944098 ], [ 77.340117504732277, 16.800612969447052 ], [ 77.339744111864405, 16.800048877092067 ], [ 77.343712417912585, 16.792526217211144 ], [ 77.343796894416215, 16.792369159816548 ], [ 77.344257931207451, 16.790945619874417 ], [ 77.344281413079841, 16.790859763725287 ], [ 77.344294356948822, 16.790764112578344 ], [ 77.344320684414683, 16.790568221733665 ], [ 77.344538759314474, 16.789091302362436 ], [ 77.344553433202947, 16.788959214304626 ], [ 77.344581692306917, 16.788793733129022 ], [ 77.344908588026314, 16.786737861732092 ], [ 77.345260920593986, 16.784984752551196 ], [ 77.345358452962017, 16.784508958516763 ], [ 77.345481202600268, 16.783865206656998 ], [ 77.345505297785522, 16.783717724052714 ], [ 77.345579138711486, 16.782953489279162 ], [ 77.345281166742652, 16.782751743019148 ], [ 77.345254152637906, 16.78273342120605 ], [ 77.345287452213839, 16.782633788402439 ], [ 77.345480022901029, 16.781953189819848 ], [ 77.345536388035569, 16.781733747270042 ], [ 77.345428184942392, 16.781457190617125 ], [ 77.34531405103894, 16.780926010421705 ], [ 77.345292786145478, 16.780829591765851 ], [ 77.345268142984906, 16.780700196351201 ], [ 77.345275974905022, 16.780535565742838 ], [ 77.345366220782239, 16.779835046231572 ], [ 77.345493771064341, 16.779698055418837 ], [ 77.345560530325287, 16.779662094526817 ], [ 77.345710960664206, 16.778698268001733 ], [ 77.345772575080574, 16.77855534803475 ], [ 77.345815740647453, 16.778419209116631 ], [ 77.345837302058072, 16.778301848310019 ], [ 77.346056578342342, 16.776194348440047 ], [ 77.346071959770924, 16.774995770329099 ], [ 77.346099633057577, 16.774590875751134 ], [ 77.346099586130208, 16.774587052451633 ], [ 77.346163218959859, 16.773602226449878 ], [ 77.346191701918841, 16.772890850400362 ], [ 77.346202115104873, 16.772838226106686 ], [ 77.346265559167833, 16.772282900212105 ], [ 77.346264267996034, 16.772177161914229 ], [ 77.346330484601836, 16.770835409777181 ], [ 77.34633645602807, 16.770781722259603 ], [ 77.346370434728442, 16.770214883766158 ], [ 77.346468256372205, 16.769728335884388 ], [ 77.346543965072968, 16.769120487448767 ], [ 77.346581030044419, 16.768362072462779 ], [ 77.346599718250516, 16.768252322502473 ], [ 77.346662131485715, 16.766748937526096 ], [ 77.34666508651911, 16.766657969221512 ], [ 77.346674047684076, 16.765432799918162 ], [ 77.346719516471509, 16.76509468159113 ], [ 77.346698792599653, 16.764978982123118 ], [ 77.346598204434954, 16.763910150914072 ], [ 77.346515392258354, 16.763386234623759 ], [ 77.346498742013708, 16.763251586318596 ], [ 77.34647479960843, 16.763043162180782 ], [ 77.346474067057542, 16.763036720676499 ], [ 77.346464772770332, 16.762954669565865 ], [ 77.346388477209274, 16.762884260230237 ], [ 77.345789922548931, 16.762328646584844 ], [ 77.345316876476559, 16.761967778281377 ], [ 77.345234810182632, 16.761821923862637 ], [ 77.345217425515287, 16.761800352086478 ], [ 77.344811207151608, 16.760768786359201 ], [ 77.34450505376482, 16.760002553105664 ], [ 77.344493537783123, 16.759988466412665 ], [ 77.344471798158281, 16.759923742699083 ], [ 77.344449653668462, 16.759828962204946 ], [ 77.344156069117162, 16.758328912110727 ], [ 77.344129892132543, 16.758223548674561 ], [ 77.344060228340609, 16.758236100561813 ], [ 77.343066127185253, 16.758413501814758 ], [ 77.342918645598743, 16.758431551218276 ], [ 77.342841172027519, 16.758449908727421 ], [ 77.342751147039934, 16.758473818071195 ], [ 77.341569793524357, 16.75869118330057 ], [ 77.341435452563005, 16.758702522332591 ], [ 77.341339194628191, 16.758704651836936 ], [ 77.340164920986638, 16.75873068480308 ], [ 77.340066831702117, 16.75873196458625 ], [ 77.339976491514278, 16.758720031678298 ], [ 77.339960541469011, 16.758717944445671 ], [ 77.338468078195262, 16.758768864147669 ], [ 77.336685133915211, 16.758673825433288 ], [ 77.335691364476602, 16.758698773997409 ], [ 77.335577855298538, 16.758704012286749 ], [ 77.335471914897539, 16.758713193682627 ], [ 77.333587113808591, 16.758843954204984 ], [ 77.333459718054328, 16.758851337720326 ], [ 77.333197098796603, 16.758906976533652 ], [ 77.33279006178438, 16.758991606448465 ], [ 77.332623451565922, 16.759025214789375 ], [ 77.33244120364752, 16.759015142428471 ], [ 77.331757017837788, 16.758977974153865 ], [ 77.331635252680485, 16.758971468928713 ], [ 77.331547849744837, 16.758966822487967 ], [ 77.330604991816145, 16.758917946316242 ], [ 77.329577171079421, 16.758917984792895 ], [ 77.329418623848639, 16.758905556937854 ], [ 77.329392602887452, 16.758902247532582 ], [ 77.328930057179903, 16.75891804867414 ], [ 77.328383614554767, 16.75891907457979 ], [ 77.327621112140818, 16.758899180071921 ], [ 77.327247682084703, 16.758747200009342 ], [ 77.326970648412882, 16.758635578562497 ], [ 77.326792414395783, 16.758593882799534 ], [ 77.326123645976537, 16.758441231285378 ], [ 77.325370053559013, 16.758187606517829 ], [ 77.324713505720595, 16.758007819212022 ], [ 77.324407841925762, 16.757925442212894 ], [ 77.323341985483708, 16.75764619263003 ], [ 77.323294236473416, 16.757632014262597 ], [ 77.323219264795995, 16.757609826417081 ], [ 77.323042314676883, 16.757636930137011 ], [ 77.321148698154119, 16.757815756757328 ], [ 77.321041069881545, 16.757825868457701 ], [ 77.320872868445406, 16.757850611671326 ], [ 77.320747579133055, 16.75784372581526 ], [ 77.320402751831878, 16.757879788679848 ], [ 77.319588505160397, 16.757944903586626 ], [ 77.319517474674129, 16.757950655933318 ], [ 77.319468741633841, 16.757954609019652 ], [ 77.319348954136473, 16.757981677130271 ], [ 77.319352779999662, 16.758100985298988 ], [ 77.319190289615122, 16.758607638797496 ], [ 77.319152133832461, 16.759022128832086 ], [ 77.319385571775442, 16.75967295915272 ], [ 77.319506066626204, 16.760016686448939 ], [ 77.319632603616583, 16.760380246512813 ], [ 77.319767766371072, 16.760476546855177 ], [ 77.319894843316746, 16.760559259513588 ], [ 77.320034594727886, 16.760892044942306 ], [ 77.320145333980619, 16.761052483401798 ], [ 77.320299442852175, 16.761276059460489 ], [ 77.320348803629244, 16.761715963738485 ], [ 77.320204074533237, 16.762016932965587 ], [ 77.320100791811313, 16.762090991826113 ], [ 77.319841501337251, 16.762554417911126 ], [ 77.319905923051309, 16.763030562477773 ], [ 77.319922210748857, 16.763439984199252 ], [ 77.319767483694321, 16.764727073089212 ], [ 77.319697130089622, 16.764751189669635 ], [ 77.319206192472748, 16.764854002299323 ], [ 77.319203730779066, 16.764854516009432 ], [ 77.318553980749869, 16.765363329493553 ], [ 77.318366262367974, 16.765576205051822 ], [ 77.318023447601135, 16.765964350713002 ], [ 77.31743763946119, 16.766276834070663 ], [ 77.317512917995373, 16.76666446980563 ], [ 77.317177285841723, 16.767053222910388 ], [ 77.317119762651444, 16.767088374368853 ], [ 77.315793520729997, 16.767852627538968 ], [ 77.315656894077833, 16.767929554531452 ], [ 77.315449476706078, 16.768136918545267 ], [ 77.315442187916219, 16.768144180332602 ], [ 77.314548319227455, 16.769030656785265 ], [ 77.314532216125315, 16.769046670822913 ], [ 77.314116138483527, 16.769287547265701 ], [ 77.31340905955048, 16.769704554596935 ], [ 77.312953626696, 16.769914486495868 ], [ 77.312944442744225, 16.769916560731879 ], [ 77.312456977623683, 16.770027824330239 ], [ 77.311353922332927, 16.770080434151847 ], [ 77.311324756605657, 16.770008078995545 ], [ 77.311117696611987, 16.770042201095549 ], [ 77.310764883913563, 16.770053839152585 ], [ 77.309691070688487, 16.770185236418868 ], [ 77.308707292764879, 16.770199150918899 ], [ 77.308658479170248, 16.770203955491155 ], [ 77.307972283193919, 16.770243903238178 ], [ 77.306966741595076, 16.770520705299777 ], [ 77.306165171344233, 16.770748872520006 ], [ 77.305960881801539, 16.770807642033876 ], [ 77.305896404649644, 16.770826211470958 ], [ 77.305860436701238, 16.770836572726562 ], [ 77.305664649128744, 16.770896982157105 ], [ 77.30537081605172, 16.770987984315198 ], [ 77.305261977890495, 16.771026755027076 ], [ 77.30390467544288, 16.771709888036192 ], [ 77.303912218938606, 16.77190610149205 ], [ 77.30378935208654, 16.771918591530373 ], [ 77.303400430777188, 16.771959440274607 ], [ 77.303394853986191, 16.77196004103839 ], [ 77.303412102895933, 16.77187145959526 ], [ 77.30349321661626, 16.771280560439912 ], [ 77.303659675132991, 16.770179784329041 ], [ 77.303338409116691, 16.770145512132462 ], [ 77.302314434717943, 16.769953835387334 ], [ 77.302116889302383, 16.770098048929245 ], [ 77.302029310196772, 16.770272490442334 ], [ 77.301351672332203, 16.770530362732639 ], [ 77.301115333947266, 16.770659546851252 ], [ 77.300686034696852, 16.770772627058811 ], [ 77.300353616045783, 16.770796534901429 ], [ 77.300448889839203, 16.771472802308757 ], [ 77.300338673205772, 16.771435013219929 ], [ 77.300333002028566, 16.771433069274799 ], [ 77.300115393120009, 16.771358572306443 ], [ 77.300106652470078, 16.77135558401093 ], [ 77.29964277944093, 16.771197045361095 ], [ 77.299594048223625, 16.771197845914461 ], [ 77.299540485790502, 16.771198710323564 ], [ 77.299466257314933, 16.77119988580381 ], [ 77.29942547302845, 16.771200522630419 ], [ 77.29940625075146, 16.771204005566389 ], [ 77.299184500402262, 16.77124396487384 ], [ 77.297602990669617, 16.771459359640485 ], [ 77.297576377849026, 16.771460077435535 ], [ 77.297422322978804, 16.771523342807747 ], [ 77.297251528893796, 16.77155631971851 ], [ 77.296521713792757, 16.771698903408637 ], [ 77.29580516071303, 16.771768436977414 ], [ 77.294845105196103, 16.771614286433053 ], [ 77.293742782773421, 16.771672574871697 ], [ 77.29281243770825, 16.771817816676464 ], [ 77.292108311652825, 16.77188485499445 ], [ 77.291656266695796, 16.77216122109046 ], [ 77.291521361688723, 16.772240143262312 ], [ 77.291385561762368, 16.772318342680698 ], [ 77.291186889335535, 16.772346652718436 ], [ 77.29041815243437, 16.772054502871555 ], [ 77.290311039027344, 16.77201165008109 ], [ 77.290248702902232, 16.771986457112696 ], [ 77.290217706358405, 16.772105945281769 ], [ 77.290017816348424, 16.77289809708935 ], [ 77.289808545066151, 16.773760937882482 ], [ 77.289803670150917, 16.773778576158907 ], [ 77.289695700934288, 16.774169844950844 ], [ 77.289691957668254, 16.774183241974661 ], [ 77.289619455308895, 16.774444135192134 ], [ 77.289359861319312, 16.774480694813114 ], [ 77.288976474526748, 16.774527445904273 ], [ 77.288654423452485, 16.774742764689581 ], [ 77.288536276810575, 16.774811007269864 ], [ 77.288026704752667, 16.775157251905537 ], [ 77.287479167400505, 16.775587546655494 ], [ 77.286930878398167, 16.776880307244504 ], [ 77.286911918948391, 16.776923622110306 ], [ 77.284856562987912, 16.780016854064744 ], [ 77.284733876572332, 16.78023394053147 ], [ 77.284614467433784, 16.780441935192936 ], [ 77.283773778256517, 16.781745516964481 ], [ 77.283728987324906, 16.781818670187583 ], [ 77.283408177833408, 16.782811117189841 ], [ 77.282107920242211, 16.786084723615641 ], [ 77.282001490820178, 16.786347512072641 ], [ 77.281848546191497, 16.787832811658703 ], [ 77.281829711345296, 16.788014507079787 ], [ 77.281773794904694, 16.788627111194412 ], [ 77.281749151447684, 16.788894533295306 ], [ 77.281554443934297, 16.788911200932333 ], [ 77.281817612220621, 16.789897082118149 ], [ 77.281883266319369, 16.790018752963373 ], [ 77.28188823991448, 16.790027970028273 ], [ 77.281941515528999, 16.790126684291263 ], [ 77.281975156635454, 16.790189008000663 ], [ 77.281817289737276, 16.791738158186977 ], [ 77.281649375568378, 16.792362660302846 ], [ 77.281609744375217, 16.79251122296284 ], [ 77.282105550807159, 16.79296922413501 ], [ 77.281434901743779, 16.793752218753802 ], [ 77.281076573933888, 16.794169761758877 ], [ 77.281027365146329, 16.794711888048369 ], [ 77.281130990746675, 16.79512968436643 ], [ 77.281077297275559, 16.796093321429325 ], [ 77.281059958812904, 16.796407973911133 ], [ 77.281108240081252, 16.797426016815784 ], [ 77.2811007457301, 16.797510058413248 ], [ 77.28097615358574, 16.797945549066597 ], [ 77.281071695151041, 16.798863865806823 ], [ 77.279659036966379, 16.79901971882315 ], [ 77.278590017197644, 16.79971128037598 ], [ 77.277758421699644, 16.800249491041072 ], [ 77.277028711420897, 16.80110217816231 ], [ 77.276980560311429, 16.801199693844239 ], [ 77.276409533127918, 16.802335555870737 ], [ 77.275619781599374, 16.803859465319668 ], [ 77.274895146427568, 16.805185650025617 ], [ 77.27487801263193, 16.807399513162025 ], [ 77.274880063267261, 16.807473629523585 ], [ 77.274910726611296, 16.808630651256895 ], [ 77.274983009785203, 16.81057850677071 ], [ 77.274955545478633, 16.810696490561959 ], [ 77.274647713321258, 16.811259014320584 ], [ 77.274642261837926, 16.811350517815924 ], [ 77.274615489948715, 16.811800616825899 ], [ 77.273900626272621, 16.812094822391881 ], [ 77.273457986993535, 16.812294568239579 ], [ 77.273150114842011, 16.812482136920636 ], [ 77.272962126688398, 16.812590269253359 ], [ 77.27285376619578, 16.812652621432143 ], [ 77.272357693996753, 16.813355954555242 ], [ 77.272301656476131, 16.813435427895186 ], [ 77.27212379915008, 16.813679326140168 ], [ 77.272107071649756, 16.813702267080579 ], [ 77.272074410276161, 16.813747059748472 ], [ 77.271199886339843, 16.814410115124542 ], [ 77.27110498203065, 16.814482106837001 ], [ 77.270638330475833, 16.814889001353048 ], [ 77.270286778756557, 16.816314434389945 ], [ 77.270300075086183, 16.816370835252716 ], [ 77.270458597788206, 16.817044145442757 ], [ 77.270627458825103, 16.817447655354201 ], [ 77.269773199530135, 16.818700060771228 ], [ 77.269180237677375, 16.819363065462998 ], [ 77.268493133772481, 16.820673739158181 ], [ 77.268436883839144, 16.821494717710685 ], [ 77.267198712022179, 16.822864875330229 ], [ 77.265916466934002, 16.824289797405573 ], [ 77.265863517580541, 16.824348701719597 ], [ 77.265032523919473, 16.825988475671608 ], [ 77.264840829429843, 16.826368578272263 ], [ 77.262418386765191, 16.82753748297473 ], [ 77.260238824384928, 16.828760028775044 ], [ 77.260091884678531, 16.828839973430597 ], [ 77.259786517441711, 16.829005745208526 ], [ 77.258650731685307, 16.829618080792844 ], [ 77.257819038923444, 16.830069898377754 ], [ 77.257301558163363, 16.830355798882053 ], [ 77.257296859695202, 16.830405116468405 ], [ 77.257298321326189, 16.830446837441166 ], [ 77.257512068375817, 16.830320534059894 ], [ 77.257508694755529, 16.830370352912627 ], [ 77.257574898032317, 16.831406857545453 ], [ 77.257615019477896, 16.83203499044183 ], [ 77.257640865780246, 16.832245322517736 ], [ 77.257619541681393, 16.832403118488852 ], [ 77.257605440549924, 16.833210119900002 ], [ 77.25761783881542, 16.833860258503027 ], [ 77.257683970046401, 16.834220964414108 ], [ 77.257686801902167, 16.836312898396113 ], [ 77.257576317092614, 16.838219592340696 ], [ 77.257589130381035, 16.838946446649828 ], [ 77.257661938266949, 16.840540774100258 ], [ 77.257863164572129, 16.841245150314261 ], [ 77.257955027958175, 16.841539017470854 ], [ 77.258260508063472, 16.8425316753783 ], [ 77.259097577542306, 16.845160587018203 ], [ 77.259569809637469, 16.846572514111688 ], [ 77.259755479349195, 16.846934525077096 ], [ 77.259824706181021, 16.84707543334876 ], [ 77.259867430043926, 16.847573363593728 ], [ 77.259874988747214, 16.847797476540578 ], [ 77.259918808928177, 16.848908678118224 ], [ 77.260024976158391, 16.850335087250429 ], [ 77.260091933283434, 16.851533339663259 ], [ 77.260153933527832, 16.852727426777857 ], [ 77.260189220111087, 16.85306911052848 ], [ 77.260202062438665, 16.853194346267124 ], [ 77.260225914970263, 16.853426341239057 ], [ 77.260286832305297, 16.854238481427863 ], [ 77.260280150340193, 16.854396606776607 ], [ 77.2603733301885, 16.855980768061674 ], [ 77.260412101185267, 16.856163280327227 ], [ 77.260453312870538, 16.856472584659794 ], [ 77.260560301524905, 16.857275560650905 ], [ 77.260636923164668, 16.85762769094617 ], [ 77.260718538925218, 16.85819760072415 ], [ 77.260754197777786, 16.858472317890968 ], [ 77.26085100884039, 16.859296187457534 ], [ 77.260950636854744, 16.860239829949986 ], [ 77.261004496925608, 16.860651469980535 ], [ 77.26112396001011, 16.861610951829213 ], [ 77.259706921798312, 16.862124277291642 ], [ 77.250320552632047, 16.865200427542998 ], [ 77.24717334396297, 16.866296331569593 ], [ 77.245888689256049, 16.866743614124168 ], [ 77.241873449610239, 16.868141547160207 ], [ 77.242488328579213, 16.869133336953137 ], [ 77.242771722955311, 16.869590415246222 ], [ 77.248503719396822, 16.878791699158057 ], [ 77.249114038459993, 16.879115771753796 ], [ 77.250258564088156, 16.879701552643397 ], [ 77.25025217789532, 16.880019728020379 ], [ 77.25028246483383, 16.881835532749058 ], [ 77.250279822960977, 16.882026029913529 ], [ 77.250440157416975, 16.882148559130968 ], [ 77.250731436185447, 16.882427402260614 ], [ 77.251360715671879, 16.88338453367836 ], [ 77.251699067815935, 16.883931871774895 ], [ 77.251732417884199, 16.883989352184649 ], [ 77.252064734298528, 16.884562460577325 ], [ 77.252235376959987, 16.884785710894228 ], [ 77.252613571392772, 16.885726708369326 ], [ 77.252653840774784, 16.885874611279238 ], [ 77.252668875698731, 16.885930245880484 ], [ 77.252682715058498, 16.885981595348131 ], [ 77.252746969760921, 16.886221642032904 ], [ 77.252760144255248, 16.886405994450968 ], [ 77.252853862611829, 16.887334723181077 ], [ 77.25284516716691, 16.887717777965644 ], [ 77.252843474796279, 16.88786048728695 ], [ 77.252947487657366, 16.889173357858027 ], [ 77.25298393049188, 16.889519122995626 ], [ 77.252925543142254, 16.889786825409448 ], [ 77.252992375395735, 16.890137726058096 ], [ 77.253002944141912, 16.890193485601714 ], [ 77.253020373267972, 16.890285628249028 ], [ 77.253023890730915, 16.89031745355317 ], [ 77.253067483566028, 16.890657003256191 ], [ 77.253270841616995, 16.892007893195746 ], [ 77.253369226448356, 16.892591740329362 ], [ 77.253646548162124, 16.89395124802704 ], [ 77.253639353800011, 16.894014428281345 ], [ 77.253747293960345, 16.894363301039643 ], [ 77.253837547527766, 16.894634979572924 ], [ 77.25389065546085, 16.894888498129845 ], [ 77.253923209066841, 16.895003712539669 ], [ 77.254289435225161, 16.89623875539931 ], [ 77.254334251425036, 16.896633687785119 ], [ 77.254519199484989, 16.897053448760424 ], [ 77.254603600753555, 16.897257565094108 ], [ 77.254674629557513, 16.897707083305448 ], [ 77.254674764995201, 16.89770876751745 ], [ 77.254764937914047, 16.898573572752607 ], [ 77.254825517241798, 16.899074845719408 ], [ 77.254828722680998, 16.899650687835752 ], [ 77.254776001905199, 16.900019358376255 ], [ 77.254715514153858, 16.900455034953485 ], [ 77.254633673807874, 16.901775769633865 ], [ 77.254662063490017, 16.901814297530837 ], [ 77.25472560417235, 16.902334260186532 ], [ 77.254665053289528, 16.902969743003712 ], [ 77.254588864075856, 16.903869818718761 ], [ 77.254579237380099, 16.903994595497505 ], [ 77.254571096141476, 16.904102642508146 ], [ 77.254599662528506, 16.904887100273388 ], [ 77.254581138087815, 16.905156201208769 ], [ 77.254774550809884, 16.90721141837151 ], [ 77.254953811075922, 16.908526376081287 ], [ 77.25510418457857, 16.909456253806471 ], [ 77.253551974651316, 16.910206614426301 ], [ 77.253148122634059, 16.911223930980473 ], [ 77.253289306306272, 16.912960712453085 ], [ 77.253726054583311, 16.913443437777843 ], [ 77.255570671299438, 16.916238841252639 ], [ 77.256014305166289, 16.91666485868852 ], [ 77.256848399395722, 16.917041062751807 ], [ 77.258580217473266, 16.917812068894751 ], [ 77.259672705861817, 16.918338953600649 ], [ 77.260305006519303, 16.918970432757764 ], [ 77.260947373249294, 16.920635077664883 ], [ 77.261398206570519, 16.921601894956773 ], [ 77.261525818118812, 16.923012917622831 ], [ 77.261683662303042, 16.923260003183003 ], [ 77.2622015681183, 16.924072378893776 ], [ 77.261974997954155, 16.925740778200694 ], [ 77.262297658324371, 16.926976260981689 ], [ 77.262376118536977, 16.927276453733789 ], [ 77.26256193647427, 16.928052994596161 ], [ 77.263122075918375, 16.928218145348442 ], [ 77.263119789730524, 16.928220921424451 ], [ 77.263782605585718, 16.928405586725052 ], [ 77.265720493770672, 16.929820453753148 ], [ 77.265797311561954, 16.929791278931809 ], [ 77.267159831864191, 16.929273800515247 ], [ 77.267159860748336, 16.929273783030698 ], [ 77.267532084852547, 16.929277173642337 ], [ 77.267956519681576, 16.929280806068515 ], [ 77.268225254239439, 16.929283105645489 ], [ 77.268262728647613, 16.929221548680008 ], [ 77.268810860468591, 16.928321149066146 ], [ 77.26925411529156, 16.928325795908755 ], [ 77.272138682864593, 16.92835601342512 ], [ 77.27251703176394, 16.928359573628576 ], [ 77.272909230561623, 16.92836326271313 ], [ 77.273118777337018, 16.928270785464303 ], [ 77.273271800454253, 16.92820317153226 ], [ 77.27333184352139, 16.928276646042363 ], [ 77.273430894960697, 16.928231244974295 ], [ 77.274157359979426, 16.929114965066606 ], [ 77.27427764638891, 16.929261288503998 ], [ 77.274277666366018, 16.929261310865758 ], [ 77.274363796332551, 16.929349442918348 ], [ 77.27570027916704, 16.930717070737767 ], [ 77.275805342695392, 16.930761254497046 ], [ 77.275833284358967, 16.930773004952847 ], [ 77.276178931591502, 16.930918459506813 ], [ 77.276356665270058, 16.930993262414859 ], [ 77.276455073857079, 16.931034675465323 ], [ 77.276696476716495, 16.931136303099215 ], [ 77.276746457014298, 16.931145835759072 ], [ 77.276768761095681, 16.931150089550062 ], [ 77.276867454514075, 16.931192308622052 ], [ 77.277128284415667, 16.9313038865353 ], [ 77.279194082171585, 16.932187578041887 ], [ 77.279403409076522, 16.932277567878995 ], [ 77.27969941723623, 16.932404822250621 ], [ 77.28064244087426, 16.932803658101946 ], [ 77.281044895353247, 16.932973868231681 ], [ 77.281130335224631, 16.933010002788645 ], [ 77.281813371083601, 16.933292866737649 ], [ 77.28271676284038, 16.933666977010517 ], [ 77.28590115304354, 16.934647559180668 ], [ 77.285902753499869, 16.934652865668948 ], [ 77.287868535551581, 16.935263167594936 ], [ 77.287965141934492, 16.935283099329162 ], [ 77.287956442817162, 16.935362455233932 ], [ 77.288069271756783, 16.935398673793458 ] ] ] } },
{ "type": "Feature", "properties": { "OBJECTID": 81, "KGISHobliID": 629, "KGISHobliCode": "040504", "KGISHobliName": "Kodla", "BhuCodeHobli": null, "SHAPE.STArea()": 293940768.0888747, "SHAPE.STLength()": 114733.07306109497, "KGISTalukCode": "0405", "created_user": null, "created_date": null, "last_edited_user": "SURESHBV2", "last_edited_date": 1744870366000.0, "_overlap_percent": 0.042655336615818301, "_police_station": "Gurmitkal PS", "_police_feature_index": "298", "_admin_layer": "Hobli", "_geometry_clipped": true }, "geometry": { "type": "MultiPolygon", "coordinates": [ [ [ [ 77.213011725249572, 16.943910273661984 ], [ 77.211846261791592, 16.944368618065187 ], [ 77.21162584822153, 16.944413593917098 ], [ 77.211611108903767, 16.944563493465672 ], [ 77.211682077540985, 16.944708862892146 ], [ 77.211812012023216, 16.944680891460642 ], [ 77.213288783586009, 16.943801312188853 ], [ 77.213011725249572, 16.943910273661984 ] ] ], [ [ [ 77.22020445975464, 16.942781372914784 ], [ 77.220179295437347, 16.94275213542528 ], [ 77.220176265684117, 16.942750858451884 ], [ 77.219660360524912, 16.942954536808166 ], [ 77.219660328796962, 16.942954552510798 ], [ 77.219448360815548, 16.942963804873536 ], [ 77.219299696677425, 16.942969964078767 ], [ 77.218476858637388, 16.94300123228054 ], [ 77.217756624604519, 16.943026504347323 ], [ 77.217442548222223, 16.943037524151908 ], [ 77.216139666039524, 16.943083231580712 ], [ 77.215725250427226, 16.943171596386303 ], [ 77.21586636612443, 16.94316511494063 ], [ 77.218505451793149, 16.943043702695817 ], [ 77.219414760173649, 16.943001890416586 ], [ 77.219575874895042, 16.942994460204822 ], [ 77.219802253782873, 16.942984062712036 ], [ 77.219802278003016, 16.942984047091009 ], [ 77.220149885705112, 16.942798287965338 ], [ 77.220153103058209, 16.942799714669086 ], [ 77.220261269335865, 16.94284737871768 ], [ 77.22020445975464, 16.942781372914784 ] ] ], [ [ [ 77.221514803739694, 16.942849335446994 ], [ 77.220678612972506, 16.943005284983663 ], [ 77.220637158166539, 16.943013016140743 ], [ 77.22075582164112, 16.94306530583529 ], [ 77.22174695668842, 16.942806038169067 ], [ 77.221514803739694, 16.942849335446994 ] ] ], [ [ [ 77.224866848481497, 16.94243977344804 ], [ 77.224444359432979, 16.942553771182613 ], [ 77.224367640310405, 16.942574471684726 ], [ 77.222582941725236, 16.942540127788977 ], [ 77.222404968325932, 16.942633914077629 ], [ 77.222628968964301, 16.942575321545174 ], [ 77.224522910964069, 16.942744578703763 ], [ 77.22486817299108, 16.942439416070801 ], [ 77.224866848481497, 16.94243977344804 ] ] ], [ [ [ 77.226936140888782, 16.940659027231252 ], [ 77.226960308790041, 16.940548959361173 ], [ 77.226804805978404, 16.940502882202381 ], [ 77.226286693951678, 16.940998189883061 ], [ 77.226218117431358, 16.941063748572216 ], [ 77.225857468485358, 16.94143835305675 ], [ 77.225281590006801, 16.942036511552782 ], [ 77.22503932175303, 16.942288150575617 ], [ 77.226250370905376, 16.941217747396362 ], [ 77.226859514232558, 16.940679354455064 ], [ 77.226930665683824, 16.940706436780069 ], [ 77.226936140888782, 16.940659027231252 ] ] ], [ [ [ 77.229473499334446, 16.942272567267974 ], [ 77.229113506774084, 16.94211197282144 ], [ 77.228730057277161, 16.941940912306237 ], [ 77.227161288533011, 16.94124105913798 ], [ 77.226941689045304, 16.941143090765767 ], [ 77.226909959290012, 16.94135680086433 ], [ 77.229483946558105, 16.942581268285572 ], [ 77.23138509877991, 16.943455255440124 ], [ 77.231380491068563, 16.94297635345843 ], [ 77.229473499334446, 16.942272567267974 ] ] ], [ [ [ 77.231459039761987, 16.94202290849983 ], [ 77.231450119775957, 16.942426762426201 ], [ 77.231799501682715, 16.942559749615221 ], [ 77.231764444364359, 16.94213082764383 ], [ 77.231459039761987, 16.94202290849983 ] ] ], [ [ [ 77.244697598065883, 16.939859988567356 ], [ 77.244451042232882, 16.940193815749819 ], [ 77.243959794171175, 16.940862358698073 ], [ 77.243759418952379, 16.941002930621 ], [ 77.242927507479479, 16.941586549810371 ], [ 77.242216527326292, 16.942089387498292 ], [ 77.242216501124474, 16.942089394109718 ], [ 77.241515870248065, 16.941748165826301 ], [ 77.240688683135431, 16.941347829620636 ], [ 77.240457812779596, 16.94123836801489 ], [ 77.239654965040671, 16.940860933626162 ], [ 77.238688316918783, 16.940445840880859 ], [ 77.238110573893323, 16.940205168331772 ], [ 77.237929065316933, 16.940129556129222 ], [ 77.237779671811921, 16.940068133575068 ], [ 77.237779644457987, 16.94006812213085 ], [ 77.234919445801481, 16.938885164975144 ], [ 77.234293444660807, 16.938609761271 ], [ 77.234185695943353, 16.938562357839054 ], [ 77.233226873568498, 16.93836601798926 ], [ 77.232165246715269, 16.938206247845368 ], [ 77.231556828594549, 16.938107194562569 ], [ 77.231556720460418, 16.938107177676443 ], [ 77.231566677366828, 16.938245658512972 ], [ 77.232092734042368, 16.938331697004379 ], [ 77.233152538478549, 16.938505028244858 ], [ 77.234122761450152, 16.938717827106043 ], [ 77.234874923946009, 16.939060990343545 ], [ 77.237701312387642, 16.940350443411745 ], [ 77.237701339752306, 16.940350455759233 ], [ 77.237850393817496, 16.940417679083119 ], [ 77.23861360233721, 16.940761855957842 ], [ 77.239597309256851, 16.941205447804823 ], [ 77.240419669264568, 16.941604090071642 ], [ 77.240656383381861, 16.941718836469224 ], [ 77.24150517829554, 16.942136599234559 ], [ 77.242222313152553, 16.94248957348853 ], [ 77.242222339343741, 16.942489565973833 ], [ 77.242922915670491, 16.941966061029095 ], [ 77.243936713492971, 16.941208487037823 ], [ 77.244406444988897, 16.940507216207198 ], [ 77.244918073733771, 16.939743394688684 ], [ 77.244953877891973, 16.939512994098742 ], [ 77.244697598065883, 16.939859988567356 ] ] ], [ [ [ 77.246195413534679, 16.932426066309279 ], [ 77.246193971856997, 16.932433807869792 ], [ 77.246187673011789, 16.932467621997404 ], [ 77.246182193577923, 16.932468308291082 ], [ 77.246171903896055, 16.932554771940673 ], [ 77.246118136106688, 16.932851925737562 ], [ 77.246104304365659, 16.932934038809506 ], [ 77.246073285000094, 16.933160534310954 ], [ 77.246126208921581, 16.932876404396861 ], [ 77.246140867039557, 16.932797732247039 ], [ 77.246207416404943, 16.932440449270306 ], [ 77.246195413534679, 16.932426066309279 ] ] ], [ [ [ 77.252494056436419, 16.932257629403221 ], [ 77.252025307919496, 16.932405645914738 ], [ 77.252498824328811, 16.932272969592361 ], [ 77.252494056436419, 16.932257629403221 ] ] ], [ [ [ 77.253078089349358, 16.932315771031913 ], [ 77.252843953695447, 16.932415664159791 ], [ 77.25281033176006, 16.932430311923149 ], [ 77.252791596945173, 16.932438474045533 ], [ 77.252881549186867, 16.932406049546113 ], [ 77.253095673799038, 16.932328871114542 ], [ 77.253078089349358, 16.932315771031913 ] ] ], [ [ [ 77.262095364539036, 16.928006158059613 ], [ 77.262071871430678, 16.927999901228759 ], [ 77.261756116729785, 16.928302665094609 ], [ 77.261570708264586, 16.92847963295862 ], [ 77.260650558043054, 16.929357888827429 ], [ 77.260283911408294, 16.929707839792954 ], [ 77.260003766754139, 16.92997352246169 ], [ 77.258455599252557, 16.930525527743491 ], [ 77.258048761109762, 16.930453828883287 ], [ 77.257789114478271, 16.930408069910538 ], [ 77.257469740775178, 16.930617883914213 ], [ 77.257228343330866, 16.930776348139162 ], [ 77.257175751473739, 16.930810871718073 ], [ 77.256974573015356, 16.930942919290047 ], [ 77.256974549717114, 16.930942933098073 ], [ 77.256166520579342, 16.931281582316149 ], [ 77.25581624894636, 16.931431051072217 ], [ 77.255684215264111, 16.931659420650298 ], [ 77.255526957167262, 16.931938471616181 ], [ 77.254356173066824, 16.932511460441674 ], [ 77.254136077881839, 16.932555443679266 ], [ 77.253942648297937, 16.932594097045474 ], [ 77.253872615553732, 16.932608048225035 ], [ 77.253759840634402, 16.932630264380634 ], [ 77.253920936485699, 16.932615456644836 ], [ 77.253999991142933, 16.932608192964398 ], [ 77.254467521229586, 16.932565248079527 ], [ 77.255660920416958, 16.931997662225232 ], [ 77.255821450457788, 16.931714159343922 ], [ 77.255953855308888, 16.931480328302904 ], [ 77.256306524768974, 16.931329675605781 ], [ 77.257114758349445, 16.930984412683994 ], [ 77.257114781647672, 16.93098439887595 ], [ 77.257314822253946, 16.930848470199972 ], [ 77.257607229493274, 16.930649770487307 ], [ 77.257925061704583, 16.930433792429277 ], [ 77.258595947320359, 16.930559511281686 ], [ 77.260141933639318, 16.929994945090989 ], [ 77.260419812854195, 16.929721035905697 ], [ 77.261885895278056, 16.928275877996057 ], [ 77.262145858558597, 16.928019609133052 ], [ 77.262095364539036, 16.928006158059613 ] ] ], [ [ [ 77.263122075918375, 16.928218145348442 ], [ 77.26256193647427, 16.928052994596161 ], [ 77.262538272506177, 16.928046027856205 ], [ 77.262528682357043, 16.928056235704631 ], [ 77.262782338372247, 16.928126905030567 ], [ 77.263119789730524, 16.928220921424451 ], [ 77.263122075918375, 16.928218145348442 ] ] ], [ [ [ 77.273271800454253, 16.92820317153226 ], [ 77.273118777337018, 16.928270785464303 ], [ 77.272909230561623, 16.92836326271313 ], [ 77.27251703176394, 16.928359573628576 ], [ 77.272138682864593, 16.92835601342512 ], [ 77.26925411529156, 16.928325795908755 ], [ 77.268810860468591, 16.928321149066146 ], [ 77.268262728647613, 16.929221548680008 ], [ 77.268225254239439, 16.929283105645489 ], [ 77.267956519681576, 16.929280806068515 ], [ 77.267532084852547, 16.929277173642337 ], [ 77.267159860748336, 16.929273783030698 ], [ 77.267159831864191, 16.929273800515247 ], [ 77.265797311561954, 16.929791278931809 ], [ 77.265720493770672, 16.929820453753148 ], [ 77.265824619939067, 16.929896477067373 ], [ 77.267314726806987, 16.929309367289367 ], [ 77.267314755680289, 16.929309348901548 ], [ 77.267689219326101, 16.929315501259115 ], [ 77.268387145502416, 16.929326947360963 ], [ 77.268954885509572, 16.928328247344059 ], [ 77.272295858184918, 16.928383458675501 ], [ 77.273070893907487, 16.928396265525723 ], [ 77.273278909145475, 16.928300908962928 ], [ 77.27333184352139, 16.928276646042363 ], [ 77.273271800454253, 16.92820317153226 ] ] ], [ [ [ 77.281044895353247, 16.932973868231681 ], [ 77.28064244087426, 16.932803658101946 ], [ 77.27969941723623, 16.932404822250621 ], [ 77.279403409076522, 16.932277567878995 ], [ 77.279194082171585, 16.932187578041887 ], [ 77.277128284415667, 16.9313038865353 ], [ 77.276867454514075, 16.931192308622052 ], [ 77.276768761095681, 16.931150089550062 ], [ 77.276746457014298, 16.931145835759072 ], [ 77.276696476716495, 16.931136303099215 ], [ 77.276455073857079, 16.931034675465323 ], [ 77.276356665270058, 16.930993262414859 ], [ 77.276178931591502, 16.930918459506813 ], [ 77.275833284358967, 16.930773004952847 ], [ 77.275805342695392, 16.930761254497046 ], [ 77.27570027916704, 16.930717070737767 ], [ 77.275764529251347, 16.930782818086282 ], [ 77.276092134291758, 16.930918878238128 ], [ 77.276425936370401, 16.931057563491795 ], [ 77.276597499318711, 16.931128833211687 ], [ 77.276692466262929, 16.931168274501747 ], [ 77.276925345220732, 16.931265010255469 ], [ 77.27699589835521, 16.931277724650439 ], [ 77.27932436533986, 16.932258664420342 ], [ 77.279805422145387, 16.932461319815765 ], [ 77.281130335224631, 16.933010002788645 ], [ 77.281044895353247, 16.932973868231681 ] ] ], [ [ [ 77.28901389014834, 16.936934775698166 ], [ 77.288480203360749, 16.936412299619942 ], [ 77.288139741816508, 16.936082765283974 ], [ 77.288141790833421, 16.93603598451206 ], [ 77.288166478640676, 16.935419672787557 ], [ 77.288154561138555, 16.93541709803511 ], [ 77.288069271756783, 16.935398673793458 ], [ 77.287956442817162, 16.935362455233932 ], [ 77.287899515615251, 16.935881761899861 ], [ 77.287894516595912, 16.935927365223094 ], [ 77.288222993321284, 16.936249984524089 ], [ 77.289155269036016, 16.937165625811794 ], [ 77.289224623630716, 16.937233740237392 ], [ 77.289230873182404, 16.937147198993234 ], [ 77.28901389014834, 16.936934775698166 ] ] ], [ [ [ 77.298002535798986, 16.932075698860835 ], [ 77.297977679464012, 16.932095006714732 ], [ 77.297977784492687, 16.932108603709068 ], [ 77.297910340229834, 16.932133264234267 ], [ 77.297721642222271, 16.932202252152734 ], [ 77.296973579334079, 16.932478184374755 ], [ 77.296494695734467, 16.932638126290431 ], [ 77.296345557338213, 16.932687936340297 ], [ 77.296212701598407, 16.932732308442837 ], [ 77.295902322421597, 16.932815832094377 ], [ 77.295952664222071, 16.932821527030701 ], [ 77.296325860658158, 16.932717147300313 ], [ 77.297082053289643, 16.9324539118989 ], [ 77.297824255933648, 16.932168011681924 ], [ 77.298011523474685, 16.932096541093475 ], [ 77.298078458640802, 16.932070997365425 ], [ 77.298077662183687, 16.932056957377192 ], [ 77.299156693607699, 16.931179139602555 ], [ 77.298002535798986, 16.932075698860835 ] ] ], [ [ [ 77.307519670912711, 16.928410362074509 ], [ 77.307470212775641, 16.928415712012431 ], [ 77.307485314528847, 16.928553587550365 ], [ 77.307525327912785, 16.928918895642742 ], [ 77.307602536674807, 16.928902713090658 ], [ 77.307534574204652, 16.928408730170613 ], [ 77.307519670912711, 16.928410362074509 ] ] ], [ [ [ 77.311160792675238, 16.92766345714254 ], [ 77.311139837042901, 16.927671714994613 ], [ 77.310914208048516, 16.927759956703181 ], [ 77.310907728151861, 16.927762359723864 ], [ 77.31086666417734, 16.927777560459898 ], [ 77.310652432704615, 16.927855889752252 ], [ 77.310465376835893, 16.927922494131206 ], [ 77.310465359463109, 16.92792249796296 ], [ 77.310568975164983, 16.927902157185805 ], [ 77.310747909551225, 16.92783110254096 ], [ 77.310954827531575, 16.927748936254019 ], [ 77.310994682619466, 16.927733110508957 ], [ 77.311000976469785, 16.927730612028618 ], [ 77.311161184334082, 16.92766379505747 ], [ 77.311160792675238, 16.92766345714254 ] ] ], [ [ [ 77.321869450845185, 16.93588829820073 ], [ 77.3215704215621, 16.935912997448941 ], [ 77.321473767976229, 16.936002422210528 ], [ 77.321796756188078, 16.935948799296909 ], [ 77.321796783134928, 16.935948777310404 ], [ 77.321872211516535, 16.935888069529415 ], [ 77.321869450845185, 16.93588829820073 ] ] ], [ [ [ 77.336054133194665, 16.930503207797162 ], [ 77.335935768181216, 16.930552063956267 ], [ 77.33587910125901, 16.930575468678825 ], [ 77.335874073232446, 16.930577546023667 ], [ 77.335869022808239, 16.930579633561162 ], [ 77.335810464966485, 16.930604872877357 ], [ 77.334358685263382, 16.931230599874073 ], [ 77.334317137202376, 16.931284099447041 ], [ 77.333977442296856, 16.931399637495872 ], [ 77.33387017572322, 16.931436188825227 ], [ 77.333633051536637, 16.931516987460647 ], [ 77.3336330234754, 16.931516995007893 ], [ 77.332638899614338, 16.931706121098447 ], [ 77.331072887095345, 16.932246797619857 ], [ 77.329044006802846, 16.933072716924773 ], [ 77.328783723310281, 16.933227015172719 ], [ 77.328782300610627, 16.933227857946175 ], [ 77.328688103436406, 16.933283666858841 ], [ 77.328685782584387, 16.933285041999945 ], [ 77.328005113435367, 16.933687645995608 ], [ 77.327877615539634, 16.933785052500628 ], [ 77.32781803841543, 16.933830536114719 ], [ 77.327818010420202, 16.933830549080493 ], [ 77.327251960304892, 16.934018425725665 ], [ 77.327165252160469, 16.934047204845875 ], [ 77.327080453727845, 16.934075823963571 ], [ 77.326694404637365, 16.934278855097855 ], [ 77.32595325502102, 16.934675037296682 ], [ 77.325589915394573, 16.934761345086077 ], [ 77.325498514514607, 16.934783055978574 ], [ 77.325017526976509, 16.934897308329298 ], [ 77.324413770586048, 16.935040721873026 ], [ 77.324321484136931, 16.935062642886944 ], [ 77.324194504455491, 16.935092840296896 ], [ 77.324110960484731, 16.935126027546175 ], [ 77.322858131357108, 16.935623704138152 ], [ 77.322565334224194, 16.935753020003993 ], [ 77.322822378267716, 16.935736706650715 ], [ 77.323367978340627, 16.935527152570888 ], [ 77.32475735953696, 16.935028636061393 ], [ 77.324888021833587, 16.935000816440258 ], [ 77.326551418827506, 16.934646651861136 ], [ 77.327272276396542, 16.934261747573785 ], [ 77.327643821224584, 16.934063369392081 ], [ 77.327726399800724, 16.934035572995246 ], [ 77.328359526741224, 16.933822501514364 ], [ 77.328359553798066, 16.933822488559223 ], [ 77.328415302324132, 16.933777510954794 ], [ 77.32853467490844, 16.933681209415504 ], [ 77.329181780124401, 16.933284065073003 ], [ 77.329274991430594, 16.933226860695918 ], [ 77.329522822518911, 16.933074766197922 ], [ 77.331482104605058, 16.932264109985908 ], [ 77.333000633037244, 16.931732918474012 ], [ 77.333972881103577, 16.931548629525128 ], [ 77.3339729091648, 16.931548621977836 ], [ 77.334306570454885, 16.931432593690825 ], [ 77.334635630136503, 16.93131817935669 ], [ 77.334673644140878, 16.931264706568346 ], [ 77.336128294116449, 16.930615681963154 ], [ 77.336128549111976, 16.93061557256792 ], [ 77.336054133194665, 16.930503207797162 ] ] ], [ [ [ 77.338455440257022, 16.930433978817394 ], [ 77.337520821446091, 16.930632554684799 ], [ 77.33720931935008, 16.930695368349692 ], [ 77.336508522904552, 16.930824361414661 ], [ 77.336562990103474, 16.930901313551804 ], [ 77.337574712134369, 16.930708846838989 ], [ 77.338520433160824, 16.930497418309759 ], [ 77.338455440257022, 16.930433978817394 ] ] ] ] } },
{ "type": "Feature", "properties": { "OBJECTID": 1143, "KGISHobliID": 1021, "KGISHobliCode": "300106", "KGISHobliName": "Yadagiri", "BhuCodeHobli": null, "SHAPE.STArea()": 248164936.42407551, "SHAPE.STLength()": 106676.06284667829, "KGISTalukCode": "3001", "created_user": null, "created_date": null, "last_edited_user": "SURESHBV1", "last_edited_date": 1657279317000.0, "_overlap_percent": 8.7824136485216719, "_police_station": "Gurmitkal PS", "_police_feature_index": "298", "_admin_layer": "Hobli", "_geometry_clipped": true }, "geometry": { "type": "MultiPolygon", "coordinates": [ [ [ [ 77.270937372438254, 16.723041211696973 ], [ 77.270921108818712, 16.722510046896822 ], [ 77.270843695079023, 16.721409778079739 ], [ 77.270645114002789, 16.720894615422047 ], [ 77.270635530580165, 16.720869463083844 ], [ 77.27044531767153, 16.720373859393504 ], [ 77.270160844161836, 16.719640989637568 ], [ 77.269819358194013, 16.718787664237809 ], [ 77.269737954734182, 16.718550616416479 ], [ 77.26946818974929, 16.71776252755145 ], [ 77.269432275231139, 16.71764646685531 ], [ 77.269316681728313, 16.717272526909365 ], [ 77.2691896202913, 16.716933294949872 ], [ 77.269243786171018, 16.717085247558611 ], [ 77.269362103908904, 16.717485363923799 ], [ 77.269398829272262, 16.717609589553675 ], [ 77.269671854270669, 16.718451011063785 ], [ 77.269753681724922, 16.718703146198514 ], [ 77.270096177323325, 16.719607365428217 ], [ 77.270382565024065, 16.720380880071076 ], [ 77.270575534459894, 16.720902105101111 ], [ 77.270585314704135, 16.720928520918967 ], [ 77.270790007586001, 16.721468906661425 ], [ 77.270889967508666, 16.722620164792097 ], [ 77.270935921063341, 16.723149616274981 ], [ 77.270937372438254, 16.723041211696973 ] ] ], [ [ [ 77.272466938402005, 16.727586138707078 ], [ 77.272228271333375, 16.727518802923534 ], [ 77.272099452811204, 16.72746264164741 ], [ 77.272057468123805, 16.727442032263188 ], [ 77.270772141540291, 16.726809808801264 ], [ 77.270639980447626, 16.726736921903743 ], [ 77.270485450681861, 16.726676105439292 ], [ 77.270476434507486, 16.726740251526302 ], [ 77.270708322939953, 16.726831646166563 ], [ 77.270840840557725, 16.726903836194047 ], [ 77.272124955100139, 16.727526270770618 ], [ 77.272166855633088, 16.72754658023797 ], [ 77.272295354224482, 16.727601923809878 ], [ 77.27246386676407, 16.727648897297819 ], [ 77.272466938402005, 16.727586138707078 ] ] ], [ [ [ 77.257301558163363, 16.830355798882053 ], [ 77.257819038923444, 16.830069898377754 ], [ 77.258650731685307, 16.829618080792844 ], [ 77.259786517441711, 16.829005745208526 ], [ 77.260091884678531, 16.828839973430597 ], [ 77.260238824384928, 16.828760028775044 ], [ 77.262418386765191, 16.82753748297473 ], [ 77.264840829429843, 16.826368578272263 ], [ 77.265032523919473, 16.825988475671608 ], [ 77.265863517580541, 16.824348701719597 ], [ 77.265916466934002, 16.824289797405573 ], [ 77.267198712022179, 16.822864875330229 ], [ 77.268436883839144, 16.821494717710685 ], [ 77.268493133772481, 16.820673739158181 ], [ 77.269180237677375, 16.819363065462998 ], [ 77.269773199530135, 16.818700060771228 ], [ 77.270627458825103, 16.817447655354201 ], [ 77.270458597788206, 16.817044145442757 ], [ 77.270300075086183, 16.816370835252716 ], [ 77.270286778756557, 16.816314434389945 ], [ 77.270638330475833, 16.814889001353048 ], [ 77.27110498203065, 16.814482106837001 ], [ 77.271199886339843, 16.814410115124542 ], [ 77.272074410276161, 16.813747059748472 ], [ 77.272107071649756, 16.813702267080579 ], [ 77.27212379915008, 16.813679326140168 ], [ 77.272301656476131, 16.813435427895186 ], [ 77.272357693996753, 16.813355954555242 ], [ 77.27285376619578, 16.812652621432143 ], [ 77.272962126688398, 16.812590269253359 ], [ 77.273150114842011, 16.812482136920636 ], [ 77.273457986993535, 16.812294568239579 ], [ 77.273900626272621, 16.812094822391881 ], [ 77.274615489948715, 16.811800616825899 ], [ 77.274642261837926, 16.811350517815924 ], [ 77.274647713321258, 16.811259014320584 ], [ 77.274955545478633, 16.810696490561959 ], [ 77.274983009785203, 16.81057850677071 ], [ 77.274910726611296, 16.808630651256895 ], [ 77.274880063267261, 16.807473629523585 ], [ 77.27487801263193, 16.807399513162025 ], [ 77.274895146427568, 16.805185650025617 ], [ 77.275619781599374, 16.803859465319668 ], [ 77.276409533127918, 16.802335555870737 ], [ 77.276980560311429, 16.801199693844239 ], [ 77.277028711420897, 16.80110217816231 ], [ 77.277758421699644, 16.800249491041072 ], [ 77.278590017197644, 16.79971128037598 ], [ 77.279659036966379, 16.79901971882315 ], [ 77.281071695151041, 16.798863865806823 ], [ 77.28097615358574, 16.797945549066597 ], [ 77.2811007457301, 16.797510058413248 ], [ 77.281108240081252, 16.797426016815784 ], [ 77.281059958812904, 16.796407973911133 ], [ 77.281077297275559, 16.796093321429325 ], [ 77.281130990746675, 16.79512968436643 ], [ 77.281027365146329, 16.794711888048369 ], [ 77.281076573933888, 16.794169761758877 ], [ 77.281434901743779, 16.793752218753802 ], [ 77.282105550807159, 16.79296922413501 ], [ 77.281609744375217, 16.79251122296284 ], [ 77.281649375568378, 16.792362660302846 ], [ 77.281817289737276, 16.791738158186977 ], [ 77.281975156635454, 16.790189008000663 ], [ 77.281941515528999, 16.790126684291263 ], [ 77.28188823991448, 16.790027970028273 ], [ 77.281883266319369, 16.790018752963373 ], [ 77.281817612220621, 16.789897082118149 ], [ 77.281554443934297, 16.788911200932333 ], [ 77.281749151447684, 16.788894533295306 ], [ 77.281773794904694, 16.788627111194412 ], [ 77.281829711345296, 16.788014507079787 ], [ 77.281848546191497, 16.787832811658703 ], [ 77.282001490820178, 16.786347512072641 ], [ 77.282107920242211, 16.786084723615641 ], [ 77.283408177833408, 16.782811117189841 ], [ 77.283728987324906, 16.781818670187583 ], [ 77.283773778256517, 16.781745516964481 ], [ 77.284614467433784, 16.780441935192936 ], [ 77.284733876572332, 16.78023394053147 ], [ 77.284856562987912, 16.780016854064744 ], [ 77.286911918948391, 16.776923622110306 ], [ 77.286930878398167, 16.776880307244504 ], [ 77.287479167400505, 16.775587546655494 ], [ 77.288026704752667, 16.775157251905537 ], [ 77.288536276810575, 16.774811007269864 ], [ 77.288654423452485, 16.774742764689581 ], [ 77.288976474526748, 16.774527445904273 ], [ 77.289359861319312, 16.774480694813114 ], [ 77.289619455308895, 16.774444135192134 ], [ 77.289691957668254, 16.774183241974661 ], [ 77.289695700934288, 16.774169844950844 ], [ 77.289803670150917, 16.773778576158907 ], [ 77.289808545066151, 16.773760937882482 ], [ 77.290017816348424, 16.77289809708935 ], [ 77.290217706358405, 16.772105945281769 ], [ 77.290248702902232, 16.771986457112696 ], [ 77.29026099064744, 16.771620278038913 ], [ 77.290285449050046, 16.771575122214074 ], [ 77.290643216943366, 16.770918848582308 ], [ 77.289841627203074, 16.769574568831146 ], [ 77.289805658645534, 16.769514880986446 ], [ 77.289794759896253, 16.769496726051973 ], [ 77.289760322339063, 16.769439127837238 ], [ 77.289713444882537, 16.769348607255264 ], [ 77.289230802937638, 16.768421731010111 ], [ 77.288986508565216, 16.767889783875603 ], [ 77.288779672327664, 16.767438427196943 ], [ 77.288807571225092, 16.767217473625756 ], [ 77.288842153969725, 16.766951630513837 ], [ 77.289175682910326, 16.765703466122563 ], [ 77.289409931624363, 16.765332004122524 ], [ 77.289730059408839, 16.764511566825458 ], [ 77.289792327949186, 16.764428413521816 ], [ 77.290133179133633, 16.763804305343786 ], [ 77.290646110984099, 16.763157406449796 ], [ 77.29068875044095, 16.763102434033932 ], [ 77.290782447707429, 16.762707171143603 ], [ 77.291135037836455, 16.761423649751027 ], [ 77.291436748051623, 16.760739330446132 ], [ 77.291758753346059, 16.759920104649328 ], [ 77.292232621962071, 16.75907024595616 ], [ 77.292304598913844, 16.758578768931962 ], [ 77.292428160395175, 16.757604814261494 ], [ 77.293262775871625, 16.755214552403967 ], [ 77.293300400068446, 16.755048746062769 ], [ 77.293319354308878, 16.754964795661113 ], [ 77.29350582370904, 16.754892805240061 ], [ 77.293966694116349, 16.754540247941399 ], [ 77.294008277530864, 16.754284037165757 ], [ 77.293618029947666, 16.753354071484949 ], [ 77.293403189854942, 16.752549394163147 ], [ 77.293362546613096, 16.75170125666493 ], [ 77.293150047837528, 16.750803672707328 ], [ 77.293114136026858, 16.75057811682785 ], [ 77.293072574185715, 16.750315053530574 ], [ 77.293052748154182, 16.750188834809286 ], [ 77.293022221043131, 16.749997699705943 ], [ 77.292250008356632, 16.749292792992318 ], [ 77.292221075187555, 16.749267358596512 ], [ 77.292170507973395, 16.749241541316568 ], [ 77.291984602512571, 16.749147695739026 ], [ 77.291881298694989, 16.748979286636636 ], [ 77.291856678272126, 16.748939415375581 ], [ 77.291638839356935, 16.748976755762794 ], [ 77.291441896122066, 16.748881115328029 ], [ 77.29102177726034, 16.748680360692362 ], [ 77.289748293380981, 16.74832708298479 ], [ 77.289595956106297, 16.748138790680663 ], [ 77.289175564923795, 16.747634156989058 ], [ 77.288983387077167, 16.747166359540223 ], [ 77.288874232644119, 16.746917546482717 ], [ 77.28831254283169, 16.745716679449792 ], [ 77.288264878870805, 16.745257895879014 ], [ 77.288248130718443, 16.745072232720464 ], [ 77.287960526857361, 16.744083390821388 ], [ 77.287942635946834, 16.744019812960541 ], [ 77.287673547751325, 16.742338029844536 ], [ 77.2858859217408, 16.742147216905877 ], [ 77.285103490362246, 16.742078752521589 ], [ 77.28452135518576, 16.741954290378409 ], [ 77.283606328344661, 16.741588504312912 ], [ 77.283400474585619, 16.741567436712053 ], [ 77.283271505914669, 16.741531421801362 ], [ 77.283114299832434, 16.741483935648223 ], [ 77.282763541406666, 16.741375758452403 ], [ 77.282708268904969, 16.741177086277553 ], [ 77.28262851838808, 16.740973908729021 ], [ 77.282491570552892, 16.740670674536741 ], [ 77.282347955797093, 16.74058860699024 ], [ 77.281842293850787, 16.740030154418168 ], [ 77.281487597945883, 16.739702087674495 ], [ 77.281174546190485, 16.739422479433792 ], [ 77.280810048176448, 16.73908508926645 ], [ 77.280330762840421, 16.738442533260635 ], [ 77.280188805270782, 16.73825725736387 ], [ 77.278524297864834, 16.736797107835848 ], [ 77.278291927685061, 16.736594739222941 ], [ 77.277913190908862, 16.736238220870295 ], [ 77.277401730463055, 16.735639829508333 ], [ 77.277010144114087, 16.735285403962706 ], [ 77.276473685228567, 16.734793647485333 ], [ 77.275981147140783, 16.734336876169241 ], [ 77.275847021495949, 16.734211900964677 ], [ 77.275265022461625, 16.733448579065666 ], [ 77.275059363026628, 16.733146106965815 ], [ 77.274423916126736, 16.732211298691851 ], [ 77.274201891207554, 16.73188472104766 ], [ 77.274146037604552, 16.731802570453212 ], [ 77.27399795539084, 16.731584752531813 ], [ 77.273628929194942, 16.731041639111005 ], [ 77.273223823271195, 16.732485081094882 ], [ 77.273139132555542, 16.732460959363536 ], [ 77.272104179338527, 16.732303266004319 ], [ 77.272053670836485, 16.732290122160688 ], [ 77.272008500222029, 16.732278368576782 ], [ 77.271939684327663, 16.732416892594934 ], [ 77.270946915015571, 16.734848795064028 ], [ 77.270938557580791, 16.734869268220894 ], [ 77.270658794103497, 16.735554570464217 ], [ 77.270644679389662, 16.735589146416942 ], [ 77.271225044324666, 16.735609411218537 ], [ 77.272221167211171, 16.735705880586949 ], [ 77.272333221698503, 16.735716732326861 ], [ 77.272380936280769, 16.736495463577342 ], [ 77.272376139836624, 16.736528433791655 ], [ 77.272257140332172, 16.736938243967476 ], [ 77.272275306199248, 16.737560563896796 ], [ 77.272454322786174, 16.738652370255181 ], [ 77.272500498511789, 16.738755129929704 ], [ 77.272427377540836, 16.739322822963679 ], [ 77.27256120632255, 16.739413194040292 ], [ 77.272681816107948, 16.739762986304523 ], [ 77.272727356879471, 16.739862843079663 ], [ 77.272635846202533, 16.739909410289851 ], [ 77.272250821786187, 16.74019201385828 ], [ 77.271357512034683, 16.740218421803792 ], [ 77.270943451293931, 16.740256016908276 ], [ 77.270803457360117, 16.740268728843677 ], [ 77.270120788312383, 16.740211409458112 ], [ 77.269729801531739, 16.74017857987679 ], [ 77.269707871120659, 16.740328947885462 ], [ 77.269572824350206, 16.741428704113577 ], [ 77.269347651473126, 16.744144162505066 ], [ 77.269381180445265, 16.744155156409168 ], [ 77.270364219490403, 16.744562126021567 ], [ 77.2705385800747, 16.744619872638861 ], [ 77.270540737652766, 16.744620204823764 ], [ 77.270675431386337, 16.744640988816442 ], [ 77.27077776972969, 16.744636611967909 ], [ 77.271148351788767, 16.744731759776521 ], [ 77.271242334901373, 16.744755889629857 ], [ 77.272572076193683, 16.745084069630575 ], [ 77.272745684256677, 16.745126914956849 ], [ 77.271157764828033, 16.746683938592334 ], [ 77.271427435787984, 16.748322484386197 ], [ 77.271565837265868, 16.748222954163143 ], [ 77.27208394962399, 16.747926440943974 ], [ 77.273452745192472, 16.74964679266256 ], [ 77.273473519557385, 16.749672903492804 ], [ 77.275199460864485, 16.751669478471246 ], [ 77.27370001354376, 16.75232278172702 ], [ 77.272056139694371, 16.752842203854708 ], [ 77.27230872470426, 16.754820725099343 ], [ 77.272411546496713, 16.756149552021558 ], [ 77.272516086192326, 16.756163838486138 ], [ 77.273014711902277, 16.75629425415033 ], [ 77.273095268473099, 16.756310343181475 ], [ 77.2732311992999, 16.756324047373116 ], [ 77.272549024513907, 16.757105233253579 ], [ 77.272433368468427, 16.757171089860396 ], [ 77.271443066123069, 16.757580843173443 ], [ 77.271422230146172, 16.758238326015519 ], [ 77.271413804174216, 16.758504185134868 ], [ 77.271400138868543, 16.758935387098873 ], [ 77.271434006750241, 16.758968297134864 ], [ 77.271543730459697, 16.759074914564685 ], [ 77.272052915090313, 16.759534677952153 ], [ 77.272087799283838, 16.759583036187237 ], [ 77.272135269668397, 16.7596488399607 ], [ 77.272269324877641, 16.759834669835762 ], [ 77.272321626062237, 16.759907170348495 ], [ 77.272349276396866, 16.759960823478472 ], [ 77.272443526016161, 16.760184279624404 ], [ 77.272485308904308, 16.760167910462638 ], [ 77.272886002001655, 16.760122965949396 ], [ 77.273034527512564, 16.760069115520796 ], [ 77.273221260265004, 16.760001410385119 ], [ 77.273396168329313, 16.759937992861758 ], [ 77.27389168101196, 16.759758330430138 ], [ 77.273933470619852, 16.759743178677915 ], [ 77.274174887349204, 16.760330962544693 ], [ 77.274077756200171, 16.760364448320509 ], [ 77.273751191349561, 16.760477028272753 ], [ 77.272665539375069, 16.760817105288925 ], [ 77.27244635719704, 16.760824698288999 ], [ 77.272439913911654, 16.761158965467214 ], [ 77.271896181859773, 16.761183465307546 ], [ 77.271666763142335, 16.761212108895201 ], [ 77.271572060449856, 16.761227270668051 ], [ 77.271540005295321, 16.761232403732755 ], [ 77.271305717704863, 16.762230938475891 ], [ 77.271239924344059, 16.762489859431188 ], [ 77.271211458049009, 16.762584760617962 ], [ 77.271202791819434, 16.762701468906965 ], [ 77.271052860682786, 16.762736501917214 ], [ 77.27060309323447, 16.762838371361322 ], [ 77.270593249340834, 16.762425040661025 ], [ 77.270491825326971, 16.762490425406479 ], [ 77.27045481619399, 16.762514283967072 ], [ 77.269938613375032, 16.76288212987582 ], [ 77.269795001772394, 16.762974934958127 ], [ 77.269897775714838, 16.763163924871147 ], [ 77.269905637133306, 16.763178378192904 ], [ 77.269752948882555, 16.763259435406454 ], [ 77.269229725341788, 16.763537197999881 ], [ 77.269100004770721, 16.763606062806012 ], [ 77.268799995637792, 16.763758120178426 ], [ 77.268767940168544, 16.763772284872218 ], [ 77.268568489039566, 16.76386041466532 ], [ 77.267489328103039, 16.764379604293389 ], [ 77.267371948387932, 16.764436076168533 ], [ 77.267351434387606, 16.764445945475003 ], [ 77.267295450233121, 16.764472879654672 ], [ 77.26706135612703, 16.764461053373338 ], [ 77.267085892314753, 16.764354149154908 ], [ 77.267105999747159, 16.764266544724848 ], [ 77.267296583078064, 16.763436191425274 ], [ 77.26731197452402, 16.763369134800037 ], [ 77.268194947648709, 16.76286196361356 ], [ 77.268260363402803, 16.762814634598996 ], [ 77.268394950830611, 16.762717261169165 ], [ 77.268610150565863, 16.762561562455396 ], [ 77.268613944934344, 16.762558681361583 ], [ 77.268708408823343, 16.76247364333685 ], [ 77.269336963936468, 16.7619654363296 ], [ 77.270538413310348, 16.761220723448794 ], [ 77.270552105124281, 16.761091782207405 ], [ 77.271201643359859, 16.760396481515702 ], [ 77.270563074702579, 16.759321620370766 ], [ 77.270515567177256, 16.759241653374005 ], [ 77.269641152259666, 16.758845703001001 ], [ 77.269592960474483, 16.758783657310495 ], [ 77.2695399495109, 16.758769626063565 ], [ 77.269408017375198, 16.758777303774963 ], [ 77.267157565516612, 16.759072596780083 ], [ 77.267160753377809, 16.759202993848692 ], [ 77.267170488895843, 16.759601248503852 ], [ 77.267038268435229, 16.759660951012744 ], [ 77.266289127482978, 16.759999213516597 ], [ 77.265441870536989, 16.760474296117856 ], [ 77.265120784886776, 16.760654336941467 ], [ 77.265011372679524, 16.760721403160922 ], [ 77.263323574634725, 16.761579904551507 ], [ 77.26201830116446, 16.762193860126722 ], [ 77.261771532670792, 16.762320240816219 ], [ 77.261482261046211, 16.762468388542857 ], [ 77.260682460264334, 16.762776381489317 ], [ 77.260538537333389, 16.762913028917609 ], [ 77.260119808603875, 16.763310587747355 ], [ 77.259814164432925, 16.763600777057516 ], [ 77.259838301386438, 16.763719907452611 ], [ 77.259887187798043, 16.763961190556259 ], [ 77.259907143636354, 16.764059679248863 ], [ 77.259833598087113, 16.764379789216772 ], [ 77.259721212156862, 16.764868951964051 ], [ 77.259674464102829, 16.765072431861281 ], [ 77.2592316250051, 16.766999893009928 ], [ 77.258060986306859, 16.772094949208253 ], [ 77.2581993881914, 16.772698970703367 ], [ 77.258389492923669, 16.773528631996598 ], [ 77.258661002638334, 16.774713551812109 ], [ 77.259196546185109, 16.777050718694632 ], [ 77.259174867091971, 16.777244754292486 ], [ 77.259335416598631, 16.778374971318836 ], [ 77.259390103678214, 16.778759954925786 ], [ 77.259950197878752, 16.779753998123212 ], [ 77.260101008320461, 16.780021650777467 ], [ 77.261078629663686, 16.782399481634219 ], [ 77.261158376335288, 16.782593440360994 ], [ 77.262181896310878, 16.783104301409505 ], [ 77.262519306992857, 16.78337778217869 ], [ 77.26304161686582, 16.783801128181818 ], [ 77.263299559400494, 16.784010194411355 ], [ 77.263475359729227, 16.78415268258032 ], [ 77.263206786915745, 16.785647253388639 ], [ 77.263044975316063, 16.786547714458852 ], [ 77.263043159577805, 16.786828372852728 ], [ 77.26253791192525, 16.787746737439001 ], [ 77.262465126271735, 16.787879038410082 ], [ 77.262426962470286, 16.787948404072242 ], [ 77.261918000427755, 16.788873504407636 ], [ 77.261891036648109, 16.789279874002691 ], [ 77.261805383918173, 16.790570711281781 ], [ 77.261787767148149, 16.790836205812177 ], [ 77.261780425797113, 16.79094688673684 ], [ 77.261383084012706, 16.792419580270384 ], [ 77.26134749858916, 16.792551461414337 ], [ 77.26134051717122, 16.792577336039233 ], [ 77.261129583768422, 16.793359120737012 ], [ 77.261083870528978, 16.793528547537182 ], [ 77.260792599080759, 16.794608079182179 ], [ 77.260243483247507, 16.796643219087596 ], [ 77.260066386588889, 16.797299567300051 ], [ 77.260122727476357, 16.797763336902001 ], [ 77.260442085258859, 16.800392111938713 ], [ 77.260449664019717, 16.800454493044921 ], [ 77.259141453528187, 16.80098288821868 ], [ 77.257548558830194, 16.801019980470247 ], [ 77.257274952621444, 16.802303320946638 ], [ 77.256917821204283, 16.803585062057532 ], [ 77.256298851746593, 16.805106527175202 ], [ 77.256264214929232, 16.805191665459848 ], [ 77.256193489204634, 16.808020564105892 ], [ 77.256183561317371, 16.808417657155157 ], [ 77.256148539531608, 16.809818473177202 ], [ 77.256130092578502, 16.810556315915715 ], [ 77.256093695836725, 16.812012128621753 ], [ 77.256090210861757, 16.812151532835085 ], [ 77.256652488619707, 16.812145613856877 ], [ 77.257082747455428, 16.812138682148642 ], [ 77.25726230475648, 16.812135790867323 ], [ 77.256987253904882, 16.8142933445863 ], [ 77.255313672053134, 16.815927475740502 ], [ 77.255322332982047, 16.81702677662577 ], [ 77.255325507047232, 16.81742969536424 ], [ 77.255365151951509, 16.819160178335569 ], [ 77.254991012548516, 16.819736022715833 ], [ 77.254342687999156, 16.82073386650314 ], [ 77.254758400941242, 16.821117799017799 ], [ 77.255482830491957, 16.821786844533918 ], [ 77.256196227222347, 16.826993510677724 ], [ 77.256674893418676, 16.830575452443199 ], [ 77.256793642165988, 16.830685150738482 ], [ 77.257301558163363, 16.830355798882053 ] ] ] ] } },
{ "type": "Feature", "properties": { "OBJECTID": 556, "KGISHobliID": 330, "KGISHobliCode": "300102", "KGISHobliName": "Hattikuni", "BhuCodeHobli": null, "SHAPE.STArea()": 354042842.25167823, "SHAPE.STLength()": 126469.27820839167, "KGISTalukCode": "3001", "created_user": null, "created_date": null, "last_edited_user": "SURESHBV1", "last_edited_date": 1657279215000.0, "_overlap_percent": 12.042827755172929, "_police_station": "Gurmitkal PS", "_police_feature_index": "298", "_admin_layer": "Hobli", "_geometry_clipped": true }, "geometry": { "type": "MultiPolygon", "coordinates": [ [ [ [ 77.210521387109281, 16.943838829747758 ], [ 77.210782844175299, 16.944079827460232 ], [ 77.210799832004184, 16.944095485478886 ], [ 77.210800629919405, 16.944096216720837 ], [ 77.211289486217723, 16.944482547730939 ], [ 77.211478926684521, 16.94444357385261 ], [ 77.21162584822153, 16.944413593917098 ], [ 77.211846261791592, 16.944368618065187 ], [ 77.213011725249572, 16.943910273661984 ], [ 77.213288783586009, 16.943801312188853 ], [ 77.214230709178466, 16.943240292294128 ], [ 77.214455160429836, 16.943229967660141 ], [ 77.215163473012666, 16.943197398829721 ], [ 77.215725250427226, 16.943171596386303 ], [ 77.216139666039524, 16.943083231580712 ], [ 77.217442548222223, 16.943037524151908 ], [ 77.217756624604519, 16.943026504347323 ], [ 77.218476858637388, 16.94300123228054 ], [ 77.219299696677425, 16.942969964078767 ], [ 77.219448360815548, 16.942963804873536 ], [ 77.219660328796962, 16.942954552510798 ], [ 77.219660360524912, 16.942954536808166 ], [ 77.220176265684117, 16.942750858451884 ], [ 77.220179295437347, 16.94275213542528 ], [ 77.22020445975464, 16.942781372914784 ], [ 77.220261269335865, 16.94284737871768 ], [ 77.220637158166539, 16.943013016140743 ], [ 77.220678612972506, 16.943005284983663 ], [ 77.221514803739694, 16.942849335446994 ], [ 77.22174695668842, 16.942806038169067 ], [ 77.222187532621234, 16.942690789400292 ], [ 77.222404968325932, 16.942633914077629 ], [ 77.222582941725236, 16.942540127788977 ], [ 77.224367640310405, 16.942574471684726 ], [ 77.224444359432979, 16.942553771182613 ], [ 77.224866848481497, 16.94243977344804 ], [ 77.22486817299108, 16.942439416070801 ], [ 77.224888319997035, 16.942421608976762 ], [ 77.22501310993259, 16.942311318269407 ], [ 77.22503932175303, 16.942288150575617 ], [ 77.225281590006801, 16.942036511552782 ], [ 77.225857468485358, 16.94143835305675 ], [ 77.226218117431358, 16.941063748572216 ], [ 77.226286693951678, 16.940998189883061 ], [ 77.226804805978404, 16.940502882202381 ], [ 77.226960308790041, 16.940548959361173 ], [ 77.226936140888782, 16.940659027231252 ], [ 77.226930665683824, 16.940706436780069 ], [ 77.227013870248427, 16.940738106872818 ], [ 77.226984147121584, 16.940857121977704 ], [ 77.226941689045304, 16.941143090765767 ], [ 77.227161288533011, 16.94124105913798 ], [ 77.228730057277161, 16.941940912306237 ], [ 77.229113506774084, 16.94211197282144 ], [ 77.229473499334446, 16.942272567267974 ], [ 77.231380491068563, 16.94297635345843 ], [ 77.231374927857402, 16.942398141705745 ], [ 77.231450119775957, 16.942426762426201 ], [ 77.231459039761987, 16.94202290849983 ], [ 77.231764444364359, 16.94213082764383 ], [ 77.231738818959599, 16.941817303973298 ], [ 77.231686337243957, 16.941175238776328 ], [ 77.231527200635796, 16.938674606186684 ], [ 77.231526450973192, 16.938663248862444 ], [ 77.231499191654422, 16.938234622024289 ], [ 77.231499296024197, 16.938234638048186 ], [ 77.231566677366828, 16.938245658512972 ], [ 77.231556720460418, 16.938107177676443 ], [ 77.231556828594549, 16.938107194562569 ], [ 77.232165246715269, 16.938206247845368 ], [ 77.233226873568498, 16.93836601798926 ], [ 77.234185695943353, 16.938562357839054 ], [ 77.234293444660807, 16.938609761271 ], [ 77.234919445801481, 16.938885164975144 ], [ 77.237779644457987, 16.94006812213085 ], [ 77.237779671811921, 16.940068133575068 ], [ 77.237929065316933, 16.940129556129222 ], [ 77.238110573893323, 16.940205168331772 ], [ 77.238688316918783, 16.940445840880859 ], [ 77.239654965040671, 16.940860933626162 ], [ 77.240457812779596, 16.94123836801489 ], [ 77.240688683135431, 16.941347829620636 ], [ 77.241515870248065, 16.941748165826301 ], [ 77.242216501124474, 16.942089394109718 ], [ 77.242216527326292, 16.942089387498292 ], [ 77.242927507479479, 16.941586549810371 ], [ 77.243759418952379, 16.941002930621 ], [ 77.243959794171175, 16.940862358698073 ], [ 77.244451042232882, 16.940193815749819 ], [ 77.244697598065883, 16.939859988567356 ], [ 77.244953877891973, 16.939512994098742 ], [ 77.245103408599164, 16.938550760523629 ], [ 77.245279152161956, 16.937419914585362 ], [ 77.245297213652876, 16.937158759237484 ], [ 77.245325621819745, 16.936748052048873 ], [ 77.245717773353434, 16.934969824917921 ], [ 77.245836867706814, 16.934429775579073 ], [ 77.246073285000094, 16.933160534310954 ], [ 77.246104304365659, 16.932934038809506 ], [ 77.246118136106688, 16.932851925737562 ], [ 77.246171903896055, 16.932554771940673 ], [ 77.246182193577923, 16.932468308291082 ], [ 77.246187673011789, 16.932467621997404 ], [ 77.246193971856997, 16.932433807869792 ], [ 77.246195413534679, 16.932426066309279 ], [ 77.246207416404943, 16.932440449270306 ], [ 77.246209926449211, 16.932426973618288 ], [ 77.246217414737743, 16.932386782097488 ], [ 77.246247640733401, 16.932422345544261 ], [ 77.24660966056976, 16.932848362451523 ], [ 77.246666173377221, 16.932914862942241 ], [ 77.247079718526706, 16.93340148894919 ], [ 77.247303079306846, 16.933421267467903 ], [ 77.247843839467308, 16.933469150643152 ], [ 77.247915390776939, 16.933531286316637 ], [ 77.248034218543296, 16.933634477882208 ], [ 77.248034241322685, 16.9336344993126 ], [ 77.248449423953275, 16.933724688593308 ], [ 77.248783515747832, 16.933797273078923 ], [ 77.24905086615766, 16.933768886788361 ], [ 77.250177904274381, 16.933649227908205 ], [ 77.250552948143536, 16.933141340884468 ], [ 77.250853846940842, 16.93273387500691 ], [ 77.250965651024671, 16.932702555117931 ], [ 77.252025307919496, 16.932405645914738 ], [ 77.252494056436419, 16.932257629403221 ], [ 77.252498824328811, 16.932272969592361 ], [ 77.252552389680929, 16.932257960917294 ], [ 77.252582729527006, 16.932416000083826 ], [ 77.252600279551046, 16.932507436982061 ], [ 77.252791596945173, 16.932438474045533 ], [ 77.25281033176006, 16.932430311923149 ], [ 77.252843953695447, 16.932415664159791 ], [ 77.253078089349358, 16.932315771031913 ], [ 77.253095673799038, 16.932328871114542 ], [ 77.253131213292207, 16.93231606136645 ], [ 77.253236142064182, 16.93239701008774 ], [ 77.253562035410198, 16.932648446397589 ], [ 77.253759840634402, 16.932630264380634 ], [ 77.253872615553732, 16.932608048225035 ], [ 77.253942648297937, 16.932594097045474 ], [ 77.254136077881839, 16.932555443679266 ], [ 77.254356173066824, 16.932511460441674 ], [ 77.255526957167262, 16.931938471616181 ], [ 77.255684215264111, 16.931659420650298 ], [ 77.25581624894636, 16.931431051072217 ], [ 77.256166520579342, 16.931281582316149 ], [ 77.256974549717114, 16.930942933098073 ], [ 77.256974573015356, 16.930942919290047 ], [ 77.257175751473739, 16.930810871718073 ], [ 77.257228343330866, 16.930776348139162 ], [ 77.257469740775178, 16.930617883914213 ], [ 77.257789114478271, 16.930408069910538 ], [ 77.258048761109762, 16.930453828883287 ], [ 77.258455599252557, 16.930525527743491 ], [ 77.260003766754139, 16.92997352246169 ], [ 77.260283911408294, 16.929707839792954 ], [ 77.260650558043054, 16.929357888827429 ], [ 77.261570708264586, 16.92847963295862 ], [ 77.261756116729785, 16.928302665094609 ], [ 77.262071871430678, 16.927999901228759 ], [ 77.262095364539036, 16.928006158059613 ], [ 77.262145858558597, 16.928019609133052 ], [ 77.262201243182389, 16.927965011597053 ], [ 77.262224783986426, 16.927971568707921 ], [ 77.262528682357043, 16.928056235704631 ], [ 77.262538272506177, 16.928046027856205 ], [ 77.26256193647427, 16.928052994596161 ], [ 77.262376118536977, 16.927276453733789 ], [ 77.262297658324371, 16.926976260981689 ], [ 77.261974997954155, 16.925740778200694 ], [ 77.2622015681183, 16.924072378893776 ], [ 77.261683662303042, 16.923260003183003 ], [ 77.261525818118812, 16.923012917622831 ], [ 77.261398206570519, 16.921601894956773 ], [ 77.260947373249294, 16.920635077664883 ], [ 77.260305006519303, 16.918970432757764 ], [ 77.259672705861817, 16.918338953600649 ], [ 77.258580217473266, 16.917812068894751 ], [ 77.256848399395722, 16.917041062751807 ], [ 77.256014305166289, 16.91666485868852 ], [ 77.255570671299438, 16.916238841252639 ], [ 77.253726054583311, 16.913443437777843 ], [ 77.253289306306272, 16.912960712453085 ], [ 77.253148122634059, 16.911223930980473 ], [ 77.253551974651316, 16.910206614426301 ], [ 77.25510418457857, 16.909456253806471 ], [ 77.254953811075922, 16.908526376081287 ], [ 77.254774550809884, 16.90721141837151 ], [ 77.254581138087815, 16.905156201208769 ], [ 77.254599662528506, 16.904887100273388 ], [ 77.254571096141476, 16.904102642508146 ], [ 77.254579237380099, 16.903994595497505 ], [ 77.254588864075856, 16.903869818718761 ], [ 77.254665053289528, 16.902969743003712 ], [ 77.25472560417235, 16.902334260186532 ], [ 77.254662063490017, 16.901814297530837 ], [ 77.254633673807874, 16.901775769633865 ], [ 77.254715514153858, 16.900455034953485 ], [ 77.254776001905199, 16.900019358376255 ], [ 77.254828722680998, 16.899650687835752 ], [ 77.254825517241798, 16.899074845719408 ], [ 77.254764937914047, 16.898573572752607 ], [ 77.254674764995201, 16.89770876751745 ], [ 77.254674629557513, 16.897707083305448 ], [ 77.254603600753555, 16.897257565094108 ], [ 77.254519199484989, 16.897053448760424 ], [ 77.254334251425036, 16.896633687785119 ], [ 77.254289435225161, 16.89623875539931 ], [ 77.253923209066841, 16.895003712539669 ], [ 77.25389065546085, 16.894888498129845 ], [ 77.253837547527766, 16.894634979572924 ], [ 77.253747293960345, 16.894363301039643 ], [ 77.253639353800011, 16.894014428281345 ], [ 77.253646548162124, 16.89395124802704 ], [ 77.253369226448356, 16.892591740329362 ], [ 77.253270841616995, 16.892007893195746 ], [ 77.253067483566028, 16.890657003256191 ], [ 77.253023890730915, 16.89031745355317 ], [ 77.253020373267972, 16.890285628249028 ], [ 77.253002944141912, 16.890193485601714 ], [ 77.252992375395735, 16.890137726058096 ], [ 77.252925543142254, 16.889786825409448 ], [ 77.25298393049188, 16.889519122995626 ], [ 77.252947487657366, 16.889173357858027 ], [ 77.252843474796279, 16.88786048728695 ], [ 77.25284516716691, 16.887717777965644 ], [ 77.252853862611829, 16.887334723181077 ], [ 77.252760144255248, 16.886405994450968 ], [ 77.252746969760921, 16.886221642032904 ], [ 77.252682715058498, 16.885981595348131 ], [ 77.252668875698731, 16.885930245880484 ], [ 77.252653840774784, 16.885874611279238 ], [ 77.252613571392772, 16.885726708369326 ], [ 77.252235376959987, 16.884785710894228 ], [ 77.252064734298528, 16.884562460577325 ], [ 77.251732417884199, 16.883989352184649 ], [ 77.251699067815935, 16.883931871774895 ], [ 77.251360715671879, 16.88338453367836 ], [ 77.250731436185447, 16.882427402260614 ], [ 77.250440157416975, 16.882148559130968 ], [ 77.250279822960977, 16.882026029913529 ], [ 77.25028246483383, 16.881835532749058 ], [ 77.25025217789532, 16.880019728020379 ], [ 77.250258564088156, 16.879701552643397 ], [ 77.249114038459993, 16.879115771753796 ], [ 77.248503719396822, 16.878791699158057 ], [ 77.242771722955311, 16.869590415246222 ], [ 77.248524169255987, 16.878868363426857 ], [ 77.248327396734851, 16.879177485601474 ], [ 77.246198657590156, 16.882521591663167 ], [ 77.246049569381086, 16.882755795713432 ], [ 77.242927273546243, 16.883004789822746 ], [ 77.238284693369394, 16.885549709768028 ], [ 77.237197971776411, 16.886145394544279 ], [ 77.236746454481789, 16.88639288962554 ], [ 77.236640177849495, 16.886451142853886 ], [ 77.236537303075153, 16.886507533128686 ], [ 77.236446334147416, 16.886577757905123 ], [ 77.236368781162497, 16.886587546668597 ], [ 77.236074076503797, 16.886558124776194 ], [ 77.235841567481657, 16.886198838312264 ], [ 77.235217742598692, 16.885572917596861 ], [ 77.234412237118889, 16.885262028617749 ], [ 77.233672150065445, 16.885050071991241 ], [ 77.233686069823364, 16.884889480760794 ], [ 77.233882800089219, 16.88261977381303 ], [ 77.232517506490552, 16.881751665660786 ], [ 77.232486744820349, 16.881911739481708 ], [ 77.232439357771383, 16.88235606584831 ], [ 77.232254249763429, 16.884091728951862 ], [ 77.231695221730007, 16.885116504671352 ], [ 77.231671655329649, 16.887101233727027 ], [ 77.231598001924453, 16.887327506633799 ], [ 77.231191519757459, 16.888576281126593 ], [ 77.230414342206075, 16.890966043051048 ], [ 77.228100879256203, 16.890405790706648 ], [ 77.226624702326774, 16.890230701289884 ], [ 77.226634378853404, 16.889236213635044 ], [ 77.220245485706059, 16.888462285822445 ], [ 77.220013300547407, 16.889446391266471 ], [ 77.218181226928365, 16.889210577294474 ], [ 77.212433743901414, 16.888461073175403 ], [ 77.21169324028952, 16.888334426060517 ], [ 77.206380080503607, 16.887425647924925 ], [ 77.202605947221969, 16.887014054471329 ], [ 77.199642930367432, 16.886690868417116 ], [ 77.19968353128111, 16.88663690266678 ], [ 77.198797362207998, 16.88658178777262 ], [ 77.198438126895184, 16.886559444278827 ], [ 77.197987628948965, 16.886531423465314 ], [ 77.197241736648223, 16.886485027047328 ], [ 77.196333777091183, 16.886391155736618 ], [ 77.193709063923492, 16.886052503771268 ], [ 77.193376994156949, 16.886035067446095 ], [ 77.190559828227777, 16.88633424312674 ], [ 77.190151711042645, 16.886377580890688 ], [ 77.18992999162252, 16.886401125472194 ], [ 77.189578019657347, 16.886438499006822 ], [ 77.179026534812934, 16.887558640820806 ], [ 77.176357674463361, 16.887841877864538 ], [ 77.171481081154454, 16.892050174052152 ], [ 77.171076315181182, 16.892399456755083 ], [ 77.171112793476013, 16.892433745899414 ], [ 77.172234901587601, 16.893488543376975 ], [ 77.181093274023638, 16.901814878436806 ], [ 77.182078525001259, 16.902740885204928 ], [ 77.187207027150677, 16.907646290189465 ], [ 77.192157877379103, 16.912012066372633 ], [ 77.192281205726047, 16.913093997071307 ], [ 77.193204620739806, 16.921194407677167 ], [ 77.194044409544105, 16.928560518218141 ], [ 77.192008875623117, 16.929066353418328 ], [ 77.193311948046741, 16.929439707935117 ], [ 77.195828298154098, 16.93016067152557 ], [ 77.196809844706635, 16.930598212502048 ], [ 77.198707790006566, 16.9337689888273 ], [ 77.198931360427892, 16.934001279526946 ], [ 77.200037852902256, 16.934987977372383 ], [ 77.200901435967552, 16.935721370583604 ], [ 77.20089856719585, 16.935885864239207 ], [ 77.20239750525576, 16.936128112896924 ], [ 77.20252854717819, 16.936149290262762 ], [ 77.202694730559912, 16.936176147668384 ], [ 77.202926931456332, 16.936213673036679 ], [ 77.203066065405011, 16.93624174786801 ], [ 77.203920153954044, 16.93656906804863 ], [ 77.204047392010409, 16.936612367689541 ], [ 77.204127731909608, 16.936639683181774 ], [ 77.204147403528083, 16.936663406913361 ], [ 77.204202808084673, 16.93668478470186 ], [ 77.204310224343402, 16.936833302730175 ], [ 77.204370498188752, 16.937032483263497 ], [ 77.204617326534731, 16.937555108717525 ], [ 77.204708325427234, 16.937581082115202 ], [ 77.206028018596228, 16.937923517509507 ], [ 77.20656993753849, 16.937801221848737 ], [ 77.207380631961811, 16.937618284524167 ], [ 77.207645709186878, 16.93755844904906 ], [ 77.2077274689874, 16.937539995904373 ], [ 77.20784989225244, 16.937515970913108 ], [ 77.208227846599883, 16.937861511837028 ], [ 77.208373103284231, 16.938339942438898 ], [ 77.208304746956131, 16.938506824872992 ], [ 77.208196887222314, 16.938770174832126 ], [ 77.208487215099524, 16.940618619949362 ], [ 77.20853962661144, 16.940638671624814 ], [ 77.208652159328324, 16.940681723697036 ], [ 77.208662784698234, 16.940685788793392 ], [ 77.208792730071821, 16.940735502907817 ], [ 77.209461315796091, 16.940991286767506 ], [ 77.209464397556161, 16.941002238163922 ], [ 77.209556165477323, 16.941037924608164 ], [ 77.209622107181644, 16.941254715927339 ], [ 77.209556491557294, 16.941427717394234 ], [ 77.209560915373515, 16.941446090026496 ], [ 77.209310870112901, 16.942106379466676 ], [ 77.209302385343477, 16.9421293079556 ], [ 77.209599577506268, 16.942691925852415 ], [ 77.209662058295905, 16.942810199194039 ], [ 77.209771608770964, 16.942779663932665 ], [ 77.209958833684325, 16.942727417570683 ], [ 77.209922847691132, 16.94288461982547 ], [ 77.210407780800722, 16.943708529592048 ], [ 77.210442961681196, 16.943766891299251 ], [ 77.210521387109281, 16.943838829747758 ] ] ], [ [ [ 77.257296859695202, 16.830405116468405 ], [ 77.257301558163363, 16.830355798882053 ], [ 77.256793642165988, 16.830685150738482 ], [ 77.256833189772991, 16.830721684219213 ], [ 77.257298321326189, 16.830446837441166 ], [ 77.257296859695202, 16.830405116468405 ] ] ], [ [ [ 77.260286832305297, 16.854238481427863 ], [ 77.260225914970263, 16.853426341239057 ], [ 77.260202062438665, 16.853194346267124 ], [ 77.260189220111087, 16.85306911052848 ], [ 77.260153933527832, 16.852727426777857 ], [ 77.260091933283434, 16.851533339663259 ], [ 77.260024976158391, 16.850335087250429 ], [ 77.259918808928177, 16.848908678118224 ], [ 77.259874988747214, 16.847797476540578 ], [ 77.259867430043926, 16.847573363593728 ], [ 77.259824706181021, 16.84707543334876 ], [ 77.259755479349195, 16.846934525077096 ], [ 77.259569809637469, 16.846572514111688 ], [ 77.259097577542306, 16.845160587018203 ], [ 77.258260508063472, 16.8425316753783 ], [ 77.257955027958175, 16.841539017470854 ], [ 77.257863164572129, 16.841245150314261 ], [ 77.257867858381488, 16.841261580609821 ], [ 77.257964154593807, 16.841598654032413 ], [ 77.258260453773275, 16.842635812280893 ], [ 77.259030034740803, 16.845314654056999 ], [ 77.259456594750461, 16.84676450673523 ], [ 77.259628617445671, 16.847139902602784 ], [ 77.259692829794346, 16.847286074125307 ], [ 77.259728402118824, 16.847794575035575 ], [ 77.259734128718279, 16.848022332537322 ], [ 77.259773449136915, 16.849136219833113 ], [ 77.259888598984872, 16.850539250085024 ], [ 77.259974804755657, 16.851702044307658 ], [ 77.26007209673233, 16.852846700934744 ], [ 77.260121981235997, 16.853170288177019 ], [ 77.26014027281694, 16.853288945097045 ], [ 77.26017420394416, 16.853509045351398 ], [ 77.260273515709841, 16.854283810665127 ], [ 77.260280150340193, 16.854396606776607 ], [ 77.260286832305297, 16.854238481427863 ] ] ], [ [ [ 77.259706921798312, 16.862124277291642 ], [ 77.26112396001011, 16.861610951829213 ], [ 77.261004496925608, 16.860651469980535 ], [ 77.260950636854744, 16.860239829949986 ], [ 77.26085100884039, 16.859296187457534 ], [ 77.260754197777786, 16.858472317890968 ], [ 77.260718538925218, 16.85819760072415 ], [ 77.260636923164668, 16.85762769094617 ], [ 77.260560301524905, 16.857275560650905 ], [ 77.260602156726634, 16.857589694166254 ], [ 77.260659822814944, 16.858146710292161 ], [ 77.260687596869928, 16.858414998338198 ], [ 77.260770774350291, 16.859218439334477 ], [ 77.260865803933072, 16.860136361958535 ], [ 77.260919162692559, 16.860536318758548 ], [ 77.261043267607477, 16.861466565007671 ], [ 77.259696946442574, 16.861935430266882 ], [ 77.250320552632047, 16.865200427542998 ], [ 77.259706921798312, 16.862124277291642 ] ] ] ] } }
]
}
