{
"type": "FeatureCollection",
"name": "wards_in_police_area.writing_20260805_172659",
"crs": { "type": "name", "properties": { "name": "urn:ogc:def:crs:OGC:1.3:CRS84" } },
"features": [
{ "type": "Feature", "properties": { "KGISWardID": 571, "KGISWardCode": "2007023", "KGISWardName": "Janatha Colony", "SHAPE.STArea()": 1693384.418547055, "SHAPE.STLength()": 5697.8488156327503, "OBJECTID": 19141, "KGISWardNo": "23", "KGISTownCode": "2007", "LGD_WardCode": 1295914, "created_user": "SA", "created_date": 1634898537000, "last_edited_user": "SURESHBV1", "last_edited_date": 1692254035000, "_overlap_percent": 99.999999999999943, "_police_station": "Jigani PS", "_police_feature_index": "703", "_admin_layer": "Ward", "_geometry_clipped": true }, "geometry": { "type": "Polygon", "coordinates": [ [ [ 77.648345099230554, 12.77216400157524 ], [ 77.648020258156734, 12.771030267429682 ], [ 77.647994916994222, 12.770917870057552 ], [ 77.648025931291173, 12.770477687403623 ], [ 77.648035652434416, 12.770335468942877 ], [ 77.647202774049035, 12.76974114513478 ], [ 77.64718503636459, 12.769675795945632 ], [ 77.647164057028775, 12.769664200606504 ], [ 77.646936035936889, 12.769113285651535 ], [ 77.646910925770243, 12.769052439786453 ], [ 77.646850820431752, 12.768837493171825 ], [ 77.646847686651626, 12.76882628797021 ], [ 77.646410067569704, 12.767261287787534 ], [ 77.646394612937073, 12.767204599168608 ], [ 77.646372111208223, 12.767122132784309 ], [ 77.646051911666106, 12.766693326726529 ], [ 77.645274415127119, 12.765490114809811 ], [ 77.644919728890343, 12.764753072554718 ], [ 77.644905975843898, 12.764746224247959 ], [ 77.643943241976714, 12.764266653838282 ], [ 77.64347527654833, 12.764032640746333 ], [ 77.642621696421386, 12.76409759411291 ], [ 77.642505976364518, 12.764108285192586 ], [ 77.642414817964962, 12.764115230570662 ], [ 77.641458320100611, 12.764197161001983 ], [ 77.641366799750358, 12.764206046571617 ], [ 77.64128911745037, 12.764214022154022 ], [ 77.640872897032892, 12.764254735310681 ], [ 77.640842966408798, 12.764278855958461 ], [ 77.640772367230838, 12.764335387790739 ], [ 77.640753207611453, 12.764350683638051 ], [ 77.638578431930469, 12.766270290734687 ], [ 77.638066556537595, 12.766785003587211 ], [ 77.637950573831375, 12.766912603166006 ], [ 77.638369402925989, 12.76730207484052 ], [ 77.638307668222168, 12.767462527151519 ], [ 77.637922937753558, 12.767755287950248 ], [ 77.63748803066909, 12.768086228585092 ], [ 77.636626959548181, 12.768740989663508 ], [ 77.636383205350867, 12.768270623423346 ], [ 77.636331150828639, 12.768304276238988 ], [ 77.636340226954729, 12.768722734741605 ], [ 77.636383506193141, 12.769373658817234 ], [ 77.636419808969222, 12.770128061366297 ], [ 77.636430069080404, 12.770341264913815 ], [ 77.636429906850921, 12.770619138966781 ], [ 77.636393559096476, 12.770930240883921 ], [ 77.636426468988816, 12.771461753394465 ], [ 77.636490336721835, 12.772336561618664 ], [ 77.636521610416295, 12.772768893258588 ], [ 77.636587440442767, 12.773480544277115 ], [ 77.636593822399377, 12.773626289425662 ], [ 77.636583036457395, 12.773760253017363 ], [ 77.636510918572498, 12.774086054171553 ], [ 77.636338358460989, 12.77482399011407 ], [ 77.636243880310133, 12.77510698856157 ], [ 77.636199051198801, 12.775246075065382 ], [ 77.63614258656078, 12.77567211215654 ], [ 77.636124928149627, 12.775855472881352 ], [ 77.636089820705052, 12.776220017716042 ], [ 77.637336477387322, 12.776346111771595 ], [ 77.638444266632078, 12.776492792663687 ], [ 77.638613311306656, 12.778348360277194 ], [ 77.638705328601176, 12.779118309312247 ], [ 77.638655047617178, 12.779201277118874 ], [ 77.638550083541432, 12.77940271584969 ], [ 77.638550483766693, 12.779581983950296 ], [ 77.638555921395763, 12.779768487699744 ], [ 77.638578478319914, 12.780542123767477 ], [ 77.638587893547268, 12.780745205133694 ], [ 77.638593211035243, 12.780788177118238 ], [ 77.638622508261847, 12.780795054376334 ], [ 77.639082131700036, 12.780730698403502 ], [ 77.63927194928587, 12.780716845546291 ], [ 77.639303780238549, 12.78073326002176 ], [ 77.639330940158558, 12.780768842036489 ], [ 77.63936590084981, 12.780852152914484 ], [ 77.639450532958534, 12.781262435754826 ], [ 77.639481962101001, 12.781404223893295 ], [ 77.639606408902083, 12.781427360427307 ], [ 77.639685337772704, 12.781429437737611 ], [ 77.639967239892755, 12.781418009585286 ], [ 77.640346841851596, 12.781386959984761 ], [ 77.640656589460121, 12.781383380303211 ], [ 77.640756430624847, 12.781382380428363 ], [ 77.641021241269982, 12.781319971004237 ], [ 77.641553198823402, 12.781185567191423 ], [ 77.641606672398368, 12.781175469767549 ], [ 77.641630974809601, 12.781170446342864 ], [ 77.64165791044536, 12.781184518198227 ], [ 77.641665886541759, 12.781248974579052 ], [ 77.64172246896122, 12.781771881928412 ], [ 77.641765175567429, 12.78232132327777 ], [ 77.641994665582033, 12.782024871402077 ], [ 77.642285142729733, 12.781620392401532 ], [ 77.642447974436379, 12.781353438932252 ], [ 77.642708581950586, 12.780887111431259 ], [ 77.643043409893338, 12.780298136082827 ], [ 77.643414763924142, 12.779708794451109 ], [ 77.64388362145732, 12.778800328409513 ], [ 77.644475679611389, 12.777772545455457 ], [ 77.645138660274185, 12.776539681827364 ], [ 77.645540666180352, 12.775854419939913 ], [ 77.645838236785778, 12.775313622775919 ], [ 77.646093617254067, 12.774931006000147 ], [ 77.646378404614623, 12.774566022323365 ], [ 77.646793565088728, 12.774092166811872 ], [ 77.647273835622656, 12.773556706302315 ], [ 77.647699951343796, 12.773082740932805 ], [ 77.648448845968275, 12.77227429199562 ], [ 77.648345099230554, 12.77216400157524 ] ] ] } },
{ "type": "Feature", "properties": { "KGISWardID": 567, "KGISWardCode": "2007019", "KGISWardName": "Laxminarasimha Swamy Temple", "SHAPE.STArea()": 611524.31931804004, "SHAPE.STLength()": 5072.8516214772908, "OBJECTID": 19137, "KGISWardNo": "19", "KGISTownCode": "2007", "LGD_WardCode": 1295910, "created_user": "SA", "created_date": 1634898537000, "last_edited_user": "SURESHBV1", "last_edited_date": 1692254035000, "_overlap_percent": 100.00000000000003, "_police_station": "Jigani PS", "_police_feature_index": "703", "_admin_layer": "Ward", "_geometry_clipped": true }, "geometry": { "type": "Polygon", "coordinates": [ [ [ 77.631903550398093, 12.771541515745547 ], [ 77.631907849543907, 12.771547983820795 ], [ 77.631912997652421, 12.771555727189547 ], [ 77.632001507710427, 12.771688868670077 ], [ 77.632017970295266, 12.771713632556585 ], [ 77.632063063815096, 12.77183508857094 ], [ 77.632162041646012, 12.772221330911719 ], [ 77.632337338792084, 12.772922332333129 ], [ 77.632510872247778, 12.773687888677426 ], [ 77.632673303551456, 12.774322088835133 ], [ 77.632881871652515, 12.775178127448306 ], [ 77.633059561032837, 12.775874321840337 ], [ 77.633303809035908, 12.776882982181812 ], [ 77.633321177069007, 12.776913882818745 ], [ 77.633348037603241, 12.776920785101948 ], [ 77.633403897643589, 12.776905885631304 ], [ 77.633651487714587, 12.776826923834802 ], [ 77.633693033319105, 12.776840851706453 ], [ 77.633727620819315, 12.776888311705637 ], [ 77.633745013682983, 12.776921603408452 ], [ 77.633926058594497, 12.777706204112917 ], [ 77.634120570121496, 12.778614965974835 ], [ 77.634291308122243, 12.779344693099848 ], [ 77.634444210434026, 12.780147267285985 ], [ 77.634578675405592, 12.78010530082118 ], [ 77.63528562222001, 12.779877134553717 ], [ 77.635803785193062, 12.779727461576165 ], [ 77.636210089285953, 12.779641174854703 ], [ 77.636429988985142, 12.779616029770889 ], [ 77.636469030374585, 12.779623287799492 ], [ 77.636500418830806, 12.779644009172694 ], [ 77.636516379562153, 12.779680181445874 ], [ 77.636523236884116, 12.779777637715416 ], [ 77.636536387693766, 12.780293810245622 ], [ 77.636584230310135, 12.780628093245673 ], [ 77.636624732055026, 12.780717323556685 ], [ 77.636661910156761, 12.780779697773493 ], [ 77.6367135286647, 12.781060041445585 ], [ 77.63678269270163, 12.781564299574351 ], [ 77.636888633333811, 12.782092093346069 ], [ 77.636930369826374, 12.782206409925365 ], [ 77.636946273145611, 12.782236846904615 ], [ 77.636971896987646, 12.782265274132262 ], [ 77.637011177029549, 12.782295477311019 ], [ 77.63706999830643, 12.782331221738712 ], [ 77.637234336613375, 12.782396505887645 ], [ 77.637305105776804, 12.782456989165039 ], [ 77.637348539963028, 12.78251201004923 ], [ 77.637358618790103, 12.782544416881018 ], [ 77.637355138851703, 12.782584608568094 ], [ 77.637305599434114, 12.782692189710213 ], [ 77.637137835835645, 12.783047631369694 ], [ 77.637057860253179, 12.78322626893377 ], [ 77.63690158389403, 12.78362091688858 ], [ 77.636819733800536, 12.783947412880218 ], [ 77.636812025438502, 12.784035773704089 ], [ 77.63680069044598, 12.784165718050623 ], [ 77.636814599806129, 12.784625710934829 ], [ 77.636867429107511, 12.785022568566403 ], [ 77.636872438429677, 12.785036666873328 ], [ 77.637161495447771, 12.785005373729275 ], [ 77.637633182609392, 12.784976273222666 ], [ 77.637820131971736, 12.784967231295731 ], [ 77.637975159283286, 12.784980021732743 ], [ 77.638043906704979, 12.784986505092924 ], [ 77.638182698314097, 12.784983682423443 ], [ 77.638253235283784, 12.784981141663263 ], [ 77.638344510349626, 12.784977853992572 ], [ 77.638410688615153, 12.784990797096818 ], [ 77.638418783594886, 12.784976557742041 ], [ 77.638445099646816, 12.784930878729416 ], [ 77.638451808760976, 12.784873444665454 ], [ 77.638448752580913, 12.784813717899944 ], [ 77.638438589960373, 12.784773184865218 ], [ 77.638428377675382, 12.784727871448965 ], [ 77.638455364997668, 12.784512475413431 ], [ 77.6385008904562, 12.784206061691298 ], [ 77.638504195775894, 12.78405544091007 ], [ 77.63848344756245, 12.783933743413241 ], [ 77.638463395578341, 12.783878966712019 ], [ 77.638438894152443, 12.783864870190426 ], [ 77.638348668098118, 12.783853821852556 ], [ 77.638331522349873, 12.78384443258539 ], [ 77.638319380661429, 12.783807785959382 ], [ 77.63832406531688, 12.783689091631746 ], [ 77.638332876416186, 12.783465838894001 ], [ 77.638337522689966, 12.783444279349608 ], [ 77.638381281417622, 12.783436671031669 ], [ 77.63877433768036, 12.783431022614595 ], [ 77.638788663069988, 12.782979035797666 ], [ 77.638783863029246, 12.782938927003828 ], [ 77.638773396450986, 12.782916084995087 ], [ 77.638743980683472, 12.782897734701956 ], [ 77.6384180216385, 12.782747539827634 ], [ 77.638369506837847, 12.782719341846057 ], [ 77.638337154018345, 12.782699587166384 ], [ 77.638323734571799, 12.782673906331873 ], [ 77.638317563355699, 12.782642416273998 ], [ 77.638324390333466, 12.782543509711788 ], [ 77.638333118885555, 12.782504579990876 ], [ 77.638409187550138, 12.782500831204718 ], [ 77.639373876045994, 12.782467272577229 ], [ 77.639495324222054, 12.782436178147938 ], [ 77.639510296130283, 12.782412125701352 ], [ 77.639512718858484, 12.782352344131725 ], [ 77.639481962101001, 12.781404223893295 ], [ 77.639450532958534, 12.781262435754826 ], [ 77.63936590084981, 12.780852152914484 ], [ 77.639330940158558, 12.780768842036489 ], [ 77.639303780238549, 12.78073326002176 ], [ 77.63927194928587, 12.780716845546291 ], [ 77.639082131700036, 12.780730698403502 ], [ 77.638622508261847, 12.780795054376334 ], [ 77.638593211035243, 12.780788177118238 ], [ 77.638587893547268, 12.780745205133694 ], [ 77.638578478319914, 12.780542123767477 ], [ 77.638555921395763, 12.779768487699744 ], [ 77.638550483766693, 12.779581983950296 ], [ 77.638550083541432, 12.77940271584969 ], [ 77.638655047617178, 12.779201277118874 ], [ 77.638705328601176, 12.779118309312247 ], [ 77.638613311306656, 12.778348360277194 ], [ 77.638444266632078, 12.776492792663687 ], [ 77.637336477387322, 12.776346111771595 ], [ 77.636089820705052, 12.776220017716042 ], [ 77.636124928149627, 12.775855472881352 ], [ 77.63614258656078, 12.77567211215654 ], [ 77.636199051198801, 12.775246075065382 ], [ 77.636243880310133, 12.77510698856157 ], [ 77.636338358460989, 12.77482399011407 ], [ 77.636510918572498, 12.774086054171553 ], [ 77.636583036457395, 12.773760253017363 ], [ 77.636593822399377, 12.773626289425662 ], [ 77.636587440442767, 12.773480544277115 ], [ 77.636521610416295, 12.772768893258588 ], [ 77.636490336721835, 12.772336561618664 ], [ 77.636426468988816, 12.771461753394465 ], [ 77.636393559096476, 12.770930240883921 ], [ 77.636429906850921, 12.770619138966781 ], [ 77.636430069080404, 12.770341264913815 ], [ 77.636419808969222, 12.770128061366297 ], [ 77.636383506193141, 12.769373658817234 ], [ 77.636340226954729, 12.768722734741605 ], [ 77.636331150828639, 12.768304276238988 ], [ 77.636278311818728, 12.768338435569433 ], [ 77.636187619949411, 12.768397061716339 ], [ 77.636172455412137, 12.768406864398109 ], [ 77.635798998958506, 12.768823960617215 ], [ 77.635695339297854, 12.768914057553191 ], [ 77.635601190638795, 12.769003828207293 ], [ 77.635545219460639, 12.769057196486076 ], [ 77.635518044572322, 12.76908310778294 ], [ 77.635178465562618, 12.769406897943119 ], [ 77.635120849204313, 12.769475522365532 ], [ 77.635112242664903, 12.769485773570356 ], [ 77.634932782934456, 12.769699380111867 ], [ 77.634696503266852, 12.770156211358973 ], [ 77.634511369651591, 12.770247728492411 ], [ 77.634507237822788, 12.770249770814376 ], [ 77.634498747063247, 12.77025396794247 ], [ 77.634466782163955, 12.770269768039888 ], [ 77.634450689824348, 12.770277722486153 ], [ 77.634435839227422, 12.77028506285829 ], [ 77.634386178026674, 12.770309563367238 ], [ 77.634373093761937, 12.770316017917837 ], [ 77.634297408711774, 12.770353357408597 ], [ 77.634098314991121, 12.770451579711553 ], [ 77.634093142816496, 12.770454131100161 ], [ 77.634021098706995, 12.770489674322377 ], [ 77.63389553427352, 12.770551621138484 ], [ 77.633820958944966, 12.770588411906797 ], [ 77.633615684374746, 12.770689683210207 ], [ 77.633595989240021, 12.770699400005034 ], [ 77.633507123453754, 12.770743240866326 ], [ 77.633360771986517, 12.770815441853127 ], [ 77.633094752105194, 12.770946681057175 ], [ 77.632913148290356, 12.771036273905196 ], [ 77.632593201575204, 12.771194115328921 ], [ 77.632558883512957, 12.771211046307247 ], [ 77.632157314561326, 12.771409154857997 ], [ 77.63213205513577, 12.77142161655072 ], [ 77.632113205110826, 12.771430915575598 ], [ 77.631945095164653, 12.771513850581691 ], [ 77.631899960932486, 12.771536116566226 ], [ 77.631903550398093, 12.771541515745547 ] ] ] } },
{ "type": "Feature", "properties": { "KGISWardID": 563, "KGISWardCode": "2007015", "KGISWardName": "Kallubalu Mainroad Left Side", "SHAPE.STArea()": 559130.11671917501, "SHAPE.STLength()": 4710.6233790239039, "OBJECTID": 19133, "KGISWardNo": "15", "KGISTownCode": "2007", "LGD_WardCode": 1295906, "created_user": "SA", "created_date": 1634898537000, "last_edited_user": "SURESHBV1", "last_edited_date": 1692254035000, "_overlap_percent": 99.999998791798575, "_police_station": "Jigani PS", "_police_feature_index": "703", "_admin_layer": "Ward", "_geometry_clipped": true }, "geometry": { "type": "Polygon", "coordinates": [ [ [ 77.630898427995533, 12.77247703393259 ], [ 77.630923003354638, 12.772524653975969 ], [ 77.630969044128932, 12.772613866715465 ], [ 77.630993691484946, 12.77266162723261 ], [ 77.631018262558015, 12.77270923890209 ], [ 77.630837142210225, 12.772729251546886 ], [ 77.630701983185006, 12.772744185725694 ], [ 77.630654020092948, 12.772774190465009 ], [ 77.629997447899129, 12.773186540413313 ], [ 77.629942749163831, 12.773247448704431 ], [ 77.629847387041551, 12.773353473577458 ], [ 77.629713370071343, 12.773502412318269 ], [ 77.629319685398926, 12.773698880600362 ], [ 77.628993547235353, 12.773860377786269 ], [ 77.628994001849279, 12.773863661715177 ], [ 77.629026566959141, 12.774099518124006 ], [ 77.628780711324012, 12.774051053754892 ], [ 77.628777624969956, 12.774071513610208 ], [ 77.628752855730355, 12.774103639387855 ], [ 77.628755950926021, 12.774129919613031 ], [ 77.628785337470163, 12.77437942267016 ], [ 77.628868154634532, 12.774624353754309 ], [ 77.629099040238955, 12.775217749062989 ], [ 77.629241826736177, 12.775637855738353 ], [ 77.629732329202, 12.77684872881785 ], [ 77.62983069815003, 12.777179154028877 ], [ 77.630230511749048, 12.778792461370546 ], [ 77.630741947348383, 12.781144203175451 ], [ 77.630728029410719, 12.781211270187084 ], [ 77.63071863465909, 12.781244828445642 ], [ 77.630325290549607, 12.78194977858036 ], [ 77.630263510107568, 12.782098593946904 ], [ 77.630154832410966, 12.782422369390153 ], [ 77.630056316639127, 12.782786679371059 ], [ 77.630024401704475, 12.782997344098195 ], [ 77.629979030043486, 12.78355473896905 ], [ 77.629944348249154, 12.783968608123919 ], [ 77.629907711997035, 12.784193662687647 ], [ 77.629896080671628, 12.784246365085332 ], [ 77.62989888730867, 12.784282192085511 ], [ 77.629933251801219, 12.784308141552273 ], [ 77.630190557648277, 12.784460944998427 ], [ 77.630421824191757, 12.784627353293232 ], [ 77.630792808792407, 12.78493917206292 ], [ 77.631213143625189, 12.785312645672651 ], [ 77.631274519359081, 12.78535983755156 ], [ 77.631681266773001, 12.785597199135216 ], [ 77.632014933666483, 12.785832898302806 ], [ 77.632334059222259, 12.786075434677818 ], [ 77.632522749000714, 12.786234179249693 ], [ 77.632554257095236, 12.786266372327511 ], [ 77.632574115811067, 12.786302506826024 ], [ 77.63260844379505, 12.786418810826179 ], [ 77.632678846442559, 12.78681967862169 ], [ 77.63273561542762, 12.787033282582913 ], [ 77.632831804816476, 12.787290473917505 ], [ 77.632913842273467, 12.787511141268785 ], [ 77.63327859642601, 12.787405983689332 ], [ 77.633725331546913, 12.787271830649843 ], [ 77.633728027447006, 12.786832838754354 ], [ 77.633724814319081, 12.78652308758209 ], [ 77.633723425957513, 12.786389244569689 ], [ 77.633723187954786, 12.786366300104753 ], [ 77.633695835439781, 12.786358925057641 ], [ 77.633407643453921, 12.786375188570593 ], [ 77.633354883226275, 12.786360418975219 ], [ 77.633290256403697, 12.786328556875715 ], [ 77.633250619024039, 12.786263935571284 ], [ 77.633220543773348, 12.786182010402053 ], [ 77.633199475406457, 12.786029241251708 ], [ 77.633203514559995, 12.785855186971334 ], [ 77.633259517281175, 12.785806822192484 ], [ 77.633348815154847, 12.785775334026585 ], [ 77.633449941746903, 12.785757113625269 ], [ 77.633924760668279, 12.7857605726669 ], [ 77.633899468205243, 12.785638541313173 ], [ 77.633897878638564, 12.785602702305003 ], [ 77.633930283120222, 12.785556962748938 ], [ 77.633992620429638, 12.785461923561895 ], [ 77.634003243003932, 12.785429548200501 ], [ 77.634010139995596, 12.785390038726657 ], [ 77.63402599227058, 12.785157424327158 ], [ 77.634046006292039, 12.784738922432069 ], [ 77.63404804065074, 12.784461971689797 ], [ 77.634048529976567, 12.784395290871629 ], [ 77.634037353553254, 12.784198202452318 ], [ 77.633990412948194, 12.783723000582828 ], [ 77.633909561572466, 12.783441753691717 ], [ 77.633849791071938, 12.782844775210013 ], [ 77.633805374814656, 12.782319353068246 ], [ 77.633800399082858, 12.782074396390337 ], [ 77.633775582953859, 12.782029826551916 ], [ 77.633695943752514, 12.781982815802754 ], [ 77.633019779098944, 12.781950726253829 ], [ 77.632492892364951, 12.781929096854801 ], [ 77.631810762881955, 12.781909015042221 ], [ 77.631719289663181, 12.781894988177665 ], [ 77.631685526667766, 12.781868434846277 ], [ 77.631663754589894, 12.781823833450247 ], [ 77.631615402426206, 12.7815643702885 ], [ 77.631556690550156, 12.781080840183334 ], [ 77.631555998159342, 12.78101391807181 ], [ 77.631553067619251, 12.780966141002454 ], [ 77.631584477351325, 12.780941924839086 ], [ 77.632174862216345, 12.7808045656903 ], [ 77.633134202003532, 12.780548787134066 ], [ 77.633777580565493, 12.780355320806979 ], [ 77.634444210434026, 12.780147267285985 ], [ 77.634291308122243, 12.779344693099848 ], [ 77.634120570121496, 12.778614965974835 ], [ 77.633926058594497, 12.777706204112917 ], [ 77.633745013682983, 12.776921603408452 ], [ 77.633727620819315, 12.776888311705637 ], [ 77.633693033319105, 12.776840851706453 ], [ 77.633651487714587, 12.776826923834802 ], [ 77.633403897643589, 12.776905885631304 ], [ 77.633348037603241, 12.776920785101948 ], [ 77.633321177069007, 12.776913882818745 ], [ 77.633303809035908, 12.776882982181812 ], [ 77.633059561032837, 12.775874321840337 ], [ 77.632881871652515, 12.775178127448306 ], [ 77.632673303551456, 12.774322088835133 ], [ 77.632510872247778, 12.773687888677426 ], [ 77.632337338792084, 12.772922332333129 ], [ 77.632162041646012, 12.772221330911719 ], [ 77.632063063815096, 12.77183508857094 ], [ 77.632017970295266, 12.771713632556585 ], [ 77.631907849543907, 12.771547983820795 ], [ 77.631903550398093, 12.771541515745547 ], [ 77.631899960932486, 12.771536116566226 ], [ 77.631864220586721, 12.771553749160018 ], [ 77.631801490883518, 12.771584695431761 ], [ 77.630964411287223, 12.771997653810677 ], [ 77.630831472889554, 12.772084637210634 ], [ 77.630865006829779, 12.772133856444007 ], [ 77.630884139850508, 12.772161939160609 ], [ 77.630901448450032, 12.77218734335222 ], [ 77.630928408686984, 12.772275075934107 ], [ 77.630900408757441, 12.772281027701336 ], [ 77.63080746996792, 12.772300784376494 ], [ 77.630898427995533, 12.77247703393259 ] ] ] } },
{ "type": "Feature", "properties": { "KGISWardID": 554, "KGISWardCode": "2007006", "KGISWardName": "A P C Circle", "SHAPE.STArea()": 1647515.4716403049, "SHAPE.STLength()": 6106.9000991709127, "OBJECTID": 19124, "KGISWardNo": "6", "KGISTownCode": "2007", "LGD_WardCode": 1295897, "created_user": "SA", "created_date": 1634898537000, "last_edited_user": "SURESHBV1", "last_edited_date": 1692254035000, "_overlap_percent": 100.00000000000007, "_police_station": "Jigani PS", "_police_feature_index": "703", "_admin_layer": "Ward", "_geometry_clipped": true }, "geometry": { "type": "Polygon", "coordinates": [ [ [ 77.656357807418601, 12.784699988445496 ], [ 77.656353345765552, 12.784672258243166 ], [ 77.656326051389925, 12.78450263818303 ], [ 77.656368179615882, 12.784281965560286 ], [ 77.656436727414459, 12.783922909790398 ], [ 77.656458197261557, 12.783810447299256 ], [ 77.656456541563543, 12.783680411731874 ], [ 77.656440423892775, 12.782552927890178 ], [ 77.656433702873287, 12.782082733059676 ], [ 77.656418202796786, 12.781241222705269 ], [ 77.656411607087094, 12.780883118257455 ], [ 77.656385676334068, 12.780688544979711 ], [ 77.656357552725865, 12.780479233958895 ], [ 77.65681661507422, 12.779497686116759 ], [ 77.656994190158457, 12.779118002286944 ], [ 77.657050515734539, 12.778997567555635 ], [ 77.657175189566601, 12.778730992553866 ], [ 77.657397581281515, 12.778255480249364 ], [ 77.657581694760438, 12.77786181170103 ], [ 77.657623342164356, 12.777772762731994 ], [ 77.657624568380669, 12.777770140443126 ], [ 77.657967765024821, 12.777012276957326 ], [ 77.658050467968081, 12.776829647157841 ], [ 77.658417650902265, 12.776018811072372 ], [ 77.658620827502133, 12.775570141665701 ], [ 77.658875457085571, 12.775007847578784 ], [ 77.658884187265002, 12.774988568597964 ], [ 77.655883917375832, 12.775458224573923 ], [ 77.65391637030811, 12.775766201245229 ], [ 77.653514430550217, 12.775829114316791 ], [ 77.65331640391301, 12.775860110106441 ], [ 77.653118540764453, 12.775891079719564 ], [ 77.652959334169537, 12.775897534939203 ], [ 77.652604671448756, 12.775951386145129 ], [ 77.652468316084978, 12.775953124063497 ], [ 77.652462685266499, 12.775972389830349 ], [ 77.652445209861298, 12.776032185908981 ], [ 77.652441948330036, 12.776043345971175 ], [ 77.6521022428946, 12.775997591839459 ], [ 77.651940737143491, 12.775970826888068 ], [ 77.651114501443061, 12.775833902859429 ], [ 77.651192586173025, 12.775787670339025 ], [ 77.651199621836625, 12.775783505382632 ], [ 77.6512438283157, 12.775761138083899 ], [ 77.651149110421173, 12.775726478591261 ], [ 77.650978843515375, 12.775682454707777 ], [ 77.650868628052137, 12.775653957605083 ], [ 77.650610089374169, 12.775587109636517 ], [ 77.64994803065207, 12.775451630575859 ], [ 77.649221489591724, 12.773911029910501 ], [ 77.64873343806444, 12.772876120012667 ], [ 77.648450407748385, 12.77227595214506 ], [ 77.648448845968275, 12.77227429199562 ], [ 77.647699951343796, 12.773082740932805 ], [ 77.647273835622656, 12.773556706302315 ], [ 77.646793565088728, 12.774092166811872 ], [ 77.646378404614623, 12.774566022323365 ], [ 77.646093617254067, 12.774931006000147 ], [ 77.645838236785778, 12.775313622775919 ], [ 77.645540666180352, 12.775854419939913 ], [ 77.645138660274185, 12.776539681827364 ], [ 77.644475679611389, 12.777772545455457 ], [ 77.64388362145732, 12.778800328409513 ], [ 77.643414763924142, 12.779708794451109 ], [ 77.643043409893338, 12.780298136082827 ], [ 77.642708581950586, 12.780887111431259 ], [ 77.642447974436379, 12.781353438932252 ], [ 77.642285142729733, 12.781620392401532 ], [ 77.641994665582033, 12.782024871402077 ], [ 77.641765175567429, 12.78232132327777 ], [ 77.64170445056854, 12.782399767133771 ], [ 77.641743808868569, 12.782663643953459 ], [ 77.641764728047974, 12.782988991296813 ], [ 77.641764966711719, 12.78301193561834 ], [ 77.641782514839747, 12.783013194409124 ], [ 77.642300923329145, 12.782980749818778 ], [ 77.64257614667136, 12.78298277228385 ], [ 77.642619979653844, 12.782982332945501 ], [ 77.642654246364856, 12.782998721602755 ], [ 77.642671640843105, 12.783032010585096 ], [ 77.642672922747735, 12.783155205240529 ], [ 77.642674166230606, 12.783274706223045 ], [ 77.643048000660002, 12.783288886152858 ], [ 77.643733460822546, 12.783921414645297 ], [ 77.644315641385532, 12.784368151047797 ], [ 77.644660612305543, 12.784571959464779 ], [ 77.644670171371061, 12.784577606557395 ], [ 77.645222318974902, 12.78497841408096 ], [ 77.64584196017698, 12.785428738909564 ], [ 77.64649719885027, 12.785862319303686 ], [ 77.646531041714496, 12.785838076180845 ], [ 77.646569581795362, 12.785797054730333 ], [ 77.646849590818874, 12.785323358648119 ], [ 77.647060075240461, 12.784955532892468 ], [ 77.647389056250233, 12.784390513258158 ], [ 77.647631101966084, 12.783954844996957 ], [ 77.647923040121285, 12.783457723404235 ], [ 77.647956709026758, 12.783416750777356 ], [ 77.648005162388202, 12.783392360804379 ], [ 77.648041690231906, 12.783391993921795 ], [ 77.648325939426257, 12.78355884877109 ], [ 77.649252588863845, 12.78413993636479 ], [ 77.650084635384474, 12.784640104054057 ], [ 77.650832258198079, 12.785101678279947 ], [ 77.651185900008755, 12.785323636792214 ], [ 77.651478840430869, 12.785507496995692 ], [ 77.652239050186807, 12.786007781610337 ], [ 77.652898338822396, 12.786479456520182 ], [ 77.652972116318068, 12.786532238977323 ], [ 77.653656045081249, 12.787015358941748 ], [ 77.654116239631335, 12.787394525393541 ], [ 77.654386803554218, 12.787058765729787 ], [ 77.65444400835564, 12.78698777731555 ], [ 77.655141651341424, 12.786162084999836 ], [ 77.655644057598508, 12.785589336115365 ], [ 77.656360995143999, 12.784719799596068 ], [ 77.656357807418601, 12.784699988445496 ] ] ] } },
{ "type": "Feature", "properties": { "KGISWardID": 566, "KGISWardCode": "2007018", "KGISWardName": "Kembhathi Ward", "SHAPE.STArea()": 190232.580427295, "SHAPE.STLength()": 1994.5877293087351, "OBJECTID": 19136, "KGISWardNo": "18", "KGISTownCode": "2007", "LGD_WardCode": 1295909, "created_user": "SA", "created_date": 1634898537000, "last_edited_user": "SURESHBV1", "last_edited_date": 1692254035000, "_overlap_percent": 100.0, "_police_station": "Jigani PS", "_police_feature_index": "703", "_admin_layer": "Ward", "_geometry_clipped": true }, "geometry": { "type": "Polygon", "coordinates": [ [ [ 77.636819733800536, 12.783947412880218 ], [ 77.63690158389403, 12.78362091688858 ], [ 77.637057860253179, 12.78322626893377 ], [ 77.637137835835645, 12.783047631369694 ], [ 77.637305599434114, 12.782692189710213 ], [ 77.637355138851703, 12.782584608568094 ], [ 77.637358618790103, 12.782544416881018 ], [ 77.637348539963028, 12.78251201004923 ], [ 77.637305105776804, 12.782456989165039 ], [ 77.637234336613375, 12.782396505887645 ], [ 77.63706999830643, 12.782331221738712 ], [ 77.637011177029549, 12.782295477311019 ], [ 77.636971896987646, 12.782265274132262 ], [ 77.636946273145611, 12.782236846904615 ], [ 77.636930369826374, 12.782206409925365 ], [ 77.636888633333811, 12.782092093346069 ], [ 77.63678269270163, 12.781564299574351 ], [ 77.6367135286647, 12.781060041445585 ], [ 77.636661910156761, 12.780779697773493 ], [ 77.636624732055026, 12.780717323556685 ], [ 77.636584230310135, 12.780628093245673 ], [ 77.636536387693766, 12.780293810245622 ], [ 77.636523236884116, 12.779777637715416 ], [ 77.636516379562153, 12.779680181445874 ], [ 77.636500418830806, 12.779644009172694 ], [ 77.636469030374585, 12.779623287799492 ], [ 77.636429988985142, 12.779616029770889 ], [ 77.636210089285953, 12.779641174854703 ], [ 77.635803785193062, 12.779727461576165 ], [ 77.63528562222001, 12.779877134553717 ], [ 77.634578675405592, 12.78010530082118 ], [ 77.634444210434026, 12.780147267285985 ], [ 77.633777580565493, 12.780355320806979 ], [ 77.633134202003532, 12.780548787134066 ], [ 77.632174862216345, 12.7808045656903 ], [ 77.631584477351325, 12.780941924839086 ], [ 77.631553067619251, 12.780966141002454 ], [ 77.631555998159342, 12.78101391807181 ], [ 77.631556690550156, 12.781080840183334 ], [ 77.631615402426206, 12.7815643702885 ], [ 77.631663754589894, 12.781823833450247 ], [ 77.631685526667766, 12.781868434846277 ], [ 77.631719289663181, 12.781894988177665 ], [ 77.631810762881955, 12.781909015042221 ], [ 77.632492892364951, 12.781929096854801 ], [ 77.633019779098944, 12.781950726253829 ], [ 77.633695943752514, 12.781982815802754 ], [ 77.633775582953859, 12.782029826551916 ], [ 77.633800399082858, 12.782074396390337 ], [ 77.633805374814656, 12.782319353068246 ], [ 77.633849791071938, 12.782844775210013 ], [ 77.633909561572466, 12.783441753691717 ], [ 77.633990412948194, 12.783723000582828 ], [ 77.634037353553254, 12.784198202452318 ], [ 77.634048529976567, 12.784395290871629 ], [ 77.63404804065074, 12.784461971689797 ], [ 77.634828059012762, 12.784359757026781 ], [ 77.635382316743488, 12.784260995015963 ], [ 77.635980332814142, 12.784154623965099 ], [ 77.636812025438502, 12.784035773704089 ], [ 77.636819733800536, 12.783947412880218 ] ] ] } },
{ "type": "Feature", "properties": { "KGISWardID": 570, "KGISWardCode": "2007022", "KGISWardName": "Santhe Beedhi", "SHAPE.STArea()": 63312.624545414998, "SHAPE.STLength()": 1149.2447550030427, "OBJECTID": 19140, "KGISWardNo": "22", "KGISTownCode": "2007", "LGD_WardCode": 1295913, "created_user": "SA", "created_date": 1634898537000, "last_edited_user": "SURESHBV1", "last_edited_date": 1692254035000, "_overlap_percent": 99.999999999999972, "_police_station": "Jigani PS", "_police_feature_index": "703", "_admin_layer": "Ward", "_geometry_clipped": true }, "geometry": { "type": "Polygon", "coordinates": [ [ [ 77.641765175567429, 12.78232132327777 ], [ 77.64172246896122, 12.781771881928412 ], [ 77.641665886541759, 12.781248974579052 ], [ 77.64165791044536, 12.781184518198227 ], [ 77.641630974809601, 12.781170446342864 ], [ 77.641606672398368, 12.781175469767549 ], [ 77.641553198823402, 12.781185567191423 ], [ 77.641021241269982, 12.781319971004237 ], [ 77.640756430624847, 12.781382380428363 ], [ 77.640656589460121, 12.781383380303211 ], [ 77.640346841851596, 12.781386959984761 ], [ 77.639967239892755, 12.781418009585286 ], [ 77.639685337772704, 12.781429437737611 ], [ 77.639606408902083, 12.781427360427307 ], [ 77.639481962101001, 12.781404223893295 ], [ 77.639512718858484, 12.782352344131725 ], [ 77.639510296130283, 12.782412125701352 ], [ 77.639495324222054, 12.782436178147938 ], [ 77.639373876045994, 12.782467272577229 ], [ 77.638409187550138, 12.782500831204718 ], [ 77.638333118885555, 12.782504579990876 ], [ 77.638324390333466, 12.782543509711788 ], [ 77.638317563355699, 12.782642416273998 ], [ 77.638323734571799, 12.782673906331873 ], [ 77.638337154018345, 12.782699587166384 ], [ 77.638369506837847, 12.782719341846057 ], [ 77.6384180216385, 12.782747539827634 ], [ 77.638743980683472, 12.782897734701956 ], [ 77.638773396450986, 12.782916084995087 ], [ 77.638783863029246, 12.782938927003828 ], [ 77.638788663069988, 12.782979035797666 ], [ 77.63877433768036, 12.783431022614595 ], [ 77.638929172965717, 12.783428797096944 ], [ 77.639133852936808, 12.783438699579245 ], [ 77.639801937430121, 12.783513281409956 ], [ 77.640062922569314, 12.783551302798136 ], [ 77.640493130895024, 12.783702362786421 ], [ 77.640650011645448, 12.783759025599092 ], [ 77.640653686414396, 12.783754532247773 ], [ 77.641117537182552, 12.783159484705635 ], [ 77.641528457971205, 12.782627113776339 ], [ 77.64170445056854, 12.782399767133771 ], [ 77.641765175567429, 12.78232132327777 ] ] ] } },
{ "type": "Feature", "properties": { "KGISWardID": 562, "KGISWardCode": "2007014", "KGISWardName": "A K N Hospital", "SHAPE.STArea()": 590251.75773276505, "SHAPE.STLength()": 4348.2387654266759, "OBJECTID": 19132, "KGISWardNo": "14", "KGISTownCode": "2007", "LGD_WardCode": 1295905, "created_user": "SA", "created_date": 1634898537000, "last_edited_user": "SURESHBV1", "last_edited_date": 1692254035000, "_overlap_percent": 99.999997960656799, "_police_station": "Jigani PS", "_police_feature_index": "703", "_admin_layer": "Ward", "_geometry_clipped": true }, "geometry": { "type": "Polygon", "coordinates": [ [ [ 77.628878549459856, 12.788912477030147 ], [ 77.629831890077327, 12.788574152650682 ], [ 77.629905101858967, 12.788548170558666 ], [ 77.630041200400669, 12.788502721843097 ], [ 77.630596825708281, 12.788317176186995 ], [ 77.631400496589023, 12.788019328770877 ], [ 77.631882796753544, 12.78785017994894 ], [ 77.632698856808489, 12.78757311955488 ], [ 77.632913842273467, 12.787511141268785 ], [ 77.632831804816476, 12.787290473917505 ], [ 77.63273561542762, 12.787033282582913 ], [ 77.632678846442559, 12.78681967862169 ], [ 77.63260844379505, 12.786418810826179 ], [ 77.632574115811067, 12.786302506826024 ], [ 77.632554257095236, 12.786266372327511 ], [ 77.632522749000714, 12.786234179249693 ], [ 77.632334059222259, 12.786075434677818 ], [ 77.632014933666483, 12.785832898302806 ], [ 77.631681266773001, 12.785597199135216 ], [ 77.631274519359081, 12.78535983755156 ], [ 77.631213143625189, 12.785312645672651 ], [ 77.630792808792407, 12.78493917206292 ], [ 77.630421824191757, 12.784627353293232 ], [ 77.630190557648277, 12.784460944998427 ], [ 77.629933251801219, 12.784308141552273 ], [ 77.62989888730867, 12.784282192085511 ], [ 77.629896080671628, 12.784246365085332 ], [ 77.629907711997035, 12.784193662687647 ], [ 77.629944348249154, 12.783968608123919 ], [ 77.629979030043486, 12.78355473896905 ], [ 77.630024401704475, 12.782997344098195 ], [ 77.630056316639127, 12.782786679371059 ], [ 77.630154832410966, 12.782422369390153 ], [ 77.630263510107568, 12.782098593946904 ], [ 77.630325290549607, 12.78194977858036 ], [ 77.63071863465909, 12.781244828445642 ], [ 77.630728029410719, 12.781211270187084 ], [ 77.630741947348383, 12.781144203175451 ], [ 77.630230511749048, 12.778792461370546 ], [ 77.62983069815003, 12.777179154028877 ], [ 77.629884968772018, 12.777768962180378 ], [ 77.62997224895166, 12.778528007966775 ], [ 77.629982378457328, 12.778715338994415 ], [ 77.629951099845755, 12.779057829175345 ], [ 77.629916547595428, 12.779401164182953 ], [ 77.629861792998881, 12.779613272646573 ], [ 77.629811802749813, 12.779720997401718 ], [ 77.629760785058735, 12.779705198478561 ], [ 77.629727820024584, 12.779694991500017 ], [ 77.629694854934755, 12.779684785404664 ], [ 77.629686903178467, 12.779684981237718 ], [ 77.629265610254436, 12.779695380233504 ], [ 77.62920659370927, 12.779696836809403 ], [ 77.628975158125201, 12.779702549063199 ], [ 77.628934172557479, 12.779703560479232 ], [ 77.628841051240983, 12.779705858999423 ], [ 77.628736074959747, 12.779823164172294 ], [ 77.628355508214909, 12.77973939314486 ], [ 77.628344733567673, 12.779737028765638 ], [ 77.628305027669086, 12.779736695247646 ], [ 77.627776698051647, 12.779732257657519 ], [ 77.627740694446075, 12.779734633751852 ], [ 77.627144869311053, 12.779775758362055 ], [ 77.626771617603467, 12.779806456277672 ], [ 77.625848583279435, 12.779716989245657 ], [ 77.625780888375274, 12.779722545382839 ], [ 77.625761857787367, 12.779919550285353 ], [ 77.625780536475588, 12.780518727931648 ], [ 77.625469496298422, 12.781154568212571 ], [ 77.625367345016045, 12.781512107410039 ], [ 77.625149603248857, 12.781765094025495 ], [ 77.624921285187455, 12.781974125786585 ], [ 77.624728634454968, 12.782176826208689 ], [ 77.624503149895375, 12.782681781712547 ], [ 77.624352469294294, 12.783089504058276 ], [ 77.624274333078645, 12.783085512614985 ], [ 77.624272411017316, 12.783085415204321 ], [ 77.623280713181202, 12.783100776108599 ], [ 77.623224452423287, 12.783133246697904 ], [ 77.622662054581426, 12.783721593307403 ], [ 77.622205945554157, 12.784187128981612 ], [ 77.62222281425035, 12.784190583035432 ], [ 77.622777305839605, 12.78436183431031 ], [ 77.622962821711965, 12.784420201954795 ], [ 77.622981019230068, 12.784423707780732 ], [ 77.623135192148524, 12.784453622950913 ], [ 77.6234969885098, 12.784446831874629 ], [ 77.623496988619962, 12.784446831880681 ], [ 77.623496989430208, 12.784446831865472 ], [ 77.623707701856077, 12.7844584064137 ], [ 77.623861186018047, 12.784472884835662 ], [ 77.623896273121829, 12.784476251403534 ], [ 77.62394376740906, 12.784638887650505 ], [ 77.623946322163818, 12.784657187305687 ], [ 77.623957086179857, 12.784888867536282 ], [ 77.623978815161948, 12.784889652249507 ], [ 77.624052676155088, 12.784892386204879 ], [ 77.624365995248084, 12.784962382363641 ], [ 77.624424105758266, 12.785003509576947 ], [ 77.624560262830357, 12.785031077192546 ], [ 77.624586882073743, 12.785036550726678 ], [ 77.624576020029536, 12.785203245940769 ], [ 77.624580271730792, 12.785218736197658 ], [ 77.624755340903448, 12.785280315979984 ], [ 77.624849432113351, 12.785349165969851 ], [ 77.62489762769286, 12.785452136345635 ], [ 77.624943035088492, 12.785549581116497 ], [ 77.625014613041614, 12.785625470637813 ], [ 77.62504774646149, 12.785611422183505 ], [ 77.625393300977422, 12.78546620371384 ], [ 77.625559261663753, 12.785570646237179 ], [ 77.625780764593813, 12.785882882176615 ], [ 77.626222303292195, 12.785974383796804 ], [ 77.62630567675582, 12.786010742580819 ], [ 77.626487814747051, 12.786150052551791 ], [ 77.626500766431349, 12.786159959634112 ], [ 77.626715135630562, 12.786310730695142 ], [ 77.62697559262017, 12.78663508764703 ], [ 77.627065105825807, 12.786722840319703 ], [ 77.627049939019159, 12.786762807158132 ], [ 77.627049252627998, 12.786764615425417 ], [ 77.626992243277812, 12.786914771560355 ], [ 77.626989926900535, 12.78692087107261 ], [ 77.627076734589934, 12.78690753592949 ], [ 77.627101959138258, 12.786903634687283 ], [ 77.627145555037956, 12.786896891558419 ], [ 77.627191198339645, 12.7869865097285 ], [ 77.627222142327625, 12.787047226633296 ], [ 77.627287270373586, 12.787300562244168 ], [ 77.62732443197801, 12.7874451162499 ], [ 77.627329263060702, 12.787464357983865 ], [ 77.627514469127107, 12.787370130404673 ], [ 77.627594237321489, 12.787329547019832 ], [ 77.627661154321984, 12.78729550165512 ], [ 77.627709350140023, 12.787294376122979 ], [ 77.627825462265761, 12.787372226448571 ], [ 77.627889514222218, 12.787414016185505 ], [ 77.628024232777022, 12.787494826605728 ], [ 77.628128889920404, 12.787557605347725 ], [ 77.628169927627155, 12.787576276427583 ], [ 77.628425618983186, 12.787692611637564 ], [ 77.628482401552318, 12.787693469155256 ], [ 77.628494959259754, 12.78769269255169 ], [ 77.628831428011495, 12.787717781026625 ], [ 77.628837832279189, 12.78771825920265 ], [ 77.629121806921461, 12.787801229135484 ], [ 77.629098603591743, 12.788042881146385 ], [ 77.62908901345611, 12.788193772393573 ], [ 77.628885890649144, 12.788423078784335 ], [ 77.628836516432528, 12.788634519442139 ], [ 77.62885455001468, 12.788744734187999 ], [ 77.628879120327511, 12.788894892549033 ], [ 77.628878549459856, 12.788912477030147 ] ] ] } },
{ "type": "Feature", "properties": { "KGISWardID": 555, "KGISWardCode": "2007007", "KGISWardName": "Police Station", "SHAPE.STArea()": 147470.33100927499, "SHAPE.STLength()": 2019.7768301033541, "OBJECTID": 19125, "KGISWardNo": "7", "KGISTownCode": "2007", "LGD_WardCode": 1295898, "created_user": "SA", "created_date": 1634898537000, "last_edited_user": "SURESHBV1", "last_edited_date": 1692254035000, "_overlap_percent": 100.00000000000004, "_police_station": "Jigani PS", "_police_feature_index": "703", "_admin_layer": "Ward", "_geometry_clipped": true }, "geometry": { "type": "Polygon", "coordinates": [ [ [ 77.64584196017698, 12.785428738909564 ], [ 77.645222318974902, 12.78497841408096 ], [ 77.644670171371061, 12.784577606557395 ], [ 77.644660612305543, 12.784571959464779 ], [ 77.644315641385532, 12.784368151047797 ], [ 77.643733460822546, 12.783921414645297 ], [ 77.643048000660002, 12.783288886152858 ], [ 77.642674166230606, 12.783274706223045 ], [ 77.642672922747735, 12.783155205240529 ], [ 77.642671640843105, 12.783032010585096 ], [ 77.642654246364856, 12.782998721602755 ], [ 77.642619979653844, 12.782982332945501 ], [ 77.64257614667136, 12.78298277228385 ], [ 77.642300923329145, 12.782980749818778 ], [ 77.641782514839747, 12.783013194409124 ], [ 77.641764966711719, 12.78301193561834 ], [ 77.641764728047974, 12.782988991296813 ], [ 77.641743808868569, 12.782663643953459 ], [ 77.64170445056854, 12.782399767133771 ], [ 77.641528457971205, 12.782627113776339 ], [ 77.641117537182552, 12.783159484705635 ], [ 77.640653686414396, 12.783754532247773 ], [ 77.640650011645448, 12.783759025599092 ], [ 77.640271313424378, 12.784222078396777 ], [ 77.640170004452699, 12.784337789643896 ], [ 77.640206419743706, 12.784567286209976 ], [ 77.640291278434944, 12.785233327171696 ], [ 77.640337101163155, 12.785658338595187 ], [ 77.640459433685621, 12.786180587793895 ], [ 77.640558011110926, 12.786526191667116 ], [ 77.640622634155406, 12.786727470956967 ], [ 77.640636038051014, 12.786769219869962 ], [ 77.640653968694167, 12.786872014120508 ], [ 77.641613806342761, 12.786592789592625 ], [ 77.642104563765642, 12.786359941395707 ], [ 77.642556068729576, 12.786158215560587 ], [ 77.642831392575118, 12.785994112006389 ], [ 77.642970173779119, 12.785873206231571 ], [ 77.643135229687701, 12.785644473906656 ], [ 77.643258664810304, 12.785511770664986 ], [ 77.64338529994285, 12.785393974131695 ], [ 77.643488111228564, 12.785327210841755 ], [ 77.643578933292233, 12.785278494170047 ], [ 77.643703487761343, 12.785253342569339 ], [ 77.644068579770675, 12.785231754448004 ], [ 77.644427521034274, 12.785204250558742 ], [ 77.644512784327318, 12.785206382802601 ], [ 77.644561642935756, 12.785220830569243 ], [ 77.64461100034211, 12.785283081878962 ], [ 77.6450039040608, 12.785885673236997 ], [ 77.645131010629868, 12.786105498717227 ], [ 77.645150791257976, 12.786133984437759 ], [ 77.64518013804252, 12.786145641171174 ], [ 77.645214131416992, 12.786135738334304 ], [ 77.645473153638093, 12.785984940557567 ], [ 77.64562567356171, 12.785897360792504 ], [ 77.645720372396028, 12.785870117439947 ], [ 77.645854134421469, 12.785852042763324 ], [ 77.646019725575684, 12.78585038059415 ], [ 77.646387615023997, 12.785863418591036 ], [ 77.646426602601608, 12.785865417596561 ], [ 77.646458260178875, 12.785865100666745 ], [ 77.64649719885027, 12.785862319303686 ], [ 77.64584196017698, 12.785428738909564 ] ] ] } },
{ "type": "Feature", "properties": { "KGISWardID": 569, "KGISWardCode": "2007021", "KGISWardName": "Shivanagara", "SHAPE.STArea()": 40679.046304440002, "SHAPE.STLength()": 924.29063294641708, "OBJECTID": 19139, "KGISWardNo": "21", "KGISTownCode": "2007", "LGD_WardCode": 1295912, "created_user": "SA", "created_date": 1634898537000, "last_edited_user": "SURESHBV1", "last_edited_date": 1692254035000, "_overlap_percent": 100.00000000000004, "_police_station": "Jigani PS", "_police_feature_index": "703", "_admin_layer": "Ward", "_geometry_clipped": true }, "geometry": { "type": "Polygon", "coordinates": [ [ [ 77.639277702586, 12.785398489621493 ], [ 77.63952326115357, 12.785123537406507 ], [ 77.639910283830773, 12.78463443318309 ], [ 77.640170004452699, 12.784337789643896 ], [ 77.640271313424378, 12.784222078396777 ], [ 77.640650011645448, 12.783759025599092 ], [ 77.640493130895024, 12.783702362786421 ], [ 77.640062922569314, 12.783551302798136 ], [ 77.639801937430121, 12.783513281409956 ], [ 77.639133852936808, 12.783438699579245 ], [ 77.638929172965717, 12.783428797096944 ], [ 77.63877433768036, 12.783431022614595 ], [ 77.638381281417622, 12.783436671031669 ], [ 77.638337522689966, 12.783444279349608 ], [ 77.638332876416186, 12.783465838894001 ], [ 77.63832406531688, 12.783689091631746 ], [ 77.638319380661429, 12.783807785959382 ], [ 77.638331522349873, 12.78384443258539 ], [ 77.638348668098118, 12.783853821852556 ], [ 77.638438894152443, 12.783864870190426 ], [ 77.638463395578341, 12.783878966712019 ], [ 77.63848344756245, 12.783933743413241 ], [ 77.638504195775894, 12.78405544091007 ], [ 77.6385008904562, 12.784206061691298 ], [ 77.638455364997668, 12.784512475413431 ], [ 77.638428377675382, 12.784727871448965 ], [ 77.638438589960373, 12.784773184865218 ], [ 77.638448752580913, 12.784813717899944 ], [ 77.638451808760976, 12.784873444665454 ], [ 77.638445099646816, 12.784930878729416 ], [ 77.638418783594886, 12.784976557742041 ], [ 77.638410688615153, 12.784990797096818 ], [ 77.638399650331309, 12.7850102135741 ], [ 77.638392083897003, 12.785085864569314 ], [ 77.638390936144901, 12.785115994139565 ], [ 77.638388192711432, 12.785133231672402 ], [ 77.638379619715025, 12.785151962175531 ], [ 77.638371111143115, 12.78517237509784 ], [ 77.638368213873804, 12.785179325165419 ], [ 77.638354154003949, 12.785232530734485 ], [ 77.63834568391934, 12.785401847914637 ], [ 77.638360670804005, 12.785719127583691 ], [ 77.63838471991879, 12.786094598607024 ], [ 77.638484917182438, 12.785980095933301 ], [ 77.638639181157828, 12.785825572760391 ], [ 77.638697178897729, 12.785781967018009 ], [ 77.638861704738829, 12.785677538424371 ], [ 77.63910373474593, 12.785531697287597 ], [ 77.639121806402628, 12.785517859428678 ], [ 77.639277702586, 12.785398489621493 ] ] ] } },
{ "type": "Feature", "properties": { "KGISWardID": 565, "KGISWardCode": "2007017", "KGISWardName": "Halindairy", "SHAPE.STArea()": 83370.497456369994, "SHAPE.STLength()": 1374.6733399696236, "OBJECTID": 19135, "KGISWardNo": "17", "KGISTownCode": "2007", "LGD_WardCode": 1295908, "created_user": "SA", "created_date": 1634898537000, "last_edited_user": "SURESHBV1", "last_edited_date": 1692254035000, "_overlap_percent": 100.00000000000004, "_police_station": "Jigani PS", "_police_feature_index": "703", "_admin_layer": "Ward", "_geometry_clipped": true }, "geometry": { "type": "Polygon", "coordinates": [ [ [ 77.636925679796093, 12.785151771680239 ], [ 77.636903180080978, 12.785123201231871 ], [ 77.636872438429677, 12.785036666873328 ], [ 77.636867429107511, 12.785022568566403 ], [ 77.636814599806129, 12.784625710934829 ], [ 77.63680069044598, 12.784165718050623 ], [ 77.636812025438502, 12.784035773704089 ], [ 77.635980332814142, 12.784154623965099 ], [ 77.635382316743488, 12.784260995015963 ], [ 77.634828059012762, 12.784359757026781 ], [ 77.63404804065074, 12.784461971689797 ], [ 77.634046006292039, 12.784738922432069 ], [ 77.63402599227058, 12.785157424327158 ], [ 77.634010139995596, 12.785390038726657 ], [ 77.634003243003932, 12.785429548200501 ], [ 77.633992620429638, 12.785461923561895 ], [ 77.633930283120222, 12.785556962748938 ], [ 77.633897878638564, 12.785602702305003 ], [ 77.633899468205243, 12.785638541313173 ], [ 77.633924760668279, 12.7857605726669 ], [ 77.63393536137707, 12.785811718601572 ], [ 77.633960809963042, 12.785870265139076 ], [ 77.634027319798705, 12.785942744043803 ], [ 77.634155345773522, 12.786028949964237 ], [ 77.634197807257706, 12.786037130699773 ], [ 77.634250378990288, 12.786033736973696 ], [ 77.634786496174044, 12.785876265666053 ], [ 77.635095322067656, 12.785783302982244 ], [ 77.635412385001757, 12.785736889349302 ], [ 77.63550191466625, 12.785723783645324 ], [ 77.635614848983522, 12.78571691779481 ], [ 77.635644210382978, 12.785730010165251 ], [ 77.635751459932905, 12.786223457807218 ], [ 77.635907070427805, 12.786649921126749 ], [ 77.635914400823552, 12.786670009390356 ], [ 77.636007936907248, 12.787035583230502 ], [ 77.636112236143433, 12.787014931445542 ], [ 77.63632774970948, 12.786942022105306 ], [ 77.636368827103183, 12.786925752656506 ], [ 77.63651596825045, 12.786867474006673 ], [ 77.636522377768728, 12.786864295814944 ], [ 77.636645840811937, 12.786803071211269 ], [ 77.636812171915054, 12.786684760830138 ], [ 77.636850957211124, 12.786667162736917 ], [ 77.636890185626996, 12.786661033600769 ], [ 77.637084914447229, 12.786650480414856 ], [ 77.637386900209762, 12.786649370581639 ], [ 77.637469849125836, 12.786649089868183 ], [ 77.637580028858125, 12.786648716421375 ], [ 77.637784354835517, 12.786648023240144 ], [ 77.637860888808746, 12.786630375183162 ], [ 77.637952858431248, 12.786574628241576 ], [ 77.637984928034868, 12.786545455787838 ], [ 77.638001543239739, 12.786530341576679 ], [ 77.637946385747242, 12.786234436654492 ], [ 77.637889638428177, 12.786046769645884 ], [ 77.637708895295859, 12.785645215562562 ], [ 77.637634504795031, 12.785517480556768 ], [ 77.637539239987774, 12.785431787078304 ], [ 77.637438230035229, 12.785379016427271 ], [ 77.637029012857525, 12.785279702584154 ], [ 77.636972283644866, 12.785210950888935 ], [ 77.636925679796093, 12.785151771680239 ] ] ] } },
{ "type": "Feature", "properties": { "KGISWardID": 556, "KGISWardCode": "2007008", "KGISWardName": "Vinayaka Nagara", "SHAPE.STArea()": 28839.632991030001, "SHAPE.STLength()": 758.78515778060819, "OBJECTID": 19126, "KGISWardNo": "8", "KGISTownCode": "2007", "LGD_WardCode": 1295899, "created_user": "SA", "created_date": 1634898537000, "last_edited_user": "SURESHBV1", "last_edited_date": 1692254035000, "_overlap_percent": 100.0, "_police_station": "Jigani PS", "_police_feature_index": "703", "_admin_layer": "Ward", "_geometry_clipped": true }, "geometry": { "type": "Polygon", "coordinates": [ [ [ 77.639170406076715, 12.785642720853863 ], [ 77.639194842243, 12.785744301961309 ], [ 77.639209647288141, 12.785903347274377 ], [ 77.63922121863952, 12.785985696984563 ], [ 77.639222585374242, 12.786000025019966 ], [ 77.639214148578944, 12.786008475119079 ], [ 77.639199550703793, 12.786009815593092 ], [ 77.639194853904002, 12.786026595679427 ], [ 77.63919569855608, 12.786107856667369 ], [ 77.639196232684768, 12.786159243009145 ], [ 77.63920263161468, 12.786189057598406 ], [ 77.639213887917535, 12.786217628334112 ], [ 77.639220373800313, 12.786255807678165 ], [ 77.63922297064066, 12.786271318615119 ], [ 77.639229368658704, 12.786301133211552 ], [ 77.639232176675705, 12.786336959845789 ], [ 77.639236438386021, 12.78639547926999 ], [ 77.639242823988909, 12.78642409877078 ], [ 77.639250341243311, 12.786444341313752 ], [ 77.639257758195868, 12.786455023112367 ], [ 77.639272394275025, 12.78645726700004 ], [ 77.639288161072685, 12.786451133035509 ], [ 77.639317346268456, 12.786447255148044 ], [ 77.639324739306971, 12.786455547650148 ], [ 77.639328715330024, 12.786486581710969 ], [ 77.63933151001514, 12.786521212352406 ], [ 77.639335573004999, 12.786560612071003 ], [ 77.639377555267487, 12.78698843582206 ], [ 77.639574440045934, 12.786996777590582 ], [ 77.6398518759718, 12.786976789924116 ], [ 77.639991905444191, 12.786952440685443 ], [ 77.640246857177218, 12.786878178422986 ], [ 77.640622634155406, 12.786727470956967 ], [ 77.640558011110926, 12.786526191667116 ], [ 77.640459433685621, 12.786180587793895 ], [ 77.640337101163155, 12.785658338595187 ], [ 77.640291278434944, 12.785233327171696 ], [ 77.640206419743706, 12.784567286209976 ], [ 77.640170004452699, 12.784337789643896 ], [ 77.639910283830773, 12.78463443318309 ], [ 77.63952326115357, 12.785123537406507 ], [ 77.639277702586, 12.785398489621493 ], [ 77.639121806402628, 12.785517859428678 ], [ 77.639170406076715, 12.785642720853863 ] ] ] } },
{ "type": "Feature", "properties": { "KGISWardID": 568, "KGISWardCode": "2007020", "KGISWardName": "Shambhulingeshwara Temple", "SHAPE.STArea()": 13048.047605255, "SHAPE.STLength()": 579.14690416765313, "OBJECTID": 19138, "KGISWardNo": "20", "KGISTownCode": "2007", "LGD_WardCode": 1295911, "created_user": "SA", "created_date": 1634898537000, "last_edited_user": "SURESHBV1", "last_edited_date": 1692254035000, "_overlap_percent": 99.999999999999986, "_police_station": "Jigani PS", "_police_feature_index": "703", "_admin_layer": "Ward", "_geometry_clipped": true }, "geometry": { "type": "Polygon", "coordinates": [ [ [ 77.638182698314097, 12.784983682423443 ], [ 77.638043906704979, 12.784986505092924 ], [ 77.637975159283286, 12.784980021732743 ], [ 77.637820131971736, 12.784967231295731 ], [ 77.637633182609392, 12.784976273222666 ], [ 77.637161495447771, 12.785005373729275 ], [ 77.636872438429677, 12.785036666873328 ], [ 77.636903180080978, 12.785123201231871 ], [ 77.636925679796093, 12.785151771680239 ], [ 77.636972283644866, 12.785210950888935 ], [ 77.637029012857525, 12.785279702584154 ], [ 77.637438230035229, 12.785379016427271 ], [ 77.637539239987774, 12.785431787078304 ], [ 77.637634504795031, 12.785517480556768 ], [ 77.637708895295859, 12.785645215562562 ], [ 77.637889638428177, 12.786046769645884 ], [ 77.637946385747242, 12.786234436654492 ], [ 77.638001543239739, 12.786530341576679 ], [ 77.638057808439157, 12.786479161860623 ], [ 77.638082702297311, 12.786449320414874 ], [ 77.638104200416294, 12.786423549417146 ], [ 77.638253857044219, 12.786244145438232 ], [ 77.63838471991879, 12.786094598607024 ], [ 77.638360670804005, 12.785719127583691 ], [ 77.63834568391934, 12.785401847914637 ], [ 77.638354154003949, 12.785232530734485 ], [ 77.638368213873804, 12.785179325165419 ], [ 77.638371111143115, 12.78517237509784 ], [ 77.638379619715025, 12.785151962175531 ], [ 77.638388192711432, 12.785133231672402 ], [ 77.638390936144901, 12.785115994139565 ], [ 77.638392083897003, 12.785085864569314 ], [ 77.638399650331309, 12.7850102135741 ], [ 77.638410688615153, 12.784990797096818 ], [ 77.638344510349626, 12.784977853992572 ], [ 77.638253235283784, 12.784981141663263 ], [ 77.638182698314097, 12.784983682423443 ] ] ] } },
{ "type": "Feature", "properties": { "KGISWardID": 557, "KGISWardCode": "2007009", "KGISWardName": "Gangamma Temple", "SHAPE.STArea()": 12573.12035469, "SHAPE.STLength()": 485.37999722684447, "OBJECTID": 19127, "KGISWardNo": "9", "KGISTownCode": "2007", "LGD_WardCode": 1295900, "created_user": "SA", "created_date": 1634898537000, "last_edited_user": "SURESHBV1", "last_edited_date": 1692254035000, "_overlap_percent": 99.999999999999986, "_police_station": "Jigani PS", "_police_feature_index": "703", "_admin_layer": "Ward", "_geometry_clipped": true }, "geometry": { "type": "Polygon", "coordinates": [ [ [ 77.63910373474593, 12.785531697287597 ], [ 77.638861704738829, 12.785677538424371 ], [ 77.638697178897729, 12.785781967018009 ], [ 77.638639181157828, 12.785825572760391 ], [ 77.638484917182438, 12.785980095933301 ], [ 77.63838471991879, 12.786094598607024 ], [ 77.638253857044219, 12.786244145438232 ], [ 77.638104200416294, 12.786423549417146 ], [ 77.638082702297311, 12.786449320414874 ], [ 77.638264599895251, 12.78652370660536 ], [ 77.638349866693446, 12.78657304964578 ], [ 77.638466175265776, 12.786656502071727 ], [ 77.638748753164975, 12.786850155387203 ], [ 77.638858829937945, 12.78689638059584 ], [ 77.639068427310988, 12.786957385664657 ], [ 77.63927328314027, 12.786984017902169 ], [ 77.639377555267487, 12.78698843582206 ], [ 77.639335573004999, 12.786560612071003 ], [ 77.63933151001514, 12.786521212352406 ], [ 77.639328715330024, 12.786486581710969 ], [ 77.639324739306971, 12.786455547650148 ], [ 77.639317346268456, 12.786447255148044 ], [ 77.639288161072685, 12.786451133035509 ], [ 77.639272394275025, 12.78645726700004 ], [ 77.639257758195868, 12.786455023112367 ], [ 77.639250341243311, 12.786444341313752 ], [ 77.639242823988909, 12.78642409877078 ], [ 77.639236438386021, 12.78639547926999 ], [ 77.639232176675705, 12.786336959845789 ], [ 77.639229368658704, 12.786301133211552 ], [ 77.63922297064066, 12.786271318615119 ], [ 77.639220373800313, 12.786255807678165 ], [ 77.639213887917535, 12.786217628334112 ], [ 77.63920263161468, 12.786189057598406 ], [ 77.639196232684768, 12.786159243009145 ], [ 77.63919569855608, 12.786107856667369 ], [ 77.639194853904002, 12.786026595679427 ], [ 77.639199550703793, 12.786009815593092 ], [ 77.639214148578944, 12.786008475119079 ], [ 77.639222585374242, 12.786000025019966 ], [ 77.63922121863952, 12.785985696984563 ], [ 77.639209647288141, 12.785903347274377 ], [ 77.639194842243, 12.785744301961309 ], [ 77.639170406076715, 12.785642720853863 ], [ 77.639121806402628, 12.785517859428678 ], [ 77.63910373474593, 12.785531697287597 ] ] ] } },
{ "type": "Feature", "properties": { "KGISWardID": 564, "KGISWardCode": "2007016", "KGISWardName": "Varadharayaswamy Temple", "SHAPE.STArea()": 35021.244891825001, "SHAPE.STLength()": 892.4472385888057, "OBJECTID": 19134, "KGISWardNo": "16", "KGISTownCode": "2007", "LGD_WardCode": 1295907, "created_user": "SA", "created_date": 1634898537000, "last_edited_user": "SURESHBV1", "last_edited_date": 1692254035000, "_overlap_percent": 100.0, "_police_station": "Jigani PS", "_police_feature_index": "703", "_admin_layer": "Ward", "_geometry_clipped": true }, "geometry": { "type": "Polygon", "coordinates": [ [ [ 77.633988761948629, 12.787192723807118 ], [ 77.634246729608265, 12.78711544925442 ], [ 77.634456458267181, 12.787083474320415 ], [ 77.634809318297158, 12.787056043679209 ], [ 77.63505582264078, 12.78704760420254 ], [ 77.635333262870816, 12.787051403665842 ], [ 77.635758045005701, 12.787054805427831 ], [ 77.635980018686254, 12.787041111292881 ], [ 77.636007936907248, 12.787035583230502 ], [ 77.635914400823552, 12.786670009390356 ], [ 77.635907070427805, 12.786649921126749 ], [ 77.635751459932905, 12.786223457807218 ], [ 77.635644210382978, 12.785730010165251 ], [ 77.635614848983522, 12.78571691779481 ], [ 77.63550191466625, 12.785723783645324 ], [ 77.635412385001757, 12.785736889349302 ], [ 77.635095322067656, 12.785783302982244 ], [ 77.634786496174044, 12.785876265666053 ], [ 77.634250378990288, 12.786033736973696 ], [ 77.634197807257706, 12.786037130699773 ], [ 77.634155345773522, 12.786028949964237 ], [ 77.634027319798705, 12.785942744043803 ], [ 77.633960809963042, 12.785870265139076 ], [ 77.63393536137707, 12.785811718601572 ], [ 77.633924760668279, 12.7857605726669 ], [ 77.633449941746903, 12.785757113625269 ], [ 77.633348815154847, 12.785775334026585 ], [ 77.633259517281175, 12.785806822192484 ], [ 77.633203514559995, 12.785855186971334 ], [ 77.633199475406457, 12.786029241251708 ], [ 77.633220543773348, 12.786182010402053 ], [ 77.633250619024039, 12.786263935571284 ], [ 77.633290256403697, 12.786328556875715 ], [ 77.633354883226275, 12.786360418975219 ], [ 77.633407643453921, 12.786375188570593 ], [ 77.633695835439781, 12.786358925057641 ], [ 77.633723187954786, 12.786366300104753 ], [ 77.633723425957513, 12.786389244569689 ], [ 77.633724814319081, 12.78652308758209 ], [ 77.633728027447006, 12.786832838754354 ], [ 77.633725331546913, 12.787271830649843 ], [ 77.633973808153399, 12.787197214172931 ], [ 77.633988761948629, 12.787192723807118 ] ] ] } },
{ "type": "Feature", "properties": { "KGISWardID": 553, "KGISWardCode": "2007005", "KGISWardName": "Yellamadevi Ward", "SHAPE.STArea()": 629063.14855080994, "SHAPE.STLength()": 3662.6174903827928, "OBJECTID": 19123, "KGISWardNo": "5", "KGISTownCode": "2007", "LGD_WardCode": 1295896, "created_user": "SA", "created_date": 1634898537000, "last_edited_user": "SURESHBV1", "last_edited_date": 1692254035000, "_overlap_percent": 100.00000000000004, "_police_station": "Jigani PS", "_police_feature_index": "703", "_admin_layer": "Ward", "_geometry_clipped": true }, "geometry": { "type": "Polygon", "coordinates": [ [ [ 77.645071347086713, 12.791626981771897 ], [ 77.645983342072171, 12.791208489559757 ], [ 77.646261557649211, 12.791029412212513 ], [ 77.646424316429929, 12.790872409991552 ], [ 77.646481498548511, 12.790809090224517 ], [ 77.646508614908385, 12.790781927871572 ], [ 77.646547315375429, 12.790697878865553 ], [ 77.646574089040016, 12.790637852980854 ], [ 77.646597786854926, 12.790574870410859 ], [ 77.646639749115124, 12.790511704395575 ], [ 77.646724545860778, 12.790469022994728 ], [ 77.647052119183073, 12.790352193829813 ], [ 77.647422743844118, 12.790276762375855 ], [ 77.647992093185465, 12.789990184361114 ], [ 77.648360972141646, 12.789747449765615 ], [ 77.648954599557925, 12.789220403362988 ], [ 77.649557925104261, 12.788081960908547 ], [ 77.64962574835134, 12.787953981586202 ], [ 77.650037194585266, 12.787239934966582 ], [ 77.650480665315754, 12.786503778592017 ], [ 77.650712291547904, 12.786119280765757 ], [ 77.651185900008755, 12.785323636792214 ], [ 77.650832258198079, 12.785101678279947 ], [ 77.650084635384474, 12.784640104054057 ], [ 77.649252588863845, 12.78413993636479 ], [ 77.648325939426257, 12.78355884877109 ], [ 77.648041690231906, 12.783391993921795 ], [ 77.648005162388202, 12.783392360804379 ], [ 77.647956709026758, 12.783416750777356 ], [ 77.647923040121285, 12.783457723404235 ], [ 77.647631101966084, 12.783954844996957 ], [ 77.647389056250233, 12.784390513258158 ], [ 77.647060075240461, 12.784955532892468 ], [ 77.646849590818874, 12.785323358648119 ], [ 77.646569581795362, 12.785797054730333 ], [ 77.646531041714496, 12.785838076180845 ], [ 77.64649719885027, 12.785862319303686 ], [ 77.646458260178875, 12.785865100666745 ], [ 77.646426602601608, 12.785865417596561 ], [ 77.646387615023997, 12.785863418591036 ], [ 77.646019725575684, 12.78585038059415 ], [ 77.645854134421469, 12.785852042763324 ], [ 77.645720372396028, 12.785870117439947 ], [ 77.64562567356171, 12.785897360792504 ], [ 77.645473153638093, 12.785984940557567 ], [ 77.645214131416992, 12.786135738334304 ], [ 77.64518013804252, 12.786145641171174 ], [ 77.645150791257976, 12.786133984437759 ], [ 77.645131010629868, 12.786105498717227 ], [ 77.6450039040608, 12.785885673236997 ], [ 77.64461100034211, 12.785283081878962 ], [ 77.644561642935756, 12.785220830569243 ], [ 77.644512784327318, 12.785206382802601 ], [ 77.644427521034274, 12.785204250558742 ], [ 77.644068579770675, 12.785231754448004 ], [ 77.643703487761343, 12.785253342569339 ], [ 77.643578933292233, 12.785278494170047 ], [ 77.643488111228564, 12.785327210841755 ], [ 77.64338529994285, 12.785393974131695 ], [ 77.643258664810304, 12.785511770664986 ], [ 77.643135229687701, 12.785644473906656 ], [ 77.642970173779119, 12.785873206231571 ], [ 77.642831392575118, 12.785994112006389 ], [ 77.642556068729576, 12.786158215560587 ], [ 77.642104563765642, 12.786359941395707 ], [ 77.641613806342761, 12.786592789592625 ], [ 77.640653968694167, 12.786872014120508 ], [ 77.640659347420979, 12.786902842552228 ], [ 77.640655247308359, 12.786976982582955 ], [ 77.640660639142723, 12.787027124979318 ], [ 77.640690483114511, 12.787086583230675 ], [ 77.640908859344592, 12.78747640207339 ], [ 77.641033131435648, 12.787716576211411 ], [ 77.641075474752938, 12.787806982965664 ], [ 77.641085614048933, 12.787845125590502 ], [ 77.641083401541948, 12.787866660761182 ], [ 77.641056913612516, 12.787895609588347 ], [ 77.64042427886946, 12.788186391971092 ], [ 77.640385563326561, 12.788210683286831 ], [ 77.640383575402851, 12.788253728319443 ], [ 77.640589529038522, 12.788854017339384 ], [ 77.640765888168843, 12.789418748757557 ], [ 77.640831765593219, 12.789664287938072 ], [ 77.641044405591288, 12.790204752815935 ], [ 77.641403056901495, 12.791435740625896 ], [ 77.641680787199661, 12.79236032471499 ], [ 77.641686334643538, 12.792356212767812 ], [ 77.641784250036039, 12.792287505723978 ], [ 77.641788114168563, 12.79228740193364 ], [ 77.641901789187301, 12.792284362242276 ], [ 77.641923421414987, 12.792262373071287 ], [ 77.641971859559675, 12.79224885472696 ], [ 77.642044993812604, 12.792230190424972 ], [ 77.642188902560008, 12.792174516330984 ], [ 77.642516955924904, 12.792033624821574 ], [ 77.64268991885686, 12.791951567633202 ], [ 77.64289164138853, 12.791844442170051 ], [ 77.643003016576159, 12.791830785619634 ], [ 77.643243177407456, 12.791775905355507 ], [ 77.643247678086283, 12.791774876389026 ], [ 77.64349816359983, 12.791796658890089 ], [ 77.64361899157538, 12.791796191022597 ], [ 77.64387166155818, 12.791787677902903 ], [ 77.643916836826733, 12.791726235253371 ], [ 77.644006531990627, 12.791604241862673 ], [ 77.64405428399391, 12.791539294305084 ], [ 77.644053003289969, 12.79132526628548 ], [ 77.644089690748217, 12.791230890900868 ], [ 77.644094209006951, 12.791219269241198 ], [ 77.644124352160915, 12.791141728658157 ], [ 77.64421115398585, 12.791218095705853 ], [ 77.644284329029063, 12.791282474777052 ], [ 77.644414249944177, 12.791719628236642 ], [ 77.644464012442569, 12.791827231940859 ], [ 77.645071347086713, 12.791626981771897 ] ] ] } },
{ "type": "Feature", "properties": { "KGISWardID": 559, "KGISWardCode": "2007011", "KGISWardName": "Someshwara Swamy Temple", "SHAPE.STArea()": 39602.366799989999, "SHAPE.STLength()": 819.26807139068455, "OBJECTID": 19129, "KGISWardNo": "11", "KGISTownCode": "2007", "LGD_WardCode": 1295902, "created_user": "SA", "created_date": 1634898537000, "last_edited_user": "SURESHBV1", "last_edited_date": 1692254035000, "_overlap_percent": 100.00000000000004, "_police_station": "Jigani PS", "_police_feature_index": "703", "_admin_layer": "Ward", "_geometry_clipped": true }, "geometry": { "type": "Polygon", "coordinates": [ [ [ 77.637469849125836, 12.786649089868183 ], [ 77.637386900209762, 12.786649370581639 ], [ 77.637084914447229, 12.786650480414856 ], [ 77.636890185626996, 12.786661033600769 ], [ 77.636850957211124, 12.786667162736917 ], [ 77.636812171915054, 12.786684760830138 ], [ 77.636645840811937, 12.786803071211269 ], [ 77.636522377768728, 12.786864295814944 ], [ 77.63651596825045, 12.786867474006673 ], [ 77.636368827103183, 12.786925752656506 ], [ 77.636379825370256, 12.78711964156199 ], [ 77.636390596648454, 12.787406370594457 ], [ 77.63640862660543, 12.787453994567015 ], [ 77.636521300908711, 12.787609671790092 ], [ 77.636586385057029, 12.787685510338106 ], [ 77.636612128684803, 12.787725409695286 ], [ 77.636636082704015, 12.787780625415207 ], [ 77.636707802552493, 12.788120285629713 ], [ 77.636745154553282, 12.788339818981116 ], [ 77.636760500079745, 12.788504118046411 ], [ 77.636800275552616, 12.788769520695714 ], [ 77.636810275288113, 12.788794279967638 ], [ 77.636826119585194, 12.788818980762031 ], [ 77.636876911146231, 12.788831857593674 ], [ 77.636978237008051, 12.788832756287185 ], [ 77.637106896750183, 12.788839118124407 ], [ 77.637171325937857, 12.788851859334807 ], [ 77.637233887015441, 12.788872268450339 ], [ 77.63730090035817, 12.788946173974567 ], [ 77.637459224957183, 12.789195453817388 ], [ 77.637668388913468, 12.7890045247348 ], [ 77.637843607717329, 12.788850747709928 ], [ 77.637959098028645, 12.788714779448744 ], [ 77.638051447544939, 12.788601989562377 ], [ 77.638220116683542, 12.788474093047922 ], [ 77.638502226663931, 12.788247537954328 ], [ 77.638502067686943, 12.788232242006728 ], [ 77.638492087708059, 12.788209395158249 ], [ 77.63832186201688, 12.787952947276235 ], [ 77.638199227441575, 12.787776337431065 ], [ 77.63816384143783, 12.787746095645236 ], [ 77.638124658738363, 12.787725452707964 ], [ 77.638091381107529, 12.787710488253307 ], [ 77.638069693186878, 12.7876858460339 ], [ 77.638065418730136, 12.787649557036648 ], [ 77.638066651937166, 12.787580702580577 ], [ 77.638038157894599, 12.787287819313134 ], [ 77.638023233702029, 12.787257852406164 ], [ 77.637998155626647, 12.787235155731487 ], [ 77.637934881446668, 12.787192763816002 ], [ 77.63787753843819, 12.787158917561094 ], [ 77.63783049921777, 12.787132138586395 ], [ 77.637803915809471, 12.787105154884404 ], [ 77.637787381069401, 12.787060861437391 ], [ 77.637779718313951, 12.787026517962635 ], [ 77.637766061141136, 12.78697789274279 ], [ 77.637746768964078, 12.786949402341317 ], [ 77.637724553615669, 12.786920941190834 ], [ 77.637675845204967, 12.786874099548514 ], [ 77.637631594246514, 12.786834386414581 ], [ 77.637600701543363, 12.786814617124312 ], [ 77.637573999015814, 12.786776161190843 ], [ 77.637576668019307, 12.786751753983037 ], [ 77.637582244374471, 12.786725883056986 ], [ 77.637580028858125, 12.786648716421375 ], [ 77.637469849125836, 12.786649089868183 ] ] ] } },
{ "type": "Feature", "properties": { "KGISWardID": 560, "KGISWardCode": "2007012", "KGISWardName": "Nityananda Swamy High School", "SHAPE.STArea()": 99910.586368379998, "SHAPE.STLength()": 1325.3973988896769, "OBJECTID": 19130, "KGISWardNo": "12", "KGISTownCode": "2007", "LGD_WardCode": 1295903, "created_user": "SA", "created_date": 1634898537000, "last_edited_user": "SURESHBV1", "last_edited_date": 1692254035000, "_overlap_percent": 99.999999999999986, "_police_station": "Jigani PS", "_police_feature_index": "703", "_admin_layer": "Ward", "_geometry_clipped": true }, "geometry": { "type": "Polygon", "coordinates": [ [ [ 77.634135206351871, 12.788842112437379 ], [ 77.634164239716142, 12.789292991289635 ], [ 77.634268878404839, 12.790344645588661 ], [ 77.634355168609872, 12.790315036181184 ], [ 77.634431029405491, 12.790302804373894 ], [ 77.634530387680925, 12.790301811038661 ], [ 77.634748824695095, 12.790322573901507 ], [ 77.634897166173374, 12.790347862551103 ], [ 77.634979228812568, 12.790369988800318 ], [ 77.635090416151883, 12.790382262907366 ], [ 77.635191682284514, 12.790377425167222 ], [ 77.635273229721861, 12.790349838679505 ], [ 77.635342987748345, 12.790312808300172 ], [ 77.635462902323482, 12.790227471035015 ], [ 77.635575004766082, 12.790140298424701 ], [ 77.635625121565084, 12.790088166860622 ], [ 77.635648123633104, 12.790051604056206 ], [ 77.6356810242943, 12.790030240719224 ], [ 77.635745294952358, 12.790027685349669 ], [ 77.636277584258323, 12.790107519603149 ], [ 77.636331386777357, 12.789997445637027 ], [ 77.636418081561516, 12.789902878594431 ], [ 77.636725482893496, 12.789672247646354 ], [ 77.637098982450013, 12.78942756818574 ], [ 77.637423750287567, 12.789227835861919 ], [ 77.637459224957183, 12.789195453817388 ], [ 77.63730090035817, 12.788946173974567 ], [ 77.637233887015441, 12.788872268450339 ], [ 77.637171325937857, 12.788851859334807 ], [ 77.637106896750183, 12.788839118124407 ], [ 77.636978237008051, 12.788832756287185 ], [ 77.636876911146231, 12.788831857593674 ], [ 77.636826119585194, 12.788818980762031 ], [ 77.636810275288113, 12.788794279967638 ], [ 77.636800275552616, 12.788769520695714 ], [ 77.636760500079745, 12.788504118046411 ], [ 77.636745154553282, 12.788339818981116 ], [ 77.636707802552493, 12.788120285629713 ], [ 77.636636082704015, 12.787780625415207 ], [ 77.636612128684803, 12.787725409695286 ], [ 77.636586385057029, 12.787685510338106 ], [ 77.636521300908711, 12.787609671790092 ], [ 77.63640862660543, 12.787453994567015 ], [ 77.636390596648454, 12.787406370594457 ], [ 77.636379825370256, 12.78711964156199 ], [ 77.636368827103183, 12.786925752656506 ], [ 77.63632774970948, 12.786942022105306 ], [ 77.636112236143433, 12.787014931445542 ], [ 77.636007936907248, 12.787035583230502 ], [ 77.635980018686254, 12.787041111292881 ], [ 77.635758045005701, 12.787054805427831 ], [ 77.635333262870816, 12.787051403665842 ], [ 77.63505582264078, 12.78704760420254 ], [ 77.634809318297158, 12.787056043679209 ], [ 77.634456458267181, 12.787083474320415 ], [ 77.634246729608265, 12.78711544925442 ], [ 77.633988761948629, 12.787192723807118 ], [ 77.633973808153399, 12.787197214172931 ], [ 77.634046294700738, 12.787587445148656 ], [ 77.634096205388872, 12.787890992808498 ], [ 77.634094476042506, 12.787912044389426 ], [ 77.634079147865208, 12.7879370569557 ], [ 77.634036565254661, 12.787964254444445 ], [ 77.634135206351871, 12.788842112437379 ] ] ] } },
{ "type": "Feature", "properties": { "KGISWardID": 551, "KGISWardCode": "2007003", "KGISWardName": "Maruthi Nagara Janatha Colony(B N S)", "SHAPE.STArea()": 719065.30285690504, "SHAPE.STLength()": 4658.4455014410059, "OBJECTID": 19121, "KGISWardNo": "3", "KGISTownCode": "2007", "LGD_WardCode": 1295894, "created_user": "SA", "created_date": 1634898537000, "last_edited_user": "SURESHBV1", "last_edited_date": 1692254035000, "_overlap_percent": 100.00000000000003, "_police_station": "Jigani PS", "_police_feature_index": "703", "_admin_layer": "Ward", "_geometry_clipped": true }, "geometry": { "type": "Polygon", "coordinates": [ [ [ 77.660445304462058, 12.797262559252694 ], [ 77.660387676564952, 12.797099995311477 ], [ 77.660022977732496, 12.796071198959044 ], [ 77.66000074012986, 12.796008432082697 ], [ 77.659954592654259, 12.795878181382776 ], [ 77.659934528279109, 12.795821547419827 ], [ 77.659706942043471, 12.795179176559209 ], [ 77.659337103763306, 12.794135286272526 ], [ 77.659304586055796, 12.794043500985019 ], [ 77.659298141543047, 12.794025312808746 ], [ 77.658914063998495, 12.792941215407698 ], [ 77.658902964005662, 12.792909793281609 ], [ 77.658871565119952, 12.792820909151949 ], [ 77.658643870650479, 12.792176346592205 ], [ 77.658504154955949, 12.791780835736388 ], [ 77.658159924206146, 12.790806368237341 ], [ 77.657849825954784, 12.789942158189499 ], [ 77.657328532540333, 12.788489356953361 ], [ 77.657323011437228, 12.788473964426316 ], [ 77.656711538545466, 12.78676980973052 ], [ 77.656677852544149, 12.786675929665485 ], [ 77.65667020821428, 12.786628801154091 ], [ 77.656416724071576, 12.785066119004952 ], [ 77.656360995143999, 12.784719799596068 ], [ 77.655644057598508, 12.785589336115365 ], [ 77.655141651341424, 12.786162084999836 ], [ 77.65444400835564, 12.78698777731555 ], [ 77.654386803554218, 12.787058765729787 ], [ 77.654116239631335, 12.787394525393541 ], [ 77.653656045081249, 12.787015358941748 ], [ 77.652972116318068, 12.786532238977323 ], [ 77.652898338822396, 12.786479456520182 ], [ 77.652239050186807, 12.786007781610337 ], [ 77.651478840430869, 12.785507496995692 ], [ 77.651185900008755, 12.785323636792214 ], [ 77.650712291547904, 12.786119280765757 ], [ 77.650480665315754, 12.786503778592017 ], [ 77.650037194585266, 12.787239934966582 ], [ 77.64962574835134, 12.787953981586202 ], [ 77.649557925104261, 12.788081960908547 ], [ 77.650936444302346, 12.788986145146183 ], [ 77.651931981831737, 12.789631062886325 ], [ 77.652658550038964, 12.790173511771709 ], [ 77.652904570132947, 12.790410061903561 ], [ 77.653234686972709, 12.790770058248867 ], [ 77.654038839454273, 12.791278256964741 ], [ 77.654254688415477, 12.791424279118097 ], [ 77.654489149583341, 12.791952555590457 ], [ 77.654644454783025, 12.791898404587059 ], [ 77.654783193185281, 12.792487086328588 ], [ 77.654541120702575, 12.792609815577249 ], [ 77.654381969246614, 12.792762005826097 ], [ 77.654290854879733, 12.792899169011955 ], [ 77.654304106785574, 12.79300181679943 ], [ 77.654362271813625, 12.793318829144704 ], [ 77.654381588946961, 12.793424111567303 ], [ 77.654457197753075, 12.794074696576775 ], [ 77.654669527026797, 12.794873296129012 ], [ 77.654712769092782, 12.794932616955744 ], [ 77.654792603014428, 12.794997545017486 ], [ 77.654872404787795, 12.795059484908808 ], [ 77.654940750403185, 12.795190260407734 ], [ 77.655247761935158, 12.796017782006606 ], [ 77.655509726986821, 12.796648421037471 ], [ 77.655560062786677, 12.796649409579814 ], [ 77.655666939816896, 12.796622040228764 ], [ 77.656232231439262, 12.796413168123214 ], [ 77.656275841029071, 12.796391215582602 ], [ 77.656314354552663, 12.796347802584615 ], [ 77.656321185343316, 12.796302318697279 ], [ 77.656323145294778, 12.796256883932033 ], [ 77.656344587676685, 12.796211252688369 ], [ 77.656671997419679, 12.796078876828755 ], [ 77.656764162303233, 12.796042092961056 ], [ 77.656829613592663, 12.796012749732199 ], [ 77.656856377225182, 12.796010090274294 ], [ 77.656880804624905, 12.796017014191433 ], [ 77.656945473372502, 12.796145435603457 ], [ 77.657174849897302, 12.796652247131531 ], [ 77.65754258524656, 12.797457340783978 ], [ 77.657831569152933, 12.798073978967505 ], [ 77.657937223901925, 12.798301898983127 ], [ 77.657948332705473, 12.798316128379248 ], [ 77.657987335404556, 12.798319320342136 ], [ 77.658431827688048, 12.798203687368852 ], [ 77.658542207626851, 12.798161938112766 ], [ 77.658693861869054, 12.798107821944825 ], [ 77.659139114950534, 12.797948676918216 ], [ 77.660109919214108, 12.797623359389574 ], [ 77.660522476015089, 12.797480253613646 ], [ 77.660445304462058, 12.797262559252694 ] ] ] } },
{ "type": "Feature", "properties": { "KGISWardID": 558, "KGISWardCode": "2007010", "KGISWardName": "Dharmarayaswamy Temple", "SHAPE.STArea()": 448243.85746048001, "SHAPE.STLength()": 3382.3542692873598, "OBJECTID": 19128, "KGISWardNo": "10", "KGISTownCode": "2007", "LGD_WardCode": 1295901, "created_user": "SA", "created_date": 1634898537000, "last_edited_user": "SURESHBV1", "last_edited_date": 1692254035000, "_overlap_percent": 99.999999999999972, "_police_station": "Jigani PS", "_police_feature_index": "703", "_admin_layer": "Ward", "_geometry_clipped": true }, "geometry": { "type": "Polygon", "coordinates": [ [ [ 77.637749209459216, 12.7944712097734 ], [ 77.637744119155343, 12.794418804799728 ], [ 77.637742453284588, 12.794401652060106 ], [ 77.637806602209153, 12.794381448071537 ], [ 77.637867039768295, 12.794363651795562 ], [ 77.637886554850766, 12.794357905796728 ], [ 77.637887040317338, 12.794357762712927 ], [ 77.637945486443314, 12.794340553707087 ], [ 77.637997934411075, 12.794325110403141 ], [ 77.638029987214409, 12.794315672158769 ], [ 77.638110497774989, 12.794291966138656 ], [ 77.638149884564498, 12.794278034927556 ], [ 77.638163874694897, 12.794273086846903 ], [ 77.638428262673727, 12.794179572592942 ], [ 77.638535101333702, 12.794153789616884 ], [ 77.638738653324467, 12.794074117630672 ], [ 77.638793573311801, 12.794052620935835 ], [ 77.638809152969912, 12.793841679128596 ], [ 77.638811345310089, 12.793811994432236 ], [ 77.638917997212999, 12.793761812865371 ], [ 77.63911155853566, 12.793670737559344 ], [ 77.639246875695477, 12.793607069830957 ], [ 77.639342896776853, 12.793562590374172 ], [ 77.639697453951996, 12.793381008441878 ], [ 77.639753499939076, 12.793366016636156 ], [ 77.640127624966865, 12.793265945673358 ], [ 77.640280267909148, 12.793242575932737 ], [ 77.640613674963404, 12.793015254571291 ], [ 77.640924614648412, 12.792826779952419 ], [ 77.640955917969791, 12.792807805253524 ], [ 77.641203937932332, 12.792655014440211 ], [ 77.641577400805161, 12.792436956217934 ], [ 77.641680787199661, 12.79236032471499 ], [ 77.641403056901495, 12.791435740625896 ], [ 77.641044405591288, 12.790204752815935 ], [ 77.640831765593219, 12.789664287938072 ], [ 77.640765888168843, 12.789418748757557 ], [ 77.640589529038522, 12.788854017339384 ], [ 77.640383575402851, 12.788253728319443 ], [ 77.640385563326561, 12.788210683286831 ], [ 77.64042427886946, 12.788186391971092 ], [ 77.641056913612516, 12.787895609588347 ], [ 77.641083401541948, 12.787866660761182 ], [ 77.641085614048933, 12.787845125590502 ], [ 77.641075474752938, 12.787806982965664 ], [ 77.641033131435648, 12.787716576211411 ], [ 77.640908859344592, 12.78747640207339 ], [ 77.640690483114511, 12.787086583230675 ], [ 77.640660639142723, 12.787027124979318 ], [ 77.640655247308359, 12.786976982582955 ], [ 77.640659347420979, 12.786902842552228 ], [ 77.640653968694167, 12.786872014120508 ], [ 77.640636038051014, 12.786769219869962 ], [ 77.640622634155406, 12.786727470956967 ], [ 77.640246857177218, 12.786878178422986 ], [ 77.639991905444191, 12.786952440685443 ], [ 77.6398518759718, 12.786976789924116 ], [ 77.639574440045934, 12.786996777590582 ], [ 77.639377555267487, 12.78698843582206 ], [ 77.63927328314027, 12.786984017902169 ], [ 77.639068427310988, 12.786957385664657 ], [ 77.638858829937945, 12.78689638059584 ], [ 77.638748753164975, 12.786850155387203 ], [ 77.638466175265776, 12.786656502071727 ], [ 77.638349866693446, 12.78657304964578 ], [ 77.638264599895251, 12.78652370660536 ], [ 77.638082702297311, 12.786449320414874 ], [ 77.638057808439157, 12.786479161860623 ], [ 77.638001543239739, 12.786530341576679 ], [ 77.637984928034868, 12.786545455787838 ], [ 77.637952858431248, 12.786574628241576 ], [ 77.637860888808746, 12.786630375183162 ], [ 77.637784354835517, 12.786648023240144 ], [ 77.637580028858125, 12.786648716421375 ], [ 77.637582244374471, 12.786725883056986 ], [ 77.637576668019307, 12.786751753983037 ], [ 77.637573999015814, 12.786776161190843 ], [ 77.637600701543363, 12.786814617124312 ], [ 77.637631594246514, 12.786834386414581 ], [ 77.637675845204967, 12.786874099548514 ], [ 77.637724553615669, 12.786920941190834 ], [ 77.637746768964078, 12.786949402341317 ], [ 77.637766061141136, 12.78697789274279 ], [ 77.637779718313951, 12.787026517962635 ], [ 77.637787381069401, 12.787060861437391 ], [ 77.637803915809471, 12.787105154884404 ], [ 77.63783049921777, 12.787132138586395 ], [ 77.63787753843819, 12.787158917561094 ], [ 77.637934881446668, 12.787192763816002 ], [ 77.637998155626647, 12.787235155731487 ], [ 77.638023233702029, 12.787257852406164 ], [ 77.638038157894599, 12.787287819313134 ], [ 77.638066651937166, 12.787580702580577 ], [ 77.638065418730136, 12.787649557036648 ], [ 77.638069693186878, 12.7876858460339 ], [ 77.638091381107529, 12.787710488253307 ], [ 77.638124658738363, 12.787725452707964 ], [ 77.63816384143783, 12.787746095645236 ], [ 77.638199227441575, 12.787776337431065 ], [ 77.63832186201688, 12.787952947276235 ], [ 77.638492087708059, 12.788209395158249 ], [ 77.638502067686943, 12.788232242006728 ], [ 77.638502226663931, 12.788247537954328 ], [ 77.638220116683542, 12.788474093047922 ], [ 77.638051447544939, 12.788601989562377 ], [ 77.637959098028645, 12.788714779448744 ], [ 77.637843607717329, 12.788850747709928 ], [ 77.637668388913468, 12.7890045247348 ], [ 77.637459224957183, 12.789195453817388 ], [ 77.637423750287567, 12.789227835861919 ], [ 77.637098982450013, 12.78942756818574 ], [ 77.636725482893496, 12.789672247646354 ], [ 77.636418081561516, 12.789902878594431 ], [ 77.636331386777357, 12.789997445637027 ], [ 77.636277584258323, 12.790107519603149 ], [ 77.636270334700242, 12.790122352158225 ], [ 77.636177494929967, 12.790375695690644 ], [ 77.635954258360911, 12.791018529426491 ], [ 77.635841953109932, 12.791461378780305 ], [ 77.635695733116407, 12.791828078668901 ], [ 77.635583707880215, 12.792110299418908 ], [ 77.635518200410814, 12.792369106238954 ], [ 77.635483925139738, 12.792633337350333 ], [ 77.635478472584694, 12.793046435282145 ], [ 77.635496039903629, 12.793612282217445 ], [ 77.635491842051422, 12.79395843879583 ], [ 77.635471303171641, 12.794232094273426 ], [ 77.635438279612174, 12.79442938500754 ], [ 77.635390207596302, 12.79467845660016 ], [ 77.635299053265513, 12.795094324434752 ], [ 77.635259508262592, 12.795414063685143 ], [ 77.635265748819123, 12.795639645133878 ], [ 77.635312364104223, 12.79600059183127 ], [ 77.635386533987372, 12.796200634280812 ], [ 77.635471738945299, 12.796337462571516 ], [ 77.635637140587633, 12.796504085282539 ], [ 77.635847311182744, 12.796666433861763 ], [ 77.636084580251563, 12.796811301822956 ], [ 77.636338632813832, 12.796943253412406 ], [ 77.636627680371319, 12.797055093957583 ], [ 77.63672441683741, 12.797082809023305 ], [ 77.636887060223245, 12.797086948163571 ], [ 77.637226480155292, 12.796922056946652 ], [ 77.637661693113401, 12.796722086780878 ], [ 77.63799229666995, 12.796570182010885 ], [ 77.637986024394891, 12.796530097941842 ], [ 77.637984822390081, 12.796522415589171 ], [ 77.637982582124465, 12.796508102626497 ], [ 77.637972745347341, 12.796445244817106 ], [ 77.637966729451549, 12.796406798781341 ], [ 77.637821038930653, 12.796370336984955 ], [ 77.637807099032244, 12.79636684756627 ], [ 77.637805489224462, 12.796335082423775 ], [ 77.637800963061878, 12.796245757343664 ], [ 77.637798949011852, 12.796206010956592 ], [ 77.637795183669994, 12.795949927571828 ], [ 77.637943243423791, 12.795752758656722 ], [ 77.637935206291417, 12.795701847651189 ], [ 77.637932115015815, 12.795682266356662 ], [ 77.637921232428226, 12.795611245804949 ], [ 77.637885740041938, 12.795379653754566 ], [ 77.637790257209844, 12.794756591667593 ], [ 77.637781562168414, 12.794699852067383 ], [ 77.637757945914771, 12.794545748967396 ], [ 77.637757904439781, 12.79454547835792 ], [ 77.637753860563436, 12.794519087609864 ], [ 77.637753388450236, 12.794514228345822 ], [ 77.637750128956085, 12.794480674689316 ], [ 77.637749209459216, 12.7944712097734 ] ] ] } },
{ "type": "Feature", "properties": { "KGISWardID": 561, "KGISWardCode": "2007013", "KGISWardName": "Yellumandamma Temple", "SHAPE.STArea()": 600169.299082955, "SHAPE.STLength()": 4680.1272691031381, "OBJECTID": 19131, "KGISWardNo": "13", "KGISTownCode": "2007", "LGD_WardCode": 1295904, "created_user": "SA", "created_date": 1634898537000, "last_edited_user": "SURESHBV1", "last_edited_date": 1692254035000, "_overlap_percent": 100.00000049479831, "_police_station": "Jigani PS", "_police_feature_index": "703", "_admin_layer": "Ward", "_geometry_clipped": true }, "geometry": { "type": "Polygon", "coordinates": [ [ [ 77.636415213621802, 12.797316173430962 ], [ 77.636622439917574, 12.797215501947621 ], [ 77.636887060223245, 12.797086948163571 ], [ 77.63672441683741, 12.797082809023305 ], [ 77.636627680371319, 12.797055093957583 ], [ 77.636338632813832, 12.796943253412406 ], [ 77.636084580251563, 12.796811301822956 ], [ 77.635847311182744, 12.796666433861763 ], [ 77.635637140587633, 12.796504085282539 ], [ 77.635471738945299, 12.796337462571516 ], [ 77.635386533987372, 12.796200634280812 ], [ 77.635312364104223, 12.79600059183127 ], [ 77.635265748819123, 12.795639645133878 ], [ 77.635259508262592, 12.795414063685143 ], [ 77.635299053265513, 12.795094324434752 ], [ 77.635390207596302, 12.79467845660016 ], [ 77.635438279612174, 12.79442938500754 ], [ 77.635471303171641, 12.794232094273426 ], [ 77.635491842051422, 12.79395843879583 ], [ 77.635496039903629, 12.793612282217445 ], [ 77.635478472584694, 12.793046435282145 ], [ 77.635483925139738, 12.792633337350333 ], [ 77.635518200410814, 12.792369106238954 ], [ 77.635583707880215, 12.792110299418908 ], [ 77.635695733116407, 12.791828078668901 ], [ 77.635841953109932, 12.791461378780305 ], [ 77.635954258360911, 12.791018529426491 ], [ 77.636177494929967, 12.790375695690644 ], [ 77.636270334700242, 12.790122352158225 ], [ 77.636277584258323, 12.790107519603149 ], [ 77.635745294952358, 12.790027685349669 ], [ 77.6356810242943, 12.790030240719224 ], [ 77.635648123633104, 12.790051604056206 ], [ 77.635625121565084, 12.790088166860622 ], [ 77.635575004766082, 12.790140298424701 ], [ 77.635462902323482, 12.790227471035015 ], [ 77.635342987748345, 12.790312808300172 ], [ 77.635273229721861, 12.790349838679505 ], [ 77.635191682284514, 12.790377425167222 ], [ 77.635090416151883, 12.790382262907366 ], [ 77.634979228812568, 12.790369988800318 ], [ 77.634897166173374, 12.790347862551103 ], [ 77.634748824695095, 12.790322573901507 ], [ 77.634530387680925, 12.790301811038661 ], [ 77.634431029405491, 12.790302804373894 ], [ 77.634355168609872, 12.790315036181184 ], [ 77.634268878404839, 12.790344645588661 ], [ 77.634164239716142, 12.789292991289635 ], [ 77.634135206351871, 12.788842112437379 ], [ 77.634036565254661, 12.787964254444445 ], [ 77.634079147865208, 12.7879370569557 ], [ 77.634094476042506, 12.787912044389426 ], [ 77.634096205388872, 12.787890992808498 ], [ 77.634046294700738, 12.787587445148656 ], [ 77.633973808153399, 12.787197214172931 ], [ 77.633725331546913, 12.787271830649843 ], [ 77.63327859642601, 12.787405983689332 ], [ 77.632913842273467, 12.787511141268785 ], [ 77.632698856808489, 12.78757311955488 ], [ 77.631882796753544, 12.78785017994894 ], [ 77.631400496589023, 12.788019328770877 ], [ 77.630596825708281, 12.788317176186995 ], [ 77.630041200400669, 12.788502721843097 ], [ 77.629905101858967, 12.788548170558666 ], [ 77.629831890077327, 12.788574152650682 ], [ 77.628878549459856, 12.788912477030147 ], [ 77.628876376113752, 12.788979315805765 ], [ 77.628871634320305, 12.789125150131611 ], [ 77.628931342094731, 12.789250753541317 ], [ 77.628955249907079, 12.78930277509923 ], [ 77.628959592979172, 12.789312225129116 ], [ 77.629009694018876, 12.789421241292317 ], [ 77.629076743128394, 12.789567134989413 ], [ 77.629097623949093, 12.789933740347184 ], [ 77.629114797780645, 12.790108007118725 ], [ 77.629136696647194, 12.790328486454879 ], [ 77.629150024499538, 12.7905930217385 ], [ 77.629238150819006, 12.79074189905427 ], [ 77.629243434371062, 12.790803728916883 ], [ 77.629173274444284, 12.790790359070531 ], [ 77.629182917664394, 12.790942841754573 ], [ 77.629196972568266, 12.791164955913084 ], [ 77.629205394168409, 12.791298050699085 ], [ 77.629208816252302, 12.791352217338947 ], [ 77.629305509921423, 12.791356770588305 ], [ 77.630005354382433, 12.791390596431325 ], [ 77.630410687711233, 12.79141203858376 ], [ 77.630415947549608, 12.79137917924816 ], [ 77.630417694804919, 12.7913682646168 ], [ 77.630440343061181, 12.791226778850291 ], [ 77.630455541294182, 12.791131356876672 ], [ 77.630470187403844, 12.791039949797481 ], [ 77.630502596237037, 12.790951615905069 ], [ 77.630520531365562, 12.790692081889587 ], [ 77.630502297157321, 12.790510107158616 ], [ 77.63050727299256, 12.789905453873201 ], [ 77.630480090553462, 12.789854125418506 ], [ 77.630480090765502, 12.789854124933257 ], [ 77.630480090544097, 12.78985412451518 ], [ 77.630503109595736, 12.789801445731829 ], [ 77.630446070847839, 12.789602780946041 ], [ 77.630278575813009, 12.78915267264837 ], [ 77.630166263514013, 12.788807548364632 ], [ 77.630287516093745, 12.788704250739661 ], [ 77.63029202460973, 12.788700420408167 ], [ 77.630291256546386, 12.788693366934055 ], [ 77.630408927865034, 12.788617036899725 ], [ 77.630387287114758, 12.788511167765668 ], [ 77.630757591918453, 12.788401541010622 ], [ 77.630757848136369, 12.788559591931568 ], [ 77.630756264609488, 12.789060439858654 ], [ 77.630843342169413, 12.789613921314817 ], [ 77.630953851586085, 12.78992821575809 ], [ 77.630995998399627, 12.790281356754626 ], [ 77.631047884863051, 12.790637737703436 ], [ 77.631068772732775, 12.79078120643417 ], [ 77.631083706376202, 12.790970277845586 ], [ 77.631053093039426, 12.791272817434352 ], [ 77.631049831895481, 12.791303474145966 ], [ 77.631094087702635, 12.791296140044363 ], [ 77.630879876269574, 12.791447359599557 ], [ 77.630624764442587, 12.791627452352026 ], [ 77.630191105929185, 12.791959455088 ], [ 77.630174264969114, 12.791971698326629 ], [ 77.629974530454561, 12.792116900590438 ], [ 77.629800750198243, 12.792243235019713 ], [ 77.629570560144714, 12.792410577634447 ], [ 77.629101102212459, 12.792775596856714 ], [ 77.628981697110277, 12.792868622085003 ], [ 77.62910200756744, 12.793493903830456 ], [ 77.629108632902657, 12.793531252921944 ], [ 77.629178004549175, 12.793922331717855 ], [ 77.629199024387972, 12.794040829649274 ], [ 77.629212981760958, 12.79411951255269 ], [ 77.629217539428666, 12.79414453171789 ], [ 77.629323297963992, 12.794725069907861 ], [ 77.62943488040861, 12.795330421125794 ], [ 77.629555835432001, 12.795942685546013 ], [ 77.629606823008118, 12.796120346557172 ], [ 77.629633339597831, 12.796212424127418 ], [ 77.630577891461016, 12.796251271404516 ], [ 77.630635583305505, 12.796256014569517 ], [ 77.630670517805399, 12.796258887041686 ], [ 77.631568446057983, 12.796332713724816 ], [ 77.63175253716345, 12.796347848592486 ], [ 77.631988690055181, 12.796368247548045 ], [ 77.632303668726507, 12.796395454293634 ], [ 77.632405012592201, 12.796423846873163 ], [ 77.635743178666374, 12.797495392665063 ], [ 77.635952550731488, 12.797540933552918 ], [ 77.636415213621802, 12.797316173430962 ] ] ] } },
{ "type": "Feature", "properties": { "KGISWardID": 552, "KGISWardCode": "2007004", "KGISWardName": "Bandenallasandra", "SHAPE.STArea()": 977088.97491752496, "SHAPE.STLength()": 4155.083398331476, "OBJECTID": 19122, "KGISWardNo": "4", "KGISTownCode": "2007", "LGD_WardCode": 1295895, "created_user": "SA", "created_date": 1634898537000, "last_edited_user": "SURESHBV1", "last_edited_date": 1692254035000, "_overlap_percent": 100.00000000000004, "_police_station": "Jigani PS", "_police_feature_index": "703", "_admin_layer": "Ward", "_geometry_clipped": true }, "geometry": { "type": "Polygon", "coordinates": [ [ [ 77.655247761935158, 12.796017782006606 ], [ 77.654940750403185, 12.795190260407734 ], [ 77.654872404787795, 12.795059484908808 ], [ 77.654792603014428, 12.794997545017486 ], [ 77.654712769092782, 12.794932616955744 ], [ 77.654669527026797, 12.794873296129012 ], [ 77.654457197753075, 12.794074696576775 ], [ 77.654381588946961, 12.793424111567303 ], [ 77.654362271813625, 12.793318829144704 ], [ 77.654304106785574, 12.79300181679943 ], [ 77.654290854879733, 12.792899169011955 ], [ 77.654381969246614, 12.792762005826097 ], [ 77.654541120702575, 12.792609815577249 ], [ 77.654783193185281, 12.792487086328588 ], [ 77.654644454783025, 12.791898404587059 ], [ 77.654489149583341, 12.791952555590457 ], [ 77.654254688415477, 12.791424279118097 ], [ 77.654038839454273, 12.791278256964741 ], [ 77.653234686972709, 12.790770058248867 ], [ 77.652904570132947, 12.790410061903561 ], [ 77.652658550038964, 12.790173511771709 ], [ 77.651931981831737, 12.789631062886325 ], [ 77.650936444302346, 12.788986145146183 ], [ 77.649557925104261, 12.788081960908547 ], [ 77.648954599557925, 12.789220403362988 ], [ 77.648360972141646, 12.789747449765615 ], [ 77.647992093185465, 12.789990184361114 ], [ 77.647422743844118, 12.790276762375855 ], [ 77.647052119183073, 12.790352193829813 ], [ 77.646724545860778, 12.790469022994728 ], [ 77.646639749115124, 12.790511704395575 ], [ 77.646597786854926, 12.790574870410859 ], [ 77.646574089040016, 12.790637852980854 ], [ 77.646547315375429, 12.790697878865553 ], [ 77.646508614908385, 12.790781927871572 ], [ 77.646481498548511, 12.790809090224517 ], [ 77.646424316429929, 12.790872409991552 ], [ 77.646261557649211, 12.791029412212513 ], [ 77.645983342072171, 12.791208489559757 ], [ 77.645071347086713, 12.791626981771897 ], [ 77.644464012442569, 12.791827231940859 ], [ 77.644435940109872, 12.791853850849067 ], [ 77.644455267418053, 12.792020144793778 ], [ 77.644478726790808, 12.792031304069425 ], [ 77.644486243159946, 12.792034880218973 ], [ 77.644491463440019, 12.792037362796982 ], [ 77.644588234771604, 12.792083429431308 ], [ 77.644596326602951, 12.792087284375715 ], [ 77.644601390817471, 12.792236882760854 ], [ 77.64460150089964, 12.792240026431434 ], [ 77.64461493180093, 12.792606671270009 ], [ 77.644622470185325, 12.792731426290661 ], [ 77.644636523165019, 12.792963512566898 ], [ 77.644650130383098, 12.793188238699051 ], [ 77.644667784984719, 12.793350416253984 ], [ 77.644758394141803, 12.79357515984708 ], [ 77.64487136908312, 12.793861803716549 ], [ 77.645123241360622, 12.794500855761598 ], [ 77.645032587253837, 12.794519658063306 ], [ 77.644991288653529, 12.794535754137289 ], [ 77.644425520026758, 12.794756261800938 ], [ 77.644121543383875, 12.794832895092982 ], [ 77.644059068433094, 12.794848661549345 ], [ 77.643986006827816, 12.794867098133063 ], [ 77.643955289092872, 12.794949063127174 ], [ 77.643950827144977, 12.79496096880492 ], [ 77.64390561283949, 12.794972503862295 ], [ 77.643785650617559, 12.795003107598667 ], [ 77.643790779773923, 12.795019277785066 ], [ 77.643808876983016, 12.79507633181537 ], [ 77.644013329276476, 12.795720887680957 ], [ 77.644198905961716, 12.796305933417004 ], [ 77.644482318545883, 12.797199405002928 ], [ 77.644500117624588, 12.797256343566955 ], [ 77.644558679128465, 12.797513963153582 ], [ 77.644572555429434, 12.797575006444065 ], [ 77.644586304385669, 12.79763548908927 ], [ 77.644616843169445, 12.79777467635857 ], [ 77.644626142449866, 12.79781389130479 ], [ 77.644747588779211, 12.798353814118958 ], [ 77.644804250017245, 12.79862281301776 ], [ 77.6448373461388, 12.798630526415634 ], [ 77.644908452113285, 12.798647095447082 ], [ 77.645568856813014, 12.79879588205417 ], [ 77.64569837687948, 12.798823660760531 ], [ 77.646127783399919, 12.798917192076065 ], [ 77.646341002282526, 12.798964257390367 ], [ 77.646366303299899, 12.798969841880041 ], [ 77.64717488837691, 12.798748437341299 ], [ 77.647373823056299, 12.79868840799246 ], [ 77.647837304871302, 12.798548549589833 ], [ 77.647912624813515, 12.79853106025134 ], [ 77.64797604283811, 12.79853998428246 ], [ 77.64801302105738, 12.798582637320331 ], [ 77.648052360809302, 12.798618095345143 ], [ 77.648098631753612, 12.798617630078644 ], [ 77.648749821345277, 12.79847005566338 ], [ 77.649284266189397, 12.798337995812023 ], [ 77.649446832268566, 12.798278993092552 ], [ 77.649475931035056, 12.798266749166606 ], [ 77.649475556578807, 12.798230899381499 ], [ 77.649452715694622, 12.798142689137896 ], [ 77.649457286112209, 12.798113959954986 ], [ 77.64947882978565, 12.798077888765652 ], [ 77.649821408104629, 12.797997953310789 ], [ 77.6498651925627, 12.797992731938406 ], [ 77.649918844578423, 12.79799936335754 ], [ 77.649943797376366, 12.798056478673226 ], [ 77.649968649396726, 12.798104034235095 ], [ 77.650000433241175, 12.798115665601005 ], [ 77.650374295714158, 12.797999561128828 ], [ 77.651114738899366, 12.797769813586537 ], [ 77.651359954571689, 12.797695637171767 ], [ 77.651476298845012, 12.797641878596558 ], [ 77.651648430624306, 12.797566048200389 ], [ 77.651808809799135, 12.797530968555773 ], [ 77.651962158384435, 12.797522255063079 ], [ 77.652575525547988, 12.797485004657087 ], [ 77.653125227366544, 12.797414930248429 ], [ 77.65334129244161, 12.797348217034644 ], [ 77.653653595074005, 12.797168191079544 ], [ 77.653812773369324, 12.797018390855264 ], [ 77.653914504955438, 12.796964778586869 ], [ 77.654818128569957, 12.796735768785098 ], [ 77.655272399984995, 12.796623628442386 ], [ 77.65534789445087, 12.796622865552488 ], [ 77.655406515166305, 12.796639007415241 ], [ 77.655479673368703, 12.796647830572303 ], [ 77.655509726986821, 12.796648421037471 ], [ 77.655247761935158, 12.796017782006606 ] ] ] } },
{ "type": "Feature", "properties": { "KGISWardID": 550, "KGISWardCode": "2007002", "KGISWardName": "Srirampura", "SHAPE.STArea()": 868206.045052225, "SHAPE.STLength()": 3956.3666539667702, "OBJECTID": 19120, "KGISWardNo": "2", "KGISTownCode": "2007", "LGD_WardCode": 1295893, "created_user": "SA", "created_date": 1634898537000, "last_edited_user": "SURESHBV1", "last_edited_date": 1692254035000, "_overlap_percent": 99.667146690059297, "_police_station": "Jigani PS", "_police_feature_index": "703", "_admin_layer": "Ward", "_geometry_clipped": true }, "geometry": { "type": "Polygon", "coordinates": [ [ [ 77.668857957166395, 12.798405550418133 ], [ 77.668515956551417, 12.798394437083779 ], [ 77.668389762739238, 12.798390336034199 ], [ 77.667554120382292, 12.79831845459335 ], [ 77.666788468932793, 12.798252591074039 ], [ 77.66660622598603, 12.798232732328131 ], [ 77.666495686607234, 12.798220687269323 ], [ 77.66616099687954, 12.798184216118527 ], [ 77.666021282220512, 12.798168177786932 ], [ 77.66520970534701, 12.798072168202168 ], [ 77.664425996782299, 12.797979453314161 ], [ 77.664001854996016, 12.797929275406041 ], [ 77.663444725258458, 12.797897025433864 ], [ 77.662884731780863, 12.797864606266893 ], [ 77.662779733143267, 12.797858624086462 ], [ 77.661897119801537, 12.797805619227182 ], [ 77.661888168450929, 12.797805067383116 ], [ 77.66179677682014, 12.79779943510742 ], [ 77.661322279765841, 12.797770192035237 ], [ 77.661342201152934, 12.797853330293092 ], [ 77.661018163681206, 12.797851089282108 ], [ 77.66065343456286, 12.797848566956782 ], [ 77.660974168819877, 12.798683657659357 ], [ 77.661097394222438, 12.799046437215297 ], [ 77.661113826111716, 12.799041450144598 ], [ 77.663011724191094, 12.805343541114514 ], [ 77.663930144411509, 12.805139103938121 ], [ 77.664435770360328, 12.805091828381936 ], [ 77.66449144689318, 12.805086618630463 ], [ 77.665018723310041, 12.805037136263088 ], [ 77.665346894625543, 12.805021135238773 ], [ 77.665450209135599, 12.805023385586525 ], [ 77.665463111821126, 12.805020885877331 ], [ 77.665633579517433, 12.804987848261719 ], [ 77.665664080938797, 12.804981924768924 ], [ 77.666858679173004, 12.804747485233037 ], [ 77.667005501706001, 12.804713334517187 ], [ 77.667565883845, 12.804571113446833 ], [ 77.667700348184042, 12.804536987336252 ], [ 77.66938853601981, 12.804108529011978 ], [ 77.669842756369505, 12.803979969760046 ], [ 77.670511060756994, 12.803818858807794 ], [ 77.671357700876186, 12.803637824576569 ], [ 77.671589512290652, 12.803602449539547 ], [ 77.67229326201425, 12.803496067217251 ], [ 77.673259955089449, 12.803261109255377 ], [ 77.674340629805371, 12.802969166966777 ], [ 77.674331745159506, 12.802741923344717 ], [ 77.674326598090531, 12.802610268419505 ], [ 77.674254731045835, 12.802398617477245 ], [ 77.674007681746502, 12.801702082490685 ], [ 77.673960223523338, 12.801572895277141 ], [ 77.673903981071305, 12.801419797542152 ], [ 77.673889411626973, 12.8013801386687 ], [ 77.673748966241135, 12.800997831242137 ], [ 77.673447989677754, 12.800292606454681 ], [ 77.673447819210409, 12.800292229569425 ], [ 77.67330591404172, 12.799979226727315 ], [ 77.672826611746146, 12.79896786980316 ], [ 77.672807450941633, 12.798911754925179 ], [ 77.672205767197738, 12.798817321555008 ], [ 77.672096888625049, 12.798800234719367 ], [ 77.671563492133529, 12.798719418435056 ], [ 77.671416424820237, 12.798699754675905 ], [ 77.671241619328271, 12.798676380095284 ], [ 77.670865633563096, 12.79862610380558 ], [ 77.670518522589759, 12.798579687949081 ], [ 77.670482634676418, 12.798575759846075 ], [ 77.670481313272759, 12.79857562779925 ], [ 77.670117607982874, 12.798535129763106 ], [ 77.670057837434172, 12.798528931405619 ], [ 77.669317051364473, 12.798449985256488 ], [ 77.669273332332878, 12.798445326011437 ], [ 77.66900329559337, 12.79841654705948 ], [ 77.66891965799482, 12.798407634407992 ], [ 77.668861251927609, 12.798405661571771 ], [ 77.668857957166395, 12.798405550418133 ] ] ] } }
]
}
