{
"type": "FeatureCollection",
"name": "hoblis_in_police_area.writing_20260805_172659",
"crs": { "type": "name", "properties": { "name": "urn:ogc:def:crs:OGC:1.3:CRS84" } },
"features": [
{ "type": "Feature", "properties": { "OBJECTID": 270, "KGISHobliID": 42, "KGISHobliCode": "140402", "KGISHobliName": "Anagodu", "BhuCodeHobli": null, "SHAPE.STArea()": 347931510.42828137, "SHAPE.STLength()": 107262.87388776142, "KGISTalukCode": "1404", "created_user": null, "created_date": null, "last_edited_user": "SA", "last_edited_date": 1636954717000.0, "_overlap_percent": 0.014824870602876114, "_police_station": "Bilichodu PS", "_police_feature_index": "208", "_admin_layer": "Hobli", "_geometry_clipped": true }, "geometry": { "type": "MultiPolygon", "coordinates": [ [ [ [ 76.134253677975877, 14.427875836066292 ], [ 76.136673309425248, 14.426113406119224 ], [ 76.136691731499312, 14.426087686655141 ], [ 76.134245271267844, 14.427880530555438 ], [ 76.134253677975877, 14.427875836066292 ] ] ], [ [ [ 76.129717145532183, 14.43302342678315 ], [ 76.129592010108013, 14.430482860213132 ], [ 76.129528630147789, 14.430518290319977 ], [ 76.129663063764866, 14.433065664969449 ], [ 76.129717145532183, 14.43302342678315 ] ] ], [ [ [ 76.123363147032009, 14.449615855381552 ], [ 76.123496551921619, 14.449056807966931 ], [ 76.123464082642641, 14.448913147949829 ], [ 76.123623738315743, 14.448264687787518 ], [ 76.123704282218753, 14.447596634299391 ], [ 76.123755083184264, 14.443000109778394 ], [ 76.123776528873364, 14.442970404719384 ], [ 76.124193947591607, 14.442393787389321 ], [ 76.125671963330902, 14.440103210228168 ], [ 76.125773199681532, 14.439664368346882 ], [ 76.126040273721728, 14.438366684443377 ], [ 76.126479101815562, 14.436145469405945 ], [ 76.126619780523043, 14.435449770014689 ], [ 76.126470029039382, 14.435566824350616 ], [ 76.126307129637311, 14.43629097905772 ], [ 76.12579084165246, 14.438586058204061 ], [ 76.125494125532796, 14.43990504366424 ], [ 76.125396993075739, 14.440336815474245 ], [ 76.123943977959115, 14.442552032756657 ], [ 76.123536449705497, 14.443098678817574 ], [ 76.123515556767003, 14.443126703374343 ], [ 76.123443489697607, 14.44751757532792 ], [ 76.12334034509523, 14.448150720506508 ], [ 76.123217011764865, 14.44887604100963 ], [ 76.12325748961473, 14.449039675923723 ], [ 76.123153183652335, 14.449666368295365 ], [ 76.12306482785128, 14.450397107862528 ], [ 76.123363147032009, 14.449615855381552 ] ] ], [ [ [ 76.122659009579976, 14.453014281033745 ], [ 76.122792183784398, 14.452160989779948 ], [ 76.122792255437503, 14.452160538673935 ], [ 76.122780354286505, 14.452235000720627 ], [ 76.122649846829404, 14.453054406812825 ], [ 76.122628796264038, 14.453366975081652 ], [ 76.122659009579976, 14.453014281033745 ] ] ], [ [ [ 76.123302793737707, 14.465922964892304 ], [ 76.121565141014642, 14.461901953737378 ], [ 76.121580876002085, 14.461793735411169 ], [ 76.121584812520155, 14.461766586346984 ], [ 76.121609916652787, 14.461592731873781 ], [ 76.121631000735874, 14.46144565350397 ], [ 76.121637370613968, 14.461361477119899 ], [ 76.121611371245834, 14.461534472206109 ], [ 76.121589228026792, 14.461681805127888 ], [ 76.121563042163842, 14.46185603449393 ], [ 76.121558951969163, 14.46188324937887 ], [ 76.121542645958954, 14.461991747052126 ], [ 76.12329652207778, 14.465979055285107 ], [ 76.124477511209577, 14.46725554218725 ], [ 76.123302793737707, 14.465922964892304 ] ] ], [ [ [ 76.131393220023014, 14.483314461279337 ], [ 76.129504894475929, 14.482365242516165 ], [ 76.128544804745715, 14.481770836861992 ], [ 76.127752544701039, 14.481367904730226 ], [ 76.127327298485639, 14.481162721586124 ], [ 76.127229765621408, 14.481115757256498 ], [ 76.127341687228849, 14.481171775859195 ], [ 76.127766506244598, 14.48138440192257 ], [ 76.128557180333857, 14.481799548444412 ], [ 76.129512539635982, 14.482404838424062 ], [ 76.131355571659839, 14.483340138675857 ], [ 76.131393220023014, 14.483314461279337 ] ] ], [ [ [ 76.131523589776634, 14.483489271937856 ], [ 76.131330690796617, 14.483393011951033 ], [ 76.131292579645475, 14.483419532976988 ], [ 76.131506973630664, 14.483525959527084 ], [ 76.131523589776634, 14.483489271937856 ] ] ], [ [ [ 76.134785750880397, 14.485321766869582 ], [ 76.134319097626317, 14.485209004184613 ], [ 76.133449779282046, 14.484800164705803 ], [ 76.132178464044785, 14.484161686699959 ], [ 76.13216541544277, 14.484154425272685 ], [ 76.131418651927987, 14.483739449513479 ], [ 76.131401445663329, 14.483777612737983 ], [ 76.132147886758489, 14.484192776333879 ], [ 76.132160859048966, 14.484199992025129 ], [ 76.133440270052375, 14.484850407365972 ], [ 76.134343470593734, 14.485309563114635 ], [ 76.134653474097618, 14.485381821292911 ], [ 76.134785750880397, 14.485321766869582 ] ] ], [ [ [ 76.13741278612369, 14.501665102539443 ], [ 76.137412784923256, 14.501665095713166 ], [ 76.137412788350247, 14.501665118055449 ], [ 76.13741278612369, 14.501665102539443 ] ] ], [ [ [ 76.137633758498538, 14.510801780159834 ], [ 76.137781785117454, 14.51053226326683 ], [ 76.137743721069356, 14.510124515913899 ], [ 76.137981473097213, 14.509539865641623 ], [ 76.138283899675884, 14.509166317374506 ], [ 76.13854564371961, 14.508724945234418 ], [ 76.138492677869294, 14.508356151514919 ], [ 76.138457678710381, 14.508113399991707 ], [ 76.138297975813444, 14.507269497382422 ], [ 76.138265357612653, 14.507048979974561 ], [ 76.13824360202274, 14.506902278786031 ], [ 76.138074403658152, 14.505917516508001 ], [ 76.138010828980327, 14.505552540007196 ], [ 76.137993354059176, 14.505453592834138 ], [ 76.137858685949055, 14.504698398347063 ], [ 76.137836552175386, 14.5045372990028 ], [ 76.137811443221267, 14.504295620252826 ], [ 76.137692444400656, 14.503503639174955 ], [ 76.137816140415083, 14.504351804879045 ], [ 76.137844361943905, 14.50460827523267 ], [ 76.137861487863077, 14.504763929617638 ], [ 76.137975026932367, 14.505502647976479 ], [ 76.137990058445581, 14.505600461621178 ], [ 76.138045707740005, 14.505962514125008 ], [ 76.138198307326022, 14.506944518334882 ], [ 76.138217897751304, 14.507091157706894 ], [ 76.138247364693854, 14.507311671419597 ], [ 76.138396449661627, 14.508156015192775 ], [ 76.138428584069743, 14.508399089791984 ], [ 76.138477407493582, 14.508768409865819 ], [ 76.138206559471598, 14.509212882527455 ], [ 76.137895946060283, 14.509590333207543 ], [ 76.137647154478515, 14.510179398741899 ], [ 76.137677739735821, 14.51058742193489 ], [ 76.137564176415339, 14.51078607058826 ], [ 76.137633758498538, 14.510801780159834 ] ] ], [ [ [ 76.129291257457922, 14.518596620906765 ], [ 76.129343286073663, 14.51828884127081 ], [ 76.129330327211107, 14.518350877696136 ], [ 76.129281927171391, 14.518608647008339 ], [ 76.129291257457922, 14.518596620906765 ] ] ], [ [ [ 76.128273286772426, 14.519723875875787 ], [ 76.128269652240959, 14.519728014404162 ], [ 76.128018788923185, 14.520406023654907 ], [ 76.128273286772426, 14.519723875875787 ] ] ], [ [ [ 76.130271417195146, 14.521775984719117 ], [ 76.130051958169929, 14.521263034705227 ], [ 76.129841254404937, 14.521038680348614 ], [ 76.129594871177972, 14.520981415018397 ], [ 76.129461281947997, 14.521051319672786 ], [ 76.128870533180859, 14.521785847986214 ], [ 76.12866570029847, 14.521917032367128 ], [ 76.128251350697283, 14.522012904377318 ], [ 76.128085851419243, 14.521689284399621 ], [ 76.127911568997817, 14.521395810809413 ], [ 76.127868846678538, 14.520755443214707 ], [ 76.127843241678789, 14.52081209450763 ], [ 76.127896631205473, 14.521467384102179 ], [ 76.12807411742989, 14.521761297908185 ], [ 76.128243843916295, 14.522085326052416 ], [ 76.128653695163166, 14.521995379757113 ], [ 76.128854851815035, 14.521867556994438 ], [ 76.129427751438257, 14.52114514245679 ], [ 76.129559254951573, 14.521077492508519 ], [ 76.129806585518224, 14.521138004109661 ], [ 76.130022805194429, 14.521364176086351 ], [ 76.130237321013794, 14.521841174305075 ], [ 76.130271417195146, 14.521775984719117 ] ] ], [ [ [ 76.130102192682912, 14.52371453297472 ], [ 76.129935243015325, 14.523374907149353 ], [ 76.129853453021369, 14.523135613243802 ], [ 76.129828009932041, 14.522995637486789 ], [ 76.129821730010278, 14.523029255261276 ], [ 76.129860150849922, 14.523221632342702 ], [ 76.129945730031963, 14.523460047370499 ], [ 76.130094005089532, 14.523753332540281 ], [ 76.130102192682912, 14.52371453297472 ] ] ], [ [ [ 76.130743624296898, 14.526519857200281 ], [ 76.130652734167256, 14.526163548058557 ], [ 76.13039675024767, 14.525824030308565 ], [ 76.130055055449091, 14.525434752129096 ], [ 76.129952047194749, 14.525248644602261 ], [ 76.129956595947377, 14.525287223809354 ], [ 76.130085094422753, 14.525521506657197 ], [ 76.130423745089203, 14.525914887364864 ], [ 76.13067660063524, 14.526258008154995 ], [ 76.130742531665447, 14.526522248124435 ], [ 76.130743624296898, 14.526519857200281 ] ] ] ] } },
{ "type": "Feature", "properties": { "OBJECTID": 249, "KGISHobliID": 159, "KGISHobliCode": "130305", "KGISHobliName": "Bharamasagara", "BhuCodeHobli": null, "SHAPE.STArea()": 320999102.95922285, "SHAPE.STLength()": 117449.51277730809, "KGISTalukCode": "1303", "created_user": null, "created_date": null, "last_edited_user": null, "last_edited_date": null, "_overlap_percent": 0.0163544551448143, "_police_station": "Bilichodu PS", "_police_feature_index": "208", "_admin_layer": "Hobli", "_geometry_clipped": true }, "geometry": { "type": "MultiPolygon", "coordinates": [ [ [ [ 76.173635920750343, 14.448157719534494 ], [ 76.173483648423144, 14.448579258640626 ], [ 76.173459558932322, 14.448643822879701 ], [ 76.173445676808385, 14.44868103099857 ], [ 76.173425373668593, 14.448735447071682 ], [ 76.173413306321123, 14.448929247653178 ], [ 76.173409144415572, 14.448992138778237 ], [ 76.173390835036585, 14.449263810154957 ], [ 76.173384345373663, 14.449335676018881 ], [ 76.17334970523379, 14.449719292229977 ], [ 76.173335497011024, 14.449853705328039 ], [ 76.173334039571571, 14.449867487718048 ], [ 76.173326929267915, 14.449934752605346 ], [ 76.173320614352946, 14.449997137362374 ], [ 76.173287326944532, 14.45032597987271 ], [ 76.173282327054309, 14.450374315364368 ], [ 76.173278302809706, 14.450413226331213 ], [ 76.173264164027103, 14.450549923482178 ], [ 76.173259147284639, 14.45058850220007 ], [ 76.173200159055185, 14.451042130485419 ], [ 76.173181543720972, 14.451185281874883 ], [ 76.173073187326807, 14.452018547922645 ], [ 76.173067333781333, 14.452059250680357 ], [ 76.17302582712469, 14.452573027996511 ], [ 76.173023433380166, 14.452665833558545 ], [ 76.173005320496571, 14.453368102792631 ], [ 76.17297905584816, 14.454277450831579 ], [ 76.172974334315242, 14.454429111040893 ], [ 76.172971780197273, 14.454511145345021 ], [ 76.172965605635682, 14.4547094491619 ], [ 76.172965019562326, 14.45472788732001 ], [ 76.172952890331288, 14.455099913230713 ], [ 76.172943012938774, 14.455391877959341 ], [ 76.172940121345803, 14.455521705619576 ], [ 76.172921671127682, 14.456350104048957 ], [ 76.172906286091589, 14.456925233864482 ], [ 76.172880619972986, 14.457174519890014 ], [ 76.172871912104199, 14.457321926726161 ], [ 76.172859318970566, 14.457535114263242 ], [ 76.172856021607743, 14.457590940824632 ], [ 76.172793617666187, 14.458516744201839 ], [ 76.172788873371317, 14.45858712962535 ], [ 76.172785601688702, 14.458671553133108 ], [ 76.172729696224195, 14.460114317876629 ], [ 76.1730895841701, 14.460689720433693 ], [ 76.173144309850954, 14.460777217802384 ], [ 76.173340038880724, 14.461090154203379 ], [ 76.172769382656185, 14.460168067180728 ], [ 76.172859245969263, 14.458654826656961 ], [ 76.172951264971772, 14.457674275185019 ], [ 76.172987926247515, 14.457265857830937 ], [ 76.173010128887114, 14.457018465756079 ], [ 76.1730193622749, 14.456447436398889 ], [ 76.17303474893825, 14.455495426963356 ], [ 76.173043670143414, 14.455205127649011 ], [ 76.173055045446091, 14.454835131362522 ], [ 76.173055606981521, 14.454816791862878 ], [ 76.173068817661488, 14.454387091795917 ], [ 76.173096613966251, 14.453482780462743 ], [ 76.173120894209944, 14.452692866805572 ], [ 76.173166796314788, 14.452183398657288 ], [ 76.173170377625212, 14.452143692573639 ], [ 76.173300215924257, 14.450702719476567 ], [ 76.173316296200653, 14.450481987794188 ], [ 76.173344417648565, 14.450095887333758 ], [ 76.173362933556916, 14.449882334822066 ], [ 76.173402795182312, 14.449422424049363 ], [ 76.173422324496869, 14.449145283735389 ], [ 76.173426848061851, 14.449081130635529 ], [ 76.173440760676257, 14.448883646110863 ], [ 76.173501580733998, 14.448724585650577 ], [ 76.173662338666361, 14.448296551521556 ], [ 76.173742977295845, 14.448081851518037 ], [ 76.173667352569126, 14.44806995233434 ], [ 76.173635920750343, 14.448157719534494 ] ] ], [ [ [ 76.138884643701701, 14.428476175427052 ], [ 76.139747266567255, 14.428937061838377 ], [ 76.142691565113708, 14.430514470415664 ], [ 76.142931949878871, 14.430643254307073 ], [ 76.144388146388522, 14.431423387062308 ], [ 76.14463459745096, 14.431555578487345 ], [ 76.14523022741858, 14.431875106120993 ], [ 76.145458636452886, 14.432048797716554 ], [ 76.145497506339566, 14.432075766236942 ], [ 76.146309507816312, 14.432639135607813 ], [ 76.147764597416369, 14.433649180725551 ], [ 76.148752577106436, 14.434351012493565 ], [ 76.149565615176783, 14.434929771339739 ], [ 76.149759146000093, 14.435067534944984 ], [ 76.15040552281387, 14.435527651309693 ], [ 76.15051217977674, 14.435601483642721 ], [ 76.150699292179553, 14.435752155270666 ], [ 76.15101631717971, 14.436007468634621 ], [ 76.151228186180404, 14.43617811137716 ], [ 76.152011365238323, 14.436809041145963 ], [ 76.152084490156454, 14.436867960409721 ], [ 76.152808118174178, 14.437451194440687 ], [ 76.152988449635018, 14.43759658342613 ], [ 76.153288270154306, 14.43782984922882 ], [ 76.153898707348944, 14.438305111827496 ], [ 76.153996280524083, 14.438381077817645 ], [ 76.154139237212746, 14.438492377918525 ], [ 76.154501174349292, 14.438774475981287 ], [ 76.154759440454683, 14.438975940492103 ], [ 76.154794697622336, 14.439007578814939 ], [ 76.155051302721347, 14.439210991999097 ], [ 76.155775965793723, 14.439784792753668 ], [ 76.156156379185475, 14.440085797730063 ], [ 76.156218267616836, 14.44013476694327 ], [ 76.156675665274136, 14.440499828081077 ], [ 76.157395024838479, 14.441075403007247 ], [ 76.158097159432359, 14.441642265031366 ], [ 76.158464618738577, 14.441859691046302 ], [ 76.159305286145539, 14.442360365888844 ], [ 76.159419393743477, 14.44242887317424 ], [ 76.159496882096633, 14.442475395292984 ], [ 76.16026138256241, 14.44297984192627 ], [ 76.160261446793001, 14.442979885002224 ], [ 76.160441846886513, 14.443099348568801 ], [ 76.160506082415651, 14.443141929936552 ], [ 76.161127774641642, 14.443528192083781 ], [ 76.161128051977613, 14.443528365189945 ], [ 76.16326677769527, 14.444877539873804 ], [ 76.163301851282085, 14.444906471084252 ], [ 76.16346698201383, 14.445063122164701 ], [ 76.163480196619602, 14.445075657804717 ], [ 76.163800984280002, 14.445390303571573 ], [ 76.164154466220012, 14.445736358669079 ], [ 76.164257761613158, 14.445837531348271 ], [ 76.164265143505958, 14.44584477118533 ], [ 76.164269312276772, 14.445845999918989 ], [ 76.164407644726495, 14.445886814612818 ], [ 76.164794965043939, 14.44600109173988 ], [ 76.164850764756451, 14.445999750101272 ], [ 76.165014563188933, 14.445995812515912 ], [ 76.165087423086888, 14.445994061037059 ], [ 76.165546208204091, 14.446058423488209 ], [ 76.165770538846445, 14.446096780534578 ], [ 76.165571683878071, 14.446052455825205 ], [ 76.165108586957629, 14.445949235455567 ], [ 76.164802578056339, 14.445890725263792 ], [ 76.164316494203916, 14.445797791444889 ], [ 76.164312639689712, 14.445797055648153 ], [ 76.164305316350678, 14.445789837219284 ], [ 76.163851497112034, 14.445342927596336 ], [ 76.163533767753378, 14.44503003412111 ], [ 76.163337303450788, 14.444836552338025 ], [ 76.161434479487681, 14.44350150440299 ], [ 76.161434235555248, 14.443501332940601 ], [ 76.16088831190001, 14.443118299997241 ], [ 76.160832173141657, 14.443075968140995 ], [ 76.160674622342469, 14.442957178848523 ], [ 76.160674566465076, 14.442957136635572 ], [ 76.160008759244207, 14.442455117495747 ], [ 76.15984214584779, 14.442340723147259 ], [ 76.159113953453911, 14.44184218301991 ], [ 76.158797204011378, 14.4416253314124 ], [ 76.157955030063576, 14.441048749054202 ], [ 76.157097229172351, 14.440461467047459 ], [ 76.156552235761993, 14.440088340709954 ], [ 76.156024748933334, 14.439730209534151 ], [ 76.155158855661497, 14.439142318445512 ], [ 76.154851635721755, 14.438933728390994 ], [ 76.154809474891309, 14.438901318424719 ], [ 76.154550251532058, 14.438702013799928 ], [ 76.154187015523249, 14.438422743565035 ], [ 76.153333081385057, 14.437766203216031 ], [ 76.153032221775618, 14.437534879831365 ], [ 76.152851281189982, 14.437390629286305 ], [ 76.152125182193288, 14.436811740352042 ], [ 76.152051804358763, 14.436753242698462 ], [ 76.1512658787953, 14.436126655749439 ], [ 76.151053254028355, 14.435957137695366 ], [ 76.150735087282911, 14.435703470720851 ], [ 76.150547294292792, 14.435553752550764 ], [ 76.150440213349839, 14.435480447528647 ], [ 76.148780628757208, 14.434311548841499 ], [ 76.147788558923793, 14.433613977786361 ], [ 76.146327325715689, 14.43260968684157 ], [ 76.145472752822286, 14.432022339363364 ], [ 76.145243368060818, 14.431849391092172 ], [ 76.144644846574721, 14.431531812097349 ], [ 76.144397190879218, 14.431400404877124 ], [ 76.13973831996077, 14.428928308145258 ], [ 76.138645306711439, 14.428348298285226 ], [ 76.138884643701701, 14.428476175427052 ] ] ], [ [ [ 76.229522019296184, 14.447004466675338 ], [ 76.229522050705384, 14.447004479195442 ], [ 76.228425644868793, 14.446544923162477 ], [ 76.229522019296184, 14.447004466675338 ] ] ], [ [ [ 76.22101948272045, 14.443024228300011 ], [ 76.221019588282516, 14.44302427934635 ], [ 76.221019471273024, 14.443024222589154 ], [ 76.22101948272045, 14.443024228300011 ] ] ] ] } },
{ "type": "Feature", "properties": { "OBJECTID": 267, "KGISHobliID": 164, "KGISHobliCode": "140302", "KGISHobliName": "Bilichodu", "BhuCodeHobli": null, "SHAPE.STArea()": 281741019.68152946, "SHAPE.STLength()": 90480.469123944, "KGISTalukCode": "1403", "created_user": null, "created_date": null, "last_edited_user": null, "last_edited_date": null, "_overlap_percent": 94.513462205919865, "_police_station": "Bilichodu PS", "_police_feature_index": "208", "_admin_layer": "Hobli", "_geometry_clipped": true }, "geometry": { "type": "Polygon", "coordinates": [ [ [ 76.274510689002497, 14.538880797190023 ], [ 76.274514427559623, 14.538833469802711 ], [ 76.274498342501573, 14.53829983999848 ], [ 76.274483694616279, 14.537696197706852 ], [ 76.274486612334613, 14.537356932054307 ], [ 76.274492785599946, 14.536793969555466 ], [ 76.274492962624549, 14.536772400957233 ], [ 76.274498638978542, 14.536134232378259 ], [ 76.274512650948836, 14.535406908533721 ], [ 76.274508929706883, 14.535220086988028 ], [ 76.274507747573011, 14.535159885004795 ], [ 76.274499552549898, 14.534736698911413 ], [ 76.274472013306195, 14.533836939623731 ], [ 76.274473903022724, 14.533809149675774 ], [ 76.274541335028772, 14.532539597894553 ], [ 76.274622643887653, 14.531855876621144 ], [ 76.274625779048009, 14.531829077871592 ], [ 76.274642648322228, 14.531678586643228 ], [ 76.274656955952636, 14.531550043093159 ], [ 76.274699065729749, 14.531167625022663 ], [ 76.274790932736849, 14.530257771545921 ], [ 76.274903871085954, 14.529242916632409 ], [ 76.274999567911834, 14.528437842240267 ], [ 76.275006648420884, 14.528371164503344 ], [ 76.275009194122703, 14.528349069540145 ], [ 76.274934245853188, 14.528374540457394 ], [ 76.274324341471555, 14.528468507005957 ], [ 76.274281833300591, 14.528475953510583 ], [ 76.274163939336773, 14.528499131941516 ], [ 76.273633640236326, 14.528594681686458 ], [ 76.273553717335858, 14.528609082135873 ], [ 76.272899701910092, 14.528726945950675 ], [ 76.272876188344114, 14.528730374903596 ], [ 76.272785628674214, 14.528743584481809 ], [ 76.272627233822035, 14.528766688272754 ], [ 76.272297878688377, 14.528814728276867 ], [ 76.271690458619886, 14.528900454914677 ], [ 76.271250833202501, 14.528972441953171 ], [ 76.271095837100489, 14.528997821465012 ], [ 76.270982527859204, 14.529015380654736 ], [ 76.270503312966653, 14.529089644724808 ], [ 76.269853988750214, 14.529183342605142 ], [ 76.269839934100943, 14.529180965382823 ], [ 76.269627567880192, 14.529145054074521 ], [ 76.269282871954118, 14.529058937014719 ], [ 76.268801918837895, 14.528949339768495 ], [ 76.268693220277513, 14.528924570978765 ], [ 76.268444010306794, 14.528861138792259 ], [ 76.268098540156259, 14.528773206235828 ], [ 76.267536000858968, 14.528637153764722 ], [ 76.267503577587902, 14.528629312717948 ], [ 76.267311542953479, 14.52858396038701 ], [ 76.266909227321705, 14.528480388273429 ], [ 76.266599579906284, 14.528400672111577 ], [ 76.265988081996184, 14.528254374410652 ], [ 76.264728999289531, 14.527911921553425 ], [ 76.260334978592738, 14.526716744043656 ], [ 76.25819904387042, 14.526260031672711 ], [ 76.257945063047799, 14.526066645441123 ], [ 76.257794364415275, 14.525951898788717 ], [ 76.256422424703857, 14.524891956192343 ], [ 76.256260721201144, 14.524767024522866 ], [ 76.255866576661234, 14.52148119288813 ], [ 76.255855916537527, 14.521385819763564 ], [ 76.255845536827124, 14.52116335159919 ], [ 76.25578271631008, 14.519016772861537 ], [ 76.255715369192473, 14.518619207020059 ], [ 76.255686955824245, 14.517831827334097 ], [ 76.255690844825338, 14.517166368407327 ], [ 76.255767579869314, 14.516235469343926 ], [ 76.255809228375199, 14.515730204070227 ], [ 76.255816700869985, 14.515639551070977 ], [ 76.255819921664823, 14.515455286761414 ], [ 76.255849004198268, 14.513791218676193 ], [ 76.255874515489467, 14.513207661919306 ], [ 76.255654057693619, 14.511696920607216 ], [ 76.255631856532574, 14.511450978798212 ], [ 76.255824339378691, 14.511433145837056 ], [ 76.256016464616565, 14.511411964522221 ], [ 76.256143363317179, 14.511395733407104 ], [ 76.25620817754448, 14.51138744418771 ], [ 76.256412376669687, 14.511357577667797 ], [ 76.256603049437572, 14.511326172529708 ], [ 76.256793128140544, 14.511291452853801 ], [ 76.256933962579424, 14.511263185363052 ], [ 76.257249684838129, 14.511134762135642 ], [ 76.257272256191527, 14.511132509652052 ], [ 76.257628479806911, 14.511096944348095 ], [ 76.257677153919019, 14.511092085009054 ], [ 76.257959462038471, 14.511063900294204 ], [ 76.257989549721373, 14.511060896028594 ], [ 76.258598180037708, 14.511008246150514 ], [ 76.258683680911417, 14.511000849627038 ], [ 76.25876364866059, 14.510993932023794 ], [ 76.25936748132608, 14.510948190535853 ], [ 76.25954238949511, 14.510946712189153 ], [ 76.260754334578195, 14.510856981535564 ], [ 76.261187755858657, 14.510835375589171 ], [ 76.261272354967559, 14.51083115861967 ], [ 76.261494567320909, 14.51082008117397 ], [ 76.262498491748502, 14.510770032006725 ], [ 76.263844950295507, 14.510570782956982 ], [ 76.263923635329903, 14.510559138255939 ], [ 76.265830391766727, 14.509872496297474 ], [ 76.266049971378905, 14.509798613977011 ], [ 76.266379253902102, 14.509687819074468 ], [ 76.267186720258749, 14.50941612624883 ], [ 76.268550920717004, 14.508983442556074 ], [ 76.269113799883712, 14.508728851223992 ], [ 76.26944379261117, 14.508571661395763 ], [ 76.269501727240524, 14.508544064554325 ], [ 76.269551009348476, 14.508512069700311 ], [ 76.26956871369903, 14.508500574929514 ], [ 76.270204002357247, 14.507644050044171 ], [ 76.270665677090577, 14.507296867411284 ], [ 76.271133842830295, 14.506758939223754 ], [ 76.27124385186012, 14.506624183269814 ], [ 76.272911733837148, 14.504581089008378 ], [ 76.273152136606427, 14.504286600665727 ], [ 76.273165538314487, 14.50427111267482 ], [ 76.273281838761832, 14.504136705088797 ], [ 76.273333155815493, 14.50407739786109 ], [ 76.273818750604818, 14.5035174142521 ], [ 76.273861028191348, 14.503468660945721 ], [ 76.273874877051114, 14.503452689585398 ], [ 76.274066805437315, 14.503383357255025 ], [ 76.275352769978738, 14.503054057126322 ], [ 76.275613751741716, 14.502987225818469 ], [ 76.277835690740304, 14.502418225377303 ], [ 76.277882085646809, 14.502407125321691 ], [ 76.279685223645544, 14.501975690412927 ], [ 76.280710493967163, 14.501730367848888 ], [ 76.280912012095527, 14.501682149594627 ], [ 76.281061785789774, 14.501682675824625 ], [ 76.281393869070186, 14.501989060000961 ], [ 76.281786179971917, 14.502371243871133 ], [ 76.282189063233716, 14.502755842478349 ], [ 76.282592045981318, 14.503153132264966 ], [ 76.282988767511412, 14.50355870591231 ], [ 76.283389411036197, 14.503926316237479 ], [ 76.283802835420019, 14.504309088537598 ], [ 76.284190967623658, 14.504695383673409 ], [ 76.284490585412485, 14.504976811079318 ], [ 76.284581150392526, 14.50496201759112 ], [ 76.287693444019183, 14.504453594298395 ], [ 76.28770373168328, 14.504451913455199 ], [ 76.287706531173768, 14.504451456063695 ], [ 76.287713308116494, 14.504427026422624 ], [ 76.287714429291356, 14.50440380023951 ], [ 76.287727796616082, 14.504126447880321 ], [ 76.287852220608656, 14.502954895157709 ], [ 76.287933355166828, 14.502312409415895 ], [ 76.286146382530291, 14.502163179491303 ], [ 76.286167486151285, 14.500732094208768 ], [ 76.286193986105289, 14.498935075550881 ], [ 76.286210241333777, 14.497832750212829 ], [ 76.286215919625917, 14.49744772825469 ], [ 76.286217624519324, 14.497332174561098 ], [ 76.286215569923797, 14.496751345341259 ], [ 76.286212804543084, 14.495970069215604 ], [ 76.286206850952567, 14.494287906913012 ], [ 76.286206601652282, 14.494217658700755 ], [ 76.286206553177919, 14.494203624056428 ], [ 76.286235357551078, 14.493637599865128 ], [ 76.287698183188766, 14.491260056043647 ], [ 76.287745961181557, 14.49118240244532 ], [ 76.288241092317591, 14.490377645063727 ], [ 76.288228902007077, 14.490289777243584 ], [ 76.288203293241381, 14.490129144905026 ], [ 76.288166251825942, 14.490131115693629 ], [ 76.288002805095701, 14.489101566938769 ], [ 76.2878441990336, 14.488200333106397 ], [ 76.287626312531756, 14.486768395038894 ], [ 76.287525870450636, 14.486492163910755 ], [ 76.287114179239168, 14.485338459211283 ], [ 76.287079810047572, 14.485241212946979 ], [ 76.286795481116982, 14.484567417658283 ], [ 76.286747572899685, 14.484439713203537 ], [ 76.286383072768274, 14.483463981499233 ], [ 76.28635356598582, 14.483381420449371 ], [ 76.286035587118107, 14.482486215931537 ], [ 76.286002460283299, 14.482392189767952 ], [ 76.28587834158192, 14.482039179064603 ], [ 76.285635905474592, 14.48139511315906 ], [ 76.285568144844035, 14.481215096074209 ], [ 76.285566763716005, 14.481151463567667 ], [ 76.285543549822918, 14.481084608819899 ], [ 76.285537272161932, 14.479722615064825 ], [ 76.285474806165936, 14.47861473493025 ], [ 76.285438289284215, 14.478079207216977 ], [ 76.283577959629724, 14.476392519167034 ], [ 76.283028972260681, 14.475894767436332 ], [ 76.281579717783984, 14.472532090296308 ], [ 76.281567571689408, 14.472503908471065 ], [ 76.281539349364422, 14.472431971931501 ], [ 76.281527736924701, 14.472402369779264 ], [ 76.279657870713692, 14.467636200786531 ], [ 76.279121908234075, 14.466270023081568 ], [ 76.27866365587218, 14.464384996701963 ], [ 76.278631057636304, 14.464250909492689 ], [ 76.278617011002481, 14.464264782132746 ], [ 76.278413927285953, 14.464465345440313 ], [ 76.278160144568801, 14.46465276454609 ], [ 76.277978578105802, 14.46482252011265 ], [ 76.27770685013266, 14.465083438302642 ], [ 76.277337858002014, 14.465386425004478 ], [ 76.277162132515755, 14.465567787797218 ], [ 76.276933843237146, 14.465809387654538 ], [ 76.276688768750518, 14.466030726473042 ], [ 76.276603005531939, 14.46611696820586 ], [ 76.276587896330057, 14.466093961045377 ], [ 76.276368938953709, 14.465609630767567 ], [ 76.275583021013745, 14.463871173168036 ], [ 76.275444877147478, 14.463565595146024 ], [ 76.275317239049699, 14.463290214343363 ], [ 76.275043734155489, 14.462698763888808 ], [ 76.274563131614173, 14.461750276954971 ], [ 76.273998943711376, 14.460482011859412 ], [ 76.273381906073368, 14.45936968551308 ], [ 76.273332034425124, 14.459258803298328 ], [ 76.273264026262311, 14.459107596398473 ], [ 76.273195136896334, 14.458954432623939 ], [ 76.273016554767935, 14.458642727323955 ], [ 76.272974105613613, 14.458568635255711 ], [ 76.272634104902323, 14.457975181888001 ], [ 76.272549136868392, 14.457826872281728 ], [ 76.27153120044396, 14.456050092575573 ], [ 76.27103155901726, 14.45533825548838 ], [ 76.271013671749131, 14.455312770600504 ], [ 76.26991086788675, 14.453826147519118 ], [ 76.269866514023676, 14.453766359456424 ], [ 76.269593936076987, 14.453341489637204 ], [ 76.269039631553682, 14.4526989608839 ], [ 76.267750594132636, 14.45137394789187 ], [ 76.267744333168437, 14.45136751277372 ], [ 76.266919717681887, 14.450042438593048 ], [ 76.266222317044821, 14.448921765438469 ], [ 76.2661696808903, 14.448751732912303 ], [ 76.265840644164115, 14.447551302214634 ], [ 76.265798078407073, 14.447551366368169 ], [ 76.265233997415493, 14.447552215678925 ], [ 76.264186226514369, 14.447574480912509 ], [ 76.263439767235482, 14.446007118895439 ], [ 76.263409637057833, 14.445943855034093 ], [ 76.263126090582475, 14.445882580665502 ], [ 76.262876037949582, 14.445828544442756 ], [ 76.262229930873829, 14.445688919070367 ], [ 76.261558630729269, 14.44542382603011 ], [ 76.261153809931528, 14.445263963860425 ], [ 76.26089153377886, 14.444942816173702 ], [ 76.260323950908017, 14.444348495918726 ], [ 76.260298664332424, 14.444322024499293 ], [ 76.26008687517357, 14.444615918740597 ], [ 76.258659396050149, 14.444510922823197 ], [ 76.257461542431969, 14.444422809582548 ], [ 76.257183160289472, 14.444402330937116 ], [ 76.256919192838325, 14.444382914086804 ], [ 76.253919358000431, 14.443861151193451 ], [ 76.253139568536724, 14.443725518871092 ], [ 76.252926688284163, 14.443688490271132 ], [ 76.252900171558892, 14.44368387542381 ], [ 76.252899377168504, 14.44367469887003 ], [ 76.249513922850937, 14.443876334900326 ], [ 76.248302906311153, 14.443948451661969 ], [ 76.245633821619535, 14.445257169635306 ], [ 76.245055051546103, 14.445540942284138 ], [ 76.244871957148987, 14.445722330933773 ], [ 76.244312463415227, 14.446276638458878 ], [ 76.242544732341599, 14.44792818724062 ], [ 76.242416541964928, 14.448047955172466 ], [ 76.242335588969482, 14.448098774317193 ], [ 76.242308836369205, 14.448115572085298 ], [ 76.242148827154821, 14.44821602149419 ], [ 76.241848598265292, 14.448404499903647 ], [ 76.240084527519826, 14.449511933537824 ], [ 76.238664124979195, 14.450403600851152 ], [ 76.238406814396129, 14.450565125258509 ], [ 76.238381251660115, 14.450498021639062 ], [ 76.23837297186347, 14.450494911179439 ], [ 76.238171275761914, 14.450419162924439 ], [ 76.238031055796569, 14.450366502686659 ], [ 76.23421790369683, 14.448934367841499 ], [ 76.233597993082697, 14.448701537109725 ], [ 76.233338154467901, 14.448603940438607 ], [ 76.232381546270432, 14.448203005074156 ], [ 76.229623375509348, 14.447046949258436 ], [ 76.229522050705384, 14.447004479195442 ], [ 76.229522019296184, 14.447004466675338 ], [ 76.228425644868793, 14.446544923162477 ], [ 76.227892546204501, 14.446321474552052 ], [ 76.227087929952674, 14.445984215193205 ], [ 76.22565142594955, 14.445281972681453 ], [ 76.224786491710162, 14.444859139220299 ], [ 76.222765339937041, 14.443871050061587 ], [ 76.222678094551583, 14.443828734280192 ], [ 76.221133973463793, 14.443079763582576 ], [ 76.221019588282516, 14.44302427934635 ], [ 76.22101948272045, 14.443024228300011 ], [ 76.221019471273024, 14.443024222589154 ], [ 76.220265185593021, 14.442658345083156 ], [ 76.219549945782902, 14.44231140811234 ], [ 76.219288629791578, 14.442184653509836 ], [ 76.218946933980277, 14.442018908641071 ], [ 76.218915270197826, 14.442018669210549 ], [ 76.218905174415326, 14.442061849686807 ], [ 76.217170092575103, 14.444080239511415 ], [ 76.216830121520289, 14.444698333943981 ], [ 76.216282415658668, 14.445694096519196 ], [ 76.216244252936988, 14.445699776167125 ], [ 76.215978949185271, 14.445739284506516 ], [ 76.215947297843286, 14.445743997593675 ], [ 76.215845442202067, 14.445759164112856 ], [ 76.215494800626686, 14.445811376596101 ], [ 76.215308739892848, 14.445839078881237 ], [ 76.215134192952661, 14.445865074587184 ], [ 76.21488809502759, 14.445892371071983 ], [ 76.214860998881164, 14.445946739131744 ], [ 76.213414253731187, 14.448339057170443 ], [ 76.212682595790483, 14.449548892372475 ], [ 76.211970205148873, 14.450626017106602 ], [ 76.211369059823014, 14.451534932595047 ], [ 76.210648409831862, 14.45262452999861 ], [ 76.210178094430759, 14.453490007435278 ], [ 76.209823750669941, 14.454156379056347 ], [ 76.209552843352199, 14.454658506516346 ], [ 76.209286916624905, 14.455138694588546 ], [ 76.209047738421361, 14.45557700617239 ], [ 76.208923489468546, 14.455814135398102 ], [ 76.208785510259446, 14.456077463917106 ], [ 76.208684673448147, 14.456268387565469 ], [ 76.208623388636326, 14.456366351790825 ], [ 76.2085561594957, 14.456473815784326 ], [ 76.208476298438427, 14.456509777665149 ], [ 76.20834696374456, 14.456568018150733 ], [ 76.208297284697537, 14.456590392743816 ], [ 76.208255447737258, 14.456609232272752 ], [ 76.208189578185724, 14.456638891084092 ], [ 76.208070282414781, 14.456692606988696 ], [ 76.208026459428069, 14.456712339864438 ], [ 76.20795982262787, 14.456742344259082 ], [ 76.207922907083002, 14.456758970836272 ], [ 76.207829976242394, 14.456800366530626 ], [ 76.207766318555684, 14.456828722087161 ], [ 76.207668287475045, 14.456872394810659 ], [ 76.207609560625855, 14.45689855998816 ], [ 76.207609240382823, 14.45689869632467 ], [ 76.207587415266161, 14.45690841764228 ], [ 76.207519060801346, 14.456938864642888 ], [ 76.207370396722894, 14.457005085617189 ], [ 76.206840918864799, 14.457243338481479 ], [ 76.206751558591904, 14.457282215949943 ], [ 76.206573104508152, 14.457359857331532 ], [ 76.206257978335714, 14.457496951677811 ], [ 76.205994307915844, 14.457611345100997 ], [ 76.205703072271888, 14.457737690909804 ], [ 76.205353719510768, 14.457889898689432 ], [ 76.205156203932916, 14.457975951526979 ], [ 76.204869712688648, 14.458100797680567 ], [ 76.204593150958218, 14.458221308705863 ], [ 76.204432438068451, 14.458289602764751 ], [ 76.20429476172238, 14.458348112543712 ], [ 76.204203878613583, 14.458386729313105 ], [ 76.203685175767404, 14.458607139859341 ], [ 76.203517111381544, 14.45867856345992 ], [ 76.203010369778156, 14.458902949592092 ], [ 76.202841442694179, 14.458977747220537 ], [ 76.202839821258749, 14.458977952573546 ], [ 76.202775311234689, 14.45898624807708 ], [ 76.201765788037548, 14.459115936538343 ], [ 76.201355803573222, 14.459168603400999 ], [ 76.200991341104768, 14.459215421781025 ], [ 76.199412157571231, 14.45941828610955 ], [ 76.198772972609163, 14.459500390149717 ], [ 76.198708322692752, 14.459503083241879 ], [ 76.198507951897312, 14.45951143013575 ], [ 76.197233399619293, 14.459564509963398 ], [ 76.196599355836341, 14.459590915165668 ], [ 76.195605057231845, 14.459632314987383 ], [ 76.195259295688984, 14.459656607957289 ], [ 76.194566828218854, 14.459705260459724 ], [ 76.19372048070035, 14.45976471736263 ], [ 76.193534395954885, 14.459777789624535 ], [ 76.193284926511993, 14.459795316957281 ], [ 76.192498341358601, 14.459850573115521 ], [ 76.191980444878709, 14.459886951657905 ], [ 76.191455307519973, 14.459848846884126 ], [ 76.190823487713928, 14.459990923807036 ], [ 76.190312529877602, 14.46000139586468 ], [ 76.189921534137468, 14.460011670963295 ], [ 76.189905750121028, 14.460013054294324 ], [ 76.189669744592038, 14.460033728905461 ], [ 76.188869920079469, 14.460098361934772 ], [ 76.188412290948534, 14.460158790092194 ], [ 76.188391132783252, 14.460161583560213 ], [ 76.187325336337125, 14.460302310452954 ], [ 76.186711497056038, 14.460383356729061 ], [ 76.185928057682233, 14.460515325342833 ], [ 76.185680199952188, 14.460557075393734 ], [ 76.185074875873497, 14.460659031909982 ], [ 76.185026122881595, 14.46066724421545 ], [ 76.184858672617494, 14.460695453639712 ], [ 76.184772312305697, 14.460709995091023 ], [ 76.184657817456866, 14.460729281224625 ], [ 76.184619953436041, 14.460735660497823 ], [ 76.184609013476816, 14.460737507262275 ], [ 76.184560291926928, 14.460745708467446 ], [ 76.184473722117119, 14.460760289737721 ], [ 76.184421082663562, 14.460769157886514 ], [ 76.184229600934628, 14.46080141291853 ], [ 76.184061197555778, 14.460829775742619 ], [ 76.184016931491868, 14.460837228521669 ], [ 76.183954228816603, 14.460847788833263 ], [ 76.183950685361509, 14.460848388825848 ], [ 76.183746722669611, 14.460891444795317 ], [ 76.183645376967874, 14.460912834824738 ], [ 76.183584560283961, 14.460925673569408 ], [ 76.183560909707225, 14.460930665906437 ], [ 76.183521834642335, 14.460938915133296 ], [ 76.181863370159618, 14.461288988568608 ], [ 76.181603715931701, 14.461343794016621 ], [ 76.180695188619211, 14.461535558956804 ], [ 76.180425911076853, 14.46159239567934 ], [ 76.179640792324506, 14.461758110250329 ], [ 76.178767638828475, 14.461792116041803 ], [ 76.178177739261571, 14.46195351613293 ], [ 76.177421224469583, 14.462160512310662 ], [ 76.177331763763306, 14.462184984357121 ], [ 76.176602141156152, 14.462362257502361 ], [ 76.175719054846567, 14.462405827239811 ], [ 76.174611200676608, 14.462457067509979 ], [ 76.174554039401343, 14.46239830000107 ], [ 76.174392980302358, 14.462232726443505 ], [ 76.173442314942761, 14.461255415573508 ], [ 76.173340038880724, 14.461090154203379 ], [ 76.173144309850954, 14.460777217802384 ], [ 76.1730895841701, 14.460689720433693 ], [ 76.172729696224195, 14.460114317876629 ], [ 76.172785601688702, 14.458671553133108 ], [ 76.172788873371317, 14.45858712962535 ], [ 76.172793617666187, 14.458516744201839 ], [ 76.172856021607743, 14.457590940824632 ], [ 76.172859318970566, 14.457535114263242 ], [ 76.172871912104199, 14.457321926726161 ], [ 76.172880619972986, 14.457174519890014 ], [ 76.172906286091589, 14.456925233864482 ], [ 76.172921671127682, 14.456350104048957 ], [ 76.172940121345803, 14.455521705619576 ], [ 76.172943012938774, 14.455391877959341 ], [ 76.172952890331288, 14.455099913230713 ], [ 76.172965019562326, 14.45472788732001 ], [ 76.172965605635682, 14.4547094491619 ], [ 76.172971780197273, 14.454511145345021 ], [ 76.172974334315242, 14.454429111040893 ], [ 76.17297905584816, 14.454277450831579 ], [ 76.173005320496571, 14.453368102792631 ], [ 76.173023433380166, 14.452665833558545 ], [ 76.17302582712469, 14.452573027996511 ], [ 76.173067333781333, 14.452059250680357 ], [ 76.173073187326807, 14.452018547922645 ], [ 76.173181543720972, 14.451185281874883 ], [ 76.173200159055185, 14.451042130485419 ], [ 76.173259147284639, 14.45058850220007 ], [ 76.173264164027103, 14.450549923482178 ], [ 76.173278302809706, 14.450413226331213 ], [ 76.173282327054309, 14.450374315364368 ], [ 76.173287326944532, 14.45032597987271 ], [ 76.173320614352946, 14.449997137362374 ], [ 76.173326929267915, 14.449934752605346 ], [ 76.173334039571571, 14.449867487718048 ], [ 76.173335497011024, 14.449853705328039 ], [ 76.17334970523379, 14.449719292229977 ], [ 76.173384345373663, 14.449335676018881 ], [ 76.173390835036585, 14.449263810154957 ], [ 76.173409144415572, 14.448992138778237 ], [ 76.173413306321123, 14.448929247653178 ], [ 76.173425373668593, 14.448735447071682 ], [ 76.173445676808385, 14.44868103099857 ], [ 76.173459558932322, 14.448643822879701 ], [ 76.173483648423144, 14.448579258640626 ], [ 76.173635920750343, 14.448157719534494 ], [ 76.173667352569126, 14.44806995233434 ], [ 76.17337173429803, 14.448023438234198 ], [ 76.17275660629052, 14.447926643224333 ], [ 76.172285929463229, 14.447852584892747 ], [ 76.172050111561362, 14.447815470966935 ], [ 76.171957379648376, 14.447800878830881 ], [ 76.171568748000553, 14.44773972774407 ], [ 76.171416411367261, 14.447695203821139 ], [ 76.171267724740204, 14.447663366458844 ], [ 76.170888590825996, 14.447675966813685 ], [ 76.170637543035497, 14.447563156592192 ], [ 76.170272055957426, 14.447398916428304 ], [ 76.170271976914748, 14.447398879756891 ], [ 76.169898105960868, 14.4472308720604 ], [ 76.169626557529782, 14.44709953374451 ], [ 76.169299755026714, 14.446941490312641 ], [ 76.169142942896855, 14.446865630005 ], [ 76.167649969492246, 14.446515693264679 ], [ 76.166797837391911, 14.446325763788934 ], [ 76.166536305181296, 14.44626746960772 ], [ 76.165770538846445, 14.446096780534578 ], [ 76.165546208204091, 14.446058423488209 ], [ 76.165087423086888, 14.445994061037059 ], [ 76.165014563188933, 14.445995812515912 ], [ 76.164850764756451, 14.445999750101272 ], [ 76.164794965043939, 14.44600109173988 ], [ 76.164407644726495, 14.445886814612818 ], [ 76.164269312276772, 14.445845999918989 ], [ 76.164265143505958, 14.44584477118533 ], [ 76.164257761613158, 14.445837531348271 ], [ 76.164154466220012, 14.445736358669079 ], [ 76.163800984280002, 14.445390303571573 ], [ 76.163480196619602, 14.445075657804717 ], [ 76.16346698201383, 14.445063122164701 ], [ 76.163301851282085, 14.444906471084252 ], [ 76.16326677769527, 14.444877539873804 ], [ 76.161128051977613, 14.443528365189945 ], [ 76.161127774641642, 14.443528192083781 ], [ 76.160506082415651, 14.443141929936552 ], [ 76.160441846886513, 14.443099348568801 ], [ 76.160261446793001, 14.442979885002224 ], [ 76.16026138256241, 14.44297984192627 ], [ 76.159496882096633, 14.442475395292984 ], [ 76.159419393743477, 14.44242887317424 ], [ 76.159305286145539, 14.442360365888844 ], [ 76.158464618738577, 14.441859691046302 ], [ 76.158097159432359, 14.441642265031366 ], [ 76.157395024838479, 14.441075403007247 ], [ 76.156675665274136, 14.440499828081077 ], [ 76.156218267616836, 14.44013476694327 ], [ 76.156156379185475, 14.440085797730063 ], [ 76.155775965793723, 14.439784792753668 ], [ 76.155051302721347, 14.439210991999097 ], [ 76.154794697622336, 14.439007578814939 ], [ 76.154759440454683, 14.438975940492103 ], [ 76.154501174349292, 14.438774475981287 ], [ 76.154139237212746, 14.438492377918525 ], [ 76.153996280524083, 14.438381077817645 ], [ 76.153898707348944, 14.438305111827496 ], [ 76.153288270154306, 14.43782984922882 ], [ 76.152988449635018, 14.43759658342613 ], [ 76.152808118174178, 14.437451194440687 ], [ 76.152084490156454, 14.436867960409721 ], [ 76.152011365238323, 14.436809041145963 ], [ 76.151228186180404, 14.43617811137716 ], [ 76.15101631717971, 14.436007468634621 ], [ 76.150699292179553, 14.435752155270666 ], [ 76.15051217977674, 14.435601483642721 ], [ 76.15040552281387, 14.435527651309693 ], [ 76.149759146000093, 14.435067534944984 ], [ 76.149565615176783, 14.434929771339739 ], [ 76.148752577106436, 14.434351012493565 ], [ 76.147764597416369, 14.433649180725551 ], [ 76.146309507816312, 14.432639135607813 ], [ 76.145497506339566, 14.432075766236942 ], [ 76.145458636452886, 14.432048797716554 ], [ 76.14523022741858, 14.431875106120993 ], [ 76.14463459745096, 14.431555578487345 ], [ 76.144388146388522, 14.431423387062308 ], [ 76.142931949878871, 14.430643254307073 ], [ 76.142691565113708, 14.430514470415664 ], [ 76.139747266567255, 14.428937061838377 ], [ 76.138884643701701, 14.428476175427052 ], [ 76.138645306711439, 14.428348298285226 ], [ 76.136056496492998, 14.426974540507493 ], [ 76.136473706046999, 14.426392076799866 ], [ 76.136673309425248, 14.426113406119224 ], [ 76.134253677975877, 14.427875836066292 ], [ 76.134245271267844, 14.427880530555438 ], [ 76.134238916385485, 14.427885187615429 ], [ 76.129592010108013, 14.430482860213132 ], [ 76.129717145532183, 14.43302342678315 ], [ 76.129663063764866, 14.433065664969449 ], [ 76.129663332412264, 14.433070755553148 ], [ 76.126619780523043, 14.435449770014689 ], [ 76.126479101815562, 14.436145469405945 ], [ 76.126040273721728, 14.438366684443377 ], [ 76.125773199681532, 14.439664368346882 ], [ 76.125671963330902, 14.440103210228168 ], [ 76.124193947591607, 14.442393787389321 ], [ 76.123776528873364, 14.442970404719384 ], [ 76.123755083184264, 14.443000109778394 ], [ 76.123704282218753, 14.447596634299391 ], [ 76.123623738315743, 14.448264687787518 ], [ 76.123464082642641, 14.448913147949829 ], [ 76.123496551921619, 14.449056807966931 ], [ 76.123363147032009, 14.449615855381552 ], [ 76.12306482785128, 14.450397107862528 ], [ 76.122937885986246, 14.451249370609812 ], [ 76.122792255437503, 14.452160538673935 ], [ 76.122792183784398, 14.452160989779948 ], [ 76.122659009579976, 14.453014281033745 ], [ 76.122628796264038, 14.453366975081652 ], [ 76.12258342991089, 14.454040595111136 ], [ 76.122493859127729, 14.455370566682911 ], [ 76.122413996035647, 14.455828447201878 ], [ 76.12231984317134, 14.456402589415916 ], [ 76.122316044158111, 14.456425870471634 ], [ 76.122346228631827, 14.456436699519799 ], [ 76.122332595581156, 14.456540690658912 ], [ 76.122198789608419, 14.45756133722363 ], [ 76.122132512687116, 14.458066891088095 ], [ 76.122075214539962, 14.45844814294494 ], [ 76.121637370613968, 14.461361477119899 ], [ 76.121631000735874, 14.46144565350397 ], [ 76.121609916652787, 14.461592731873781 ], [ 76.121584812520155, 14.461766586346984 ], [ 76.121580876002085, 14.461793735411169 ], [ 76.121565141014642, 14.461901953737378 ], [ 76.123302793737707, 14.465922964892304 ], [ 76.124477511209577, 14.46725554218725 ], [ 76.125980172861489, 14.46887971286367 ], [ 76.126143364931082, 14.469045758904073 ], [ 76.12619334176766, 14.469096608057214 ], [ 76.126401190020133, 14.469308095393819 ], [ 76.126920805768748, 14.469682203584947 ], [ 76.128127437162732, 14.470378601199231 ], [ 76.128299821116059, 14.470478091666306 ], [ 76.128299936489469, 14.470478157105738 ], [ 76.128373140416983, 14.470483941563856 ], [ 76.128634235019263, 14.472226906096898 ], [ 76.128655815629472, 14.472339763973718 ], [ 76.128700412122114, 14.472642392279088 ], [ 76.128715652985278, 14.472745817387823 ], [ 76.128580707319884, 14.473245624465637 ], [ 76.128328379138779, 14.474550250150029 ], [ 76.128068957925635, 14.476052394105134 ], [ 76.127751701461563, 14.478045294462 ], [ 76.127789206248806, 14.478196365306314 ], [ 76.127388009301413, 14.480060004827953 ], [ 76.127362007753533, 14.480229618568035 ], [ 76.127244511802516, 14.480996071151518 ], [ 76.127224855522329, 14.481097364697623 ], [ 76.12722203781378, 14.481111889361864 ], [ 76.127229765621408, 14.481115757256498 ], [ 76.127327298485639, 14.481162721586124 ], [ 76.127752544701039, 14.481367904730226 ], [ 76.128544804745715, 14.481770836861992 ], [ 76.129504894475929, 14.482365242516165 ], [ 76.131393220023014, 14.483314461279337 ], [ 76.131355571659839, 14.483340138675857 ], [ 76.131385121309407, 14.483355134505732 ], [ 76.131330690796617, 14.483393011951033 ], [ 76.131523589776634, 14.483489271937856 ], [ 76.131506973630664, 14.483525959527084 ], [ 76.13151345619606, 14.483529177514148 ], [ 76.131453065291083, 14.48366312121512 ], [ 76.131418651927987, 14.483739449513479 ], [ 76.13216541544277, 14.484154425272685 ], [ 76.132178464044785, 14.484161686699959 ], [ 76.133449779282046, 14.484800164705803 ], [ 76.134319097626317, 14.485209004184613 ], [ 76.134785750880397, 14.485321766869582 ], [ 76.134653474097618, 14.485381821292911 ], [ 76.134815428358081, 14.485419570930183 ], [ 76.134524598980519, 14.485561442082162 ], [ 76.134594996375938, 14.485787984517522 ], [ 76.134781301487095, 14.486387536422932 ], [ 76.135049281518832, 14.487301251822812 ], [ 76.135037650550728, 14.4874966583956 ], [ 76.135010462644658, 14.48791058062986 ], [ 76.134968676123208, 14.488993490278219 ], [ 76.134975690736511, 14.490076257270434 ], [ 76.135009027618437, 14.490218928368126 ], [ 76.13542247493632, 14.491988379193248 ], [ 76.13560701227604, 14.492750748768197 ], [ 76.135644850418331, 14.49291332674691 ], [ 76.135785422641789, 14.49351732509596 ], [ 76.135963782361316, 14.494177684330291 ], [ 76.136145189564189, 14.494862468379111 ], [ 76.136308283759547, 14.495543605405116 ], [ 76.136488571211657, 14.49628801625987 ], [ 76.136957367039628, 14.497992525202097 ], [ 76.136959870490202, 14.498001629977276 ], [ 76.136975026302025, 14.498056732576067 ], [ 76.137194432921433, 14.499930244417369 ], [ 76.137232676940471, 14.500359900076484 ], [ 76.137331925915163, 14.501137938596768 ], [ 76.137397878132617, 14.501567911052142 ], [ 76.137412784923256, 14.501665095713166 ], [ 76.13741278612369, 14.501665102539443 ], [ 76.137412788350247, 14.501665118055449 ], [ 76.13749108217965, 14.502175553833162 ], [ 76.1376187330047, 14.502998210779918 ], [ 76.137692444400656, 14.503503639174955 ], [ 76.137811443221267, 14.504295620252826 ], [ 76.137836552175386, 14.5045372990028 ], [ 76.137858685949055, 14.504698398347063 ], [ 76.137993354059176, 14.505453592834138 ], [ 76.138010828980327, 14.505552540007196 ], [ 76.138074403658152, 14.505917516508001 ], [ 76.13824360202274, 14.506902278786031 ], [ 76.138265357612653, 14.507048979974561 ], [ 76.138297975813444, 14.507269497382422 ], [ 76.138457678710381, 14.508113399991707 ], [ 76.138492677869294, 14.508356151514919 ], [ 76.13854564371961, 14.508724945234418 ], [ 76.138283899675884, 14.509166317374506 ], [ 76.137981473097213, 14.509539865641623 ], [ 76.137743721069356, 14.510124515913899 ], [ 76.137781785117454, 14.51053226326683 ], [ 76.137633758498538, 14.510801780159834 ], [ 76.137564176415339, 14.51078607058826 ], [ 76.137522340292762, 14.510859251694407 ], [ 76.137088139902673, 14.510768149376769 ], [ 76.136498983196816, 14.510540892413262 ], [ 76.13604922979799, 14.510495099805315 ], [ 76.135661444107356, 14.510509818874075 ], [ 76.135273310242312, 14.510856965067884 ], [ 76.134978414621372, 14.511037996377366 ], [ 76.134652448209337, 14.511264323577171 ], [ 76.134249042269545, 14.511384793215287 ], [ 76.1339076592418, 14.511520439989924 ], [ 76.133488547374071, 14.51182221652159 ], [ 76.133333075499991, 14.512154493256309 ], [ 76.133255052142047, 14.512592618329025 ], [ 76.133192632793822, 14.512940104783517 ], [ 76.133021685607858, 14.51324213576112 ], [ 76.132695550866075, 14.513619570376022 ], [ 76.132198778681925, 14.514011935028099 ], [ 76.131655551636769, 14.514328693901225 ], [ 76.131019225522479, 14.514675576198124 ], [ 76.130631407805154, 14.514720507624189 ], [ 76.13047345015724, 14.514791912265071 ], [ 76.130044679432459, 14.51554239248788 ], [ 76.129757529588005, 14.516543779510542 ], [ 76.129462452602681, 14.517718369483701 ], [ 76.129343286073663, 14.51828884127081 ], [ 76.129291257457922, 14.518596620906765 ], [ 76.129281927171391, 14.518608647008339 ], [ 76.12926811841605, 14.518682189786135 ], [ 76.129090050984274, 14.518907949168039 ], [ 76.12854058577912, 14.519419510777794 ], [ 76.128273286772426, 14.519723875875787 ], [ 76.128018788923185, 14.520406023654907 ], [ 76.127982740008605, 14.520503453194543 ], [ 76.127868846678538, 14.520755443214707 ], [ 76.127911568997817, 14.521395810809413 ], [ 76.128085851419243, 14.521689284399621 ], [ 76.128251350697283, 14.522012904377318 ], [ 76.12866570029847, 14.521917032367128 ], [ 76.128870533180859, 14.521785847986214 ], [ 76.129461281947997, 14.521051319672786 ], [ 76.129594871177972, 14.520981415018397 ], [ 76.129841254404937, 14.521038680348614 ], [ 76.130051958169929, 14.521263034705227 ], [ 76.130271417195146, 14.521775984719117 ], [ 76.130237321013794, 14.521841174305075 ], [ 76.130253206590297, 14.521876497535388 ], [ 76.130097360801415, 14.52218077107883 ], [ 76.129895134593326, 14.522636304709524 ], [ 76.129828009932041, 14.522995637486789 ], [ 76.129853453021369, 14.523135613243802 ], [ 76.129935243015325, 14.523374907149353 ], [ 76.130102192682912, 14.52371453297472 ], [ 76.130094005089532, 14.523753332540281 ], [ 76.130117041098998, 14.523798897317395 ], [ 76.130078191120489, 14.523995378441423 ], [ 76.129940444908343, 14.524358994927502 ], [ 76.129905816145595, 14.524622366544138 ], [ 76.129918312491412, 14.524969419033436 ], [ 76.12992257584385, 14.524998690066862 ], [ 76.129952047194749, 14.525248644602261 ], [ 76.130055055449091, 14.525434752129096 ], [ 76.13039675024767, 14.525824030308565 ], [ 76.130652734167256, 14.526163548058557 ], [ 76.130743624296898, 14.526519857200281 ], [ 76.130742531665447, 14.526522248124435 ], [ 76.130766344257324, 14.526617684803211 ], [ 76.130568415854569, 14.527060678736548 ], [ 76.129962918500937, 14.52734018446789 ], [ 76.129218808950867, 14.527505170778545 ], [ 76.128804438564316, 14.52787800191177 ], [ 76.128485230191288, 14.528623137334655 ], [ 76.128446650903001, 14.529224372134324 ], [ 76.128531981093488, 14.529433626963346 ], [ 76.128888206402777, 14.529803005864389 ], [ 76.129301241428649, 14.530055250619007 ], [ 76.129269807581878, 14.530148893452902 ], [ 76.129311035967817, 14.530174483278726 ], [ 76.129263327444122, 14.530314440490226 ], [ 76.129989640622995, 14.531038559428231 ], [ 76.130142015358359, 14.531218071578243 ], [ 76.130361368962923, 14.531919223834494 ], [ 76.130387356639332, 14.531989034103223 ], [ 76.130395316176291, 14.53201037723135 ], [ 76.130482126524583, 14.532241787788022 ], [ 76.130420144500192, 14.53226000590664 ], [ 76.130453832026802, 14.53235680244871 ], [ 76.130249769920582, 14.532421779295474 ], [ 76.130099740715025, 14.532469551680762 ], [ 76.129711274032232, 14.532593251780687 ], [ 76.129493827032491, 14.532648089012902 ], [ 76.129076227886728, 14.532961499228062 ], [ 76.128614624103037, 14.533415869744456 ], [ 76.128405052976646, 14.533680828480179 ], [ 76.128451037390036, 14.534715283225562 ], [ 76.128493036101133, 14.535508843476672 ], [ 76.128494564330524, 14.535536190289237 ], [ 76.128747104647104, 14.53614133603279 ], [ 76.129234623324024, 14.536919073395575 ], [ 76.129526077459147, 14.537498806902452 ], [ 76.130075003017296, 14.538367170728579 ], [ 76.130678041020104, 14.538901972718431 ], [ 76.130897291597776, 14.53904694725062 ], [ 76.131429264101826, 14.539147811182552 ], [ 76.132227001846573, 14.539304945682588 ], [ 76.133073436303832, 14.539755741468296 ], [ 76.13344280938837, 14.539977737885064 ], [ 76.133611599720652, 14.540153274980884 ], [ 76.133574553424609, 14.540188446312712 ], [ 76.133606646536037, 14.540220572149034 ], [ 76.133477519701458, 14.540346667190409 ], [ 76.133427744546282, 14.540395273091899 ], [ 76.133483289590828, 14.540759440539809 ], [ 76.133491969213296, 14.540815757709298 ], [ 76.133489978880078, 14.540820124297783 ], [ 76.133499492052067, 14.540875266182328 ], [ 76.133427506189363, 14.541040113235473 ], [ 76.13328037613438, 14.541142327475228 ], [ 76.133278649567188, 14.541143527304559 ], [ 76.13288631656404, 14.541416089089518 ], [ 76.131705525720207, 14.541537859255595 ], [ 76.131450160053689, 14.542085554927194 ], [ 76.130766172894027, 14.543109689663289 ], [ 76.130545070815089, 14.54344074278432 ], [ 76.13024947680762, 14.545197929079809 ], [ 76.130151951025567, 14.545905177839153 ], [ 76.130099949872729, 14.54616008752506 ], [ 76.129320171159364, 14.549911945486352 ], [ 76.127794814342707, 14.550664327049226 ], [ 76.127363014312849, 14.551711879337223 ], [ 76.127341882961943, 14.55176302026409 ], [ 76.127265472358175, 14.551974258012535 ], [ 76.126710090575116, 14.553302009283255 ], [ 76.126668213096281, 14.553399840586614 ], [ 76.126586423881832, 14.553588937877135 ], [ 76.126434621038939, 14.553838341926843 ], [ 76.126347863432287, 14.554054180902773 ], [ 76.126140996291582, 14.554451898528376 ], [ 76.125783744534274, 14.555141754208785 ], [ 76.125779546298347, 14.55515010480147 ], [ 76.125355953754834, 14.557090511381277 ], [ 76.125355953216769, 14.557090512296794 ], [ 76.125333113066034, 14.557208346964732 ], [ 76.125141323602179, 14.557514312736613 ], [ 76.124475861458691, 14.558575934156678 ], [ 76.124423152657059, 14.558660019383694 ], [ 76.123846188222643, 14.559580449728193 ], [ 76.123007003123305, 14.560285318554413 ], [ 76.122728560210064, 14.560531820938987 ], [ 76.120336645225279, 14.562402049137029 ], [ 76.120301245124892, 14.562429727545808 ], [ 76.120272723314471, 14.56245202853229 ], [ 76.120168153764709, 14.562533789397909 ], [ 76.119655845025861, 14.562488967059855 ], [ 76.11910512952754, 14.562441019566799 ], [ 76.11859601732418, 14.56239669306072 ], [ 76.117270810012073, 14.562281307094695 ], [ 76.116196477571677, 14.562181856596847 ], [ 76.116121283664157, 14.562174895625537 ], [ 76.115821151574806, 14.562147111706228 ], [ 76.114450768867229, 14.562082469851577 ], [ 76.115259397359509, 14.565842875123158 ], [ 76.115194375061904, 14.566347312677523 ], [ 76.115264517325187, 14.568069385057155 ], [ 76.117378284861232, 14.56919416148491 ], [ 76.119690195945637, 14.57089387810554 ], [ 76.121174689656129, 14.571973957579461 ], [ 76.121245480680599, 14.57203732304704 ], [ 76.122360913424885, 14.572857345491171 ], [ 76.123074185438313, 14.57304380506131 ], [ 76.123160817505806, 14.573067433545354 ], [ 76.124158691756662, 14.573339692488698 ], [ 76.124646605564507, 14.573472812376556 ], [ 76.124704046649526, 14.573488485351424 ], [ 76.126344431693852, 14.57409902012944 ], [ 76.126403324839018, 14.574196386709364 ], [ 76.126764886769848, 14.57472945889366 ], [ 76.127430863705754, 14.575619449248407 ], [ 76.128178697252039, 14.577964470314443 ], [ 76.128285584026557, 14.57832010568279 ], [ 76.128289899668289, 14.579167390273831 ], [ 76.128290500114645, 14.57933749788779 ], [ 76.128290725149469, 14.579407962826217 ], [ 76.128308600734769, 14.579735430661255 ], [ 76.128387852391668, 14.580161542371078 ], [ 76.128396641508118, 14.580208900346827 ], [ 76.12840403539505, 14.580248760942517 ], [ 76.128485255812961, 14.580687546210363 ], [ 76.128986183794581, 14.583446987703832 ], [ 76.129898888477157, 14.584139681098771 ], [ 76.130175926329272, 14.58460504225396 ], [ 76.130176082267241, 14.584610103931105 ], [ 76.130185339039542, 14.584625673020735 ], [ 76.130186314484305, 14.5846601777342 ], [ 76.130401717714705, 14.584802168201005 ], [ 76.131513854934553, 14.585537284991345 ], [ 76.131504964158751, 14.585556430917725 ], [ 76.131531000697549, 14.585573846494006 ], [ 76.13147432333642, 14.585690600571413 ], [ 76.131475680724122, 14.585724282472112 ], [ 76.131477199770174, 14.585761990911021 ], [ 76.131481318973741, 14.585864248648496 ], [ 76.131482474661325, 14.585892969467935 ], [ 76.131483474394713, 14.585917689937393 ], [ 76.131503758339505, 14.586367852522395 ], [ 76.131504237726631, 14.586378474011157 ], [ 76.131493562777322, 14.586973652581689 ], [ 76.131501296571329, 14.587193836798413 ], [ 76.131504938678077, 14.58729753600046 ], [ 76.131511583831127, 14.587486674885572 ], [ 76.131469837480907, 14.58804694228759 ], [ 76.131451578972317, 14.588291965057717 ], [ 76.131452817988531, 14.588658825805471 ], [ 76.131454081674832, 14.588788456913012 ], [ 76.13154054453932, 14.59056748336519 ], [ 76.13142217888516, 14.591540533907871 ], [ 76.13126916924513, 14.592747965942277 ], [ 76.131113420904867, 14.593695906239628 ], [ 76.131378177132149, 14.594453621092308 ], [ 76.133030781675515, 14.59477016723439 ], [ 76.133065632009277, 14.594776840464561 ], [ 76.13318488089547, 14.594799652650563 ], [ 76.133175886199297, 14.594820137440328 ], [ 76.133277939179919, 14.594840048136374 ], [ 76.133194103184422, 14.59503158039821 ], [ 76.132796288364773, 14.595940387379697 ], [ 76.134510733557988, 14.59609000043349 ], [ 76.134807336183044, 14.596131779838792 ], [ 76.135333151863449, 14.596372311015912 ], [ 76.135466447884738, 14.596432981796989 ], [ 76.135757339204687, 14.596564848565258 ], [ 76.135759698817097, 14.596565914650636 ], [ 76.135755912606086, 14.596587863167859 ], [ 76.13575566751112, 14.596589283501851 ], [ 76.135835703704899, 14.596626931746934 ], [ 76.135838037489165, 14.596628029597053 ], [ 76.135834549601711, 14.596650224358934 ], [ 76.135729105279182, 14.597321265483771 ], [ 76.136859618771197, 14.597498933840379 ], [ 76.136891122340984, 14.597520999766374 ], [ 76.138462064753014, 14.598661886270857 ], [ 76.139121481475058, 14.59912913979827 ], [ 76.139121654253202, 14.599155483189312 ], [ 76.139153578646415, 14.599177893909168 ], [ 76.139154038165643, 14.59937070522821 ], [ 76.139154040421374, 14.599372947130222 ], [ 76.139158578571667, 14.599405532158485 ], [ 76.139245842536099, 14.60177312925831 ], [ 76.139249197044379, 14.60186411102559 ], [ 76.139252471276762, 14.601952842231436 ], [ 76.140167585279414, 14.602052940780204 ], [ 76.141239493543708, 14.602035855863498 ], [ 76.14122507537212, 14.602063933316323 ], [ 76.141256434255851, 14.602063748084959 ], [ 76.141188235736522, 14.602197648893798 ], [ 76.140562175805243, 14.60342685181735 ], [ 76.140538873327202, 14.603469201342918 ], [ 76.140006240481071, 14.604437175030853 ], [ 76.139873398478997, 14.604686532519272 ], [ 76.139614371228433, 14.605172745973196 ], [ 76.139477418316176, 14.605391930776944 ], [ 76.13947718083827, 14.605406203331951 ], [ 76.13947590281515, 14.605481958165125 ], [ 76.139472974280707, 14.605655903981445 ], [ 76.139506596393005, 14.605666940433848 ], [ 76.139549261072091, 14.605680940157129 ], [ 76.139549176313267, 14.60571886538284 ], [ 76.139574475874042, 14.605726995852548 ], [ 76.13961646121318, 14.605740489930637 ], [ 76.139615730114699, 14.605901885713553 ], [ 76.139801804860994, 14.605928306421125 ], [ 76.139828489620484, 14.605932084927986 ], [ 76.139835158511545, 14.605980635170726 ], [ 76.13986485359095, 14.605984599407254 ], [ 76.139891157293135, 14.605988110377263 ], [ 76.139925270146691, 14.606243435355445 ], [ 76.140151802611797, 14.606247402821527 ], [ 76.140154441015781, 14.606299047963438 ], [ 76.14020950891711, 14.606299539923372 ], [ 76.140227771242351, 14.606683392384712 ], [ 76.14024979183705, 14.606941408250416 ], [ 76.1402911817855, 14.607426257805171 ], [ 76.140437802820259, 14.609143945560344 ], [ 76.140467715302634, 14.609494370796002 ], [ 76.140524977670012, 14.610165188526304 ], [ 76.140542322790111, 14.610494231471739 ], [ 76.140546824785559, 14.610579640691538 ], [ 76.140586858233576, 14.611339108855599 ], [ 76.140438536303918, 14.612355740282956 ], [ 76.140352880909319, 14.612991580560401 ], [ 76.140338918595504, 14.613081261042369 ], [ 76.14020936715653, 14.61391351195134 ], [ 76.14013346439593, 14.614284292086165 ], [ 76.140145806625796, 14.614285397569491 ], [ 76.140318651785705, 14.614300832407856 ], [ 76.140379528348618, 14.614306249748751 ], [ 76.142182854424846, 14.614462070636895 ], [ 76.142350716317651, 14.61447625011 ], [ 76.142629839850102, 14.614499788431479 ], [ 76.146083386016272, 14.614860829785426 ], [ 76.146031218171828, 14.614475714399092 ], [ 76.145972625812306, 14.614093369653132 ], [ 76.145960981993213, 14.614017362996432 ], [ 76.145874415947475, 14.613440524795738 ], [ 76.145799153712829, 14.612824731183075 ], [ 76.145671787251445, 14.61177386680431 ], [ 76.145650591588137, 14.61159762782269 ], [ 76.147013083987929, 14.611361849491818 ], [ 76.14832222258903, 14.611128916943564 ], [ 76.148392182531694, 14.61111741537443 ], [ 76.149954946540987, 14.611054640976837 ], [ 76.150048532751001, 14.611051171016783 ], [ 76.150200055067472, 14.611045533182526 ], [ 76.150820067928009, 14.611010750741505 ], [ 76.151055140205841, 14.611005079742768 ], [ 76.151480021890066, 14.610994739758549 ], [ 76.151534052108588, 14.610998220944136 ], [ 76.151557374408782, 14.610999723031922 ], [ 76.151597310382357, 14.611002293866013 ], [ 76.151745271470389, 14.611011817208682 ], [ 76.151906315703812, 14.611109376262466 ], [ 76.152394362727335, 14.611405213176104 ], [ 76.15263738644596, 14.611529537881589 ], [ 76.152675205146451, 14.611548887145473 ], [ 76.152953191338199, 14.611691127578611 ], [ 76.153715020583192, 14.612080931984385 ], [ 76.154443771240992, 14.612457168534261 ], [ 76.154452801785567, 14.612457614696478 ], [ 76.154534216327093, 14.612469527626802 ], [ 76.155023980873537, 14.61247413090226 ], [ 76.155469366233078, 14.612499828923728 ], [ 76.155960716322724, 14.612512240991407 ], [ 76.156531206291831, 14.612556394630285 ], [ 76.156870833699003, 14.612662763197388 ], [ 76.157019356916294, 14.612708005140011 ], [ 76.157192655411933, 14.61172813088406 ], [ 76.157308215037716, 14.610870782555889 ], [ 76.15838278896338, 14.610919438642629 ], [ 76.158404162264731, 14.610772703337528 ], [ 76.158475301997413, 14.610430824900179 ], [ 76.158546724259381, 14.610089040866228 ], [ 76.158590494149863, 14.609880209440989 ], [ 76.158687483288929, 14.609185937138262 ], [ 76.1587321424972, 14.609184646765765 ], [ 76.158757355996983, 14.609183916738026 ], [ 76.159552557358197, 14.609161039824238 ], [ 76.160119629235552, 14.609566473036168 ], [ 76.160215357298753, 14.60963491440384 ], [ 76.160257275620737, 14.609645032168581 ], [ 76.161082592879993, 14.609844161163176 ], [ 76.161133439044164, 14.610694504116587 ], [ 76.161271461080091, 14.610915469888656 ], [ 76.16132397316629, 14.610921199154348 ], [ 76.161366334508713, 14.610925820944175 ], [ 76.161773184385098, 14.610970171108788 ], [ 76.161985496133838, 14.611004046281188 ], [ 76.162874715903712, 14.611022787056658 ], [ 76.163380739030259, 14.610901955563735 ], [ 76.163385071727973, 14.610841274441853 ], [ 76.163420797633961, 14.610364211885225 ], [ 76.163423552281699, 14.61022414574496 ], [ 76.163442819308003, 14.609842495500022 ], [ 76.163464933131294, 14.609469946877489 ], [ 76.163496191060815, 14.609478226985571 ], [ 76.163887787959609, 14.609581898987628 ], [ 76.163918992888739, 14.609590157605487 ], [ 76.164001352969535, 14.609622424010247 ], [ 76.163777780012353, 14.608504425835925 ], [ 76.163538407547193, 14.607282614063415 ], [ 76.163275092665117, 14.606290926909013 ], [ 76.163158880044023, 14.605940179690467 ], [ 76.163333597739694, 14.605363117955658 ], [ 76.163358198150164, 14.60528155030816 ], [ 76.163667668112453, 14.604261250943059 ], [ 76.163796279003321, 14.60377916609975 ], [ 76.163868105226456, 14.60344807676476 ], [ 76.163884313929429, 14.603373677992423 ], [ 76.163901177634315, 14.603296384087994 ], [ 76.164159072341974, 14.602287993943508 ], [ 76.164163567141827, 14.602270514568177 ], [ 76.163977425571716, 14.601672139311304 ], [ 76.163976811191446, 14.601472737526066 ], [ 76.164012378996219, 14.601213638361532 ], [ 76.164050832624056, 14.600731070186351 ], [ 76.164052497029957, 14.600626583222475 ], [ 76.164387836606295, 14.600608416110694 ], [ 76.165258164713592, 14.600687587158864 ], [ 76.165304814732892, 14.60074157733867 ], [ 76.165374065936959, 14.600854244715491 ], [ 76.165423789357561, 14.600862881720682 ], [ 76.165603149115356, 14.600894128198643 ], [ 76.165956752336484, 14.600966029704304 ], [ 76.166342907619409, 14.601041650601745 ], [ 76.166506044025354, 14.601072253353095 ], [ 76.16658275950978, 14.600634611990499 ], [ 76.166849216547064, 14.600665468214 ], [ 76.16734038954371, 14.600744017410873 ], [ 76.167867312932273, 14.600825635579005 ], [ 76.168057209763973, 14.600851739765767 ], [ 76.168117503973107, 14.600860061123269 ], [ 76.168389822714488, 14.60089778726304 ], [ 76.168684863259173, 14.600945840360996 ], [ 76.168997528554641, 14.600993360027298 ], [ 76.169107144027976, 14.601010070761744 ], [ 76.16956097106096, 14.60108320024664 ], [ 76.170083942622469, 14.601166322870144 ], [ 76.17011244593229, 14.601170162925598 ], [ 76.170477636017139, 14.601219474668149 ], [ 76.170712351771542, 14.601259817463676 ], [ 76.171111456579993, 14.60133579474495 ], [ 76.171541193379213, 14.601422065836182 ], [ 76.17172863933709, 14.601459572230674 ], [ 76.172030288447502, 14.60143343639872 ], [ 76.172658079190313, 14.60141385615897 ], [ 76.173011894308985, 14.601407952129648 ], [ 76.173582025488329, 14.601466310853169 ], [ 76.173775436408064, 14.601481310643956 ], [ 76.17413788430548, 14.601509456261192 ], [ 76.174609955510348, 14.601545716067509 ], [ 76.174699926737773, 14.60155261892068 ], [ 76.175108541058222, 14.601592321312074 ], [ 76.175252902148145, 14.60160636093805 ], [ 76.175677301835989, 14.60168196420444 ], [ 76.176102082016072, 14.60175191303553 ], [ 76.176648997278633, 14.601861544975867 ], [ 76.17697746212626, 14.601900068893165 ], [ 76.177366545369068, 14.601934810672425 ], [ 76.177532404854801, 14.601939707760433 ], [ 76.177657390480476, 14.601941838705489 ], [ 76.178199562983025, 14.602015356726548 ], [ 76.178621799016909, 14.602071564085525 ], [ 76.178910048286866, 14.602337091167231 ], [ 76.179834870852147, 14.602455032636865 ], [ 76.179954423808468, 14.60247204679931 ], [ 76.180104462818946, 14.602511454831189 ], [ 76.180509613004844, 14.602585973943443 ], [ 76.180523005771079, 14.602588438250091 ], [ 76.180700164564556, 14.602588044517059 ], [ 76.18076575943681, 14.602587892493581 ], [ 76.180825176398528, 14.602703583976943 ], [ 76.181276392271698, 14.602689596253615 ], [ 76.181694179389623, 14.602673781860155 ], [ 76.181783614111424, 14.60267034938907 ], [ 76.181851786856626, 14.602667585949712 ], [ 76.181853542427291, 14.60270237505453 ], [ 76.181865539650033, 14.602937324156951 ], [ 76.181885287790863, 14.60311952624847 ], [ 76.181868389941997, 14.603729205010261 ], [ 76.181866800146693, 14.603788367120808 ], [ 76.181953963719295, 14.603793618888028 ], [ 76.183002158099683, 14.603856067553542 ], [ 76.183100651692428, 14.603861842704276 ], [ 76.183085872036202, 14.604722034469763 ], [ 76.183044516309977, 14.605643247914097 ], [ 76.183069451965494, 14.606882498454498 ], [ 76.183052808153249, 14.607581835487025 ], [ 76.183043153761417, 14.607987497655172 ], [ 76.183108205016595, 14.608062103494873 ], [ 76.183210781710471, 14.608154879791247 ], [ 76.183195297833578, 14.608197679719801 ], [ 76.184067398678181, 14.608703699770928 ], [ 76.184631684493795, 14.609019600935154 ], [ 76.185639164851494, 14.609330198116156 ], [ 76.18619634488428, 14.609809095992361 ], [ 76.186202883293745, 14.6097469916382 ], [ 76.186203990296889, 14.609736514267009 ], [ 76.186223554058401, 14.609579205765304 ], [ 76.186323422141243, 14.609619397863199 ], [ 76.186549293493997, 14.609710300599483 ], [ 76.18669555771136, 14.609769164202541 ], [ 76.186720707579425, 14.609779285599817 ], [ 76.186757861623619, 14.609794238270819 ], [ 76.187737726469649, 14.61019440104393 ], [ 76.18871769132592, 14.610575078104789 ], [ 76.189690350530896, 14.610943849171948 ], [ 76.190612921542041, 14.61131657798275 ], [ 76.191530235487804, 14.611694303477078 ], [ 76.192420290693263, 14.612057382608793 ], [ 76.192494831174571, 14.61209310465614 ], [ 76.193085076263216, 14.612376321306163 ], [ 76.193269579087087, 14.612464912077973 ], [ 76.193997873739193, 14.612808241445814 ], [ 76.194050998359089, 14.612903019383408 ], [ 76.19443484946089, 14.613501492815891 ], [ 76.194802140327894, 14.614135053320837 ], [ 76.195092583745577, 14.614602542615218 ], [ 76.195191046110978, 14.614761023640364 ], [ 76.195509522487853, 14.615280815689784 ], [ 76.195568653052831, 14.615377322427815 ], [ 76.196152978370051, 14.616349556954148 ], [ 76.196618144446745, 14.617094831598855 ], [ 76.196927522968323, 14.617561223661852 ], [ 76.197853345926617, 14.617847324580366 ], [ 76.198856613159521, 14.618151571216684 ], [ 76.199867266071081, 14.618462303846623 ], [ 76.200218082946023, 14.618566689109054 ], [ 76.200877417906142, 14.618762871939857 ], [ 76.201887917772908, 14.61907031021596 ], [ 76.202898187713501, 14.619371031245505 ], [ 76.20391561748464, 14.6196681119764 ], [ 76.204922874653747, 14.619982708195401 ], [ 76.205936838790919, 14.620283470461169 ], [ 76.206940187767074, 14.620591568222476 ], [ 76.207518957937623, 14.620764744598644 ], [ 76.211318268708467, 14.621547614497926 ], [ 76.212351175163107, 14.621336117704763 ], [ 76.21300698211023, 14.621201802713429 ], [ 76.214769175597681, 14.620842872657066 ], [ 76.216097039697701, 14.62055930506741 ], [ 76.217783440350487, 14.620233825630704 ], [ 76.218800275669253, 14.620006382936444 ], [ 76.2194716685608, 14.619856003732963 ], [ 76.221090327199477, 14.619537345092306 ], [ 76.221258971784678, 14.619499941988542 ], [ 76.2219465029617, 14.619347322581678 ], [ 76.223185960549941, 14.619071631622891 ], [ 76.224830141127285, 14.61873295450712 ], [ 76.225224599855267, 14.618647373570498 ], [ 76.225516772331957, 14.61858395546049 ], [ 76.225665982760603, 14.618551555483288 ], [ 76.226170133361265, 14.618442049358277 ], [ 76.226321429586164, 14.618410486831925 ], [ 76.227728346002237, 14.618117078513841 ], [ 76.228860556349815, 14.61789285916039 ], [ 76.229145374157142, 14.617848851106594 ], [ 76.229186075233969, 14.617360937432373 ], [ 76.229229372455805, 14.616443579965607 ], [ 76.229291899545146, 14.615520422431304 ], [ 76.229314554015062, 14.615022107846064 ], [ 76.229333968212856, 14.614592345735923 ], [ 76.229387622408098, 14.613651237740594 ], [ 76.229419135638437, 14.612739485345394 ], [ 76.229463768065244, 14.611785163564781 ], [ 76.229504040054437, 14.610793595823486 ], [ 76.230168930979687, 14.610003701503219 ], [ 76.231014795832408, 14.609031490591859 ], [ 76.231839699190473, 14.608067048919326 ], [ 76.232699258006264, 14.607029074443648 ], [ 76.232833309473051, 14.606862431538811 ], [ 76.233449656755852, 14.606157628835982 ], [ 76.2340393097098, 14.605462805660663 ], [ 76.234661048139074, 14.604795395151918 ], [ 76.234747289627066, 14.604704593338303 ], [ 76.234778293288898, 14.604672077999769 ], [ 76.234897906820848, 14.604530876788195 ], [ 76.237614800268148, 14.601315299979133 ], [ 76.241680389007342, 14.596321412066143 ], [ 76.241950137134069, 14.595986892927659 ], [ 76.244724673210172, 14.590853052830779 ], [ 76.244738181381678, 14.590828042173372 ], [ 76.245454267991661, 14.5895526295526 ], [ 76.245483293481811, 14.589500929636335 ], [ 76.246470561408586, 14.587451083113319 ], [ 76.249723233870796, 14.580905566525486 ], [ 76.249685709487125, 14.580094793455764 ], [ 76.249723917951741, 14.579863620203881 ], [ 76.24979543394646, 14.579431077464424 ], [ 76.249978545940294, 14.578204865237645 ], [ 76.250182559177716, 14.576944133404233 ], [ 76.250459209592663, 14.575258585075822 ], [ 76.250651138536668, 14.573821744390242 ], [ 76.250728060892627, 14.573273330965081 ], [ 76.250762368674941, 14.573028862117088 ], [ 76.250047730207967, 14.572613097473589 ], [ 76.249849843369731, 14.57249561832141 ], [ 76.248672177247897, 14.571796466131172 ], [ 76.247154580710742, 14.570906378696883 ], [ 76.245699953127087, 14.570041604111633 ], [ 76.245117008704199, 14.5697162394606 ], [ 76.243830102623676, 14.568974847367972 ], [ 76.242373709088952, 14.568122459189324 ], [ 76.242170797403503, 14.568007255897463 ], [ 76.244188980924349, 14.567850325875654 ], [ 76.254201894718165, 14.559582876912774 ], [ 76.254686684010608, 14.559190676141668 ], [ 76.254696862331826, 14.559182444277003 ], [ 76.254706210360681, 14.559153916485013 ], [ 76.254708238528906, 14.559147726092514 ], [ 76.254735289948343, 14.559151365932188 ], [ 76.255100185045293, 14.559199715444541 ], [ 76.262616518595081, 14.560178389367923 ], [ 76.263236659230799, 14.560259013695287 ], [ 76.263496876649484, 14.560188684878549 ], [ 76.26465140548288, 14.559876690275086 ], [ 76.265042925898172, 14.559741157653537 ], [ 76.266566528247793, 14.559228817738532 ], [ 76.26814294486249, 14.558716092666497 ], [ 76.269726438604195, 14.55819268126254 ], [ 76.270330635499604, 14.557994814032194 ], [ 76.270506380191932, 14.557937269111781 ], [ 76.270932672147183, 14.557798996390071 ], [ 76.270960390647843, 14.557218070252011 ], [ 76.270966553494063, 14.557132380970277 ], [ 76.271034147396847, 14.556197812635377 ], [ 76.271108431556542, 14.555145714558021 ], [ 76.271169160935571, 14.554098476519872 ], [ 76.271241170783057, 14.552943102161052 ], [ 76.271304362076748, 14.552089289476976 ], [ 76.271352014913006, 14.551413850504373 ], [ 76.271372757020075, 14.551120412979312 ], [ 76.271374565103088, 14.551084786146193 ], [ 76.271430743728388, 14.55070649195939 ], [ 76.27156794716872, 14.550465036075936 ], [ 76.271705982102006, 14.550224108046638 ], [ 76.272039359154434, 14.549641592499313 ], [ 76.272378190483991, 14.549065220999649 ], [ 76.272508491844931, 14.548837031681186 ], [ 76.272706119114275, 14.54849108512277 ], [ 76.272837977185318, 14.548269389397197 ], [ 76.273044412458944, 14.547922465458004 ], [ 76.273332163162465, 14.54741864416969 ], [ 76.273607125947876, 14.546933488873593 ], [ 76.273615967969818, 14.54687177142652 ], [ 76.27362015351035, 14.546811958587448 ], [ 76.273668806259934, 14.546268584663437 ], [ 76.273719082901593, 14.54572714540846 ], [ 76.273766275009649, 14.545257970258803 ], [ 76.273774465328955, 14.54517597252671 ], [ 76.273779717362387, 14.545127946296088 ], [ 76.27383531474085, 14.5446142974923 ], [ 76.273894624411199, 14.544049392823776 ], [ 76.273954202146626, 14.543488219137867 ], [ 76.273970564159384, 14.543067508510919 ], [ 76.274001871193988, 14.543031920080834 ], [ 76.27401195011889, 14.542977309343806 ], [ 76.274032210600936, 14.542919498338179 ], [ 76.274048136458759, 14.542828860029811 ], [ 76.27412150266143, 14.542407766077828 ], [ 76.274137636857802, 14.54231414265341 ], [ 76.274208175224572, 14.541899701858073 ], [ 76.274277417506767, 14.541541035320407 ], [ 76.274416306105323, 14.541009811311174 ], [ 76.274443495122512, 14.540573817213797 ], [ 76.274476885694838, 14.540170298551022 ], [ 76.274497457743649, 14.539942644685503 ], [ 76.274498383842015, 14.5398465839765 ], [ 76.274499408027566, 14.539203022512821 ], [ 76.274504109369133, 14.539161598184419 ], [ 76.274511644387445, 14.538921987280272 ], [ 76.274510689002497, 14.538880797190023 ] ] ] } },
{ "type": "Feature", "properties": { "OBJECTID": 268, "KGISHobliID": 929, "KGISHobliCode": "140303", "KGISHobliName": "Sokke", "BhuCodeHobli": null, "SHAPE.STArea()": 317873577.30296975, "SHAPE.STLength()": 114130.97381495233, "KGISTalukCode": "1403", "created_user": null, "created_date": null, "last_edited_user": null, "last_edited_date": null, "_overlap_percent": 35.504821694494481, "_police_station": "Bilichodu PS", "_police_feature_index": "208", "_admin_layer": "Hobli", "_geometry_clipped": true }, "geometry": { "type": "MultiPolygon", "coordinates": [ [ [ [ 76.177380243831735, 14.70195649877745 ], [ 76.182452264907155, 14.699514380821926 ], [ 76.182876713787593, 14.699567283249195 ], [ 76.183068549275646, 14.699593369905839 ], [ 76.183505814052367, 14.699652382665128 ], [ 76.183847796702949, 14.699695991731279 ], [ 76.183918863970931, 14.699756090875701 ], [ 76.183935713482043, 14.699758468822679 ], [ 76.184121854217437, 14.699916719232451 ], [ 76.185527457169272, 14.699599591059657 ], [ 76.185573906875959, 14.699589146832459 ], [ 76.18627043193284, 14.699432858621547 ], [ 76.18634771047013, 14.699415957659207 ], [ 76.187255679441506, 14.69917918873926 ], [ 76.188116722621061, 14.698954653434207 ], [ 76.188159164129814, 14.698943766402035 ], [ 76.188951507109579, 14.698740520622064 ], [ 76.190921988117267, 14.698303053017785 ], [ 76.190954118138166, 14.69829614349352 ], [ 76.191715661217032, 14.698132378685559 ], [ 76.193461778525815, 14.69778765970268 ], [ 76.193464821398962, 14.6977870591755 ], [ 76.193468605506624, 14.697786312006622 ], [ 76.193465743085952, 14.697770546954018 ], [ 76.193467033569888, 14.69777030076119 ], [ 76.193531696812485, 14.697757944292443 ], [ 76.193591430948899, 14.697746523471565 ], [ 76.193579030948669, 14.697684618014284 ], [ 76.193521010757834, 14.69739496851742 ], [ 76.193503161502591, 14.697305753993254 ], [ 76.193240888050369, 14.695994872778218 ], [ 76.193193257283056, 14.695483844085778 ], [ 76.193183987593557, 14.695384361421974 ], [ 76.193140445805966, 14.694917059508848 ], [ 76.193130894597715, 14.69481463222858 ], [ 76.19313042267386, 14.69481118237546 ], [ 76.192999042461409, 14.693850169654675 ], [ 76.192971522003162, 14.693644315141901 ], [ 76.192971500542626, 14.693644125417492 ], [ 76.192955629755701, 14.693525424700793 ], [ 76.192934195155772, 14.693365115496007 ], [ 76.192880739912496, 14.692814601924105 ], [ 76.192878610124367, 14.692792632718724 ], [ 76.192865143244234, 14.692689228439983 ], [ 76.192832490202036, 14.692438500716372 ], [ 76.192798425875054, 14.692177026543746 ], [ 76.192741746149991, 14.691500159103343 ], [ 76.192747239409201, 14.691366826160264 ], [ 76.19274727557395, 14.691365789114787 ], [ 76.192753224229676, 14.691220707575503 ], [ 76.192781406719817, 14.690533363433088 ], [ 76.192781041252474, 14.690348029583568 ], [ 76.192780672160055, 14.6901851378411 ], [ 76.192780016418226, 14.689895264346243 ], [ 76.192778878003793, 14.689391924061107 ], [ 76.192778440304778, 14.689213461682067 ], [ 76.192796865431475, 14.689024350253426 ], [ 76.192927149728789, 14.687687129487806 ], [ 76.192949200949641, 14.687458610481913 ], [ 76.193002646924413, 14.686904745726173 ], [ 76.193004686329942, 14.686883530691199 ], [ 76.192931031223324, 14.686839205837591 ], [ 76.192880066618741, 14.686808535516271 ], [ 76.192897434421369, 14.686685275074929 ], [ 76.192811121404489, 14.686636412181794 ], [ 76.19282765667306, 14.68650261476103 ], [ 76.192915102156292, 14.685806536293175 ], [ 76.193031838943412, 14.684906585505232 ], [ 76.193170899953728, 14.683777605263453 ], [ 76.193286795655382, 14.682838251654839 ], [ 76.193414103027365, 14.681894174817501 ], [ 76.19346947588744, 14.681448941590819 ], [ 76.193470584761016, 14.681440055233415 ], [ 76.193482769921943, 14.681437084513226 ], [ 76.19409178420581, 14.681288209074895 ], [ 76.19469972371121, 14.681143032171635 ], [ 76.195048827330822, 14.681048915465857 ], [ 76.19527607436504, 14.681002691695612 ], [ 76.195953923543442, 14.680853199568269 ], [ 76.196632559660543, 14.680704145320204 ], [ 76.19730779166764, 14.680557888232517 ], [ 76.197791215905482, 14.680452362837054 ], [ 76.197828486554997, 14.680444227362091 ], [ 76.19782860342066, 14.680444201447981 ], [ 76.197983029437509, 14.680410492011806 ], [ 76.19804754791268, 14.680395729913609 ], [ 76.198489699156582, 14.680294562573998 ], [ 76.198618027790445, 14.680262723049632 ], [ 76.198624330199877, 14.680261159186172 ], [ 76.198648319436657, 14.680255210149655 ], [ 76.198810462237688, 14.680221540801924 ], [ 76.19892812873033, 14.680197106369571 ], [ 76.198975625676866, 14.680186657078428 ], [ 76.199055770326069, 14.680170090149197 ], [ 76.199055961400362, 14.680170049387714 ], [ 76.199318624558387, 14.680115732747058 ], [ 76.199992735775837, 14.679978249660783 ], [ 76.200666296441526, 14.679836373304067 ], [ 76.200965142054756, 14.679773486132691 ], [ 76.201215146314198, 14.679616117504882 ], [ 76.201660201771688, 14.6793336916519 ], [ 76.20193432769338, 14.679158125259738 ], [ 76.20323680099925, 14.67837975089596 ], [ 76.203312245072937, 14.678334691083769 ], [ 76.203634137002922, 14.678126156055811 ], [ 76.204283298984933, 14.677711394566733 ], [ 76.204852491807387, 14.677362724420661 ], [ 76.204930688805874, 14.67731483577858 ], [ 76.205071440423282, 14.677222138060017 ], [ 76.205267553655275, 14.676966634063643 ], [ 76.205495835967412, 14.676663449263302 ], [ 76.205960682707399, 14.676056887848846 ], [ 76.206303584343971, 14.675599343344436 ], [ 76.206426331843858, 14.675435548769682 ], [ 76.206896778768098, 14.674816319166993 ], [ 76.207367231694519, 14.674198146383745 ], [ 76.207837559498486, 14.673578793770295 ], [ 76.208305547565914, 14.672949308154777 ], [ 76.208772425713718, 14.672335641614692 ], [ 76.20923052709864, 14.671724505892467 ], [ 76.209458169656472, 14.671398747183247 ], [ 76.209532283213051, 14.67141794863721 ], [ 76.209558874848042, 14.671424842201908 ], [ 76.209676408592586, 14.671276638823105 ], [ 76.209928465464557, 14.670991142974552 ], [ 76.210021591042462, 14.670873872099097 ], [ 76.210369119953683, 14.670476389085682 ], [ 76.210741667972698, 14.670037159125505 ], [ 76.211040817045941, 14.669700570271784 ], [ 76.211159419760122, 14.669561352491481 ], [ 76.211557706841063, 14.669103092445971 ], [ 76.212033058881147, 14.668532265123176 ], [ 76.212360584100281, 14.668078654178982 ], [ 76.212976808271392, 14.667220330716802 ], [ 76.213003844040514, 14.667182673901625 ], [ 76.213119008794337, 14.667022262442403 ], [ 76.213492997293073, 14.666574818600074 ], [ 76.213874063471749, 14.666131557019135 ], [ 76.214250407479639, 14.665689497450465 ], [ 76.214616395596153, 14.665240350111397 ], [ 76.214981956163143, 14.664791224408072 ], [ 76.215347361900569, 14.66434207010205 ], [ 76.21557085105249, 14.664074960549074 ], [ 76.215716795387763, 14.663900530085916 ], [ 76.216078023917916, 14.663454655470556 ], [ 76.216439805988031, 14.663008726863012 ], [ 76.216800992330434, 14.662564979467446 ], [ 76.217162157560978, 14.662121198262122 ], [ 76.217523315749062, 14.661679593380684 ], [ 76.217884454229562, 14.661236863590039 ], [ 76.218241506208557, 14.660793044663468 ], [ 76.218613729456024, 14.660348128792394 ], [ 76.218976490002106, 14.659900284350172 ], [ 76.219335631787558, 14.659449965259375 ], [ 76.219695588847102, 14.658998903786424 ], [ 76.220055106649696, 14.658547420188039 ], [ 76.220245052171435, 14.658313601575195 ], [ 76.220412362862788, 14.658106981845604 ], [ 76.220766171091356, 14.657679970626182 ], [ 76.221069433809106, 14.657412653850272 ], [ 76.22112928552049, 14.657359896681234 ], [ 76.221149350382376, 14.657342215438243 ], [ 76.221657371663937, 14.656903124307085 ], [ 76.221776922067647, 14.656800765345263 ], [ 76.222163664270639, 14.656469632329811 ], [ 76.222669402563639, 14.656038345264585 ], [ 76.223175161802487, 14.655607009205696 ], [ 76.223337761031033, 14.655463619767655 ], [ 76.22359907171176, 14.655239395993521 ], [ 76.223896393559713, 14.654983297449739 ], [ 76.223942801002394, 14.654964997363107 ], [ 76.224172780337099, 14.654761269059335 ], [ 76.224671068287904, 14.654323048662622 ], [ 76.225169353998822, 14.653890464484622 ], [ 76.225345329816136, 14.653736781271643 ], [ 76.225369723969109, 14.653715153676771 ], [ 76.225667657320926, 14.653456725807819 ], [ 76.226161926155953, 14.653017304320217 ], [ 76.226525978933864, 14.652694463603114 ], [ 76.226656195442558, 14.652578987458977 ], [ 76.2271504687412, 14.652142914204759 ], [ 76.227192073231592, 14.652106787303303 ], [ 76.227648797714465, 14.651710197654646 ], [ 76.228139038502476, 14.65127181792149 ], [ 76.228192759748836, 14.651223901526841 ], [ 76.22858192534909, 14.650876787642716 ], [ 76.228629280736939, 14.650834549152613 ], [ 76.229123578736477, 14.650406315803286 ], [ 76.229617886711466, 14.64997805345142 ], [ 76.230107554700794, 14.649557732555852 ], [ 76.23032309038318, 14.649356186026269 ], [ 76.230339327753995, 14.649343045968962 ], [ 76.230437072755223, 14.649263960740313 ], [ 76.230472361093845, 14.649235408523978 ], [ 76.230590426198887, 14.649360886618753 ], [ 76.230797010280355, 14.649603971672979 ], [ 76.230808646334594, 14.64961766397667 ], [ 76.230906521081323, 14.649727728412044 ], [ 76.230677669983649, 14.649320406521207 ], [ 76.230116919485695, 14.648310768424865 ], [ 76.229549420413861, 14.647300751066872 ], [ 76.228910341815208, 14.646094937075116 ], [ 76.228420266172691, 14.645294630004873 ], [ 76.227895563192192, 14.64433029480584 ], [ 76.227256773575505, 14.643190273960613 ], [ 76.227196305407588, 14.643082364231001 ], [ 76.226671599424748, 14.642095934149346 ], [ 76.226635055167833, 14.642027239777267 ], [ 76.226164079372239, 14.641189369822211 ], [ 76.22743586040815, 14.640020184974901 ], [ 76.228911365159689, 14.638682148527511 ], [ 76.230362588136089, 14.638041787388373 ], [ 76.230487821238995, 14.637975015656306 ], [ 76.230837996214618, 14.637788307761449 ], [ 76.23242929956433, 14.637578374774636 ], [ 76.232833953499934, 14.637524990191837 ], [ 76.233284783034605, 14.637123199114869 ], [ 76.233343012103788, 14.637071303976404 ], [ 76.234124175670573, 14.636296501201441 ], [ 76.2342351621554, 14.63619062878459 ], [ 76.233559074438119, 14.635174245127779 ], [ 76.232731673048519, 14.63418881002027 ], [ 76.232536363607991, 14.634003102120863 ], [ 76.232495865919915, 14.633907961404027 ], [ 76.232495231878417, 14.6339064768285 ], [ 76.232491173441872, 14.633896939750914 ], [ 76.232078401776249, 14.632927216359594 ], [ 76.231837194976322, 14.632341254676183 ], [ 76.231110159539583, 14.632197430153017 ], [ 76.230366296025963, 14.632066015988334 ], [ 76.230245889687538, 14.631794608065299 ], [ 76.230189623129576, 14.631717069935563 ], [ 76.230182812695844, 14.631707305981383 ], [ 76.229922649535581, 14.631334348260211 ], [ 76.229327211523966, 14.631252194955911 ], [ 76.228960445398911, 14.630296733072905 ], [ 76.228933856635379, 14.630227462078821 ], [ 76.228932843316088, 14.628472700401536 ], [ 76.228814193960375, 14.627496101923494 ], [ 76.228745485925941, 14.626947939254366 ], [ 76.228763971641555, 14.6266306036137 ], [ 76.22884822763929, 14.625380433131735 ], [ 76.228877701838798, 14.624556597774804 ], [ 76.228913624268344, 14.623699325786149 ], [ 76.228956297959243, 14.62319225669318 ], [ 76.228986201082307, 14.622836947378794 ], [ 76.229017867214836, 14.622003954873986 ], [ 76.229036312607292, 14.621659212798734 ], [ 76.229046089696354, 14.621476522279647 ], [ 76.229065286257111, 14.621117784587675 ], [ 76.229126930347974, 14.620214060984582 ], [ 76.2291687131532, 14.619301026318425 ], [ 76.229210495907623, 14.618387988890118 ], [ 76.22921896446816, 14.618276335581239 ], [ 76.229240731745847, 14.617989253719587 ], [ 76.229277556829501, 14.617503524590498 ], [ 76.229314441025238, 14.616590577981839 ], [ 76.229370793377413, 14.615672434796833 ], [ 76.229390461340856, 14.615176986187148 ], [ 76.229407417617296, 14.614749814264913 ], [ 76.22945596837873, 14.613814874767236 ], [ 76.229483244485792, 14.61290948337369 ], [ 76.229524120109531, 14.611962586744008 ], [ 76.229561578557806, 14.610979458861783 ], [ 76.23022238880958, 14.610207408566209 ], [ 76.231067257635473, 14.609260142325468 ], [ 76.231892646314421, 14.608318073844051 ], [ 76.232752773445213, 14.60730034506016 ], [ 76.232886593078277, 14.607136391750357 ], [ 76.23350050421422, 14.606441768706235 ], [ 76.234084728760919, 14.60575189710794 ], [ 76.23469633333184, 14.605081615734884 ], [ 76.234780585363936, 14.604989280453044 ], [ 76.234810831741058, 14.604956130914047 ], [ 76.234927183116, 14.604811892434308 ], [ 76.237598615285066, 14.601500129904093 ], [ 76.241661794731485, 14.596407573235485 ], [ 76.243359011094554, 14.596369640228257 ], [ 76.243751701057192, 14.596322403205411 ], [ 76.244218274399245, 14.596269376859833 ], [ 76.245188991438823, 14.596159049543454 ], [ 76.246190495540731, 14.596056469033206 ], [ 76.246268910155294, 14.596048439003049 ], [ 76.246144666613603, 14.595276937654216 ], [ 76.24661975878, 14.59523869080143 ], [ 76.24669700532435, 14.595232471204007 ], [ 76.247451737802734, 14.595153758220365 ], [ 76.248204260845171, 14.595086827900738 ], [ 76.248841924756391, 14.595035757754857 ], [ 76.248954841988137, 14.595019846818289 ], [ 76.249701589187893, 14.594950793005646 ], [ 76.250448291170301, 14.594883709531267 ], [ 76.251194992501581, 14.594816623703407 ], [ 76.251920315404561, 14.594750971761293 ], [ 76.252643390849059, 14.594681130738822 ], [ 76.253312686947623, 14.594622144481708 ], [ 76.253423419049525, 14.594610777437781 ], [ 76.254100454125506, 14.594541277686551 ], [ 76.254359969921182, 14.594515964552011 ], [ 76.254919063539816, 14.594461429390833 ], [ 76.255512308673872, 14.59441473373513 ], [ 76.255675856235683, 14.594228321890466 ], [ 76.256109610340999, 14.593704162819545 ], [ 76.256554360661553, 14.593189405678679 ], [ 76.256939379232804, 14.592735895631131 ], [ 76.257368354759663, 14.592809420249527 ], [ 76.258172586334808, 14.59295169254518 ], [ 76.25896790267916, 14.593091459080192 ], [ 76.25974800020218, 14.593210304083941 ], [ 76.259910955618054, 14.593342169869995 ], [ 76.260465410839004, 14.593714319726303 ], [ 76.260646536996674, 14.593829166463152 ], [ 76.260821359170791, 14.593940017225375 ], [ 76.261465307180956, 14.594322396691208 ], [ 76.261613829374525, 14.594412087040343 ], [ 76.261743181518867, 14.594490198993537 ], [ 76.262098048102501, 14.594704493996192 ], [ 76.262602873641569, 14.595015686614943 ], [ 76.262717341682318, 14.595086249036607 ], [ 76.263323710313912, 14.595444862999832 ], [ 76.263896818562756, 14.595786668979629 ], [ 76.264434533580427, 14.596107048708642 ], [ 76.264874997088071, 14.596364524948989 ], [ 76.265523861875678, 14.596859463676687 ], [ 76.265961473780536, 14.596572074660241 ], [ 76.266657259368799, 14.596112537762906 ], [ 76.267289260477298, 14.595691787081474 ], [ 76.267936590679668, 14.595282175162033 ], [ 76.268583918387449, 14.594872559818231 ], [ 76.269208085809822, 14.594477832228529 ], [ 76.269746811075436, 14.59415236729672 ], [ 76.269832970647229, 14.594100317841615 ], [ 76.270502511268148, 14.593688755362425 ], [ 76.270795150542938, 14.593490055257391 ], [ 76.270690990992037, 14.591682245221747 ], [ 76.270688105321355, 14.591652190716337 ], [ 76.270679736446439, 14.59156176981057 ], [ 76.270633900420648, 14.591066396362196 ], [ 76.270635520121971, 14.590772434393013 ], [ 76.270584554179194, 14.590514563482994 ], [ 76.270606299877016, 14.590487416770349 ], [ 76.270783476163615, 14.590266228227309 ], [ 76.27116160469194, 14.589759106367261 ], [ 76.271214197551501, 14.589688575202066 ], [ 76.271539729699271, 14.589251987639136 ], [ 76.271913419866934, 14.588743576396734 ], [ 76.272288657891778, 14.588237970256928 ], [ 76.272666108962099, 14.587733009645255 ], [ 76.273037577575479, 14.587223953663429 ], [ 76.273409673308137, 14.58673627783141 ], [ 76.273781765586705, 14.586248601529446 ], [ 76.274041635843602, 14.58589315597874 ], [ 76.274439876063013, 14.585378450647703 ], [ 76.274897258421802, 14.584774872004285 ], [ 76.275387868538957, 14.584153205605745 ], [ 76.27545680218401, 14.584065856688611 ], [ 76.276019232316656, 14.58335675037187 ], [ 76.276572801447699, 14.582642366131807 ], [ 76.277129446693451, 14.581933435651665 ], [ 76.277686087534306, 14.581224505001503 ], [ 76.278086746733734, 14.580687083823292 ], [ 76.278248695279274, 14.580520941759323 ], [ 76.27872416649393, 14.579889531778665 ], [ 76.279183836945748, 14.579303047416587 ], [ 76.279316999040148, 14.579140582322266 ], [ 76.279646586520514, 14.578722023428183 ], [ 76.279804111102052, 14.578511584547325 ], [ 76.279864678529293, 14.578423594267811 ], [ 76.280293630080592, 14.577868621068854 ], [ 76.280818578774344, 14.577163451104756 ], [ 76.280993334721444, 14.576949691809146 ], [ 76.281272686990093, 14.576416057806853 ], [ 76.281400976686697, 14.576168472002575 ], [ 76.281641304480004, 14.575704665363373 ], [ 76.282012807649224, 14.574993182525173 ], [ 76.282385362182978, 14.574312215578574 ], [ 76.282728652288156, 14.573621053934907 ], [ 76.282891769983422, 14.573321563721024 ], [ 76.282911166509336, 14.573066188862112 ], [ 76.282921582249315, 14.572929041199759 ], [ 76.283009497353618, 14.572209764649852 ], [ 76.28310905935767, 14.571492900989155 ], [ 76.283110895928459, 14.571474896740705 ], [ 76.283184656268631, 14.570751790910185 ], [ 76.283295766916652, 14.570034565491609 ], [ 76.283325085622224, 14.569711488499907 ], [ 76.283382626792587, 14.569284771588036 ], [ 76.283438074019202, 14.568713704203237 ], [ 76.283473426839819, 14.568565404012729 ], [ 76.283519570023429, 14.568104006038658 ], [ 76.283553921400696, 14.567760522578178 ], [ 76.283599365323596, 14.56735234347769 ], [ 76.283659313767814, 14.567039910541729 ], [ 76.283808801566892, 14.566200628975803 ], [ 76.283948084650291, 14.56535843296202 ], [ 76.284077834979158, 14.564532708703437 ], [ 76.284211281062483, 14.563716573166028 ], [ 76.28423020573122, 14.56361323824675 ], [ 76.284370710036725, 14.562845991483675 ], [ 76.284394146824525, 14.562192617154027 ], [ 76.284569959813368, 14.561955971122776 ], [ 76.285126375121351, 14.561265522519655 ], [ 76.285459773517942, 14.561289080224812 ], [ 76.285510459999685, 14.561117535290828 ], [ 76.285737006758879, 14.560403416248691 ], [ 76.285921058054285, 14.560200503174469 ], [ 76.28675694119174, 14.559304151228174 ], [ 76.28756784231966, 14.558401779178585 ], [ 76.288393107033798, 14.557505751894741 ], [ 76.288415300354458, 14.557480351458048 ], [ 76.27704317215732, 14.553335226182794 ], [ 76.271373873101183, 14.551512182303904 ], [ 76.27139198312932, 14.551220515474762 ], [ 76.271393464793846, 14.55118509651818 ], [ 76.271446395522901, 14.550809453212764 ], [ 76.271582098519914, 14.550570947865589 ], [ 76.271718561044807, 14.550333043081753 ], [ 76.272047760941248, 14.549758127218627 ], [ 76.272381932797927, 14.549189880523297 ], [ 76.272510202306933, 14.54896502159186 ], [ 76.272704542056744, 14.548624338589246 ], [ 76.272834154586519, 14.548406251933136 ], [ 76.273036789496985, 14.548065296723674 ], [ 76.273318214130654, 14.547570905617322 ], [ 76.273586345105841, 14.54709559235171 ], [ 76.273593734126436, 14.5470355272912 ], [ 76.273601234279823, 14.546974612805885 ], [ 76.273607125947876, 14.546933488873593 ], [ 76.273332163162465, 14.54741864416969 ], [ 76.273044412458944, 14.547922465458004 ], [ 76.272837977185318, 14.548269389397197 ], [ 76.272706119114275, 14.54849108512277 ], [ 76.272508491844931, 14.548837031681186 ], [ 76.272378190483991, 14.549065220999649 ], [ 76.272039359154434, 14.549641592499313 ], [ 76.271705982102006, 14.550224108046638 ], [ 76.27156794716872, 14.550465036075936 ], [ 76.271430743728388, 14.55070649195939 ], [ 76.271374565103088, 14.551084786146193 ], [ 76.271372757020075, 14.551120412979312 ], [ 76.271352014913006, 14.551413850504373 ], [ 76.271304362076748, 14.552089289476976 ], [ 76.271241170783057, 14.552943102161052 ], [ 76.271169160935571, 14.554098476519872 ], [ 76.271108431556542, 14.555145714558021 ], [ 76.271034147396847, 14.556197812635377 ], [ 76.270966553494063, 14.557132380970277 ], [ 76.270960390647843, 14.557218070252011 ], [ 76.270932672147183, 14.557798996390071 ], [ 76.270506380191932, 14.557937269111781 ], [ 76.270330635499604, 14.557994814032194 ], [ 76.269726438604195, 14.55819268126254 ], [ 76.26814294486249, 14.558716092666497 ], [ 76.266566528247793, 14.559228817738532 ], [ 76.265042925898172, 14.559741157653537 ], [ 76.26465140548288, 14.559876690275086 ], [ 76.263496876649484, 14.560188684878549 ], [ 76.263236659230799, 14.560259013695287 ], [ 76.262616518595081, 14.560178389367923 ], [ 76.255100185045293, 14.559199715444541 ], [ 76.254735289948343, 14.559151365932188 ], [ 76.254708238528906, 14.559147726092514 ], [ 76.254706210360681, 14.559153916485013 ], [ 76.254696862331826, 14.559182444277003 ], [ 76.254686684010608, 14.559190676141668 ], [ 76.254201894718165, 14.559582876912774 ], [ 76.244188980924349, 14.567850325875654 ], [ 76.242170797403503, 14.568007255897463 ], [ 76.242373709088952, 14.568122459189324 ], [ 76.243830102623676, 14.568974847367972 ], [ 76.245117008704199, 14.5697162394606 ], [ 76.245699953127087, 14.570041604111633 ], [ 76.247154580710742, 14.570906378696883 ], [ 76.248672177247897, 14.571796466131172 ], [ 76.249849843369731, 14.57249561832141 ], [ 76.250047730207967, 14.572613097473589 ], [ 76.250762368674941, 14.573028862117088 ], [ 76.250728060892627, 14.573273330965081 ], [ 76.250651138536668, 14.573821744390242 ], [ 76.250459209592663, 14.575258585075822 ], [ 76.250182559177716, 14.576944133404233 ], [ 76.249978545940294, 14.578204865237645 ], [ 76.24979543394646, 14.579431077464424 ], [ 76.249723917951741, 14.579863620203881 ], [ 76.249685709487125, 14.580094793455764 ], [ 76.249723233870796, 14.580905566525486 ], [ 76.246470561408586, 14.587451083113319 ], [ 76.245483293481811, 14.589500929636335 ], [ 76.245454267991661, 14.5895526295526 ], [ 76.244738181381678, 14.590828042173372 ], [ 76.244724673210172, 14.590853052830779 ], [ 76.241950137134069, 14.595986892927659 ], [ 76.241680389007342, 14.596321412066143 ], [ 76.237614800268148, 14.601315299979133 ], [ 76.234897906820848, 14.604530876788195 ], [ 76.234778293288898, 14.604672077999769 ], [ 76.234747289627066, 14.604704593338303 ], [ 76.234661048139074, 14.604795395151918 ], [ 76.2340393097098, 14.605462805660663 ], [ 76.233449656755852, 14.606157628835982 ], [ 76.232833309473051, 14.606862431538811 ], [ 76.232699258006264, 14.607029074443648 ], [ 76.231839699190473, 14.608067048919326 ], [ 76.231014795832408, 14.609031490591859 ], [ 76.230168930979687, 14.610003701503219 ], [ 76.229504040054437, 14.610793595823486 ], [ 76.229463768065244, 14.611785163564781 ], [ 76.229419135638437, 14.612739485345394 ], [ 76.229387622408098, 14.613651237740594 ], [ 76.229333968212856, 14.614592345735923 ], [ 76.229314554015062, 14.615022107846064 ], [ 76.229291899545146, 14.615520422431304 ], [ 76.229229372455805, 14.616443579965607 ], [ 76.229186075233969, 14.617360937432373 ], [ 76.229145374157142, 14.617848851106594 ], [ 76.228860556349815, 14.61789285916039 ], [ 76.227728346002237, 14.618117078513841 ], [ 76.226321429586164, 14.618410486831925 ], [ 76.226170133361265, 14.618442049358277 ], [ 76.225665982760603, 14.618551555483288 ], [ 76.225516772331957, 14.61858395546049 ], [ 76.225224599855267, 14.618647373570498 ], [ 76.224830141127285, 14.61873295450712 ], [ 76.223185960549941, 14.619071631622891 ], [ 76.2219465029617, 14.619347322581678 ], [ 76.221258971784678, 14.619499941988542 ], [ 76.221090327199477, 14.619537345092306 ], [ 76.2194716685608, 14.619856003732963 ], [ 76.218800275669253, 14.620006382936444 ], [ 76.217783440350487, 14.620233825630704 ], [ 76.216097039697701, 14.62055930506741 ], [ 76.214769175597681, 14.620842872657066 ], [ 76.21300698211023, 14.621201802713429 ], [ 76.212351175163107, 14.621336117704763 ], [ 76.211318268708467, 14.621547614497926 ], [ 76.207518957937623, 14.620764744598644 ], [ 76.206940187767074, 14.620591568222476 ], [ 76.205936838790919, 14.620283470461169 ], [ 76.204922874653747, 14.619982708195401 ], [ 76.20391561748464, 14.6196681119764 ], [ 76.202898187713501, 14.619371031245505 ], [ 76.201887917772908, 14.61907031021596 ], [ 76.200877417906142, 14.618762871939857 ], [ 76.200218082946023, 14.618566689109054 ], [ 76.199867266071081, 14.618462303846623 ], [ 76.198856613159521, 14.618151571216684 ], [ 76.197853345926617, 14.617847324580366 ], [ 76.196927522968323, 14.617561223661852 ], [ 76.196618144446745, 14.617094831598855 ], [ 76.196152978370051, 14.616349556954148 ], [ 76.195568653052831, 14.615377322427815 ], [ 76.195509522487853, 14.615280815689784 ], [ 76.195191046110978, 14.614761023640364 ], [ 76.195092583745577, 14.614602542615218 ], [ 76.194802140327894, 14.614135053320837 ], [ 76.19443484946089, 14.613501492815891 ], [ 76.194050998359089, 14.612903019383408 ], [ 76.193997873739193, 14.612808241445814 ], [ 76.193269579087087, 14.612464912077973 ], [ 76.193085076263216, 14.612376321306163 ], [ 76.192494831174571, 14.61209310465614 ], [ 76.192420290693263, 14.612057382608793 ], [ 76.191530235487804, 14.611694303477078 ], [ 76.190612921542041, 14.61131657798275 ], [ 76.189690350530896, 14.610943849171948 ], [ 76.18871769132592, 14.610575078104789 ], [ 76.187737726469649, 14.61019440104393 ], [ 76.186757861623619, 14.609794238270819 ], [ 76.186720707579425, 14.609779285599817 ], [ 76.18669555771136, 14.609769164202541 ], [ 76.186549293493997, 14.609710300599483 ], [ 76.186323422141243, 14.609619397863199 ], [ 76.186223554058401, 14.609579205765304 ], [ 76.186203990296889, 14.609736514267009 ], [ 76.186202883293745, 14.6097469916382 ], [ 76.18619634488428, 14.609809095992361 ], [ 76.185639164851494, 14.609330198116156 ], [ 76.184631684493795, 14.609019600935154 ], [ 76.184067398678181, 14.608703699770928 ], [ 76.183195297833578, 14.608197679719801 ], [ 76.183210781710471, 14.608154879791247 ], [ 76.183108205016595, 14.608062103494873 ], [ 76.183043153761417, 14.607987497655172 ], [ 76.183052808153249, 14.607581835487025 ], [ 76.183069451965494, 14.606882498454498 ], [ 76.183044516309977, 14.605643247914097 ], [ 76.183085872036202, 14.604722034469763 ], [ 76.183100651692428, 14.603861842704276 ], [ 76.183002158099683, 14.603856067553542 ], [ 76.181953963719295, 14.603793618888028 ], [ 76.181866800146693, 14.603788367120808 ], [ 76.181868389941997, 14.603729205010261 ], [ 76.181885287790863, 14.60311952624847 ], [ 76.181865539650033, 14.602937324156951 ], [ 76.181853542427291, 14.60270237505453 ], [ 76.181851786856626, 14.602667585949712 ], [ 76.181783614111424, 14.60267034938907 ], [ 76.181694179389623, 14.602673781860155 ], [ 76.181276392271698, 14.602689596253615 ], [ 76.180825176398528, 14.602703583976943 ], [ 76.18076575943681, 14.602587892493581 ], [ 76.180700164564556, 14.602588044517059 ], [ 76.180523005771079, 14.602588438250091 ], [ 76.180509613004844, 14.602585973943443 ], [ 76.180104462818946, 14.602511454831189 ], [ 76.179954423808468, 14.60247204679931 ], [ 76.179834870852147, 14.602455032636865 ], [ 76.178910048286866, 14.602337091167231 ], [ 76.178621799016909, 14.602071564085525 ], [ 76.178199562983025, 14.602015356726548 ], [ 76.177657390480476, 14.601941838705489 ], [ 76.177532404854801, 14.601939707760433 ], [ 76.177366545369068, 14.601934810672425 ], [ 76.17697746212626, 14.601900068893165 ], [ 76.176648997278633, 14.601861544975867 ], [ 76.176102082016072, 14.60175191303553 ], [ 76.175677301835989, 14.60168196420444 ], [ 76.175252902148145, 14.60160636093805 ], [ 76.175108541058222, 14.601592321312074 ], [ 76.174699926737773, 14.60155261892068 ], [ 76.174609955510348, 14.601545716067509 ], [ 76.17413788430548, 14.601509456261192 ], [ 76.173775436408064, 14.601481310643956 ], [ 76.173582025488329, 14.601466310853169 ], [ 76.173011894308985, 14.601407952129648 ], [ 76.172658079190313, 14.60141385615897 ], [ 76.172030288447502, 14.60143343639872 ], [ 76.17172863933709, 14.601459572230674 ], [ 76.171541193379213, 14.601422065836182 ], [ 76.171111456579993, 14.60133579474495 ], [ 76.170712351771542, 14.601259817463676 ], [ 76.170477636017139, 14.601219474668149 ], [ 76.17011244593229, 14.601170162925598 ], [ 76.170083942622469, 14.601166322870144 ], [ 76.16956097106096, 14.60108320024664 ], [ 76.169107144027976, 14.601010070761744 ], [ 76.168997528554641, 14.600993360027298 ], [ 76.168684863259173, 14.600945840360996 ], [ 76.168389822714488, 14.60089778726304 ], [ 76.168117503973107, 14.600860061123269 ], [ 76.168057209763973, 14.600851739765767 ], [ 76.167867312932273, 14.600825635579005 ], [ 76.16734038954371, 14.600744017410873 ], [ 76.166849216547064, 14.600665468214 ], [ 76.16658275950978, 14.600634611990499 ], [ 76.166506044025354, 14.601072253353095 ], [ 76.166342907619409, 14.601041650601745 ], [ 76.165956752336484, 14.600966029704304 ], [ 76.165603149115356, 14.600894128198643 ], [ 76.165423789357561, 14.600862881720682 ], [ 76.165374065936959, 14.600854244715491 ], [ 76.165304814732892, 14.60074157733867 ], [ 76.165258164713592, 14.600687587158864 ], [ 76.164387836606295, 14.600608416110694 ], [ 76.164052497029957, 14.600626583222475 ], [ 76.164050832624056, 14.600731070186351 ], [ 76.164012378996219, 14.601213638361532 ], [ 76.163976811191446, 14.601472737526066 ], [ 76.163977425571716, 14.601672139311304 ], [ 76.164163567141827, 14.602270514568177 ], [ 76.164159072341974, 14.602287993943508 ], [ 76.163901177634315, 14.603296384087994 ], [ 76.163884313929429, 14.603373677992423 ], [ 76.163868105226456, 14.60344807676476 ], [ 76.163796279003321, 14.60377916609975 ], [ 76.163667668112453, 14.604261250943059 ], [ 76.163358198150164, 14.60528155030816 ], [ 76.163333597739694, 14.605363117955658 ], [ 76.163158880044023, 14.605940179690467 ], [ 76.163275092665117, 14.606290926909013 ], [ 76.163538407547193, 14.607282614063415 ], [ 76.163777780012353, 14.608504425835925 ], [ 76.164001352969535, 14.609622424010247 ], [ 76.163918992888739, 14.609590157605487 ], [ 76.163887787959609, 14.609581898987628 ], [ 76.163496191060815, 14.609478226985571 ], [ 76.163464933131294, 14.609469946877489 ], [ 76.163442819308003, 14.609842495500022 ], [ 76.163423552281699, 14.61022414574496 ], [ 76.163420797633961, 14.610364211885225 ], [ 76.163385071727973, 14.610841274441853 ], [ 76.163380739030259, 14.610901955563735 ], [ 76.162874715903712, 14.611022787056658 ], [ 76.161985496133838, 14.611004046281188 ], [ 76.161773184385098, 14.610970171108788 ], [ 76.161366334508713, 14.610925820944175 ], [ 76.16132397316629, 14.610921199154348 ], [ 76.161271461080091, 14.610915469888656 ], [ 76.161133439044164, 14.610694504116587 ], [ 76.161082592879993, 14.609844161163176 ], [ 76.160257275620737, 14.609645032168581 ], [ 76.160215357298753, 14.60963491440384 ], [ 76.160119629235552, 14.609566473036168 ], [ 76.159552557358197, 14.609161039824238 ], [ 76.158757355996983, 14.609183916738026 ], [ 76.1587321424972, 14.609184646765765 ], [ 76.158687483288929, 14.609185937138262 ], [ 76.158590494149863, 14.609880209440989 ], [ 76.158546724259381, 14.610089040866228 ], [ 76.158475301997413, 14.610430824900179 ], [ 76.158404162264731, 14.610772703337528 ], [ 76.15838278896338, 14.610919438642629 ], [ 76.157308215037716, 14.610870782555889 ], [ 76.157192655411933, 14.61172813088406 ], [ 76.157019356916294, 14.612708005140011 ], [ 76.156870833699003, 14.612662763197388 ], [ 76.156531206291831, 14.612556394630285 ], [ 76.155960716322724, 14.612512240991407 ], [ 76.155469366233078, 14.612499828923728 ], [ 76.155023980873537, 14.61247413090226 ], [ 76.154534216327093, 14.612469527626802 ], [ 76.154452801785567, 14.612457614696478 ], [ 76.154443771240992, 14.612457168534261 ], [ 76.153715020583192, 14.612080931984385 ], [ 76.152953191338199, 14.611691127578611 ], [ 76.152675205146451, 14.611548887145473 ], [ 76.15263738644596, 14.611529537881589 ], [ 76.152394362727335, 14.611405213176104 ], [ 76.151906315703812, 14.611109376262466 ], [ 76.151745271470389, 14.611011817208682 ], [ 76.151597310382357, 14.611002293866013 ], [ 76.151557374408782, 14.610999723031922 ], [ 76.151534052108588, 14.610998220944136 ], [ 76.151480021890066, 14.610994739758549 ], [ 76.151055140205841, 14.611005079742768 ], [ 76.150820067928009, 14.611010750741505 ], [ 76.150200055067472, 14.611045533182526 ], [ 76.150048532751001, 14.611051171016783 ], [ 76.149954946540987, 14.611054640976837 ], [ 76.148392182531694, 14.61111741537443 ], [ 76.14832222258903, 14.611128916943564 ], [ 76.147013083987929, 14.611361849491818 ], [ 76.145650591588137, 14.61159762782269 ], [ 76.145671787251445, 14.61177386680431 ], [ 76.145799153712829, 14.612824731183075 ], [ 76.145874415947475, 14.613440524795738 ], [ 76.145960981993213, 14.614017362996432 ], [ 76.145972625812306, 14.614093369653132 ], [ 76.146031218171828, 14.614475714399092 ], [ 76.146083386016272, 14.614860829785426 ], [ 76.146089335524934, 14.614904812399235 ], [ 76.146073580031512, 14.614982213829935 ], [ 76.146118872654611, 14.614987784949649 ], [ 76.14612499828074, 14.615032966295834 ], [ 76.146028951990814, 14.615518202524495 ], [ 76.146011844819256, 14.615630817602787 ], [ 76.145836138927137, 14.616787424964205 ], [ 76.145795594011119, 14.617025789601387 ], [ 76.145667818957392, 14.617776959511932 ], [ 76.145610852098059, 14.61813917426381 ], [ 76.145527925734612, 14.618560675747132 ], [ 76.145349655304557, 14.61971644530562 ], [ 76.145349655028042, 14.61971644745082 ], [ 76.145349646592535, 14.619716501787801 ], [ 76.145312488139822, 14.619957408866259 ], [ 76.145168886457085, 14.620880860156412 ], [ 76.145168702506638, 14.620882045065077 ], [ 76.145168669155268, 14.620882257547096 ], [ 76.145151236628934, 14.620994359916818 ], [ 76.145025217211042, 14.621804797595523 ], [ 76.145016129504612, 14.621852162707125 ], [ 76.144973930616487, 14.622070096952879 ], [ 76.144973090962694, 14.622074322729389 ], [ 76.144742236468488, 14.623235380381439 ], [ 76.144679765218612, 14.623650017464053 ], [ 76.144529297845125, 14.624648701550417 ], [ 76.144512965537714, 14.624649098166309 ], [ 76.144180024610748, 14.624657178672022 ], [ 76.143784317065268, 14.624671923685291 ], [ 76.143339310882993, 14.624895269723678 ], [ 76.142836573883699, 14.625160684348609 ], [ 76.142751744641714, 14.625206693333189 ], [ 76.142326569301446, 14.625437296115553 ], [ 76.141816572411614, 14.625715294439344 ], [ 76.141590941611398, 14.625836901566302 ], [ 76.141351035838028, 14.626002565305557 ], [ 76.141556076772687, 14.626423092263146 ], [ 76.141606401840463, 14.626533116750274 ], [ 76.141687887640884, 14.626695473549008 ], [ 76.141811988947211, 14.626956213135502 ], [ 76.142491067284993, 14.628127482465024 ], [ 76.142187879809754, 14.628360220750325 ], [ 76.141736917367894, 14.628677177673826 ], [ 76.141288962046147, 14.629003903906206 ], [ 76.141253113275894, 14.629030050384426 ], [ 76.140880279305065, 14.629301986511933 ], [ 76.140841006298302, 14.629330629359369 ], [ 76.140807067796487, 14.629354556153713 ], [ 76.140526204975274, 14.629552499596519 ], [ 76.140496753835123, 14.629573256670657 ], [ 76.13996940052489, 14.629683662786682 ], [ 76.139932888876089, 14.629691698979792 ], [ 76.139810634966366, 14.629718606151448 ], [ 76.139371680568985, 14.629815216460024 ], [ 76.139255589549933, 14.629808674322433 ], [ 76.138969726885236, 14.629792562704234 ], [ 76.138516474648043, 14.629786813272851 ], [ 76.138058766179498, 14.62977408870905 ], [ 76.137595221683668, 14.629766968489141 ], [ 76.137074693379645, 14.629758664644223 ], [ 76.137006316323053, 14.629749623059135 ], [ 76.136711907988939, 14.629710694641886 ], [ 76.136430166574527, 14.629674889731907 ], [ 76.13295324804551, 14.629126952470346 ], [ 76.132955631378749, 14.629251846100058 ], [ 76.132976181060073, 14.630328635754051 ], [ 76.132983470409371, 14.63045282479794 ], [ 76.132720400804715, 14.630438166719324 ], [ 76.131160849897697, 14.630402732969372 ], [ 76.131147276441979, 14.630460602262948 ], [ 76.130889486243973, 14.63155972407354 ], [ 76.130682447985222, 14.632938395414469 ], [ 76.130624629273754, 14.632967614853911 ], [ 76.130624186369289, 14.632969602181475 ], [ 76.130237336559532, 14.633021011625249 ], [ 76.130099766823349, 14.633038557718665 ], [ 76.130094208444874, 14.633081048148302 ], [ 76.129958726205047, 14.634116774121141 ], [ 76.129911720510989, 14.634442561384647 ], [ 76.129892843428209, 14.63457339536402 ], [ 76.129881831726578, 14.634649718122978 ], [ 76.12982949049119, 14.635023849903051 ], [ 76.129585688110794, 14.636766489925666 ], [ 76.129568221992812, 14.636891335286599 ], [ 76.129565622676239, 14.636909915091168 ], [ 76.129645496101716, 14.638212991775168 ], [ 76.129605641373374, 14.638827919303235 ], [ 76.129640505081355, 14.63917052496072 ], [ 76.129639808121823, 14.639193081255581 ], [ 76.129643428208851, 14.639538998867 ], [ 76.129652864993318, 14.639884869258969 ], [ 76.129653057378903, 14.639978502503821 ], [ 76.129653575471821, 14.640230810007209 ], [ 76.129655006735717, 14.640494089402395 ], [ 76.129655570170755, 14.640597627742046 ], [ 76.129661110946287, 14.640687699496187 ], [ 76.12967522050738, 14.640917038271324 ], [ 76.129696155125288, 14.641257325781186 ], [ 76.129722908389695, 14.64159756514834 ], [ 76.12974966085217, 14.641937805405261 ], [ 76.129769314405451, 14.642284966745462 ], [ 76.129770059314453, 14.642632280415851 ], [ 76.129764589588618, 14.642756854184023 ], [ 76.129754805248197, 14.642979723259769 ], [ 76.129747936756104, 14.643278648581436 ], [ 76.129746901146774, 14.643326089920567 ], [ 76.129743830396251, 14.643664766318061 ], [ 76.129740782692807, 14.644003404626957 ], [ 76.129734539350011, 14.644182881842806 ], [ 76.129742849164217, 14.644938573464971 ], [ 76.129744136944453, 14.64506638958931 ], [ 76.12972681082185, 14.645613141988083 ], [ 76.129707197138515, 14.646212339064967 ], [ 76.12971577575, 14.64659999430399 ], [ 76.129736788620136, 14.64723159491767 ], [ 76.129737097493376, 14.647252353249716 ], [ 76.129738299931219, 14.647285016468276 ], [ 76.129745527138184, 14.647649700451886 ], [ 76.129745270808982, 14.647842749174846 ], [ 76.129744687610255, 14.648282500932645 ], [ 76.129489971680528, 14.64932103424599 ], [ 76.129454131022015, 14.649398442950613 ], [ 76.129346677115052, 14.649411173923255 ], [ 76.129338656830754, 14.649426266197205 ], [ 76.129194281437194, 14.64950318647446 ], [ 76.128499560036374, 14.6495116150057 ], [ 76.128100479974265, 14.649558933030697 ], [ 76.127802655019309, 14.649597479355519 ], [ 76.126619087167114, 14.649744921376076 ], [ 76.124911176382298, 14.649856506840759 ], [ 76.12485860006295, 14.649859787625354 ], [ 76.124824516329454, 14.649861909572325 ], [ 76.12476772089768, 14.650405647462815 ], [ 76.124756707277953, 14.650404604412721 ], [ 76.124755475478338, 14.650416003193383 ], [ 76.124720885010092, 14.650412477589848 ], [ 76.123608812707417, 14.650297778513169 ], [ 76.123434511721584, 14.650279391259001 ], [ 76.123419335598015, 14.650277954009926 ], [ 76.122711532382056, 14.650450210410066 ], [ 76.122781822659761, 14.652162457065726 ], [ 76.122742308341941, 14.652166120939707 ], [ 76.120295169913803, 14.652393031650305 ], [ 76.12025353894407, 14.652888587999366 ], [ 76.120255051336912, 14.65292309175754 ], [ 76.118830641449918, 14.653069627698772 ], [ 76.119175646802617, 14.656537125620142 ], [ 76.119159511469107, 14.656598579335345 ], [ 76.119036831520987, 14.656579674950283 ], [ 76.118848790859886, 14.65662491809605 ], [ 76.118608481488266, 14.656675513774411 ], [ 76.118292747004276, 14.656724647644698 ], [ 76.117940356774, 14.656794243941345 ], [ 76.117677638873374, 14.656820232883769 ], [ 76.117574934443084, 14.656836801364983 ], [ 76.117007971269018, 14.656928260882632 ], [ 76.116203695196461, 14.657013270034568 ], [ 76.116107249778892, 14.657052742297791 ], [ 76.115684356278138, 14.657123109337679 ], [ 76.114988657032072, 14.657266153618446 ], [ 76.114845314924281, 14.657285826634826 ], [ 76.114355166965794, 14.657374310757911 ], [ 76.114120438916885, 14.657420149962869 ], [ 76.114041823046449, 14.657437595910965 ], [ 76.11367420370739, 14.657519178091365 ], [ 76.113634213136677, 14.657553057155141 ], [ 76.113020493379665, 14.65807299110754 ], [ 76.112950252482079, 14.658132497706561 ], [ 76.112775047076397, 14.658280927337874 ], [ 76.112784299250634, 14.658286064290671 ], [ 76.113067878411115, 14.65844402350454 ], [ 76.113343837187898, 14.658598468822046 ], [ 76.114511479946344, 14.659259734967678 ], [ 76.114260317228215, 14.659254882372219 ], [ 76.114496703372666, 14.659396081901129 ], [ 76.114035076779913, 14.659373960196987 ], [ 76.113977120588956, 14.6593711814405 ], [ 76.113434716669758, 14.659345187674887 ], [ 76.112754968720225, 14.659312609809154 ], [ 76.111168098944006, 14.659200061337536 ], [ 76.110528194626525, 14.659338619008681 ], [ 76.10979433875427, 14.659497519558485 ], [ 76.109250232762065, 14.659615332591482 ], [ 76.108734368203287, 14.659727026140445 ], [ 76.108275462260849, 14.659826387719498 ], [ 76.108105653149991, 14.659863154592378 ], [ 76.108109912806469, 14.660437901806597 ], [ 76.108075840918005, 14.660435314216574 ], [ 76.108009283191038, 14.660588050511041 ], [ 76.108005412673975, 14.660684217608054 ], [ 76.108003380394905, 14.660734704905579 ], [ 76.107967668748927, 14.660940095990755 ], [ 76.10796168842667, 14.66104677311252 ], [ 76.107977096068595, 14.661217394071867 ], [ 76.108022311539628, 14.661440043772712 ], [ 76.10806335007122, 14.661643977037633 ], [ 76.108071610740595, 14.661658399874481 ], [ 76.108209228933276, 14.661898645719264 ], [ 76.108369967545443, 14.662140280969281 ], [ 76.108398148469405, 14.662441096636792 ], [ 76.108436784145439, 14.66262245116371 ], [ 76.108485586433559, 14.662865733687466 ], [ 76.108510266347793, 14.662988696616882 ], [ 76.108514193877056, 14.66317946453964 ], [ 76.108510246320563, 14.663362699005091 ], [ 76.108537069733131, 14.663542922859151 ], [ 76.108551633220912, 14.663677021581346 ], [ 76.108580614702717, 14.663943786867801 ], [ 76.108582824517583, 14.663992095165948 ], [ 76.108677588778178, 14.664700792840323 ], [ 76.108687093988507, 14.664771875175216 ], [ 76.108683687525982, 14.664915896909621 ], [ 76.108632760734437, 14.667176385185728 ], [ 76.108630406396287, 14.667280922370058 ], [ 76.108627234441258, 14.667421713870571 ], [ 76.108626461680799, 14.667455995444566 ], [ 76.108674110128419, 14.667666188701965 ], [ 76.108730111838355, 14.667898233361116 ], [ 76.108795125511392, 14.66821895630039 ], [ 76.108848096973318, 14.668422674952163 ], [ 76.108915599509089, 14.668708323393352 ], [ 76.108917340587183, 14.668715690823189 ], [ 76.108958272703802, 14.668958448269805 ], [ 76.109021518477931, 14.669317224359389 ], [ 76.109059821587607, 14.669523207830448 ], [ 76.109139450283465, 14.66996607168142 ], [ 76.109139804069244, 14.669969940921114 ], [ 76.109165396745098, 14.670250237775752 ], [ 76.10918525991147, 14.670322927621076 ], [ 76.109193739660782, 14.670420579715911 ], [ 76.108556634974633, 14.670555294042614 ], [ 76.108557379409859, 14.670583455521268 ], [ 76.108566657367163, 14.670688827623881 ], [ 76.108574329872056, 14.670901573676995 ], [ 76.108595305834754, 14.671127444710702 ], [ 76.10860055524752, 14.671267219571591 ], [ 76.108626439971957, 14.671304628444572 ], [ 76.108889718080547, 14.671325455919366 ], [ 76.10913598013839, 14.671332970656346 ], [ 76.109263071220809, 14.671349445024147 ], [ 76.109285219147807, 14.671352316158286 ], [ 76.109284790674025, 14.671376648137294 ], [ 76.109297720695523, 14.671378236527341 ], [ 76.109294783608959, 14.671538625562452 ], [ 76.109294119737498, 14.671611636670125 ], [ 76.109301807010127, 14.671803930470555 ], [ 76.109319432415958, 14.671982230810672 ], [ 76.109320725801481, 14.672123936561281 ], [ 76.109358034597363, 14.67233069755256 ], [ 76.109474146589193, 14.672974163415724 ], [ 76.109734162771744, 14.674131169321951 ], [ 76.109740649593832, 14.674158142611082 ], [ 76.109949298915879, 14.675025643432217 ], [ 76.109953299440278, 14.675042153972754 ], [ 76.109967235618385, 14.675099669438103 ], [ 76.110107313079396, 14.675677621174099 ], [ 76.110123233158703, 14.675743289351145 ], [ 76.110195880308154, 14.675898405634126 ], [ 76.11050320819578, 14.676554865415671 ], [ 76.110873484699383, 14.677346376643902 ], [ 76.111256550896798, 14.678166110178926 ], [ 76.111831146030838, 14.679102497482866 ], [ 76.111856209040752, 14.67914309797508 ], [ 76.111864881950765, 14.679159634383437 ], [ 76.111877459070627, 14.679180936157806 ], [ 76.11190246597566, 14.679231294850661 ], [ 76.112668479302656, 14.68069183222164 ], [ 76.112737057794646, 14.680717631878073 ], [ 76.11306544399811, 14.681310732499256 ], [ 76.113096406790035, 14.681366654565867 ], [ 76.114006789541293, 14.683006436712382 ], [ 76.114011141903376, 14.683014270666641 ], [ 76.113045359506884, 14.683307191999567 ], [ 76.11202826218782, 14.684095479636023 ], [ 76.111305329993826, 14.684759877962996 ], [ 76.110486634793048, 14.685512276518493 ], [ 76.110321982772703, 14.685695067932153 ], [ 76.1096982932918, 14.686387457668381 ], [ 76.109654703937665, 14.686435847364342 ], [ 76.111840432335967, 14.688447396427943 ], [ 76.111898597866642, 14.688494100373749 ], [ 76.112054794008344, 14.688619529373934 ], [ 76.112424371938431, 14.688916309171276 ], [ 76.11245100462844, 14.688935800849389 ], [ 76.112837965590714, 14.689288015470707 ], [ 76.112901498726117, 14.68934597167094 ], [ 76.113142507712027, 14.689568320235022 ], [ 76.113653980503258, 14.690017229720471 ], [ 76.113731814495168, 14.690629952631864 ], [ 76.113896224789286, 14.691525553651873 ], [ 76.11402192124352, 14.69229820229889 ], [ 76.11419633260968, 14.693354462871712 ], [ 76.114355334543319, 14.694283109372485 ], [ 76.114603818114858, 14.694971188943811 ], [ 76.114621296259273, 14.694977564032646 ], [ 76.114672741248057, 14.694965846060066 ], [ 76.118821035379412, 14.698103766505438 ], [ 76.121188142403469, 14.699855019327204 ], [ 76.121306626146719, 14.69986288895455 ], [ 76.121373966877059, 14.699867345517863 ], [ 76.121562609598968, 14.699879764601619 ], [ 76.121598274516487, 14.699882104338311 ], [ 76.121943090034037, 14.6999053561486 ], [ 76.123220519336428, 14.699989304307355 ], [ 76.12496122992512, 14.700480557563274 ], [ 76.126723022127905, 14.700977761492469 ], [ 76.126923871898939, 14.70099085900274 ], [ 76.126989566345856, 14.700995136584663 ], [ 76.127233958354651, 14.701241319289515 ], [ 76.127312232722403, 14.701273323465776 ], [ 76.127326784694276, 14.70124881780454 ], [ 76.127361609493121, 14.701190187306846 ], [ 76.127611178441782, 14.700770112579059 ], [ 76.127702767277171, 14.700622296550172 ], [ 76.127857515427976, 14.700372655878754 ], [ 76.128048294101077, 14.700065106389886 ], [ 76.128813309442563, 14.699705852252638 ], [ 76.129127422489859, 14.699558945048851 ], [ 76.129377012298491, 14.699442467231627 ], [ 76.12973371483406, 14.699548823185328 ], [ 76.129832028937543, 14.699578120903881 ], [ 76.131031703188725, 14.699935395792025 ], [ 76.131269953272636, 14.699968620800609 ], [ 76.131393621162118, 14.699985856953306 ], [ 76.131911441660819, 14.700130040144735 ], [ 76.132017641174457, 14.700171601741095 ], [ 76.13269213576892, 14.700414112112558 ], [ 76.133108104095527, 14.700563481620131 ], [ 76.134097015818881, 14.700920989385905 ], [ 76.134719051817697, 14.701129555700184 ], [ 76.134948182314176, 14.701206269024819 ], [ 76.136532977715532, 14.701707078533556 ], [ 76.137262077956152, 14.701937071806752 ], [ 76.137398548295749, 14.701980210786399 ], [ 76.137799891573167, 14.70210745202842 ], [ 76.137841476263702, 14.702120665919686 ], [ 76.138219756649406, 14.702241255000807 ], [ 76.139048555412984, 14.702512320290385 ], [ 76.139884185586808, 14.702782596774469 ], [ 76.140395993367591, 14.702923145522028 ], [ 76.1381549771408, 14.700687619798321 ], [ 76.137850479006744, 14.700397809440275 ], [ 76.13785523877398, 14.70038038480754 ], [ 76.137704133726857, 14.700235422244267 ], [ 76.137723252409018, 14.700166707477955 ], [ 76.13773937279619, 14.700108865243196 ], [ 76.13862209096969, 14.699357508772659 ], [ 76.139475147215848, 14.698633556630204 ], [ 76.139475981595552, 14.698738237250771 ], [ 76.139477247160201, 14.698907764456065 ], [ 76.139618404081986, 14.698785460759378 ], [ 76.139621206732826, 14.698891978553908 ], [ 76.139640073318304, 14.699608971099952 ], [ 76.139720730053384, 14.70061529729456 ], [ 76.139748413779785, 14.700758003534983 ], [ 76.14060734621242, 14.701390640198415 ], [ 76.141279671246778, 14.701876226114877 ], [ 76.141607578245456, 14.702104595981833 ], [ 76.141683829081614, 14.702157683411226 ], [ 76.141857036293587, 14.702285350720569 ], [ 76.141969281091036, 14.702368068939334 ], [ 76.142046081517961, 14.702424653774321 ], [ 76.142095282987782, 14.702460909105735 ], [ 76.142183003574544, 14.702525361761733 ], [ 76.142363880116051, 14.702658246664855 ], [ 76.142513579814675, 14.702768206188228 ], [ 76.142810420189491, 14.702986186715966 ], [ 76.142931797779212, 14.703075297612752 ], [ 76.142932775760926, 14.703076015983282 ], [ 76.143026587221101, 14.703144880462183 ], [ 76.143094857496209, 14.703194993719812 ], [ 76.143349998476097, 14.703382240931386 ], [ 76.143767966091048, 14.703682369392158 ], [ 76.143930035215149, 14.703807138392134 ], [ 76.143992480745837, 14.703885769273905 ], [ 76.144473190293425, 14.70449126756883 ], [ 76.145019157238977, 14.704933768912811 ], [ 76.145273782430735, 14.705111528026659 ], [ 76.145348407505551, 14.705163628655596 ], [ 76.145449792483987, 14.705234419887988 ], [ 76.146202258027202, 14.705044728496606 ], [ 76.146663652717635, 14.704917403124048 ], [ 76.146823478300192, 14.704873289985684 ], [ 76.149539190113728, 14.704389441774923 ], [ 76.150691056887197, 14.704194190499225 ], [ 76.150790161387022, 14.704174984345986 ], [ 76.1537282477627, 14.704057380401643 ], [ 76.153884567903333, 14.704056082770137 ], [ 76.154280199893265, 14.704054503275131 ], [ 76.15440887931733, 14.704054164606209 ], [ 76.155268594500413, 14.704135730718081 ], [ 76.155450146290548, 14.70415645575217 ], [ 76.155670077741362, 14.704171624210085 ], [ 76.155721632143482, 14.704175190208018 ], [ 76.156550309682473, 14.704232969589521 ], [ 76.156714355741613, 14.704244506053385 ], [ 76.156903214989143, 14.704257825102497 ], [ 76.157305984671538, 14.701478049981924 ], [ 76.158603606793093, 14.701247938773623 ], [ 76.161199174583601, 14.700830735754426 ], [ 76.161198632093004, 14.700836048514164 ], [ 76.161254360043785, 14.700826848029394 ], [ 76.161248878717814, 14.70089239439006 ], [ 76.161059831916077, 14.703153334803325 ], [ 76.163055832492148, 14.702137100863057 ], [ 76.163517480984396, 14.701979054203953 ], [ 76.164538844500115, 14.70162897690104 ], [ 76.164683145248887, 14.701569101063107 ], [ 76.166378809093828, 14.701016119761267 ], [ 76.166899365162365, 14.700836094733381 ], [ 76.167100019954759, 14.700787518447196 ], [ 76.167141959564987, 14.700799051573355 ], [ 76.167171736984827, 14.700791781403673 ], [ 76.167523717309479, 14.700888469648774 ], [ 76.167585812115306, 14.700905531575533 ], [ 76.174528277634323, 14.702812537618252 ], [ 76.17507947559038, 14.702963925467085 ], [ 76.177380243831735, 14.70195649877745 ] ] ], [ [ [ 76.274476885694838, 14.540170298551022 ], [ 76.274443495122512, 14.540573817213797 ], [ 76.274416306105323, 14.541009811311174 ], [ 76.274277417506767, 14.541541035320407 ], [ 76.274208175224572, 14.541899701858073 ], [ 76.274137636857802, 14.54231414265341 ], [ 76.27412150266143, 14.542407766077828 ], [ 76.274048136458759, 14.542828860029811 ], [ 76.274032210600936, 14.542919498338179 ], [ 76.27401195011889, 14.542977309343806 ], [ 76.274001871193988, 14.543031920080834 ], [ 76.273970564159384, 14.543067508510919 ], [ 76.273954202146626, 14.543488219137867 ], [ 76.273894624411199, 14.544049392823776 ], [ 76.27383531474085, 14.5446142974923 ], [ 76.273779717362387, 14.545127946296088 ], [ 76.273774465328955, 14.54517597252671 ], [ 76.273766275009649, 14.545257970258803 ], [ 76.273719082901593, 14.54572714540846 ], [ 76.273668806259934, 14.546268584663437 ], [ 76.27362015351035, 14.546811958587448 ], [ 76.273615967969818, 14.54687177142652 ], [ 76.273680319869754, 14.546422594189973 ], [ 76.273761859606068, 14.545874905739431 ], [ 76.273836813609776, 14.54540262723599 ], [ 76.273849871683581, 14.545320348107321 ], [ 76.273857973043874, 14.545272208748933 ], [ 76.273944357962463, 14.544758931223164 ], [ 76.274038842928093, 14.544197509798868 ], [ 76.274135881815795, 14.543642623656384 ], [ 76.274182717631376, 14.543227683574845 ], [ 76.27421733980735, 14.543193272118918 ], [ 76.274231790795156, 14.543139665394577 ], [ 76.274248326394812, 14.543078338341109 ], [ 76.274257563244987, 14.542981597613075 ], [ 76.274300518832831, 14.542531716994274 ], [ 76.274310174564278, 14.542431803789967 ], [ 76.274352915540916, 14.54198950856572 ], [ 76.274398887212243, 14.541605537455863 ], [ 76.274501701634989, 14.541028340730707 ], [ 76.274492810372948, 14.540544791157576 ], [ 76.274494477496333, 14.540251774561488 ], [ 76.274497457743649, 14.539942644685503 ], [ 76.274476885694838, 14.540170298551022 ] ] ], [ [ [ 76.275006648420884, 14.528371164503344 ], [ 76.274999567911834, 14.528437842240267 ], [ 76.274903871085954, 14.529242916632409 ], [ 76.274790932736849, 14.530257771545921 ], [ 76.274699065729749, 14.531167625022663 ], [ 76.274656955952636, 14.531550043093159 ], [ 76.274642648322228, 14.531678586643228 ], [ 76.274625779048009, 14.531829077871592 ], [ 76.274622643887653, 14.531855876621144 ], [ 76.274541335028772, 14.532539597894553 ], [ 76.274473903022724, 14.533809149675774 ], [ 76.274472013306195, 14.533836939623731 ], [ 76.274499552549898, 14.534736698911413 ], [ 76.274507747573011, 14.535159885004795 ], [ 76.274508929706883, 14.535220086988028 ], [ 76.274512650948836, 14.535406908533721 ], [ 76.274498638978542, 14.536134232378259 ], [ 76.274492962624549, 14.536772400957233 ], [ 76.274492785599946, 14.536793969555466 ], [ 76.274486612334613, 14.537356932054307 ], [ 76.274483694616279, 14.537696197706852 ], [ 76.274498342501573, 14.53829983999848 ], [ 76.274514427559623, 14.538833469802711 ], [ 76.274510689002497, 14.538880797190023 ], [ 76.274511644387445, 14.538921987280272 ], [ 76.274526091991618, 14.538462558602891 ], [ 76.274548939422516, 14.537699236248065 ], [ 76.274549249455319, 14.537371479571462 ], [ 76.274551715322971, 14.536822943697452 ], [ 76.274551750392433, 14.536801866723357 ], [ 76.274552802185639, 14.536177749191932 ], [ 76.274560010553188, 14.53546737007915 ], [ 76.274554296819915, 14.535284911050795 ], [ 76.274552459163715, 14.53522610564063 ], [ 76.274539519184671, 14.534812624995364 ], [ 76.274505791428396, 14.533931882599864 ], [ 76.274507594278688, 14.533904642733729 ], [ 76.274577139393784, 14.532657650513089 ], [ 76.27466412936954, 14.531983667464342 ], [ 76.274667543059081, 14.531957217033414 ], [ 76.274686056458648, 14.531808629647806 ], [ 76.274701875417321, 14.531681648964907 ], [ 76.274748983029596, 14.531303573467152 ], [ 76.274852998622549, 14.530403720444298 ], [ 76.274979173120357, 14.529399047183865 ], [ 76.275080289438307, 14.528589031175322 ], [ 76.275086714189982, 14.528519012343255 ], [ 76.275102523832459, 14.528346748579034 ], [ 76.27510534053026, 14.5283238178042 ], [ 76.275062123333868, 14.528331080278813 ], [ 76.275013440750783, 14.528347626337879 ], [ 76.275009194122703, 14.528349069540145 ], [ 76.275006648420884, 14.528371164503344 ] ] ] ] } },
{ "type": "Feature", "properties": { "OBJECTID": 242, "KGISHobliID": 648, "KGISHobliCode": "310504", "KGISHobliName": "Kotturu", "BhuCodeHobli": null, "SHAPE.STArea()": 460536913.56676143, "SHAPE.STLength()": 139388.92899627375, "KGISTalukCode": "3105", "created_user": null, "created_date": null, "last_edited_user": "SURESHBV2", "last_edited_date": 1781688266000.0, "_overlap_percent": 0.025453173648806893, "_police_station": "Bilichodu PS", "_police_feature_index": "208", "_admin_layer": "Hobli", "_geometry_clipped": true }, "geometry": { "type": "Polygon", "coordinates": [ [ [ 76.230808646334594, 14.64961766397667 ], [ 76.230797010280355, 14.649603971672979 ], [ 76.230590426198887, 14.649360886618753 ], [ 76.230472361093845, 14.649235408523978 ], [ 76.230437072755223, 14.649263960740313 ], [ 76.230339327753995, 14.649343045968962 ], [ 76.23032309038318, 14.649356186026269 ], [ 76.230107554700794, 14.649557732555852 ], [ 76.229617886711466, 14.64997805345142 ], [ 76.229123578736477, 14.650406315803286 ], [ 76.228629280736939, 14.650834549152613 ], [ 76.22858192534909, 14.650876787642716 ], [ 76.228192759748836, 14.651223901526841 ], [ 76.228139038502476, 14.65127181792149 ], [ 76.227648797714465, 14.651710197654646 ], [ 76.227192073231592, 14.652106787303303 ], [ 76.2271504687412, 14.652142914204759 ], [ 76.226656195442558, 14.652578987458977 ], [ 76.226525978933864, 14.652694463603114 ], [ 76.226161926155953, 14.653017304320217 ], [ 76.225667657320926, 14.653456725807819 ], [ 76.225369723969109, 14.653715153676771 ], [ 76.225345329816136, 14.653736781271643 ], [ 76.225169353998822, 14.653890464484622 ], [ 76.224671068287904, 14.654323048662622 ], [ 76.224172780337099, 14.654761269059335 ], [ 76.223942801002394, 14.654964997363107 ], [ 76.223896393559713, 14.654983297449739 ], [ 76.22359907171176, 14.655239395993521 ], [ 76.223337761031033, 14.655463619767655 ], [ 76.223175161802487, 14.655607009205696 ], [ 76.222669402563639, 14.656038345264585 ], [ 76.222163664270639, 14.656469632329811 ], [ 76.221776922067647, 14.656800765345263 ], [ 76.221657371663937, 14.656903124307085 ], [ 76.221149350382376, 14.657342215438243 ], [ 76.22112928552049, 14.657359896681234 ], [ 76.221069433809106, 14.657412653850272 ], [ 76.220766171091356, 14.657679970626182 ], [ 76.220412362862788, 14.658106981845604 ], [ 76.220245052171435, 14.658313601575195 ], [ 76.220055106649696, 14.658547420188039 ], [ 76.219695588847102, 14.658998903786424 ], [ 76.219335631787558, 14.659449965259375 ], [ 76.218976490002106, 14.659900284350172 ], [ 76.218613729456024, 14.660348128792394 ], [ 76.218241506208557, 14.660793044663468 ], [ 76.217884454229562, 14.661236863590039 ], [ 76.217523315749062, 14.661679593380684 ], [ 76.217162157560978, 14.662121198262122 ], [ 76.216800992330434, 14.662564979467446 ], [ 76.216439805988031, 14.663008726863012 ], [ 76.216078023917916, 14.663454655470556 ], [ 76.215716795387763, 14.663900530085916 ], [ 76.21557085105249, 14.664074960549074 ], [ 76.215347361900569, 14.66434207010205 ], [ 76.214981956163143, 14.664791224408072 ], [ 76.214616395596153, 14.665240350111397 ], [ 76.214250407479639, 14.665689497450465 ], [ 76.213874063471749, 14.666131557019135 ], [ 76.213492997293073, 14.666574818600074 ], [ 76.213119008794337, 14.667022262442403 ], [ 76.213003844040514, 14.667182673901625 ], [ 76.212976808271392, 14.667220330716802 ], [ 76.212360584100281, 14.668078654178982 ], [ 76.212033058881147, 14.668532265123176 ], [ 76.211557706841063, 14.669103092445971 ], [ 76.211159419760122, 14.669561352491481 ], [ 76.211040817045941, 14.669700570271784 ], [ 76.210741667972698, 14.670037159125505 ], [ 76.210369119953683, 14.670476389085682 ], [ 76.210021591042462, 14.670873872099097 ], [ 76.209928465464557, 14.670991142974552 ], [ 76.209676408592586, 14.671276638823105 ], [ 76.209558874848042, 14.671424842201908 ], [ 76.209532283213051, 14.67141794863721 ], [ 76.209458169656472, 14.671398747183247 ], [ 76.20923052709864, 14.671724505892467 ], [ 76.208772425713718, 14.672335641614692 ], [ 76.208305547565914, 14.672949308154777 ], [ 76.207837559498486, 14.673578793770295 ], [ 76.207367231694519, 14.674198146383745 ], [ 76.206896778768098, 14.674816319166993 ], [ 76.206426331843858, 14.675435548769682 ], [ 76.206303584343971, 14.675599343344436 ], [ 76.205960682707399, 14.676056887848846 ], [ 76.205495835967412, 14.676663449263302 ], [ 76.205267553655275, 14.676966634063643 ], [ 76.205071440423282, 14.677222138060017 ], [ 76.204930688805874, 14.67731483577858 ], [ 76.204852491807387, 14.677362724420661 ], [ 76.204283298984933, 14.677711394566733 ], [ 76.203634137002922, 14.678126156055811 ], [ 76.203312245072937, 14.678334691083769 ], [ 76.20323680099925, 14.67837975089596 ], [ 76.20193432769338, 14.679158125259738 ], [ 76.201660201771688, 14.6793336916519 ], [ 76.201215146314198, 14.679616117504882 ], [ 76.200965142054756, 14.679773486132691 ], [ 76.200666296441526, 14.679836373304067 ], [ 76.199992735775837, 14.679978249660783 ], [ 76.199318624558387, 14.680115732747058 ], [ 76.199055961400362, 14.680170049387714 ], [ 76.199055770326069, 14.680170090149197 ], [ 76.198975625676866, 14.680186657078428 ], [ 76.19892812873033, 14.680197106369571 ], [ 76.198810462237688, 14.680221540801924 ], [ 76.198648319436657, 14.680255210149655 ], [ 76.198624330199877, 14.680261159186172 ], [ 76.198618027790445, 14.680262723049632 ], [ 76.198489699156582, 14.680294562573998 ], [ 76.19804754791268, 14.680395729913609 ], [ 76.197983029437509, 14.680410492011806 ], [ 76.19782860342066, 14.680444201447981 ], [ 76.197828486554997, 14.680444227362091 ], [ 76.197791215905482, 14.680452362837054 ], [ 76.19730779166764, 14.680557888232517 ], [ 76.196632559660543, 14.680704145320204 ], [ 76.195953923543442, 14.680853199568269 ], [ 76.19527607436504, 14.681002691695612 ], [ 76.195048827330822, 14.681048915465857 ], [ 76.19469972371121, 14.681143032171635 ], [ 76.19409178420581, 14.681288209074895 ], [ 76.193482769921943, 14.681437084513226 ], [ 76.193470584761016, 14.681440055233415 ], [ 76.19346947588744, 14.681448941590819 ], [ 76.193414103027365, 14.681894174817501 ], [ 76.193286795655382, 14.682838251654839 ], [ 76.193170899953728, 14.683777605263453 ], [ 76.193031838943412, 14.684906585505232 ], [ 76.192915102156292, 14.685806536293175 ], [ 76.19282765667306, 14.68650261476103 ], [ 76.192811121404489, 14.686636412181794 ], [ 76.192897434421369, 14.686685275074929 ], [ 76.192880066618741, 14.686808535516271 ], [ 76.192931031223324, 14.686839205837591 ], [ 76.193004686329942, 14.686883530691199 ], [ 76.193002646924413, 14.686904745726173 ], [ 76.192949200949641, 14.687458610481913 ], [ 76.192927149728789, 14.687687129487806 ], [ 76.192796865431475, 14.689024350253426 ], [ 76.192778440304778, 14.689213461682067 ], [ 76.192778878003793, 14.689391924061107 ], [ 76.192780016418226, 14.689895264346243 ], [ 76.192780672160055, 14.6901851378411 ], [ 76.192781041252474, 14.690348029583568 ], [ 76.192781406719817, 14.690533363433088 ], [ 76.192753224229676, 14.691220707575503 ], [ 76.19274727557395, 14.691365789114787 ], [ 76.192747239409201, 14.691366826160264 ], [ 76.192741746149991, 14.691500159103343 ], [ 76.192798425875054, 14.692177026543746 ], [ 76.192832490202036, 14.692438500716372 ], [ 76.192865143244234, 14.692689228439983 ], [ 76.192878610124367, 14.692792632718724 ], [ 76.192880739912496, 14.692814601924105 ], [ 76.192934195155772, 14.693365115496007 ], [ 76.192955629755701, 14.693525424700793 ], [ 76.192971500542626, 14.693644125417492 ], [ 76.192971522003162, 14.693644315141901 ], [ 76.192999042461409, 14.693850169654675 ], [ 76.19313042267386, 14.69481118237546 ], [ 76.193130894597715, 14.69481463222858 ], [ 76.193140445805966, 14.694917059508848 ], [ 76.193183987593557, 14.695384361421974 ], [ 76.193193257283056, 14.695483844085778 ], [ 76.193240888050369, 14.695994872778218 ], [ 76.193503161502591, 14.697305753993254 ], [ 76.193521010757834, 14.69739496851742 ], [ 76.193579030948669, 14.697684618014284 ], [ 76.193591430948899, 14.697746523471565 ], [ 76.193531696812485, 14.697757944292443 ], [ 76.193467033569888, 14.69777030076119 ], [ 76.193465743085952, 14.697770546954018 ], [ 76.193468605506624, 14.697786312006622 ], [ 76.193464821398962, 14.6977870591755 ], [ 76.193461778525815, 14.69778765970268 ], [ 76.191715661217032, 14.698132378685559 ], [ 76.190954118138166, 14.69829614349352 ], [ 76.190921988117267, 14.698303053017785 ], [ 76.188951507109579, 14.698740520622064 ], [ 76.188159164129814, 14.698943766402035 ], [ 76.188116722621061, 14.698954653434207 ], [ 76.187255679441506, 14.69917918873926 ], [ 76.18634771047013, 14.699415957659207 ], [ 76.18627043193284, 14.699432858621547 ], [ 76.185573906875959, 14.699589146832459 ], [ 76.185527457169272, 14.699599591059657 ], [ 76.184121854217437, 14.699916719232451 ], [ 76.184127568737509, 14.699921577519598 ], [ 76.185623526127316, 14.699622399090341 ], [ 76.18566988743278, 14.699613127753523 ], [ 76.186365084071568, 14.699473977306859 ], [ 76.18644220338804, 14.69945889140771 ], [ 76.188206183934199, 14.699031775288692 ], [ 76.189038016811864, 14.698829762411417 ], [ 76.190998226708231, 14.6984117903722 ], [ 76.191784389060317, 14.698243908758739 ], [ 76.193508625365396, 14.6978768416398 ], [ 76.193495463591987, 14.697797788084049 ], [ 76.193564909773897, 14.697784429800111 ], [ 76.193624631454412, 14.697772937620433 ], [ 76.193552954689082, 14.697420872977421 ], [ 76.193267417008698, 14.696018470182215 ], [ 76.193217762791178, 14.695506458439677 ], [ 76.193162691993621, 14.694938522077843 ], [ 76.193152734699538, 14.694835879933891 ], [ 76.193017120782059, 14.693869271704164 ], [ 76.192988896469842, 14.693662923627963 ], [ 76.192988875009277, 14.69366273390354 ], [ 76.192950625970653, 14.693383023738221 ], [ 76.192895367509934, 14.692831029693503 ], [ 76.19289316587539, 14.69280899848347 ], [ 76.192845868257862, 14.692453820313471 ], [ 76.192810940452134, 14.69219152886965 ], [ 76.192752150706397, 14.69151243042292 ], [ 76.192757287815411, 14.691378669922505 ], [ 76.19275732117454, 14.691377629275545 ], [ 76.19278935610339, 14.690542432837919 ], [ 76.192788532903933, 14.69035643420786 ], [ 76.192784234253821, 14.689396836758597 ], [ 76.192783440387771, 14.689217771450883 ], [ 76.192930317448074, 14.687687827347926 ], [ 76.193005522185203, 14.686904430828674 ], [ 76.193007561497311, 14.686883198618654 ], [ 76.192882707271295, 14.686808112444984 ], [ 76.192901641686845, 14.68667406042837 ], [ 76.193000597712611, 14.685977494314217 ], [ 76.193130375693642, 14.685078498885144 ], [ 76.193283883108293, 14.683952259356509 ], [ 76.193410552436077, 14.683015993478627 ], [ 76.193538908827307, 14.682069549136413 ], [ 76.193592247501684, 14.681621703020042 ], [ 76.193593309641201, 14.681612761760187 ], [ 76.193605532483133, 14.681609888468705 ], [ 76.194216441017915, 14.681466050739797 ], [ 76.194826254020271, 14.68132618916199 ], [ 76.195176315115845, 14.681235120950944 ], [ 76.195404172742883, 14.681191009203566 ], [ 76.196083029384582, 14.681047394549855 ], [ 76.196760716614492, 14.680901528580481 ], [ 76.197436660736727, 14.680755668778199 ], [ 76.198112596717706, 14.680608674430292 ], [ 76.198619808062801, 14.680493063703265 ], [ 76.198754603154711, 14.680459755207746 ], [ 76.198778621283324, 14.680453822278954 ], [ 76.198940883564063, 14.680420244420322 ], [ 76.199058632237367, 14.680395879097425 ], [ 76.199106168391268, 14.680385461213797 ], [ 76.199186365370693, 14.680368943683673 ], [ 76.199186557378653, 14.680368903821227 ], [ 76.199449375844011, 14.680314764299869 ], [ 76.200123622095148, 14.680177942713799 ], [ 76.200794951311281, 14.6800388752798 ], [ 76.201091204682641, 14.67997858579532 ], [ 76.201341657997119, 14.679822482976174 ], [ 76.201787606658343, 14.679542204605863 ], [ 76.202062341333885, 14.679367896850925 ], [ 76.203366542662337, 14.678595318991805 ], [ 76.203442092468933, 14.678550567745786 ], [ 76.203764811134192, 14.67834324047049 ], [ 76.204415486904708, 14.677930821074515 ], [ 76.204985616633593, 14.677584119096748 ], [ 76.205063935810699, 14.677536489213413 ], [ 76.205205047415035, 14.677444229776334 ], [ 76.205404461240335, 14.677188950803687 ], [ 76.205636694458406, 14.67688604548186 ], [ 76.206109285924228, 14.676280189352518 ], [ 76.206458093794396, 14.675823214195079 ], [ 76.20658295133299, 14.67565963728544 ], [ 76.207061277746305, 14.675041320120494 ], [ 76.207539603102248, 14.674424134812066 ], [ 76.208017918691866, 14.673805816051102 ], [ 76.208494433866449, 14.673177339760473 ], [ 76.208969879021268, 14.672564683209915 ], [ 76.209437782974717, 14.67195432774105 ], [ 76.209671621317, 14.671628807773153 ], [ 76.209743470481456, 14.671647562628308 ], [ 76.209769262661112, 14.671654291286194 ], [ 76.209886253857363, 14.671504527663133 ], [ 76.21013306207675, 14.671215099533656 ], [ 76.210223524517602, 14.671095982077032 ], [ 76.210559647268553, 14.670690835566477 ], [ 76.210918749234054, 14.670242624819643 ], [ 76.211208785659636, 14.669899868439103 ], [ 76.21132349617308, 14.669758023132811 ], [ 76.211709771746612, 14.669291595691075 ], [ 76.212170278695609, 14.668710650513544 ], [ 76.212485235131851, 14.668248508195228 ], [ 76.213217484445437, 14.667174083797107 ], [ 76.213582345908122, 14.666720196040773 ], [ 76.21395477510967, 14.666270782705221 ], [ 76.214327784092617, 14.665821368547324 ], [ 76.214692623336688, 14.665364087737899 ], [ 76.215057460147662, 14.664906802843467 ], [ 76.215422296422545, 14.664449521085919 ], [ 76.215791240875944, 14.664000128909901 ], [ 76.216152026897134, 14.663546256357737 ], [ 76.216513396408914, 14.663092376665455 ], [ 76.216874196649641, 14.662640764830416 ], [ 76.217234994507066, 14.662189151632832 ], [ 76.217595802454099, 14.661739794221049 ], [ 76.217956605517969, 14.661289310016727 ], [ 76.218313335865531, 14.660837714912534 ], [ 76.218684578029411, 14.66038717415042 ], [ 76.219045376733916, 14.659936687642999 ], [ 76.219402102778901, 14.659485096580909 ], [ 76.219759408583855, 14.659033492978505 ], [ 76.220116136406858, 14.658581900987674 ], [ 76.220304607682095, 14.658348135263344 ], [ 76.220470598515561, 14.658141612817909 ], [ 76.220821656227074, 14.657714907033396 ], [ 76.221182840106579, 14.65739497873782 ], [ 76.221202798240071, 14.657377307090494 ], [ 76.22170815333773, 14.656938484771759 ], [ 76.221827078311421, 14.656836197772096 ], [ 76.22221178940498, 14.656505323941172 ], [ 76.222714862192717, 14.656074423222673 ], [ 76.22321793299804, 14.655643522456133 ], [ 76.223379625051081, 14.655500297763123 ], [ 76.223639524861738, 14.655276326341049 ], [ 76.223935227210205, 14.655020530962473 ], [ 76.223981553748132, 14.655002207790401 ], [ 76.224210230907318, 14.654798741221953 ], [ 76.22470571148159, 14.654361099604381 ], [ 76.225201220516354, 14.653929102190515 ], [ 76.225376205895429, 14.653775634795791 ], [ 76.225400460019955, 14.653754038670304 ], [ 76.225696725043818, 14.653495977524383 ], [ 76.226188134094514, 14.653057220098823 ], [ 76.22667954376297, 14.652619594428906 ], [ 76.227170966839182, 14.652184229502955 ], [ 76.227666466067816, 14.651752227511516 ], [ 76.228153811545582, 14.651314624164764 ], [ 76.228641156719291, 14.650878148074113 ], [ 76.229132617914246, 14.650450687208229 ], [ 76.229624072518675, 14.650023220941566 ], [ 76.230110928912524, 14.64960369230565 ], [ 76.230325099290624, 14.649402560679789 ], [ 76.230341249520677, 14.649389444586122 ], [ 76.230473565319699, 14.649282000766453 ], [ 76.230592643309365, 14.649406791909584 ], [ 76.230812843349014, 14.649662129614613 ], [ 76.23096347498749, 14.649829098136669 ], [ 76.230906521081323, 14.649727728412044 ], [ 76.230808646334594, 14.64961766397667 ] ] ] } },
{ "type": "Feature", "properties": { "OBJECTID": 736, "KGISHobliID": 195, "KGISHobliCode": "310402", "KGISHobliName": "Chigateri", "BhuCodeHobli": null, "SHAPE.STArea()": 351973709.21630806, "SHAPE.STLength()": 143532.4783557984, "KGISTalukCode": "3104", "created_user": null, "created_date": null, "last_edited_user": "SURESHBV", "last_edited_date": 1646654542000.0, "_overlap_percent": 0.019385780428736999, "_police_station": "Bilichodu PS", "_police_feature_index": "208", "_admin_layer": "Hobli", "_geometry_clipped": true }, "geometry": { "type": "MultiPolygon", "coordinates": [ [ [ [ 76.139884185586808, 14.702782596774469 ], [ 76.139048555412984, 14.702512320290385 ], [ 76.138219756649406, 14.702241255000807 ], [ 76.137841476263702, 14.702120665919686 ], [ 76.137799891573167, 14.70210745202842 ], [ 76.137398548295749, 14.701980210786399 ], [ 76.137262077956152, 14.701937071806752 ], [ 76.136532977715532, 14.701707078533556 ], [ 76.134948182314176, 14.701206269024819 ], [ 76.134719051817697, 14.701129555700184 ], [ 76.134097015818881, 14.700920989385905 ], [ 76.133108104095527, 14.700563481620131 ], [ 76.13269213576892, 14.700414112112558 ], [ 76.132017641174457, 14.700171601741095 ], [ 76.131911441660819, 14.700130040144735 ], [ 76.131393621162118, 14.699985856953306 ], [ 76.131269953272636, 14.699968620800609 ], [ 76.131031703188725, 14.699935395792025 ], [ 76.129832028937543, 14.699578120903881 ], [ 76.12973371483406, 14.699548823185328 ], [ 76.129377012298491, 14.699442467231627 ], [ 76.129127422489859, 14.699558945048851 ], [ 76.128813309442563, 14.699705852252638 ], [ 76.128048294101077, 14.700065106389886 ], [ 76.127857515427976, 14.700372655878754 ], [ 76.127702767277171, 14.700622296550172 ], [ 76.127611178441782, 14.700770112579059 ], [ 76.127361609493121, 14.701190187306846 ], [ 76.127326784694276, 14.70124881780454 ], [ 76.127312232722403, 14.701273323465776 ], [ 76.127233958354651, 14.701241319289515 ], [ 76.126989566345856, 14.700995136584663 ], [ 76.126923871898939, 14.70099085900274 ], [ 76.126723022127905, 14.700977761492469 ], [ 76.12496122992512, 14.700480557563274 ], [ 76.123220519336428, 14.699989304307355 ], [ 76.121943090034037, 14.6999053561486 ], [ 76.121598274516487, 14.699882104338311 ], [ 76.121562609598968, 14.699879764601619 ], [ 76.121373966877059, 14.699867345517863 ], [ 76.121306626146719, 14.69986288895455 ], [ 76.121188142403469, 14.699855019327204 ], [ 76.118821035379412, 14.698103766505438 ], [ 76.114672741248057, 14.694965846060066 ], [ 76.114621296259273, 14.694977564032646 ], [ 76.114603818114858, 14.694971188943811 ], [ 76.114571481815389, 14.694959388052638 ], [ 76.114592311123744, 14.695016743285148 ], [ 76.114609692176501, 14.695023201104759 ], [ 76.11466076883778, 14.695011737118739 ], [ 76.118768739461359, 14.69819343020764 ], [ 76.121165942597472, 14.699953238078516 ], [ 76.121285724734861, 14.699961103244718 ], [ 76.121353793684378, 14.699965572563265 ], [ 76.121544441193279, 14.699978090442965 ], [ 76.121580479619112, 14.699980458207035 ], [ 76.121928822936866, 14.700004138638096 ], [ 76.123217852009176, 14.700091777717512 ], [ 76.12497395073143, 14.700586314632075 ], [ 76.126747768334099, 14.701085008519339 ], [ 76.12695031626339, 14.70109889597555 ], [ 76.12701658885301, 14.701103440128181 ], [ 76.127261836360915, 14.701347627137883 ], [ 76.127340649288655, 14.701379602467943 ], [ 76.127355493057124, 14.701355492239305 ], [ 76.12739101644685, 14.70129780120574 ], [ 76.127645662655226, 14.700884209603414 ], [ 76.127739094235253, 14.700738589438695 ], [ 76.127896962789919, 14.700492536882978 ], [ 76.128091586703988, 14.700189201152678 ], [ 76.128866920013493, 14.699836173054178 ], [ 76.129184784363488, 14.699691442400145 ], [ 76.129437144373242, 14.699576533011765 ], [ 76.129796615326896, 14.699682638524322 ], [ 76.129895697242247, 14.699711875519462 ], [ 76.131105160594245, 14.700068870857484 ], [ 76.131345526221267, 14.700102408185632 ], [ 76.13147030025965, 14.700119816078562 ], [ 76.131992744446322, 14.700264383302237 ], [ 76.132099904538691, 14.700305982654422 ], [ 76.132780772232024, 14.700549148656521 ], [ 76.133200900408113, 14.700699191922494 ], [ 76.134200490492503, 14.701059217966128 ], [ 76.134829862393246, 14.70127018071074 ], [ 76.135061825497615, 14.70134793319826 ], [ 76.136668099547819, 14.701858343612651 ], [ 76.137406868992827, 14.702093090082546 ], [ 76.137544927652698, 14.70213695883278 ], [ 76.137950199425703, 14.702265734476359 ], [ 76.137992121837826, 14.702279055159405 ], [ 76.138372632250181, 14.702399962074693 ], [ 76.139200428468655, 14.70266882504807 ], [ 76.140028181579225, 14.702934752594086 ], [ 76.140551766963426, 14.703077494216403 ], [ 76.140523741915814, 14.703050581085547 ], [ 76.140395993367591, 14.702923145522028 ], [ 76.139884185586808, 14.702782596774469 ] ] ], [ [ [ 76.139475981595552, 14.698738237250771 ], [ 76.139475147215848, 14.698633556630204 ], [ 76.13862209096969, 14.699357508772659 ], [ 76.13773937279619, 14.700108865243196 ], [ 76.137723252409018, 14.700166707477955 ], [ 76.137704133726857, 14.700235422244267 ], [ 76.13785523877398, 14.70038038480754 ], [ 76.137869295863439, 14.700328924387605 ], [ 76.137885144177659, 14.700270917145877 ], [ 76.138770942035919, 14.699519733933661 ], [ 76.139477247160201, 14.698907764456065 ], [ 76.139475981595552, 14.698738237250771 ] ] ], [ [ [ 76.161199174583601, 14.700830735754426 ], [ 76.158603606793093, 14.701247938773623 ], [ 76.157305984671538, 14.701478049981924 ], [ 76.156903214989143, 14.704257825102497 ], [ 76.156714355741613, 14.704244506053385 ], [ 76.156550309682473, 14.704232969589521 ], [ 76.155721632143482, 14.704175190208018 ], [ 76.155670077741362, 14.704171624210085 ], [ 76.155450146290548, 14.70415645575217 ], [ 76.155268594500413, 14.704135730718081 ], [ 76.15440887931733, 14.704054164606209 ], [ 76.154280199893265, 14.704054503275131 ], [ 76.153884567903333, 14.704056082770137 ], [ 76.1537282477627, 14.704057380401643 ], [ 76.150790161387022, 14.704174984345986 ], [ 76.150691056887197, 14.704194190499225 ], [ 76.149539190113728, 14.704389441774923 ], [ 76.146823478300192, 14.704873289985684 ], [ 76.146663652717635, 14.704917403124048 ], [ 76.146202258027202, 14.705044728496606 ], [ 76.145449792483987, 14.705234419887988 ], [ 76.145348407505551, 14.705163628655596 ], [ 76.145273782430735, 14.705111528026659 ], [ 76.145019157238977, 14.704933768912811 ], [ 76.144473190293425, 14.70449126756883 ], [ 76.143992480745837, 14.703885769273905 ], [ 76.143930035215149, 14.703807138392134 ], [ 76.143767966091048, 14.703682369392158 ], [ 76.143349998476097, 14.703382240931386 ], [ 76.143094857496209, 14.703194993719812 ], [ 76.143026587221101, 14.703144880462183 ], [ 76.142932775760926, 14.703076015983282 ], [ 76.142931797779212, 14.703075297612752 ], [ 76.142810420189491, 14.702986186715966 ], [ 76.142513579814675, 14.702768206188228 ], [ 76.142363880116051, 14.702658246664855 ], [ 76.142183003574544, 14.702525361761733 ], [ 76.142095282987782, 14.702460909105735 ], [ 76.142046081517961, 14.702424653774321 ], [ 76.141969281091036, 14.702368068939334 ], [ 76.141857036293587, 14.702285350720569 ], [ 76.141683829081614, 14.702157683411226 ], [ 76.141607578245456, 14.702104595981833 ], [ 76.141279671246778, 14.701876226114877 ], [ 76.14060734621242, 14.701390640198415 ], [ 76.139748413779785, 14.700758003534983 ], [ 76.139760748087923, 14.700821585392321 ], [ 76.139810455553871, 14.700858128052854 ], [ 76.140770739156906, 14.701564083160983 ], [ 76.141429136291464, 14.702039187538809 ], [ 76.141750610275494, 14.702262896230955 ], [ 76.141825383675481, 14.702314928694291 ], [ 76.141995161620144, 14.702440160248376 ], [ 76.142105199236667, 14.702521326264323 ], [ 76.142180496238225, 14.702576859881765 ], [ 76.142228736766569, 14.702612447346052 ], [ 76.142314751730595, 14.702675719600824 ], [ 76.142492126730389, 14.702806203467681 ], [ 76.142638941985084, 14.702914207317704 ], [ 76.142930089248082, 14.70312838552168 ], [ 76.143049145520948, 14.703215966488475 ], [ 76.143050104863576, 14.703216672294477 ], [ 76.143142122494581, 14.703284363144885 ], [ 76.143209087252089, 14.703333625818496 ], [ 76.143459349236267, 14.703517725753144 ], [ 76.143869455736507, 14.703812909078614 ], [ 76.1440283708843, 14.703935691223249 ], [ 76.14408917587933, 14.704013164926732 ], [ 76.144557287710185, 14.704609594886088 ], [ 76.145092337895008, 14.705045000272303 ], [ 76.14534223080463, 14.705219810356732 ], [ 76.14541546197016, 14.705271036457805 ], [ 76.145514947059283, 14.705340629314612 ], [ 76.146262923643974, 14.705153310251998 ], [ 76.146721512497024, 14.70502770987143 ], [ 76.146880323462142, 14.704984213706902 ], [ 76.149568365048765, 14.70450505983519 ], [ 76.150697280642319, 14.704303817657356 ], [ 76.150798066198575, 14.704285850656078 ], [ 76.153761007425288, 14.704171850877165 ], [ 76.153919084188345, 14.704169195730257 ], [ 76.154318525010297, 14.704163351183107 ], [ 76.154448346072982, 14.704161451950231 ], [ 76.155316569881663, 14.704232251518482 ], [ 76.155500059594772, 14.704250598411544 ], [ 76.15572227673178, 14.704262759617317 ], [ 76.155774375353403, 14.704265611453424 ], [ 76.156612246287949, 14.704311472735313 ], [ 76.156778219631235, 14.704320557874063 ], [ 76.156969344877226, 14.704331019816783 ], [ 76.157317200801188, 14.701515942377563 ], [ 76.158618167569173, 14.701262073950543 ], [ 76.161198632093004, 14.700836048514164 ], [ 76.161199174583601, 14.700830735754426 ] ] ], [ [ [ 76.167100019954759, 14.700787518447196 ], [ 76.166899365162365, 14.700836094733381 ], [ 76.166378809093828, 14.701016119761267 ], [ 76.164683145248887, 14.701569101063107 ], [ 76.164538844500115, 14.70162897690104 ], [ 76.163517480984396, 14.701979054203953 ], [ 76.163055832492148, 14.702137100863057 ], [ 76.161059831916077, 14.703153334803325 ], [ 76.161055034136893, 14.703210714736571 ], [ 76.161131203103437, 14.703171695293634 ], [ 76.163147189106439, 14.702138959577184 ], [ 76.163606487750954, 14.70198229768067 ], [ 76.164622431051228, 14.701634142865103 ], [ 76.164765854711661, 14.701574376243579 ], [ 76.166453539765598, 14.701021231986216 ], [ 76.166971791171306, 14.70084059825883 ], [ 76.167141959564987, 14.700799051573355 ], [ 76.167100019954759, 14.700787518447196 ] ] ], [ [ [ 76.183847796702949, 14.699695991731279 ], [ 76.183505814052367, 14.699652382665128 ], [ 76.183068549275646, 14.699593369905839 ], [ 76.182876713787593, 14.699567283249195 ], [ 76.182452264907155, 14.699514380821926 ], [ 76.177380243831735, 14.70195649877745 ], [ 76.17507947559038, 14.702963925467085 ], [ 76.175110877360993, 14.702972550039167 ], [ 76.177455608440695, 14.701957321144665 ], [ 76.182526124652554, 14.699558458267784 ], [ 76.182953902923586, 14.699616167195297 ], [ 76.183147484209201, 14.699644626859206 ], [ 76.183589372694684, 14.699709590251478 ], [ 76.183918863970931, 14.699756090875701 ], [ 76.183847796702949, 14.699695991731279 ] ] ] ] } }
]
}
