{
"type": "FeatureCollection",
"name": "wards_in_police_area.writing_20260805_172659",
"crs": { "type": "name", "properties": { "name": "urn:ogc:def:crs:OGC:1.3:CRS84" } },
"features": [
{ "type": "Feature", "properties": { "KGISWardID": 1082, "KGISWardCode": "0611011", "KGISWardName": " ", "SHAPE.STArea()": 4889421.2613343252, "SHAPE.STLength()": 10817.082318543578, "OBJECTID": 16031, "KGISWardNo": "11", "KGISTownCode": "0611", "LGD_WardCode": 1296243, "created_user": "SA", "created_date": 1634898537000, "last_edited_user": "SURESHBV1", "last_edited_date": 1692253972000, "_overlap_percent": 100.00000000000004, "_police_station": "Sirwar PS", "_police_feature_index": "61", "_admin_layer": "Ward", "_geometry_clipped": true }, "geometry": { "type": "Polygon", "coordinates": [ [ [ 77.004597505044842, 16.174164708317154 ], [ 77.00460840255684, 16.174151486908848 ], [ 77.004747161326904, 16.173954584883987 ], [ 77.004763176397674, 16.173930749968445 ], [ 77.004789130825714, 16.173883893662477 ], [ 77.004804919299815, 16.173843810426849 ], [ 77.00480908817083, 16.173833226645932 ], [ 77.004820410560399, 16.173804479942653 ], [ 77.004846058297119, 16.173725933395421 ], [ 77.004853648823641, 16.173699282868149 ], [ 77.004870094075557, 16.173641545187191 ], [ 77.004888669323094, 16.173560098005659 ], [ 77.004910608921918, 16.173468211059813 ], [ 77.004981783155586, 16.173170124995817 ], [ 77.00509556079615, 16.172733659940281 ], [ 77.005097177535902, 16.172725986164945 ], [ 77.005111170200294, 16.172673341440881 ], [ 77.005117117101676, 16.172650964857745 ], [ 77.005148670055789, 16.172575768146118 ], [ 77.005165191351267, 16.172542258588731 ], [ 77.005192729056745, 16.172501485434061 ], [ 77.005205464749778, 16.172482626566257 ], [ 77.005264417575134, 16.172410265395094 ], [ 77.00528153790593, 16.17239424212281 ], [ 77.005340168316195, 16.172345155956805 ], [ 77.005377388555544, 16.172318004794221 ], [ 77.005419823070937, 16.172287050206926 ], [ 77.005451973804952, 16.172263598082584 ], [ 77.005582485827503, 16.172168395433975 ], [ 77.005591537950963, 16.172161791859558 ], [ 77.005687342114697, 16.172077915288785 ], [ 77.005828773741968, 16.171924296814744 ], [ 77.005924717429906, 16.171820085228298 ], [ 77.006428690025487, 16.171328641618548 ], [ 77.006544966689574, 16.171215255839119 ], [ 77.006955234659657, 16.170785333336415 ], [ 77.007158114742182, 16.17057273422181 ], [ 77.007209048177444, 16.170519360583512 ], [ 77.007383819421079, 16.170321608913031 ], [ 77.007425336746991, 16.170285637979365 ], [ 77.00748290795336, 16.170253893314886 ], [ 77.00756525977657, 16.170224413183806 ], [ 77.007628496954894, 16.170209713902526 ], [ 77.007720141634422, 16.170188410858596 ], [ 77.008031213791227, 16.170116098980817 ], [ 77.008115461642262, 16.170101340445825 ], [ 77.008310767158193, 16.170083748370224 ], [ 77.008557309969447, 16.170075654980035 ], [ 77.009017548618232, 16.17009971906813 ], [ 77.009016766922983, 16.170198493055217 ], [ 77.009014675952514, 16.170462606327568 ], [ 77.009014289620694, 16.170511421779214 ], [ 77.00903395954758, 16.170548530271226 ], [ 77.009051971851832, 16.170568441703896 ], [ 77.009075949598738, 16.170591165596889 ], [ 77.009099826785871, 16.170603849238859 ], [ 77.009760696467197, 16.170934691983437 ], [ 77.009791598020612, 16.170933314049812 ], [ 77.009882715826095, 16.170929251231065 ], [ 77.010407623378569, 16.170905845676561 ], [ 77.010871155631165, 16.170885175625866 ], [ 77.010894021039206, 16.170884156287197 ], [ 77.010978733258511, 16.170691226878837 ], [ 77.011052620993738, 16.170520904549793 ], [ 77.011123464373824, 16.170357602672482 ], [ 77.011110013079403, 16.170155995279654 ], [ 77.011105559321678, 16.17008913919349 ], [ 77.011104526258052, 16.170073623201475 ], [ 77.011086564334832, 16.169803964845809 ], [ 77.011667312217284, 16.169652136269463 ], [ 77.011695650543899, 16.16964472760262 ], [ 77.01196502582674, 16.169574301550693 ], [ 77.012012988335385, 16.169561763065278 ], [ 77.012179455967043, 16.169518241661109 ], [ 77.012382778176558, 16.169465084911199 ], [ 77.012415917811552, 16.169456420893574 ], [ 77.012466286991454, 16.169443252365429 ], [ 77.012476766444308, 16.169440806737178 ], [ 77.012475110787179, 16.169433711435182 ], [ 77.012462412551685, 16.169379264168359 ], [ 77.012538119885733, 16.16927025110617 ], [ 77.01257292799184, 16.169293958228636 ], [ 77.012812780560608, 16.169457316351696 ], [ 77.012967692337767, 16.1695561923772 ], [ 77.012972802175142, 16.169559453754626 ], [ 77.012973657586215, 16.169560000444275 ], [ 77.01306220178553, 16.169616514948533 ], [ 77.013095127801023, 16.169637530926057 ], [ 77.013104884740301, 16.169643690305374 ], [ 77.013457209290479, 16.16986543642372 ], [ 77.013587012765299, 16.169946068239717 ], [ 77.014054286880466, 16.170226234346107 ], [ 77.014257437415182, 16.170340822689393 ], [ 77.014385948171309, 16.170413309823768 ], [ 77.014804561552822, 16.170657685999949 ], [ 77.01535601174912, 16.170968577636298 ], [ 77.015422940349012, 16.17100752108097 ], [ 77.016749339384091, 16.171738732323409 ], [ 77.016874354372177, 16.171807648433575 ], [ 77.016906966997439, 16.171825627163976 ], [ 77.01691183568532, 16.171816355764893 ], [ 77.016917824332324, 16.171804953117011 ], [ 77.016920486150568, 16.171799884267656 ], [ 77.01692720675031, 16.171787087731651 ], [ 77.016933106427729, 16.17177585489075 ], [ 77.016939958182022, 16.171762807731366 ], [ 77.016979585564997, 16.171687353390414 ], [ 77.017004214258534, 16.171640456072478 ], [ 77.017086529830294, 16.171469913120809 ], [ 77.017117082781496, 16.171408684443922 ], [ 77.017123656546588, 16.171397635858639 ], [ 77.017129500430457, 16.171387816695848 ], [ 77.017136538211091, 16.171378361188474 ], [ 77.017141973398253, 16.171371662244727 ], [ 77.0171538347753, 16.171360469564156 ], [ 77.017179454290456, 16.171343307715379 ], [ 77.017252679959455, 16.171294257326732 ], [ 77.017280092756707, 16.1712795867222 ], [ 77.017340875315739, 16.17125138442486 ], [ 77.017600424403156, 16.171130951557689 ], [ 77.01760869443703, 16.17112711437435 ], [ 77.01776548345795, 16.171054362871896 ], [ 77.017770967336517, 16.17105181797627 ], [ 77.017835960577059, 16.17102442224952 ], [ 77.017837321659641, 16.171023848238018 ], [ 77.017854795131413, 16.171016483052615 ], [ 77.0180302019116, 16.170949174901775 ], [ 77.017996053160203, 16.170880825348348 ], [ 77.017968130638863, 16.170824937232609 ], [ 77.017836961460532, 16.170562397824078 ], [ 77.017637491832076, 16.170163149108582 ], [ 77.01742956442898, 16.169644700812412 ], [ 77.017237760906752, 16.169166451900768 ], [ 77.017301272444058, 16.168863509251185 ], [ 77.017508582153965, 16.167874655617055 ], [ 77.017519604436387, 16.167822080151964 ], [ 77.017561060118169, 16.167624338208459 ], [ 77.017672471442253, 16.166708915271897 ], [ 77.017473965749673, 16.166442281652401 ], [ 77.01740212817667, 16.166182047895362 ], [ 77.017388513305832, 16.166132727425474 ], [ 77.017289913184555, 16.165775538761249 ], [ 77.017187282379581, 16.165606074657827 ], [ 77.016414380464298, 16.164329843137899 ], [ 77.016396831538984, 16.16430086623312 ], [ 77.016312714450692, 16.164161967679803 ], [ 77.016284028248307, 16.164114600561494 ], [ 77.015980047940062, 16.163612654622643 ], [ 77.015927555670999, 16.163471947422352 ], [ 77.01591762232141, 16.163445320763127 ], [ 77.015766860852708, 16.163041198327875 ], [ 77.015487487741154, 16.162769995067165 ], [ 77.015241094770886, 16.162530806437744 ], [ 77.014678517763556, 16.161984675235502 ], [ 77.014652780613147, 16.161959689808533 ], [ 77.013941012990031, 16.161268722611208 ], [ 77.013839063951124, 16.161220138854432 ], [ 77.013783327454476, 16.161201986008408 ], [ 77.013485688304044, 16.161153373558175 ], [ 77.012769070905108, 16.161036330275181 ], [ 77.01253724070223, 16.160856070034999 ], [ 77.011121219907423, 16.160228983414655 ], [ 77.011114997214577, 16.160081070773302 ], [ 77.011092842328623, 16.159554427638511 ], [ 77.011083807584541, 16.159339674027162 ], [ 77.011082398391039, 16.159306176324698 ], [ 77.010754931423236, 16.159394151586042 ], [ 77.010532715430401, 16.159453849744644 ], [ 77.010389670804258, 16.159492707837646 ], [ 77.009650703443313, 16.159693448352613 ], [ 77.009560976586528, 16.159719561317946 ], [ 77.009158123581486, 16.159836802596629 ], [ 77.009130701417348, 16.159838717572576 ], [ 77.009117182698475, 16.159836691061042 ], [ 77.009104228858718, 16.159832277447638 ], [ 77.009064479411521, 16.159815265410241 ], [ 77.009049676910223, 16.159808226338516 ], [ 77.00903469874028, 16.159801103989015 ], [ 77.009017979962636, 16.15978854058984 ], [ 77.009005406897259, 16.159771288378447 ], [ 77.008998857571839, 16.159757563732253 ], [ 77.008990030263604, 16.159739065413014 ], [ 77.008972743047849, 16.159695587720481 ], [ 77.00862895555457, 16.159782570857853 ], [ 77.008555880784428, 16.159801060248366 ], [ 77.008526240954382, 16.159850459821545 ], [ 77.00851223141359, 16.159871206588832 ], [ 77.008497733436272, 16.159889876171739 ], [ 77.00848219384649, 16.159906867738353 ], [ 77.008480256258537, 16.159908581988919 ], [ 77.008461154602088, 16.159925290911172 ], [ 77.008446163882695, 16.15993664363133 ], [ 77.00841754579065, 16.159955393093668 ], [ 77.008401514257415, 16.159964591614084 ], [ 77.008284950077453, 16.160024094204978 ], [ 77.008225727974747, 16.160056953991784 ], [ 77.007954938953375, 16.160230757849721 ], [ 77.007941198755773, 16.160239576922677 ], [ 77.007936774074253, 16.160240992054792 ], [ 77.007933559212589, 16.160241022373125 ], [ 77.007930979650411, 16.160239619986047 ], [ 77.007902056578644, 16.160203078283566 ], [ 77.007802939576649, 16.160077850429481 ], [ 77.007756722791783, 16.160024664743236 ], [ 77.00764738511208, 16.159898841049795 ], [ 77.007631019058607, 16.159897966217283 ], [ 77.00760710672958, 16.159894346154235 ], [ 77.007590775948756, 16.159889648945605 ], [ 77.007580431670746, 16.15988553320031 ], [ 77.007573424269125, 16.159881620012683 ], [ 77.007555676700719, 16.159870122446517 ], [ 77.007550807336031, 16.159866476429812 ], [ 77.007529228210529, 16.159850319208768 ], [ 77.007495691578427, 16.15982323417866 ], [ 77.007480406344641, 16.159808379268732 ], [ 77.007463356435181, 16.159789492162101 ], [ 77.007446287269843, 16.15976721509421 ], [ 77.007440489456727, 16.159759022100062 ], [ 77.0074204270922, 16.159730669730653 ], [ 77.007413114133684, 16.159719083711579 ], [ 77.007399260693234, 16.159695379423706 ], [ 77.007387020816296, 16.15966981305419 ], [ 77.007381820729975, 16.159657390299419 ], [ 77.007372582342924, 16.159632328729064 ], [ 77.007367646556332, 16.159614135181933 ], [ 77.00736144954621, 16.159581952024674 ], [ 77.00735947232657, 16.159567513772775 ], [ 77.007358018998929, 16.15955690707959 ], [ 77.007353878360291, 16.159501338582412 ], [ 77.00735358616754, 16.159469425036075 ], [ 77.007354166587092, 16.159431709663373 ], [ 77.007356125285639, 16.159396239282742 ], [ 77.007356764401621, 16.159387403710284 ], [ 77.007357370237898, 16.159372492038859 ], [ 77.007357193782354, 16.159358899705506 ], [ 77.007357140841094, 16.159354858599546 ], [ 77.007356848467211, 16.159350808004614 ], [ 77.007351699311641, 16.159279886758025 ], [ 77.007349537322568, 16.159260109328827 ], [ 77.007344686694779, 16.159235253059641 ], [ 77.007341934638177, 16.159224724568908 ], [ 77.007335321086785, 16.159203326563031 ], [ 77.007328052560297, 16.159182430783538 ], [ 77.00730360756333, 16.159112129663495 ], [ 77.007290210582028, 16.159068617825053 ], [ 77.007287701284937, 16.159061947938557 ], [ 77.007282198358581, 16.159048881087315 ], [ 77.007267765173324, 16.159018767905305 ], [ 77.007236897931705, 16.158962043606341 ], [ 77.007225284130286, 16.158940699958869 ], [ 77.007173156424059, 16.158844905714208 ], [ 77.007150163054277, 16.158848585786927 ], [ 77.007076444895006, 16.158873714621517 ], [ 77.006845695037512, 16.158299738795385 ], [ 77.006200236441686, 16.157342700275741 ], [ 77.005216154709998, 16.155883553393483 ], [ 77.005096815892102, 16.155680191192026 ], [ 77.004251449459645, 16.154239611186924 ], [ 77.003251246958271, 16.15297700900198 ], [ 77.002892485703541, 16.152524125586677 ], [ 77.002768578552718, 16.152367710050907 ], [ 77.002385915839568, 16.151884647310645 ], [ 77.002266376645025, 16.151733745411263 ], [ 77.002056110152651, 16.151468308068029 ], [ 77.001905980149942, 16.151244980409125 ], [ 77.001698178757593, 16.150821522188355 ], [ 77.001464919834419, 16.150346185541483 ], [ 77.001305417432846, 16.150913368160662 ], [ 77.001091478185188, 16.15145896556966 ], [ 77.000411325327519, 16.153310953750932 ], [ 76.999872819935149, 16.153877872921175 ], [ 76.999613723265441, 16.154563863904325 ], [ 76.999100479210057, 16.15541317892815 ], [ 76.999019148254874, 16.155620489827047 ], [ 76.99552960699107, 16.156318078606553 ], [ 76.995690472286938, 16.15786787411826 ], [ 76.995606811340537, 16.158667578102321 ], [ 76.995595582409393, 16.158774018053023 ], [ 76.995569198175488, 16.159023638316562 ], [ 76.995365490443803, 16.159245768765803 ], [ 76.995221574873113, 16.159402389884896 ], [ 76.994478009515859, 16.160167810445525 ], [ 76.993129111709365, 16.161556337768591 ], [ 76.993013082462582, 16.161611175092055 ], [ 76.992955295321906, 16.161638485886144 ], [ 76.992881891245474, 16.161673177675596 ], [ 76.992798873424505, 16.16169127786009 ], [ 76.992724935873184, 16.161708751789181 ], [ 76.992691299960867, 16.161713788634223 ], [ 76.991005234174011, 16.161960003429456 ], [ 76.990635038465982, 16.162137739064079 ], [ 76.990467815393615, 16.162218023752459 ], [ 76.989994657230383, 16.162384630422174 ], [ 76.989839988124587, 16.162438868648451 ], [ 76.989541215880649, 16.162543384213411 ], [ 76.989393802724635, 16.163457155354195 ], [ 76.989379961578706, 16.163546267674519 ], [ 76.989359111457915, 16.16372286981899 ], [ 76.989329943034335, 16.163926558126541 ], [ 76.989214359771694, 16.164761278951104 ], [ 76.98920814545103, 16.164806157406769 ], [ 76.989190723729266, 16.164931843307002 ], [ 76.989185576424376, 16.164968990837846 ], [ 76.988454456996948, 16.166406929274288 ], [ 76.988304209072169, 16.166701269288176 ], [ 76.988188955114197, 16.166925960901562 ], [ 76.988216036615142, 16.167197849706735 ], [ 76.988474573362311, 16.170027640219534 ], [ 76.988502318631788, 16.170552535855098 ], [ 76.988536624369104, 16.171391613337438 ], [ 76.98854903956061, 16.171545563959342 ], [ 76.988672055964386, 16.173036448940486 ], [ 76.988811076084829, 16.174730687118515 ], [ 76.988815591628025, 16.174827970422086 ], [ 76.992329251547204, 16.174545386302974 ], [ 76.995284203333512, 16.174196184195946 ], [ 76.995296130187029, 16.173307016820196 ], [ 76.995287730745162, 16.173129309235019 ], [ 76.995655096062436, 16.173364590749852 ], [ 76.995839173792191, 16.173482483686978 ], [ 76.996660701145103, 16.174021597334601 ], [ 76.996690516602342, 16.174040181136185 ], [ 76.996702942289247, 16.174048064638875 ], [ 76.996741442637557, 16.174072491565141 ], [ 76.997110090541369, 16.174306397390438 ], [ 76.99830276575905, 16.175063132133332 ], [ 76.998383442758893, 16.17511431991079 ], [ 76.999106457703249, 16.175579471012544 ], [ 76.999131684355433, 16.175595700402376 ], [ 76.999376496777771, 16.175753199410746 ], [ 76.999747338542235, 16.175994165972408 ], [ 76.999908588213529, 16.176098941063163 ], [ 77.000220905769041, 16.176301877641659 ], [ 77.000852305038791, 16.175850182332958 ], [ 77.000907578624151, 16.175819243281808 ], [ 77.000999681319257, 16.175785227250813 ], [ 77.001106670582431, 16.175757214438818 ], [ 77.001148801215834, 16.175747466307893 ], [ 77.001175182180575, 16.175741362189516 ], [ 77.001213581291353, 16.175736907852951 ], [ 77.001433495175547, 16.175722575904757 ], [ 77.001490690630575, 16.1757209318402 ], [ 77.001967692741616, 16.175679956936701 ], [ 77.002190854128386, 16.175640902152804 ], [ 77.002247194085825, 16.175627204357042 ], [ 77.002463234933586, 16.17556454222218 ], [ 77.00270167239951, 16.175472020632302 ], [ 77.003024495143265, 16.175337499395386 ], [ 77.003257106620097, 16.175225183662448 ], [ 77.003360628696242, 16.175168659076316 ], [ 77.003433390743496, 16.175128930291489 ], [ 77.003436735466124, 16.175127103426728 ], [ 77.003707303402749, 16.174952425054304 ], [ 77.003766802551212, 16.17491121456176 ], [ 77.004058651463893, 16.174660567655412 ], [ 77.004504180606602, 16.174277933969005 ], [ 77.004597505044842, 16.174164708317154 ] ] ] } },
{ "type": "Feature", "properties": { "KGISWardID": 1079, "KGISWardCode": "0611008", "KGISWardName": " ", "SHAPE.STArea()": 890293.94182527997, "SHAPE.STLength()": 4673.8685317721438, "OBJECTID": 16028, "KGISWardNo": "8", "KGISTownCode": "0611", "LGD_WardCode": 1296240, "created_user": "SA", "created_date": 1634898537000, "last_edited_user": "SURESHBV1", "last_edited_date": 1692253972000, "_overlap_percent": 99.999999999999986, "_police_station": "Sirwar PS", "_police_feature_index": "61", "_admin_layer": "Ward", "_geometry_clipped": true }, "geometry": { "type": "Polygon", "coordinates": [ [ [ 77.025705109093821, 16.155938100770413 ], [ 77.025696410159711, 16.155938025393311 ], [ 77.024831486547455, 16.155930499167383 ], [ 77.024188743377209, 16.155973562610196 ], [ 77.02408574390779, 16.155980421870815 ], [ 77.024080785826911, 16.155980751804737 ], [ 77.022100982618724, 16.156112586095034 ], [ 77.020818135309838, 16.156266154977004 ], [ 77.019189080791193, 16.156446651435253 ], [ 77.018512879449503, 16.156557688489524 ], [ 77.018537313969688, 16.156712486312081 ], [ 77.018789077771629, 16.157877941579979 ], [ 77.018901309062386, 16.158397472588209 ], [ 77.018328949193403, 16.158462950300507 ], [ 77.018714838552526, 16.160367608842915 ], [ 77.01876932215373, 16.1606365246368 ], [ 77.018781063402074, 16.160837172246602 ], [ 77.018822413709458, 16.161543799195712 ], [ 77.019294273794046, 16.161524415666637 ], [ 77.019826954342761, 16.161502533142869 ], [ 77.019797508065594, 16.161934286424096 ], [ 77.019785285005796, 16.162113495884132 ], [ 77.019723410086883, 16.163020729995829 ], [ 77.01968922808706, 16.163458529563385 ], [ 77.019653961539859, 16.164226190151986 ], [ 77.019630498069247, 16.164344771446437 ], [ 77.019579894723506, 16.164600505234301 ], [ 77.019571023317411, 16.164645340409997 ], [ 77.01940992995867, 16.165271924550801 ], [ 77.019644996675154, 16.165301617594075 ], [ 77.019671566932644, 16.165304973357323 ], [ 77.019671445403503, 16.165805699068702 ], [ 77.019671396538968, 16.166001690261417 ], [ 77.019627036567954, 16.166054871245404 ], [ 77.019458501647861, 16.166256911984458 ], [ 77.019419072184832, 16.166304179407462 ], [ 77.019504310927459, 16.166443571731659 ], [ 77.019613123235743, 16.166621514340612 ], [ 77.019653542033879, 16.166686991429582 ], [ 77.019680231216995, 16.166734793447418 ], [ 77.019688869929681, 16.166752909861096 ], [ 77.019703106854408, 16.166791342768683 ], [ 77.01971917074593, 16.166854721600611 ], [ 77.019724864240558, 16.166890488788013 ], [ 77.019728506722075, 16.16693014443678 ], [ 77.01974605470599, 16.167077657637776 ], [ 77.019753135826136, 16.167137180424049 ], [ 77.019798896781751, 16.167527526724008 ], [ 77.019809959650715, 16.167623740090704 ], [ 77.019813779951107, 16.167656968002262 ], [ 77.01982598528582, 16.167736798209951 ], [ 77.01982904741638, 16.167754206746515 ], [ 77.019841737054179, 16.167800912756359 ], [ 77.01985053134068, 16.167850433244602 ], [ 77.019890780415338, 16.168018501743067 ], [ 77.019900544439125, 16.168055894620061 ], [ 77.019908300835482, 16.168079456948096 ], [ 77.019915305892596, 16.168090357743026 ], [ 77.01992190882153, 16.168097384321051 ], [ 77.019933290406257, 16.168104333919509 ], [ 77.01994850053218, 16.168112749781937 ], [ 77.020034998788688, 16.168143749980807 ], [ 77.020055161811513, 16.168150741814461 ], [ 77.020104045076721, 16.168168832200614 ], [ 77.020123809316203, 16.168176878640111 ], [ 77.020153923823557, 16.168189842431371 ], [ 77.020165223177912, 16.168196151276661 ], [ 77.020173653612815, 16.16820167415996 ], [ 77.020179267001481, 16.168205351629691 ], [ 77.0201885177501, 16.16821403818285 ], [ 77.020193793547151, 16.168221111683504 ], [ 77.020199527166398, 16.168232479021075 ], [ 77.020202828719874, 16.168241243731256 ], [ 77.020204925751841, 16.168250621639029 ], [ 77.020266341448519, 16.16852529672019 ], [ 77.020271903911691, 16.168549718348103 ], [ 77.020402129403678, 16.169121402578199 ], [ 77.020520478558296, 16.169580186211327 ], [ 77.020546521278519, 16.169675060042213 ], [ 77.020553696324697, 16.169701200252327 ], [ 77.020556812943283, 16.169712553567955 ], [ 77.020699702453939, 16.170233106403039 ], [ 77.020765851542635, 16.170494904917305 ], [ 77.020935800904667, 16.171311766772078 ], [ 77.020979130554593, 16.171307619067797 ], [ 77.021512915588019, 16.171256514648405 ], [ 77.022082325794656, 16.171203291289697 ], [ 77.02226685355852, 16.171183326649953 ], [ 77.022293419325194, 16.171175412087301 ], [ 77.022319733344034, 16.171158194274774 ], [ 77.022340628126642, 16.171139669028531 ], [ 77.022387080337907, 16.171098486565459 ], [ 77.02251167061668, 16.170988030932406 ], [ 77.022521605583506, 16.17097922268734 ], [ 77.022530598994933, 16.170966275203444 ], [ 77.022533278597152, 16.170959754129164 ], [ 77.022538996334802, 16.170936374696847 ], [ 77.022539648544821, 16.17092659843561 ], [ 77.022164584176025, 16.170318323748944 ], [ 77.022346714545336, 16.170189453784829 ], [ 77.022328190542822, 16.1701581447983 ], [ 77.022170674006361, 16.169891914102273 ], [ 77.022214822556307, 16.169863899310087 ], [ 77.022876735238597, 16.169443874639967 ], [ 77.02297296967059, 16.169387389850147 ], [ 77.023250736440858, 16.169224355930616 ], [ 77.023272598593877, 16.169211522807839 ], [ 77.023281621221656, 16.169094183659748 ], [ 77.023290862724124, 16.168974007098079 ], [ 77.023298158125982, 16.168879133009824 ], [ 77.023330838791281, 16.168454131451998 ], [ 77.023336135210997, 16.168385243421234 ], [ 77.023365516557135, 16.16800314655822 ], [ 77.023565098681757, 16.167359166425918 ], [ 77.023592218643472, 16.167271660213434 ], [ 77.023845982071848, 16.166452847892661 ], [ 77.02421201325798, 16.166445542372148 ], [ 77.024250323360533, 16.16629976112074 ], [ 77.024277759827314, 16.166195357322195 ], [ 77.024592101938296, 16.164789986349255 ], [ 77.02479468823249, 16.163785289153026 ], [ 77.024908150643597, 16.16325902218108 ], [ 77.024923515742117, 16.16318775421184 ], [ 77.025014905413769, 16.162763864875402 ], [ 77.025129207305085, 16.162157718113392 ], [ 77.025153978611911, 16.162023859592072 ], [ 77.025217663544794, 16.161333227439986 ], [ 77.025237323456068, 16.161120040012147 ], [ 77.025362702654832, 16.159760377633777 ], [ 77.025830627297054, 16.156418455055515 ], [ 77.02589662830151, 16.155947066413386 ], [ 77.025895707812651, 16.155939759147468 ], [ 77.025705109093821, 16.155938100770413 ] ] ] } },
{ "type": "Feature", "properties": { "KGISWardID": 1080, "KGISWardCode": "0611009", "KGISWardName": " ", "SHAPE.STArea()": 781988.10567262501, "SHAPE.STLength()": 5820.7858748189446, "OBJECTID": 16029, "KGISWardNo": "9", "KGISTownCode": "0611", "LGD_WardCode": 1296241, "created_user": "SA", "created_date": 1634898537000, "last_edited_user": "SURESHBV1", "last_edited_date": 1692253972000, "_overlap_percent": 100.00000000000004, "_police_station": "Sirwar PS", "_police_feature_index": "61", "_admin_layer": "Ward", "_geometry_clipped": true }, "geometry": { "type": "Polygon", "coordinates": [ [ [ 77.020940653021441, 16.171335087356333 ], [ 77.020935800904667, 16.171311766772078 ], [ 77.020765851542635, 16.170494904917305 ], [ 77.020699702453939, 16.170233106403039 ], [ 77.020556812943283, 16.169712553567955 ], [ 77.020553696324697, 16.169701200252327 ], [ 77.020546521278519, 16.169675060042213 ], [ 77.020520478558296, 16.169580186211327 ], [ 77.020402129403678, 16.169121402578199 ], [ 77.020271903911691, 16.168549718348103 ], [ 77.020266341448519, 16.16852529672019 ], [ 77.020204925751841, 16.168250621639029 ], [ 77.020202828719874, 16.168241243731256 ], [ 77.020199527166398, 16.168232479021075 ], [ 77.020193793547151, 16.168221111683504 ], [ 77.0201885177501, 16.16821403818285 ], [ 77.020179267001481, 16.168205351629691 ], [ 77.020173653612815, 16.16820167415996 ], [ 77.020165223177912, 16.168196151276661 ], [ 77.020153923823557, 16.168189842431371 ], [ 77.020123809316203, 16.168176878640111 ], [ 77.020104045076721, 16.168168832200614 ], [ 77.020055161811513, 16.168150741814461 ], [ 77.020034998788688, 16.168143749980807 ], [ 77.01994850053218, 16.168112749781937 ], [ 77.019933290406257, 16.168104333919509 ], [ 77.01992190882153, 16.168097384321051 ], [ 77.019915305892596, 16.168090357743026 ], [ 77.019908300835482, 16.168079456948096 ], [ 77.019900544439125, 16.168055894620061 ], [ 77.019890780415338, 16.168018501743067 ], [ 77.01985053134068, 16.167850433244602 ], [ 77.019841737054179, 16.167800912756359 ], [ 77.01982904741638, 16.167754206746515 ], [ 77.01982598528582, 16.167736798209951 ], [ 77.019813779951107, 16.167656968002262 ], [ 77.019809959650715, 16.167623740090704 ], [ 77.019798896781751, 16.167527526724008 ], [ 77.019753135826136, 16.167137180424049 ], [ 77.01974605470599, 16.167077657637776 ], [ 77.019728506722075, 16.16693014443678 ], [ 77.019724864240558, 16.166890488788013 ], [ 77.01971917074593, 16.166854721600611 ], [ 77.019703106854408, 16.166791342768683 ], [ 77.019688869929681, 16.166752909861096 ], [ 77.019680231216995, 16.166734793447418 ], [ 77.019653542033879, 16.166686991429582 ], [ 77.019613123235743, 16.166621514340612 ], [ 77.019504310927459, 16.166443571731659 ], [ 77.019419072184832, 16.166304179407462 ], [ 77.019458501647861, 16.166256911984458 ], [ 77.019627036567954, 16.166054871245404 ], [ 77.019671396538968, 16.166001690261417 ], [ 77.019671445403503, 16.165805699068702 ], [ 77.019671566932644, 16.165304973357323 ], [ 77.019644996675154, 16.165301617594075 ], [ 77.01940992995867, 16.165271924550801 ], [ 77.019571023317411, 16.164645340409997 ], [ 77.019579894723506, 16.164600505234301 ], [ 77.019630498069247, 16.164344771446437 ], [ 77.019653961539859, 16.164226190151986 ], [ 77.01968922808706, 16.163458529563385 ], [ 77.019723410086883, 16.163020729995829 ], [ 77.019785285005796, 16.162113495884132 ], [ 77.019797508065594, 16.161934286424096 ], [ 77.019826954342761, 16.161502533142869 ], [ 77.019294273794046, 16.161524415666637 ], [ 77.018822413709458, 16.161543799195712 ], [ 77.018781063402074, 16.160837172246602 ], [ 77.01876932215373, 16.1606365246368 ], [ 77.018714838552526, 16.160367608842915 ], [ 77.018328949193403, 16.158462950300507 ], [ 77.018901309062386, 16.158397472588209 ], [ 77.018789077771629, 16.157877941579979 ], [ 77.018537313969688, 16.156712486312081 ], [ 77.018512879449503, 16.156557688489524 ], [ 77.018410145295022, 16.156574558397192 ], [ 77.01840741155236, 16.156575007169373 ], [ 77.017765096660796, 16.156680477447178 ], [ 77.015533682080189, 16.156988096843094 ], [ 77.013282636904322, 16.157468396326507 ], [ 77.011025221934446, 16.15794703093945 ], [ 77.009934442130941, 16.158208270108766 ], [ 77.008084751204834, 16.158699019087717 ], [ 77.007173156424059, 16.158844905714208 ], [ 77.007225284130286, 16.158940699958869 ], [ 77.007236897931705, 16.158962043606341 ], [ 77.007267765173324, 16.159018767905305 ], [ 77.007282198358581, 16.159048881087315 ], [ 77.007287701284937, 16.159061947938557 ], [ 77.007290210582028, 16.159068617825053 ], [ 77.00730360756333, 16.159112129663495 ], [ 77.007328052560297, 16.159182430783538 ], [ 77.007335321086785, 16.159203326563031 ], [ 77.007341934638177, 16.159224724568908 ], [ 77.007344686694779, 16.159235253059641 ], [ 77.007349537322568, 16.159260109328827 ], [ 77.007351699311641, 16.159279886758025 ], [ 77.007356848467211, 16.159350808004614 ], [ 77.007357140841094, 16.159354858599546 ], [ 77.007357193782354, 16.159358899705506 ], [ 77.007357370237898, 16.159372492038859 ], [ 77.007356764401621, 16.159387403710284 ], [ 77.007356125285639, 16.159396239282742 ], [ 77.007354166587092, 16.159431709663373 ], [ 77.00735358616754, 16.159469425036075 ], [ 77.007353878360291, 16.159501338582412 ], [ 77.007358018998929, 16.15955690707959 ], [ 77.00735947232657, 16.159567513772775 ], [ 77.00736144954621, 16.159581952024674 ], [ 77.007367646556332, 16.159614135181933 ], [ 77.007372582342924, 16.159632328729064 ], [ 77.007381820729975, 16.159657390299419 ], [ 77.007387020816296, 16.15966981305419 ], [ 77.007399260693234, 16.159695379423706 ], [ 77.007413114133684, 16.159719083711579 ], [ 77.0074204270922, 16.159730669730653 ], [ 77.007440489456727, 16.159759022100062 ], [ 77.007446287269843, 16.15976721509421 ], [ 77.007463356435181, 16.159789492162101 ], [ 77.007480406344641, 16.159808379268732 ], [ 77.007495691578427, 16.15982323417866 ], [ 77.007529228210529, 16.159850319208768 ], [ 77.007550807336031, 16.159866476429812 ], [ 77.007555676700719, 16.159870122446517 ], [ 77.007573424269125, 16.159881620012683 ], [ 77.007580431670746, 16.15988553320031 ], [ 77.007590775948756, 16.159889648945605 ], [ 77.00760710672958, 16.159894346154235 ], [ 77.007631019058607, 16.159897966217283 ], [ 77.00764738511208, 16.159898841049795 ], [ 77.007756722791783, 16.160024664743236 ], [ 77.007802939576649, 16.160077850429481 ], [ 77.007902056578644, 16.160203078283566 ], [ 77.007930979650411, 16.160239619986047 ], [ 77.007933559212589, 16.160241022373125 ], [ 77.007936774074253, 16.160240992054792 ], [ 77.007941198755773, 16.160239576922677 ], [ 77.007954938953375, 16.160230757849721 ], [ 77.008225727974747, 16.160056953991784 ], [ 77.008284950077453, 16.160024094204978 ], [ 77.008401514257415, 16.159964591614084 ], [ 77.00841754579065, 16.159955393093668 ], [ 77.008446163882695, 16.15993664363133 ], [ 77.008461154602088, 16.159925290911172 ], [ 77.008480256258537, 16.159908581988919 ], [ 77.00848219384649, 16.159906867738353 ], [ 77.008497733436272, 16.159889876171739 ], [ 77.00851223141359, 16.159871206588832 ], [ 77.008526240954382, 16.159850459821545 ], [ 77.008555880784428, 16.159801060248366 ], [ 77.00862895555457, 16.159782570857853 ], [ 77.008972743047849, 16.159695587720481 ], [ 77.008990030263604, 16.159739065413014 ], [ 77.008998857571839, 16.159757563732253 ], [ 77.009005406897259, 16.159771288378447 ], [ 77.009017979962636, 16.15978854058984 ], [ 77.00903469874028, 16.159801103989015 ], [ 77.009049676910223, 16.159808226338516 ], [ 77.009064479411521, 16.159815265410241 ], [ 77.009104228858718, 16.159832277447638 ], [ 77.009117182698475, 16.159836691061042 ], [ 77.009130701417348, 16.159838717572576 ], [ 77.009158123581486, 16.159836802596629 ], [ 77.009560976586528, 16.159719561317946 ], [ 77.009650703443313, 16.159693448352613 ], [ 77.010389670804258, 16.159492707837646 ], [ 77.010532715430401, 16.159453849744644 ], [ 77.010754931423236, 16.159394151586042 ], [ 77.011082398391039, 16.159306176324698 ], [ 77.011083807584541, 16.159339674027162 ], [ 77.011092842328623, 16.159554427638511 ], [ 77.011114997214577, 16.160081070773302 ], [ 77.011121219907423, 16.160228983414655 ], [ 77.01253724070223, 16.160856070034999 ], [ 77.012769070905108, 16.161036330275181 ], [ 77.013485688304044, 16.161153373558175 ], [ 77.013783327454476, 16.161201986008408 ], [ 77.013839063951124, 16.161220138854432 ], [ 77.013941012990031, 16.161268722611208 ], [ 77.014652780613147, 16.161959689808533 ], [ 77.014678517763556, 16.161984675235502 ], [ 77.015241094770886, 16.162530806437744 ], [ 77.015487487741154, 16.162769995067165 ], [ 77.015766860852708, 16.163041198327875 ], [ 77.01591762232141, 16.163445320763127 ], [ 77.015927555670999, 16.163471947422352 ], [ 77.015980047940062, 16.163612654622643 ], [ 77.016284028248307, 16.164114600561494 ], [ 77.016312714450692, 16.164161967679803 ], [ 77.016396831538984, 16.16430086623312 ], [ 77.016414380464298, 16.164329843137899 ], [ 77.017187282379581, 16.165606074657827 ], [ 77.017289913184555, 16.165775538761249 ], [ 77.017388513305832, 16.166132727425474 ], [ 77.01740212817667, 16.166182047895362 ], [ 77.017473965749673, 16.166442281652401 ], [ 77.017672471442253, 16.166708915271897 ], [ 77.017561060118169, 16.167624338208459 ], [ 77.017519604436387, 16.167822080151964 ], [ 77.017508582153965, 16.167874655617055 ], [ 77.017301272444058, 16.168863509251185 ], [ 77.017237760906752, 16.169166451900768 ], [ 77.01742956442898, 16.169644700812412 ], [ 77.017637491832076, 16.170163149108582 ], [ 77.017836961460532, 16.170562397824078 ], [ 77.017968130638863, 16.170824937232609 ], [ 77.017996053160203, 16.170880825348348 ], [ 77.0180302019116, 16.170949174901775 ], [ 77.018154307562241, 16.170857211000182 ], [ 77.018207058428132, 16.170855050869587 ], [ 77.018276511920718, 16.170852206439054 ], [ 77.019514081620727, 16.170801520823378 ], [ 77.019754393908357, 16.170787366434404 ], [ 77.019467944211698, 16.171109924407865 ], [ 77.019499871404335, 16.171501789752227 ], [ 77.01950346156184, 16.171674836844193 ], [ 77.019503815556845, 16.17169191417754 ], [ 77.019744605088846, 16.17167640706392 ], [ 77.019906350423298, 16.171665990705524 ], [ 77.020357198442696, 16.171636955836401 ], [ 77.020389967361467, 16.171638558408205 ], [ 77.020388001574688, 16.171591241058927 ], [ 77.020621375194395, 16.171573576138613 ], [ 77.020616897597847, 16.171515639750151 ], [ 77.020611405790021, 16.171444575394876 ], [ 77.020628617239836, 16.171442437698317 ], [ 77.020951351445376, 16.171402354321842 ], [ 77.020940653021441, 16.171335087356333 ] ] ] } },
{ "type": "Feature", "properties": { "KGISWardID": 1078, "KGISWardCode": "0611007", "KGISWardName": " ", "SHAPE.STArea()": 800981.81896646495, "SHAPE.STLength()": 5355.9222194873219, "OBJECTID": 16027, "KGISWardNo": "7", "KGISTownCode": "0611", "LGD_WardCode": 1296239, "created_user": "SA", "created_date": 1634898537000, "last_edited_user": "SURESHBV1", "last_edited_date": 1692253972000, "_overlap_percent": 99.999999999999929, "_police_station": "Sirwar PS", "_police_feature_index": "61", "_admin_layer": "Ward", "_geometry_clipped": true }, "geometry": { "type": "Polygon", "coordinates": [ [ [ 77.031263449853085, 16.156720129557726 ], [ 77.031263291549919, 16.156720099443621 ], [ 77.030833268631696, 16.156637979103134 ], [ 77.030687892867618, 16.156610217057839 ], [ 77.028824908172041, 16.156254438022732 ], [ 77.027149693730195, 16.156010444977273 ], [ 77.027061631556123, 16.155997618866444 ], [ 77.026713199159119, 16.155946867743936 ], [ 77.025895707812651, 16.155939759147468 ], [ 77.02589662830151, 16.155947066413386 ], [ 77.025830627297054, 16.156418455055515 ], [ 77.025362702654832, 16.159760377633777 ], [ 77.025237323456068, 16.161120040012147 ], [ 77.025217663544794, 16.161333227439986 ], [ 77.025153978611911, 16.162023859592072 ], [ 77.025129207305085, 16.162157718113392 ], [ 77.025014905413769, 16.162763864875402 ], [ 77.024923515742117, 16.16318775421184 ], [ 77.024908150643597, 16.16325902218108 ], [ 77.02479468823249, 16.163785289153026 ], [ 77.024592101938296, 16.164789986349255 ], [ 77.024277759827314, 16.166195357322195 ], [ 77.024250323360533, 16.16629976112074 ], [ 77.02421201325798, 16.166445542372148 ], [ 77.023845982071848, 16.166452847892661 ], [ 77.023592218643472, 16.167271660213434 ], [ 77.023565098681757, 16.167359166425918 ], [ 77.023365516557135, 16.16800314655822 ], [ 77.023336135210997, 16.168385243421234 ], [ 77.023330838791281, 16.168454131451998 ], [ 77.023298158125982, 16.168879133009824 ], [ 77.023290862724124, 16.168974007098079 ], [ 77.023281621221656, 16.169094183659748 ], [ 77.023272598593877, 16.169211522807839 ], [ 77.023250736440858, 16.169224355930616 ], [ 77.02297296967059, 16.169387389850147 ], [ 77.022876735238597, 16.169443874639967 ], [ 77.022214822556307, 16.169863899310087 ], [ 77.022170674006361, 16.169891914102273 ], [ 77.022328190542822, 16.1701581447983 ], [ 77.022346714545336, 16.170189453784829 ], [ 77.022164584176025, 16.170318323748944 ], [ 77.022539648544821, 16.17092659843561 ], [ 77.022538996334802, 16.170936374696847 ], [ 77.022533278597152, 16.170959754129164 ], [ 77.022530598994933, 16.170966275203444 ], [ 77.022521605583506, 16.17097922268734 ], [ 77.02251167061668, 16.170988030932406 ], [ 77.022387080337907, 16.171098486565459 ], [ 77.022340628126642, 16.171139669028531 ], [ 77.022319733344034, 16.171158194274774 ], [ 77.022293419325194, 16.171175412087301 ], [ 77.02226685355852, 16.171183326649953 ], [ 77.022082325794656, 16.171203291289697 ], [ 77.021512915588019, 16.171256514648405 ], [ 77.020979130554593, 16.171307619067797 ], [ 77.020935800904667, 16.171311766772078 ], [ 77.020940653021441, 16.171335087356333 ], [ 77.020951351445376, 16.171402354321842 ], [ 77.020958522589225, 16.171489970170963 ], [ 77.021051796833092, 16.172629595435517 ], [ 77.021054865847063, 16.172692885144322 ], [ 77.02105518655398, 16.172699505107317 ], [ 77.021093215974588, 16.173483839418509 ], [ 77.021127047438483, 16.173493726323329 ], [ 77.021381726441035, 16.17356815539156 ], [ 77.021404865620397, 16.173574918168001 ], [ 77.021543183052529, 16.173615340664195 ], [ 77.022029329336121, 16.173764392716674 ], [ 77.022181169218314, 16.173810946030159 ], [ 77.022186451455241, 16.173812565579961 ], [ 77.022195818225526, 16.17381543657304 ], [ 77.022215504694515, 16.173821473092438 ], [ 77.022242119404069, 16.173829633052822 ], [ 77.022250349450445, 16.173832156139504 ], [ 77.022352035355894, 16.173863333289486 ], [ 77.023095653252952, 16.174084294409489 ], [ 77.023274613374582, 16.174128739433385 ], [ 77.023286255073103, 16.174086448426856 ], [ 77.023267631178769, 16.173742019866104 ], [ 77.023264204211358, 16.173678543025385 ], [ 77.023247671283585, 16.173372333582481 ], [ 77.023241072791478, 16.173325279052129 ], [ 77.023236914861471, 16.173305524581966 ], [ 77.02323072977758, 16.173280338287988 ], [ 77.023226172310117, 16.173265511949328 ], [ 77.023222080389999, 16.173254994718121 ], [ 77.023216882117879, 16.173243531150867 ], [ 77.023214065753109, 16.173238089664441 ], [ 77.023198304666366, 16.173212436940982 ], [ 77.023173312822024, 16.173175965272691 ], [ 77.023133132162542, 16.173117059285367 ], [ 77.023065423555806, 16.173033107581201 ], [ 77.023405626559921, 16.172949973616635 ], [ 77.023627303166663, 16.172895802056228 ], [ 77.024209342751661, 16.172731814045388 ], [ 77.024205616781998, 16.172719134781982 ], [ 77.024081254114364, 16.172295965275744 ], [ 77.024073348800968, 16.172266572198005 ], [ 77.024071462825006, 16.172255633728728 ], [ 77.024071443431467, 16.17225519840359 ], [ 77.024071021404069, 16.172245892270546 ], [ 77.024072109380811, 16.172240445278842 ], [ 77.02407505374947, 16.172235046586533 ], [ 77.024084616658214, 16.172223951317779 ], [ 77.024094056814661, 16.172216225639417 ], [ 77.024102065050513, 16.172211205248811 ], [ 77.024108483295961, 16.172207690835926 ], [ 77.024209356029843, 16.172167274223373 ], [ 77.024429238277463, 16.17207456285815 ], [ 77.024475962177945, 16.172052368124731 ], [ 77.024497864199049, 16.172039666393133 ], [ 77.024551623986014, 16.172004196653958 ], [ 77.024557354747529, 16.171999646077424 ], [ 77.024667754054207, 16.171905776961637 ], [ 77.024788738582188, 16.171907493562397 ], [ 77.024821570419903, 16.171573742608878 ], [ 77.024823456270781, 16.171554568570798 ], [ 77.024824043460981, 16.171548607707191 ], [ 77.024825562673996, 16.171510334374915 ], [ 77.024829691702095, 16.171406394447338 ], [ 77.02483015890742, 16.171394622209878 ], [ 77.02483138372321, 16.171337365452988 ], [ 77.02483100377151, 16.171300075180415 ], [ 77.024831244363767, 16.171275880429228 ], [ 77.024830681462134, 16.171251190951995 ], [ 77.024828984656793, 16.171233494873384 ], [ 77.024827690598528, 16.171219998261279 ], [ 77.024824331060216, 16.171199603750601 ], [ 77.024794516273417, 16.171066459817858 ], [ 77.024793614861139, 16.171062502728901 ], [ 77.02476106955281, 16.170919582189665 ], [ 77.024747025561553, 16.170857912323342 ], [ 77.024737333025698, 16.170815346301779 ], [ 77.024720325150057, 16.170748252632393 ], [ 77.024692968165013, 16.170658847664374 ], [ 77.024682074123589, 16.17062324495847 ], [ 77.024666655884744, 16.170579294962696 ], [ 77.02465840406245, 16.17055819524327 ], [ 77.024625797367378, 16.170485033574661 ], [ 77.024589794550721, 16.170406234453441 ], [ 77.024584271076748, 16.170394142432254 ], [ 77.024539845386428, 16.170296903435304 ], [ 77.024709332779267, 16.17020100937086 ], [ 77.024799833416637, 16.170143751582987 ], [ 77.024800681321082, 16.170143191447981 ], [ 77.024857011921668, 16.170105909104496 ], [ 77.024972763754505, 16.170029300963314 ], [ 77.02525084017897, 16.169838134163044 ], [ 77.02532908310576, 16.169784344996298 ], [ 77.025402373543557, 16.169731563411503 ], [ 77.025485206619123, 16.169668197188802 ], [ 77.025495120199352, 16.169660613333306 ], [ 77.025559843465771, 16.169607726212202 ], [ 77.025637866856286, 16.169537001157625 ], [ 77.025682365271678, 16.169493107062756 ], [ 77.025810094609568, 16.16936711504064 ], [ 77.025828507539515, 16.169348317668351 ], [ 77.025859153304808, 16.169315484711259 ], [ 77.025866789714826, 16.169306196746007 ], [ 77.025910126335305, 16.169251798201397 ], [ 77.025965142805106, 16.169176170773309 ], [ 77.025980687264152, 16.169154803003522 ], [ 77.025995576140772, 16.169126538380748 ], [ 77.026052156152602, 16.168975646912632 ], [ 77.02608268619673, 16.168897993719138 ], [ 77.026106683892607, 16.168841173436022 ], [ 77.026147712362075, 16.168749209310519 ], [ 77.026161380091423, 16.168720846977958 ], [ 77.026286074699598, 16.168472782022594 ], [ 77.026342501366699, 16.168367778563159 ], [ 77.026538258410497, 16.168016346154648 ], [ 77.0265388505982, 16.168015373721392 ], [ 77.026546865311417, 16.16800220773133 ], [ 77.026559166926802, 16.167982000244933 ], [ 77.026802979853414, 16.16756480266168 ], [ 77.026870543925256, 16.167441275164862 ], [ 77.026936407690883, 16.167310087320914 ], [ 77.027000637297036, 16.167155996585244 ], [ 77.027075306584649, 16.166972777286254 ], [ 77.027118931011842, 16.166879659793018 ], [ 77.027133092452274, 16.166851602635468 ], [ 77.027180666345942, 16.16676429526704 ], [ 77.027283331631935, 16.16661432269154 ], [ 77.027327837137676, 16.166549309703644 ], [ 77.027366900104767, 16.166492246444914 ], [ 77.027464342902661, 16.166350371435442 ], [ 77.027495555910136, 16.166301081146067 ], [ 77.027526918137056, 16.166245064341037 ], [ 77.02756556066899, 16.16616640670426 ], [ 77.02759422096571, 16.166112229047911 ], [ 77.027713633566378, 16.165886503444291 ], [ 77.027867430436203, 16.165564692447425 ], [ 77.027892433616216, 16.165505062375029 ], [ 77.027929693806243, 16.165416205994635 ], [ 77.027951631144219, 16.165363890416074 ], [ 77.027975249548291, 16.165315156738433 ], [ 77.027983283555955, 16.165301151134877 ], [ 77.028002624568842, 16.165267439898113 ], [ 77.028046887944015, 16.165190288173402 ], [ 77.02810583563874, 16.165088796869345 ], [ 77.02818716100542, 16.164952232642619 ], [ 77.028428712960704, 16.164413222212236 ], [ 77.028482185576038, 16.16426272772534 ], [ 77.028529001571158, 16.164120031014981 ], [ 77.028545455332903, 16.164063134275665 ], [ 77.02855264225623, 16.164030989021043 ], [ 77.028565832298256, 16.163971994629964 ], [ 77.028586229432463, 16.163874311315428 ], [ 77.028610549732051, 16.163751820819439 ], [ 77.028643490844445, 16.1635801187896 ], [ 77.028658438248613, 16.16350753910779 ], [ 77.028696355465783, 16.163354856269187 ], [ 77.028742733788945, 16.163204112217436 ], [ 77.02877290596669, 16.163118308619794 ], [ 77.028805945660324, 16.163027938279853 ], [ 77.028911344880896, 16.162739647916826 ], [ 77.028999043382953, 16.162488123430499 ], [ 77.029031517574282, 16.162415098400491 ], [ 77.029067418103267, 16.162334367803993 ], [ 77.029114420741806, 16.162240448954446 ], [ 77.029131551682454, 16.162209809994852 ], [ 77.029207794360943, 16.162073453010432 ], [ 77.029284992577075, 16.161942058205838 ], [ 77.02942925783843, 16.161709203791805 ], [ 77.029550098003909, 16.161509629724492 ], [ 77.029729881151397, 16.161238251856147 ], [ 77.029738137211353, 16.161225875897138 ], [ 77.029939690006088, 16.160938461150842 ], [ 77.03000489477725, 16.160845478176626 ], [ 77.03005875842716, 16.160775783771172 ], [ 77.030072661937567, 16.160757794442528 ], [ 77.030096456034144, 16.160727006060199 ], [ 77.030098004352396, 16.160725002594393 ], [ 77.030129960798845, 16.160683653451837 ], [ 77.030168197247463, 16.160634179381589 ], [ 77.030220781333767, 16.160568373354497 ], [ 77.030286951546444, 16.160480511439115 ], [ 77.030323375552882, 16.160428330443729 ], [ 77.03034785610906, 16.160389789404555 ], [ 77.030369211466322, 16.160350809226188 ], [ 77.030382729707028, 16.160326131903677 ], [ 77.030460139722223, 16.160155180304759 ], [ 77.030514359339605, 16.160032112741337 ], [ 77.030549555691479, 16.159950448112049 ], [ 77.030599600650049, 16.159825984616532 ], [ 77.030661467544263, 16.159674436652093 ], [ 77.030711907231932, 16.159526931697211 ], [ 77.030741618850527, 16.159428099604792 ], [ 77.030754377870565, 16.159385661302171 ], [ 77.030772908656914, 16.159320762752259 ], [ 77.030781698772188, 16.159285532833454 ], [ 77.030800260683208, 16.159211140441347 ], [ 77.030818769870876, 16.159133508440142 ], [ 77.030826495924117, 16.159096342433976 ], [ 77.030840040408521, 16.159032314568737 ], [ 77.03089232472, 16.158785136441587 ], [ 77.030963292999374, 16.158467938808677 ], [ 77.03097508304586, 16.158416495077518 ], [ 77.030989544578802, 16.158351001044643 ], [ 77.031000688208181, 16.158288532101448 ], [ 77.03100691946446, 16.158240485408733 ], [ 77.031010814998098, 16.158188375165182 ], [ 77.031016931039531, 16.158106798124145 ], [ 77.031022859783221, 16.158028119633666 ], [ 77.031027364141124, 16.157981798014958 ], [ 77.031035746320654, 16.157924204734559 ], [ 77.03104638153502, 16.15785113392884 ], [ 77.031052422437455, 16.157809624390087 ], [ 77.031059843231077, 16.157772325761247 ], [ 77.031073122014448, 16.157725960206896 ], [ 77.031138701339259, 16.157538421117351 ], [ 77.03113880441596, 16.157538169852298 ], [ 77.03116958955944, 16.157463481053842 ], [ 77.03118809669283, 16.157413409884033 ], [ 77.031209378851685, 16.157349725642565 ], [ 77.031229763586694, 16.157274330986091 ], [ 77.031247793673415, 16.157199061793115 ], [ 77.0312507117645, 16.157186000326785 ], [ 77.031287413604915, 16.156999611298541 ], [ 77.0313222313453, 16.156789394793641 ], [ 77.031330577463365, 16.156732948452319 ], [ 77.031263449853085, 16.156720129557726 ] ] ] } },
{ "type": "Feature", "properties": { "KGISWardID": 1081, "KGISWardCode": "0611010", "KGISWardName": " ", "SHAPE.STArea()": 75905.651728105004, "SHAPE.STLength()": 1355.6967283406645, "OBJECTID": 16030, "KGISWardNo": "10", "KGISTownCode": "0611", "LGD_WardCode": 1296242, "created_user": "SA", "created_date": 1634898537000, "last_edited_user": "SURESHBV1", "last_edited_date": 1692253972000, "_overlap_percent": 100.00000000000004, "_police_station": "Sirwar PS", "_police_feature_index": "61", "_admin_layer": "Ward", "_geometry_clipped": true }, "geometry": { "type": "Polygon", "coordinates": [ [ [ 77.020628617239836, 16.171442437698317 ], [ 77.020611405790021, 16.171444575394876 ], [ 77.020616897597847, 16.171515639750151 ], [ 77.020621375194395, 16.171573576138613 ], [ 77.020388001574688, 16.171591241058927 ], [ 77.020389967361467, 16.171638558408205 ], [ 77.020357198442696, 16.171636955836401 ], [ 77.019906350423298, 16.171665990705524 ], [ 77.019744605088846, 16.17167640706392 ], [ 77.019503815556845, 16.17169191417754 ], [ 77.01950346156184, 16.171674836844193 ], [ 77.019499871404335, 16.171501789752227 ], [ 77.019467944211698, 16.171109924407865 ], [ 77.019754393908357, 16.170787366434404 ], [ 77.019514081620727, 16.170801520823378 ], [ 77.018276511920718, 16.170852206439054 ], [ 77.018207058428132, 16.170855050869587 ], [ 77.018154307562241, 16.170857211000182 ], [ 77.0180302019116, 16.170949174901775 ], [ 77.017854795131413, 16.171016483052615 ], [ 77.017837321659641, 16.171023848238018 ], [ 77.017835960577059, 16.17102442224952 ], [ 77.017770967336517, 16.17105181797627 ], [ 77.01776548345795, 16.171054362871896 ], [ 77.01760869443703, 16.17112711437435 ], [ 77.017600424403156, 16.171130951557689 ], [ 77.017340875315739, 16.17125138442486 ], [ 77.017280092756707, 16.1712795867222 ], [ 77.017252679959455, 16.171294257326732 ], [ 77.017179454290456, 16.171343307715379 ], [ 77.0171538347753, 16.171360469564156 ], [ 77.017141973398253, 16.171371662244727 ], [ 77.017136538211091, 16.171378361188474 ], [ 77.017129500430457, 16.171387816695848 ], [ 77.017123656546588, 16.171397635858639 ], [ 77.017117082781496, 16.171408684443922 ], [ 77.017086529830294, 16.171469913120809 ], [ 77.017004214258534, 16.171640456072478 ], [ 77.016979585564997, 16.171687353390414 ], [ 77.016939958182022, 16.171762807731366 ], [ 77.016933106427729, 16.17177585489075 ], [ 77.01692720675031, 16.171787087731651 ], [ 77.016920486150568, 16.171799884267656 ], [ 77.016917824332324, 16.171804953117011 ], [ 77.01691183568532, 16.171816355764893 ], [ 77.016906966997439, 16.171825627163976 ], [ 77.016922103733336, 16.171833424987938 ], [ 77.016941143771291, 16.17184323235259 ], [ 77.017014830201902, 16.171881189550469 ], [ 77.017050473200953, 16.171899549741706 ], [ 77.017131088456864, 16.17194107619456 ], [ 77.017761654927128, 16.172265890729008 ], [ 77.017906730382407, 16.172340620911804 ], [ 77.018519182339389, 16.172671047703282 ], [ 77.018687920182131, 16.172754582877321 ], [ 77.01891562967792, 16.172848455140439 ], [ 77.019195612617494, 16.172954393099271 ], [ 77.019207147729205, 16.172958758003414 ], [ 77.019335068253454, 16.173007158745758 ], [ 77.019404925144357, 16.173026091899644 ], [ 77.020304632412959, 16.173269934356775 ], [ 77.020755344625911, 16.173389930842383 ], [ 77.020822310803396, 16.17340775971423 ], [ 77.020838946548409, 16.173412432074578 ], [ 77.020892899726647, 16.173427584426292 ], [ 77.021093215974588, 16.173483839418509 ], [ 77.02105518655398, 16.172699505107317 ], [ 77.021054865847063, 16.172692885144322 ], [ 77.021051796833092, 16.172629595435517 ], [ 77.020958522589225, 16.171489970170963 ], [ 77.020951351445376, 16.171402354321842 ], [ 77.020628617239836, 16.171442437698317 ] ] ] } },
{ "type": "Feature", "properties": { "KGISWardID": 1083, "KGISWardCode": "0611012", "KGISWardName": " ", "SHAPE.STArea()": 558697.977217015, "SHAPE.STLength()": 3636.8828532031016, "OBJECTID": 16032, "KGISWardNo": "12", "KGISTownCode": "0611", "LGD_WardCode": 1296244, "created_user": "SA", "created_date": 1634898537000, "last_edited_user": "SURESHBV1", "last_edited_date": 1692253972000, "_overlap_percent": 99.999999999999957, "_police_station": "Sirwar PS", "_police_feature_index": "61", "_admin_layer": "Ward", "_geometry_clipped": true }, "geometry": { "type": "Polygon", "coordinates": [ [ [ 77.016674050331019, 16.174308686014516 ], [ 77.016674295548668, 16.174303736752211 ], [ 77.016674346788037, 16.174302705315622 ], [ 77.016674388697837, 16.17430186009884 ], [ 77.016674716864344, 16.174295226736071 ], [ 77.016674838533689, 16.174292751662048 ], [ 77.016677664195953, 16.174235747899317 ], [ 77.016679149643096, 16.174205787451157 ], [ 77.016679432829761, 16.174200065293434 ], [ 77.016679505028634, 16.174198611700167 ], [ 77.016686959695392, 16.174048195688123 ], [ 77.016693029332345, 16.17387287469321 ], [ 77.016720787816098, 16.173071076587636 ], [ 77.016720978545152, 16.17298208681494 ], [ 77.01672105463409, 16.172946378686657 ], [ 77.016721541321346, 16.172909118884569 ], [ 77.016722753445848, 16.172860978881065 ], [ 77.016723236088907, 16.172841744947167 ], [ 77.016723683167328, 16.172823981426806 ], [ 77.016723517544236, 16.172812821438839 ], [ 77.016723623779541, 16.17280191638589 ], [ 77.016724640144588, 16.172697362358569 ], [ 77.016727874839972, 16.172626674961602 ], [ 77.016748539935065, 16.172482454058787 ], [ 77.016750709655511, 16.172467312577272 ], [ 77.016756715294633, 16.172424417425116 ], [ 77.016756757986016, 16.172424109813331 ], [ 77.016786160966447, 16.172214085445844 ], [ 77.016793439326392, 16.172162093934169 ], [ 77.016803707580436, 16.172124922126166 ], [ 77.01684089502379, 16.17203336707092 ], [ 77.016883302771504, 16.171928957413787 ], [ 77.01690252400563, 16.171881631574131 ], [ 77.016910569347132, 16.171861823580112 ], [ 77.016912093559014, 16.171858068433714 ], [ 77.016915262460842, 16.17185026876631 ], [ 77.016922103733336, 16.171833424987938 ], [ 77.016906966997439, 16.171825627163976 ], [ 77.016874354372177, 16.171807648433575 ], [ 77.016749339384091, 16.171738732323409 ], [ 77.015422940349012, 16.17100752108097 ], [ 77.01535601174912, 16.170968577636298 ], [ 77.014804561552822, 16.170657685999949 ], [ 77.014385948171309, 16.170413309823768 ], [ 77.014257437415182, 16.170340822689393 ], [ 77.014054286880466, 16.170226234346107 ], [ 77.013587012765299, 16.169946068239717 ], [ 77.013457209290479, 16.16986543642372 ], [ 77.013104884740301, 16.169643690305374 ], [ 77.013095127801023, 16.169637530926057 ], [ 77.01306220178553, 16.169616514948533 ], [ 77.012973657586215, 16.169560000444275 ], [ 77.012972802175142, 16.169559453754626 ], [ 77.012967692337767, 16.1695561923772 ], [ 77.012812780560608, 16.169457316351696 ], [ 77.01257292799184, 16.169293958228636 ], [ 77.012538119885733, 16.16927025110617 ], [ 77.012462412551685, 16.169379264168359 ], [ 77.012475110787179, 16.169433711435182 ], [ 77.012476766444308, 16.169440806737178 ], [ 77.012466286991454, 16.169443252365429 ], [ 77.012415917811552, 16.169456420893574 ], [ 77.012382778176558, 16.169465084911199 ], [ 77.012179455967043, 16.169518241661109 ], [ 77.012012988335385, 16.169561763065278 ], [ 77.01196502582674, 16.169574301550693 ], [ 77.011695650543899, 16.16964472760262 ], [ 77.011667312217284, 16.169652136269463 ], [ 77.011086564334832, 16.169803964845809 ], [ 77.011104526258052, 16.170073623201475 ], [ 77.011105559321678, 16.17008913919349 ], [ 77.011110013079403, 16.170155995279654 ], [ 77.011123464373824, 16.170357602672482 ], [ 77.011052620993738, 16.170520904549793 ], [ 77.010978733258511, 16.170691226878837 ], [ 77.010894021039206, 16.170884156287197 ], [ 77.010871155631165, 16.170885175625866 ], [ 77.010407623378569, 16.170905845676561 ], [ 77.009882715826095, 16.170929251231065 ], [ 77.009791598020612, 16.170933314049812 ], [ 77.009760696467197, 16.170934691983437 ], [ 77.009099826785871, 16.170603849238859 ], [ 77.009075949598738, 16.170591165596889 ], [ 77.009051971851832, 16.170568441703896 ], [ 77.00903395954758, 16.170548530271226 ], [ 77.009014289620694, 16.170511421779214 ], [ 77.009014675952514, 16.170462606327568 ], [ 77.009016766922983, 16.170198493055217 ], [ 77.009017548618232, 16.17009971906813 ], [ 77.008557309969447, 16.170075654980035 ], [ 77.008310767158193, 16.170083748370224 ], [ 77.008115461642262, 16.170101340445825 ], [ 77.008031213791227, 16.170116098980817 ], [ 77.007720141634422, 16.170188410858596 ], [ 77.007628496954894, 16.170209713902526 ], [ 77.00756525977657, 16.170224413183806 ], [ 77.00748290795336, 16.170253893314886 ], [ 77.007425336746991, 16.170285637979365 ], [ 77.007383819421079, 16.170321608913031 ], [ 77.007209048177444, 16.170519360583512 ], [ 77.007158114742182, 16.17057273422181 ], [ 77.006955234659657, 16.170785333336415 ], [ 77.006544966689574, 16.171215255839119 ], [ 77.006428690025487, 16.171328641618548 ], [ 77.005924717429906, 16.171820085228298 ], [ 77.005828773741968, 16.171924296814744 ], [ 77.005687342114697, 16.172077915288785 ], [ 77.005591537950963, 16.172161791859558 ], [ 77.005582485827503, 16.172168395433975 ], [ 77.005451973804952, 16.172263598082584 ], [ 77.005419823070937, 16.172287050206926 ], [ 77.005377388555544, 16.172318004794221 ], [ 77.005340168316195, 16.172345155956805 ], [ 77.00528153790593, 16.17239424212281 ], [ 77.005264417575134, 16.172410265395094 ], [ 77.005205464749778, 16.172482626566257 ], [ 77.005192729056745, 16.172501485434061 ], [ 77.005165191351267, 16.172542258588731 ], [ 77.005148670055789, 16.172575768146118 ], [ 77.005117117101676, 16.172650964857745 ], [ 77.005111170200294, 16.172673341440881 ], [ 77.005097177535902, 16.172725986164945 ], [ 77.00509556079615, 16.172733659940281 ], [ 77.004981783155586, 16.173170124995817 ], [ 77.004910608921918, 16.173468211059813 ], [ 77.004888669323094, 16.173560098005659 ], [ 77.004870094075557, 16.173641545187191 ], [ 77.004853648823641, 16.173699282868149 ], [ 77.004846058297119, 16.173725933395421 ], [ 77.004820410560399, 16.173804479942653 ], [ 77.00480908817083, 16.173833226645932 ], [ 77.004804919299815, 16.173843810426849 ], [ 77.004789130825714, 16.173883893662477 ], [ 77.004763176397674, 16.173930749968445 ], [ 77.004747161326904, 16.173954584883987 ], [ 77.00460840255684, 16.174151486908848 ], [ 77.004597505044842, 16.174164708317154 ], [ 77.004504180606602, 16.174277933969005 ], [ 77.004592189552227, 16.174562816371925 ], [ 77.004758829530942, 16.174553446664405 ], [ 77.004789768788427, 16.174965670830634 ], [ 77.004845179551126, 16.175455712591489 ], [ 77.005102771243145, 16.17538873666965 ], [ 77.005336731222556, 16.175333458369174 ], [ 77.005567636820032, 16.175269603156753 ], [ 77.00576189137621, 16.175216730823241 ], [ 77.005957795335803, 16.175177584942222 ], [ 77.006083398811128, 16.17515753162888 ], [ 77.006349040994564, 16.175115121020958 ], [ 77.006660735454588, 16.175073614782608 ], [ 77.006727167564833, 16.175065338662549 ], [ 77.006752191994025, 16.175060668869179 ], [ 77.006826489752925, 16.175046803224582 ], [ 77.006931970955904, 16.175019411726826 ], [ 77.0071854680657, 16.174957093716124 ], [ 77.007456109242753, 16.174890467235464 ], [ 77.007699989977127, 16.174826237107084 ], [ 77.007817123851808, 16.17479822471725 ], [ 77.007926583124501, 16.174775925590609 ], [ 77.008032301907193, 16.17476106724666 ], [ 77.008085652236986, 16.174752674750511 ], [ 77.008139742995652, 16.174744275252358 ], [ 77.008175522194406, 16.174737177130083 ], [ 77.008225084452476, 16.174725595571932 ], [ 77.008351106333066, 16.174692611677486 ], [ 77.008358875011552, 16.17469056859176 ], [ 77.008442794113222, 16.174667614891131 ], [ 77.008531780725434, 16.174644932271725 ], [ 77.008627062841256, 16.174624683987965 ], [ 77.008848288777187, 16.174582432214837 ], [ 77.008918368935397, 16.174571760002465 ], [ 77.009022172007576, 16.174555451902418 ], [ 77.009229877979209, 16.17452282105921 ], [ 77.009358093057131, 16.174500940437685 ], [ 77.009473733678021, 16.174483417082001 ], [ 77.009517091437104, 16.1744768471209 ], [ 77.009557202199773, 16.174472052583521 ], [ 77.009566728875612, 16.174471237043548 ], [ 77.009628199957518, 16.174467437032714 ], [ 77.009683278830806, 16.174464031701905 ], [ 77.009761716031306, 16.174462448634625 ], [ 77.009821065754949, 16.174460416984402 ], [ 77.00996322813829, 16.174454653753791 ], [ 77.010083655896636, 16.17444666522379 ], [ 77.010195549179031, 16.174435537905765 ], [ 77.010315510424192, 16.174417114903303 ], [ 77.010403649251288, 16.174404476213056 ], [ 77.010426704803422, 16.174401879289196 ], [ 77.010460772865372, 16.17440107033628 ], [ 77.010490337652584, 16.174403546786628 ], [ 77.010595215613108, 16.174414861148122 ], [ 77.010858170676471, 16.174412337060449 ], [ 77.01090682098814, 16.174409527984306 ], [ 77.011064103758926, 16.174400445116412 ], [ 77.011424604387386, 16.174373935048969 ], [ 77.011637624431046, 16.174362316192383 ], [ 77.011971175107902, 16.174347727606992 ], [ 77.012030301443161, 16.174345807691139 ], [ 77.012170267739307, 16.174349601666314 ], [ 77.012402441627444, 16.174355895431599 ], [ 77.012540975875552, 16.174366923896201 ], [ 77.012794734789679, 16.174391044326544 ], [ 77.013106898156053, 16.174436859970477 ], [ 77.013312822865942, 16.17445970027714 ], [ 77.01333478493757, 16.17446213623359 ], [ 77.013385234334308, 16.174464705577943 ], [ 77.013415622541032, 16.174464200234599 ], [ 77.013582083280653, 16.174457565823321 ], [ 77.013617496214266, 16.174455969291749 ], [ 77.013698145749174, 16.174448426596573 ], [ 77.013798669973028, 16.174433030917058 ], [ 77.013857990374376, 16.174421758702479 ], [ 77.013892567651496, 16.174412897349384 ], [ 77.013944294348818, 16.174390114366584 ], [ 77.014018147055424, 16.174360023613708 ], [ 77.014029934170921, 16.174355490047866 ], [ 77.014073022551941, 16.174341558683761 ], [ 77.014137808226195, 16.174324144719215 ], [ 77.014214068296567, 16.174307874424521 ], [ 77.014323868659204, 16.174291039876152 ], [ 77.014468893974453, 16.174271966151252 ], [ 77.014491453862163, 16.174268999416181 ], [ 77.014573967648474, 16.174256943579664 ], [ 77.014635642743059, 16.174243788448603 ], [ 77.014672896145399, 16.174234680263545 ], [ 77.014744883765786, 16.174214862242888 ], [ 77.014901098842387, 16.174165556967164 ], [ 77.014992089936328, 16.174136626384811 ], [ 77.015066309003245, 16.174122682798483 ], [ 77.01512429446781, 16.174117351089063 ], [ 77.015184253185993, 16.174119347446766 ], [ 77.015247620076508, 16.174128552561772 ], [ 77.015299794960356, 16.174142147409455 ], [ 77.015375998454658, 16.174173598291951 ], [ 77.01539630092212, 16.174184054314679 ], [ 77.015431081543184, 16.174204286038144 ], [ 77.015437999121659, 16.174211168812722 ], [ 77.015446075618655, 16.174219205285354 ], [ 77.015448416418138, 16.174226080817697 ], [ 77.015451429875142, 16.174234932368332 ], [ 77.015451948870052, 16.174246462182186 ], [ 77.01548012301987, 16.174871977420096 ], [ 77.015906856357049, 16.174677881377931 ], [ 77.016060175103661, 16.174608146303505 ], [ 77.016673531916183, 16.17431914410195 ], [ 77.016674050331019, 16.174308686014516 ] ] ] } },
{ "type": "Feature", "properties": { "KGISWardID": 1085, "KGISWardCode": "0611014", "KGISWardName": " ", "SHAPE.STArea()": 80039.406964384994, "SHAPE.STLength()": 1213.9226719581075, "OBJECTID": 16034, "KGISWardNo": "14", "KGISTownCode": "0611", "LGD_WardCode": 1296246, "created_user": "SA", "created_date": 1634898537000, "last_edited_user": "SURESHBV1", "last_edited_date": 1692253972000, "_overlap_percent": 99.999999999999972, "_police_station": "Sirwar PS", "_police_feature_index": "61", "_admin_layer": "Ward", "_geometry_clipped": true }, "geometry": { "type": "Polygon", "coordinates": [ [ [ 77.017046720626681, 16.175377400502825 ], [ 77.017080275967913, 16.175321944111566 ], [ 77.017179706657643, 16.175183649988568 ], [ 77.017256310954906, 16.175083970440728 ], [ 77.017377793968222, 16.17492589444408 ], [ 77.017409882062736, 16.174946945560663 ], [ 77.017848092317507, 16.175234446408574 ], [ 77.017857932545283, 16.175227591810597 ], [ 77.01868342016212, 16.174736397605635 ], [ 77.018722105622558, 16.17471337944718 ], [ 77.018764646022902, 16.17468806492581 ], [ 77.018989482877714, 16.174569586694105 ], [ 77.019184836218543, 16.174476159782728 ], [ 77.019237992710586, 16.174500297761568 ], [ 77.019314662033622, 16.174535112967241 ], [ 77.019331146915093, 16.174406997692238 ], [ 77.019359615074393, 16.174185757338183 ], [ 77.019396191141126, 16.174189610766447 ], [ 77.019411803936222, 16.174025831652386 ], [ 77.019345082739804, 16.173863951711336 ], [ 77.019336605743689, 16.173843383363167 ], [ 77.019330090461352, 16.173824300804359 ], [ 77.019325425714683, 16.173803676393899 ], [ 77.019319227952536, 16.173776277265659 ], [ 77.019312091586087, 16.173740516566767 ], [ 77.019304480178647, 16.173701896125305 ], [ 77.019294337199156, 16.173650427750044 ], [ 77.019285827535441, 16.173597846963066 ], [ 77.019284312777543, 16.173529387677132 ], [ 77.019286768673226, 16.173491640289086 ], [ 77.019292340208949, 16.173449508223822 ], [ 77.019404925144357, 16.173026091899644 ], [ 77.019335068253454, 16.173007158745758 ], [ 77.019207147729205, 16.172958758003414 ], [ 77.019195612617494, 16.172954393099271 ], [ 77.01891562967792, 16.172848455140439 ], [ 77.018687920182131, 16.172754582877321 ], [ 77.018519182339389, 16.172671047703282 ], [ 77.017906730382407, 16.172340620911804 ], [ 77.017761654927128, 16.172265890729008 ], [ 77.017131088456864, 16.17194107619456 ], [ 77.017050473200953, 16.171899549741706 ], [ 77.017014830201902, 16.171881189550469 ], [ 77.016941143771291, 16.17184323235259 ], [ 77.016922103733336, 16.171833424987938 ], [ 77.016915262460842, 16.17185026876631 ], [ 77.016912093559014, 16.171858068433714 ], [ 77.016910569347132, 16.171861823580112 ], [ 77.01690252400563, 16.171881631574131 ], [ 77.016883302771504, 16.171928957413787 ], [ 77.01684089502379, 16.17203336707092 ], [ 77.016803707580436, 16.172124922126166 ], [ 77.016793439326392, 16.172162093934169 ], [ 77.016786160966447, 16.172214085445844 ], [ 77.016756757986016, 16.172424109813331 ], [ 77.016756715294633, 16.172424417425116 ], [ 77.016750709655511, 16.172467312577272 ], [ 77.016748539935065, 16.172482454058787 ], [ 77.016727874839972, 16.172626674961602 ], [ 77.016724640144588, 16.172697362358569 ], [ 77.016723623779541, 16.17280191638589 ], [ 77.016723517544236, 16.172812821438839 ], [ 77.016723683167328, 16.172823981426806 ], [ 77.016723236088907, 16.172841744947167 ], [ 77.016722753445848, 16.172860978881065 ], [ 77.016721541321346, 16.172909118884569 ], [ 77.01672105463409, 16.172946378686657 ], [ 77.016720978545152, 16.17298208681494 ], [ 77.016720787816098, 16.173071076587636 ], [ 77.016693029332345, 16.17387287469321 ], [ 77.016686959695392, 16.174048195688123 ], [ 77.016679505028634, 16.174198611700167 ], [ 77.016679432829761, 16.174200065293434 ], [ 77.016679149643096, 16.174205787451157 ], [ 77.016677664195953, 16.174235747899317 ], [ 77.016674838533689, 16.174292751662048 ], [ 77.016674716864344, 16.174295226736071 ], [ 77.016674388697837, 16.17430186009884 ], [ 77.016674346788037, 16.174302705315622 ], [ 77.016674295548668, 16.174303736752211 ], [ 77.016674050331019, 16.174308686014516 ], [ 77.016673531916183, 16.17431914410195 ], [ 77.016673476827677, 16.174320256894543 ], [ 77.016672192455616, 16.174343129795158 ], [ 77.016667167445831, 16.17443253041942 ], [ 77.016665898653756, 16.174455095965165 ], [ 77.016660920338637, 16.174543662169498 ], [ 77.016658906445528, 16.174579499799748 ], [ 77.016654185008576, 16.174609825235546 ], [ 77.016646978690076, 16.174648101072506 ], [ 77.016640882206914, 16.174680483373212 ], [ 77.016615639283842, 16.17477983760179 ], [ 77.016594747244625, 16.174841652346569 ], [ 77.016569281274116, 16.174900426629112 ], [ 77.016556360909988, 16.174922729452604 ], [ 77.016461061068, 16.175087232301259 ], [ 77.017046720626681, 16.175377400502825 ] ] ] } },
{ "type": "Feature", "properties": { "KGISWardID": 1087, "KGISWardCode": "0611016", "KGISWardName": " ", "SHAPE.STArea()": 16644.858494295, "SHAPE.STLength()": 559.46129915757854, "OBJECTID": 16036, "KGISWardNo": "16", "KGISTownCode": "0611", "LGD_WardCode": 1296248, "created_user": "SA", "created_date": 1634898537000, "last_edited_user": "SURESHBV1", "last_edited_date": 1692253972000, "_overlap_percent": 100.0, "_police_station": "Sirwar PS", "_police_feature_index": "61", "_admin_layer": "Ward", "_geometry_clipped": true }, "geometry": { "type": "Polygon", "coordinates": [ [ [ 77.022109807175838, 16.174606674014541 ], [ 77.022148549678178, 16.174405393809575 ], [ 77.02215341153935, 16.174377374664882 ], [ 77.022157562337284, 16.174328270764875 ], [ 77.022157415557999, 16.174312470917837 ], [ 77.022161580307426, 16.17421623241566 ], [ 77.022160981215393, 16.174190164433799 ], [ 77.022159659606615, 16.174174223053619 ], [ 77.022155927971212, 16.174162448250041 ], [ 77.022151133761426, 16.174147322348396 ], [ 77.022146691195886, 16.174133308082133 ], [ 77.022143259057742, 16.174122481867236 ], [ 77.022141403023539, 16.174114845555586 ], [ 77.022134157539085, 16.174085042230388 ], [ 77.022137427711385, 16.174063601585079 ], [ 77.022181169218314, 16.173810946030159 ], [ 77.022029329336121, 16.173764392716674 ], [ 77.021543183052529, 16.173615340664195 ], [ 77.021404865620397, 16.173574918168001 ], [ 77.021381726441035, 16.17356815539156 ], [ 77.021127047438483, 16.173493726323329 ], [ 77.021093215974588, 16.173483839418509 ], [ 77.020892899726647, 16.173427584426292 ], [ 77.020838946548409, 16.173412432074578 ], [ 77.020824838553722, 16.173502685088231 ], [ 77.020819690770182, 16.173535612301752 ], [ 77.020800509599638, 16.17365831564976 ], [ 77.020795052671673, 16.173738252904325 ], [ 77.02079819562428, 16.173862042611376 ], [ 77.020809414457219, 16.173992225918866 ], [ 77.020821581913538, 16.174161623245954 ], [ 77.020826263803713, 16.174203681416763 ], [ 77.02082968319057, 16.174221625935086 ], [ 77.020834642214837, 16.174241107221302 ], [ 77.020839874232749, 16.174253784002396 ], [ 77.020847563272284, 16.174269669437098 ], [ 77.02085404807957, 16.174280867858815 ], [ 77.020858482953486, 16.174288526675301 ], [ 77.020865136186856, 16.174302495582928 ], [ 77.020867140063444, 16.174316858326918 ], [ 77.020868287464722, 16.174358059169805 ], [ 77.020862076793051, 16.174589743674364 ], [ 77.020863446228731, 16.174597895128514 ], [ 77.020875242740331, 16.174623167359101 ], [ 77.020884794038977, 16.174638110770616 ], [ 77.020962251978631, 16.174736272849525 ], [ 77.021120023405288, 16.174728177236677 ], [ 77.021138078635929, 16.174727250340702 ], [ 77.021162899557069, 16.174725976355752 ], [ 77.021162160161211, 16.174755128229098 ], [ 77.021222333553041, 16.17475083212112 ], [ 77.021285760160268, 16.174746303596283 ], [ 77.021286364682098, 16.174672005418742 ], [ 77.021286639172544, 16.174638238122384 ], [ 77.02130960921582, 16.174638472560989 ], [ 77.0213351310734, 16.174638733350513 ], [ 77.021330694280749, 16.174559296706501 ], [ 77.02138703311492, 16.174559855612671 ], [ 77.021609065215515, 16.174562059418118 ], [ 77.02162609467797, 16.174562227390847 ], [ 77.021626680436398, 16.174578904933664 ], [ 77.021628201901095, 16.174622210177752 ], [ 77.021630274205762, 16.174681241860064 ], [ 77.022025689597626, 16.174698196038616 ], [ 77.022043607805358, 16.174698965424241 ], [ 77.022050425800344, 16.17469925661986 ], [ 77.022091646269686, 16.174701025214461 ], [ 77.022109807175838, 16.174606674014541 ] ] ] } },
{ "type": "Feature", "properties": { "KGISWardID": 1086, "KGISWardCode": "0611015", "KGISWardName": " ", "SHAPE.STArea()": 35190.315657519997, "SHAPE.STLength()": 804.54893533391817, "OBJECTID": 16035, "KGISWardNo": "15", "KGISTownCode": "0611", "LGD_WardCode": 1296247, "created_user": "SA", "created_date": 1634898537000, "last_edited_user": "SURESHBV1", "last_edited_date": 1692253972000, "_overlap_percent": 99.999999999999972, "_police_station": "Sirwar PS", "_police_feature_index": "61", "_admin_layer": "Ward", "_geometry_clipped": true }, "geometry": { "type": "Polygon", "coordinates": [ [ [ 77.020884794038977, 16.174638110770616 ], [ 77.020875242740331, 16.174623167359101 ], [ 77.020863446228731, 16.174597895128514 ], [ 77.020862076793051, 16.174589743674364 ], [ 77.020868287464722, 16.174358059169805 ], [ 77.020867140063444, 16.174316858326918 ], [ 77.020865136186856, 16.174302495582928 ], [ 77.020858482953486, 16.174288526675301 ], [ 77.02085404807957, 16.174280867858815 ], [ 77.020847563272284, 16.174269669437098 ], [ 77.020839874232749, 16.174253784002396 ], [ 77.020834642214837, 16.174241107221302 ], [ 77.02082968319057, 16.174221625935086 ], [ 77.020826263803713, 16.174203681416763 ], [ 77.020821581913538, 16.174161623245954 ], [ 77.020809414457219, 16.173992225918866 ], [ 77.02079819562428, 16.173862042611376 ], [ 77.020795052671673, 16.173738252904325 ], [ 77.020800509599638, 16.17365831564976 ], [ 77.020819690770182, 16.173535612301752 ], [ 77.020824838553722, 16.173502685088231 ], [ 77.020838946548409, 16.173412432074578 ], [ 77.020822310803396, 16.17340775971423 ], [ 77.020755344625911, 16.173389930842383 ], [ 77.020304632412959, 16.173269934356775 ], [ 77.019404925144357, 16.173026091899644 ], [ 77.019292340208949, 16.173449508223822 ], [ 77.019286768673226, 16.173491640289086 ], [ 77.019284312777543, 16.173529387677132 ], [ 77.019285827535441, 16.173597846963066 ], [ 77.019294337199156, 16.173650427750044 ], [ 77.019304480178647, 16.173701896125305 ], [ 77.019312091586087, 16.173740516566767 ], [ 77.019319227952536, 16.173776277265659 ], [ 77.019325425714683, 16.173803676393899 ], [ 77.019330090461352, 16.173824300804359 ], [ 77.019336605743689, 16.173843383363167 ], [ 77.019345082739804, 16.173863951711336 ], [ 77.019411803936222, 16.174025831652386 ], [ 77.019396191141126, 16.174189610766447 ], [ 77.019359615074393, 16.174185757338183 ], [ 77.019331146915093, 16.174406997692238 ], [ 77.019314662033622, 16.174535112967241 ], [ 77.019495983774988, 16.174617450813969 ], [ 77.019524047577349, 16.174630194616359 ], [ 77.019545165763333, 16.174677095248338 ], [ 77.019682059807351, 16.174981123821503 ], [ 77.01985178793943, 16.175060108066216 ], [ 77.019873440674857, 16.175070183965403 ], [ 77.020094474593861, 16.175173044150906 ], [ 77.020119824928017, 16.175184841409653 ], [ 77.020177507387359, 16.175211683833918 ], [ 77.020577546105301, 16.175397842160866 ], [ 77.020743336816793, 16.175474993572657 ], [ 77.020739827750376, 16.175558911423572 ], [ 77.02078443029076, 16.175557284218396 ], [ 77.020829814197171, 16.175553331980272 ], [ 77.020845035935096, 16.175549498196418 ], [ 77.020855839151267, 16.175545131728324 ], [ 77.02086197995834, 16.17554088996587 ], [ 77.020871182977771, 16.175533630176332 ], [ 77.020876669347743, 16.175525808447453 ], [ 77.020880294823172, 16.175517407150735 ], [ 77.020882646965504, 16.175505431767171 ], [ 77.02088286593083, 16.175488077043649 ], [ 77.020875232986512, 16.175371546654588 ], [ 77.020873402199896, 16.175346259274264 ], [ 77.020874927411086, 16.175330382996489 ], [ 77.020875769596842, 16.175327235166126 ], [ 77.020880820128127, 16.175316275037105 ], [ 77.020888236932322, 16.175306954054914 ], [ 77.020897158738848, 16.175298245838263 ], [ 77.020906976358148, 16.175290834738686 ], [ 77.020930211833758, 16.175276160854235 ], [ 77.020973339453647, 16.175252987160412 ], [ 77.021049853406325, 16.175216225873921 ], [ 77.021059955090351, 16.17521137272503 ], [ 77.021064681058803, 16.175208122038477 ], [ 77.021070055265412, 16.175199386077431 ], [ 77.021070622016367, 16.175193702796591 ], [ 77.021070341944252, 16.175183450185859 ], [ 77.021067114596448, 16.175162697431826 ], [ 77.021007884680557, 16.174868935622008 ], [ 77.02100479725766, 16.17485449191669 ], [ 77.020998390798468, 16.174824526965882 ], [ 77.02099268033659, 16.174803698407246 ], [ 77.020988021946252, 16.174789417806959 ], [ 77.020979996193489, 16.174769479551962 ], [ 77.020969205365731, 16.174747943887237 ], [ 77.020962251978631, 16.174736272849525 ], [ 77.020884794038977, 16.174638110770616 ] ] ] } },
{ "type": "Feature", "properties": { "KGISWardID": 1073, "KGISWardCode": "0611002", "KGISWardName": " ", "SHAPE.STArea()": 34644.754940699997, "SHAPE.STLength()": 872.6616669838395, "OBJECTID": 16022, "KGISWardNo": "2", "KGISTownCode": "0611", "LGD_WardCode": 1296234, "created_user": "SA", "created_date": 1634898537000, "last_edited_user": "SURESHBV1", "last_edited_date": 1692253972000, "_overlap_percent": 100.00000000000003, "_police_station": "Sirwar PS", "_police_feature_index": "61", "_admin_layer": "Ward", "_geometry_clipped": true }, "geometry": { "type": "Polygon", "coordinates": [ [ [ 77.023863199336702, 16.176543821660353 ], [ 77.023865771868202, 16.176533306104009 ], [ 77.02387309989922, 16.176503351576411 ], [ 77.023949510114434, 16.176191018436732 ], [ 77.023973101952066, 16.176080378760997 ], [ 77.024080565031269, 16.175576393419497 ], [ 77.024123219962931, 16.175266054793202 ], [ 77.024149658281004, 16.175073701985266 ], [ 77.024120182718292, 16.175078520948588 ], [ 77.023540903727906, 16.175110209292434 ], [ 77.023495325048813, 16.175114386219192 ], [ 77.023384160279278, 16.175126243644311 ], [ 77.023383028596484, 16.175126391747007 ], [ 77.023279726410635, 16.175139939867936 ], [ 77.023140498952657, 16.175158198241693 ], [ 77.023125038744368, 16.175158345267185 ], [ 77.02311388973088, 16.175156657751661 ], [ 77.023105190092082, 16.175152557060176 ], [ 77.023102036641973, 16.175146610987714 ], [ 77.023100738931277, 16.175140646363989 ], [ 77.023101437439436, 16.175116505975847 ], [ 77.023105177435284, 16.174939854942227 ], [ 77.023105672900627, 16.174916433901146 ], [ 77.023104281044624, 16.174893510591392 ], [ 77.023097622990221, 16.174858884922536 ], [ 77.023087759282006, 16.174832743325247 ], [ 77.023074653077728, 16.174802010013995 ], [ 77.023042317979673, 16.174732231148358 ], [ 77.023027515741077, 16.174709485958015 ], [ 77.023023710794718, 16.174703464759137 ], [ 77.02301892454895, 16.174689037252303 ], [ 77.023017454425158, 16.174669077416088 ], [ 77.023012594336166, 16.174603137574096 ], [ 77.02297448803408, 16.17462044324509 ], [ 77.022924479375362, 16.174643154162531 ], [ 77.02269624243867, 16.174746802585908 ], [ 77.022680143360304, 16.174754541833988 ], [ 77.022500512563511, 16.174833836334265 ], [ 77.022484007749895, 16.174841122231168 ], [ 77.022465490350697, 16.17485010243691 ], [ 77.022458796254213, 16.174853349272993 ], [ 77.022445946145098, 16.17485860358337 ], [ 77.022431869743116, 16.174862059745056 ], [ 77.022417920914265, 16.174862801339867 ], [ 77.022351295552753, 16.174858397419861 ], [ 77.022068372048551, 16.174821198712905 ], [ 77.022025711554164, 16.17492598472904 ], [ 77.022011637693652, 16.174964326817481 ], [ 77.02200380516264, 16.174993518087394 ], [ 77.021995380325777, 16.175063637566655 ], [ 77.021986955607545, 16.17520303837291 ], [ 77.021986213062135, 16.175216434200507 ], [ 77.021985916701183, 16.17522176523816 ], [ 77.021989200127152, 16.175239934192128 ], [ 77.021995192849047, 16.175252472688697 ], [ 77.022005824928272, 16.175269696258102 ], [ 77.022014240100376, 16.175283329417741 ], [ 77.022020416251067, 16.17529037259985 ], [ 77.022021501029243, 16.175291127594175 ], [ 77.022029038968952, 16.175296378747074 ], [ 77.022032765165164, 16.17529723603537 ], [ 77.022045157591009, 16.175297993784856 ], [ 77.022084193304508, 16.175292980323388 ], [ 77.02209515668963, 16.175434617442473 ], [ 77.022100354073856, 16.175501753132178 ], [ 77.022104171089921, 16.175610835587342 ], [ 77.022102749462263, 16.175638991898349 ], [ 77.022100831737859, 16.175650007205121 ], [ 77.022094532960523, 16.175672163334259 ], [ 77.022084887640517, 16.175698061239753 ], [ 77.022066259551963, 16.175748077991862 ], [ 77.022015916369568, 16.175876675048702 ], [ 77.021930067438987, 16.176090178022484 ], [ 77.021903562674012, 16.176155045347837 ], [ 77.021890053023142, 16.176188108065379 ], [ 77.022095833099726, 16.176213269374301 ], [ 77.022146849288973, 16.176217294937967 ], [ 77.022198001460026, 16.176215941281566 ], [ 77.0222276576376, 16.176215156089377 ], [ 77.02228816378377, 16.176209618612926 ], [ 77.022419050859014, 16.176188577569587 ], [ 77.022424951737904, 16.176188047106795 ], [ 77.022433351381181, 16.176187289589492 ], [ 77.022441160904805, 16.176243184684434 ], [ 77.022447962017992, 16.17629186640761 ], [ 77.022575023663265, 16.176279598033208 ], [ 77.022700362466281, 16.176264701283035 ], [ 77.022700499738932, 16.17626468461749 ], [ 77.022832325972956, 16.176249015917623 ], [ 77.022829572776004, 16.176276687029233 ], [ 77.022891938463147, 16.176273984196534 ], [ 77.0229246493235, 16.176272566288691 ], [ 77.022931013711357, 16.176401937093079 ], [ 77.022935411374391, 16.176491320240093 ], [ 77.023022217556957, 16.176485861332065 ], [ 77.023309360394265, 16.176467806222973 ], [ 77.023312342973128, 16.176499292669824 ], [ 77.023312640424209, 16.176507567234609 ], [ 77.023314526919194, 16.176560048081789 ], [ 77.023315035356219, 16.176571595997515 ], [ 77.023725950343106, 16.176552257303275 ], [ 77.02386271013404, 16.176545820442289 ], [ 77.023863199336702, 16.176543821660353 ] ] ] } },
{ "type": "Feature", "properties": { "KGISWardID": 1088, "KGISWardCode": "0611017", "KGISWardName": " ", "SHAPE.STArea()": 37697.751725629998, "SHAPE.STLength()": 994.93115752487597, "OBJECTID": 16037, "KGISWardNo": "17", "KGISTownCode": "0611", "LGD_WardCode": 1296249, "created_user": "SA", "created_date": 1634898537000, "last_edited_user": "SURESHBV1", "last_edited_date": 1692253972000, "_overlap_percent": 100.00000000000007, "_police_station": "Sirwar PS", "_police_feature_index": "61", "_admin_layer": "Ward", "_geometry_clipped": true }, "geometry": { "type": "Polygon", "coordinates": [ [ [ 77.021903562674012, 16.176155045347837 ], [ 77.021930067438987, 16.176090178022484 ], [ 77.022015916369568, 16.175876675048702 ], [ 77.022066259551963, 16.175748077991862 ], [ 77.022084887640517, 16.175698061239753 ], [ 77.022094532960523, 16.175672163334259 ], [ 77.022100831737859, 16.175650007205121 ], [ 77.022102749462263, 16.175638991898349 ], [ 77.022104171089921, 16.175610835587342 ], [ 77.022100354073856, 16.175501753132178 ], [ 77.02209515668963, 16.175434617442473 ], [ 77.022084193304508, 16.175292980323388 ], [ 77.022045157591009, 16.175297993784856 ], [ 77.022032765165164, 16.17529723603537 ], [ 77.022029038968952, 16.175296378747074 ], [ 77.022021501029243, 16.175291127594175 ], [ 77.022020416251067, 16.17529037259985 ], [ 77.022014240100376, 16.175283329417741 ], [ 77.022005824928272, 16.175269696258102 ], [ 77.021995192849047, 16.175252472688697 ], [ 77.021989200127152, 16.175239934192128 ], [ 77.021985916701183, 16.17522176523816 ], [ 77.021986213062135, 16.175216434200507 ], [ 77.021986955607545, 16.17520303837291 ], [ 77.021995380325777, 16.175063637566655 ], [ 77.02200380516264, 16.174993518087394 ], [ 77.022011637693652, 16.174964326817481 ], [ 77.022025711554164, 16.17492598472904 ], [ 77.022068372048551, 16.174821198712905 ], [ 77.022074306747527, 16.174791106572322 ], [ 77.022083010256367, 16.174745890736194 ], [ 77.022091646269686, 16.174701025214461 ], [ 77.022050425800344, 16.17469925661986 ], [ 77.022043607805358, 16.174698965424241 ], [ 77.022025689597626, 16.174698196038616 ], [ 77.021630274205762, 16.174681241860064 ], [ 77.021628201901095, 16.174622210177752 ], [ 77.021626680436398, 16.174578904933664 ], [ 77.02162609467797, 16.174562227390847 ], [ 77.021609065215515, 16.174562059418118 ], [ 77.02138703311492, 16.174559855612671 ], [ 77.021330694280749, 16.174559296706501 ], [ 77.0213351310734, 16.174638733350513 ], [ 77.02130960921582, 16.174638472560989 ], [ 77.021286639172544, 16.174638238122384 ], [ 77.021286364682098, 16.174672005418742 ], [ 77.021285760160268, 16.174746303596283 ], [ 77.021222333553041, 16.17475083212112 ], [ 77.021162160161211, 16.174755128229098 ], [ 77.021162899557069, 16.174725976355752 ], [ 77.021138078635929, 16.174727250340702 ], [ 77.021120023405288, 16.174728177236677 ], [ 77.020962251978631, 16.174736272849525 ], [ 77.020969205365731, 16.174747943887237 ], [ 77.020979996193489, 16.174769479551962 ], [ 77.020988021946252, 16.174789417806959 ], [ 77.02099268033659, 16.174803698407246 ], [ 77.020998390798468, 16.174824526965882 ], [ 77.02100479725766, 16.17485449191669 ], [ 77.021007884680557, 16.174868935622008 ], [ 77.021067114596448, 16.175162697431826 ], [ 77.021070341944252, 16.175183450185859 ], [ 77.021070622016367, 16.175193702796591 ], [ 77.021070055265412, 16.175199386077431 ], [ 77.021064681058803, 16.175208122038477 ], [ 77.021059955090351, 16.17521137272503 ], [ 77.021049853406325, 16.175216225873921 ], [ 77.020973339453647, 16.175252987160412 ], [ 77.020930211833758, 16.175276160854235 ], [ 77.020906976358148, 16.175290834738686 ], [ 77.020897158738848, 16.175298245838263 ], [ 77.020888236932322, 16.175306954054914 ], [ 77.020880820128127, 16.175316275037105 ], [ 77.020875769596842, 16.175327235166126 ], [ 77.020874927411086, 16.175330382996489 ], [ 77.020873402199896, 16.175346259274264 ], [ 77.020875232986512, 16.175371546654588 ], [ 77.02088286593083, 16.175488077043649 ], [ 77.020882646965504, 16.175505431767171 ], [ 77.020880294823172, 16.175517407150735 ], [ 77.020876669347743, 16.175525808447453 ], [ 77.020871182977771, 16.175533630176332 ], [ 77.02086197995834, 16.17554088996587 ], [ 77.020855839151267, 16.175545131728324 ], [ 77.020845035935096, 16.175549498196418 ], [ 77.020829814197171, 16.175553331980272 ], [ 77.02078443029076, 16.175557284218396 ], [ 77.020739827750376, 16.175558911423572 ], [ 77.020743336816793, 16.175474993572657 ], [ 77.020577546105301, 16.175397842160866 ], [ 77.020177507387359, 16.175211683833918 ], [ 77.020119824928017, 16.175184841409653 ], [ 77.020070716725954, 16.17548550181105 ], [ 77.020068301341595, 16.175491262280413 ], [ 77.020061943158467, 16.175498495024435 ], [ 77.020052525914394, 16.175503263925428 ], [ 77.019983495655651, 16.175543103593021 ], [ 77.019940669339405, 16.175571653971598 ], [ 77.01992795021232, 16.175581343321259 ], [ 77.019908883151274, 16.175597159369723 ], [ 77.019887313325995, 16.17561731543228 ], [ 77.019880907600793, 16.175624195335807 ], [ 77.019873733294361, 16.175631900248266 ], [ 77.019838083416758, 16.175676409616955 ], [ 77.019807970199466, 16.175718224436533 ], [ 77.019804986401269, 16.175723163553638 ], [ 77.01979621438862, 16.175737691873184 ], [ 77.019790219146955, 16.175752208285196 ], [ 77.019787202005801, 16.175761501016432 ], [ 77.019781985687104, 16.175785130453541 ], [ 77.019776816832191, 16.175816647420241 ], [ 77.019775364193336, 16.175825507857759 ], [ 77.019768115843945, 16.1758697068998 ], [ 77.019768650040206, 16.17588785592865 ], [ 77.019807151154296, 16.176037433378337 ], [ 77.019811903981918, 16.1760571443433 ], [ 77.019812603561093, 16.176060291989401 ], [ 77.019812971144418, 16.176067662360037 ], [ 77.019812354571002, 16.176071299576421 ], [ 77.019810566292733, 16.176075747558446 ], [ 77.019809338836779, 16.176078799654174 ], [ 77.019806601231522, 16.176083308152105 ], [ 77.019803254774288, 16.176088718751203 ], [ 77.019737916027481, 16.176184518033793 ], [ 77.019726900736529, 16.1762041736051 ], [ 77.019716363447841, 16.176226334696018 ], [ 77.019709494163735, 16.17624077718289 ], [ 77.019672547165527, 16.176318470836566 ], [ 77.019662046453391, 16.176340552066286 ], [ 77.01965613312646, 16.176357518123126 ], [ 77.019649148677345, 16.176377555572429 ], [ 77.019640234334275, 16.17641413905778 ], [ 77.019663932589381, 16.176415533220879 ], [ 77.019759344015611, 16.176421147345177 ], [ 77.020425859947196, 16.176460361274938 ], [ 77.02042676938062, 16.176514847445748 ], [ 77.02102558975929, 16.176507269743148 ], [ 77.021023604680082, 16.176531338341871 ], [ 77.021030032006351, 16.176532465443227 ], [ 77.021151185465513, 16.176529995179237 ], [ 77.021165476536439, 16.176529703984396 ], [ 77.021292474293034, 16.176527114862743 ], [ 77.021469290725463, 16.176523510124792 ], [ 77.021460408677086, 16.176622591750533 ], [ 77.021456850115584, 16.17666228499305 ], [ 77.021693329976614, 16.176679454874336 ], [ 77.021695245030628, 16.176667807110761 ], [ 77.021710871342322, 16.176606060134887 ], [ 77.021716421658851, 16.176584127072591 ], [ 77.021718985888313, 16.176577194176087 ], [ 77.021732099107282, 16.176541738120346 ], [ 77.021742557087578, 16.176513459783685 ], [ 77.021788573027237, 16.17640163217289 ], [ 77.021810169003857, 16.176349148551108 ], [ 77.021827442880095, 16.176307170896585 ], [ 77.021858552828348, 16.176244359651768 ], [ 77.021867017649043, 16.176229243260519 ], [ 77.021890053023142, 16.176188108065379 ], [ 77.021903562674012, 16.176155045347837 ] ] ] } },
{ "type": "Feature", "properties": { "KGISWardID": 1089, "KGISWardCode": "0611018", "KGISWardName": " ", "SHAPE.STArea()": 23486.279421620002, "SHAPE.STLength()": 662.77404282100292, "OBJECTID": 16038, "KGISWardNo": "18", "KGISTownCode": "0611", "LGD_WardCode": 1296250, "created_user": "SA", "created_date": 1634898537000, "last_edited_user": "SURESHBV1", "last_edited_date": 1692253972000, "_overlap_percent": 100.00000000000007, "_police_station": "Sirwar PS", "_police_feature_index": "61", "_admin_layer": "Ward", "_geometry_clipped": true }, "geometry": { "type": "Polygon", "coordinates": [ [ [ 77.021626819448301, 16.177508309559741 ], [ 77.021632836372774, 16.177497495638875 ], [ 77.02164148027849, 16.177477829089614 ], [ 77.021641697763897, 16.177477333685552 ], [ 77.021645078591376, 16.177466392118692 ], [ 77.021647161392295, 16.177459650832066 ], [ 77.021657006037358, 16.177427786722546 ], [ 77.021663337436536, 16.177401386325094 ], [ 77.0216674182643, 16.177379941591475 ], [ 77.02166699091029, 16.177356048623416 ], [ 77.021664005148736, 16.177189174570586 ], [ 77.021663705081764, 16.177147470563181 ], [ 77.021662567701981, 16.176989589117891 ], [ 77.021666505040827, 16.176899288182195 ], [ 77.021671145371045, 16.176840304758102 ], [ 77.02167838744613, 16.17678413826475 ], [ 77.021679975807331, 16.176771809620419 ], [ 77.021684457715168, 16.176737040974228 ], [ 77.021686623323092, 16.176720246028566 ], [ 77.02168893546596, 16.176706182018606 ], [ 77.021693329976614, 16.176679454874336 ], [ 77.021456850115584, 16.17666228499305 ], [ 77.021460408677086, 16.176622591750533 ], [ 77.021469290725463, 16.176523510124792 ], [ 77.021292474293034, 16.176527114862743 ], [ 77.021165476536439, 16.176529703984396 ], [ 77.021151185465513, 16.176529995179237 ], [ 77.021030032006351, 16.176532465443227 ], [ 77.021023604680082, 16.176531338341871 ], [ 77.02102558975929, 16.176507269743148 ], [ 77.02042676938062, 16.176514847445748 ], [ 77.020425859947196, 16.176460361274938 ], [ 77.019759344015611, 16.176421147345177 ], [ 77.019663932589381, 16.176415533220879 ], [ 77.019640234334275, 16.17641413905778 ], [ 77.019557205264121, 16.176785001929964 ], [ 77.019555315384679, 16.176803001395992 ], [ 77.019555338624329, 16.176810621705471 ], [ 77.019555390860802, 16.17682808409613 ], [ 77.019563814407277, 16.176955212038806 ], [ 77.019569686459391, 16.17697952499817 ], [ 77.019575937418551, 16.176995951800716 ], [ 77.019587145233928, 16.177017301059475 ], [ 77.01966660654233, 16.177129823615047 ], [ 77.019738548956767, 16.177231696918454 ], [ 77.019781825221543, 16.177311183192817 ], [ 77.01980702821055, 16.177357474826795 ], [ 77.01981090412167, 16.177364593224535 ], [ 77.019850599731996, 16.17738332634509 ], [ 77.020089676088418, 16.177366573046978 ], [ 77.020395462806889, 16.17735110319563 ], [ 77.0204368278293, 16.177349009820556 ], [ 77.02060679056224, 16.177570135371656 ], [ 77.020616329321612, 16.177582544445439 ], [ 77.020625312035023, 16.177590108554142 ], [ 77.020842318742055, 16.177586473028253 ], [ 77.020885762144218, 16.17758574495484 ], [ 77.021022579125287, 16.177583452064411 ], [ 77.021075500223887, 16.177585269551376 ], [ 77.021116917865939, 16.17758292344967 ], [ 77.021143613830986, 16.177578436668483 ], [ 77.02118349815521, 16.177569389051669 ], [ 77.021267605797718, 16.177545110247348 ], [ 77.021318108728309, 16.177530912678598 ], [ 77.021347023890925, 16.177525278964186 ], [ 77.021358927035166, 16.177524984237941 ], [ 77.021391676802835, 16.177525712100191 ], [ 77.021604671271731, 16.1775422856349 ], [ 77.021626819448301, 16.177508309559741 ] ] ] } },
{ "type": "Feature", "properties": { "KGISWardID": 1074, "KGISWardCode": "0611003", "KGISWardName": " ", "SHAPE.STArea()": 157783.56765159001, "SHAPE.STLength()": 2777.9272974574346, "OBJECTID": 16023, "KGISWardNo": "3", "KGISTownCode": "0611", "LGD_WardCode": 1296235, "created_user": "SA", "created_date": 1634898537000, "last_edited_user": "SURESHBV1", "last_edited_date": 1692253972000, "_overlap_percent": 100.00000000000009, "_police_station": "Sirwar PS", "_police_feature_index": "61", "_admin_layer": "Ward", "_geometry_clipped": true }, "geometry": { "type": "Polygon", "coordinates": [ [ [ 77.027224151001278, 16.174991522611631 ], [ 77.027182713932604, 16.174982911829488 ], [ 77.026921966449564, 16.174923785350742 ], [ 77.026875231195902, 16.174913186586306 ], [ 77.026515722326977, 16.174831664631331 ], [ 77.026375598748203, 16.174798747747683 ], [ 77.025902306354922, 16.174687565313931 ], [ 77.025854316116835, 16.174676291569067 ], [ 77.025811655840585, 16.174666269972729 ], [ 77.0257954335368, 16.174662458782173 ], [ 77.025695537688705, 16.174641955286884 ], [ 77.025522652877783, 16.174606470150426 ], [ 77.025080632302675, 16.174515743412055 ], [ 77.024634400036376, 16.174422452674325 ], [ 77.024014217445355, 16.174284277844311 ], [ 77.023274613374582, 16.174128739433385 ], [ 77.023095653252952, 16.174084294409489 ], [ 77.022352035355894, 16.173863333289486 ], [ 77.022250349450445, 16.173832156139504 ], [ 77.022242119404069, 16.173829633052822 ], [ 77.022215504694515, 16.173821473092438 ], [ 77.022195818225526, 16.17381543657304 ], [ 77.022186451455241, 16.173812565579961 ], [ 77.022181169218314, 16.173810946030159 ], [ 77.022137427711385, 16.174063601585079 ], [ 77.022134157539085, 16.174085042230388 ], [ 77.022141403023539, 16.174114845555586 ], [ 77.022143259057742, 16.174122481867236 ], [ 77.022146691195886, 16.174133308082133 ], [ 77.022151133761426, 16.174147322348396 ], [ 77.022155927971212, 16.174162448250041 ], [ 77.022159659606615, 16.174174223053619 ], [ 77.022160981215393, 16.174190164433799 ], [ 77.022161580307426, 16.17421623241566 ], [ 77.022157415557999, 16.174312470917837 ], [ 77.022157562337284, 16.174328270764875 ], [ 77.02215341153935, 16.174377374664882 ], [ 77.022148549678178, 16.174405393809575 ], [ 77.022109807175838, 16.174606674014541 ], [ 77.022091646269686, 16.174701025214461 ], [ 77.022083010256367, 16.174745890736194 ], [ 77.022074306747527, 16.174791106572322 ], [ 77.022068372048551, 16.174821198712905 ], [ 77.022351295552753, 16.174858397419861 ], [ 77.022417920914265, 16.174862801339867 ], [ 77.022431869743116, 16.174862059745056 ], [ 77.022445946145098, 16.17485860358337 ], [ 77.022458796254213, 16.174853349272993 ], [ 77.022465490350697, 16.17485010243691 ], [ 77.022484007749895, 16.174841122231168 ], [ 77.022500512563511, 16.174833836334265 ], [ 77.022680143360304, 16.174754541833988 ], [ 77.02269624243867, 16.174746802585908 ], [ 77.022924479375362, 16.174643154162531 ], [ 77.02297448803408, 16.17462044324509 ], [ 77.023012594336166, 16.174603137574096 ], [ 77.023017454425158, 16.174669077416088 ], [ 77.02301892454895, 16.174689037252303 ], [ 77.023023710794718, 16.174703464759137 ], [ 77.023027515741077, 16.174709485958015 ], [ 77.023042317979673, 16.174732231148358 ], [ 77.023074653077728, 16.174802010013995 ], [ 77.023087759282006, 16.174832743325247 ], [ 77.023097622990221, 16.174858884922536 ], [ 77.023104281044624, 16.174893510591392 ], [ 77.023105672900627, 16.174916433901146 ], [ 77.023105177435284, 16.174939854942227 ], [ 77.023101437439436, 16.175116505975847 ], [ 77.023100738931277, 16.175140646363989 ], [ 77.023102036641973, 16.175146610987714 ], [ 77.023105190092082, 16.175152557060176 ], [ 77.02311388973088, 16.175156657751661 ], [ 77.023125038744368, 16.175158345267185 ], [ 77.023140498952657, 16.175158198241693 ], [ 77.023279726410635, 16.175139939867936 ], [ 77.023383028596484, 16.175126391747007 ], [ 77.023384160279278, 16.175126243644311 ], [ 77.023495325048813, 16.175114386219192 ], [ 77.023540903727906, 16.175110209292434 ], [ 77.024120182718292, 16.175078520948588 ], [ 77.024149658281004, 16.175073701985266 ], [ 77.024123219962931, 16.175266054793202 ], [ 77.024080565031269, 16.175576393419497 ], [ 77.023973101952066, 16.176080378760997 ], [ 77.023949510114434, 16.176191018436732 ], [ 77.02387309989922, 16.176503351576411 ], [ 77.023865771868202, 16.176533306104009 ], [ 77.023863199336702, 16.176543821660353 ], [ 77.02386271013404, 16.176545820442289 ], [ 77.023859474283341, 16.17655904843193 ], [ 77.023818907988911, 16.176696420196894 ], [ 77.023812073463844, 16.176719568128718 ], [ 77.023797945586836, 16.176761300024967 ], [ 77.023787904985653, 16.176781601565843 ], [ 77.023769899647348, 16.176808825055126 ], [ 77.02374990529718, 16.176835560576475 ], [ 77.0237273500301, 16.176870373772381 ], [ 77.023613633992881, 16.177439483841692 ], [ 77.02357984664107, 16.177611237913716 ], [ 77.02390289324066, 16.177632521330157 ], [ 77.024225559043145, 16.177653778054555 ], [ 77.024306422652629, 16.177658575260129 ], [ 77.025207344573104, 16.177712023409864 ], [ 77.025312742299533, 16.177714531972217 ], [ 77.025554728080138, 16.177720291907566 ], [ 77.025592578074011, 16.177721192821288 ], [ 77.025582253178683, 16.178305642223389 ], [ 77.025580402423941, 16.178382803683295 ], [ 77.025580395848053, 16.178383075713203 ], [ 77.025580393158734, 16.178383178743026 ], [ 77.02557867475133, 16.17845250520039 ], [ 77.025569174347169, 16.178835761421507 ], [ 77.025568354452773, 16.178848239968023 ], [ 77.025409174098698, 16.178852485446136 ], [ 77.025350061230554, 16.178911280067407 ], [ 77.025337340032479, 16.178922773230529 ], [ 77.025319015276395, 16.178937370122082 ], [ 77.025294538387215, 16.178953904968953 ], [ 77.025257898704965, 16.178973977355231 ], [ 77.025220815604641, 16.178990268100723 ], [ 77.025180781869039, 16.179004562088672 ], [ 77.02512340108251, 16.179020771405643 ], [ 77.025057998995948, 16.179034415110721 ], [ 77.024931434069657, 16.179058677691231 ], [ 77.024760809048175, 16.179087677687349 ], [ 77.024739002741669, 16.179105343592727 ], [ 77.024522633897632, 16.179268081744898 ], [ 77.024499193755176, 16.179285712582946 ], [ 77.024487143100018, 16.179365752275309 ], [ 77.025012094156239, 16.179869745806037 ], [ 77.025038588611167, 16.17989518316196 ], [ 77.025119383545785, 16.179972752198797 ], [ 77.025582457217951, 16.180585065604976 ], [ 77.025708118128364, 16.1807512243453 ], [ 77.026200845030772, 16.181561165175651 ], [ 77.026158608368874, 16.181404484438083 ], [ 77.02607114594403, 16.181197332421519 ], [ 77.026057814758275, 16.18111989638335 ], [ 77.026031701025346, 16.180968207684714 ], [ 77.025994100517607, 16.180556181440323 ], [ 77.025935117054317, 16.180141608455905 ], [ 77.025908875786783, 16.179921562283074 ], [ 77.025910684595644, 16.179735074944801 ], [ 77.026041955007969, 16.179507910125409 ], [ 77.026134463488034, 16.179327439284762 ], [ 77.026162021012567, 16.179273678742021 ], [ 77.026163610207291, 16.179065679188536 ], [ 77.02623170599044, 16.178624468053183 ], [ 77.026351738454238, 16.178228359554609 ], [ 77.026424279691824, 16.177873951222441 ], [ 77.026434599625574, 16.177839261573414 ], [ 77.026467770165866, 16.177554682043038 ], [ 77.026488931776484, 16.177373126224008 ], [ 77.026497856760741, 16.177296558787592 ], [ 77.026613687318076, 16.176784421728481 ], [ 77.026626975496072, 16.176715154931934 ], [ 77.026685537082244, 16.176437636844135 ], [ 77.026806548885105, 16.17613072595308 ], [ 77.026900265277092, 16.175920653250675 ], [ 77.026966093618384, 16.175704868394373 ], [ 77.02699821465103, 16.175519288562175 ], [ 77.027061163608664, 16.175324449106814 ], [ 77.027188647523815, 16.17509014767435 ], [ 77.027224151001278, 16.174991522611631 ] ] ] } },
{ "type": "Feature", "properties": { "KGISWardID": 1084, "KGISWardCode": "0611013", "KGISWardName": " ", "SHAPE.STArea()": 2626288.954275135, "SHAPE.STLength()": 8869.9460277657545, "OBJECTID": 16033, "KGISWardNo": "13", "KGISTownCode": "0611", "LGD_WardCode": 1296245, "created_user": "SA", "created_date": 1634898537000, "last_edited_user": "SURESHBV1", "last_edited_date": 1692253972000, "_overlap_percent": 100.0, "_police_station": "Sirwar PS", "_police_feature_index": "61", "_admin_layer": "Ward", "_geometry_clipped": true }, "geometry": { "type": "Polygon", "coordinates": [ [ [ 77.001265111367729, 16.190017381198778 ], [ 77.001452122622567, 16.189936780649255 ], [ 77.001522393436218, 16.189906495001363 ], [ 77.001499913647649, 16.189648697075654 ], [ 77.001491946644165, 16.189557324060956 ], [ 77.001486901010466, 16.189499451802252 ], [ 77.002040013560745, 16.189393834669616 ], [ 77.002687501710355, 16.189270194736327 ], [ 77.003895898973454, 16.189039441792019 ], [ 77.003869943030935, 16.188322809346396 ], [ 77.003859926284662, 16.188046260434628 ], [ 77.003846734676799, 16.187682036033252 ], [ 77.005158521012902, 16.187290369674155 ], [ 77.005983715809236, 16.187043982607566 ], [ 77.006652739866794, 16.186844222623019 ], [ 77.006748067429513, 16.186815759036296 ], [ 77.006457400300008, 16.186249658125703 ], [ 77.006441687217631, 16.186219054848742 ], [ 77.006269367281163, 16.185899537000957 ], [ 77.007013233268765, 16.185583075414019 ], [ 77.007065460021366, 16.185558331927457 ], [ 77.007098763398062, 16.185538659809414 ], [ 77.007125409817732, 16.18552292045019 ], [ 77.007163364953556, 16.185494182424435 ], [ 77.007202243106207, 16.185462869586253 ], [ 77.007224395201987, 16.185445227292647 ], [ 77.007227275604592, 16.185442964708013 ], [ 77.007274633093999, 16.185403098281348 ], [ 77.007296769180286, 16.185381099195748 ], [ 77.007331925747735, 16.18533738224621 ], [ 77.007357373702376, 16.185300955564948 ], [ 77.007376696772795, 16.18526439515351 ], [ 77.007465803958283, 16.185062749874568 ], [ 77.007753282942616, 16.184315699674087 ], [ 77.007797995445472, 16.184199509656793 ], [ 77.007849135536404, 16.184066609156435 ], [ 77.008152717244855, 16.183252103604769 ], [ 77.008371766390056, 16.182665479985996 ], [ 77.008432495224156, 16.182487265993434 ], [ 77.008490700272375, 16.182324667548855 ], [ 77.00851029967761, 16.182277107316597 ], [ 77.008520035311008, 16.182257901593257 ], [ 77.008535835557709, 16.182232881146685 ], [ 77.008555287673715, 16.182208108116068 ], [ 77.008580776959931, 16.182181186336013 ], [ 77.008606853704165, 16.182153644588492 ], [ 77.008628493728352, 16.182136820229335 ], [ 77.009268775267159, 16.181717921872792 ], [ 77.009878107279604, 16.181319287387211 ], [ 77.010203944302575, 16.181106119042219 ], [ 77.010472145291843, 16.180927827420032 ], [ 77.010604084843564, 16.180840118247811 ], [ 77.010969377757618, 16.180589106449229 ], [ 77.011033073305484, 16.180545336944327 ], [ 77.011125468346833, 16.18048184706976 ], [ 77.011275223341457, 16.180377006682235 ], [ 77.011377120700516, 16.180305669854523 ], [ 77.011493024675985, 16.180220422244613 ], [ 77.011593183848703, 16.180143930738478 ], [ 77.011634344990568, 16.18010934468121 ], [ 77.011659978458894, 16.180084356642926 ], [ 77.011679132545552, 16.18005874318844 ], [ 77.011717186108726, 16.180007858419565 ], [ 77.011839478660107, 16.179838705101233 ], [ 77.011870183668961, 16.17979850023692 ], [ 77.011910282405765, 16.179745995002214 ], [ 77.011941217453838, 16.179714933708823 ], [ 77.012006167138196, 16.179656198309118 ], [ 77.012081211687146, 16.179594016118958 ], [ 77.012168165077497, 16.179532548895743 ], [ 77.012223310124696, 16.179498909290437 ], [ 77.012337215689342, 16.179426634431337 ], [ 77.012492073183864, 16.179322050449027 ], [ 77.012905168647507, 16.179029927302444 ], [ 77.013100365630336, 16.178897164305845 ], [ 77.013176687991816, 16.178845253016522 ], [ 77.013472528641103, 16.1786355556522 ], [ 77.01356388288437, 16.178572958404946 ], [ 77.013684663143422, 16.178493929755046 ], [ 77.013983152993987, 16.178323383781947 ], [ 77.014132283843608, 16.178238176341168 ], [ 77.014261194442682, 16.178157956339543 ], [ 77.01470967215829, 16.177860377402904 ], [ 77.014790603188771, 16.177806807316426 ], [ 77.014871837292716, 16.177748646101161 ], [ 77.014942875435011, 16.177697784550624 ], [ 77.015018894953371, 16.17764155478028 ], [ 77.015104338022184, 16.177571480960154 ], [ 77.015211715601197, 16.177468471795962 ], [ 77.015261831410399, 16.177409606840857 ], [ 77.015299537977796, 16.177352675581893 ], [ 77.015300720654835, 16.177350731681969 ], [ 77.015314261536673, 16.177328462785582 ], [ 77.015417675695304, 16.177158386189141 ], [ 77.015589853408997, 16.177176662721539 ], [ 77.015992448537418, 16.177219396661574 ], [ 77.016046172948307, 16.177225099395194 ], [ 77.016096609631262, 16.177420828227213 ], [ 77.016101315185793, 16.177433885107675 ], [ 77.016111726874868, 16.177452273968246 ], [ 77.016122078038038, 16.177466817891606 ], [ 77.0161322411047, 16.177477107875124 ], [ 77.016145650181016, 16.177490686735332 ], [ 77.016157312047028, 16.177499779763995 ], [ 77.016180193386504, 16.177515003656637 ], [ 77.01651302554454, 16.177711528722753 ], [ 77.016535351395746, 16.177724711296616 ], [ 77.016965938443732, 16.177978954613927 ], [ 77.016993968352168, 16.177995505691733 ], [ 77.017000268460592, 16.177930600887358 ], [ 77.017037079309716, 16.177551339152526 ], [ 77.017062523265025, 16.177289188586226 ], [ 77.017075458533313, 16.177239341770179 ], [ 77.017096881064418, 16.177196437765929 ], [ 77.017115253091077, 16.177180642076902 ], [ 77.017305876698956, 16.177016748380584 ], [ 77.017414918874806, 16.1768548137278 ], [ 77.01745922693091, 16.176766056162329 ], [ 77.017479597992107, 16.176706907244196 ], [ 77.017496636654641, 16.176624732244626 ], [ 77.017497652922529, 16.176602998559957 ], [ 77.017514872339831, 16.17643265526964 ], [ 77.017518074562034, 16.176400974455476 ], [ 77.017515640297759, 16.176340990093422 ], [ 77.017504515867117, 16.176276176452461 ], [ 77.017472216425261, 16.176185632656491 ], [ 77.017643882843927, 16.175861810451828 ], [ 77.016947969022794, 16.175540607150051 ], [ 77.017005064941216, 16.175446244791349 ], [ 77.017025864282672, 16.175411869902614 ], [ 77.017046720626681, 16.175377400502825 ], [ 77.016461061068, 16.175087232301259 ], [ 77.016556360909988, 16.174922729452604 ], [ 77.016569281274116, 16.174900426629112 ], [ 77.016594747244625, 16.174841652346569 ], [ 77.016615639283842, 16.17477983760179 ], [ 77.016640882206914, 16.174680483373212 ], [ 77.016646978690076, 16.174648101072506 ], [ 77.016654185008576, 16.174609825235546 ], [ 77.016658906445528, 16.174579499799748 ], [ 77.016660920338637, 16.174543662169498 ], [ 77.016665898653756, 16.174455095965165 ], [ 77.016667167445831, 16.17443253041942 ], [ 77.016672192455616, 16.174343129795158 ], [ 77.016673476827677, 16.174320256894543 ], [ 77.016673531916183, 16.17431914410195 ], [ 77.016060175103661, 16.174608146303505 ], [ 77.015906856357049, 16.174677881377931 ], [ 77.01548012301987, 16.174871977420096 ], [ 77.015451948870052, 16.174246462182186 ], [ 77.015451429875142, 16.174234932368332 ], [ 77.015448416418138, 16.174226080817697 ], [ 77.015446075618655, 16.174219205285354 ], [ 77.015437999121659, 16.174211168812722 ], [ 77.015431081543184, 16.174204286038144 ], [ 77.01539630092212, 16.174184054314679 ], [ 77.015375998454658, 16.174173598291951 ], [ 77.015299794960356, 16.174142147409455 ], [ 77.015247620076508, 16.174128552561772 ], [ 77.015184253185993, 16.174119347446766 ], [ 77.01512429446781, 16.174117351089063 ], [ 77.015066309003245, 16.174122682798483 ], [ 77.014992089936328, 16.174136626384811 ], [ 77.014901098842387, 16.174165556967164 ], [ 77.014744883765786, 16.174214862242888 ], [ 77.014672896145399, 16.174234680263545 ], [ 77.014635642743059, 16.174243788448603 ], [ 77.014573967648474, 16.174256943579664 ], [ 77.014491453862163, 16.174268999416181 ], [ 77.014468893974453, 16.174271966151252 ], [ 77.014323868659204, 16.174291039876152 ], [ 77.014214068296567, 16.174307874424521 ], [ 77.014137808226195, 16.174324144719215 ], [ 77.014073022551941, 16.174341558683761 ], [ 77.014029934170921, 16.174355490047866 ], [ 77.014018147055424, 16.174360023613708 ], [ 77.013944294348818, 16.174390114366584 ], [ 77.013892567651496, 16.174412897349384 ], [ 77.013857990374376, 16.174421758702479 ], [ 77.013798669973028, 16.174433030917058 ], [ 77.013698145749174, 16.174448426596573 ], [ 77.013617496214266, 16.174455969291749 ], [ 77.013582083280653, 16.174457565823321 ], [ 77.013415622541032, 16.174464200234599 ], [ 77.013385234334308, 16.174464705577943 ], [ 77.01333478493757, 16.17446213623359 ], [ 77.013312822865942, 16.17445970027714 ], [ 77.013106898156053, 16.174436859970477 ], [ 77.012794734789679, 16.174391044326544 ], [ 77.012540975875552, 16.174366923896201 ], [ 77.012402441627444, 16.174355895431599 ], [ 77.012170267739307, 16.174349601666314 ], [ 77.012030301443161, 16.174345807691139 ], [ 77.011971175107902, 16.174347727606992 ], [ 77.011637624431046, 16.174362316192383 ], [ 77.011424604387386, 16.174373935048969 ], [ 77.011064103758926, 16.174400445116412 ], [ 77.01090682098814, 16.174409527984306 ], [ 77.010858170676471, 16.174412337060449 ], [ 77.010595215613108, 16.174414861148122 ], [ 77.010490337652584, 16.174403546786628 ], [ 77.010460772865372, 16.17440107033628 ], [ 77.010426704803422, 16.174401879289196 ], [ 77.010403649251288, 16.174404476213056 ], [ 77.010315510424192, 16.174417114903303 ], [ 77.010195549179031, 16.174435537905765 ], [ 77.010083655896636, 16.17444666522379 ], [ 77.00996322813829, 16.174454653753791 ], [ 77.009821065754949, 16.174460416984402 ], [ 77.009761716031306, 16.174462448634625 ], [ 77.009683278830806, 16.174464031701905 ], [ 77.009628199957518, 16.174467437032714 ], [ 77.009566728875612, 16.174471237043548 ], [ 77.009557202199773, 16.174472052583521 ], [ 77.009517091437104, 16.1744768471209 ], [ 77.009473733678021, 16.174483417082001 ], [ 77.009358093057131, 16.174500940437685 ], [ 77.009229877979209, 16.17452282105921 ], [ 77.009022172007576, 16.174555451902418 ], [ 77.008918368935397, 16.174571760002465 ], [ 77.008848288777187, 16.174582432214837 ], [ 77.008627062841256, 16.174624683987965 ], [ 77.008531780725434, 16.174644932271725 ], [ 77.008442794113222, 16.174667614891131 ], [ 77.008358875011552, 16.17469056859176 ], [ 77.008351106333066, 16.174692611677486 ], [ 77.008225084452476, 16.174725595571932 ], [ 77.008175522194406, 16.174737177130083 ], [ 77.008139742995652, 16.174744275252358 ], [ 77.008085652236986, 16.174752674750511 ], [ 77.008032301907193, 16.17476106724666 ], [ 77.007926583124501, 16.174775925590609 ], [ 77.007817123851808, 16.17479822471725 ], [ 77.007699989977127, 16.174826237107084 ], [ 77.007456109242753, 16.174890467235464 ], [ 77.0071854680657, 16.174957093716124 ], [ 77.006931970955904, 16.175019411726826 ], [ 77.006826489752925, 16.175046803224582 ], [ 77.006752191994025, 16.175060668869179 ], [ 77.006727167564833, 16.175065338662549 ], [ 77.006660735454588, 16.175073614782608 ], [ 77.006349040994564, 16.175115121020958 ], [ 77.006083398811128, 16.17515753162888 ], [ 77.005957795335803, 16.175177584942222 ], [ 77.00576189137621, 16.175216730823241 ], [ 77.005567636820032, 16.175269603156753 ], [ 77.005336731222556, 16.175333458369174 ], [ 77.005102771243145, 16.17538873666965 ], [ 77.004845179551126, 16.175455712591489 ], [ 77.004789768788427, 16.174965670830634 ], [ 77.004758829530942, 16.174553446664405 ], [ 77.004592189552227, 16.174562816371925 ], [ 77.004504180606602, 16.174277933969005 ], [ 77.004058651463893, 16.174660567655412 ], [ 77.003766802551212, 16.17491121456176 ], [ 77.003707303402749, 16.174952425054304 ], [ 77.003436735466124, 16.175127103426728 ], [ 77.003433390743496, 16.175128930291489 ], [ 77.003360628696242, 16.175168659076316 ], [ 77.003257106620097, 16.175225183662448 ], [ 77.003024495143265, 16.175337499395386 ], [ 77.00270167239951, 16.175472020632302 ], [ 77.002463234933586, 16.17556454222218 ], [ 77.002247194085825, 16.175627204357042 ], [ 77.002190854128386, 16.175640902152804 ], [ 77.001967692741616, 16.175679956936701 ], [ 77.001490690630575, 16.1757209318402 ], [ 77.001433495175547, 16.175722575904757 ], [ 77.001213581291353, 16.175736907852951 ], [ 77.001175182180575, 16.175741362189516 ], [ 77.001148801215834, 16.175747466307893 ], [ 77.001106670582431, 16.175757214438818 ], [ 77.000999681319257, 16.175785227250813 ], [ 77.000907578624151, 16.175819243281808 ], [ 77.000852305038791, 16.175850182332958 ], [ 77.000220905769041, 16.176301877641659 ], [ 76.999908588213529, 16.176098941063163 ], [ 76.999747338542235, 16.175994165972408 ], [ 76.999376496777771, 16.175753199410746 ], [ 76.999131684355433, 16.175595700402376 ], [ 76.999106457703249, 16.175579471012544 ], [ 76.998383442758893, 16.17511431991079 ], [ 76.99830276575905, 16.175063132133332 ], [ 76.997110090541369, 16.174306397390438 ], [ 76.996741442637557, 16.174072491565141 ], [ 76.996702942289247, 16.174048064638875 ], [ 76.996690516602342, 16.174040181136185 ], [ 76.996660701145103, 16.174021597334601 ], [ 76.995839173792191, 16.173482483686978 ], [ 76.995655096062436, 16.173364590749852 ], [ 76.995287730745162, 16.173129309235019 ], [ 76.995296130187029, 16.173307016820196 ], [ 76.995284203333512, 16.174196184195946 ], [ 76.995355003764601, 16.174725519743021 ], [ 76.995455381614647, 16.175475980742533 ], [ 76.994803501681318, 16.175596845579456 ], [ 76.994549835061036, 16.177585541885605 ], [ 76.994439126086647, 16.177758748875494 ], [ 76.994324242025996, 16.178635529757585 ], [ 76.99431225113517, 16.178809174587606 ], [ 76.99442110264215, 16.178956283635493 ], [ 76.994423702538072, 16.17917666112762 ], [ 76.994448837674156, 16.180542195705989 ], [ 76.994450310539705, 16.180591006676146 ], [ 76.99445237495182, 16.180673956737053 ], [ 76.994825190751428, 16.181787063431045 ], [ 76.995357253572323, 16.183473991950255 ], [ 76.995594514939171, 16.184376507700655 ], [ 76.996309543844959, 16.184139694586751 ], [ 76.996736634215011, 16.186185529708304 ], [ 76.996958664470952, 16.187278998405095 ], [ 76.996955708404073, 16.187300711577748 ], [ 76.996924868965252, 16.187527085166153 ], [ 76.997098586274859, 16.18890724272087 ], [ 76.997138368669383, 16.189628288043686 ], [ 76.997428270428784, 16.190557401910354 ], [ 76.99806642304182, 16.19016071397855 ], [ 76.997995379017993, 16.191803022552843 ], [ 76.997953732443293, 16.192765768100323 ], [ 76.998383630420847, 16.192718381819592 ], [ 76.999987150819095, 16.192541622425885 ], [ 76.999868533775455, 16.191528724591056 ], [ 76.999819688106726, 16.191111617976851 ], [ 76.999767150392856, 16.19066297757562 ], [ 77.001265111367729, 16.190017381198778 ] ] ] } },
{ "type": "Feature", "properties": { "KGISWardID": 1072, "KGISWardCode": "0611001", "KGISWardName": " ", "SHAPE.STArea()": 957932.57158234005, "SHAPE.STLength()": 6191.9975107531864, "OBJECTID": 16021, "KGISWardNo": "1", "KGISTownCode": "0611", "LGD_WardCode": 1296233, "created_user": "SA", "created_date": 1634898537000, "last_edited_user": "SURESHBV1", "last_edited_date": 1692253972000, "_overlap_percent": 99.798572867889561, "_police_station": "Sirwar PS", "_police_feature_index": "61", "_admin_layer": "Ward", "_geometry_clipped": true }, "geometry": { "type": "Polygon", "coordinates": [ [ [ 77.028693043631819, 16.195088972406172 ], [ 77.028795625169167, 16.195070309841565 ], [ 77.028464105541431, 16.194483750941931 ], [ 77.028190636439888, 16.194059367260785 ], [ 77.0281638721343, 16.194017833806349 ], [ 77.027808654276754, 16.193456691308025 ], [ 77.02772175523036, 16.193319415600605 ], [ 77.027670026942374, 16.193238809766303 ], [ 77.02729491834036, 16.192654289614858 ], [ 77.027191837774339, 16.192486422162343 ], [ 77.027066805563067, 16.19228280656429 ], [ 77.027495376295249, 16.192152599314294 ], [ 77.028047614114911, 16.19198481924743 ], [ 77.028209197781607, 16.191934304411667 ], [ 77.027450700224705, 16.189888960298184 ], [ 77.027417023562677, 16.189898834673766 ], [ 77.027185118421656, 16.18996683617673 ], [ 77.027116665000179, 16.189797207954442 ], [ 77.026789327725012, 16.188986056912302 ], [ 77.026662499123432, 16.188671770057088 ], [ 77.026484444450247, 16.188158584403801 ], [ 77.026782211152963, 16.187906901445871 ], [ 77.026809040758337, 16.187883887178 ], [ 77.026889998595934, 16.187814445940507 ], [ 77.026926876700514, 16.187783619585712 ], [ 77.027198475772991, 16.187541773149395 ], [ 77.027127565254375, 16.187311253989144 ], [ 77.027108508820774, 16.187249305270321 ], [ 77.026886903246833, 16.18652889335814 ], [ 77.02671376074295, 16.185943469425553 ], [ 77.026347854346284, 16.184685685213644 ], [ 77.026191522285998, 16.184101788958962 ], [ 77.026089631560211, 16.183721227081108 ], [ 77.025997235124919, 16.183757966442229 ], [ 77.025832619365417, 16.183184549328725 ], [ 77.025813843726041, 16.183119145267526 ], [ 77.025773577039303, 16.182978879391545 ], [ 77.02557015645499, 16.182270278955748 ], [ 77.025439682382327, 16.181811802228786 ], [ 77.025576939458347, 16.181766606090846 ], [ 77.025745175753414, 16.181711209206487 ], [ 77.025878277431389, 16.181667380682278 ], [ 77.026200845030772, 16.181561165175651 ], [ 77.025708118128364, 16.1807512243453 ], [ 77.025582457217951, 16.180585065604976 ], [ 77.025119383545785, 16.179972752198797 ], [ 77.025038588611167, 16.17989518316196 ], [ 77.025012094156239, 16.179869745806037 ], [ 77.024487143100018, 16.179365752275309 ], [ 77.024499193755176, 16.179285712582946 ], [ 77.024522633897632, 16.179268081744898 ], [ 77.024739002741669, 16.179105343592727 ], [ 77.024760809048175, 16.179087677687349 ], [ 77.024931434069657, 16.179058677691231 ], [ 77.025057998995948, 16.179034415110721 ], [ 77.02512340108251, 16.179020771405643 ], [ 77.025180781869039, 16.179004562088672 ], [ 77.025220815604641, 16.178990268100723 ], [ 77.025257898704965, 16.178973977355231 ], [ 77.025294538387215, 16.178953904968953 ], [ 77.025319015276395, 16.178937370122082 ], [ 77.025337340032479, 16.178922773230529 ], [ 77.025350061230554, 16.178911280067407 ], [ 77.025409174098698, 16.178852485446136 ], [ 77.025568354452773, 16.178848239968023 ], [ 77.025569174347169, 16.178835761421507 ], [ 77.02557867475133, 16.17845250520039 ], [ 77.025580393158734, 16.178383178743026 ], [ 77.025580395848053, 16.178383075713203 ], [ 77.025580402423941, 16.178382803683295 ], [ 77.025582253178683, 16.178305642223389 ], [ 77.025592578074011, 16.177721192821288 ], [ 77.025554728080138, 16.177720291907566 ], [ 77.025312742299533, 16.177714531972217 ], [ 77.025207344573104, 16.177712023409864 ], [ 77.024306422652629, 16.177658575260129 ], [ 77.024225559043145, 16.177653778054555 ], [ 77.02390289324066, 16.177632521330157 ], [ 77.02357984664107, 16.177611237913716 ], [ 77.023613633992881, 16.177439483841692 ], [ 77.0237273500301, 16.176870373772381 ], [ 77.02374990529718, 16.176835560576475 ], [ 77.023769899647348, 16.176808825055126 ], [ 77.023787904985653, 16.176781601565843 ], [ 77.023797945586836, 16.176761300024967 ], [ 77.023812073463844, 16.176719568128718 ], [ 77.023818907988911, 16.176696420196894 ], [ 77.023859474283341, 16.17655904843193 ], [ 77.02386271013404, 16.176545820442289 ], [ 77.023725950343106, 16.176552257303275 ], [ 77.023315035356219, 16.176571595997515 ], [ 77.023314526919194, 16.176560048081789 ], [ 77.023312640424209, 16.176507567234609 ], [ 77.023312342973128, 16.176499292669824 ], [ 77.023309360394265, 16.176467806222973 ], [ 77.023022217556957, 16.176485861332065 ], [ 77.022935411374391, 16.176491320240093 ], [ 77.022931013711357, 16.176401937093079 ], [ 77.0229246493235, 16.176272566288691 ], [ 77.022891938463147, 16.176273984196534 ], [ 77.022829572776004, 16.176276687029233 ], [ 77.022832325972956, 16.176249015917623 ], [ 77.022700499738932, 16.17626468461749 ], [ 77.022700362466281, 16.176264701283035 ], [ 77.022575023663265, 16.176279598033208 ], [ 77.022447962017992, 16.17629186640761 ], [ 77.022441160904805, 16.176243184684434 ], [ 77.022433351381181, 16.176187289589492 ], [ 77.022424951737904, 16.176188047106795 ], [ 77.022419050859014, 16.176188577569587 ], [ 77.02228816378377, 16.176209618612926 ], [ 77.0222276576376, 16.176215156089377 ], [ 77.022198001460026, 16.176215941281566 ], [ 77.022146849288973, 16.176217294937967 ], [ 77.022095833099726, 16.176213269374301 ], [ 77.021890053023142, 16.176188108065379 ], [ 77.021867017649043, 16.176229243260519 ], [ 77.021858552828348, 16.176244359651768 ], [ 77.021827442880095, 16.176307170896585 ], [ 77.021810169003857, 16.176349148551108 ], [ 77.021788573027237, 16.17640163217289 ], [ 77.021742557087578, 16.176513459783685 ], [ 77.021732099107282, 16.176541738120346 ], [ 77.021718985888313, 16.176577194176087 ], [ 77.021716421658851, 16.176584127072591 ], [ 77.021710871342322, 16.176606060134887 ], [ 77.021695245030628, 16.176667807110761 ], [ 77.021693329976614, 16.176679454874336 ], [ 77.02168893546596, 16.176706182018606 ], [ 77.021686623323092, 16.176720246028566 ], [ 77.021684457715168, 16.176737040974228 ], [ 77.021679975807331, 16.176771809620419 ], [ 77.02167838744613, 16.17678413826475 ], [ 77.021671145371045, 16.176840304758102 ], [ 77.021666505040827, 16.176899288182195 ], [ 77.021662567701981, 16.176989589117891 ], [ 77.021663705081764, 16.177147470563181 ], [ 77.021664005148736, 16.177189174570586 ], [ 77.02166699091029, 16.177356048623416 ], [ 77.0216674182643, 16.177379941591475 ], [ 77.021663337436536, 16.177401386325094 ], [ 77.021657006037358, 16.177427786722546 ], [ 77.021647161392295, 16.177459650832066 ], [ 77.021645078591376, 16.177466392118692 ], [ 77.021641697763897, 16.177477333685552 ], [ 77.02164148027849, 16.177477829089614 ], [ 77.021632836372774, 16.177497495638875 ], [ 77.021626819448301, 16.177508309559741 ], [ 77.021604671271731, 16.1775422856349 ], [ 77.02157730319901, 16.177584269766154 ], [ 77.021563586693702, 16.177605838602894 ], [ 77.021517975136263, 16.177676675619889 ], [ 77.021372042617415, 16.177903316027617 ], [ 77.021356073830319, 16.177928115660453 ], [ 77.021153770169178, 16.178271625244502 ], [ 77.021093119633164, 16.178383234940128 ], [ 77.021083976786571, 16.178402208677287 ], [ 77.021051469238216, 16.178475475441182 ], [ 77.021043309453276, 16.178494763306524 ], [ 77.020973657739546, 16.178671080256201 ], [ 77.020766626871108, 16.179154883235832 ], [ 77.020805535975867, 16.179146260554003 ], [ 77.02095550133258, 16.179113029880394 ], [ 77.021395459062632, 16.179065807656695 ], [ 77.021505331935472, 16.179054014815616 ], [ 77.021525998869819, 16.179124365582584 ], [ 77.02163577763794, 16.179498057682327 ], [ 77.021663335902716, 16.179605363973636 ], [ 77.021783570772357, 16.180016929021839 ], [ 77.021782202724339, 16.180147894965508 ], [ 77.021781375458488, 16.180227182792787 ], [ 77.021775174155891, 16.180820675424833 ], [ 77.021774005762452, 16.180932580937856 ], [ 77.021770592168565, 16.181259380395446 ], [ 77.021765722236708, 16.181725540568408 ], [ 77.021757114840071, 16.182549567188435 ], [ 77.021780046229424, 16.182654559117886 ], [ 77.021816555816912, 16.182821714297475 ], [ 77.021877615686009, 16.182963111731926 ], [ 77.021972066961439, 16.183181833439402 ], [ 77.022002631547821, 16.183284756802291 ], [ 77.022204916558124, 16.183965920147958 ], [ 77.022225127231721, 16.184033975551664 ], [ 77.022258034271118, 16.184144786215448 ], [ 77.02243399877203, 16.184360646950232 ], [ 77.022417198887538, 16.184372084812491 ], [ 77.022381585592044, 16.184392624138081 ], [ 77.022357501655605, 16.184404405954606 ], [ 77.022327987574926, 16.184416140928182 ], [ 77.022307205859377, 16.18442394915715 ], [ 77.022281728323506, 16.184431467732853 ], [ 77.022274534161127, 16.184433292649981 ], [ 77.022249726342437, 16.184439366405908 ], [ 77.02221904603573, 16.184446028198547 ], [ 77.022183366229029, 16.184453338392593 ], [ 77.022164533302998, 16.184456485650738 ], [ 77.022305302225632, 16.18520123801887 ], [ 77.022331208015189, 16.185338292785012 ], [ 77.022344955049661, 16.185411024946507 ], [ 77.022449376461466, 16.186085095852086 ], [ 77.022461403867979, 16.186141007660819 ], [ 77.022501803219342, 16.186275980970958 ], [ 77.022525607665187, 16.186335594609741 ], [ 77.022718636081606, 16.186753529709996 ], [ 77.022940032720982, 16.187240679128291 ], [ 77.022969139348902, 16.187304722920889 ], [ 77.022476230067852, 16.187418385774944 ], [ 77.022428220351543, 16.18742945555659 ], [ 77.022507135839277, 16.187688125680431 ], [ 77.02263193561204, 16.188097195436232 ], [ 77.022708000605036, 16.188310332113346 ], [ 77.022899183694918, 16.188846029932861 ], [ 77.022663619789625, 16.189053879729119 ], [ 77.022422739765361, 16.189266419600148 ], [ 77.022244028747551, 16.189424104437361 ], [ 77.02269959236996, 16.190041335838465 ], [ 77.022772843254828, 16.190007137106324 ], [ 77.022907210600778, 16.189944403729744 ], [ 77.023043741388591, 16.19023237195222 ], [ 77.022811385106124, 16.190343503940738 ], [ 77.022468230395674, 16.190507629413858 ], [ 77.022200402174448, 16.190635727175696 ], [ 77.022471167364898, 16.191220697393959 ], [ 77.022463300145674, 16.191222196241114 ], [ 77.022428633053963, 16.19122880123123 ], [ 77.022527649201535, 16.19173397055981 ], [ 77.022539108437272, 16.191792430285961 ], [ 77.022734729299231, 16.19279045991038 ], [ 77.022761689284565, 16.192928005839519 ], [ 77.022874456537878, 16.193503320778905 ], [ 77.022776715253855, 16.194449685425219 ], [ 77.022985888633542, 16.194398844132557 ], [ 77.022987053417125, 16.194506673044316 ], [ 77.023101375160437, 16.194496619761662 ], [ 77.023136537950904, 16.194693202865299 ], [ 77.023181897384262, 16.194946789348993 ], [ 77.02319662255033, 16.195029109446008 ], [ 77.023270600736083, 16.195753972636897 ], [ 77.023839793706955, 16.195682657206781 ], [ 77.025978186556983, 16.195414712865592 ], [ 77.026053135686865, 16.195405321556631 ], [ 77.02639913821929, 16.195379438304357 ], [ 77.028083808251367, 16.195172091302425 ], [ 77.028693043631819, 16.195088972406172 ] ] ] } },
{ "type": "Feature", "properties": { "KGISWardID": 1090, "KGISWardCode": "0611019", "KGISWardName": " ", "SHAPE.STArea()": 3173800.42358976, "SHAPE.STLength()": 10060.625255649835, "OBJECTID": 16039, "KGISWardNo": "19", "KGISTownCode": "0611", "LGD_WardCode": 1296251, "created_user": "SA", "created_date": 1634898537000, "last_edited_user": "SURESHBV1", "last_edited_date": 1692253972000, "_overlap_percent": 99.772301165701833, "_police_station": "Sirwar PS", "_police_feature_index": "61", "_admin_layer": "Ward", "_geometry_clipped": true }, "geometry": { "type": "Polygon", "coordinates": [ [ [ 77.015837742652423, 16.196668901034016 ], [ 77.015904699601293, 16.196653943659367 ], [ 77.015948950163391, 16.196643239649294 ], [ 77.017894872163239, 16.196448618800591 ], [ 77.018299321153506, 16.196392181002665 ], [ 77.018244550530923, 16.195662457583484 ], [ 77.018207207659444, 16.194821416593172 ], [ 77.01814479221396, 16.193425649807345 ], [ 77.018118053202272, 16.193055487808209 ], [ 77.018018119414108, 16.191672042582361 ], [ 77.017972311543929, 16.190867329117381 ], [ 77.01783935446322, 16.190206408638272 ], [ 77.01780061768045, 16.190013854278408 ], [ 77.017752514397984, 16.189774735883663 ], [ 77.017353291011901, 16.187790193405593 ], [ 77.018053313704584, 16.187724556814434 ], [ 77.018039405895649, 16.187339980402143 ], [ 77.017904212098514, 16.183601383580395 ], [ 77.017836342616064, 16.181724401053359 ], [ 77.017816075255254, 16.181163870588247 ], [ 77.017812254440258, 16.181058187060348 ], [ 77.017152998290541, 16.18117413377098 ], [ 77.017329049302248, 16.180896265052134 ], [ 77.01734492931115, 16.180862745433679 ], [ 77.017374675458058, 16.180799954812866 ], [ 77.017428442024411, 16.180685264146483 ], [ 77.017618347923047, 16.180080543081498 ], [ 77.017772152886451, 16.179949106565381 ], [ 77.01784395009571, 16.17988775115737 ], [ 77.01788587927247, 16.179789092362057 ], [ 77.01798657267436, 16.179552158836287 ], [ 77.018072705467148, 16.179349491398 ], [ 77.018087514372809, 16.179225665835538 ], [ 77.018124674587995, 16.178914959436085 ], [ 77.018362388641009, 16.178830266679512 ], [ 77.019031629850971, 16.178597556964412 ], [ 77.019043752218508, 16.178593341588613 ], [ 77.019039452998953, 16.178454065103391 ], [ 77.019036355444513, 16.178353716551712 ], [ 77.019038105610647, 16.178263832063571 ], [ 77.019044150701788, 16.178183287450885 ], [ 77.019051972379501, 16.178143410973387 ], [ 77.019056109134837, 16.178130383190872 ], [ 77.019066482764799, 16.178097717205173 ], [ 77.019088234165892, 16.178054550597807 ], [ 77.019108903374118, 16.178020819179974 ], [ 77.019314210192803, 16.17776102358847 ], [ 77.019345035044594, 16.177730679827199 ], [ 77.019380494357421, 16.177704999553711 ], [ 77.019394656581312, 16.177696070862613 ], [ 77.019496809388727, 16.177639094566381 ], [ 77.019569612800581, 16.177598487279614 ], [ 77.01959018289115, 16.17758573536123 ], [ 77.01967028291844, 16.177535012208583 ], [ 77.019742362854061, 16.177481466598302 ], [ 77.019787774026156, 16.177442722234879 ], [ 77.019819153548966, 16.177413056232549 ], [ 77.019850599731996, 16.17738332634509 ], [ 77.01981090412167, 16.177364593224535 ], [ 77.01980702821055, 16.177357474826795 ], [ 77.019781825221543, 16.177311183192817 ], [ 77.019738548956767, 16.177231696918454 ], [ 77.01966660654233, 16.177129823615047 ], [ 77.019587145233928, 16.177017301059475 ], [ 77.019575937418551, 16.176995951800716 ], [ 77.019569686459391, 16.17697952499817 ], [ 77.019563814407277, 16.176955212038806 ], [ 77.019555390860802, 16.17682808409613 ], [ 77.019555338624329, 16.176810621705471 ], [ 77.019555315384679, 16.176803001395992 ], [ 77.019557205264121, 16.176785001929964 ], [ 77.019640234334275, 16.17641413905778 ], [ 77.019649148677345, 16.176377555572429 ], [ 77.01965613312646, 16.176357518123126 ], [ 77.019662046453391, 16.176340552066286 ], [ 77.019672547165527, 16.176318470836566 ], [ 77.019709494163735, 16.17624077718289 ], [ 77.019716363447841, 16.176226334696018 ], [ 77.019726900736529, 16.1762041736051 ], [ 77.019737916027481, 16.176184518033793 ], [ 77.019803254774288, 16.176088718751203 ], [ 77.019806601231522, 16.176083308152105 ], [ 77.019809338836779, 16.176078799654174 ], [ 77.019810566292733, 16.176075747558446 ], [ 77.019812354571002, 16.176071299576421 ], [ 77.019812971144418, 16.176067662360037 ], [ 77.019812603561093, 16.176060291989401 ], [ 77.019811903981918, 16.1760571443433 ], [ 77.019807151154296, 16.176037433378337 ], [ 77.019768650040206, 16.17588785592865 ], [ 77.019768115843945, 16.1758697068998 ], [ 77.019775364193336, 16.175825507857759 ], [ 77.019776816832191, 16.175816647420241 ], [ 77.019781985687104, 16.175785130453541 ], [ 77.019787202005801, 16.175761501016432 ], [ 77.019790219146955, 16.175752208285196 ], [ 77.01979621438862, 16.175737691873184 ], [ 77.019804986401269, 16.175723163553638 ], [ 77.019807970199466, 16.175718224436533 ], [ 77.019838083416758, 16.175676409616955 ], [ 77.019873733294361, 16.175631900248266 ], [ 77.019880907600793, 16.175624195335807 ], [ 77.019887313325995, 16.17561731543228 ], [ 77.019908883151274, 16.175597159369723 ], [ 77.01992795021232, 16.175581343321259 ], [ 77.019940669339405, 16.175571653971598 ], [ 77.019983495655651, 16.175543103593021 ], [ 77.020052525914394, 16.175503263925428 ], [ 77.020061943158467, 16.175498495024435 ], [ 77.020068301341595, 16.175491262280413 ], [ 77.020070716725954, 16.17548550181105 ], [ 77.020119824928017, 16.175184841409653 ], [ 77.020094474593861, 16.175173044150906 ], [ 77.019873440674857, 16.175070183965403 ], [ 77.01985178793943, 16.175060108066216 ], [ 77.019682059807351, 16.174981123821503 ], [ 77.019545165763333, 16.174677095248338 ], [ 77.019524047577349, 16.174630194616359 ], [ 77.019495983774988, 16.174617450813969 ], [ 77.019314662033622, 16.174535112967241 ], [ 77.019237992710586, 16.174500297761568 ], [ 77.019184836218543, 16.174476159782728 ], [ 77.018989482877714, 16.174569586694105 ], [ 77.018764646022902, 16.17468806492581 ], [ 77.018722105622558, 16.17471337944718 ], [ 77.01868342016212, 16.174736397605635 ], [ 77.017857932545283, 16.175227591810597 ], [ 77.017848092317507, 16.175234446408574 ], [ 77.017409882062736, 16.174946945560663 ], [ 77.017377793968222, 16.17492589444408 ], [ 77.017256310954906, 16.175083970440728 ], [ 77.017179706657643, 16.175183649988568 ], [ 77.017080275967913, 16.175321944111566 ], [ 77.017046720626681, 16.175377400502825 ], [ 77.017025864282672, 16.175411869902614 ], [ 77.017005064941216, 16.175446244791349 ], [ 77.016947969022794, 16.175540607150051 ], [ 77.017643882843927, 16.175861810451828 ], [ 77.017472216425261, 16.176185632656491 ], [ 77.017504515867117, 16.176276176452461 ], [ 77.017515640297759, 16.176340990093422 ], [ 77.017518074562034, 16.176400974455476 ], [ 77.017514872339831, 16.17643265526964 ], [ 77.017497652922529, 16.176602998559957 ], [ 77.017496636654641, 16.176624732244626 ], [ 77.017479597992107, 16.176706907244196 ], [ 77.01745922693091, 16.176766056162329 ], [ 77.017414918874806, 16.1768548137278 ], [ 77.017305876698956, 16.177016748380584 ], [ 77.017115253091077, 16.177180642076902 ], [ 77.017096881064418, 16.177196437765929 ], [ 77.017075458533313, 16.177239341770179 ], [ 77.017062523265025, 16.177289188586226 ], [ 77.017037079309716, 16.177551339152526 ], [ 77.017000268460592, 16.177930600887358 ], [ 77.016993968352168, 16.177995505691733 ], [ 77.016965938443732, 16.177978954613927 ], [ 77.016535351395746, 16.177724711296616 ], [ 77.01651302554454, 16.177711528722753 ], [ 77.016180193386504, 16.177515003656637 ], [ 77.016157312047028, 16.177499779763995 ], [ 77.016145650181016, 16.177490686735332 ], [ 77.0161322411047, 16.177477107875124 ], [ 77.016122078038038, 16.177466817891606 ], [ 77.016111726874868, 16.177452273968246 ], [ 77.016101315185793, 16.177433885107675 ], [ 77.016096609631262, 16.177420828227213 ], [ 77.016046172948307, 16.177225099395194 ], [ 77.015992448537418, 16.177219396661574 ], [ 77.015589853408997, 16.177176662721539 ], [ 77.015417675695304, 16.177158386189141 ], [ 77.015314261536673, 16.177328462785582 ], [ 77.015300720654835, 16.177350731681969 ], [ 77.015299537977796, 16.177352675581893 ], [ 77.015261831410399, 16.177409606840857 ], [ 77.015211715601197, 16.177468471795962 ], [ 77.015104338022184, 16.177571480960154 ], [ 77.015018894953371, 16.17764155478028 ], [ 77.014942875435011, 16.177697784550624 ], [ 77.014871837292716, 16.177748646101161 ], [ 77.014790603188771, 16.177806807316426 ], [ 77.01470967215829, 16.177860377402904 ], [ 77.014261194442682, 16.178157956339543 ], [ 77.014132283843608, 16.178238176341168 ], [ 77.013983152993987, 16.178323383781947 ], [ 77.013684663143422, 16.178493929755046 ], [ 77.01356388288437, 16.178572958404946 ], [ 77.013472528641103, 16.1786355556522 ], [ 77.013176687991816, 16.178845253016522 ], [ 77.013100365630336, 16.178897164305845 ], [ 77.012905168647507, 16.179029927302444 ], [ 77.012492073183864, 16.179322050449027 ], [ 77.012337215689342, 16.179426634431337 ], [ 77.012223310124696, 16.179498909290437 ], [ 77.012168165077497, 16.179532548895743 ], [ 77.012081211687146, 16.179594016118958 ], [ 77.012006167138196, 16.179656198309118 ], [ 77.011941217453838, 16.179714933708823 ], [ 77.011910282405765, 16.179745995002214 ], [ 77.011870183668961, 16.17979850023692 ], [ 77.011839478660107, 16.179838705101233 ], [ 77.011717186108726, 16.180007858419565 ], [ 77.011679132545552, 16.18005874318844 ], [ 77.011659978458894, 16.180084356642926 ], [ 77.011634344990568, 16.18010934468121 ], [ 77.011593183848703, 16.180143930738478 ], [ 77.011493024675985, 16.180220422244613 ], [ 77.011377120700516, 16.180305669854523 ], [ 77.011275223341457, 16.180377006682235 ], [ 77.011125468346833, 16.18048184706976 ], [ 77.011033073305484, 16.180545336944327 ], [ 77.010969377757618, 16.180589106449229 ], [ 77.010604084843564, 16.180840118247811 ], [ 77.010472145291843, 16.180927827420032 ], [ 77.010203944302575, 16.181106119042219 ], [ 77.009878107279604, 16.181319287387211 ], [ 77.009268775267159, 16.181717921872792 ], [ 77.008628493728352, 16.182136820229335 ], [ 77.008606853704165, 16.182153644588492 ], [ 77.008580776959931, 16.182181186336013 ], [ 77.008555287673715, 16.182208108116068 ], [ 77.008535835557709, 16.182232881146685 ], [ 77.008520035311008, 16.182257901593257 ], [ 77.00851029967761, 16.182277107316597 ], [ 77.008490700272375, 16.182324667548855 ], [ 77.008432495224156, 16.182487265993434 ], [ 77.008371766390056, 16.182665479985996 ], [ 77.008152717244855, 16.183252103604769 ], [ 77.007849135536404, 16.184066609156435 ], [ 77.007797995445472, 16.184199509656793 ], [ 77.007753282942616, 16.184315699674087 ], [ 77.007465803958283, 16.185062749874568 ], [ 77.007376696772795, 16.18526439515351 ], [ 77.007357373702376, 16.185300955564948 ], [ 77.007331925747735, 16.18533738224621 ], [ 77.007296769180286, 16.185381099195748 ], [ 77.007274633093999, 16.185403098281348 ], [ 77.007227275604592, 16.185442964708013 ], [ 77.007224395201987, 16.185445227292647 ], [ 77.007202243106207, 16.185462869586253 ], [ 77.007163364953556, 16.185494182424435 ], [ 77.007125409817732, 16.18552292045019 ], [ 77.007098763398062, 16.185538659809414 ], [ 77.007065460021366, 16.185558331927457 ], [ 77.007013233268765, 16.185583075414019 ], [ 77.006269367281163, 16.185899537000957 ], [ 77.006441687217631, 16.186219054848742 ], [ 77.006457400300008, 16.186249658125703 ], [ 77.006748067429513, 16.186815759036296 ], [ 77.006652739866794, 16.186844222623019 ], [ 77.005983715809236, 16.187043982607566 ], [ 77.005158521012902, 16.187290369674155 ], [ 77.003846734676799, 16.187682036033252 ], [ 77.003859926284662, 16.188046260434628 ], [ 77.003869943030935, 16.188322809346396 ], [ 77.003895898973454, 16.189039441792019 ], [ 77.002687501710355, 16.189270194736327 ], [ 77.002040013560745, 16.189393834669616 ], [ 77.001486901010466, 16.189499451802252 ], [ 77.001491946644165, 16.189557324060956 ], [ 77.001499913647649, 16.189648697075654 ], [ 77.001522393436218, 16.189906495001363 ], [ 77.001452122622567, 16.189936780649255 ], [ 77.001265111367729, 16.190017381198778 ], [ 76.999767150392856, 16.19066297757562 ], [ 76.999819688106726, 16.191111617976851 ], [ 76.999868533775455, 16.191528724591056 ], [ 76.999987150819095, 16.192541622425885 ], [ 76.998383630420847, 16.192718381819592 ], [ 76.997953732443293, 16.192765768100323 ], [ 76.997995379017993, 16.191803022552843 ], [ 76.99806642304182, 16.19016071397855 ], [ 76.997428270428784, 16.190557401910354 ], [ 76.997538710450129, 16.191034568568782 ], [ 76.997623406683431, 16.192111746159739 ], [ 76.996843514202396, 16.192300769417415 ], [ 76.996679754358141, 16.192340458673389 ], [ 76.996739045938156, 16.192505194264555 ], [ 76.996773589074053, 16.192601169173418 ], [ 76.996984695658142, 16.193187711115353 ], [ 76.997090976264218, 16.19348300179513 ], [ 76.997584447649757, 16.194812525932026 ], [ 76.997728749161766, 16.195258487426266 ], [ 76.998080630963969, 16.196345962729314 ], [ 76.998441280185276, 16.197460518278852 ], [ 76.998600759096774, 16.197488830992118 ], [ 76.998651677336468, 16.19748739698603 ], [ 76.999046021567267, 16.197476288975412 ], [ 76.999690515128947, 16.197463220132786 ], [ 77.000780297624246, 16.197437633270994 ], [ 77.000947082023274, 16.197330216552317 ], [ 77.00131316454727, 16.19727985259404 ], [ 77.002660771551049, 16.197094439192433 ], [ 77.002783586552496, 16.197042966256411 ], [ 77.00372668632032, 16.196647658026528 ], [ 77.003771420402245, 16.196628906678907 ], [ 77.003893822138863, 16.196577593369383 ], [ 77.003913674128199, 16.196569270547805 ], [ 77.004184267950052, 16.196531900940432 ], [ 77.005785235875578, 16.196337516171489 ], [ 77.006302896653139, 16.196498112300855 ], [ 77.007077432871185, 16.196738396715016 ], [ 77.007931086923904, 16.196927535723816 ], [ 77.0081592013684, 16.196978076979626 ], [ 77.008573773413985, 16.197069930567878 ], [ 77.008850147841613, 16.197131172813599 ], [ 77.008963605582125, 16.197147414004046 ], [ 77.009105051791337, 16.197167661583379 ], [ 77.009122494615909, 16.19716920256068 ], [ 77.009317796194978, 16.197217234589413 ], [ 77.010865799524126, 16.197597938954306 ], [ 77.011478168416829, 16.197703097268263 ], [ 77.011571570509275, 16.19768104101982 ], [ 77.012482100899177, 16.197466031634502 ], [ 77.012665160837116, 16.197415599055731 ], [ 77.015302712786195, 16.196688923511989 ], [ 77.015672523687201, 16.196705809435677 ], [ 77.015837742652423, 16.196668901034016 ] ] ] } },
{ "type": "Feature", "properties": { "KGISWardID": 1091, "KGISWardCode": "0611020", "KGISWardName": " ", "SHAPE.STArea()": 947755.11870039499, "SHAPE.STLength()": 5578.7920424933482, "OBJECTID": 16040, "KGISWardNo": "20", "KGISTownCode": "0611", "LGD_WardCode": 1296252, "created_user": "SA", "created_date": 1634898537000, "last_edited_user": "SURESHBV1", "last_edited_date": 1692253972000, "_overlap_percent": 99.871834206751956, "_police_station": "Sirwar PS", "_police_feature_index": "61", "_admin_layer": "Ward", "_geometry_clipped": true }, "geometry": { "type": "Polygon", "coordinates": [ [ [ 77.019839550992103, 16.196165318213627 ], [ 77.019892870979049, 16.196154665447523 ], [ 77.020151748401062, 16.196129061091497 ], [ 77.022122733946333, 16.195897031043121 ], [ 77.022223225542348, 16.195885200561797 ], [ 77.023270600736083, 16.195753972636897 ], [ 77.02319662255033, 16.195029109446008 ], [ 77.023181897384262, 16.194946789348993 ], [ 77.023136537950904, 16.194693202865299 ], [ 77.023101375160437, 16.194496619761662 ], [ 77.022987053417125, 16.194506673044316 ], [ 77.022985888633542, 16.194398844132557 ], [ 77.022776715253855, 16.194449685425219 ], [ 77.022874456537878, 16.193503320778905 ], [ 77.022761689284565, 16.192928005839519 ], [ 77.022734729299231, 16.19279045991038 ], [ 77.022539108437272, 16.191792430285961 ], [ 77.022527649201535, 16.19173397055981 ], [ 77.022428633053963, 16.19122880123123 ], [ 77.022463300145674, 16.191222196241114 ], [ 77.022471167364898, 16.191220697393959 ], [ 77.022200402174448, 16.190635727175696 ], [ 77.022468230395674, 16.190507629413858 ], [ 77.022811385106124, 16.190343503940738 ], [ 77.023043741388591, 16.19023237195222 ], [ 77.022907210600778, 16.189944403729744 ], [ 77.022772843254828, 16.190007137106324 ], [ 77.02269959236996, 16.190041335838465 ], [ 77.022244028747551, 16.189424104437361 ], [ 77.022422739765361, 16.189266419600148 ], [ 77.022663619789625, 16.189053879729119 ], [ 77.022899183694918, 16.188846029932861 ], [ 77.022708000605036, 16.188310332113346 ], [ 77.02263193561204, 16.188097195436232 ], [ 77.022507135839277, 16.187688125680431 ], [ 77.022428220351543, 16.18742945555659 ], [ 77.022476230067852, 16.187418385774944 ], [ 77.022969139348902, 16.187304722920889 ], [ 77.022940032720982, 16.187240679128291 ], [ 77.022718636081606, 16.186753529709996 ], [ 77.022525607665187, 16.186335594609741 ], [ 77.022501803219342, 16.186275980970958 ], [ 77.022461403867979, 16.186141007660819 ], [ 77.022449376461466, 16.186085095852086 ], [ 77.022344955049661, 16.185411024946507 ], [ 77.022331208015189, 16.185338292785012 ], [ 77.022305302225632, 16.18520123801887 ], [ 77.022164533302998, 16.184456485650738 ], [ 77.022183366229029, 16.184453338392593 ], [ 77.02221904603573, 16.184446028198547 ], [ 77.022249726342437, 16.184439366405908 ], [ 77.022274534161127, 16.184433292649981 ], [ 77.022281728323506, 16.184431467732853 ], [ 77.022307205859377, 16.18442394915715 ], [ 77.022327987574926, 16.184416140928182 ], [ 77.022357501655605, 16.184404405954606 ], [ 77.022381585592044, 16.184392624138081 ], [ 77.022417198887538, 16.184372084812491 ], [ 77.02243399877203, 16.184360646950232 ], [ 77.022258034271118, 16.184144786215448 ], [ 77.022225127231721, 16.184033975551664 ], [ 77.022204916558124, 16.183965920147958 ], [ 77.022002631547821, 16.183284756802291 ], [ 77.021972066961439, 16.183181833439402 ], [ 77.021877615686009, 16.182963111731926 ], [ 77.021816555816912, 16.182821714297475 ], [ 77.021780046229424, 16.182654559117886 ], [ 77.021757114840071, 16.182549567188435 ], [ 77.021765722236708, 16.181725540568408 ], [ 77.021770592168565, 16.181259380395446 ], [ 77.021774005762452, 16.180932580937856 ], [ 77.021775174155891, 16.180820675424833 ], [ 77.021781375458488, 16.180227182792787 ], [ 77.021782202724339, 16.180147894965508 ], [ 77.021783570772357, 16.180016929021839 ], [ 77.021663335902716, 16.179605363973636 ], [ 77.02163577763794, 16.179498057682327 ], [ 77.021525998869819, 16.179124365582584 ], [ 77.021505331935472, 16.179054014815616 ], [ 77.021395459062632, 16.179065807656695 ], [ 77.02095550133258, 16.179113029880394 ], [ 77.020805535975867, 16.179146260554003 ], [ 77.020766626871108, 16.179154883235832 ], [ 77.020973657739546, 16.178671080256201 ], [ 77.021043309453276, 16.178494763306524 ], [ 77.021051469238216, 16.178475475441182 ], [ 77.021083976786571, 16.178402208677287 ], [ 77.021093119633164, 16.178383234940128 ], [ 77.021153770169178, 16.178271625244502 ], [ 77.021356073830319, 16.177928115660453 ], [ 77.021372042617415, 16.177903316027617 ], [ 77.021517975136263, 16.177676675619889 ], [ 77.021563586693702, 16.177605838602894 ], [ 77.02157730319901, 16.177584269766154 ], [ 77.021604671271731, 16.1775422856349 ], [ 77.021391676802835, 16.177525712100191 ], [ 77.021358927035166, 16.177524984237941 ], [ 77.021347023890925, 16.177525278964186 ], [ 77.021318108728309, 16.177530912678598 ], [ 77.021267605797718, 16.177545110247348 ], [ 77.02118349815521, 16.177569389051669 ], [ 77.021143613830986, 16.177578436668483 ], [ 77.021116917865939, 16.17758292344967 ], [ 77.021075500223887, 16.177585269551376 ], [ 77.021022579125287, 16.177583452064411 ], [ 77.020885762144218, 16.17758574495484 ], [ 77.020842318742055, 16.177586473028253 ], [ 77.020625312035023, 16.177590108554142 ], [ 77.020616329321612, 16.177582544445439 ], [ 77.02060679056224, 16.177570135371656 ], [ 77.0204368278293, 16.177349009820556 ], [ 77.020395462806889, 16.17735110319563 ], [ 77.020089676088418, 16.177366573046978 ], [ 77.019850599731996, 16.17738332634509 ], [ 77.019819153548966, 16.177413056232549 ], [ 77.019787774026156, 16.177442722234879 ], [ 77.019742362854061, 16.177481466598302 ], [ 77.01967028291844, 16.177535012208583 ], [ 77.01959018289115, 16.17758573536123 ], [ 77.019569612800581, 16.177598487279614 ], [ 77.019496809388727, 16.177639094566381 ], [ 77.019394656581312, 16.177696070862613 ], [ 77.019380494357421, 16.177704999553711 ], [ 77.019345035044594, 16.177730679827199 ], [ 77.019314210192803, 16.17776102358847 ], [ 77.019108903374118, 16.178020819179974 ], [ 77.019088234165892, 16.178054550597807 ], [ 77.019066482764799, 16.178097717205173 ], [ 77.019056109134837, 16.178130383190872 ], [ 77.019051972379501, 16.178143410973387 ], [ 77.019044150701788, 16.178183287450885 ], [ 77.019038105610647, 16.178263832063571 ], [ 77.019036355444513, 16.178353716551712 ], [ 77.019039452998953, 16.178454065103391 ], [ 77.019043752218508, 16.178593341588613 ], [ 77.019031629850971, 16.178597556964412 ], [ 77.018362388641009, 16.178830266679512 ], [ 77.018124674587995, 16.178914959436085 ], [ 77.018087514372809, 16.179225665835538 ], [ 77.018072705467148, 16.179349491398 ], [ 77.01798657267436, 16.179552158836287 ], [ 77.01788587927247, 16.179789092362057 ], [ 77.01784395009571, 16.17988775115737 ], [ 77.017772152886451, 16.179949106565381 ], [ 77.017618347923047, 16.180080543081498 ], [ 77.017428442024411, 16.180685264146483 ], [ 77.017374675458058, 16.180799954812866 ], [ 77.01734492931115, 16.180862745433679 ], [ 77.017329049302248, 16.180896265052134 ], [ 77.017152998290541, 16.18117413377098 ], [ 77.017812254440258, 16.181058187060348 ], [ 77.017816075255254, 16.181163870588247 ], [ 77.017836342616064, 16.181724401053359 ], [ 77.017904212098514, 16.183601383580395 ], [ 77.018039405895649, 16.187339980402143 ], [ 77.018053313704584, 16.187724556814434 ], [ 77.017353291011901, 16.187790193405593 ], [ 77.017752514397984, 16.189774735883663 ], [ 77.01780061768045, 16.190013854278408 ], [ 77.01783935446322, 16.190206408638272 ], [ 77.017972311543929, 16.190867329117381 ], [ 77.018018119414108, 16.191672042582361 ], [ 77.018118053202272, 16.193055487808209 ], [ 77.01814479221396, 16.193425649807345 ], [ 77.018207207659444, 16.194821416593172 ], [ 77.018244550530923, 16.195662457583484 ], [ 77.018299321153506, 16.196392181002665 ], [ 77.018386857781024, 16.196379965928294 ], [ 77.019665253400348, 16.196194056934591 ], [ 77.019777206593602, 16.196177775813563 ], [ 77.019839550992103, 16.196165318213627 ] ] ] } },
{ "type": "Feature", "properties": { "KGISWardID": 1077, "KGISWardCode": "0611006", "KGISWardName": " ", "SHAPE.STArea()": 698062.41532917996, "SHAPE.STLength()": 5198.9016646953896, "OBJECTID": 16026, "KGISWardNo": "6", "KGISTownCode": "0611", "LGD_WardCode": 1296238, "created_user": "SA", "created_date": 1634898537000, "last_edited_user": "SURESHBV1", "last_edited_date": 1692253972000, "_overlap_percent": 100.00000000000017, "_police_station": "Sirwar PS", "_police_feature_index": "61", "_admin_layer": "Ward", "_geometry_clipped": true }, "geometry": { "type": "Polygon", "coordinates": [ [ [ 77.034311899830541, 16.157384598036348 ], [ 77.034118858666375, 16.157344370417533 ], [ 77.033861549678136, 16.157291798731261 ], [ 77.033861249887607, 16.157291737442971 ], [ 77.03380274677663, 16.15727978392863 ], [ 77.033261069329043, 16.157179625138358 ], [ 77.031893314419804, 16.156871919274796 ], [ 77.031502944877985, 16.156784095600781 ], [ 77.03135509309655, 16.156737629883757 ], [ 77.031330577463365, 16.156732948452319 ], [ 77.0313222313453, 16.156789394793641 ], [ 77.031287413604915, 16.156999611298541 ], [ 77.0312507117645, 16.157186000326785 ], [ 77.031247793673415, 16.157199061793115 ], [ 77.031229763586694, 16.157274330986091 ], [ 77.031209378851685, 16.157349725642565 ], [ 77.03118809669283, 16.157413409884033 ], [ 77.03116958955944, 16.157463481053842 ], [ 77.03113880441596, 16.157538169852298 ], [ 77.031138701339259, 16.157538421117351 ], [ 77.031073122014448, 16.157725960206896 ], [ 77.031059843231077, 16.157772325761247 ], [ 77.031052422437455, 16.157809624390087 ], [ 77.03104638153502, 16.15785113392884 ], [ 77.031035746320654, 16.157924204734559 ], [ 77.031027364141124, 16.157981798014958 ], [ 77.031022859783221, 16.158028119633666 ], [ 77.031016931039531, 16.158106798124145 ], [ 77.031010814998098, 16.158188375165182 ], [ 77.03100691946446, 16.158240485408733 ], [ 77.031000688208181, 16.158288532101448 ], [ 77.030989544578802, 16.158351001044643 ], [ 77.03097508304586, 16.158416495077518 ], [ 77.030963292999374, 16.158467938808677 ], [ 77.03089232472, 16.158785136441587 ], [ 77.030840040408521, 16.159032314568737 ], [ 77.030826495924117, 16.159096342433976 ], [ 77.030818769870876, 16.159133508440142 ], [ 77.030800260683208, 16.159211140441347 ], [ 77.030781698772188, 16.159285532833454 ], [ 77.030772908656914, 16.159320762752259 ], [ 77.030754377870565, 16.159385661302171 ], [ 77.030741618850527, 16.159428099604792 ], [ 77.030711907231932, 16.159526931697211 ], [ 77.030661467544263, 16.159674436652093 ], [ 77.030599600650049, 16.159825984616532 ], [ 77.030549555691479, 16.159950448112049 ], [ 77.030514359339605, 16.160032112741337 ], [ 77.030460139722223, 16.160155180304759 ], [ 77.030382729707028, 16.160326131903677 ], [ 77.030369211466322, 16.160350809226188 ], [ 77.03034785610906, 16.160389789404555 ], [ 77.030323375552882, 16.160428330443729 ], [ 77.030286951546444, 16.160480511439115 ], [ 77.030220781333767, 16.160568373354497 ], [ 77.030168197247463, 16.160634179381589 ], [ 77.030129960798845, 16.160683653451837 ], [ 77.030098004352396, 16.160725002594393 ], [ 77.030096456034144, 16.160727006060199 ], [ 77.030072661937567, 16.160757794442528 ], [ 77.03005875842716, 16.160775783771172 ], [ 77.03000489477725, 16.160845478176626 ], [ 77.029939690006088, 16.160938461150842 ], [ 77.029738137211353, 16.161225875897138 ], [ 77.029729881151397, 16.161238251856147 ], [ 77.029550098003909, 16.161509629724492 ], [ 77.02942925783843, 16.161709203791805 ], [ 77.029284992577075, 16.161942058205838 ], [ 77.029207794360943, 16.162073453010432 ], [ 77.029131551682454, 16.162209809994852 ], [ 77.029114420741806, 16.162240448954446 ], [ 77.029067418103267, 16.162334367803993 ], [ 77.029031517574282, 16.162415098400491 ], [ 77.028999043382953, 16.162488123430499 ], [ 77.028911344880896, 16.162739647916826 ], [ 77.028805945660324, 16.163027938279853 ], [ 77.02877290596669, 16.163118308619794 ], [ 77.028742733788945, 16.163204112217436 ], [ 77.028696355465783, 16.163354856269187 ], [ 77.028658438248613, 16.16350753910779 ], [ 77.028643490844445, 16.1635801187896 ], [ 77.028610549732051, 16.163751820819439 ], [ 77.028586229432463, 16.163874311315428 ], [ 77.028565832298256, 16.163971994629964 ], [ 77.02855264225623, 16.164030989021043 ], [ 77.028545455332903, 16.164063134275665 ], [ 77.028529001571158, 16.164120031014981 ], [ 77.028482185576038, 16.16426272772534 ], [ 77.028428712960704, 16.164413222212236 ], [ 77.02818716100542, 16.164952232642619 ], [ 77.02810583563874, 16.165088796869345 ], [ 77.028046887944015, 16.165190288173402 ], [ 77.028002624568842, 16.165267439898113 ], [ 77.027983283555955, 16.165301151134877 ], [ 77.027975249548291, 16.165315156738433 ], [ 77.027951631144219, 16.165363890416074 ], [ 77.027929693806243, 16.165416205994635 ], [ 77.027892433616216, 16.165505062375029 ], [ 77.027867430436203, 16.165564692447425 ], [ 77.027713633566378, 16.165886503444291 ], [ 77.02759422096571, 16.166112229047911 ], [ 77.02756556066899, 16.16616640670426 ], [ 77.027526918137056, 16.166245064341037 ], [ 77.027495555910136, 16.166301081146067 ], [ 77.027464342902661, 16.166350371435442 ], [ 77.027366900104767, 16.166492246444914 ], [ 77.027327837137676, 16.166549309703644 ], [ 77.027283331631935, 16.16661432269154 ], [ 77.027180666345942, 16.16676429526704 ], [ 77.027133092452274, 16.166851602635468 ], [ 77.027118931011842, 16.166879659793018 ], [ 77.027075306584649, 16.166972777286254 ], [ 77.027000637297036, 16.167155996585244 ], [ 77.026936407690883, 16.167310087320914 ], [ 77.026870543925256, 16.167441275164862 ], [ 77.026802979853414, 16.16756480266168 ], [ 77.026559166926802, 16.167982000244933 ], [ 77.026546865311417, 16.16800220773133 ], [ 77.0265388505982, 16.168015373721392 ], [ 77.026538258410497, 16.168016346154648 ], [ 77.026342501366699, 16.168367778563159 ], [ 77.026286074699598, 16.168472782022594 ], [ 77.026161380091423, 16.168720846977958 ], [ 77.026147712362075, 16.168749209310519 ], [ 77.026106683892607, 16.168841173436022 ], [ 77.02608268619673, 16.168897993719138 ], [ 77.026052156152602, 16.168975646912632 ], [ 77.025995576140772, 16.169126538380748 ], [ 77.025980687264152, 16.169154803003522 ], [ 77.025965142805106, 16.169176170773309 ], [ 77.025910126335305, 16.169251798201397 ], [ 77.025866789714826, 16.169306196746007 ], [ 77.025859153304808, 16.169315484711259 ], [ 77.025828507539515, 16.169348317668351 ], [ 77.025810094609568, 16.16936711504064 ], [ 77.025682365271678, 16.169493107062756 ], [ 77.025637866856286, 16.169537001157625 ], [ 77.025559843465771, 16.169607726212202 ], [ 77.025495120199352, 16.169660613333306 ], [ 77.025485206619123, 16.169668197188802 ], [ 77.025402373543557, 16.169731563411503 ], [ 77.02532908310576, 16.169784344996298 ], [ 77.02525084017897, 16.169838134163044 ], [ 77.024972763754505, 16.170029300963314 ], [ 77.024857011921668, 16.170105909104496 ], [ 77.024800681321082, 16.170143191447981 ], [ 77.024799833416637, 16.170143751582987 ], [ 77.024709332779267, 16.17020100937086 ], [ 77.024539845386428, 16.170296903435304 ], [ 77.024584271076748, 16.170394142432254 ], [ 77.024589794550721, 16.170406234453441 ], [ 77.024625797367378, 16.170485033574661 ], [ 77.02465840406245, 16.17055819524327 ], [ 77.024666655884744, 16.170579294962696 ], [ 77.024682074123589, 16.17062324495847 ], [ 77.024692968165013, 16.170658847664374 ], [ 77.024720325150057, 16.170748252632393 ], [ 77.024737333025698, 16.170815346301779 ], [ 77.024747025561553, 16.170857912323342 ], [ 77.02476106955281, 16.170919582189665 ], [ 77.024793614861139, 16.171062502728901 ], [ 77.024794516273417, 16.171066459817858 ], [ 77.024824331060216, 16.171199603750601 ], [ 77.024827690598528, 16.171219998261279 ], [ 77.024828984656793, 16.171233494873384 ], [ 77.024830681462134, 16.171251190951995 ], [ 77.024831244363767, 16.171275880429228 ], [ 77.02483100377151, 16.171300075180415 ], [ 77.02483138372321, 16.171337365452988 ], [ 77.02483015890742, 16.171394622209878 ], [ 77.024829691702095, 16.171406394447338 ], [ 77.024825562673996, 16.171510334374915 ], [ 77.024824043460981, 16.171548607707191 ], [ 77.024823456270781, 16.171554568570798 ], [ 77.024821570419903, 16.171573742608878 ], [ 77.024788738582188, 16.171907493562397 ], [ 77.024667754054207, 16.171905776961637 ], [ 77.024557354747529, 16.171999646077424 ], [ 77.024551623986014, 16.172004196653958 ], [ 77.024497864199049, 16.172039666393133 ], [ 77.024475962177945, 16.172052368124731 ], [ 77.024429238277463, 16.17207456285815 ], [ 77.024209356029843, 16.172167274223373 ], [ 77.024108483295961, 16.172207690835926 ], [ 77.024102065050513, 16.172211205248811 ], [ 77.024094056814661, 16.172216225639417 ], [ 77.024084616658214, 16.172223951317779 ], [ 77.02407505374947, 16.172235046586533 ], [ 77.024072109380811, 16.172240445278842 ], [ 77.024071021404069, 16.172245892270546 ], [ 77.024071443431467, 16.17225519840359 ], [ 77.024071462825006, 16.172255633728728 ], [ 77.024073348800968, 16.172266572198005 ], [ 77.024081254114364, 16.172295965275744 ], [ 77.024205616781998, 16.172719134781982 ], [ 77.024209342751661, 16.172731814045388 ], [ 77.023627303166663, 16.172895802056228 ], [ 77.023405626559921, 16.172949973616635 ], [ 77.023065423555806, 16.173033107581201 ], [ 77.023133132162542, 16.173117059285367 ], [ 77.023173312822024, 16.173175965272691 ], [ 77.023198304666366, 16.173212436940982 ], [ 77.023214065753109, 16.173238089664441 ], [ 77.023216882117879, 16.173243531150867 ], [ 77.023222080389999, 16.173254994718121 ], [ 77.023226172310117, 16.173265511949328 ], [ 77.02323072977758, 16.173280338287988 ], [ 77.023236914861471, 16.173305524581966 ], [ 77.023241072791478, 16.173325279052129 ], [ 77.023247671283585, 16.173372333582481 ], [ 77.023264204211358, 16.173678543025385 ], [ 77.023267631178769, 16.173742019866104 ], [ 77.023286255073103, 16.174086448426856 ], [ 77.023274613374582, 16.174128739433385 ], [ 77.024014217445355, 16.174284277844311 ], [ 77.024634400036376, 16.174422452674325 ], [ 77.025080632302675, 16.174515743412055 ], [ 77.025522652877783, 16.174606470150426 ], [ 77.025695537688705, 16.174641955286884 ], [ 77.0257954335368, 16.174662458782173 ], [ 77.025811655840585, 16.174666269972729 ], [ 77.02582353918153, 16.174639019717304 ], [ 77.02586348865097, 16.17454741098096 ], [ 77.025946756070411, 16.174367390691035 ], [ 77.02595427295644, 16.174352050087347 ], [ 77.025995013093251, 16.174268397660519 ], [ 77.026024081550062, 16.174198641778275 ], [ 77.026029325563329, 16.174186056947431 ], [ 77.026055586924855, 16.174110037308566 ], [ 77.026062325251957, 16.174086289394282 ], [ 77.026074862406048, 16.174035507280738 ], [ 77.026080831156705, 16.174006982419691 ], [ 77.026087716829295, 16.173962475942805 ], [ 77.026089972549556, 16.173938509592222 ], [ 77.026090788460024, 16.173825241444145 ], [ 77.02609085562176, 16.173815873744516 ], [ 77.026246743449988, 16.173812348035504 ], [ 77.026373290580565, 16.173729845347371 ], [ 77.02639770204371, 16.173713930901048 ], [ 77.026392281398401, 16.173592212574128 ], [ 77.026387721446937, 16.173489796627521 ], [ 77.026550727119215, 16.173477309329314 ], [ 77.026661328393047, 16.173468906369148 ], [ 77.026685741251029, 16.173467067315457 ], [ 77.027035744396471, 16.173440697091188 ], [ 77.027091010746034, 16.173028786300904 ], [ 77.027102936437714, 16.172939908374005 ], [ 77.027123712582394, 16.172785052361426 ], [ 77.027175658647295, 16.172397883359505 ], [ 77.027256836755583, 16.1717928386031 ], [ 77.027267363451017, 16.17171438736392 ], [ 77.02729840539935, 16.171483016179785 ], [ 77.027371720756648, 16.171356522437257 ], [ 77.027415632275492, 16.171324023668785 ], [ 77.027447204443931, 16.171302268158868 ], [ 77.027477237251802, 16.171282488005993 ], [ 77.027505382658035, 16.171264568162545 ], [ 77.02753143507519, 16.171248335300316 ], [ 77.027555759683437, 16.171233384766104 ], [ 77.027574208990984, 16.171222096263413 ], [ 77.027578862200386, 16.171219249126349 ], [ 77.027601252128704, 16.171205465428887 ], [ 77.027623434250316, 16.171191566248662 ], [ 77.027645915234956, 16.171177085949537 ], [ 77.027669202686809, 16.17116155888629 ], [ 77.027693803274815, 16.171144519422366 ], [ 77.027720077314029, 16.171125636136928 ], [ 77.027747792300175, 16.171105121771131 ], [ 77.027776591784942, 16.171083320357933 ], [ 77.027806142599658, 16.171060566673113 ], [ 77.027836060352044, 16.171037214955177 ], [ 77.027865925189985, 16.171013626105612 ], [ 77.027895338652996, 16.170990149979641 ], [ 77.02792390786253, 16.170967133668839 ], [ 77.027951314028783, 16.170944854889452 ], [ 77.027977509373059, 16.170923304158201 ], [ 77.028002512707644, 16.170902400880653 ], [ 77.028009533824246, 16.170896407612226 ], [ 77.028026337226365, 16.170882063612364 ], [ 77.028049000824936, 16.170862213574683 ], [ 77.028070512966835, 16.170842770262215 ], [ 77.028090879376052, 16.170823653205197 ], [ 77.028110118827698, 16.170804778195272 ], [ 77.028128282780131, 16.170786057098358 ], [ 77.028145566181038, 16.170767353428378 ], [ 77.028162202187431, 16.170748518588955 ], [ 77.0281784268346, 16.170729411184528 ], [ 77.028194470456242, 16.170709880838388 ], [ 77.028210568161711, 16.170689787067253 ], [ 77.028226952200271, 16.170668983993735 ], [ 77.028243856672347, 16.170647323915702 ], [ 77.028261447236062, 16.170624732066884 ], [ 77.028279621251897, 16.170601411819629 ], [ 77.028298208591607, 16.170577641280211 ], [ 77.028317040960019, 16.17055369492337 ], [ 77.028335947294366, 16.170529850864355 ], [ 77.028354761169538, 16.170506383560152 ], [ 77.028373310597502, 16.170483572038524 ], [ 77.028391430097543, 16.170461691651028 ], [ 77.028393462456904, 16.170459287822823 ], [ 77.028408970306586, 16.170440948022691 ], [ 77.028425891186345, 16.170421265637483 ], [ 77.028442163142302, 16.170402492982074 ], [ 77.028457764086383, 16.170384481182193 ], [ 77.028472669079846, 16.170367076873038 ], [ 77.028486853423587, 16.170350150179683 ], [ 77.02850029411303, 16.170333554043708 ], [ 77.028512968115891, 16.170317138696323 ], [ 77.028524884378726, 16.170300773038349 ], [ 77.028536172257091, 16.170284398009876 ], [ 77.028546988383411, 16.170267970554775 ], [ 77.02855749131507, 16.170251453019805 ], [ 77.028567839572517, 16.170234804137856 ], [ 77.028578190768954, 16.170217985361113 ], [ 77.028588703406257, 16.170200953615478 ], [ 77.028599535115916, 16.170183672159983 ], [ 77.028610805301611, 16.170166114557041 ], [ 77.028622486221693, 16.170148310888084 ], [ 77.028634514739068, 16.170130304221534 ], [ 77.028646821144918, 16.170112134977867 ], [ 77.028659343264678, 16.170093848927031 ], [ 77.028672015110644, 16.170075484646979 ], [ 77.028684771703752, 16.170057087934371 ], [ 77.028693873374252, 16.170043983792976 ], [ 77.02869754519584, 16.170038698288476 ], [ 77.028710294831242, 16.17002035314318 ], [ 77.028723051607869, 16.170002066659656 ], [ 77.028735866989024, 16.16998384286503 ], [ 77.028748797167651, 16.169965691162542 ], [ 77.028761894541901, 16.169947615570376 ], [ 77.028775210667263, 16.169929629150126 ], [ 77.028788799793119, 16.169911734095212 ], [ 77.028802715289288, 16.169893938028668 ], [ 77.028816971243145, 16.169876247140934 ], [ 77.028831436608513, 16.169858646417545 ], [ 77.028845942000885, 16.169841120306014 ], [ 77.028860318961463, 16.169823652341549 ], [ 77.028874396208508, 16.169806224279185 ], [ 77.028888005310975, 16.169788822364584 ], [ 77.028900975912862, 16.169771427440505 ], [ 77.028913139546418, 16.169754022138807 ], [ 77.028924382937348, 16.169736592179344 ], [ 77.028934798710509, 16.169719143907493 ], [ 77.028944535563767, 16.16970168132687 ], [ 77.028953745045541, 16.169684212931589 ], [ 77.028962572160225, 16.1696667472782 ], [ 77.028971170316609, 16.169649291939471 ], [ 77.028979685444654, 16.16963185455954 ], [ 77.028988265325481, 16.169614440957691 ], [ 77.028997026167161, 16.169597078035853 ], [ 77.029005944438168, 16.169579841916118 ], [ 77.02901495843463, 16.169562824444817 ], [ 77.02902401208037, 16.169546119221717 ], [ 77.029033048345866, 16.169529818048634 ], [ 77.02904200553661, 16.169514013675325 ], [ 77.029050826632428, 16.169498798807073 ], [ 77.029059452761871, 16.169484267973861 ], [ 77.029067829294306, 16.169470473198633 ], [ 77.029075911360067, 16.169457323651244 ], [ 77.029083663059879, 16.169444691370622 ], [ 77.029091040978727, 16.169432444853239 ], [ 77.029098006431198, 16.169420457971711 ], [ 77.029104523462607, 16.169408597344272 ], [ 77.029110548722514, 16.169396737791583 ], [ 77.029116044404958, 16.169384747756613 ], [ 77.029120998852335, 16.169372492722392 ], [ 77.029125511294993, 16.169359801876347 ], [ 77.029129709925385, 16.169346502322689 ], [ 77.029133720112881, 16.169332419385412 ], [ 77.029137670031361, 16.169317378361793 ], [ 77.029141687845467, 16.169301203645617 ], [ 77.029145898924412, 16.16928372056088 ], [ 77.029150432395284, 16.16926475620285 ], [ 77.029154861031557, 16.169246329549992 ], [ 77.029357408435303, 16.169241371257783 ], [ 77.029596980835763, 16.168754659248815 ], [ 77.031370470428683, 16.165151596894066 ], [ 77.031577517369882, 16.164730948419713 ], [ 77.031778696223967, 16.164322219362241 ], [ 77.031867730339144, 16.164141331183313 ], [ 77.03190365387502, 16.164068345165031 ], [ 77.03191101399571, 16.164017066563282 ], [ 77.031930276395116, 16.164014255190267 ], [ 77.032350014215453, 16.163952986109376 ], [ 77.032367668260378, 16.16374792639127 ], [ 77.032575224619393, 16.163321373170774 ], [ 77.032596533380911, 16.163277581866126 ], [ 77.032632153249637, 16.163204378198696 ], [ 77.032639790042751, 16.163164818619826 ], [ 77.032827841191775, 16.162190674626572 ], [ 77.032842190390056, 16.162116344939967 ], [ 77.033235140284603, 16.161336382683036 ], [ 77.033247372099055, 16.161312103309115 ], [ 77.033806781814619, 16.160201725881262 ], [ 77.034462020648206, 16.158901119796994 ], [ 77.03447362799136, 16.158859323032846 ], [ 77.034481578099673, 16.158830694209719 ], [ 77.034574041713896, 16.158497738809345 ], [ 77.034851028937908, 16.157500321129252 ], [ 77.034311899830541, 16.157384598036348 ] ] ] } },
{ "type": "Feature", "properties": { "KGISWardID": 1076, "KGISWardCode": "0611005", "KGISWardName": " ", "SHAPE.STArea()": 2305882.994581325, "SHAPE.STLength()": 8139.5293861153614, "OBJECTID": 16025, "KGISWardNo": "5", "KGISTownCode": "0611", "LGD_WardCode": 1296237, "created_user": "SA", "created_date": 1634898537000, "last_edited_user": "SURESHBV1", "last_edited_date": 1692253972000, "_overlap_percent": 99.999999999999943, "_police_station": "Sirwar PS", "_police_feature_index": "61", "_admin_layer": "Ward", "_geometry_clipped": true }, "geometry": { "type": "Polygon", "coordinates": [ [ [ 77.051312241735104, 16.159225647069604 ], [ 77.049553211118493, 16.159270663760232 ], [ 77.048390036603735, 16.159331674448168 ], [ 77.046789846055731, 16.159319367636684 ], [ 77.044996416243407, 16.159346803688532 ], [ 77.04371870160692, 16.159237507682914 ], [ 77.042661723970639, 16.15906287386083 ], [ 77.040826114448492, 16.158789936803718 ], [ 77.038957689457462, 16.158397222423307 ], [ 77.037739843629822, 16.158149002963022 ], [ 77.034851028937908, 16.157500321129252 ], [ 77.034574041713896, 16.158497738809345 ], [ 77.034481578099673, 16.158830694209719 ], [ 77.03447362799136, 16.158859323032846 ], [ 77.034462020648206, 16.158901119796994 ], [ 77.033806781814619, 16.160201725881262 ], [ 77.033247372099055, 16.161312103309115 ], [ 77.033235140284603, 16.161336382683036 ], [ 77.032842190390056, 16.162116344939967 ], [ 77.032827841191775, 16.162190674626572 ], [ 77.032639790042751, 16.163164818619826 ], [ 77.032632153249637, 16.163204378198696 ], [ 77.032596533380911, 16.163277581866126 ], [ 77.032575224619393, 16.163321373170774 ], [ 77.032367668260378, 16.16374792639127 ], [ 77.032350014215453, 16.163952986109376 ], [ 77.031930276395116, 16.164014255190267 ], [ 77.03191101399571, 16.164017066563282 ], [ 77.03190365387502, 16.164068345165031 ], [ 77.031867730339144, 16.164141331183313 ], [ 77.031778696223967, 16.164322219362241 ], [ 77.031577517369882, 16.164730948419713 ], [ 77.031370470428683, 16.165151596894066 ], [ 77.029596980835763, 16.168754659248815 ], [ 77.029357408435303, 16.169241371257783 ], [ 77.029154861031557, 16.169246329549992 ], [ 77.029150432395284, 16.16926475620285 ], [ 77.029145898924412, 16.16928372056088 ], [ 77.029141687845467, 16.169301203645617 ], [ 77.029137670031361, 16.169317378361793 ], [ 77.029133720112881, 16.169332419385412 ], [ 77.029129709925385, 16.169346502322689 ], [ 77.029125511294993, 16.169359801876347 ], [ 77.029120998852335, 16.169372492722392 ], [ 77.029116044404958, 16.169384747756613 ], [ 77.029110548722514, 16.169396737791583 ], [ 77.029104523462607, 16.169408597344272 ], [ 77.029098006431198, 16.169420457971711 ], [ 77.029091040978727, 16.169432444853239 ], [ 77.029083663059879, 16.169444691370622 ], [ 77.029075911360067, 16.169457323651244 ], [ 77.029067829294306, 16.169470473198633 ], [ 77.029059452761871, 16.169484267973861 ], [ 77.029050826632428, 16.169498798807073 ], [ 77.02904200553661, 16.169514013675325 ], [ 77.029033048345866, 16.169529818048634 ], [ 77.02902401208037, 16.169546119221717 ], [ 77.02901495843463, 16.169562824444817 ], [ 77.029005944438168, 16.169579841916118 ], [ 77.028997026167161, 16.169597078035853 ], [ 77.028988265325481, 16.169614440957691 ], [ 77.028979685444654, 16.16963185455954 ], [ 77.028971170316609, 16.169649291939471 ], [ 77.028962572160225, 16.1696667472782 ], [ 77.028953745045541, 16.169684212931589 ], [ 77.028944535563767, 16.16970168132687 ], [ 77.028934798710509, 16.169719143907493 ], [ 77.028924382937348, 16.169736592179344 ], [ 77.028913139546418, 16.169754022138807 ], [ 77.028900975912862, 16.169771427440505 ], [ 77.028888005310975, 16.169788822364584 ], [ 77.028874396208508, 16.169806224279185 ], [ 77.028860318961463, 16.169823652341549 ], [ 77.028845942000885, 16.169841120306014 ], [ 77.028831436608513, 16.169858646417545 ], [ 77.028816971243145, 16.169876247140934 ], [ 77.028802715289288, 16.169893938028668 ], [ 77.028788799793119, 16.169911734095212 ], [ 77.028775210667263, 16.169929629150126 ], [ 77.028761894541901, 16.169947615570376 ], [ 77.028748797167651, 16.169965691162542 ], [ 77.028735866989024, 16.16998384286503 ], [ 77.028723051607869, 16.170002066659656 ], [ 77.028710294831242, 16.17002035314318 ], [ 77.02869754519584, 16.170038698288476 ], [ 77.028693873374252, 16.170043983792976 ], [ 77.028684771703752, 16.170057087934371 ], [ 77.028672015110644, 16.170075484646979 ], [ 77.028659343264678, 16.170093848927031 ], [ 77.028646821144918, 16.170112134977867 ], [ 77.028634514739068, 16.170130304221534 ], [ 77.028622486221693, 16.170148310888084 ], [ 77.028610805301611, 16.170166114557041 ], [ 77.028599535115916, 16.170183672159983 ], [ 77.028588703406257, 16.170200953615478 ], [ 77.028578190768954, 16.170217985361113 ], [ 77.028567839572517, 16.170234804137856 ], [ 77.02855749131507, 16.170251453019805 ], [ 77.028546988383411, 16.170267970554775 ], [ 77.028536172257091, 16.170284398009876 ], [ 77.028524884378726, 16.170300773038349 ], [ 77.028512968115891, 16.170317138696323 ], [ 77.02850029411303, 16.170333554043708 ], [ 77.028486853423587, 16.170350150179683 ], [ 77.028472669079846, 16.170367076873038 ], [ 77.028457764086383, 16.170384481182193 ], [ 77.028442163142302, 16.170402492982074 ], [ 77.028425891186345, 16.170421265637483 ], [ 77.028408970306586, 16.170440948022691 ], [ 77.028393462456904, 16.170459287822823 ], [ 77.028391430097543, 16.170461691651028 ], [ 77.028373310597502, 16.170483572038524 ], [ 77.028354761169538, 16.170506383560152 ], [ 77.028335947294366, 16.170529850864355 ], [ 77.028317040960019, 16.17055369492337 ], [ 77.028298208591607, 16.170577641280211 ], [ 77.028279621251897, 16.170601411819629 ], [ 77.028261447236062, 16.170624732066884 ], [ 77.028243856672347, 16.170647323915702 ], [ 77.028226952200271, 16.170668983993735 ], [ 77.028210568161711, 16.170689787067253 ], [ 77.028194470456242, 16.170709880838388 ], [ 77.0281784268346, 16.170729411184528 ], [ 77.028162202187431, 16.170748518588955 ], [ 77.028145566181038, 16.170767353428378 ], [ 77.028128282780131, 16.170786057098358 ], [ 77.028110118827698, 16.170804778195272 ], [ 77.028090879376052, 16.170823653205197 ], [ 77.028070512966835, 16.170842770262215 ], [ 77.028049000824936, 16.170862213574683 ], [ 77.028026337226365, 16.170882063612364 ], [ 77.028009533824246, 16.170896407612226 ], [ 77.028002512707644, 16.170902400880653 ], [ 77.027977509373059, 16.170923304158201 ], [ 77.027951314028783, 16.170944854889452 ], [ 77.02792390786253, 16.170967133668839 ], [ 77.027895338652996, 16.170990149979641 ], [ 77.027865925189985, 16.171013626105612 ], [ 77.027836060352044, 16.171037214955177 ], [ 77.027806142599658, 16.171060566673113 ], [ 77.027776591784942, 16.171083320357933 ], [ 77.027747792300175, 16.171105121771131 ], [ 77.027720077314029, 16.171125636136928 ], [ 77.027693803274815, 16.171144519422366 ], [ 77.027669202686809, 16.17116155888629 ], [ 77.027645915234956, 16.171177085949537 ], [ 77.027623434250316, 16.171191566248662 ], [ 77.027601252128704, 16.171205465428887 ], [ 77.027578862200386, 16.171219249126349 ], [ 77.027574208990984, 16.171222096263413 ], [ 77.027555759683437, 16.171233384766104 ], [ 77.02753143507519, 16.171248335300316 ], [ 77.027505382658035, 16.171264568162545 ], [ 77.027477237251802, 16.171282488005993 ], [ 77.027447204443931, 16.171302268158868 ], [ 77.027415632275492, 16.171324023668785 ], [ 77.027371720756648, 16.171356522437257 ], [ 77.02729840539935, 16.171483016179785 ], [ 77.027267363451017, 16.17171438736392 ], [ 77.027256836755583, 16.1717928386031 ], [ 77.027175658647295, 16.172397883359505 ], [ 77.027123712582394, 16.172785052361426 ], [ 77.027102936437714, 16.172939908374005 ], [ 77.027091010746034, 16.173028786300904 ], [ 77.027035744396471, 16.173440697091188 ], [ 77.026685741251029, 16.173467067315457 ], [ 77.026661328393047, 16.173468906369148 ], [ 77.026550727119215, 16.173477309329314 ], [ 77.026387721446937, 16.173489796627521 ], [ 77.026392281398401, 16.173592212574128 ], [ 77.02639770204371, 16.173713930901048 ], [ 77.026373290580565, 16.173729845347371 ], [ 77.026246743449988, 16.173812348035504 ], [ 77.02609085562176, 16.173815873744516 ], [ 77.026090788460024, 16.173825241444145 ], [ 77.026089972549556, 16.173938509592222 ], [ 77.026087716829295, 16.173962475942805 ], [ 77.026080831156705, 16.174006982419691 ], [ 77.026074862406048, 16.174035507280738 ], [ 77.026062325251957, 16.174086289394282 ], [ 77.026055586924855, 16.174110037308566 ], [ 77.026029325563329, 16.174186056947431 ], [ 77.026024081550062, 16.174198641778275 ], [ 77.025995013093251, 16.174268397660519 ], [ 77.02595427295644, 16.174352050087347 ], [ 77.025946756070411, 16.174367390691035 ], [ 77.02586348865097, 16.17454741098096 ], [ 77.02582353918153, 16.174639019717304 ], [ 77.025811655840585, 16.174666269972729 ], [ 77.025854316116835, 16.174676291569067 ], [ 77.025902306354922, 16.174687565313931 ], [ 77.026375598748203, 16.174798747747683 ], [ 77.026515722326977, 16.174831664631331 ], [ 77.026875231195902, 16.174913186586306 ], [ 77.026921966449564, 16.174923785350742 ], [ 77.027182713932604, 16.174982911829488 ], [ 77.027224151001278, 16.174991522611631 ], [ 77.027693474557736, 16.175089045643663 ], [ 77.02821162822211, 16.175196715093513 ], [ 77.028270903595399, 16.174887971631726 ], [ 77.028292951123419, 16.174761669953121 ], [ 77.028313515401607, 16.174607856827706 ], [ 77.028334886067782, 16.174412234418735 ], [ 77.028340338661323, 16.174335379321658 ], [ 77.028371251767155, 16.173736427451342 ], [ 77.028400312903571, 16.172967409039849 ], [ 77.028402418723829, 16.172894530722136 ], [ 77.028481583286478, 16.172897215784531 ], [ 77.029073998723248, 16.172917309813517 ], [ 77.029074074987022, 16.172882477444851 ], [ 77.02907425594023, 16.172800305572714 ], [ 77.029074562789987, 16.172660601107996 ], [ 77.029075289158328, 16.172330875413337 ], [ 77.029515936127751, 16.172332184391074 ], [ 77.029919134865921, 16.172323589983257 ], [ 77.030253356901284, 16.172316465282069 ], [ 77.030342261534315, 16.172314569733725 ], [ 77.030909463788532, 16.172302475731573 ], [ 77.032030784703338, 16.171982782382823 ], [ 77.032016874091212, 16.171882906551772 ], [ 77.03200406431759, 16.171790930725464 ], [ 77.031965099350941, 16.171511161058305 ], [ 77.031887430130183, 16.170953482265716 ], [ 77.031884417348309, 16.170929671043627 ], [ 77.031926175576089, 16.170910970121898 ], [ 77.031975662246893, 16.170888808007955 ], [ 77.032061075456909, 16.170853396587944 ], [ 77.032111659869983, 16.170833625580116 ], [ 77.032207696973231, 16.170800417587529 ], [ 77.032260555276139, 16.170785503963781 ], [ 77.032364982271645, 16.170758848686706 ], [ 77.03254143177962, 16.170714961551038 ], [ 77.032668011158279, 16.170687002151958 ], [ 77.03285874727186, 16.170649309419066 ], [ 77.032908222247258, 16.170639823923217 ], [ 77.033106439257395, 16.17060172067967 ], [ 77.033259910555401, 16.170566373245514 ], [ 77.033317894963602, 16.170552459405407 ], [ 77.033403138199887, 16.17053200364327 ], [ 77.033525602915901, 16.170502615723219 ], [ 77.033704736197421, 16.170457643975439 ], [ 77.033821856920198, 16.170430476372708 ], [ 77.033864104653503, 16.170420354977303 ], [ 77.034116854116434, 16.170359800637474 ], [ 77.034348508834299, 16.170300499405524 ], [ 77.034531029946962, 16.170250963346831 ], [ 77.034661522035449, 16.170211013355132 ], [ 77.034667471014771, 16.170209634591487 ], [ 77.034690254460941, 16.17020449244011 ], [ 77.034714323174768, 16.17020069240645 ], [ 77.034750362601713, 16.170199962892511 ], [ 77.034780519660828, 16.170201273798675 ], [ 77.034793532440915, 16.170203391959788 ], [ 77.034809713447444, 16.170208310621774 ], [ 77.034853635164424, 16.170225910867526 ], [ 77.034875948873406, 16.17017626109714 ], [ 77.034880856863367, 16.170170643827969 ], [ 77.034883175935903, 16.170168948291941 ], [ 77.034888484106901, 16.170165068321232 ], [ 77.03489786304722, 16.170162467690812 ], [ 77.034907562440068, 16.170161213887297 ], [ 77.034912174655545, 16.170161317059382 ], [ 77.034923961042722, 16.170163277977942 ], [ 77.03504506144121, 16.170197926349303 ], [ 77.035055600610136, 16.170172860697075 ], [ 77.035187975361524, 16.170134176326403 ], [ 77.035245083408284, 16.170115423770341 ], [ 77.035307173454825, 16.170093627405063 ], [ 77.035361426864668, 16.170074579558896 ], [ 77.035411992268124, 16.170056024167895 ], [ 77.035498780746991, 16.170029937316915 ], [ 77.035577290843463, 16.170009567721859 ], [ 77.035703578314298, 16.169976946218007 ], [ 77.035788384337792, 16.169954482448208 ], [ 77.03588400129712, 16.169929937364419 ], [ 77.035993128466629, 16.169904050426645 ], [ 77.036330696451429, 16.16982397062057 ], [ 77.036529732198773, 16.16977607205126 ], [ 77.03680463096687, 16.16971028263454 ], [ 77.036907660337249, 16.169689432126898 ], [ 77.037026305649604, 16.169667904422123 ], [ 77.037233823399276, 16.169629093166165 ], [ 77.037388217618201, 16.169605608399628 ], [ 77.037404806555045, 16.169603442811255 ], [ 77.037689082791346, 16.169567079389775 ], [ 77.037920053889351, 16.169541093650043 ], [ 77.038200786811956, 16.169510237143232 ], [ 77.038231675289211, 16.169506849380817 ], [ 77.038370615321625, 16.169496651225192 ], [ 77.038771889152912, 16.169464607704526 ], [ 77.039304846403709, 16.169452329643214 ], [ 77.039347435656438, 16.169450858039628 ], [ 77.03950313207956, 16.169436066710016 ], [ 77.039817443392991, 16.169398163957553 ], [ 77.039974105726543, 16.169381208993642 ], [ 77.040033072386009, 16.169374826736771 ], [ 77.0401816898612, 16.169354992363235 ], [ 77.040210231896083, 16.169351183176737 ], [ 77.040303262870935, 16.169338768410778 ], [ 77.040483644935719, 16.169311290735585 ], [ 77.040593785370874, 16.169293331215414 ], [ 77.040653107892112, 16.169281184412437 ], [ 77.040730459256366, 16.169265343612416 ], [ 77.040943910949693, 16.16921428862446 ], [ 77.041175140540773, 16.16915769589291 ], [ 77.041285145468123, 16.169128563262671 ], [ 77.041671287458698, 16.169016709002069 ], [ 77.041748155845099, 16.16899282737484 ], [ 77.042071791281458, 16.168881542313791 ], [ 77.04216551034294, 16.168697641189908 ], [ 77.042197319235214, 16.168635720941108 ], [ 77.04227290688921, 16.168463285301542 ], [ 77.042299346063118, 16.168402971563516 ], [ 77.042315596338057, 16.168369321442746 ], [ 77.042335801176662, 16.168331920730779 ], [ 77.042349920561023, 16.168308900407322 ], [ 77.042371663435489, 16.168276693832606 ], [ 77.042424069146506, 16.16819906575558 ], [ 77.042465319340096, 16.168147928958589 ], [ 77.042515591269222, 16.168096393849929 ], [ 77.042608196817753, 16.168013548701758 ], [ 77.042738526701555, 16.167914043407634 ], [ 77.042872662644925, 16.167823825124376 ], [ 77.04294320504259, 16.167783426631555 ], [ 77.04296677541997, 16.167771855546111 ], [ 77.043001035953225, 16.167757115229673 ], [ 77.043083605626961, 16.167725484827308 ], [ 77.043182748436976, 16.167696820627487 ], [ 77.043318065037553, 16.167663011297833 ], [ 77.043445807963977, 16.167624043120249 ], [ 77.0435495819452, 16.1675943440159 ], [ 77.043670200859808, 16.167557856563281 ], [ 77.043728332792853, 16.167542199319278 ], [ 77.043788844639323, 16.167526593295971 ], [ 77.043875353395677, 16.167507920366344 ], [ 77.043889075434137, 16.167505017436113 ], [ 77.043998314175369, 16.167483797752308 ], [ 77.044029840326004, 16.167472099553088 ], [ 77.044037186385395, 16.167464856717132 ], [ 77.044045238776008, 16.16745402185926 ], [ 77.044050226254853, 16.167433892830985 ], [ 77.04405292889156, 16.167408048281938 ], [ 77.044051146283806, 16.167381347790137 ], [ 77.044035436326354, 16.167271393555176 ], [ 77.044029610602607, 16.167233280454692 ], [ 77.044027519859128, 16.167208071951496 ], [ 77.044024015082655, 16.167166365778449 ], [ 77.044023272217487, 16.167140401621822 ], [ 77.04402426383831, 16.167118184042234 ], [ 77.044027486663765, 16.167100375983676 ], [ 77.044035535698796, 16.167077032582018 ], [ 77.044042574366358, 16.167065082556743 ], [ 77.044058487779409, 16.167045262415883 ], [ 77.044079518455334, 16.167027936586017 ], [ 77.044099407726179, 16.167014625292758 ], [ 77.044302270058324, 16.166890610716774 ], [ 77.044302974305452, 16.166890180193192 ], [ 77.044376800090134, 16.166844565250116 ], [ 77.044681405123228, 16.166661625565673 ], [ 77.044861414324643, 16.166542246562432 ], [ 77.04489862444774, 16.166516172576557 ], [ 77.04497369443628, 16.166463570190867 ], [ 77.045047273097708, 16.166413868010256 ], [ 77.045135866819024, 16.166358370809231 ], [ 77.045346301529904, 16.166231079567648 ], [ 77.045538096765597, 16.166119269586556 ], [ 77.045734708330457, 16.166014711934874 ], [ 77.045815701309024, 16.165969444201036 ], [ 77.045961723421414, 16.165882729560277 ], [ 77.046021678542246, 16.165845350370638 ], [ 77.046172450626699, 16.165751352612915 ], [ 77.046457631425568, 16.165580072361827 ], [ 77.046745112058076, 16.165392036163794 ], [ 77.046902518687858, 16.165286520930572 ], [ 77.047172177718195, 16.165097460239906 ], [ 77.047307095449838, 16.165001302119617 ], [ 77.047330721416714, 16.164982842416247 ], [ 77.047423797027164, 16.164910125958009 ], [ 77.047521362465631, 16.164824833324992 ], [ 77.047534249240954, 16.164813566954436 ], [ 77.047590268534591, 16.164761924071264 ], [ 77.047629344429382, 16.164725903671869 ], [ 77.047659249902097, 16.164703606749921 ], [ 77.047684505448046, 16.164686880583922 ], [ 77.047733181357756, 16.164659970333936 ], [ 77.047754484252323, 16.164649524717358 ], [ 77.047796239749687, 16.164634762212842 ], [ 77.047864024089378, 16.164614271146963 ], [ 77.047897007845435, 16.164606825821114 ], [ 77.04801165383472, 16.164581708616609 ], [ 77.048068378138041, 16.164568936193408 ], [ 77.048253581137899, 16.164523313688548 ], [ 77.048409873954768, 16.164482071294167 ], [ 77.048488300172735, 16.164460481031991 ], [ 77.048640373737385, 16.164418615886923 ], [ 77.04887315221292, 16.164351306416794 ], [ 77.04894650980215, 16.1643276866509 ], [ 77.048982138557534, 16.164315093562276 ], [ 77.049030974394171, 16.164297833070471 ], [ 77.049071662143163, 16.164280269711487 ], [ 77.049096576600263, 16.164268112244063 ], [ 77.049113338701034, 16.164258049039727 ], [ 77.049129692979548, 16.164243521776658 ], [ 77.04913804742354, 16.164228924246636 ], [ 77.049139564379857, 16.16422253520015 ], [ 77.049140952875575, 16.164211483339592 ], [ 77.049141463695491, 16.164189203559413 ], [ 77.049133561150839, 16.164101784860279 ], [ 77.049127583251263, 16.164020047134851 ], [ 77.049125589357644, 16.1639886874406 ], [ 77.049127106946699, 16.163973651552361 ], [ 77.049129810947861, 16.163966236408637 ], [ 77.049137701631068, 16.163951816822692 ], [ 77.049147941892656, 16.163941312226783 ], [ 77.049163379012001, 16.163932591780572 ], [ 77.04916991672296, 16.163929858897916 ], [ 77.049223520060281, 16.163915912727557 ], [ 77.049324438537965, 16.163889656652234 ], [ 77.04939011463992, 16.16387238305008 ], [ 77.049506383825388, 16.163839642609972 ], [ 77.049738457005105, 16.163768046385321 ], [ 77.049858018191628, 16.163733342307768 ], [ 77.050098537822819, 16.16366998142103 ], [ 77.050281082825492, 16.163608631554201 ], [ 77.050397778632401, 16.163566435571951 ], [ 77.050614825326846, 16.163496842665658 ], [ 77.050633052417069, 16.16349105342022 ], [ 77.050731972580479, 16.163459636002351 ], [ 77.050864526839433, 16.163413797557457 ], [ 77.05091202135884, 16.163395970429285 ], [ 77.051008031772128, 16.163354200215103 ], [ 77.051021469792929, 16.163348095666667 ], [ 77.051105303570154, 16.163312090728347 ], [ 77.051186955988484, 16.163281958069316 ], [ 77.051307035880399, 16.163242133325042 ], [ 77.051465750863343, 16.163199695434017 ], [ 77.051781102727546, 16.163114952288513 ], [ 77.0518631420329, 16.163092524614736 ], [ 77.052152033840315, 16.163006153025865 ], [ 77.052609188872907, 16.1628654808849 ], [ 77.052854795455914, 16.162791394582388 ], [ 77.052943260042724, 16.162770324009337 ], [ 77.052988676279909, 16.162759507135402 ], [ 77.052996000059181, 16.162757762257982 ], [ 77.052997168624529, 16.16275748444604 ], [ 77.053070903542704, 16.162739922439862 ], [ 77.053056177932106, 16.162703890576047 ], [ 77.053042778681757, 16.162670005364937 ], [ 77.052973372005937, 16.162494481091326 ], [ 77.052921070125819, 16.162362212059787 ], [ 77.052903295409379, 16.162317261885345 ], [ 77.051813881186277, 16.159562149176768 ], [ 77.051801159156554, 16.159529974023641 ], [ 77.051799983226715, 16.159526999173472 ], [ 77.051702686261891, 16.159280931145208 ], [ 77.051680835337407, 16.159225670086382 ], [ 77.051312241735104, 16.159225647069604 ] ] ] } },
{ "type": "Feature", "properties": { "KGISWardID": 1075, "KGISWardCode": "0611004", "KGISWardName": " ", "SHAPE.STArea()": 10318168.50454542, "SHAPE.STLength()": 20534.988840342696, "OBJECTID": 16024, "KGISWardNo": "4", "KGISTownCode": "0611", "LGD_WardCode": 1296236, "created_user": "SA", "created_date": 1634898537000, "last_edited_user": "SURESHBV1", "last_edited_date": 1692253972000, "_overlap_percent": 99.654096743070326, "_police_station": "Sirwar PS", "_police_feature_index": "61", "_admin_layer": "Ward", "_geometry_clipped": true }, "geometry": { "type": "Polygon", "coordinates": [ [ [ 77.066182839552482, 16.193597399336817 ], [ 77.066191934145735, 16.193534036142584 ], [ 77.066207718576138, 16.193462913486645 ], [ 77.066528523998997, 16.192017400460326 ], [ 77.066552775759888, 16.191913308055028 ], [ 77.06677302892011, 16.190950555685934 ], [ 77.066780322990667, 16.190918671641345 ], [ 77.066797353694014, 16.190859419111206 ], [ 77.067074971889895, 16.189893548224482 ], [ 77.067096035834439, 16.189840281167729 ], [ 77.067070032476252, 16.189843480434 ], [ 77.067024222646268, 16.18984911756159 ], [ 77.066962451793898, 16.189849352302129 ], [ 77.066827686474028, 16.189849862192901 ], [ 77.066166857965129, 16.189852367143789 ], [ 77.064947801214046, 16.189723082407131 ], [ 77.064037499293235, 16.189710472002698 ], [ 77.062169988797166, 16.18969037025569 ], [ 77.060929377598171, 16.189712251586847 ], [ 77.059271505142704, 16.189741653321583 ], [ 77.058107706518996, 16.189762430724393 ], [ 77.05775630189936, 16.189724865888262 ], [ 77.05641168914218, 16.189581111254412 ], [ 77.055871192256632, 16.189523325403112 ], [ 77.054249242534695, 16.189364242326914 ], [ 77.054190867395064, 16.189361944965146 ], [ 77.052876062606984, 16.189310271798838 ], [ 77.052775904328087, 16.189304495982384 ], [ 77.050947080497139, 16.189199103075449 ], [ 77.050950333765059, 16.18913470129478 ], [ 77.050975348668544, 16.188639438674524 ], [ 77.051021006054938, 16.187735486938834 ], [ 77.051010266107326, 16.187523058822958 ], [ 77.050906800759876, 16.185426708218404 ], [ 77.050902247481716, 16.184374544347062 ], [ 77.050819665558024, 16.18349676223816 ], [ 77.050818465987689, 16.183437378235322 ], [ 77.050804450556427, 16.182554251685456 ], [ 77.050795880517896, 16.181557798356664 ], [ 77.050796023617892, 16.181545851360166 ], [ 77.050828870622865, 16.180560363200705 ], [ 77.050839099792896, 16.179699841265116 ], [ 77.050824633953482, 16.179552628874561 ], [ 77.050776253939418, 16.179225435211887 ], [ 77.05060189437053, 16.178046231071807 ], [ 77.050570249839822, 16.177448068721443 ], [ 77.050564957443768, 16.177348031674143 ], [ 77.050548619644658, 16.175246727170791 ], [ 77.051309852175734, 16.175188640444897 ], [ 77.051287234368999, 16.17320437390746 ], [ 77.051502531580795, 16.172201340685401 ], [ 77.051571082184367, 16.171889292143696 ], [ 77.051685342367037, 16.171369168067628 ], [ 77.051844180234852, 16.170646121358022 ], [ 77.051992945714829, 16.170380498067797 ], [ 77.052217324065651, 16.169979977983619 ], [ 77.053587489187649, 16.166317936801313 ], [ 77.054039483407507, 16.165109864936518 ], [ 77.054168575754204, 16.164874647450937 ], [ 77.0542112956051, 16.164796104865374 ], [ 77.05430733953807, 16.16455556189285 ], [ 77.054739614832613, 16.164473926095827 ], [ 77.05580663925241, 16.16427241164649 ], [ 77.056420486069058, 16.164108871082792 ], [ 77.057570965446175, 16.163890415686303 ], [ 77.058458244796626, 16.163721933210351 ], [ 77.058825697357477, 16.163690183124437 ], [ 77.05937245162518, 16.163642939811069 ], [ 77.060039319983815, 16.163585314942996 ], [ 77.060555346084229, 16.163529613515202 ], [ 77.060823562302659, 16.163500661099167 ], [ 77.061133634977651, 16.163468917763801 ], [ 77.061410668534975, 16.163440556897644 ], [ 77.063009870461158, 16.163318909883323 ], [ 77.064129558458404, 16.163206392586396 ], [ 77.065619386839373, 16.163066523589151 ], [ 77.065915553717048, 16.163017617551631 ], [ 77.066798155804122, 16.162869723717609 ], [ 77.067100676742371, 16.162828223857122 ], [ 77.06827263383191, 16.162709509894061 ], [ 77.070663597476113, 16.162418744635254 ], [ 77.070409436886251, 16.160733687566069 ], [ 77.070328644430148, 16.159985233619434 ], [ 77.070228937985888, 16.158961999754109 ], [ 77.070073566265407, 16.158153444262151 ], [ 77.069815182851571, 16.156702159919679 ], [ 77.066877816378209, 16.157206421558563 ], [ 77.066870779071138, 16.157207629211737 ], [ 77.065975282213756, 16.157339541355395 ], [ 77.065900595426996, 16.157351970252648 ], [ 77.065041900868536, 16.157494867158107 ], [ 77.064401920129043, 16.157601366006983 ], [ 77.064301653315241, 16.157618051309644 ], [ 77.063029779246449, 16.157829695047894 ], [ 77.061825653667569, 16.158043560443016 ], [ 77.060310576454327, 16.15834728643679 ], [ 77.057861670300568, 16.158803784701615 ], [ 77.056863615788103, 16.158886480559019 ], [ 77.055314529070714, 16.158989815411601 ], [ 77.054253742795353, 16.158984221446413 ], [ 77.05376500321627, 16.15900980232848 ], [ 77.052993070984712, 16.159089757894687 ], [ 77.052778967904473, 16.159111933910165 ], [ 77.051680835337407, 16.159225670086382 ], [ 77.051702686261891, 16.159280931145208 ], [ 77.051799983226715, 16.159526999173472 ], [ 77.051801159156554, 16.159529974023641 ], [ 77.051813881186277, 16.159562149176768 ], [ 77.052903295409379, 16.162317261885345 ], [ 77.052921070125819, 16.162362212059787 ], [ 77.052973372005937, 16.162494481091326 ], [ 77.053042778681757, 16.162670005364937 ], [ 77.053056177932106, 16.162703890576047 ], [ 77.053070903542704, 16.162739922439862 ], [ 77.052997168624529, 16.16275748444604 ], [ 77.052996000059181, 16.162757762257982 ], [ 77.052988676279909, 16.162759507135402 ], [ 77.052943260042724, 16.162770324009337 ], [ 77.052854795455914, 16.162791394582388 ], [ 77.052609188872907, 16.1628654808849 ], [ 77.052152033840315, 16.163006153025865 ], [ 77.0518631420329, 16.163092524614736 ], [ 77.051781102727546, 16.163114952288513 ], [ 77.051465750863343, 16.163199695434017 ], [ 77.051307035880399, 16.163242133325042 ], [ 77.051186955988484, 16.163281958069316 ], [ 77.051105303570154, 16.163312090728347 ], [ 77.051021469792929, 16.163348095666667 ], [ 77.051008031772128, 16.163354200215103 ], [ 77.05091202135884, 16.163395970429285 ], [ 77.050864526839433, 16.163413797557457 ], [ 77.050731972580479, 16.163459636002351 ], [ 77.050633052417069, 16.16349105342022 ], [ 77.050614825326846, 16.163496842665658 ], [ 77.050397778632401, 16.163566435571951 ], [ 77.050281082825492, 16.163608631554201 ], [ 77.050098537822819, 16.16366998142103 ], [ 77.049858018191628, 16.163733342307768 ], [ 77.049738457005105, 16.163768046385321 ], [ 77.049506383825388, 16.163839642609972 ], [ 77.04939011463992, 16.16387238305008 ], [ 77.049324438537965, 16.163889656652234 ], [ 77.049223520060281, 16.163915912727557 ], [ 77.04916991672296, 16.163929858897916 ], [ 77.049163379012001, 16.163932591780572 ], [ 77.049147941892656, 16.163941312226783 ], [ 77.049137701631068, 16.163951816822692 ], [ 77.049129810947861, 16.163966236408637 ], [ 77.049127106946699, 16.163973651552361 ], [ 77.049125589357644, 16.1639886874406 ], [ 77.049127583251263, 16.164020047134851 ], [ 77.049133561150839, 16.164101784860279 ], [ 77.049141463695491, 16.164189203559413 ], [ 77.049140952875575, 16.164211483339592 ], [ 77.049139564379857, 16.16422253520015 ], [ 77.04913804742354, 16.164228924246636 ], [ 77.049129692979548, 16.164243521776658 ], [ 77.049113338701034, 16.164258049039727 ], [ 77.049096576600263, 16.164268112244063 ], [ 77.049071662143163, 16.164280269711487 ], [ 77.049030974394171, 16.164297833070471 ], [ 77.048982138557534, 16.164315093562276 ], [ 77.04894650980215, 16.1643276866509 ], [ 77.04887315221292, 16.164351306416794 ], [ 77.048640373737385, 16.164418615886923 ], [ 77.048488300172735, 16.164460481031991 ], [ 77.048409873954768, 16.164482071294167 ], [ 77.048253581137899, 16.164523313688548 ], [ 77.048068378138041, 16.164568936193408 ], [ 77.04801165383472, 16.164581708616609 ], [ 77.047897007845435, 16.164606825821114 ], [ 77.047864024089378, 16.164614271146963 ], [ 77.047796239749687, 16.164634762212842 ], [ 77.047754484252323, 16.164649524717358 ], [ 77.047733181357756, 16.164659970333936 ], [ 77.047684505448046, 16.164686880583922 ], [ 77.047659249902097, 16.164703606749921 ], [ 77.047629344429382, 16.164725903671869 ], [ 77.047590268534591, 16.164761924071264 ], [ 77.047534249240954, 16.164813566954436 ], [ 77.047521362465631, 16.164824833324992 ], [ 77.047423797027164, 16.164910125958009 ], [ 77.047330721416714, 16.164982842416247 ], [ 77.047307095449838, 16.165001302119617 ], [ 77.047172177718195, 16.165097460239906 ], [ 77.046902518687858, 16.165286520930572 ], [ 77.046745112058076, 16.165392036163794 ], [ 77.046457631425568, 16.165580072361827 ], [ 77.046172450626699, 16.165751352612915 ], [ 77.046021678542246, 16.165845350370638 ], [ 77.045961723421414, 16.165882729560277 ], [ 77.045815701309024, 16.165969444201036 ], [ 77.045734708330457, 16.166014711934874 ], [ 77.045538096765597, 16.166119269586556 ], [ 77.045346301529904, 16.166231079567648 ], [ 77.045135866819024, 16.166358370809231 ], [ 77.045047273097708, 16.166413868010256 ], [ 77.04497369443628, 16.166463570190867 ], [ 77.04489862444774, 16.166516172576557 ], [ 77.044861414324643, 16.166542246562432 ], [ 77.044681405123228, 16.166661625565673 ], [ 77.044376800090134, 16.166844565250116 ], [ 77.044302974305452, 16.166890180193192 ], [ 77.044302270058324, 16.166890610716774 ], [ 77.044099407726179, 16.167014625292758 ], [ 77.044079518455334, 16.167027936586017 ], [ 77.044058487779409, 16.167045262415883 ], [ 77.044042574366358, 16.167065082556743 ], [ 77.044035535698796, 16.167077032582018 ], [ 77.044027486663765, 16.167100375983676 ], [ 77.04402426383831, 16.167118184042234 ], [ 77.044023272217487, 16.167140401621822 ], [ 77.044024015082655, 16.167166365778449 ], [ 77.044027519859128, 16.167208071951496 ], [ 77.044029610602607, 16.167233280454692 ], [ 77.044035436326354, 16.167271393555176 ], [ 77.044051146283806, 16.167381347790137 ], [ 77.04405292889156, 16.167408048281938 ], [ 77.044050226254853, 16.167433892830985 ], [ 77.044045238776008, 16.16745402185926 ], [ 77.044037186385395, 16.167464856717132 ], [ 77.044029840326004, 16.167472099553088 ], [ 77.043998314175369, 16.167483797752308 ], [ 77.043889075434137, 16.167505017436113 ], [ 77.043875353395677, 16.167507920366344 ], [ 77.043788844639323, 16.167526593295971 ], [ 77.043728332792853, 16.167542199319278 ], [ 77.043670200859808, 16.167557856563281 ], [ 77.0435495819452, 16.1675943440159 ], [ 77.043445807963977, 16.167624043120249 ], [ 77.043318065037553, 16.167663011297833 ], [ 77.043182748436976, 16.167696820627487 ], [ 77.043083605626961, 16.167725484827308 ], [ 77.043001035953225, 16.167757115229673 ], [ 77.04296677541997, 16.167771855546111 ], [ 77.04294320504259, 16.167783426631555 ], [ 77.042872662644925, 16.167823825124376 ], [ 77.042738526701555, 16.167914043407634 ], [ 77.042608196817753, 16.168013548701758 ], [ 77.042515591269222, 16.168096393849929 ], [ 77.042465319340096, 16.168147928958589 ], [ 77.042424069146506, 16.16819906575558 ], [ 77.042371663435489, 16.168276693832606 ], [ 77.042349920561023, 16.168308900407322 ], [ 77.042335801176662, 16.168331920730779 ], [ 77.042315596338057, 16.168369321442746 ], [ 77.042299346063118, 16.168402971563516 ], [ 77.04227290688921, 16.168463285301542 ], [ 77.042197319235214, 16.168635720941108 ], [ 77.04216551034294, 16.168697641189908 ], [ 77.042071791281458, 16.168881542313791 ], [ 77.041748155845099, 16.16899282737484 ], [ 77.041671287458698, 16.169016709002069 ], [ 77.041285145468123, 16.169128563262671 ], [ 77.041175140540773, 16.16915769589291 ], [ 77.040943910949693, 16.16921428862446 ], [ 77.040730459256366, 16.169265343612416 ], [ 77.040653107892112, 16.169281184412437 ], [ 77.040593785370874, 16.169293331215414 ], [ 77.040483644935719, 16.169311290735585 ], [ 77.040303262870935, 16.169338768410778 ], [ 77.040210231896083, 16.169351183176737 ], [ 77.0401816898612, 16.169354992363235 ], [ 77.040033072386009, 16.169374826736771 ], [ 77.039974105726543, 16.169381208993642 ], [ 77.039817443392991, 16.169398163957553 ], [ 77.03950313207956, 16.169436066710016 ], [ 77.039347435656438, 16.169450858039628 ], [ 77.039304846403709, 16.169452329643214 ], [ 77.038771889152912, 16.169464607704526 ], [ 77.038370615321625, 16.169496651225192 ], [ 77.038231675289211, 16.169506849380817 ], [ 77.038200786811956, 16.169510237143232 ], [ 77.037920053889351, 16.169541093650043 ], [ 77.037689082791346, 16.169567079389775 ], [ 77.037404806555045, 16.169603442811255 ], [ 77.037388217618201, 16.169605608399628 ], [ 77.037233823399276, 16.169629093166165 ], [ 77.037026305649604, 16.169667904422123 ], [ 77.036907660337249, 16.169689432126898 ], [ 77.03680463096687, 16.16971028263454 ], [ 77.036529732198773, 16.16977607205126 ], [ 77.036330696451429, 16.16982397062057 ], [ 77.035993128466629, 16.169904050426645 ], [ 77.03588400129712, 16.169929937364419 ], [ 77.035788384337792, 16.169954482448208 ], [ 77.035703578314298, 16.169976946218007 ], [ 77.035577290843463, 16.170009567721859 ], [ 77.035498780746991, 16.170029937316915 ], [ 77.035411992268124, 16.170056024167895 ], [ 77.035361426864668, 16.170074579558896 ], [ 77.035307173454825, 16.170093627405063 ], [ 77.035245083408284, 16.170115423770341 ], [ 77.035187975361524, 16.170134176326403 ], [ 77.035055600610136, 16.170172860697075 ], [ 77.03504506144121, 16.170197926349303 ], [ 77.034923961042722, 16.170163277977942 ], [ 77.034912174655545, 16.170161317059382 ], [ 77.034907562440068, 16.170161213887297 ], [ 77.03489786304722, 16.170162467690812 ], [ 77.034888484106901, 16.170165068321232 ], [ 77.034883175935903, 16.170168948291941 ], [ 77.034880856863367, 16.170170643827969 ], [ 77.034875948873406, 16.17017626109714 ], [ 77.034853635164424, 16.170225910867526 ], [ 77.034809713447444, 16.170208310621774 ], [ 77.034793532440915, 16.170203391959788 ], [ 77.034780519660828, 16.170201273798675 ], [ 77.034750362601713, 16.170199962892511 ], [ 77.034714323174768, 16.17020069240645 ], [ 77.034690254460941, 16.17020449244011 ], [ 77.034667471014771, 16.170209634591487 ], [ 77.034661522035449, 16.170211013355132 ], [ 77.034531029946962, 16.170250963346831 ], [ 77.034348508834299, 16.170300499405524 ], [ 77.034116854116434, 16.170359800637474 ], [ 77.033864104653503, 16.170420354977303 ], [ 77.033821856920198, 16.170430476372708 ], [ 77.033704736197421, 16.170457643975439 ], [ 77.033525602915901, 16.170502615723219 ], [ 77.033403138199887, 16.17053200364327 ], [ 77.033317894963602, 16.170552459405407 ], [ 77.033259910555401, 16.170566373245514 ], [ 77.033106439257395, 16.17060172067967 ], [ 77.032908222247258, 16.170639823923217 ], [ 77.03285874727186, 16.170649309419066 ], [ 77.032668011158279, 16.170687002151958 ], [ 77.03254143177962, 16.170714961551038 ], [ 77.032364982271645, 16.170758848686706 ], [ 77.032260555276139, 16.170785503963781 ], [ 77.032207696973231, 16.170800417587529 ], [ 77.032111659869983, 16.170833625580116 ], [ 77.032061075456909, 16.170853396587944 ], [ 77.031975662246893, 16.170888808007955 ], [ 77.031926175576089, 16.170910970121898 ], [ 77.031884417348309, 16.170929671043627 ], [ 77.031887430130183, 16.170953482265716 ], [ 77.031965099350941, 16.171511161058305 ], [ 77.03200406431759, 16.171790930725464 ], [ 77.032016874091212, 16.171882906551772 ], [ 77.032030784703338, 16.171982782382823 ], [ 77.030909463788532, 16.172302475731573 ], [ 77.030342261534315, 16.172314569733725 ], [ 77.030253356901284, 16.172316465282069 ], [ 77.029919134865921, 16.172323589983257 ], [ 77.029515936127751, 16.172332184391074 ], [ 77.029075289158328, 16.172330875413337 ], [ 77.029074562789987, 16.172660601107996 ], [ 77.02907425594023, 16.172800305572714 ], [ 77.029074074987022, 16.172882477444851 ], [ 77.029073998723248, 16.172917309813517 ], [ 77.028481583286478, 16.172897215784531 ], [ 77.028402418723829, 16.172894530722136 ], [ 77.028400312903571, 16.172967409039849 ], [ 77.028371251767155, 16.173736427451342 ], [ 77.028340338661323, 16.174335379321658 ], [ 77.028334886067782, 16.174412234418735 ], [ 77.028313515401607, 16.174607856827706 ], [ 77.028292951123419, 16.174761669953121 ], [ 77.028270903595399, 16.174887971631726 ], [ 77.02821162822211, 16.175196715093513 ], [ 77.027693474557736, 16.175089045643663 ], [ 77.027224151001278, 16.174991522611631 ], [ 77.027188647523815, 16.17509014767435 ], [ 77.027061163608664, 16.175324449106814 ], [ 77.02699821465103, 16.175519288562175 ], [ 77.026966093618384, 16.175704868394373 ], [ 77.026900265277092, 16.175920653250675 ], [ 77.026806548885105, 16.17613072595308 ], [ 77.026685537082244, 16.176437636844135 ], [ 77.026626975496072, 16.176715154931934 ], [ 77.026613687318076, 16.176784421728481 ], [ 77.026497856760741, 16.177296558787592 ], [ 77.026488931776484, 16.177373126224008 ], [ 77.026467770165866, 16.177554682043038 ], [ 77.026434599625574, 16.177839261573414 ], [ 77.026424279691824, 16.177873951222441 ], [ 77.026351738454238, 16.178228359554609 ], [ 77.02623170599044, 16.178624468053183 ], [ 77.026163610207291, 16.179065679188536 ], [ 77.026162021012567, 16.179273678742021 ], [ 77.026134463488034, 16.179327439284762 ], [ 77.026041955007969, 16.179507910125409 ], [ 77.025910684595644, 16.179735074944801 ], [ 77.025908875786783, 16.179921562283074 ], [ 77.025935117054317, 16.180141608455905 ], [ 77.025994100517607, 16.180556181440323 ], [ 77.026031701025346, 16.180968207684714 ], [ 77.026057814758275, 16.18111989638335 ], [ 77.02607114594403, 16.181197332421519 ], [ 77.026158608368874, 16.181404484438083 ], [ 77.026200845030772, 16.181561165175651 ], [ 77.025878277431389, 16.181667380682278 ], [ 77.025745175753414, 16.181711209206487 ], [ 77.025576939458347, 16.181766606090846 ], [ 77.025439682382327, 16.181811802228786 ], [ 77.02557015645499, 16.182270278955748 ], [ 77.025773577039303, 16.182978879391545 ], [ 77.025813843726041, 16.183119145267526 ], [ 77.025832619365417, 16.183184549328725 ], [ 77.025997235124919, 16.183757966442229 ], [ 77.026089631560211, 16.183721227081108 ], [ 77.026191522285998, 16.184101788958962 ], [ 77.026347854346284, 16.184685685213644 ], [ 77.02671376074295, 16.185943469425553 ], [ 77.026886903246833, 16.18652889335814 ], [ 77.027108508820774, 16.187249305270321 ], [ 77.027127565254375, 16.187311253989144 ], [ 77.027198475772991, 16.187541773149395 ], [ 77.026926876700514, 16.187783619585712 ], [ 77.026889998595934, 16.187814445940507 ], [ 77.026809040758337, 16.187883887178 ], [ 77.026782211152963, 16.187906901445871 ], [ 77.026484444450247, 16.188158584403801 ], [ 77.026662499123432, 16.188671770057088 ], [ 77.026789327725012, 16.188986056912302 ], [ 77.027116665000179, 16.189797207954442 ], [ 77.027185118421656, 16.18996683617673 ], [ 77.027417023562677, 16.189898834673766 ], [ 77.027450700224705, 16.189888960298184 ], [ 77.028209197781607, 16.191934304411667 ], [ 77.028047614114911, 16.19198481924743 ], [ 77.027495376295249, 16.192152599314294 ], [ 77.027066805563067, 16.19228280656429 ], [ 77.027191837774339, 16.192486422162343 ], [ 77.02729491834036, 16.192654289614858 ], [ 77.027670026942374, 16.193238809766303 ], [ 77.02772175523036, 16.193319415600605 ], [ 77.027808654276754, 16.193456691308025 ], [ 77.0281638721343, 16.194017833806349 ], [ 77.028190636439888, 16.194059367260785 ], [ 77.028464105541431, 16.194483750941931 ], [ 77.028795625169167, 16.195070309841565 ], [ 77.028917787281472, 16.195055080709395 ], [ 77.030053242005692, 16.194870880532083 ], [ 77.03149286799993, 16.194637325766013 ], [ 77.0315378204143, 16.194630032735724 ], [ 77.034902044064438, 16.194275377969138 ], [ 77.035008737539314, 16.194264129094456 ], [ 77.037963085591628, 16.193817314412073 ], [ 77.038225725965958, 16.193777590640337 ], [ 77.038367315304214, 16.193761682963377 ], [ 77.038543925993366, 16.193741839566847 ], [ 77.039856677797076, 16.193536136463056 ], [ 77.040661614189119, 16.193394635678558 ], [ 77.041265618573192, 16.193288453980252 ], [ 77.041389006630865, 16.193266762146276 ], [ 77.04160517802265, 16.193388392497873 ], [ 77.041785832687523, 16.193490040569358 ], [ 77.042812732470821, 16.193416077215637 ], [ 77.042937584464056, 16.193407084983104 ], [ 77.043041487008821, 16.194106885202824 ], [ 77.043132882671614, 16.194722440151512 ], [ 77.04320220005205, 16.194779074521971 ], [ 77.043282340297438, 16.194840100430781 ], [ 77.043296707806789, 16.194892796559255 ], [ 77.043328481649581, 16.195009342656828 ], [ 77.043329959706895, 16.195014764117779 ], [ 77.043378128145747, 16.195210587835465 ], [ 77.043382389006865, 16.195227909212672 ], [ 77.043513366168995, 16.195720728189595 ], [ 77.043574396190252, 16.195847325095222 ], [ 77.043911830301639, 16.196547267230578 ], [ 77.044017791702032, 16.196793730890807 ], [ 77.044109746058496, 16.197007614000473 ], [ 77.044131806580353, 16.197058924984905 ], [ 77.044220143666962, 16.19726439204835 ], [ 77.044223319565319, 16.197271781327039 ], [ 77.044321812010622, 16.197500867521704 ], [ 77.044514137786308, 16.19794820324627 ], [ 77.044514552642255, 16.197949170554736 ], [ 77.044651810118452, 16.198268418617634 ], [ 77.044871053089963, 16.199021109202963 ], [ 77.045924562231619, 16.198778918295822 ], [ 77.046570185324754, 16.198667571263211 ], [ 77.046935792623145, 16.198604516227014 ], [ 77.047072465393541, 16.198574732689316 ], [ 77.048581703904645, 16.198382027181317 ], [ 77.049067265163146, 16.198320026529398 ], [ 77.04989367368897, 16.198248233824746 ], [ 77.049900870081331, 16.198247607817152 ], [ 77.051272308582242, 16.198128460481762 ], [ 77.051414379980244, 16.198116117216301 ], [ 77.052420378649742, 16.197996563037755 ], [ 77.052420514703471, 16.197997873651246 ], [ 77.053257415554384, 16.197901435881054 ], [ 77.05334113527212, 16.197891788478323 ], [ 77.053616672293572, 16.197876192333464 ], [ 77.053630494794376, 16.1978754099976 ], [ 77.053629979930705, 16.197875083378161 ], [ 77.053911196051743, 16.197858453440332 ], [ 77.054997827426462, 16.197822162378152 ], [ 77.055687041246046, 16.197799141366545 ], [ 77.057032341225963, 16.197681604503831 ], [ 77.057477794746347, 16.197642684450891 ], [ 77.059065292266325, 16.197405834056923 ], [ 77.060524737134372, 16.19705895090582 ], [ 77.060741092297093, 16.197007526405869 ], [ 77.061160090496358, 16.196920428167125 ], [ 77.061824731430093, 16.196681745351235 ], [ 77.062094765882151, 16.196591223480869 ], [ 77.062707306118128, 16.196262995563199 ], [ 77.062730150378385, 16.196250754188746 ], [ 77.064045147650759, 16.195870999634934 ], [ 77.064090261235322, 16.195857970785244 ], [ 77.06421753370563, 16.195832667241948 ], [ 77.064280185874196, 16.195820159176304 ], [ 77.064502280336427, 16.195775820408127 ], [ 77.065347417766532, 16.195560744060046 ], [ 77.065728550598394, 16.195423563955941 ], [ 77.065876060298237, 16.19537047088496 ], [ 77.065933450885097, 16.195349814921467 ], [ 77.066067465374132, 16.194488450536468 ], [ 77.066182839552482, 16.193597399336817 ] ] ] } }
]
}
