{
"type": "FeatureCollection",
"name": "police_station_boundary.writing_20260805_172659",
"crs": { "type": "name", "properties": { "name": "urn:ogc:def:crs:OGC:1.3:CRS84" } },
"features": [
{ "type": "Feature", "properties": { "Shape.STArea()": 329361895.08635336, "Shape.STLength()": 120536.99681169329, "OBJECTID": 625, "KGISPS_BOUNDID": 725, "PS_BOUNDName": "Shiralakoppa PS", "PS_BOUNDCode": "PSB - 725", "KGISPS_SUB_DIVID": 153, "_source_layer": "Police Station Boundary", "_source_layer_url": "https://kgis.ksrsac.in/kgismaps/rest/services/Home/Home_Department/MapServer/82", "_police_station": "Shiralakoppa PS" }, "geometry": { "type": "Polygon", "coordinates": [ [ [ 75.263747115764176, 14.516345530421441 ], [ 75.261981636938842, 14.517201361677209 ], [ 75.26112213104274, 14.517335784459435 ], [ 75.259709658926852, 14.517556672452761 ], [ 75.257598858924254, 14.516849199969023 ], [ 75.257550131090369, 14.516832910904473 ], [ 75.25552894487565, 14.516155443012025 ], [ 75.255468559508969, 14.516135201494825 ], [ 75.255425799781861, 14.516122220109345 ], [ 75.255324097519093, 14.516086217129327 ], [ 75.255318113171384, 14.516089521990356 ], [ 75.254425905169015, 14.516582043735097 ], [ 75.254418262692056, 14.516656393271129 ], [ 75.254414890280827, 14.516689177890578 ], [ 75.253970429686305, 14.516544479589191 ], [ 75.253939330118811, 14.516535053098769 ], [ 75.252463380385691, 14.516161103216762 ], [ 75.252459486647865, 14.516159990777387 ], [ 75.2509252000076, 14.515721651286649 ], [ 75.249597911604823, 14.515342475387577 ], [ 75.249547147622152, 14.51532797341754 ], [ 75.246529439266226, 14.514545202631314 ], [ 75.244923608907939, 14.513969840724661 ], [ 75.244900572523761, 14.513868482932436 ], [ 75.244890710183952, 14.513825087524426 ], [ 75.24488083928091, 14.513828767784128 ], [ 75.244848632889827, 14.512744279989869 ], [ 75.24474307007344, 14.50918977999992 ], [ 75.246800064658615, 14.505420111801911 ], [ 75.247311853978189, 14.504482180685065 ], [ 75.247665453296875, 14.503834146113826 ], [ 75.24768896686092, 14.503791047408761 ], [ 75.247589588005511, 14.503338259570885 ], [ 75.247583629241561, 14.503001789381912 ], [ 75.247577335992148, 14.502993315050036 ], [ 75.247457201107423, 14.502831547430478 ], [ 75.247371691720431, 14.502716403963184 ], [ 75.247288469031631, 14.502627097879541 ], [ 75.247082146400913, 14.502405690555074 ], [ 75.246917377333034, 14.502398578177825 ], [ 75.246883893722483, 14.502478539717929 ], [ 75.246829780931549, 14.502476783769744 ], [ 75.246776609204232, 14.502475046711595 ], [ 75.246772113306633, 14.502514899325041 ], [ 75.24664997632766, 14.502503073810745 ], [ 75.246716703924761, 14.501390293492538 ], [ 75.246721368157893, 14.501363352024654 ], [ 75.246833495452009, 14.501360000950912 ], [ 75.24688526935202, 14.501358452868432 ], [ 75.246888697951249, 14.501426690317274 ], [ 75.246917069816035, 14.501436449769905 ], [ 75.247085814488287, 14.501454962075098 ], [ 75.247058989193349, 14.501567033105946 ], [ 75.247165081964155, 14.501580001877747 ], [ 75.247913671036898, 14.501608069848668 ], [ 75.248020438135427, 14.501676542649999 ], [ 75.248071435597595, 14.501506784448955 ], [ 75.248183071070855, 14.50159346079808 ], [ 75.248385834206488, 14.501609305125154 ], [ 75.248508085999958, 14.501541346143744 ], [ 75.248583849181742, 14.500883342711404 ], [ 75.248571814316193, 14.500207483790104 ], [ 75.248565878091199, 14.499874100316726 ], [ 75.248564603318641, 14.499801998063667 ], [ 75.248564099088071, 14.499774254618931 ], [ 75.248849343649752, 14.499731867814685 ], [ 75.249288385617518, 14.499708047044313 ], [ 75.249447527628405, 14.499679242615159 ], [ 75.249723416355749, 14.499658412495783 ], [ 75.250062252189338, 14.499557541691056 ], [ 75.250145230042492, 14.499452679027405 ], [ 75.250314926949571, 14.499065697396716 ], [ 75.25054188425085, 14.498601428938265 ], [ 75.250601497460224, 14.498497463541828 ], [ 75.250706117488065, 14.498559483586879 ], [ 75.250712731617881, 14.498527331126782 ], [ 75.250726838514197, 14.498458717876536 ], [ 75.250831140174071, 14.497951454566509 ], [ 75.25089347920958, 14.497648342553603 ], [ 75.251190549743029, 14.497098112024824 ], [ 75.251202347254065, 14.497076255942261 ], [ 75.251224520146152, 14.497050322781339 ], [ 75.251760509792362, 14.49629619048986 ], [ 75.251771722939395, 14.496141515613266 ], [ 75.251668888303243, 14.496144413303064 ], [ 75.251073415400228, 14.495918826443143 ], [ 75.251073283572438, 14.495918783184612 ], [ 75.251054844253716, 14.495910961156968 ], [ 75.250907850916619, 14.495717720426521 ], [ 75.250729413293072, 14.495513362217203 ], [ 75.250708649953708, 14.495489585216722 ], [ 75.250478322585167, 14.495313394148285 ], [ 75.250209916864222, 14.495132011961507 ], [ 75.250136028615472, 14.49494967652454 ], [ 75.250071535688619, 14.494885655074315 ], [ 75.249925587030603, 14.494840701185268 ], [ 75.249882277579914, 14.494743135610623 ], [ 75.249798767822995, 14.494678246426499 ], [ 75.249636300626435, 14.494552010128411 ], [ 75.249552697053431, 14.494475304554671 ], [ 75.249642850594284, 14.494251072434144 ], [ 75.249568367498981, 14.494170904204825 ], [ 75.249555397344992, 14.494174023752448 ], [ 75.249355728333597, 14.494222020316499 ], [ 75.249178316350978, 14.49426467848752 ], [ 75.249075353815428, 14.494289434012472 ], [ 75.248935562706365, 14.494216671113257 ], [ 75.2487431708294, 14.494125543473537 ], [ 75.248541485425079, 14.494088054545157 ], [ 75.248493712787393, 14.494008640710419 ], [ 75.248447839617612, 14.493932370411329 ], [ 75.248371789078178, 14.493842530800935 ], [ 75.248139490238614, 14.493668668549097 ], [ 75.247893069262233, 14.493657620383797 ], [ 75.247704369708686, 14.49359973104521 ], [ 75.24770299512717, 14.493599555279896 ], [ 75.247442138480721, 14.493566280549494 ], [ 75.247365873526931, 14.493629894009944 ], [ 75.247363928233483, 14.493629732405788 ], [ 75.247259740224536, 14.493626343889311 ], [ 75.247212550389492, 14.493663661905696 ], [ 75.247170640784432, 14.493667349739223 ], [ 75.24687895121474, 14.493693038733312 ], [ 75.246669750506641, 14.493627010100674 ], [ 75.246614480847924, 14.493574118085238 ], [ 75.246546460584355, 14.493513061352918 ], [ 75.246451069704236, 14.493444560467582 ], [ 75.246258169427009, 14.493394938341272 ], [ 75.246126680746968, 14.493260699677004 ], [ 75.245867280866321, 14.49322415856639 ], [ 75.245763813476572, 14.49322355161871 ], [ 75.245233010061895, 14.493065961315606 ], [ 75.245154018259896, 14.49301485047631 ], [ 75.245154448262568, 14.493012621285262 ], [ 75.245172877720975, 14.492916467761514 ], [ 75.24532878899241, 14.491979084907957 ], [ 75.245330723234304, 14.49196752416846 ], [ 75.245406899673029, 14.491342585662187 ], [ 75.24531913897917, 14.491086550897778 ], [ 75.245302680044844, 14.490965120131781 ], [ 75.245248778825854, 14.490567423095921 ], [ 75.24521307816488, 14.490536568977019 ], [ 75.245016359698667, 14.490366594930903 ], [ 75.245001104103153, 14.490351185040288 ], [ 75.244996113778157, 14.490347372898547 ], [ 75.244466878856102, 14.489943521507573 ], [ 75.244177334984158, 14.489681198798726 ], [ 75.244115219225876, 14.489624921779983 ], [ 75.243879579751109, 14.489304069147829 ], [ 75.243879117849417, 14.489303439430717 ], [ 75.243936240815202, 14.489117782342815 ], [ 75.243963451517303, 14.488960828868974 ], [ 75.244166086997467, 14.488292392359361 ], [ 75.244178920781522, 14.48816913448646 ], [ 75.244202149228187, 14.487837524857442 ], [ 75.243080830313417, 14.48768539295078 ], [ 75.242997466138661, 14.487663882481849 ], [ 75.242258820212001, 14.487473293003152 ], [ 75.242048988677055, 14.487443621390861 ], [ 75.241921743980967, 14.48735029070475 ], [ 75.241835289070579, 14.487349475509475 ], [ 75.241752306720969, 14.487348691973144 ], [ 75.241342295726611, 14.487344823973922 ], [ 75.240752609823843, 14.487339259609435 ], [ 75.240548810231815, 14.486912469793706 ], [ 75.240512880237475, 14.48690188543881 ], [ 75.240483908163768, 14.486834361976564 ], [ 75.239873726794201, 14.486713597954903 ], [ 75.239747348244165, 14.486676368059612 ], [ 75.239425319485036, 14.486589258960022 ], [ 75.237814160151629, 14.486153438369936 ], [ 75.237567870657585, 14.486038969871204 ], [ 75.237447374989898, 14.486063343788178 ], [ 75.237430621112637, 14.486047552444083 ], [ 75.236747808956508, 14.486175652050576 ], [ 75.236481490243222, 14.48622566315986 ], [ 75.234985530163257, 14.48650635224306 ], [ 75.234991220718371, 14.486429833237381 ], [ 75.233953110370763, 14.486421438314709 ], [ 75.23369726040869, 14.486419363692512 ], [ 75.232996530659904, 14.486356029616006 ], [ 75.232465149729279, 14.486319350553773 ], [ 75.231486629774452, 14.486257708738229 ], [ 75.231218148680071, 14.486240792178345 ], [ 75.231106250781664, 14.486139644822188 ], [ 75.229993639949384, 14.485133921454329 ], [ 75.228392578783527, 14.484028592805258 ], [ 75.227064650471732, 14.483079221320509 ], [ 75.226703357653335, 14.482808021768371 ], [ 75.225677987131434, 14.482603939898636 ], [ 75.224415169071776, 14.482352592125123 ], [ 75.224407549795146, 14.481869142946859 ], [ 75.224216700683854, 14.481530861890956 ], [ 75.223938120093493, 14.481292753528503 ], [ 75.223369702277395, 14.480899612303986 ], [ 75.222926739697286, 14.480649220294671 ], [ 75.222192310174108, 14.480216339328532 ], [ 75.220893259871943, 14.479814258211695 ], [ 75.220341139694838, 14.479880168439083 ], [ 75.219295527803041, 14.480025429427373 ], [ 75.218779937117375, 14.479772761777694 ], [ 75.218245330035941, 14.479795367867474 ], [ 75.218018016831238, 14.479776350887018 ], [ 75.217369629541011, 14.479722149165763 ], [ 75.216848918829172, 14.479562560491512 ], [ 75.216415528806436, 14.47946934862671 ], [ 75.216244050207109, 14.479434039865019 ], [ 75.215415309616517, 14.479220079191242 ], [ 75.214928410887595, 14.479131279749407 ], [ 75.214715989053488, 14.478897597961879 ], [ 75.214530049714639, 14.478693048199327 ], [ 75.214494365799311, 14.478661680243839 ], [ 75.214468598936662, 14.478639027459929 ], [ 75.214290929029843, 14.478482840600952 ], [ 75.214061210353123, 14.478280889101477 ], [ 75.210658243960779, 14.476046424865638 ], [ 75.210466179482978, 14.475920308466575 ], [ 75.209700058116496, 14.476171018688337 ], [ 75.209058930693075, 14.476399809787909 ], [ 75.209009976845877, 14.476152698874861 ], [ 75.208771858843448, 14.474809883253966 ], [ 75.208739764920892, 14.474788698365419 ], [ 75.208616199892234, 14.474707132617732 ], [ 75.208493904344351, 14.474592735680687 ], [ 75.208443259808547, 14.474545363770497 ], [ 75.208368629075622, 14.474470117090066 ], [ 75.207287258564421, 14.473379761891177 ], [ 75.207253482031177, 14.473301904702035 ], [ 75.206825667430692, 14.472315977748277 ], [ 75.206708590939897, 14.4721193790679 ], [ 75.206236687119869, 14.471117307880478 ], [ 75.205742781458952, 14.470015865162219 ], [ 75.205395794029187, 14.469277553469862 ], [ 75.204890347210593, 14.468161161255116 ], [ 75.205771840895551, 14.466434513097939 ], [ 75.206506535802006, 14.465150979667282 ], [ 75.206436321914893, 14.46513293727002 ], [ 75.203449607822265, 14.464365283148252 ], [ 75.201486651208171, 14.464242803187352 ], [ 75.197997633051699, 14.464063375545594 ], [ 75.197788158320577, 14.464052613108601 ], [ 75.197616069142839, 14.464043754006957 ], [ 75.197588696475194, 14.463997743489339 ], [ 75.197549521128352, 14.463931892041648 ], [ 75.197487967074736, 14.463828411949777 ], [ 75.197260389559247, 14.46361592534336 ], [ 75.197204310828837, 14.46348782573285 ], [ 75.197189927014733, 14.463302029287556 ], [ 75.197142409772312, 14.463035803003102 ], [ 75.197127361191548, 14.462951522573738 ], [ 75.196261403496351, 14.462951641176293 ], [ 75.196433365080168, 14.462428763941425 ], [ 75.196246184101454, 14.46233522554388 ], [ 75.196230044835332, 14.462336704639572 ], [ 75.195823632084142, 14.462373871272032 ], [ 75.195616504500563, 14.462268491803275 ], [ 75.195609974416371, 14.462232860660679 ], [ 75.195560281907206, 14.461961736171206 ], [ 75.195420029132137, 14.461377495693741 ], [ 75.195380324844706, 14.460950388878807 ], [ 75.195356416458736, 14.460530197515528 ], [ 75.195322086379676, 14.459926379815082 ], [ 75.195305602004538, 14.45963667700304 ], [ 75.195292835864734, 14.459412008259163 ], [ 75.195289572377888, 14.459341711591643 ], [ 75.195228039654253, 14.458016552739574 ], [ 75.195203915477393, 14.457469556530661 ], [ 75.19515927370729, 14.456456959904717 ], [ 75.195082631350189, 14.454783504256444 ], [ 75.195014961146001, 14.453384054993476 ], [ 75.194950521631711, 14.451866311482229 ], [ 75.19490055716355, 14.450474026209175 ], [ 75.194851419773357, 14.44915698436446 ], [ 75.194954408629798, 14.448233248765222 ], [ 75.193577027026379, 14.44796041434353 ], [ 75.189430707552688, 14.44720937317607 ], [ 75.188964111823267, 14.446881791174286 ], [ 75.187027099670672, 14.445420634969228 ], [ 75.186028329587316, 14.444718681841845 ], [ 75.185027881400941, 14.443984851263499 ], [ 75.184027419339245, 14.443251016331089 ], [ 75.183026971247344, 14.442517190585875 ], [ 75.182009340085671, 14.441807029343286 ], [ 75.181643250809316, 14.441541213104124 ], [ 75.181306539750295, 14.441200349908975 ], [ 75.180900715082799, 14.440781081460727 ], [ 75.180494901206885, 14.440361803232623 ], [ 75.180255859960155, 14.440109992399874 ], [ 75.180096567518945, 14.43994218402074 ], [ 75.17969824272447, 14.439522535164839 ], [ 75.179273402738445, 14.439074503304974 ], [ 75.178848578405507, 14.438626514032235 ], [ 75.178419030022212, 14.438183671315388 ], [ 75.178216650142673, 14.437970232178202 ], [ 75.177994198846946, 14.437735631613441 ], [ 75.177984607988691, 14.437720010398372 ], [ 75.178006523450989, 14.437540599812392 ], [ 75.17810617171591, 14.436724740911059 ], [ 75.178533517550193, 14.436555062630566 ], [ 75.178635196260885, 14.436430191260122 ], [ 75.178685899794317, 14.436367931068933 ], [ 75.17840893159223, 14.436287109686983 ], [ 75.177987229279537, 14.43615135905107 ], [ 75.177847273736504, 14.436110089237982 ], [ 75.17782393110204, 14.435700223544901 ], [ 75.177794709909733, 14.435207022847871 ], [ 75.177620393516392, 14.435215485154153 ], [ 75.177615871583882, 14.435098529645881 ], [ 75.1776153250064, 14.435084339218552 ], [ 75.177610188400294, 14.434951549564191 ], [ 75.177525909969788, 14.434735528894823 ], [ 75.17751402862767, 14.434613398064103 ], [ 75.177631792932317, 14.434488779921555 ], [ 75.177894308876347, 14.434393546384779 ], [ 75.177895924602709, 14.434348587465005 ], [ 75.177909699874178, 14.43396744068165 ], [ 75.177937181439859, 14.433203720359726 ], [ 75.177677578473578, 14.433131982641857 ], [ 75.177585851575031, 14.433106620321713 ], [ 75.17757963690876, 14.433054495471419 ], [ 75.177518499949613, 14.433034534167653 ], [ 75.177349968950267, 14.43298678369325 ], [ 75.177334370656709, 14.432720993132408 ], [ 75.177323458350827, 14.432534681320686 ], [ 75.177312451662331, 14.432351003403856 ], [ 75.177432435413863, 14.432061682202024 ], [ 75.177351926661615, 14.431921623656663 ], [ 75.177314910965606, 14.431857244315104 ], [ 75.177263312042086, 14.431850579628588 ], [ 75.177028149186441, 14.431820212686024 ], [ 75.176956132576024, 14.431764758326064 ], [ 75.17669298966922, 14.431818059802241 ], [ 75.17669016154548, 14.431744726136635 ], [ 75.176686850382282, 14.431658858415897 ], [ 75.17650312010953, 14.431573318344331 ], [ 75.176574925502862, 14.431441035236052 ], [ 75.176607210990426, 14.431381557805221 ], [ 75.176586529920456, 14.431124407522118 ], [ 75.176477437333887, 14.430841144239281 ], [ 75.176281579529601, 14.430332588430336 ], [ 75.176237646195347, 14.430258828857131 ], [ 75.176051357175396, 14.429946063184971 ], [ 75.17590934177224, 14.429707629082806 ], [ 75.175874039540915, 14.429691779194799 ], [ 75.175749480362271, 14.429635839194239 ], [ 75.175692328427587, 14.429610177296643 ], [ 75.175502530196866, 14.42952495828923 ], [ 75.175265166757413, 14.429440231069474 ], [ 75.174457081696971, 14.429151779733719 ], [ 75.174435798690965, 14.429064197384699 ], [ 75.174325670315909, 14.428610998934339 ], [ 75.174108741053814, 14.428621919566115 ], [ 75.1740065535855, 14.428576649334371 ], [ 75.173995278886167, 14.428555401664886 ], [ 75.1739622802193, 14.428557035408918 ], [ 75.173491488828716, 14.428348467797761 ], [ 75.173316889816235, 14.427170288967051 ], [ 75.173106500492466, 14.425881368812684 ], [ 75.172926255729848, 14.425724203561781 ], [ 75.17275889125554, 14.425578267497729 ], [ 75.172454810760087, 14.425313114161064 ], [ 75.172536380156529, 14.425002587218607 ], [ 75.171957458886411, 14.424678446506837 ], [ 75.171638883839933, 14.424661646678375 ], [ 75.171611194840366, 14.424632612405539 ], [ 75.17148658145193, 14.424501969899275 ], [ 75.171408671330255, 14.424420266553993 ], [ 75.171288278984136, 14.424294009685221 ], [ 75.171521149822169, 14.4241882477485 ], [ 75.171543089805255, 14.424004149408265 ], [ 75.171265167860113, 14.424127030957177 ], [ 75.171100477371866, 14.424124335748992 ], [ 75.170890699664625, 14.424120898208727 ], [ 75.17130994821386, 14.423591451170035 ], [ 75.171183049743533, 14.423202118815475 ], [ 75.171126050560289, 14.423150111935618 ], [ 75.170963647089508, 14.423063983210858 ], [ 75.170676710993078, 14.423302248283493 ], [ 75.170398761753702, 14.423347222427337 ], [ 75.170105559744442, 14.423276140576803 ], [ 75.16994649597774, 14.42334491287818 ], [ 75.169975531849829, 14.423847718500566 ], [ 75.169918035714758, 14.424210892141824 ], [ 75.169195753391804, 14.424253594843075 ], [ 75.168696044243859, 14.424220107887161 ], [ 75.168433016168166, 14.424087554492349 ], [ 75.168161856108071, 14.423845152440608 ], [ 75.168071585675804, 14.423705579415083 ], [ 75.167658013360366, 14.423959596543868 ], [ 75.167141743994804, 14.424276716807771 ], [ 75.166417235718171, 14.424510041170675 ], [ 75.165348454405517, 14.424854228383699 ], [ 75.164772091920582, 14.425004258948958 ], [ 75.164509875895206, 14.42507251280138 ], [ 75.164508164051696, 14.425389558316587 ], [ 75.164743652214952, 14.425862489872596 ], [ 75.164843544814048, 14.426466183029435 ], [ 75.164441307108049, 14.427361167623186 ], [ 75.164303830707567, 14.427963635640056 ], [ 75.163646015303343, 14.427821063063096 ], [ 75.16336153265928, 14.427603079046602 ], [ 75.163190791494372, 14.426870031209717 ], [ 75.163137583167398, 14.426465166959868 ], [ 75.162684707523653, 14.426450700147504 ], [ 75.162485957838413, 14.426592245673849 ], [ 75.162064079055867, 14.426892693939262 ], [ 75.161707155742661, 14.426867659278061 ], [ 75.161144644735231, 14.426710110090806 ], [ 75.160510088416146, 14.426668177958422 ], [ 75.160072562040938, 14.426874706022875 ], [ 75.160125504856026, 14.42735443599148 ], [ 75.160241840805355, 14.427849957512452 ], [ 75.159873409696118, 14.428482172170119 ], [ 75.159674163071898, 14.428643543093434 ], [ 75.159427526018831, 14.428766002617245 ], [ 75.159513128070131, 14.429075770203333 ], [ 75.15987727733841, 14.429232309416003 ], [ 75.160244441303689, 14.429771470208195 ], [ 75.15992769586687, 14.430176001127625 ], [ 75.159605946761999, 14.430586943719556 ], [ 75.159607245293586, 14.430738870442003 ], [ 75.159612124802322, 14.431303409115621 ], [ 75.159444915282691, 14.431410804875648 ], [ 75.158867287762561, 14.431435234504645 ], [ 75.158501430255939, 14.431157882336278 ], [ 75.158207326715583, 14.430934925719946 ], [ 75.158073844003908, 14.431102149039862 ], [ 75.157604959732453, 14.431238926451648 ], [ 75.156763583857867, 14.431288713387499 ], [ 75.156227892623363, 14.431275590388305 ], [ 75.156139456883039, 14.431292945600591 ], [ 75.155715702595671, 14.431376096869039 ], [ 75.155045148118788, 14.431503226421407 ], [ 75.154420670915158, 14.431678718401766 ], [ 75.154150461099576, 14.431754650532481 ], [ 75.153792948505597, 14.431690913361827 ], [ 75.153477711716249, 14.431723881064475 ], [ 75.15315859242564, 14.431757247795574 ], [ 75.15259489566813, 14.431816192110475 ], [ 75.151960521720369, 14.431757420452062 ], [ 75.15179349411946, 14.431812037345601 ], [ 75.151467579830651, 14.431918610021512 ], [ 75.151245322979193, 14.431932924501696 ], [ 75.150983821498656, 14.43186970196458 ], [ 75.150818248738801, 14.431675513810317 ], [ 75.150588352679804, 14.431635662257532 ], [ 75.150068967147519, 14.431708413197709 ], [ 75.149855900806145, 14.431636742623407 ], [ 75.149834678606553, 14.431362522130959 ], [ 75.1500256463288, 14.431066937903307 ], [ 75.150309257270052, 14.431143105011946 ], [ 75.150636472745163, 14.43107670060841 ], [ 75.150908213110782, 14.430849636815445 ], [ 75.151020492860496, 14.430516305321982 ], [ 75.151190460614387, 14.430350225315181 ], [ 75.151717647391891, 14.429990480593014 ], [ 75.151732145554718, 14.429812611266883 ], [ 75.151687733182456, 14.429689356998425 ], [ 75.151539210132555, 14.429642448549112 ], [ 75.151257782531957, 14.429553568943101 ], [ 75.151222815862027, 14.429379386883342 ], [ 75.151217889038975, 14.429043237938014 ], [ 75.151189944649076, 14.42879485471472 ], [ 75.150840689671142, 14.42835586945211 ], [ 75.150729115056393, 14.428148781266982 ], [ 75.150723555737827, 14.427777312384654 ], [ 75.150690513289774, 14.427168944572315 ], [ 75.150686967670637, 14.427075424558264 ], [ 75.150766866935342, 14.426838726484711 ], [ 75.150834396740208, 14.426620324828479 ], [ 75.150929595027492, 14.426524160285393 ], [ 75.151295824389365, 14.42645244701294 ], [ 75.151413489754233, 14.426391080925356 ], [ 75.151609876492756, 14.42611314116763 ], [ 75.151848452318291, 14.425918520009711 ], [ 75.151984254737982, 14.425583878052727 ], [ 75.151949367908443, 14.425281003499698 ], [ 75.15197858984952, 14.424948778248536 ], [ 75.151800527456871, 14.424657037476271 ], [ 75.151515860939611, 14.424370665237536 ], [ 75.151519668708076, 14.424231206205461 ], [ 75.151658500753314, 14.423899557946429 ], [ 75.151799227543222, 14.423778614076838 ], [ 75.152071746600257, 14.423501077002667 ], [ 75.152115551713834, 14.423284662207799 ], [ 75.152099612860667, 14.422857242950901 ], [ 75.15215910309405, 14.422557826530859 ], [ 75.152138952621996, 14.422344049699095 ], [ 75.152067267714813, 14.422088464021828 ], [ 75.152041049918154, 14.421871695581883 ], [ 75.152164979239245, 14.421480613147505 ], [ 75.152315993336359, 14.421149028024807 ], [ 75.152338303371536, 14.420965144415771 ], [ 75.15220337582393, 14.420581628536192 ], [ 75.152278362909655, 14.420231842754491 ], [ 75.152342728638232, 14.419931565936666 ], [ 75.152226355446686, 14.419718176638689 ], [ 75.152083756453678, 14.419492961417451 ], [ 75.152064897617052, 14.419415826569139 ], [ 75.152290275920535, 14.419095680021142 ], [ 75.152389127088838, 14.419000365134568 ], [ 75.152593228823065, 14.418952009646175 ], [ 75.152725493228061, 14.418945540713189 ], [ 75.152869489614687, 14.41896658780473 ], [ 75.153037469736674, 14.419046989465659 ], [ 75.153221196769408, 14.419105481903715 ], [ 75.153472872767466, 14.419120315816514 ], [ 75.153594738818896, 14.419060042665899 ], [ 75.153695193661193, 14.418786405820441 ], [ 75.153870018105238, 14.418567332956311 ], [ 75.153992160589908, 14.418456280596001 ], [ 75.154043144250835, 14.418339780903841 ], [ 75.154038364805729, 14.418260223807144 ], [ 75.15402139182136, 14.418189063510274 ], [ 75.154018742761892, 14.418038444863541 ], [ 75.15418250668526, 14.417936068743058 ], [ 75.154357043939171, 14.417767745595137 ], [ 75.154367202594315, 14.417555243830209 ], [ 75.154413504883152, 14.41715068274933 ], [ 75.154569164541044, 14.416915063003724 ], [ 75.154737739707542, 14.416592651993163 ], [ 75.154679091149291, 14.416574517600351 ], [ 75.154685966736594, 14.416557641370087 ], [ 75.154692611717977, 14.416541333106561 ], [ 75.154822190045195, 14.416223307460122 ], [ 75.154841778391059, 14.41620858926953 ], [ 75.155154498026477, 14.415973630104938 ], [ 75.155153684446816, 14.415997783610118 ], [ 75.155139479588271, 14.416418949567102 ], [ 75.15526646580183, 14.416458230747002 ], [ 75.155589511897773, 14.416558160742918 ], [ 75.156207200798846, 14.416595684457768 ], [ 75.156308919744177, 14.41661654676156 ], [ 75.156760673963319, 14.41670919817731 ], [ 75.156996085790695, 14.416568882585647 ], [ 75.157162826343026, 14.416478763814531 ], [ 75.15743875899345, 14.416183158447909 ], [ 75.157477530064341, 14.416144671209938 ], [ 75.158092588628179, 14.415534077925511 ], [ 75.158174267673658, 14.415441112101835 ], [ 75.158692929363184, 14.414850819735571 ], [ 75.158805692781797, 14.414743212447918 ], [ 75.158962478575845, 14.414593593270704 ], [ 75.159101049781412, 14.413789751164114 ], [ 75.159146291035185, 14.413784340896667 ], [ 75.159258700173837, 14.413753718794251 ], [ 75.160355929821478, 14.413621618264546 ], [ 75.161871252466597, 14.413615438891373 ], [ 75.163916666758581, 14.413756138434341 ], [ 75.164334950526012, 14.413746824170399 ], [ 75.165068395084973, 14.413759140955507 ], [ 75.165143356704405, 14.41376039868365 ], [ 75.165587987693399, 14.412697951808058 ], [ 75.166000869178049, 14.411548652345729 ], [ 75.16638265878936, 14.404171821963654 ], [ 75.166566358358452, 14.400767862006518 ], [ 75.166377991797248, 14.400456365678378 ], [ 75.166302061311882, 14.400330802405165 ], [ 75.166293618733675, 14.400279148810826 ], [ 75.166242700543449, 14.399967587260239 ], [ 75.166179550638105, 14.399588103375798 ], [ 75.166116394469881, 14.399208633027063 ], [ 75.166063537567624, 14.398828675299759 ], [ 75.166006554002337, 14.398448909415405 ], [ 75.165949568760908, 14.398069115475231 ], [ 75.165892568893426, 14.39768934321749 ], [ 75.165825321294989, 14.397310094399268 ], [ 75.165772464413152, 14.396930100369923 ], [ 75.165705189409138, 14.396550822574801 ], [ 75.165652318108243, 14.396170864667205 ], [ 75.165603078737007, 14.39593202831173 ], [ 75.165701248138205, 14.395858175924406 ], [ 75.165650588799153, 14.395576819422649 ], [ 75.166621912524164, 14.39482498697663 ], [ 75.167141629774989, 14.394422708177016 ], [ 75.165789778947797, 14.394271395524564 ], [ 75.165972440918566, 14.393394803464224 ], [ 75.166245903068685, 14.392168385848379 ], [ 75.166354358104357, 14.391685430255121 ], [ 75.166455087962575, 14.391202832659506 ], [ 75.166568662206458, 14.39071961203063 ], [ 75.166669413445973, 14.390237000735844 ], [ 75.16677780823477, 14.389754029559855 ], [ 75.166873423694653, 14.38927166860654 ], [ 75.16698213949816, 14.388793725153041 ], [ 75.167078011109865, 14.388316404637008 ], [ 75.167179060803861, 14.387838827240746 ], [ 75.167280036798971, 14.387361247126028 ], [ 75.167282715493428, 14.387348587796286 ], [ 75.167319621761195, 14.387353389947457 ], [ 75.173922054036368, 14.3834835635056 ], [ 75.173966617183027, 14.383472068618945 ], [ 75.174413538384286, 14.383356803691916 ], [ 75.174899968264043, 14.383523837615963 ], [ 75.175013056489945, 14.383451272346209 ], [ 75.175742799699407, 14.382983010356417 ], [ 75.177013598091136, 14.382564290909464 ], [ 75.177785383377397, 14.382309989470361 ], [ 75.17837081065575, 14.382117089719435 ], [ 75.178486101070661, 14.382208320947367 ], [ 75.17850512057656, 14.382198973788611 ], [ 75.178751721303769, 14.382077829980009 ], [ 75.178820243601649, 14.382031395344567 ], [ 75.179137319025074, 14.381816547865204 ], [ 75.179312866411891, 14.381726549748707 ], [ 75.179438518777701, 14.381662130252327 ], [ 75.179756620334018, 14.381501220159512 ], [ 75.180079139622748, 14.381375389769582 ], [ 75.180116530111178, 14.381308198882348 ], [ 75.180262139354952, 14.381246304470558 ], [ 75.18036435032721, 14.381140503244275 ], [ 75.180394811782719, 14.381129828034146 ], [ 75.180537255878534, 14.381146302736481 ], [ 75.181276038611173, 14.381231749576401 ], [ 75.181383919835696, 14.381490099536565 ], [ 75.181412622750017, 14.381558877407453 ], [ 75.181541791695707, 14.381549620043851 ], [ 75.18171210813756, 14.381537400612546 ], [ 75.181530268196724, 14.381620206348057 ], [ 75.181493185586703, 14.381777633982136 ], [ 75.181620201579094, 14.382009255528983 ], [ 75.181720163448887, 14.382083140544591 ], [ 75.181967915286592, 14.382152332310374 ], [ 75.182320666895222, 14.382395967939551 ], [ 75.182509170037576, 14.382598010607619 ], [ 75.182611212598246, 14.382805062938177 ], [ 75.182526851230946, 14.382943225041346 ], [ 75.182255791758081, 14.383064147478862 ], [ 75.18202144743357, 14.383095575869286 ], [ 75.182062657745021, 14.383209920362344 ], [ 75.18231770695381, 14.38348024254757 ], [ 75.182445819597362, 14.383505345639774 ], [ 75.182808739248586, 14.383409343201034 ], [ 75.183374680948816, 14.383406756981511 ], [ 75.183886972389686, 14.383534341493956 ], [ 75.183903029666638, 14.383659434039469 ], [ 75.183892516370889, 14.38371006559937 ], [ 75.183875500503063, 14.383792004462608 ], [ 75.183931572601097, 14.383900992532459 ], [ 75.183908540505684, 14.384039549565101 ], [ 75.184425280273189, 14.38412173031741 ], [ 75.184553420213859, 14.384198578599216 ], [ 75.184684785366642, 14.384492205468931 ], [ 75.185412327986043, 14.385033937456386 ], [ 75.186234345693407, 14.386163116515201 ], [ 75.187489188652478, 14.387161316832419 ], [ 75.188007875177874, 14.387661230071529 ], [ 75.189086624457943, 14.388646883286997 ], [ 75.189558025649887, 14.389502584840884 ], [ 75.189671642621292, 14.390356492966898 ], [ 75.189633229486461, 14.39171080782233 ], [ 75.189967084806355, 14.39230507770799 ], [ 75.189643827076608, 14.392994248167208 ], [ 75.189365242831798, 14.394435417655972 ], [ 75.189266975916894, 14.394624552844313 ], [ 75.1895986463756, 14.39563193895264 ], [ 75.190322122236523, 14.39678352124117 ], [ 75.190899600142288, 14.397954670369399 ], [ 75.191391962492361, 14.398543364844402 ], [ 75.191288277285665, 14.399500263493151 ], [ 75.191273426812302, 14.400014173132485 ], [ 75.191194867620609, 14.400115172258873 ], [ 75.191019018281352, 14.400143703412841 ], [ 75.190915885055091, 14.400270806564782 ], [ 75.190661752104234, 14.401246610339768 ], [ 75.19062611494158, 14.402298464182021 ], [ 75.190625735742486, 14.402309630925206 ], [ 75.190623349373425, 14.40238007724637 ], [ 75.190664839508486, 14.402775160240273 ], [ 75.190549492073956, 14.40322854188641 ], [ 75.190547306433601, 14.403237145873556 ], [ 75.190451294770142, 14.40361451319364 ], [ 75.190374407140013, 14.404141794578759 ], [ 75.190325062712787, 14.405115318731069 ], [ 75.190309865105192, 14.405415197212291 ], [ 75.190200066820935, 14.406094206634608 ], [ 75.189880487432475, 14.40677157271673 ], [ 75.189752372293611, 14.407083878273871 ], [ 75.189643305249064, 14.407427922729733 ], [ 75.189594863995097, 14.407580717507894 ], [ 75.189410707600004, 14.407675932706434 ], [ 75.189225826545467, 14.407926285810168 ], [ 75.188958138810889, 14.408234512778229 ], [ 75.188647555924547, 14.408464126752882 ], [ 75.188242781047094, 14.40895460448947 ], [ 75.188153419003768, 14.409082812978799 ], [ 75.18793229265215, 14.409556109374979 ], [ 75.187599743986652, 14.41042887890168 ], [ 75.187205631424902, 14.411633041342361 ], [ 75.187109664183708, 14.411837581508088 ], [ 75.18659802495192, 14.412641112101991 ], [ 75.186413068623111, 14.412905535454531 ], [ 75.186125601372012, 14.41305283264793 ], [ 75.185844209126742, 14.41322028215345 ], [ 75.185851994204924, 14.413523715387482 ], [ 75.185958031216643, 14.413557289433985 ], [ 75.187016744231826, 14.413521204578332 ], [ 75.187146934410649, 14.413516764170328 ], [ 75.187167357711218, 14.413516070766184 ], [ 75.187316808221112, 14.413672462203877 ], [ 75.18732395964885, 14.4136790216681 ], [ 75.187466052546625, 14.41368288904863 ], [ 75.187495958052239, 14.413683702563867 ], [ 75.187602708964931, 14.413687561751829 ], [ 75.187607248993629, 14.413686383635937 ], [ 75.187689345949622, 14.413664948482458 ], [ 75.187523442516763, 14.413614853951241 ], [ 75.187436153284239, 14.413588507183452 ], [ 75.187459803587885, 14.413514044952271 ], [ 75.187737754424788, 14.413224926503304 ], [ 75.188046730102116, 14.413006871135035 ], [ 75.188252153203635, 14.412760489086484 ], [ 75.18837496679005, 14.412768044008528 ], [ 75.188656099032414, 14.412817278298592 ], [ 75.18889205098472, 14.412766747646808 ], [ 75.188975346756948, 14.41265915599238 ], [ 75.189267218912804, 14.412365499275408 ], [ 75.189434560279693, 14.412300920808347 ], [ 75.189950613711602, 14.412225197593122 ], [ 75.190275039566345, 14.412157573504915 ], [ 75.190300909667911, 14.411985802144986 ], [ 75.190313331278361, 14.411703650394267 ], [ 75.190485781430553, 14.411316660175602 ], [ 75.190538305014897, 14.411121733336405 ], [ 75.190515057361779, 14.410908493183115 ], [ 75.190274918412214, 14.41051381738659 ], [ 75.190411127122275, 14.409903458159336 ], [ 75.190583221515638, 14.409691380528679 ], [ 75.19106897678374, 14.409443849255238 ], [ 75.191260169985483, 14.409213357748625 ], [ 75.191460419273668, 14.409066227227497 ], [ 75.191740145074121, 14.409160215184896 ], [ 75.192151864481659, 14.409440020604155 ], [ 75.192380123016719, 14.409385603046212 ], [ 75.192537800997741, 14.409205868665483 ], [ 75.192435780395655, 14.408737816170374 ], [ 75.192219530043033, 14.408315483428021 ], [ 75.191480332828576, 14.407992364807189 ], [ 75.191351593357368, 14.407760980398447 ], [ 75.191431703164824, 14.407633636261181 ], [ 75.191461693461335, 14.407089921545765 ], [ 75.191470662523258, 14.406927366283965 ], [ 75.191610735308828, 14.406750756184833 ], [ 75.192270776751613, 14.40650479083366 ], [ 75.192391728936627, 14.406346766470669 ], [ 75.192471156243187, 14.405980816211516 ], [ 75.192519934221451, 14.405756053592995 ], [ 75.192937891572797, 14.405650787991043 ], [ 75.193106313085806, 14.406044416792474 ], [ 75.193324089256379, 14.406553391839088 ], [ 75.193823678180934, 14.406686294350155 ], [ 75.194145746515687, 14.406601038459847 ], [ 75.194256324365256, 14.406205022081195 ], [ 75.194338576822943, 14.40603924640579 ], [ 75.194727368574249, 14.405791919413401 ], [ 75.19498183619379, 14.405298431760599 ], [ 75.194914049805121, 14.40492417893438 ], [ 75.195069944251046, 14.404755005873863 ], [ 75.195625151946302, 14.404546274385087 ], [ 75.196067280962424, 14.404472945485029 ], [ 75.196461640406952, 14.40464109091662 ], [ 75.196754957463071, 14.404865387076196 ], [ 75.197022399987674, 14.404851615329838 ], [ 75.197662557265971, 14.404699950518365 ], [ 75.197887933831453, 14.40458022139838 ], [ 75.198015283521983, 14.404650302288511 ], [ 75.198188536509804, 14.404691509905163 ], [ 75.198362665755127, 14.40485505733618 ], [ 75.198399681773395, 14.404889824834768 ], [ 75.198435599345444, 14.404959083504774 ], [ 75.198428800668779, 14.405058839342072 ], [ 75.198140327732048, 14.405173997996341 ], [ 75.198069873090802, 14.405176393426087 ], [ 75.197872914859687, 14.405125982199444 ], [ 75.1976357527695, 14.405218177603663 ], [ 75.197265133024814, 14.405507430223182 ], [ 75.197309578312911, 14.405628486043318 ], [ 75.198049169335505, 14.405901305574274 ], [ 75.198289192072878, 14.405800885786876 ], [ 75.198910981688826, 14.405971501567418 ], [ 75.199280133489466, 14.405962356823654 ], [ 75.19952892216962, 14.405801566382866 ], [ 75.199640836101182, 14.405414900026388 ], [ 75.199723463520286, 14.405239555236706 ], [ 75.199785645115469, 14.405201416556416 ], [ 75.200261590830635, 14.405244976839999 ], [ 75.200498426391761, 14.405213198059526 ], [ 75.200819738183554, 14.405192830148442 ], [ 75.20094997354083, 14.405072642797171 ], [ 75.200956053219983, 14.404987531356936 ], [ 75.200752300320843, 14.404618523420517 ], [ 75.200461379995744, 14.404216126128055 ], [ 75.200141708835204, 14.403923436985833 ], [ 75.200111887069525, 14.403700847924664 ], [ 75.200251033379871, 14.403492818351401 ], [ 75.200549453518136, 14.403538240958287 ], [ 75.200749208054447, 14.403594163901728 ], [ 75.200773405185132, 14.403816725105942 ], [ 75.200902217957605, 14.403968411262126 ], [ 75.201285378704881, 14.403973060816218 ], [ 75.201446336285471, 14.40390520084706 ], [ 75.20159771889098, 14.403513247614301 ], [ 75.201617906478418, 14.402884454595174 ], [ 75.201555320932471, 14.402461225218065 ], [ 75.201576230329479, 14.402233388687288 ], [ 75.201771756941554, 14.402020155484353 ], [ 75.201964630168746, 14.401773943180661 ], [ 75.202107774946214, 14.401340754059492 ], [ 75.202109165955733, 14.401074372445645 ], [ 75.202150230139907, 14.401047361579119 ], [ 75.202291174134885, 14.401038804229783 ], [ 75.202371715583908, 14.40107777710465 ], [ 75.202522107735419, 14.401572397139269 ], [ 75.202626560228865, 14.401611515798473 ], [ 75.203075996451489, 14.401671644872673 ], [ 75.203274345300699, 14.401606454992612 ], [ 75.203313873141909, 14.401077298542203 ], [ 75.203385349609235, 14.400931534561122 ], [ 75.203583876717332, 14.400830501385604 ], [ 75.203672499913381, 14.400651732299174 ], [ 75.203631223353881, 14.400430964569763 ], [ 75.203566861109607, 14.400298310363032 ], [ 75.2036124449656, 14.400235117922046 ], [ 75.203745486050906, 14.4002164769479 ], [ 75.204087695384089, 14.400223691707097 ], [ 75.204292308288601, 14.400042741726507 ], [ 75.204315619569201, 14.399913275964678 ], [ 75.204628238621481, 14.399818252711869 ], [ 75.204704606749743, 14.399717936445805 ], [ 75.204777068685672, 14.398917830944802 ], [ 75.204684837364937, 14.398921220068084 ], [ 75.204774420989907, 14.398692709827461 ], [ 75.204797048678202, 14.398634969263327 ], [ 75.204865104768032, 14.39864540221811 ], [ 75.204911027378287, 14.398543512797943 ], [ 75.20507010130828, 14.398425630023397 ], [ 75.205221253262039, 14.398345378116124 ], [ 75.205296217447739, 14.398422984377255 ], [ 75.205552741563935, 14.398520314482109 ], [ 75.205682409418202, 14.39848328736873 ], [ 75.205826149881233, 14.398342718380723 ], [ 75.206010296215666, 14.398234384633373 ], [ 75.206082203556605, 14.39819208029466 ], [ 75.206431585863726, 14.398234581315824 ], [ 75.206574571496787, 14.398237175232916 ], [ 75.207775183362244, 14.398137618826288 ], [ 75.208222375061382, 14.398358334241873 ], [ 75.208461838565327, 14.398389655022424 ], [ 75.208595730330103, 14.398284827441936 ], [ 75.208836963806121, 14.398348184441927 ], [ 75.209406061406099, 14.398539348468148 ], [ 75.209531983099581, 14.398479691336142 ], [ 75.209891128858587, 14.398165015581448 ], [ 75.210069999722421, 14.398008286175477 ], [ 75.21022788951359, 14.398070604585335 ], [ 75.210486022862497, 14.398226339613652 ], [ 75.210768287739882, 14.398203242596727 ], [ 75.210886463045313, 14.398147310482713 ], [ 75.211237543545906, 14.398269598084635 ], [ 75.211447612437951, 14.39834276060221 ], [ 75.211666383473968, 14.398303726440565 ], [ 75.211859524993699, 14.398325398934821 ], [ 75.211884129784835, 14.398425355745637 ], [ 75.211871409554021, 14.398641912667605 ], [ 75.211979066163821, 14.398751695610004 ], [ 75.212204686036912, 14.398845102199557 ], [ 75.212438350962984, 14.398878269541267 ], [ 75.21264353043847, 14.398813355946372 ], [ 75.212771606615576, 14.398900934675199 ], [ 75.212908585595699, 14.399048530961975 ], [ 75.21299552807568, 14.399322539135873 ], [ 75.213120144589709, 14.399348480301725 ], [ 75.213385990613403, 14.39920033187806 ], [ 75.213539616715153, 14.399145361019608 ], [ 75.213622653602599, 14.399168565504272 ], [ 75.213675642813016, 14.399475336642858 ], [ 75.213901609404729, 14.399501783407757 ], [ 75.214023871844873, 14.399516085112523 ], [ 75.214132045188379, 14.399670104612083 ], [ 75.214177903758213, 14.399847651723682 ], [ 75.214372823858298, 14.399848608845371 ], [ 75.214986775285638, 14.39973002709468 ], [ 75.215145140552181, 14.399761204147428 ], [ 75.215611010432056, 14.40013586933987 ], [ 75.215793126339463, 14.400098761720946 ], [ 75.215879489002788, 14.399982660549059 ], [ 75.21591207486189, 14.399711770404979 ], [ 75.216011220998197, 14.399636264412299 ], [ 75.21616177036077, 14.399672463322837 ], [ 75.216614179780478, 14.400138247804865 ], [ 75.216756733894968, 14.400212408645629 ], [ 75.216868454365525, 14.40021802681116 ], [ 75.21692851845846, 14.400162585330339 ], [ 75.216939384761432, 14.400071451014181 ], [ 75.216887980980076, 14.399959736303591 ], [ 75.216888268525281, 14.399904010613628 ], [ 75.216987441051046, 14.399823433640783 ], [ 75.217338979260674, 14.399690895694714 ], [ 75.217732290842463, 14.399708661306926 ], [ 75.217456120088116, 14.399529380245289 ], [ 75.217502114099645, 14.399441835663378 ], [ 75.217620698971231, 14.398995990912955 ], [ 75.217721981610111, 14.398867066049124 ], [ 75.2178430301757, 14.398160819697077 ], [ 75.21831332777019, 14.397660435631927 ], [ 75.218332585574373, 14.397639944862776 ], [ 75.218031819189207, 14.397625824540492 ], [ 75.218050521743734, 14.397566539342879 ], [ 75.21808572214259, 14.397454924901737 ], [ 75.218119257933807, 14.397348596829033 ], [ 75.218130426019357, 14.397333857693438 ], [ 75.218321608033207, 14.397081537910648 ], [ 75.218336417868798, 14.397061990674802 ], [ 75.218337276731916, 14.397032298040372 ], [ 75.21834380395272, 14.39680668772373 ], [ 75.218344111772566, 14.396796039099931 ], [ 75.218427118090901, 14.396584085150455 ], [ 75.218411314228234, 14.396397917007052 ], [ 75.218433639375007, 14.39624467945599 ], [ 75.218427110358846, 14.396077234305704 ], [ 75.218426728864046, 14.396067440753074 ], [ 75.218310908718365, 14.395873978857466 ], [ 75.218306240842495, 14.395861418903502 ], [ 75.218243278990798, 14.395692019500899 ], [ 75.218265374156132, 14.395616124365826 ], [ 75.218280123981899, 14.395565460380064 ], [ 75.218292759421033, 14.395522059687352 ], [ 75.218263240192016, 14.395264317886834 ], [ 75.218194270541204, 14.395093108444234 ], [ 75.218198399789159, 14.39460271944516 ], [ 75.21819363789443, 14.394428379283767 ], [ 75.218188740449023, 14.394249129633041 ], [ 75.218262316072838, 14.394246333866027 ], [ 75.218689482508609, 14.394230169650511 ], [ 75.218960218779401, 14.394272802702014 ], [ 75.218930744245185, 14.39413671711935 ], [ 75.218943238106974, 14.393884478100865 ], [ 75.219363879354106, 14.393825879059758 ], [ 75.219625202163286, 14.393844995545559 ], [ 75.219821949195207, 14.393859397796099 ], [ 75.220035538411011, 14.393840361783338 ], [ 75.220108127048704, 14.393825406258854 ], [ 75.220124916931709, 14.393821941243276 ], [ 75.220287201234413, 14.393788508736886 ], [ 75.220349209452124, 14.393787558551843 ], [ 75.220417069619401, 14.393797668960461 ], [ 75.220498270683734, 14.393797529059242 ], [ 75.220707061698974, 14.393800617290546 ], [ 75.220720512086217, 14.393800803651981 ], [ 75.220920847158879, 14.393880359319917 ], [ 75.221092962671818, 14.393934237626766 ], [ 75.221350805950308, 14.39400478340273 ], [ 75.221436312896302, 14.393956533098907 ], [ 75.2216219851001, 14.393987462392685 ], [ 75.221808421718876, 14.394042842130801 ], [ 75.221925099022002, 14.394077495951347 ], [ 75.22194925157163, 14.394084668619149 ], [ 75.222099018901176, 14.394027020449084 ], [ 75.222341668549561, 14.393933618308173 ], [ 75.222349144018622, 14.393930740558142 ], [ 75.222654006394279, 14.393973698045993 ], [ 75.222669194156296, 14.393972916109163 ], [ 75.222763689596064, 14.393968046790295 ], [ 75.222876442069193, 14.393962240691264 ], [ 75.222920046361651, 14.393960000660721 ], [ 75.222925004965617, 14.393959647882834 ], [ 75.222984422962156, 14.393955505036901 ], [ 75.223251360566167, 14.393936904960057 ], [ 75.223269537174104, 14.393940912231788 ], [ 75.223377100285347, 14.39396462451403 ], [ 75.223413265166386, 14.393972597623023 ], [ 75.223735437755522, 14.393981102273644 ], [ 75.223782883932145, 14.39398235485077 ], [ 75.223920781034209, 14.393989757799082 ], [ 75.224071508949066, 14.393969489230187 ], [ 75.224287088322654, 14.394166778652769 ], [ 75.224516926964824, 14.394517000880734 ], [ 75.224694129892143, 14.39478701750234 ], [ 75.2247074018738, 14.394807240980022 ], [ 75.22482217683968, 14.39498213368352 ], [ 75.22484014731296, 14.394983970131362 ], [ 75.225035056138921, 14.395003891501034 ], [ 75.225178859453308, 14.395144970506365 ], [ 75.225344818017291, 14.395099381781947 ], [ 75.22545453851906, 14.3949973399549 ], [ 75.225489805603715, 14.394964541237782 ], [ 75.225524056937886, 14.394449400136219 ], [ 75.225785324460801, 14.39393518611659 ], [ 75.225902286938322, 14.393741852786892 ], [ 75.226092592684481, 14.393702525129964 ], [ 75.226138207280471, 14.393739274649672 ], [ 75.226396254049845, 14.393777595739069 ], [ 75.226609708050844, 14.393843171902288 ], [ 75.226687924363389, 14.393867214596003 ], [ 75.22690266036993, 14.393908807223236 ], [ 75.227060730943549, 14.39391160758283 ], [ 75.22731718359023, 14.393928006838493 ], [ 75.22749429250878, 14.393949383636171 ], [ 75.227810916841676, 14.393938363558888 ], [ 75.227952893782017, 14.393588485355599 ], [ 75.228226477291201, 14.393588725079969 ], [ 75.228393691083184, 14.393379015553679 ], [ 75.228437864049809, 14.393092371065192 ], [ 75.228523130033125, 14.392932202873062 ], [ 75.229142990184144, 14.393079988059798 ], [ 75.229213515979112, 14.393087857362261 ], [ 75.229386651066108, 14.393105178715906 ], [ 75.229462035219825, 14.393184398020502 ], [ 75.229508170558205, 14.39323287880808 ], [ 75.229527957866296, 14.393470569654061 ], [ 75.22983426354736, 14.393435816268758 ], [ 75.229906305275179, 14.393426564454801 ], [ 75.230141688533223, 14.393396334431095 ], [ 75.230449020617655, 14.393345973389081 ], [ 75.230623229710488, 14.393315882063588 ], [ 75.230756327503457, 14.393292893153989 ], [ 75.231071822050481, 14.393247842534924 ], [ 75.231096252202391, 14.393022406157201 ], [ 75.231222082172096, 14.392864333007154 ], [ 75.231326811045761, 14.392772944415777 ], [ 75.23156568742084, 14.392617379834983 ], [ 75.231616709839429, 14.392584151583652 ], [ 75.231545456071487, 14.392561981649406 ], [ 75.231493948785896, 14.39254595604744 ], [ 75.231451184600644, 14.392519625261839 ], [ 75.231380269815887, 14.3924608887601 ], [ 75.231472415441772, 14.392257668279013 ], [ 75.231576224597902, 14.392117591266134 ], [ 75.231715907442009, 14.391866093332643 ], [ 75.231715889421025, 14.391540091716029 ], [ 75.231694201001304, 14.391480301633582 ], [ 75.231577172058735, 14.391157628912008 ], [ 75.231608386272214, 14.390904668490094 ], [ 75.231617045175852, 14.390220584178245 ], [ 75.231560224947188, 14.389280670201373 ], [ 75.231481098728196, 14.38931233732931 ], [ 75.231066502422976, 14.38930603110737 ], [ 75.231049800139374, 14.389305780695052 ], [ 75.231027237035192, 14.389311493541983 ], [ 75.230768228996752, 14.3893769763849 ], [ 75.230813373052783, 14.388967446447413 ], [ 75.230732176425263, 14.388543695200967 ], [ 75.230726849570729, 14.388515905492632 ], [ 75.230581384595581, 14.387841076255947 ], [ 75.230597568829012, 14.387810242048815 ], [ 75.230721881921497, 14.387784445285867 ], [ 75.230735980052827, 14.387667808842409 ], [ 75.230783593393909, 14.387591040460672 ], [ 75.230822790159522, 14.387421493160216 ], [ 75.230913053715042, 14.387360546689974 ], [ 75.231035561715871, 14.387329580613059 ], [ 75.231293080050889, 14.387279961610378 ], [ 75.231481078968542, 14.387103742411295 ], [ 75.231443203399095, 14.386768607667962 ], [ 75.231510866759251, 14.386553231968341 ], [ 75.231631788741907, 14.386435584026652 ], [ 75.2317869553154, 14.386315948575861 ], [ 75.231888476367914, 14.386081758295523 ], [ 75.232014831473123, 14.385345688229609 ], [ 75.232158085077131, 14.385231210722399 ], [ 75.232292554414215, 14.385090612314867 ], [ 75.232529339763943, 14.384996141399016 ], [ 75.232629673986281, 14.384992268785691 ], [ 75.232827932331276, 14.385023661642732 ], [ 75.232873673865328, 14.385234666608843 ], [ 75.232980281596085, 14.385313417417672 ], [ 75.233134205333016, 14.385294600227951 ], [ 75.233261579065115, 14.385234371277301 ], [ 75.233370815140503, 14.385234899179755 ], [ 75.233432922473028, 14.385296041678385 ], [ 75.233392112031524, 14.385430574535571 ], [ 75.233367883458129, 14.38551043612107 ], [ 75.233462188408353, 14.385678643268363 ], [ 75.233773525753548, 14.385830087101839 ], [ 75.233944671153054, 14.385930876875207 ], [ 75.234042825262691, 14.385918300522421 ], [ 75.234230479619967, 14.385840983289834 ], [ 75.234353078062199, 14.385843749776926 ], [ 75.234435451433114, 14.385865875335536 ], [ 75.23448631798675, 14.385946526077852 ], [ 75.234675164453932, 14.386075647830619 ], [ 75.234779549552457, 14.386147031077373 ], [ 75.234853080415093, 14.386140599108506 ], [ 75.23493207133734, 14.386147862490436 ], [ 75.235204544643054, 14.386172913766883 ], [ 75.23527789090339, 14.386143430191307 ], [ 75.235432833809739, 14.386081548779483 ], [ 75.235483823128064, 14.386061184181267 ], [ 75.235716915631869, 14.3860712559022 ], [ 75.235751627790336, 14.386070179716866 ], [ 75.235932917745302, 14.386064559539898 ], [ 75.236615335925663, 14.38607718276508 ], [ 75.236616242177192, 14.386077199941958 ], [ 75.236624469148055, 14.386025566672068 ], [ 75.236688670378598, 14.385622651350914 ], [ 75.236701573535683, 14.385589859789761 ], [ 75.236797471051958, 14.385346163096349 ], [ 75.236835058787634, 14.385084710902412 ], [ 75.236880715805228, 14.384619503612852 ], [ 75.236885758614804, 14.384568122162172 ], [ 75.237003459767422, 14.384349153221779 ], [ 75.237023919764155, 14.383932883678044 ], [ 75.237046207450561, 14.38391030245956 ], [ 75.237152050269614, 14.383803062914932 ], [ 75.237186236388197, 14.383803978020264 ], [ 75.237410928843047, 14.383809992309919 ], [ 75.237412128052569, 14.383803727058861 ], [ 75.237428172538259, 14.383719894057716 ], [ 75.237512757074725, 14.383464907264916 ], [ 75.237623303932523, 14.382874873581656 ], [ 75.237755672726948, 14.382688331837846 ], [ 75.237763549924054, 14.382661530830921 ], [ 75.237778703066624, 14.382648971233124 ], [ 75.23785826188724, 14.382583014788697 ], [ 75.23796277536141, 14.382475697557922 ], [ 75.237931607628681, 14.382329208215715 ], [ 75.237915150655397, 14.382273653937178 ], [ 75.237862970112616, 14.382061282094915 ], [ 75.237871563611208, 14.382047007556377 ], [ 75.238130889338862, 14.381616230831426 ], [ 75.238398746276772, 14.381341767058501 ], [ 75.238745767965725, 14.381045669670288 ], [ 75.23929311264979, 14.380250179413901 ], [ 75.239302874383554, 14.380221666674316 ], [ 75.239603153097605, 14.379343733241077 ], [ 75.239636430402882, 14.378972868371351 ], [ 75.23991972272745, 14.378834578797608 ], [ 75.239985865957919, 14.378831604853467 ], [ 75.240073856297371, 14.378827663880434 ], [ 75.240300468351222, 14.378875252445168 ], [ 75.240355777910949, 14.378739451407682 ], [ 75.240360449041049, 14.378627540978462 ], [ 75.240423608324889, 14.378583792139366 ], [ 75.240646219599938, 14.378411063143865 ], [ 75.240847352616854, 14.37806517400027 ], [ 75.240944231721755, 14.377977735855602 ], [ 75.24119044813348, 14.377987906490555 ], [ 75.241422689432753, 14.377838232188182 ], [ 75.241418015030959, 14.377836844542975 ], [ 75.241418321940273, 14.377836747484396 ], [ 75.241452138445268, 14.377685140718848 ], [ 75.241106430544079, 14.377532166754554 ], [ 75.241118948113325, 14.377433152544009 ], [ 75.241267018811769, 14.377316002818363 ], [ 75.241618059749499, 14.377171902540711 ], [ 75.241661428584564, 14.377023682030508 ], [ 75.241619957758843, 14.376978744907523 ], [ 75.241328470120877, 14.376662902133516 ], [ 75.241338727798578, 14.376502233440402 ], [ 75.241338766169903, 14.376500823809188 ], [ 75.241342829329355, 14.376348353157541 ], [ 75.241326549023597, 14.376302204030893 ], [ 75.241297608440362, 14.376220162539862 ], [ 75.241070080727695, 14.376245373700762 ], [ 75.240990678143859, 14.376260271992402 ], [ 75.240785080069628, 14.376295202020799 ], [ 75.240751920501168, 14.376611072997813 ], [ 75.240746829252132, 14.376617962482706 ], [ 75.240751449804691, 14.376680858684965 ], [ 75.240439179219194, 14.377131619870582 ], [ 75.240399719350933, 14.377131672606955 ], [ 75.240229224672532, 14.377131902659467 ], [ 75.23971220883773, 14.377132597682191 ], [ 75.239630051813165, 14.376776412993845 ], [ 75.239700338409975, 14.376755811876039 ], [ 75.239885718246043, 14.376306342107988 ], [ 75.239916189444898, 14.376195971528684 ], [ 75.239871191278766, 14.376198446618851 ], [ 75.239596360852644, 14.376213563184223 ], [ 75.239479599627586, 14.376264533347076 ], [ 75.239350454021164, 14.37630418408261 ], [ 75.239316740157349, 14.376384288254934 ], [ 75.23931552894139, 14.376385286772743 ], [ 75.239229718734876, 14.376455919126334 ], [ 75.239126345814128, 14.376460316544721 ], [ 75.23892604782553, 14.376468823543288 ], [ 75.238889927589142, 14.376231708518862 ], [ 75.238696369786311, 14.376001258649504 ], [ 75.238644122107758, 14.375147761957358 ], [ 75.238036760511207, 14.375157802954991 ], [ 75.238066841562812, 14.375347664443025 ], [ 75.237962627178916, 14.375354051354819 ], [ 75.238164203988006, 14.376323050610992 ], [ 75.237946897949669, 14.376441987744135 ], [ 75.237617570788117, 14.37587025275616 ], [ 75.237369345232437, 14.375754821161076 ], [ 75.237102960232704, 14.375745280640562 ], [ 75.236839825689856, 14.375701753541927 ], [ 75.236680289276705, 14.375574509070656 ], [ 75.235924488630957, 14.375409878213121 ], [ 75.235652957257699, 14.375308259242644 ], [ 75.235052224425175, 14.375083472603379 ], [ 75.234595973834331, 14.374870375904761 ], [ 75.233991688331855, 14.374668195079796 ], [ 75.233771909099303, 14.374672231390461 ], [ 75.233446387486865, 14.374537355535805 ], [ 75.233231708860515, 14.374448403804944 ], [ 75.232976841693485, 14.374369986973674 ], [ 75.232125660662774, 14.374351869943888 ], [ 75.232046532731644, 14.374418102550079 ], [ 75.231916899936564, 14.374674669741111 ], [ 75.231569220291007, 14.374745520471444 ], [ 75.231569879123114, 14.374693540287264 ], [ 75.231077680114879, 14.373393259537785 ], [ 75.230949268751019, 14.373054769567903 ], [ 75.230696219466196, 14.371670400283096 ], [ 75.230676282678999, 14.371643263102431 ], [ 75.230674390161823, 14.371625681644391 ], [ 75.230238358227297, 14.371047221407165 ], [ 75.230224372369307, 14.371028186049907 ], [ 75.230155171291159, 14.370933998603546 ], [ 75.230124974705291, 14.370656658955376 ], [ 75.230037617994668, 14.370215043672276 ], [ 75.230017975973908, 14.370140337097736 ], [ 75.229040225345102, 14.367297509556257 ], [ 75.228125203004225, 14.365486201136285 ], [ 75.227963670615381, 14.365166459133329 ], [ 75.223933188039524, 14.357187625168212 ], [ 75.220735552040594, 14.355406569549874 ], [ 75.221651654502892, 14.355377680083274 ], [ 75.222524171947157, 14.355351999816827 ], [ 75.228323868518018, 14.354765852909697 ], [ 75.231972313679293, 14.354558731254716 ], [ 75.233591213484601, 14.354793594582631 ], [ 75.233674580052678, 14.35479451513751 ], [ 75.235167830170553, 14.354779048267565 ], [ 75.235293964445887, 14.354674998228358 ], [ 75.235384530488986, 14.354600289281146 ], [ 75.23545658408662, 14.354540853781831 ], [ 75.235713483329079, 14.354328943997016 ], [ 75.235775549079165, 14.354272061752694 ], [ 75.236313938764852, 14.353778493736987 ], [ 75.237034079407849, 14.353170091860303 ], [ 75.237315010733525, 14.352807441753633 ], [ 75.237412659346489, 14.352687227301898 ], [ 75.237472932717324, 14.352613025298837 ], [ 75.23755518449984, 14.352511773015683 ], [ 75.237601521764432, 14.35245471889532 ], [ 75.23768558023248, 14.352250754174849 ], [ 75.237804108950456, 14.352099316753009 ], [ 75.237944188728733, 14.351920343863014 ], [ 75.238050946410269, 14.351806847909561 ], [ 75.23825441018468, 14.35159054145276 ], [ 75.238248544888748, 14.351568366337871 ], [ 75.238575861042804, 14.351337079668797 ], [ 75.239286420052238, 14.350847050508094 ], [ 75.239507304243759, 14.350615847350264 ], [ 75.240435859612447, 14.349643899863329 ], [ 75.240986161234318, 14.349080209255931 ], [ 75.241538509791411, 14.348527000013499 ], [ 75.242086650846844, 14.347973869743578 ], [ 75.242607320913791, 14.34742128983649 ], [ 75.243147038040078, 14.346859898061554 ], [ 75.243428738820526, 14.346574299379977 ], [ 75.243419589033564, 14.346502138206906 ], [ 75.243399299987601, 14.346342159545422 ], [ 75.243330540896096, 14.345805558476517 ], [ 75.243268148785504, 14.345260398317416 ], [ 75.243211150010936, 14.344704247862785 ], [ 75.243159480641964, 14.344173308204178 ], [ 75.243097850152154, 14.343630941007051 ], [ 75.243031758631204, 14.342985619063031 ], [ 75.242987959712693, 14.342512979121375 ], [ 75.242925600279818, 14.341959399060993 ], [ 75.242873779639652, 14.341409829899712 ], [ 75.242824090849396, 14.340858098461478 ], [ 75.242696328896045, 14.339901978618306 ], [ 75.242617682685506, 14.339001892073153 ], [ 75.242626898357457, 14.338878082289524 ], [ 75.242669858294377, 14.338422381556498 ], [ 75.24271276795217, 14.337966641068899 ], [ 75.242763298848729, 14.337511173958346 ], [ 75.242808758569254, 14.337055563727803 ], [ 75.242854200446871, 14.336599902858728 ], [ 75.24289961808752, 14.336144281774381 ], [ 75.242945039270239, 14.335688661567147 ], [ 75.242977879265098, 14.335232591283058 ], [ 75.243020779442958, 14.334776840699659 ], [ 75.243119208557076, 14.3338658518516 ], [ 75.243164718844795, 14.333410211545536 ], [ 75.243210147368018, 14.332954581245646 ], [ 75.243254665562119, 14.33250801161355 ], [ 75.243270000223774, 14.332403977757078 ], [ 75.243317849845965, 14.332031948774397 ], [ 75.243375690685326, 14.331660078609497 ], [ 75.243440750556317, 14.331285498462284 ], [ 75.243494341271742, 14.330912139828342 ], [ 75.243547861620939, 14.330541617619287 ], [ 75.243595578709403, 14.330173839163173 ], [ 75.243661839922225, 14.329806379816651 ], [ 75.24369088123693, 14.329605349013004 ], [ 75.24425141116501, 14.32660807892872 ], [ 75.243993621665652, 14.326303088709693 ], [ 75.243943919560749, 14.32622625927495 ], [ 75.244001219959401, 14.326193957779378 ], [ 75.245283340221562, 14.325334849296313 ], [ 75.245940681022077, 14.325015755908941 ], [ 75.246502251863575, 14.324713921246248 ], [ 75.246567981427148, 14.324710224591136 ], [ 75.246577266895287, 14.32469688570797 ], [ 75.246923274739629, 14.32419999157926 ], [ 75.247110478651109, 14.323922896363666 ], [ 75.247154908325896, 14.323857133401933 ], [ 75.247242900054474, 14.323738693474992 ], [ 75.247426158224727, 14.323597672159234 ], [ 75.247921642731342, 14.323470787177394 ], [ 75.248085794983552, 14.323336578314207 ], [ 75.248189810277751, 14.323151825001306 ], [ 75.248319836685937, 14.323067715411321 ], [ 75.248606392699315, 14.322899620183021 ], [ 75.248665823934132, 14.322793646456548 ], [ 75.249011645902868, 14.322555463601892 ], [ 75.249224361084202, 14.322425791699757 ], [ 75.249627823391748, 14.322442069833079 ], [ 75.249914763174544, 14.322490818316872 ], [ 75.250554265639877, 14.322427777843659 ], [ 75.250889548709367, 14.322529892383278 ], [ 75.251110462009606, 14.32252950252678 ], [ 75.251390691788444, 14.322450416033231 ], [ 75.251655294550901, 14.322254933263491 ], [ 75.252053873288617, 14.322065820800594 ], [ 75.252186406428763, 14.322069325738566 ], [ 75.252258274324092, 14.322129976047769 ], [ 75.252318489822841, 14.322163292158693 ], [ 75.252681817286245, 14.322252600292261 ], [ 75.252973731899814, 14.322190789911922 ], [ 75.253198111110777, 14.322087028169564 ], [ 75.253434668823346, 14.321904334756432 ], [ 75.253611363713674, 14.321909482574195 ], [ 75.253767550622726, 14.321895855428133 ], [ 75.253892025820875, 14.321741347544558 ], [ 75.253995921669102, 14.32157813457493 ], [ 75.254264902131169, 14.321391283575702 ], [ 75.254623045206287, 14.321041144404395 ], [ 75.254784055689043, 14.320945704146103 ], [ 75.254951369458951, 14.320785881180852 ], [ 75.25503076740678, 14.320580522768539 ], [ 75.255053510004842, 14.320248517809945 ], [ 75.255100021976318, 14.320203970160609 ], [ 75.255279169315884, 14.32018298639095 ], [ 75.255523416678813, 14.320227787530055 ], [ 75.255666276686185, 14.320233492837867 ], [ 75.25592737494307, 14.320699713387604 ], [ 75.256009635352498, 14.320777320781726 ], [ 75.256339536330557, 14.320906456299376 ], [ 75.256597755076456, 14.320911026578534 ], [ 75.256723626828844, 14.320871331447101 ], [ 75.257176210566442, 14.320562907774457 ], [ 75.257728710163605, 14.320243202983624 ], [ 75.257819024283137, 14.320084153237966 ], [ 75.257789056628454, 14.319877540069006 ], [ 75.257715947023925, 14.319698003784552 ], [ 75.257823533170054, 14.319476008848529 ], [ 75.258031422017751, 14.319188794031831 ], [ 75.258397801668139, 14.318929867200438 ], [ 75.25846810834291, 14.31877550718213 ], [ 75.258585630953803, 14.31874215476163 ], [ 75.258894260483672, 14.318737242670379 ], [ 75.259118422081656, 14.318674729189096 ], [ 75.259253437138625, 14.31861814466842 ], [ 75.259440272618534, 14.318631731091692 ], [ 75.259724976184202, 14.318630956202572 ], [ 75.259898955353549, 14.318630480237795 ], [ 75.260000598113436, 14.318708532505738 ], [ 75.260075345889376, 14.318975888074602 ], [ 75.260170932289867, 14.318982705728816 ], [ 75.260475215837715, 14.318977763788267 ], [ 75.260690720056431, 14.318908840538361 ], [ 75.261100593375787, 14.318645890759054 ], [ 75.261397454733014, 14.318382389227596 ], [ 75.261485430511442, 14.318168773277613 ], [ 75.261540069567261, 14.318107581473296 ], [ 75.261679801111796, 14.317976851374517 ], [ 75.261760961026852, 14.317822541748271 ], [ 75.261733824801624, 14.317599905931004 ], [ 75.261904226381787, 14.317418463327721 ], [ 75.262255623558246, 14.317112845078404 ], [ 75.262346531308197, 14.316744545113899 ], [ 75.26238310268225, 14.316382357608436 ], [ 75.262296919014531, 14.316229374474332 ], [ 75.26219528230132, 14.316125065230075 ], [ 75.262208578613055, 14.316076388259917 ], [ 75.262265392692512, 14.316013079945494 ], [ 75.262367730931544, 14.315973307475302 ], [ 75.262543391549727, 14.316048294096074 ], [ 75.262686318769738, 14.316150678689663 ], [ 75.26276015085179, 14.316163732807865 ], [ 75.262803849871418, 14.316115198499681 ], [ 75.262819563980116, 14.316013556305382 ], [ 75.262860908855799, 14.315746056908258 ], [ 75.26294715099597, 14.315700527981138 ], [ 75.263125334899726, 14.315705612901066 ], [ 75.263316720837906, 14.315676824697199 ], [ 75.263443059244565, 14.315620204040782 ], [ 75.263493508357485, 14.315522976319205 ], [ 75.263529050791846, 14.315366325143071 ], [ 75.263453301136209, 14.314861624128815 ], [ 75.263395288335275, 14.314725739600513 ], [ 75.263372324551185, 14.314534903404175 ], [ 75.26342773666309, 14.314314773014013 ], [ 75.263484424770169, 14.31427690330742 ], [ 75.263764947507241, 14.3142421858477 ], [ 75.263813008151899, 14.314191551558444 ], [ 75.263822263520296, 14.314075046519307 ], [ 75.263855504673145, 14.313945942400121 ], [ 75.263918890573407, 14.313874185994052 ], [ 75.264206254628036, 14.313771694869073 ], [ 75.26457565499426, 14.31378189434149 ], [ 75.264821117028006, 14.313804236906732 ], [ 75.26500398897727, 14.312853616383961 ], [ 75.265310998701779, 14.31273426372481 ], [ 75.265349033667292, 14.312511946117914 ], [ 75.265458580949911, 14.312332327530564 ], [ 75.265657249462194, 14.31214677651773 ], [ 75.266020620491602, 14.312057348485835 ], [ 75.266218422349155, 14.31204979875084 ], [ 75.266201143365507, 14.311619620561752 ], [ 75.26598953099419, 14.311307039844591 ], [ 75.266007343470591, 14.311220248745986 ], [ 75.26607334988374, 14.311055268244761 ], [ 75.266088681908272, 14.310681786411717 ], [ 75.2662826356963, 14.310477739079356 ], [ 75.266591875397509, 14.310183964733667 ], [ 75.267020453089103, 14.30977681258512 ], [ 75.267106291084602, 14.309142369228937 ], [ 75.267114324024064, 14.309082884950307 ], [ 75.26741611729463, 14.30905837546333 ], [ 75.268186457893023, 14.3088723857015 ], [ 75.268989430598182, 14.308734610164896 ], [ 75.269455078551175, 14.308702067192092 ], [ 75.269506032038549, 14.308813565643472 ], [ 75.269533410674484, 14.308838281674253 ], [ 75.26953718953196, 14.30884166349793 ], [ 75.269580258786505, 14.308937682477698 ], [ 75.269703439469751, 14.30919916186326 ], [ 75.26999398027499, 14.309779303142552 ], [ 75.270011700261364, 14.309822173108879 ], [ 75.27042944041392, 14.310833832396032 ], [ 75.270431869477775, 14.310839742887744 ], [ 75.270715418625812, 14.31145588238105 ], [ 75.270991888923689, 14.312018781327819 ], [ 75.271031229343663, 14.312098033754939 ], [ 75.271135188394993, 14.312307591588272 ], [ 75.271745698694886, 14.313338023854314 ], [ 75.271920408323922, 14.313544332196065 ], [ 75.271924220061564, 14.313548742883166 ], [ 75.272059358838277, 14.313789682585224 ], [ 75.272086780197142, 14.313836052146275 ], [ 75.272134208546277, 14.313867222351295 ], [ 75.272351108545308, 14.314282621308484 ], [ 75.272898627738996, 14.31520760344914 ], [ 75.272900580315735, 14.315334831962883 ], [ 75.272901888105991, 14.315421861953844 ], [ 75.272925488379542, 14.316988752426111 ], [ 75.272938288492, 14.317060841410266 ], [ 75.273018429257689, 14.317512423148909 ], [ 75.273043469380383, 14.317807612055176 ], [ 75.273048978486244, 14.318281051834614 ], [ 75.273038047889244, 14.31839020183785 ], [ 75.2729419001667, 14.318898122156689 ], [ 75.272935560169273, 14.319029252593698 ], [ 75.272938640547565, 14.319508061349495 ], [ 75.272935749866349, 14.319584542699713 ], [ 75.272711248972712, 14.321741902287734 ], [ 75.272954310328146, 14.323555701865622 ], [ 75.273371419157343, 14.325137551035727 ], [ 75.273435437909427, 14.325154961198869 ], [ 75.27355586059781, 14.325187701620193 ], [ 75.273689838652885, 14.325224141577552 ], [ 75.273974269687599, 14.325497342863139 ], [ 75.27642890800432, 14.329748432954773 ], [ 75.277955810163235, 14.331145413260522 ], [ 75.288249258725884, 14.319914671724069 ], [ 75.288326050234659, 14.319830891690367 ], [ 75.293051600211868, 14.314759353931022 ], [ 75.293439120244102, 14.314664293713248 ], [ 75.303409150531735, 14.309805282417132 ], [ 75.305042458073544, 14.304796112933273 ], [ 75.305031707887636, 14.304688272438945 ], [ 75.305994249320008, 14.304562131722738 ], [ 75.307594109275314, 14.304352503043726 ], [ 75.311056989780752, 14.303898642322052 ], [ 75.311656877246435, 14.303820071614885 ], [ 75.313551709074375, 14.303571724018997 ], [ 75.313593341209781, 14.303566252274369 ], [ 75.314831799609792, 14.303403982996029 ], [ 75.314911949865774, 14.303393512438474 ], [ 75.316755269018401, 14.30317513188364 ], [ 75.31683229097689, 14.303120553364609 ], [ 75.317210330253275, 14.303057942374551 ], [ 75.319001659249338, 14.30259679320354 ], [ 75.31952153026144, 14.302462952602795 ], [ 75.319766638243991, 14.302399861512958 ], [ 75.32358466923462, 14.301739571900683 ], [ 75.323714868006405, 14.301717062781938 ], [ 75.32550215868784, 14.30138506205904 ], [ 75.325640430342915, 14.301359372654385 ], [ 75.325908399243687, 14.301309663591351 ], [ 75.326272818489045, 14.301257373469317 ], [ 75.327437179491952, 14.301090391901994 ], [ 75.327469858763806, 14.301085702222981 ], [ 75.327489160295386, 14.301082981240345 ], [ 75.329673840394179, 14.300914602591158 ], [ 75.329746591407186, 14.300909023419511 ], [ 75.32990787884637, 14.300908442629217 ], [ 75.330346059718835, 14.300906962869584 ], [ 75.330575619280182, 14.30090622260424 ], [ 75.331780118888005, 14.300812262104545 ], [ 75.331792649696538, 14.300811333228861 ], [ 75.33330862012923, 14.300697253934132 ], [ 75.334407349548925, 14.300401353238115 ], [ 75.334736108551056, 14.300312833441593 ], [ 75.336898890365688, 14.299775211620984 ], [ 75.337595370647051, 14.299592413239012 ], [ 75.337595940069548, 14.299592492901441 ], [ 75.337596449105135, 14.299592493083198 ], [ 75.338614498204649, 14.299656814048745 ], [ 75.338653699481071, 14.299659282667934 ], [ 75.338799369566743, 14.299751342388165 ], [ 75.340157818507748, 14.300705093259939 ], [ 75.34022295811306, 14.300749124158447 ], [ 75.340236628885592, 14.300758371371295 ], [ 75.34051936018335, 14.300949432345567 ], [ 75.340733978840831, 14.301053563059561 ], [ 75.340753498369807, 14.30162401217893 ], [ 75.341018599577183, 14.302101203834894 ], [ 75.342211497671116, 14.302596021393175 ], [ 75.343298358990126, 14.302604872842807 ], [ 75.344464739872592, 14.302419303254833 ], [ 75.345324420019409, 14.302106701037225 ], [ 75.345339538197749, 14.302101203478738 ], [ 75.345710550345188, 14.302024411955031 ], [ 75.346319058863585, 14.302004046525528 ], [ 75.347072535444582, 14.302093790317203 ], [ 75.347106204224843, 14.302491778757744 ], [ 75.34710929516703, 14.303763152974929 ], [ 75.34716815484181, 14.304472603813407 ], [ 75.34740467152524, 14.305122281353174 ], [ 75.348201367514491, 14.305463022260852 ], [ 75.349016194252371, 14.305717353815872 ], [ 75.350105302401417, 14.306119890500806 ], [ 75.351443027714481, 14.306462956048509 ], [ 75.351874177029927, 14.307225900038913 ], [ 75.352365337323278, 14.30844748412432 ], [ 75.352012979639554, 14.308453351493739 ], [ 75.35184563283282, 14.308456044063607 ], [ 75.351128248164031, 14.308467582070621 ], [ 75.350620128182314, 14.308477162009225 ], [ 75.350522078272775, 14.308477853606687 ], [ 75.350092260585384, 14.308445353011864 ], [ 75.3489475803663, 14.308280861765009 ], [ 75.348936730615662, 14.308281982574609 ], [ 75.348065229216488, 14.308370892309487 ], [ 75.347875458608641, 14.308390251489 ], [ 75.347204008543173, 14.308458753105315 ], [ 75.346913250230088, 14.308488411813363 ], [ 75.346152459017105, 14.308566031805235 ], [ 75.346158530236806, 14.308682064011894 ], [ 75.34619901876566, 14.310042822017868 ], [ 75.347723178968295, 14.312468350944776 ], [ 75.347749320187788, 14.31250993306246 ], [ 75.345925430476441, 14.314991741331868 ], [ 75.343235708748253, 14.316160174395357 ], [ 75.342267129909928, 14.316580972258761 ], [ 75.342247088938493, 14.316589672938742 ], [ 75.341752197929935, 14.316277462978224 ], [ 75.341140889372411, 14.316148891614706 ], [ 75.341162549920455, 14.316400312426836 ], [ 75.341102499538906, 14.316447492803409 ], [ 75.341012179838486, 14.31651843276903 ], [ 75.340541138027234, 14.31677698246239 ], [ 75.340315729917748, 14.316757512387166 ], [ 75.339267240409981, 14.316657812468506 ], [ 75.339163609122323, 14.316647913358551 ], [ 75.339067518058854, 14.316640233107375 ], [ 75.338986468777208, 14.316659432889201 ], [ 75.338193169589218, 14.316813611664367 ], [ 75.338126329903886, 14.316823633578615 ], [ 75.338003870925135, 14.316842071874076 ], [ 75.337825758850698, 14.31690401161552 ], [ 75.336251278566635, 14.316883063037004 ], [ 75.33547597983015, 14.319008041104672 ], [ 75.335173420488957, 14.319887062256406 ], [ 75.334779280341579, 14.321132593871415 ], [ 75.334585019564784, 14.321233811812723 ], [ 75.33463947811218, 14.32132736378386 ], [ 75.334721258566816, 14.32147476439005 ], [ 75.334771078676638, 14.321548772169949 ], [ 75.334795818600242, 14.321585473401095 ], [ 75.335223418590928, 14.322340853632674 ], [ 75.335288688050781, 14.322424363928238 ], [ 75.335242508112657, 14.32266703379722 ], [ 75.333841920853274, 14.327262543011068 ], [ 75.333806040058036, 14.327380402083717 ], [ 75.334725679211886, 14.328101081344263 ], [ 75.336117269583156, 14.328712892803001 ], [ 75.339552180574245, 14.330341963537228 ], [ 75.344523489741761, 14.332701554220304 ], [ 75.344987279475887, 14.333089882906314 ], [ 75.345078710843978, 14.333166382101972 ], [ 75.345121609666066, 14.333268241187888 ], [ 75.346296229757755, 14.336056922674246 ], [ 75.346773329502597, 14.337189633696878 ], [ 75.34804627934588, 14.340098352730811 ], [ 75.349426798880486, 14.343252842696446 ], [ 75.350974549745729, 14.346896382708589 ], [ 75.352429340002388, 14.347575092837825 ], [ 75.355910459281134, 14.349635011921471 ], [ 75.355961109828399, 14.349665042544832 ], [ 75.355963709898575, 14.349666561243739 ], [ 75.357494620364562, 14.351690042617726 ], [ 75.362863010052891, 14.358785694760268 ], [ 75.364811261060595, 14.36178849206237 ], [ 75.366129259444179, 14.363819822980762 ], [ 75.367774850469161, 14.365839500817614 ], [ 75.374364208507899, 14.370125153389722 ], [ 75.374702069758072, 14.370350393722722 ], [ 75.370032432673085, 14.372983960565291 ], [ 75.363330410991807, 14.380926923444937 ], [ 75.36322798082341, 14.380980062356317 ], [ 75.363125368966649, 14.381033299151724 ], [ 75.356147951335359, 14.38465285364436 ], [ 75.356092870273542, 14.384681424677082 ], [ 75.356060076568838, 14.38470129130782 ], [ 75.355895586287033, 14.384800966950253 ], [ 75.355810388728216, 14.384852588547263 ], [ 75.355810008798471, 14.384852820582392 ], [ 75.35564417554987, 14.384953307292234 ], [ 75.353713808514243, 14.386123011947285 ], [ 75.352012127978512, 14.387174333423115 ], [ 75.350490389206882, 14.388085514336749 ], [ 75.350390299850261, 14.388145485166214 ], [ 75.349415471488157, 14.388718773935114 ], [ 75.349358780044881, 14.388812322045027 ], [ 75.349389660164448, 14.388863871166922 ], [ 75.349500068022436, 14.389048201899724 ], [ 75.354609689524096, 14.400651801572257 ], [ 75.354725478474577, 14.401018111359546 ], [ 75.354861968869727, 14.401477311719308 ], [ 75.355031377732246, 14.402047523385317 ], [ 75.355351961345917, 14.40310615222111 ], [ 75.355572396898978, 14.403857773828625 ], [ 75.355872708568157, 14.404828005045248 ], [ 75.356090669936307, 14.405595984949828 ], [ 75.356254689692889, 14.406103403728084 ], [ 75.356535769873929, 14.406398458964356 ], [ 75.357038100579842, 14.406925773099362 ], [ 75.357589551446068, 14.407549043695971 ], [ 75.358442539350719, 14.408503683470773 ], [ 75.359005757401377, 14.409110411063995 ], [ 75.360772368903966, 14.40998650396803 ], [ 75.362511660207275, 14.41074185482802 ], [ 75.365280563707671, 14.411003572653733 ], [ 75.365292107440453, 14.411004664196389 ], [ 75.365302165424239, 14.411001990432814 ], [ 75.37019768096819, 14.409700989665765 ], [ 75.375454289098997, 14.408057381920713 ], [ 75.377617241367844, 14.407478472747609 ], [ 75.377676155326554, 14.407657168234442 ], [ 75.377886461740971, 14.408295054470992 ], [ 75.378434607065955, 14.409894580277951 ], [ 75.378686399153565, 14.410605653456928 ], [ 75.378724705751424, 14.410713864161044 ], [ 75.378734438839899, 14.410741401662154 ], [ 75.378793256667834, 14.41093132106978 ], [ 75.378902326289747, 14.411283501113523 ], [ 75.378994591851225, 14.411581420101433 ], [ 75.379114348684439, 14.411968112397924 ], [ 75.379373060142541, 14.412894184258626 ], [ 75.379397050855545, 14.412965679441436 ], [ 75.379519739225287, 14.413331262051457 ], [ 75.379692071781051, 14.413844524737783 ], [ 75.379922349894287, 14.414385965032634 ], [ 75.38013197242708, 14.414653044788583 ], [ 75.380459999166689, 14.415070981945313 ], [ 75.380352240075624, 14.415388167090876 ], [ 75.38020527041003, 14.415820784061111 ], [ 75.380507458145132, 14.417571093797338 ], [ 75.380484269235879, 14.417691124614089 ], [ 75.380340217122594, 14.418436732145812 ], [ 75.380318287674712, 14.419254095157036 ], [ 75.380317217901649, 14.419293941889521 ], [ 75.380324136279356, 14.41931888981887 ], [ 75.380381824333796, 14.419526913332675 ], [ 75.380547600199222, 14.420124715465759 ], [ 75.380778881223293, 14.42074618279241 ], [ 75.381396786178883, 14.421769000700861 ], [ 75.381402011179745, 14.421933251036837 ], [ 75.381400148715741, 14.421985819531294 ], [ 75.381393943574849, 14.422161038496666 ], [ 75.381392334320736, 14.422206487302374 ], [ 75.381367668315207, 14.422902823148384 ], [ 75.381363775077773, 14.423049187838426 ], [ 75.381358138438188, 14.423261403692713 ], [ 75.381367079977935, 14.423361905420943 ], [ 75.381408248728206, 14.423824690502633 ], [ 75.381546509157872, 14.424770200710203 ], [ 75.381571163084061, 14.424930895207179 ], [ 75.381572248485369, 14.424937963904965 ], [ 75.381632785946124, 14.425235061008344 ], [ 75.381664640242079, 14.425458542479234 ], [ 75.381701529103623, 14.425679703885459 ], [ 75.381705860351616, 14.425781412838733 ], [ 75.38176981851673, 14.426141550713101 ], [ 75.381778569358218, 14.426167482943862 ], [ 75.381784959383282, 14.426186472410501 ], [ 75.381817976860106, 14.426800123342199 ], [ 75.381906437385709, 14.427553141462907 ], [ 75.381933007866593, 14.427779266084654 ], [ 75.38202485939614, 14.42839418058127 ], [ 75.382026739281287, 14.428406330213036 ], [ 75.382088040470833, 14.428743384733815 ], [ 75.382201691301191, 14.429746860938586 ], [ 75.382168090008008, 14.430381341721596 ], [ 75.38218380073063, 14.431131060517618 ], [ 75.382197424237319, 14.431433761236175 ], [ 75.38220566995264, 14.431616993645175 ], [ 75.382219290279025, 14.432132043778768 ], [ 75.382224989863673, 14.432427031351374 ], [ 75.382229619263171, 14.432664621635126 ], [ 75.382245098840613, 14.433163819873377 ], [ 75.38225035201495, 14.433615243141007 ], [ 75.382251507112002, 14.433714222103003 ], [ 75.381025101217205, 14.434191181467101 ], [ 75.380736448905381, 14.434328303455095 ], [ 75.380589070099603, 14.434411764653367 ], [ 75.380416894394827, 14.434505230389258 ], [ 75.380343480953329, 14.434545083442806 ], [ 75.379537688353849, 14.43432302497968 ], [ 75.379386991832178, 14.434297716171708 ], [ 75.379146928560445, 14.434268702885536 ], [ 75.378712728036774, 14.43421951132567 ], [ 75.378593512868292, 14.434207183866183 ], [ 75.378379823233516, 14.434269982723752 ], [ 75.378103151113152, 14.434351050349624 ], [ 75.378004318225507, 14.434376373967131 ], [ 75.377873047303936, 14.434501281015903 ], [ 75.377673431324183, 14.434672523903577 ], [ 75.37747383769829, 14.434846752997087 ], [ 75.377084718506609, 14.43517813690676 ], [ 75.377066502085398, 14.43519365230679 ], [ 75.377040249728921, 14.435200541403322 ], [ 75.376585669265523, 14.435320605518712 ], [ 75.376231049358609, 14.435420465226704 ], [ 75.375893528574906, 14.435523571984437 ], [ 75.375555770126439, 14.435622902914501 ], [ 75.375252729055845, 14.435698361919275 ], [ 75.374946248796363, 14.435852661535785 ], [ 75.374681380084184, 14.436000819670591 ], [ 75.374416540713952, 14.436148982892242 ], [ 75.374151751155395, 14.43629718643021 ], [ 75.373893358700016, 14.436445143551262 ], [ 75.373634809882333, 14.43658411158534 ], [ 75.373585430569577, 14.43660920040975 ], [ 75.373485546571544, 14.436659959370518 ], [ 75.373481318603737, 14.436662102572717 ], [ 75.373357169643, 14.436762883119547 ], [ 75.373316949632397, 14.436795483530314 ], [ 75.373035318454143, 14.436948021679648 ], [ 75.372735368509765, 14.437098573105601 ], [ 75.372435196204805, 14.437238953726457 ], [ 75.37212519098729, 14.437388249940899 ], [ 75.372095948830477, 14.437402333917161 ], [ 75.371579746912644, 14.437643173489473 ], [ 75.371363759452493, 14.437736225279266 ], [ 75.370783747658621, 14.438032631415757 ], [ 75.370509142461984, 14.438152951543243 ], [ 75.370462168647293, 14.438174971781732 ], [ 75.37034692028638, 14.438229132385038 ], [ 75.370239741853524, 14.438279493681687 ], [ 75.369970710157006, 14.438415001394461 ], [ 75.369737701421244, 14.438532325922148 ], [ 75.369701628925995, 14.438550489896468 ], [ 75.369445639297467, 14.438689413246109 ], [ 75.369184336846118, 14.438822111431579 ], [ 75.369082227436181, 14.43887316318264 ], [ 75.368919007720379, 14.438954924131231 ], [ 75.368666848729745, 14.439089830752359 ], [ 75.368423960646339, 14.439230901584251 ], [ 75.368413728697377, 14.439237412986442 ], [ 75.368194208239885, 14.439377922665622 ], [ 75.367898389932748, 14.439545632314704 ], [ 75.367260691853758, 14.439633571392992 ], [ 75.367051958030814, 14.439697960906836 ], [ 75.366755262126105, 14.439789483200759 ], [ 75.366174228539222, 14.439964589845484 ], [ 75.365916532855579, 14.440033864483686 ], [ 75.365903498623794, 14.440037370211952 ], [ 75.366114463236201, 14.441183074756557 ], [ 75.365507356476272, 14.441357550342516 ], [ 75.365441826192296, 14.441376430227933 ], [ 75.36498144740888, 14.441509054427215 ], [ 75.364781959132628, 14.441578445693361 ], [ 75.3645321871319, 14.441480703718744 ], [ 75.364106707412546, 14.441304243633931 ], [ 75.363805857853023, 14.441169500550838 ], [ 75.363487569942762, 14.441035295710892 ], [ 75.363168991626353, 14.440888270929944 ], [ 75.362939444206162, 14.440793528594675 ], [ 75.362902240215476, 14.440778172813555 ], [ 75.362575049427676, 14.440691513416553 ], [ 75.362238949328926, 14.440597942359602 ], [ 75.362097566922543, 14.440555335362719 ], [ 75.361899930026553, 14.440504531715781 ], [ 75.361570417980985, 14.440386411836059 ], [ 75.361296880561255, 14.440290872771421 ], [ 75.361135641151265, 14.440048632933044 ], [ 75.360987192286572, 14.43984886214203 ], [ 75.36074523979714, 14.439493361459032 ], [ 75.360442930593152, 14.439068703867548 ], [ 75.360371710235512, 14.438949663739209 ], [ 75.360211841145571, 14.438724641561546 ], [ 75.360067449508321, 14.438520958906404 ], [ 75.359941179629914, 14.438338760953494 ], [ 75.359705249032672, 14.438251331549878 ], [ 75.359489131219703, 14.438166211642802 ], [ 75.359240539144224, 14.438069214355369 ], [ 75.35902131055262, 14.437981592443268 ], [ 75.35883651062943, 14.437905416020907 ], [ 75.35878676828591, 14.437778714367594 ], [ 75.358716532086902, 14.437573012034596 ], [ 75.358671988575594, 14.437436124413098 ], [ 75.358618929964948, 14.437281805039264 ], [ 75.358566055815288, 14.437134289106531 ], [ 75.358517469518958, 14.436988282901027 ], [ 75.358467238780776, 14.436844861437766 ], [ 75.358417007951189, 14.43670134140832 ], [ 75.358366739107652, 14.436553736467863 ], [ 75.358314830201579, 14.436412030879405 ], [ 75.358262967154801, 14.43627285230936 ], [ 75.358211338065928, 14.436137793586582 ], [ 75.358061820068585, 14.435697163739253 ], [ 75.358040890436712, 14.435608232456019 ], [ 75.358012160204851, 14.435482161435759 ], [ 75.357962900534318, 14.435317226790808 ], [ 75.357898000947827, 14.435071715297155 ], [ 75.357815527319275, 14.434715504449679 ], [ 75.357899678336949, 14.434455064355079 ], [ 75.357969129784223, 14.434260231872615 ], [ 75.358038917461997, 14.434077901464041 ], [ 75.358108911516197, 14.43390286360626 ], [ 75.358175259059166, 14.43371021477914 ], [ 75.358241546181901, 14.433517562407854 ], [ 75.358308199611784, 14.433335322572695 ], [ 75.358474448552727, 14.432787483310962 ], [ 75.358491128459079, 14.432692314103958 ], [ 75.358526719045784, 14.43255620329902 ], [ 75.358546985896368, 14.432478611668579 ], [ 75.3586219797334, 14.432167424350148 ], [ 75.358699761426706, 14.431856924440842 ], [ 75.358757617431095, 14.431639534492867 ], [ 75.358675276079751, 14.431547320521151 ], [ 75.356597158022822, 14.429943543903205 ], [ 75.356329341644269, 14.429736362530919 ], [ 75.35581545176116, 14.429321332230318 ], [ 75.355409206627357, 14.428983801664439 ], [ 75.355245387840725, 14.428869051097756 ], [ 75.355044679196197, 14.428768043886629 ], [ 75.355109151519628, 14.429069732010372 ], [ 75.355123199562996, 14.429270105309378 ], [ 75.355127939434198, 14.4293257568679 ], [ 75.355346254986074, 14.431889394935302 ], [ 75.355347040627564, 14.431898652266085 ], [ 75.353947249937093, 14.432031663512584 ], [ 75.353768649622879, 14.432057317307407 ], [ 75.352529291899472, 14.432235321471479 ], [ 75.351172320512546, 14.432664483296263 ], [ 75.351103891919081, 14.43268612387341 ], [ 75.348975290964674, 14.433049152477961 ], [ 75.348278228669329, 14.433146853820947 ], [ 75.348093182127485, 14.433144176733151 ], [ 75.34805826068478, 14.433143672213369 ], [ 75.347985762577494, 14.433161781759781 ], [ 75.347673414245151, 14.433239803269871 ], [ 75.347598469605103, 14.433258523894969 ], [ 75.345976390974599, 14.433842404475739 ], [ 75.345374189985904, 14.433897519029586 ], [ 75.34522444046118, 14.433911224602639 ], [ 75.344804328690955, 14.433956412053721 ], [ 75.344185309707925, 14.434187322661595 ], [ 75.343556628866097, 14.434746224377239 ], [ 75.3435422760503, 14.434759907029823 ], [ 75.34298010697853, 14.435295730409816 ], [ 75.342959001472153, 14.435315844139671 ], [ 75.342900867063577, 14.435348076721539 ], [ 75.342585164467465, 14.435523093945685 ], [ 75.342484330525309, 14.435578993162032 ], [ 75.342333167641044, 14.435450072518838 ], [ 75.341789351019386, 14.435651716081534 ], [ 75.341616166605391, 14.43571593400404 ], [ 75.341350460074807, 14.435814453668621 ], [ 75.341167113871393, 14.435925759779126 ], [ 75.340970788885045, 14.436044940698201 ], [ 75.340332496638212, 14.436385053796259 ], [ 75.340288171294631, 14.436408672747859 ], [ 75.340599999174245, 14.437517991287585 ], [ 75.340604962696602, 14.437535641314309 ], [ 75.339118538393421, 14.437428732005843 ], [ 75.339292110227646, 14.438005884181292 ], [ 75.339392330666584, 14.438339133584103 ], [ 75.340021628534799, 14.439079861707494 ], [ 75.340665095345329, 14.43922559816893 ], [ 75.340690409263885, 14.439231332798046 ], [ 75.340701774428126, 14.439239168939775 ], [ 75.340744899271485, 14.439268900252124 ], [ 75.341888601040765, 14.440057385145501 ], [ 75.341916748482319, 14.440084959850568 ], [ 75.341943134222973, 14.440110811984555 ], [ 75.341967508307164, 14.440134692364637 ], [ 75.341943837008202, 14.440171253545937 ], [ 75.341913058941174, 14.440218792398694 ], [ 75.341913555134937, 14.440227186733093 ], [ 75.341928907621138, 14.440487506978384 ], [ 75.34193211832708, 14.440541950371118 ], [ 75.342016270440922, 14.441448834031274 ], [ 75.342017133766248, 14.441451578688964 ], [ 75.342017651194851, 14.441453218974511 ], [ 75.342281778139323, 14.442291472902282 ], [ 75.342501211533659, 14.442936913147165 ], [ 75.34246418357219, 14.443445965650946 ], [ 75.342422121293367, 14.444024202110349 ], [ 75.34241023833566, 14.444321596755822 ], [ 75.34240863084878, 14.444361883580363 ], [ 75.342406006290972, 14.444427513452489 ], [ 75.34237930123399, 14.444625153743635 ], [ 75.342277667781076, 14.445377392078827 ], [ 75.342268212567916, 14.445500590171834 ], [ 75.342263568610534, 14.445561073825003 ], [ 75.342264181728709, 14.445571282617328 ], [ 75.342514968262861, 14.449779302177063 ], [ 75.342597839824364, 14.450456304351894 ], [ 75.342621470527703, 14.450495621373278 ], [ 75.34318164076123, 14.451427582010135 ], [ 75.343392494292843, 14.452050474613443 ], [ 75.34344059899604, 14.452192692582251 ], [ 75.343537378437205, 14.452292343552124 ], [ 75.343695588685591, 14.452455245178323 ], [ 75.343946157102934, 14.452724560656977 ], [ 75.343980250163924, 14.452761204044926 ], [ 75.344328220086155, 14.453350144353958 ], [ 75.344534071908853, 14.453656054019474 ], [ 75.345177851319932, 14.454147292465599 ], [ 75.345932617427991, 14.455579730861505 ], [ 75.346152699805359, 14.456074800756031 ], [ 75.346251398014942, 14.456134203950231 ], [ 75.346412488219315, 14.456287410488775 ], [ 75.346591558067018, 14.456440914138685 ], [ 75.346679859062775, 14.456491343380138 ], [ 75.347036027787752, 14.45669476538475 ], [ 75.347032678890116, 14.45677231660374 ], [ 75.34699953355333, 14.457537340113124 ], [ 75.346985116012448, 14.457870076996439 ], [ 75.346961309852219, 14.458419551670026 ], [ 75.346937907867542, 14.458532883435442 ], [ 75.346921434037966, 14.458589302282093 ], [ 75.346725611804416, 14.459259920598601 ], [ 75.346699561535587, 14.459358314246028 ], [ 75.346682832691897, 14.459421486549543 ], [ 75.346681507143117, 14.45942651105668 ], [ 75.346637810044555, 14.459513689374438 ], [ 75.346173701078129, 14.460439574777196 ], [ 75.345891040112264, 14.461130413870585 ], [ 75.345867300304462, 14.461173436573016 ], [ 75.345584338177076, 14.461686244014805 ], [ 75.345595532400083, 14.461990193883217 ], [ 75.345757689341241, 14.462267873520011 ], [ 75.345663897640307, 14.462582152831768 ], [ 75.345340435528669, 14.462799098277946 ], [ 75.345188711242812, 14.462900862289185 ], [ 75.345145555476222, 14.462541968850507 ], [ 75.345144208560583, 14.462530783773239 ], [ 75.344904296994258, 14.462521807242325 ], [ 75.344807049047688, 14.462518170340106 ], [ 75.344657220897588, 14.462512562476688 ], [ 75.344622030844192, 14.462765724551362 ], [ 75.344478309878056, 14.463382142268907 ], [ 75.344001248102828, 14.463451565217916 ], [ 75.343646028824011, 14.463689423476671 ], [ 75.34334191166306, 14.463612411362524 ], [ 75.342898779735819, 14.464010264063566 ], [ 75.342982714329963, 14.464073894337059 ], [ 75.34320771034028, 14.464244467110513 ], [ 75.343140539406164, 14.464284012207207 ], [ 75.342515310046409, 14.464652099118744 ], [ 75.341994205962507, 14.464958883646096 ], [ 75.341304252319745, 14.46536506738776 ], [ 75.341161913213682, 14.465448865148511 ], [ 75.341121559414788, 14.465472622318725 ], [ 75.341126069410862, 14.46573858699789 ], [ 75.341129400767812, 14.465935095642099 ], [ 75.341121721882359, 14.465977262782509 ], [ 75.340969997256067, 14.466810692442673 ], [ 75.340630262154534, 14.467449512689491 ], [ 75.340434875479886, 14.468219143207318 ], [ 75.340360359360901, 14.468512654074939 ], [ 75.34032733664263, 14.46856833148375 ], [ 75.340374708611265, 14.468777753681827 ], [ 75.340465358376875, 14.469196245008401 ], [ 75.340608280153418, 14.469827123252148 ], [ 75.340658397115959, 14.470090503778001 ], [ 75.340679111622165, 14.470199361491286 ], [ 75.340682398687647, 14.470216672111016 ], [ 75.340725616181942, 14.470424260264618 ], [ 75.340772982263999, 14.470651804222134 ], [ 75.340791019988529, 14.470761961441665 ], [ 75.340802318603082, 14.470830944384563 ], [ 75.340826611409483, 14.470979421267701 ], [ 75.340871996447888, 14.471174004558542 ], [ 75.340834872195742, 14.471202978477681 ], [ 75.340780010671622, 14.471245803437744 ], [ 75.340620379713059, 14.471370372377192 ], [ 75.340625386482202, 14.471483404676222 ], [ 75.340633010003756, 14.471655485934443 ], [ 75.34064423211646, 14.471853813974484 ], [ 75.340656327901016, 14.472067668616779 ], [ 75.340660622008656, 14.472143541376489 ], [ 75.340675458970352, 14.472460271647233 ], [ 75.340690886862077, 14.472874211632552 ], [ 75.340700979766254, 14.473175311477862 ], [ 75.34071112665093, 14.473270870849756 ], [ 75.34071801891605, 14.473335745375024 ], [ 75.340742600735226, 14.473442972688158 ], [ 75.340774530034381, 14.473721221049241 ], [ 75.340862932391218, 14.474396811139288 ], [ 75.340925431159917, 14.474881443389942 ], [ 75.340967830146141, 14.475212173248437 ], [ 75.340972374367979, 14.475246918559471 ], [ 75.340991959642054, 14.475396691498721 ], [ 75.340990208073862, 14.475395713939427 ], [ 75.341011517842688, 14.475482527529477 ], [ 75.341040008092207, 14.475598598935374 ], [ 75.341053440871505, 14.47565332300981 ], [ 75.341700106129352, 14.476360160088667 ], [ 75.341794062568596, 14.476462859744888 ], [ 75.342009609473564, 14.476698463463748 ], [ 75.342062976329203, 14.476784733947323 ], [ 75.342138908997171, 14.476907492000626 ], [ 75.342200389583596, 14.477006924104932 ], [ 75.342706177438018, 14.477824622844397 ], [ 75.343240682221975, 14.478542611372038 ], [ 75.343888210623518, 14.479499840270076 ], [ 75.344441051189705, 14.480907694514372 ], [ 75.345052277248797, 14.482506168159603 ], [ 75.34505766822727, 14.482520275819498 ], [ 75.345076831032401, 14.4825703899813 ], [ 75.345081008886737, 14.482581312296375 ], [ 75.345292588481627, 14.482855011204675 ], [ 75.346016398650363, 14.483791313337131 ], [ 75.346016682148203, 14.483792812902481 ], [ 75.346041917399447, 14.483926412543996 ], [ 75.346058321039322, 14.484013201132511 ], [ 75.346302015670005, 14.485303130076266 ], [ 75.346334598070712, 14.485475624347767 ], [ 75.346337558458458, 14.485491274412988 ], [ 75.346354116958466, 14.485579030175314 ], [ 75.346359049686669, 14.485605101261717 ], [ 75.346202471512541, 14.48570045193094 ], [ 75.345145167930838, 14.486344390546353 ], [ 75.345042790840381, 14.48640674173088 ], [ 75.345033041730431, 14.486413472055254 ], [ 75.34297741759211, 14.487832932060646 ], [ 75.342960455748056, 14.487844273132831 ], [ 75.339972929645953, 14.489841931041331 ], [ 75.339903425126678, 14.489882790592535 ], [ 75.338729119021522, 14.490573204092037 ], [ 75.336355458656939, 14.492075381002962 ], [ 75.33582492932787, 14.492411119669537 ], [ 75.335736051135882, 14.492467345485702 ], [ 75.335620691689215, 14.492540384669054 ], [ 75.334556854082493, 14.492896318098811 ], [ 75.334547390419331, 14.492899487052068 ], [ 75.334460137864042, 14.492928680548722 ], [ 75.333412211192524, 14.493289214549094 ], [ 75.333282158791675, 14.49333397087659 ], [ 75.333229351826532, 14.493352142311279 ], [ 75.33227800676687, 14.493485711375582 ], [ 75.332254920954171, 14.493488951940899 ], [ 75.332135197960852, 14.493505753924945 ], [ 75.331858855606342, 14.493544537252829 ], [ 75.331809738150184, 14.493551432038695 ], [ 75.331318069001327, 14.493635520913518 ], [ 75.330429628629858, 14.494189665481162 ], [ 75.330341304473464, 14.494247319778335 ], [ 75.329283900372829, 14.494937582153915 ], [ 75.329194291617569, 14.494996113948799 ], [ 75.328802837363781, 14.495251612266435 ], [ 75.328791150074281, 14.495259241558006 ], [ 75.328827218890595, 14.495384300908814 ], [ 75.329005506298287, 14.495847381616736 ], [ 75.328242910328484, 14.496419983574075 ], [ 75.328055810404365, 14.496560460358312 ], [ 75.327611063135265, 14.496905520213017 ], [ 75.327196209152021, 14.497227383253968 ], [ 75.327019298533997, 14.497940551163952 ], [ 75.327015510402248, 14.497955782308013 ], [ 75.326950799578327, 14.498533213152781 ], [ 75.326941757434284, 14.498599411256349 ], [ 75.326815112035987, 14.499526743482935 ], [ 75.326801309910593, 14.499627740756694 ], [ 75.326741587163269, 14.500901625019386 ], [ 75.326703020066418, 14.501274791071451 ], [ 75.326663177060666, 14.501660168508344 ], [ 75.326659938617837, 14.501691485494922 ], [ 75.326419768775281, 14.502795192897533 ], [ 75.326063298539424, 14.503438621068689 ], [ 75.326024898928324, 14.503518713247345 ], [ 75.325677670542575, 14.503977821810603 ], [ 75.325566709127983, 14.504124552655872 ], [ 75.325521020362132, 14.504184981487318 ], [ 75.325245438343629, 14.504553765089815 ], [ 75.3253847280575, 14.505769864535655 ], [ 75.325393420615853, 14.505845754860665 ], [ 75.325406242409642, 14.505957441033962 ], [ 75.325578555591733, 14.50611348513956 ], [ 75.325621067762597, 14.506151988120687 ], [ 75.325698139273882, 14.506221780944085 ], [ 75.32548280796793, 14.506449121205584 ], [ 75.325500600091658, 14.506794942397116 ], [ 75.325485352948988, 14.506851479147445 ], [ 75.325356179268553, 14.507330424723216 ], [ 75.325217861427191, 14.507865741173369 ], [ 75.325207110263477, 14.507907403857592 ], [ 75.325001138526432, 14.508489311521734 ], [ 75.324809010360866, 14.509032146960575 ], [ 75.324733840949733, 14.509269451580126 ], [ 75.324579752890642, 14.50975597175205 ], [ 75.324569677658289, 14.509787782773349 ], [ 75.324567091880638, 14.509795952616814 ], [ 75.324562787797746, 14.509809554247084 ], [ 75.324530167147188, 14.509844757158421 ], [ 75.324069580455301, 14.510341761914836 ], [ 75.324052389764034, 14.510360314360767 ], [ 75.323671270189394, 14.510754279475115 ], [ 75.323463159475025, 14.510920915196932 ], [ 75.322816738619551, 14.511438505155958 ], [ 75.322311062614617, 14.511843406891625 ], [ 75.322210431110534, 14.511923980818136 ], [ 75.321416150803898, 14.512715354393549 ], [ 75.321363191420048, 14.512768122494007 ], [ 75.321157060376905, 14.512789264269408 ], [ 75.320612459055027, 14.513014411299872 ], [ 75.320481967101799, 14.512980232796613 ], [ 75.320466578979378, 14.512987033114802 ], [ 75.319968421663688, 14.513207611680675 ], [ 75.319947469426623, 14.51321686436887 ], [ 75.319909891162851, 14.513214319786776 ], [ 75.319424609482624, 14.513181493852807 ], [ 75.31891349790898, 14.513212573780452 ], [ 75.318629629036792, 14.513234085697391 ], [ 75.318144749382483, 14.513270832611763 ], [ 75.317655959126284, 14.513311867676716 ], [ 75.317523814063776, 14.513322960484512 ], [ 75.317310170187866, 14.513340893908785 ], [ 75.317282887110551, 14.513081573036718 ], [ 75.317138728266855, 14.51308108254382 ], [ 75.316616919974138, 14.513079301598948 ], [ 75.316162559497783, 14.513077461188397 ], [ 75.315780350736588, 14.513046342326872 ], [ 75.315386878142903, 14.512995104391866 ], [ 75.315373523704807, 14.512993670275051 ], [ 75.315206479537139, 14.512975733957449 ], [ 75.315003387620862, 14.512953932751257 ], [ 75.314718378779844, 14.512912293901612 ], [ 75.314404327698, 14.513063523259614 ], [ 75.314191120023409, 14.513058470698923 ], [ 75.314164281604945, 14.513057849311794 ], [ 75.314131948724153, 14.513057102366227 ], [ 75.314104811178439, 14.513049041131126 ], [ 75.313897901838345, 14.51298757273338 ], [ 75.313836580586525, 14.512977273305586 ], [ 75.313620350635247, 14.51294088194188 ], [ 75.313243038557943, 14.512888348473362 ], [ 75.3129979390459, 14.512856132449441 ], [ 75.311660094340226, 14.512895765091102 ], [ 75.311581089460091, 14.512898105051262 ], [ 75.310557629504572, 14.512928464906777 ], [ 75.310517148971542, 14.51292373461704 ], [ 75.309177017314937, 14.512767503840372 ], [ 75.309108570824094, 14.512760811072681 ], [ 75.308910592209003, 14.512741524941205 ], [ 75.308863539173601, 14.512736904280583 ], [ 75.308112431300458, 14.512520272755298 ], [ 75.307991008592936, 14.512485253485245 ], [ 75.307969398920179, 14.512484510603384 ], [ 75.30740896823734, 14.512465774482791 ], [ 75.307078752723967, 14.512454733119162 ], [ 75.306470098216366, 14.512418061653072 ], [ 75.306209740705299, 14.512313782342474 ], [ 75.305078988578529, 14.511850552723157 ], [ 75.304493529872246, 14.51162864804272 ], [ 75.304447849139706, 14.511611334063929 ], [ 75.303769447396135, 14.511457112494394 ], [ 75.303284231201332, 14.511321743180536 ], [ 75.30301430848229, 14.511318883885092 ], [ 75.302787471682706, 14.511316483161602 ], [ 75.302514534716266, 14.511140156068713 ], [ 75.30247237117193, 14.511112913217055 ], [ 75.302364788287562, 14.51104341058643 ], [ 75.302096762101627, 14.510991375589361 ], [ 75.301721708513867, 14.510918555857534 ], [ 75.301341648635699, 14.510937333252874 ], [ 75.301365118979277, 14.510755611454302 ], [ 75.301255654911301, 14.510767425455397 ], [ 75.30114681348347, 14.510779173507972 ], [ 75.300986377377043, 14.510796492142921 ], [ 75.300327319646016, 14.51089009039489 ], [ 75.300321225741556, 14.51087140940909 ], [ 75.300281750990322, 14.510750403252631 ], [ 75.300200898747491, 14.510772624899698 ], [ 75.299519981175152, 14.510959760579203 ], [ 75.298152134367683, 14.511012495265479 ], [ 75.298098485673052, 14.511014561579779 ], [ 75.297548980223638, 14.511035743260907 ], [ 75.297442041026002, 14.511039861585749 ], [ 75.296416359413243, 14.511068364117737 ], [ 75.295777279840081, 14.511086103257389 ], [ 75.295663913548893, 14.511092278581199 ], [ 75.295056437695976, 14.511125363684799 ], [ 75.294956380639476, 14.511115156812352 ], [ 75.293921328590088, 14.511009573794126 ], [ 75.29359032188799, 14.510965322118215 ], [ 75.293158891222205, 14.510892072730956 ], [ 75.29170953990824, 14.5106708832568 ], [ 75.291581428974638, 14.510651311155211 ], [ 75.291572178257724, 14.510899787796035 ], [ 75.291571730007846, 14.510911852436308 ], [ 75.291246059614352, 14.511092795783041 ], [ 75.290916262638362, 14.511276031300511 ], [ 75.288999000176204, 14.511299978309028 ], [ 75.287022348032991, 14.511324653176381 ], [ 75.286763472306816, 14.512453041752241 ], [ 75.286702241492989, 14.513905013854593 ], [ 75.286420489394629, 14.513984892440664 ], [ 75.285643240322841, 14.5142053007336 ], [ 75.282202730245515, 14.51410448328317 ], [ 75.282312706101152, 14.513863796165611 ], [ 75.282914370065356, 14.512547003607148 ], [ 75.282746262312145, 14.512530745217548 ], [ 75.281742818829258, 14.5124336924207 ], [ 75.281491251174799, 14.512495403338127 ], [ 75.28110375634796, 14.512804921173643 ], [ 75.280350610175802, 14.512525391369204 ], [ 75.280348256593001, 14.512523219696524 ], [ 75.280236487123929, 14.512420175038963 ], [ 75.280065409128227, 14.512262441174444 ], [ 75.279919922186565, 14.512192380254568 ], [ 75.279897020759691, 14.512181352507614 ], [ 75.279925839706749, 14.512165820076749 ], [ 75.280330406370879, 14.51194778208912 ], [ 75.280334138461981, 14.511945772223534 ], [ 75.280373617030207, 14.511828231489172 ], [ 75.280385329207803, 14.511793363363253 ], [ 75.28021910329818, 14.511670779921575 ], [ 75.280199186669435, 14.511656091346618 ], [ 75.280049659264265, 14.511692381619612 ], [ 75.280037995462251, 14.511736976533825 ], [ 75.279963819117981, 14.512020520130678 ], [ 75.279951570502035, 14.512024431633993 ], [ 75.279853869136701, 14.512055621125699 ], [ 75.279740209412395, 14.511959802644256 ], [ 75.279305046393176, 14.511862950120262 ], [ 75.279237840688452, 14.511847992239527 ], [ 75.278714593009909, 14.511925091848752 ], [ 75.278559170846108, 14.51194799046052 ], [ 75.278425832245887, 14.512103613923449 ], [ 75.278321099966107, 14.512225851047145 ], [ 75.278143030317239, 14.512656022379216 ], [ 75.277896358623138, 14.512589580068187 ], [ 75.277503991286025, 14.512483894227561 ], [ 75.277512370481901, 14.512442505821832 ], [ 75.277573528168134, 14.512140403462034 ], [ 75.277489458223442, 14.511968261084501 ], [ 75.277224537781564, 14.511980280203749 ], [ 75.277054056898479, 14.511988015806113 ], [ 75.277067748551957, 14.511630274743768 ], [ 75.277030491082201, 14.511432934268468 ], [ 75.276612469407581, 14.511230181212579 ], [ 75.276565071694137, 14.510983860230926 ], [ 75.276528812388406, 14.510795421662605 ], [ 75.276495623575315, 14.510761291056173 ], [ 75.276253527213839, 14.510512319541819 ], [ 75.276251340653118, 14.510510072585484 ], [ 75.276250427735647, 14.510510325918286 ], [ 75.275802192900798, 14.510635845692228 ], [ 75.275780760707192, 14.510717555569475 ], [ 75.275745517924349, 14.510851925006351 ], [ 75.275533612325518, 14.510877974733438 ], [ 75.274030509241854, 14.511062743798323 ], [ 75.274025779629525, 14.510966844115122 ], [ 75.273993456610597, 14.510859901685905 ], [ 75.273962099972806, 14.510756153395862 ], [ 75.273805585336717, 14.510845183423738 ], [ 75.273121007028351, 14.511234592769028 ], [ 75.272005619472822, 14.511882742807037 ], [ 75.271977682414146, 14.511899640330094 ], [ 75.271156371319464, 14.512396324551567 ], [ 75.271114850460847, 14.512419193316388 ], [ 75.270417571743323, 14.512803194583828 ], [ 75.270200129034663, 14.512904701016947 ], [ 75.267295744218799, 14.514260504770204 ], [ 75.267204700064937, 14.514325750808633 ], [ 75.265366159070297, 14.515643374911338 ], [ 75.264399501975859, 14.516062612106253 ], [ 75.263747115764176, 14.516345530421441 ] ] ] } }
]
}
