{
"type": "FeatureCollection",
"name": "villages_in_police_area.writing_20260805_172659",
"crs": { "type": "name", "properties": { "name": "urn:ogc:def:crs:OGC:1.3:CRS84" } },
"features": [
{ "type": "Feature", "properties": { "OBJECTID": 30940, "KGISVillageID": 25310, "KGISVillageCode": "2701020004", "KGISVillageName": "Berambadi  State Forest", "KGISHobliID": 309, "UniqueVillageCode": "2701020004_1", "Bhucode": "270101002011", "CensusVillageCode": "2957805576619556", "BhoomiVillageCode": "2701020004", "created_user": "SA", "created_date": 1556019584000.0, "last_edited_user": "SURESHBV2", "last_edited_date": 1724226051000.0, "LGDGPCode": "216719", "LGDGPCode_Secondary": null, "Category": "Cadastral data available and has bhoomi linkage", "SHAPE.STArea()": 244431028.22159812, "SHAPE.STLength()": 96259.070827761418, "LGD_VillageCode": 619556.0, "_overlap_percent": 0.19202850503940891, "_police_station": "Saragur PS", "_police_feature_index": "506", "_admin_layer": "Village", "_geometry_clipped": true }, "geometry": { "type": "MultiPolygon", "coordinates": [ [ [ [ 76.485092175894096, 11.827627394042789 ], [ 76.485042796609079, 11.828498736234963 ], [ 76.485012093423194, 11.828662645658525 ], [ 76.485012087291679, 11.828662699934807 ], [ 76.484563492832351, 11.831056281435123 ], [ 76.48370807090815, 11.834873914342108 ], [ 76.482158303399117, 11.842275375419614 ], [ 76.482096976069556, 11.842862693361885 ], [ 76.482501823081662, 11.844606142311211 ], [ 76.482700454438159, 11.845464451648397 ], [ 76.48270082938464, 11.845466071586619 ], [ 76.483088321335345, 11.847141240939438 ], [ 76.483351644846834, 11.848365012216679 ], [ 76.483800198483848, 11.850446593713125 ], [ 76.484092149563708, 11.851799404690929 ], [ 76.484133851789821, 11.851966985754995 ], [ 76.48465222439259, 11.854049090349159 ], [ 76.484965512475966, 11.85575103507184 ], [ 76.48533447082302, 11.856620485956142 ], [ 76.486730565981418, 11.859148847240853 ], [ 76.486947765968381, 11.85913999403941 ], [ 76.486930669539404, 11.859109080699177 ], [ 76.485535137116727, 11.856566019637677 ], [ 76.485170876840812, 11.855699135485924 ], [ 76.484866677274866, 11.853998937127001 ], [ 76.484358990751005, 11.851920272204312 ], [ 76.484318126070718, 11.851752972483034 ], [ 76.484032797955948, 11.850402027501248 ], [ 76.483593751724271, 11.848323230113113 ], [ 76.483335607148092, 11.847100941852126 ], [ 76.482783331198931, 11.844672715742364 ], [ 76.482362159138603, 11.842827137795535 ], [ 76.482415237000737, 11.842236818109107 ], [ 76.483860773188724, 11.834791082669533 ], [ 76.484663612321242, 11.830950174698538 ], [ 76.485080347156199, 11.828542885175535 ], [ 76.485080353287699, 11.82854283089927 ], [ 76.485108890053013, 11.8283779844456 ], [ 76.485147509519848, 11.82750275232387 ], [ 76.485534615199299, 11.82499723513182 ], [ 76.485092175894096, 11.827627394042789 ] ] ], [ [ [ 76.467549994293961, 11.820844396606088 ], [ 76.470829931696258, 11.821141243808256 ], [ 76.475001482099685, 11.82158937940768 ], [ 76.475617332840216, 11.821651617959656 ], [ 76.479174843003364, 11.821981246413689 ], [ 76.480462617839734, 11.822115572887606 ], [ 76.481956123594799, 11.822258254125817 ], [ 76.484257718816806, 11.822477763253584 ], [ 76.485680064401294, 11.822613405785273 ], [ 76.48579257091086, 11.822624134876021 ], [ 76.485866936790174, 11.822631226731446 ], [ 76.485874359118185, 11.822798260013592 ], [ 76.48587571789561, 11.822789465264384 ], [ 76.485858526663733, 11.822479658287047 ], [ 76.481953090772009, 11.822139764320726 ], [ 76.480461196399744, 11.822009907884116 ], [ 76.479174532322105, 11.821886651345645 ], [ 76.475619195856879, 11.821588405398469 ], [ 76.475003509485703, 11.821531641954767 ], [ 76.470831323738508, 11.821121102837241 ], [ 76.467550092402661, 11.820844379825477 ], [ 76.466193521438143, 11.820719271894253 ], [ 76.467549994293961, 11.820844396606088 ] ] ], [ [ [ 76.457229124383346, 11.806362877491676 ], [ 76.457333769837305, 11.806982005379092 ], [ 76.458810529398363, 11.815141197209449 ], [ 76.458810793006563, 11.815142626110143 ], [ 76.459457921507436, 11.818343025564523 ], [ 76.459629188423023, 11.819190013615778 ], [ 76.458812703222904, 11.815144615218793 ], [ 76.458812438696981, 11.815143186322816 ], [ 76.457332366938587, 11.806955655894342 ], [ 76.457224257083638, 11.8063330307003 ], [ 76.457222053558098, 11.806321008174571 ], [ 76.457229124383346, 11.806362877491676 ] ] ], [ [ [ 76.44696156905718, 11.800103816427102 ], [ 76.449782577907371, 11.799398394800685 ], [ 76.450731188909131, 11.799491627976304 ], [ 76.451836070741805, 11.799599996320596 ], [ 76.452096383008552, 11.799625493017112 ], [ 76.452806094226929, 11.799694932091608 ], [ 76.453403866971598, 11.799247572770359 ], [ 76.454366019071401, 11.797624641548571 ], [ 76.454485988324734, 11.79721153025743 ], [ 76.454767307271339, 11.797032771802543 ], [ 76.455307218037149, 11.796689693850032 ], [ 76.455470966956455, 11.796585641318071 ], [ 76.455656134079334, 11.797459853606373 ], [ 76.455497148928316, 11.796520224436115 ], [ 76.454431738559293, 11.797138703564146 ], [ 76.454279753838321, 11.797549753612929 ], [ 76.453300766015701, 11.799189632680605 ], [ 76.452720275996569, 11.799646801396758 ], [ 76.452016848215465, 11.79958346692373 ], [ 76.451758789742215, 11.799560227891867 ], [ 76.450663144180965, 11.799461583444947 ], [ 76.449721746623467, 11.799376816164731 ], [ 76.446953276410369, 11.800101210161035 ], [ 76.44696156905718, 11.800103816427102 ] ] ], [ [ [ 76.442252455604304, 11.800277503462521 ], [ 76.443759629994844, 11.799704391471765 ], [ 76.444207833962579, 11.799533957033756 ], [ 76.444510068365261, 11.7994533531048 ], [ 76.444584383716702, 11.799433533357211 ], [ 76.444568023562766, 11.799428679988885 ], [ 76.444038977299797, 11.799571761028409 ], [ 76.442216049942004, 11.800278949549121 ], [ 76.442252455604304, 11.800277503462521 ] ] ], [ [ [ 76.424551555731824, 11.806975441542942 ], [ 76.425821108912601, 11.806652408788974 ], [ 76.428348330499858, 11.805391763572848 ], [ 76.430267393104188, 11.804620220349518 ], [ 76.431414439573444, 11.804127290156318 ], [ 76.4314145915788, 11.80412722610447 ], [ 76.434811112540899, 11.802627834268208 ], [ 76.439569628420799, 11.800476595527901 ], [ 76.439539011154494, 11.800478195607033 ], [ 76.434435179717525, 11.802730773457224 ], [ 76.430843435593715, 11.804180556460746 ], [ 76.430843276237397, 11.804180618741132 ], [ 76.429657100402707, 11.804659399270669 ], [ 76.427755939125873, 11.805426745887697 ], [ 76.425395986034914, 11.80669425190632 ], [ 76.424462724465556, 11.806948323336982 ], [ 76.424551555731824, 11.806975441542942 ] ] ], [ [ [ 76.421494777430297, 11.807626330464466 ], [ 76.421623024024711, 11.807149186925045 ], [ 76.421744623580565, 11.80669470790335 ], [ 76.422324034436045, 11.806462577315216 ], [ 76.422414756357057, 11.806426457820749 ], [ 76.422343631741782, 11.806403070308908 ], [ 76.422119443005926, 11.806498292195831 ], [ 76.421567929203121, 11.80673253946326 ], [ 76.421449012583537, 11.807189127835203 ], [ 76.421326099616408, 11.807661054557983 ], [ 76.421494777430297, 11.807626330464466 ] ] ], [ [ [ 76.42118587302258, 11.803356880673997 ], [ 76.420888298598598, 11.803566480045959 ], [ 76.420592386548705, 11.804099002664108 ], [ 76.420027811669911, 11.804797921760731 ], [ 76.419503373447213, 11.805039750560232 ], [ 76.417254481634941, 11.805892990615705 ], [ 76.416383529540639, 11.80650970766049 ], [ 76.415550930864512, 11.807030548148891 ], [ 76.413630262896334, 11.80749939128663 ], [ 76.41196386955346, 11.808311420864847 ], [ 76.410859051723705, 11.809099124406369 ], [ 76.410171146751708, 11.809903892314761 ], [ 76.409712622171938, 11.810456350547433 ], [ 76.409597515693676, 11.81168885242419 ], [ 76.409742316329954, 11.813888864361513 ], [ 76.409330423028635, 11.814442263793969 ], [ 76.409288554766675, 11.814778071918253 ], [ 76.409333511314415, 11.815063281672415 ], [ 76.409336901303575, 11.815084789619243 ], [ 76.409361973333048, 11.815243847955008 ], [ 76.409380712165799, 11.815362727044695 ], [ 76.409919637331996, 11.815275215892331 ], [ 76.410746209873267, 11.815431919226617 ], [ 76.411409062038373, 11.815360063378023 ], [ 76.411521455126405, 11.815347878973734 ], [ 76.412165568016633, 11.816118310869996 ], [ 76.412246418158844, 11.816168744364838 ], [ 76.412275040632707, 11.816184477960819 ], [ 76.412557705982522, 11.816339738462814 ], [ 76.413075585371445, 11.816621947797005 ], [ 76.413220472682724, 11.81677497381706 ], [ 76.413222349895094, 11.815996218045944 ], [ 76.413225721637346, 11.81492630036789 ], [ 76.41392194069897, 11.813061142719553 ], [ 76.415189262460274, 11.81164283991996 ], [ 76.416391965573837, 11.810788892351324 ], [ 76.418191681062197, 11.810179593568694 ], [ 76.419325454374501, 11.80903397738456 ], [ 76.420863732679919, 11.807768151518699 ], [ 76.42073519449994, 11.80779599349937 ], [ 76.418883227415122, 11.808197142426593 ], [ 76.418457249774292, 11.808289406616536 ], [ 76.416513570766014, 11.809078451676266 ], [ 76.415859996802041, 11.809705961511368 ], [ 76.41473770348631, 11.810783478870368 ], [ 76.413601674908421, 11.811293256545325 ], [ 76.412863027779451, 11.812114263011521 ], [ 76.411614562853188, 11.81194226325467 ], [ 76.410805405163245, 11.812871137214914 ], [ 76.410812804855297, 11.813763398856027 ], [ 76.410822350228813, 11.814915197239108 ], [ 76.410124891881907, 11.814900267313689 ], [ 76.410046891109999, 11.8130298072989 ], [ 76.410046888765876, 11.81302970785975 ], [ 76.410083466280483, 11.811364005792248 ], [ 76.41030114750923, 11.810760385403961 ], [ 76.410887865483488, 11.809970468487352 ], [ 76.411255704300473, 11.809389392398385 ], [ 76.412394582196171, 11.808373246061164 ], [ 76.413318139879905, 11.807915046576078 ], [ 76.41450374336911, 11.807458350060676 ], [ 76.41521139459519, 11.807360691222941 ], [ 76.415870706620638, 11.807204795483717 ], [ 76.416520677330126, 11.806654552819381 ], [ 76.417377274716628, 11.806184640786697 ], [ 76.418343180913695, 11.805854860052477 ], [ 76.419680617143285, 11.805381058934067 ], [ 76.420245177326265, 11.805123803407945 ], [ 76.420476986304251, 11.804776736475848 ], [ 76.420754567060982, 11.804364117064916 ], [ 76.421178161031364, 11.803734445641338 ], [ 76.42134768058429, 11.803426132409545 ], [ 76.42118587302258, 11.803356880673997 ] ] ], [ [ [ 76.42535051609434, 11.804390937799569 ], [ 76.425111328051315, 11.804621777724268 ], [ 76.424653321003802, 11.804796303564077 ], [ 76.423809212032083, 11.804709626318637 ], [ 76.424189109345804, 11.804993880749279 ], [ 76.42448145574491, 11.805123495661045 ], [ 76.424497097056744, 11.805130423086279 ], [ 76.42464877542939, 11.805197674152538 ], [ 76.424669039319326, 11.80519005052156 ], [ 76.425023573604761, 11.805056622719459 ], [ 76.425474584834745, 11.804486360116147 ], [ 76.425619586231022, 11.804144792606026 ], [ 76.42535051609434, 11.804390937799569 ] ] ], [ [ [ 76.427664002724484, 11.797845353294202 ], [ 76.427227240483546, 11.798390857430137 ], [ 76.427622509192361, 11.798162980382575 ], [ 76.427851894666247, 11.797618145437124 ], [ 76.427942837550603, 11.79740211970303 ], [ 76.42800021938217, 11.797126369051471 ], [ 76.428287882931741, 11.795743967550123 ], [ 76.428219544004094, 11.795546961937202 ], [ 76.427664002724484, 11.797845353294202 ] ] ], [ [ [ 76.418206397380374, 11.790118353921834 ], [ 76.418170665006812, 11.790110412801882 ], [ 76.41810076636834, 11.79009487888767 ], [ 76.418006210528119, 11.790176963005166 ], [ 76.418206397380374, 11.790118353921834 ] ] ], [ [ [ 76.419909164431843, 11.777011614421319 ], [ 76.418960823554301, 11.776748796889981 ], [ 76.418581867768637, 11.776823901391529 ], [ 76.419049429907403, 11.776951403034293 ], [ 76.421163114441129, 11.777527756982646 ], [ 76.421329472270614, 11.777528156502246 ], [ 76.421441389303425, 11.777528422567245 ], [ 76.421505633748311, 11.777459440556958 ], [ 76.419909164431843, 11.777011614421319 ] ] ] ] } },
{ "type": "Feature", "properties": { "OBJECTID": 22592, "KGISVillageID": 28620, "KGISVillageCode": "2606050030", "KGISVillageName": "Hadhanuru Vadeyanapura", "KGISHobliID": 382, "UniqueVillageCode": "2606050030_1", "Bhucode": "260601004013", "CensusVillageCode": "2957705574619177", "BhoomiVillageCode": "2606050030", "created_user": null, "created_date": null, "last_edited_user": "SURESHBV2", "last_edited_date": 1724226117000.0, "LGDGPCode": "219580", "LGDGPCode_Secondary": null, "Category": "Cadastral data available and has bhoomi linkage", "SHAPE.STArea()": 1727015.67390014, "SHAPE.STLength()": 6717.3944628456402, "LGD_VillageCode": 619177.0, "_overlap_percent": 0.19763283751775734, "_police_station": "Saragur PS", "_police_feature_index": "506", "_admin_layer": "Village", "_geometry_clipped": true }, "geometry": { "type": "MultiPolygon", "coordinates": [ [ [ [ 76.491410054324774, 11.918837391137263 ], [ 76.491632490870785, 11.919508317988143 ], [ 76.491633533497307, 11.919662240716313 ], [ 76.491636487069144, 11.919995262397252 ], [ 76.491637529355842, 11.920697573523423 ], [ 76.491299975374574, 11.921285138986931 ], [ 76.491329156905806, 11.921325795598905 ], [ 76.491329869055832, 11.921326787795865 ], [ 76.491350510787441, 11.921292110180596 ], [ 76.491722116988313, 11.920667809469863 ], [ 76.491695446696937, 11.919972036674686 ], [ 76.491682685724399, 11.919639072370824 ], [ 76.491676762461637, 11.919484608648698 ], [ 76.491435742759037, 11.918816587356188 ], [ 76.49117782980727, 11.918852732202399 ], [ 76.4911543276218, 11.918856025864837 ], [ 76.491410054324774, 11.918837391137263 ] ] ], [ [ [ 76.490917493390953, 11.918768679239747 ], [ 76.49095806821785, 11.918868301830308 ], [ 76.491033691663191, 11.918863571630876 ], [ 76.490986188131473, 11.91877290281629 ], [ 76.490925465825711, 11.918657005273785 ], [ 76.490870596612297, 11.918657744124236 ], [ 76.490865408308736, 11.918657813923756 ], [ 76.490917493390953, 11.918768679239747 ] ] ], [ [ [ 76.48995397841739, 11.917347729699873 ], [ 76.48995473830621, 11.917376295861345 ], [ 76.489959362385761, 11.917536165690393 ], [ 76.489974586506051, 11.918062469162459 ], [ 76.489948682072196, 11.91810865189354 ], [ 76.489935172730497, 11.918122932501268 ], [ 76.489913510303651, 11.918145829458211 ], [ 76.489916023858882, 11.91816685279051 ], [ 76.489942247125853, 11.918378393053084 ], [ 76.490039339422154, 11.918639481631512 ], [ 76.490047697314438, 11.918661843697027 ], [ 76.490088249238454, 11.918661325868982 ], [ 76.490082174942856, 11.918645342072173 ], [ 76.489981003076849, 11.918379094816641 ], [ 76.48995284616926, 11.918167016023599 ], [ 76.48995007644055, 11.918146154970126 ], [ 76.489985825140934, 11.918111069966196 ], [ 76.490011806248404, 11.918066995100235 ], [ 76.489978794654021, 11.91742201452697 ], [ 76.489974963995095, 11.917347184749357 ], [ 76.489964055773228, 11.917343835940004 ], [ 76.489953791032562, 11.91734068449848 ], [ 76.48995397841739, 11.917347729699873 ] ] ], [ [ [ 76.489659141714469, 11.915900677919291 ], [ 76.489723698742793, 11.916427775707248 ], [ 76.48973660728953, 11.916533170603307 ], [ 76.489727228671512, 11.916378114964816 ], [ 76.48967945305013, 11.915982748906242 ], [ 76.489646959830921, 11.915713858248141 ], [ 76.489659141714469, 11.915900677919291 ] ] ], [ [ [ 76.489562655347797, 11.915300327242198 ], [ 76.489573755265098, 11.915503703453705 ], [ 76.489645723473558, 11.915703627038198 ], [ 76.489644719467535, 11.915695318601967 ], [ 76.489561330047124, 11.915276044167316 ], [ 76.489562655347797, 11.915300327242198 ] ] ], [ [ [ 76.490111008238515, 11.914051883395993 ], [ 76.490123341167205, 11.914253209859483 ], [ 76.489989329325127, 11.914622328593303 ], [ 76.489983745848164, 11.914617796220709 ], [ 76.489913279505473, 11.914571332991741 ], [ 76.489804761967775, 11.914499257244426 ], [ 76.489798469280998, 11.914494299187753 ], [ 76.489761964280689, 11.914502739972667 ], [ 76.489699525090245, 11.914517178913204 ], [ 76.489670629345284, 11.914523860831601 ], [ 76.489686065337523, 11.914571849136342 ], [ 76.489686888070111, 11.91457440509191 ], [ 76.489641660675019, 11.914801408455761 ], [ 76.48956047383578, 11.915208907588582 ], [ 76.489619532707337, 11.914981863356156 ], [ 76.489700118460334, 11.914553102323175 ], [ 76.489729892536218, 11.914547386720772 ], [ 76.489794229698774, 11.914535036066633 ], [ 76.489831844848538, 11.914527816220023 ], [ 76.489838715200591, 11.91453298186782 ], [ 76.48995609511222, 11.914608678515414 ], [ 76.49003187080595, 11.914657550101825 ], [ 76.490037919856846, 11.914662273480454 ], [ 76.490150812741547, 11.91429850004163 ], [ 76.490126939598341, 11.914097270776725 ], [ 76.490179159188486, 11.913756118724805 ], [ 76.490174758229983, 11.913738063375582 ], [ 76.490111008238515, 11.914051883395993 ] ] ], [ [ [ 76.490085382954106, 11.912764803718151 ], [ 76.49009272635665, 11.912817969269421 ], [ 76.4902431131664, 11.912782345590522 ], [ 76.490229695548038, 11.912747880354191 ], [ 76.490085382954106, 11.912764803718151 ] ] ], [ [ [ 76.494005868963669, 11.909883438245728 ], [ 76.494005868651413, 11.909883438360877 ], [ 76.49465965598678, 11.909918057405417 ], [ 76.494684470102442, 11.909919371410339 ], [ 76.494734515714427, 11.909867791721656 ], [ 76.494005868963669, 11.909883438245728 ] ] ] ] } },
{ "type": "Feature", "properties": { "OBJECTID": 22636, "KGISVillageID": 28664, "KGISVillageCode": "2606050034", "KGISVillageName": "Rayagowdanahalli", "KGISHobliID": 382, "UniqueVillageCode": "2606050034_1", "Bhucode": "260601004054", "CensusVillageCode": "2957705574619174", "BhoomiVillageCode": "2606050034", "created_user": null, "created_date": null, "last_edited_user": "SURESHBV2", "last_edited_date": 1724226170000.0, "LGDGPCode": "219580", "LGDGPCode_Secondary": null, "Category": "Cadastral data available and has bhoomi linkage", "SHAPE.STArea()": 1772103.39246495, "SHAPE.STLength()": 6071.1163830372843, "LGD_VillageCode": 619174.0, "_overlap_percent": 2.4009841939562944, "_police_station": "Saragur PS", "_police_feature_index": "506", "_admin_layer": "Village", "_geometry_clipped": true }, "geometry": { "type": "MultiPolygon", "coordinates": [ [ [ [ 76.492637262589469, 11.962157999662885 ], [ 76.492055811255739, 11.962805972501947 ], [ 76.49192107702946, 11.963399903241971 ], [ 76.492026446646904, 11.963439818305501 ], [ 76.492087267550616, 11.962951551331614 ], [ 76.492911244991518, 11.961968624065886 ], [ 76.492842900280579, 11.961833554720807 ], [ 76.492637262589469, 11.962157999662885 ] ] ], [ [ [ 76.492535407737208, 11.959533089276787 ], [ 76.492630456649351, 11.959854067305258 ], [ 76.492510413730471, 11.959936990232785 ], [ 76.492479147807998, 11.959990831330199 ], [ 76.492446877672819, 11.960046402708249 ], [ 76.492439020049247, 11.960100877867967 ], [ 76.492413175532761, 11.960280040623932 ], [ 76.492403865640725, 11.960370428807268 ], [ 76.492438394102379, 11.960217131420844 ], [ 76.492667585645066, 11.959899251848517 ], [ 76.492565502088183, 11.959522967463908 ], [ 76.492402614488611, 11.959327893393505 ], [ 76.492535407737208, 11.959533089276787 ] ] ], [ [ [ 76.492400846691893, 11.959325776281435 ], [ 76.492370046983311, 11.95928889057291 ], [ 76.492365684368465, 11.959288415121861 ], [ 76.492400846691893, 11.959325776281435 ] ] ], [ [ [ 76.491246924493396, 11.958600478198647 ], [ 76.491340313265198, 11.958739803107374 ], [ 76.491464759582541, 11.958925463288745 ], [ 76.491590724332667, 11.959113389035622 ], [ 76.491686517690454, 11.959256301877554 ], [ 76.492271604188446, 11.959278161977391 ], [ 76.491682035955222, 11.959213909036231 ], [ 76.491228052634781, 11.958532280194625 ], [ 76.491246924493396, 11.958600478198647 ] ] ], [ [ [ 76.489021986359887, 11.954474623287771 ], [ 76.488958345322189, 11.954478955718439 ], [ 76.488959399638603, 11.954481519469384 ], [ 76.488966997330891, 11.954603210948168 ], [ 76.488975374851847, 11.954737378846817 ], [ 76.488922601421876, 11.955304561547552 ], [ 76.488829517794969, 11.956520862759477 ], [ 76.488854250715846, 11.956893203649472 ], [ 76.489112547638229, 11.957887698121038 ], [ 76.489163396544399, 11.958083476638434 ], [ 76.489260999861742, 11.958268173802356 ], [ 76.490005951143345, 11.95885191393014 ], [ 76.490160408544355, 11.958797025096683 ], [ 76.490346287477522, 11.958561711627645 ], [ 76.490351879991621, 11.958554632084432 ], [ 76.491198726952405, 11.958488249434009 ], [ 76.491036113836913, 11.958244095553129 ], [ 76.490636013312084, 11.957894584971436 ], [ 76.490458362353252, 11.957801105291033 ], [ 76.490118513783599, 11.957541995499174 ], [ 76.489821078121125, 11.957157428889357 ], [ 76.489696222291656, 11.956839180446995 ], [ 76.48959990373325, 11.956337962382236 ], [ 76.489047394126203, 11.955309561156778 ], [ 76.489087650115763, 11.95455205239408 ], [ 76.489072023135975, 11.954474530850646 ], [ 76.489021986359887, 11.954474623287771 ] ] ] ] } },
{ "type": "Feature", "properties": { "OBJECTID": 21852, "KGISVillageID": 27859, "KGISVillageCode": "2608030031", "KGISVillageName": "Vaderahalli", "KGISHobliID": 881, "UniqueVillageCode": "2608030031_1", "Bhucode": "260501005051", "CensusVillageCode": "2957705573619015", "BhoomiVillageCode": "2608030031", "created_user": "SA", "created_date": 1556019584000.0, "last_edited_user": "SURESHBV2", "last_edited_date": 1724226113000.0, "LGDGPCode": "219457", "LGDGPCode_Secondary": null, "Category": "Cadastral data available and has bhoomi linkage", "SHAPE.STArea()": 7599686.2202580348, "SHAPE.STLength()": 12505.83401724443, "LGD_VillageCode": 619015.0, "_overlap_percent": 99.912714542993044, "_police_station": "Saragur PS", "_police_feature_index": "506", "_admin_layer": "Village", "_geometry_clipped": true }, "geometry": { "type": "Polygon", "coordinates": [ [ [ 76.419325454374501, 11.80903397738456 ], [ 76.418191681062197, 11.810179593568694 ], [ 76.416391965573837, 11.810788892351324 ], [ 76.415189262460274, 11.81164283991996 ], [ 76.41392194069897, 11.813061142719553 ], [ 76.413225721637346, 11.81492630036789 ], [ 76.413222349895094, 11.815996218045944 ], [ 76.413220472682724, 11.81677497381706 ], [ 76.413263765847148, 11.816820671992371 ], [ 76.413256739116122, 11.81686925514904 ], [ 76.413260085165575, 11.818205203121677 ], [ 76.413891410165078, 11.820474013250333 ], [ 76.414578461205338, 11.821589420880391 ], [ 76.416100890800948, 11.822324297984139 ], [ 76.41738954268321, 11.822363102883934 ], [ 76.418848370438852, 11.823145358631242 ], [ 76.419885972887641, 11.824151567529331 ], [ 76.42027821329313, 11.824859481934048 ], [ 76.42030757936719, 11.826693240939521 ], [ 76.420172659687012, 11.826950857891122 ], [ 76.420148338319308, 11.827267695370029 ], [ 76.419582534643638, 11.828207896791531 ], [ 76.419802160825355, 11.829862788000256 ], [ 76.419833447094049, 11.830027512746824 ], [ 76.420187156094869, 11.829966160463933 ], [ 76.420847737227504, 11.829855592526661 ], [ 76.421083273834412, 11.829867051839965 ], [ 76.423612812181943, 11.830432986896001 ], [ 76.424729363754921, 11.830310968952825 ], [ 76.426154205099763, 11.830479901998332 ], [ 76.428220132740407, 11.831764526138247 ], [ 76.428881077158465, 11.83205187462541 ], [ 76.429170667588366, 11.832008364414182 ], [ 76.430190021407469, 11.830129222296275 ], [ 76.431071129065103, 11.828753511402125 ], [ 76.432573585500819, 11.828171139008317 ], [ 76.433734234397903, 11.827694127086515 ], [ 76.43411656174203, 11.827329565699012 ], [ 76.434500355611533, 11.826940876310111 ], [ 76.43478295955785, 11.82605357185542 ], [ 76.435143198194865, 11.825510988633898 ], [ 76.435837683552478, 11.824959938789254 ], [ 76.436460565528037, 11.824717776290269 ], [ 76.436780126889445, 11.824317534456345 ], [ 76.43688249956729, 11.824187011932144 ], [ 76.437790287632282, 11.824105556707638 ], [ 76.438235746441293, 11.82406540283289 ], [ 76.438381974434279, 11.823842285197518 ], [ 76.437598263409697, 11.820501765217537 ], [ 76.437525570835518, 11.82024878175865 ], [ 76.437843561022035, 11.820152506987393 ], [ 76.438116639679762, 11.819699796888298 ], [ 76.438367690355335, 11.819286572131585 ], [ 76.442395298972002, 11.812754660262971 ], [ 76.444503076904439, 11.809309363553734 ], [ 76.448070558505464, 11.803678128074385 ], [ 76.449439028522491, 11.801436037870163 ], [ 76.450731188909131, 11.799491627976304 ], [ 76.449782577907371, 11.799398394800685 ], [ 76.44696156905718, 11.800103816427102 ], [ 76.446953276410369, 11.800101210161035 ], [ 76.446890474708709, 11.800117642765375 ], [ 76.446066553385563, 11.799873230645801 ], [ 76.444584383716702, 11.799433533357211 ], [ 76.444510068365261, 11.7994533531048 ], [ 76.444207833962579, 11.799533957033756 ], [ 76.443759629994844, 11.799704391471765 ], [ 76.442252455604304, 11.800277503462521 ], [ 76.442216049942004, 11.800278949549121 ], [ 76.442039268153223, 11.800347530478117 ], [ 76.439569628420799, 11.800476595527901 ], [ 76.434811112540899, 11.802627834268208 ], [ 76.4314145915788, 11.80412722610447 ], [ 76.431414439573444, 11.804127290156318 ], [ 76.430267393104188, 11.804620220349518 ], [ 76.428348330499858, 11.805391763572848 ], [ 76.425821108912601, 11.806652408788974 ], [ 76.424551555731824, 11.806975441542942 ], [ 76.424462724465556, 11.806948323336982 ], [ 76.424210577840299, 11.807016967815573 ], [ 76.422414756357057, 11.806426457820749 ], [ 76.422324034436045, 11.806462577315216 ], [ 76.421744623580565, 11.80669470790335 ], [ 76.421623024024711, 11.807149186925045 ], [ 76.421494777430297, 11.807626330464466 ], [ 76.421326099616408, 11.807661054557983 ], [ 76.421324182352137, 11.807668415931373 ], [ 76.420863732679919, 11.807768151518699 ], [ 76.419325454374501, 11.80903397738456 ] ] ] } },
{ "type": "Feature", "properties": { "OBJECTID": 21783, "KGISVillageID": 27790, "KGISVillageCode": "2608040009", "KGISVillageName": "Kuranagala", "KGISHobliID": 462, "UniqueVillageCode": "2608040009_1", "Bhucode": "260501003033", "CensusVillageCode": "2957705573619115", "BhoomiVillageCode": "2608040009", "created_user": "SA", "created_date": 1556019584000.0, "last_edited_user": "SURESHBV2", "last_edited_date": 1724226098000.0, "LGDGPCode": "219439", "LGDGPCode_Secondary": null, "Category": "Cadastral data available and has bhoomi linkage", "SHAPE.STArea()": 17664299.696508244, "SHAPE.STLength()": 25684.160963873899, "LGD_VillageCode": 619115.0, "_overlap_percent": 98.933006248549788, "_police_station": "Saragur PS", "_police_feature_index": "506", "_admin_layer": "Village", "_geometry_clipped": true }, "geometry": { "type": "Polygon", "coordinates": [ [ [ 76.412139298083147, 11.785896157537428 ], [ 76.409033829464008, 11.785291926925764 ], [ 76.40593105571358, 11.786122416385089 ], [ 76.401202827949575, 11.786570032365116 ], [ 76.392888912592952, 11.787965522890063 ], [ 76.385810479087226, 11.78933407592103 ], [ 76.385631344404302, 11.789338434436859 ], [ 76.385606553050181, 11.789339037036187 ], [ 76.391249530929556, 11.798151590928647 ], [ 76.392858224959667, 11.803296870174519 ], [ 76.397246693515172, 11.817343095724839 ], [ 76.397106428127316, 11.817355483197494 ], [ 76.398628015072845, 11.820783894602895 ], [ 76.398666706264464, 11.820871034760515 ], [ 76.398527676946841, 11.821400357966546 ], [ 76.397517589467867, 11.825254365965295 ], [ 76.395811509588256, 11.831797041691495 ], [ 76.395507716845813, 11.832862339330973 ], [ 76.392497179714027, 11.843428257120987 ], [ 76.39239806038843, 11.843773557158503 ], [ 76.392277256020478, 11.844194282711424 ], [ 76.392198993927565, 11.844466831972511 ], [ 76.39931382227094, 11.858929540106672 ], [ 76.401315324580281, 11.858018022591757 ], [ 76.409985169984793, 11.853632321439642 ], [ 76.411824151210539, 11.852576975395401 ], [ 76.41199911822082, 11.852476564771107 ], [ 76.413085699609098, 11.851852992027977 ], [ 76.413807132602727, 11.85207203136075 ], [ 76.414439705996642, 11.852260524795843 ], [ 76.414532330411632, 11.85224270167638 ], [ 76.414556213839845, 11.852238185752572 ], [ 76.414568423327793, 11.852235880795465 ], [ 76.41461161187344, 11.852227739743338 ], [ 76.414667382311904, 11.852217246658398 ], [ 76.41490825874402, 11.852172444985936 ], [ 76.415095647356353, 11.852137591469781 ], [ 76.415173614583878, 11.852223523790789 ], [ 76.415492794148534, 11.852716941411687 ], [ 76.415606087676053, 11.852718646996333 ], [ 76.415561661378248, 11.852572980024616 ], [ 76.415543753704824, 11.851982441379286 ], [ 76.415723587384406, 11.851969009765833 ], [ 76.415669593667303, 11.851553355009253 ], [ 76.415645122017281, 11.851360507579003 ], [ 76.415807427432739, 11.851048121928971 ], [ 76.415879570199692, 11.851042588909207 ], [ 76.415840209250518, 11.850851395396113 ], [ 76.416021796804614, 11.850521961509692 ], [ 76.416337722458564, 11.850478343091398 ], [ 76.416484992111393, 11.850082267203316 ], [ 76.416521750503577, 11.849950712228019 ], [ 76.41650059291301, 11.849506811377726 ], [ 76.416159477479482, 11.849325589275118 ], [ 76.415765264842193, 11.849108057922749 ], [ 76.415854282084183, 11.849017778553911 ], [ 76.41624788771972, 11.848613717669769 ], [ 76.416957117700392, 11.847861807967874 ], [ 76.41701614778367, 11.847418822380542 ], [ 76.417266140381415, 11.84708696912449 ], [ 76.417542028230784, 11.846849036244933 ], [ 76.417921112350626, 11.846715701026733 ], [ 76.41848828325061, 11.846516375896789 ], [ 76.418828140560336, 11.846357628450574 ], [ 76.41909130135592, 11.84599099982846 ], [ 76.419416682536507, 11.845584689672709 ], [ 76.419557429301193, 11.845262052415141 ], [ 76.419547518631163, 11.844926159294157 ], [ 76.419077956590826, 11.844556513546515 ], [ 76.418420679023157, 11.844054666290738 ], [ 76.417444035560109, 11.843103882586334 ], [ 76.417353588736376, 11.840970582543743 ], [ 76.417147222337448, 11.840902579735662 ], [ 76.417016771137497, 11.840859689040084 ], [ 76.416536982352355, 11.840773376913736 ], [ 76.415924402160954, 11.840750557427887 ], [ 76.415283706603574, 11.841043293888482 ], [ 76.414944800433503, 11.84099428450606 ], [ 76.414587102518581, 11.840758595178093 ], [ 76.414509565223639, 11.840836330200915 ], [ 76.41430959022901, 11.841040834543927 ], [ 76.41361845439981, 11.841229995642781 ], [ 76.412262100952461, 11.841302597811081 ], [ 76.412216410676535, 11.840975208369112 ], [ 76.412180179114756, 11.840715092540963 ], [ 76.412043256469246, 11.840711972135047 ], [ 76.411592812531808, 11.837607782106279 ], [ 76.411440739805542, 11.836812539627884 ], [ 76.411041915156005, 11.827075941036954 ], [ 76.410991214579724, 11.825364387789996 ], [ 76.410980042323843, 11.824943613309285 ], [ 76.410979554702507, 11.824925108867841 ], [ 76.410738781626549, 11.815782060715616 ], [ 76.410760282843242, 11.815779793107566 ], [ 76.410746209873267, 11.815431919226617 ], [ 76.409919637331996, 11.815275215892331 ], [ 76.409380712165799, 11.815362727044695 ], [ 76.409361973333048, 11.815243847955008 ], [ 76.409336901303575, 11.815084789619243 ], [ 76.409333511314415, 11.815063281672415 ], [ 76.409288554766675, 11.814778071918253 ], [ 76.409330423028635, 11.814442263793969 ], [ 76.409742316329954, 11.813888864361513 ], [ 76.409597515693676, 11.81168885242419 ], [ 76.409712622171938, 11.810456350547433 ], [ 76.410171146751708, 11.809903892314761 ], [ 76.410859051723705, 11.809099124406369 ], [ 76.41196386955346, 11.808311420864847 ], [ 76.413630262896334, 11.80749939128663 ], [ 76.415550930864512, 11.807030548148891 ], [ 76.416383529540639, 11.80650970766049 ], [ 76.417254481634941, 11.805892990615705 ], [ 76.419503373447213, 11.805039750560232 ], [ 76.420027811669911, 11.804797921760731 ], [ 76.420592386548705, 11.804099002664108 ], [ 76.420888298598598, 11.803566480045959 ], [ 76.42118587302258, 11.803356880673997 ], [ 76.42134768058429, 11.803426132409545 ], [ 76.421459439441847, 11.803222871287383 ], [ 76.421764487691675, 11.803176578571451 ], [ 76.422531517574342, 11.803753615307166 ], [ 76.422601764944559, 11.803806165904483 ], [ 76.423809212032083, 11.804709626318637 ], [ 76.424653321003802, 11.804796303564077 ], [ 76.425111328051315, 11.804621777724268 ], [ 76.42535051609434, 11.804390937799569 ], [ 76.425619586231022, 11.804144792606026 ], [ 76.425751488628862, 11.803834081297296 ], [ 76.425762672698951, 11.803408273355954 ], [ 76.425450635816532, 11.803014533528714 ], [ 76.425165341206068, 11.802573839809876 ], [ 76.424957274931401, 11.801966436162138 ], [ 76.424904697795128, 11.801812936915875 ], [ 76.424567490380866, 11.800964912727142 ], [ 76.424613725744194, 11.800749892840711 ], [ 76.424946523383497, 11.80042409585417 ], [ 76.425036999227274, 11.800265249753577 ], [ 76.4255891587094, 11.799286633385591 ], [ 76.426223881000524, 11.798873833942944 ], [ 76.426625826941077, 11.798688947689403 ], [ 76.427043206716931, 11.798496955055509 ], [ 76.427227240483546, 11.798390857430137 ], [ 76.427664002724484, 11.797845353294202 ], [ 76.428219544004094, 11.795546961937202 ], [ 76.428158526183807, 11.795371061414604 ], [ 76.428138243235011, 11.795331912074255 ], [ 76.427767827038593, 11.794616953580189 ], [ 76.427293223352208, 11.794231702800005 ], [ 76.42674354640782, 11.793835181978659 ], [ 76.426218433103884, 11.793695555146503 ], [ 76.425660983580741, 11.793815775757219 ], [ 76.425098636602172, 11.794295113250556 ], [ 76.424980301897889, 11.794395980006049 ], [ 76.424199613518951, 11.795061422586858 ], [ 76.423544470940627, 11.795789718782114 ], [ 76.423525910043011, 11.795810351794486 ], [ 76.423187586975374, 11.795922101166518 ], [ 76.422324551764177, 11.796207164953822 ], [ 76.422096290317242, 11.796258982670553 ], [ 76.421195300540504, 11.796463527185583 ], [ 76.420983958879063, 11.796474558952713 ], [ 76.420861106850523, 11.796365430030999 ], [ 76.420516882754725, 11.795891482325212 ], [ 76.420236329070931, 11.795359411902105 ], [ 76.420067815053514, 11.795064482028161 ], [ 76.420057162251865, 11.794852428971927 ], [ 76.420483005572649, 11.793827900982908 ], [ 76.420982604624996, 11.792996944457197 ], [ 76.421506326958095, 11.792483649035159 ], [ 76.421564538519263, 11.792298366749153 ], [ 76.421181285446252, 11.791923529557069 ], [ 76.420771254791731, 11.791656887451724 ], [ 76.4207700891439, 11.791656131119916 ], [ 76.420057134831723, 11.791192505225249 ], [ 76.419411697684481, 11.790776397890662 ], [ 76.418488124927293, 11.790180964714832 ], [ 76.418206397380374, 11.790118353921834 ], [ 76.418006210528119, 11.790176963005166 ], [ 76.41799122127577, 11.790189975205669 ], [ 76.417393503225995, 11.790708866887387 ], [ 76.415319521911613, 11.790711544436746 ], [ 76.414340479175891, 11.790701107921647 ], [ 76.414078449588871, 11.790699594866489 ], [ 76.412124087684788, 11.789360304859535 ], [ 76.411998536635124, 11.789274266357806 ], [ 76.410764911211842, 11.7885185471811 ], [ 76.410631894286965, 11.788373621222105 ], [ 76.410603944938984, 11.78802578909305 ], [ 76.410798703177178, 11.787301529826765 ], [ 76.41121495351841, 11.786399355054458 ], [ 76.411411439575048, 11.786323689592036 ], [ 76.412387834354874, 11.785947653217919 ], [ 76.412139298083147, 11.785896157537428 ] ] ] } },
{ "type": "Feature", "properties": { "OBJECTID": 21758, "KGISVillageID": 27764, "KGISVillageCode": "2608040010", "KGISVillageName": "Alanahalli", "KGISHobliID": 462, "UniqueVillageCode": "2608040010_1", "Bhucode": "260501003005", "CensusVillageCode": "2957705573619116", "BhoomiVillageCode": "2608040010", "created_user": "SA", "created_date": 1556019584000.0, "last_edited_user": "SURESHBV2", "last_edited_date": 1724226098000.0, "LGDGPCode": "219439", "LGDGPCode_Secondary": null, "Category": "Cadastral data available and has bhoomi linkage", "SHAPE.STArea()": 2166741.2437312752, "SHAPE.STLength()": 7109.324023043825, "LGD_VillageCode": 619116.0, "_overlap_percent": 99.999999999999929, "_police_station": "Saragur PS", "_police_feature_index": "506", "_admin_layer": "Village", "_geometry_clipped": true }, "geometry": { "type": "Polygon", "coordinates": [ [ [ 76.414587102518581, 11.840758595178093 ], [ 76.414944800433503, 11.84099428450606 ], [ 76.415283706603574, 11.841043293888482 ], [ 76.415924402160954, 11.840750557427887 ], [ 76.416536982352355, 11.840773376913736 ], [ 76.417016771137497, 11.840859689040084 ], [ 76.417147222337448, 11.840902579735662 ], [ 76.417353588736376, 11.840970582543743 ], [ 76.417722845269651, 11.840305261045337 ], [ 76.418714531925914, 11.839396365399669 ], [ 76.419892330295539, 11.838513235332048 ], [ 76.420528892773277, 11.838082153352275 ], [ 76.420589471343916, 11.83747456160132 ], [ 76.420641599120287, 11.836526549810978 ], [ 76.420926836033786, 11.835566136485681 ], [ 76.421014548162475, 11.83464283873964 ], [ 76.420859600577259, 11.834069208835027 ], [ 76.42052776597086, 11.832899547377364 ], [ 76.42007089222092, 11.831331350400053 ], [ 76.419944651561011, 11.830626306776784 ], [ 76.419833447094049, 11.830027512746824 ], [ 76.419802160825355, 11.829862788000256 ], [ 76.419582534643638, 11.828207896791531 ], [ 76.420148338319308, 11.827267695370029 ], [ 76.420172659687012, 11.826950857891122 ], [ 76.42030757936719, 11.826693240939521 ], [ 76.42027821329313, 11.824859481934048 ], [ 76.419885972887641, 11.824151567529331 ], [ 76.418848370438852, 11.823145358631242 ], [ 76.41738954268321, 11.822363102883934 ], [ 76.416100890800948, 11.822324297984139 ], [ 76.414578461205338, 11.821589420880391 ], [ 76.413891410165078, 11.820474013250333 ], [ 76.413260085165575, 11.818205203121677 ], [ 76.413256739116122, 11.81686925514904 ], [ 76.413263765847148, 11.816820671992371 ], [ 76.413220472682724, 11.81677497381706 ], [ 76.413075585371445, 11.816621947797005 ], [ 76.412557705982522, 11.816339738462814 ], [ 76.412275040632707, 11.816184477960819 ], [ 76.412246418158844, 11.816168744364838 ], [ 76.412165568016633, 11.816118310869996 ], [ 76.411521455126405, 11.815347878973734 ], [ 76.411409062038373, 11.815360063378023 ], [ 76.410746209873267, 11.815431919226617 ], [ 76.410760282843242, 11.815779793107566 ], [ 76.410738781626549, 11.815782060715616 ], [ 76.410979554702507, 11.824925108867841 ], [ 76.410980042323843, 11.824943613309285 ], [ 76.410991214579724, 11.825364387789996 ], [ 76.411041915156005, 11.827075941036954 ], [ 76.411440739805542, 11.836812539627884 ], [ 76.411592812531808, 11.837607782106279 ], [ 76.412043256469246, 11.840711972135047 ], [ 76.412180179114756, 11.840715092540963 ], [ 76.412216410676535, 11.840975208369112 ], [ 76.412262100952461, 11.841302597811081 ], [ 76.41361845439981, 11.841229995642781 ], [ 76.41430959022901, 11.841040834543927 ], [ 76.414509565223639, 11.840836330200915 ], [ 76.414587102518581, 11.840758595178093 ] ] ] } },
{ "type": "Feature", "properties": { "OBJECTID": 21807, "KGISVillageID": 27814, "KGISVillageCode": "2608030032", "KGISVillageName": "Baragi", "KGISHobliID": 881, "UniqueVillageCode": "2608030032_1", "Bhucode": "260501005005", "CensusVillageCode": "2957705573619014", "BhoomiVillageCode": "2608030032", "created_user": "SA", "created_date": 1556019584000.0, "last_edited_user": "SURESHBV2", "last_edited_date": 1724226112000.0, "LGDGPCode": "219457", "LGDGPCode_Secondary": null, "Category": "Cadastral data available and has bhoomi linkage", "SHAPE.STArea()": 11613716.55620048, "SHAPE.STLength()": 15960.060440176252, "LGD_VillageCode": 619014.0, "_overlap_percent": 99.997977373694809, "_police_station": "Saragur PS", "_police_feature_index": "506", "_admin_layer": "Village", "_geometry_clipped": true }, "geometry": { "type": "Polygon", "coordinates": [ [ [ 76.459627153359889, 11.819190103637929 ], [ 76.457808695445607, 11.81926945656086 ], [ 76.450989622397913, 11.819517425465639 ], [ 76.438529274438721, 11.82011026390825 ], [ 76.437843561022035, 11.820152506987393 ], [ 76.437525570835518, 11.82024878175865 ], [ 76.437598263409697, 11.820501765217537 ], [ 76.438381974434279, 11.823842285197518 ], [ 76.438235746441293, 11.82406540283289 ], [ 76.437790287632282, 11.824105556707638 ], [ 76.43688249956729, 11.824187011932144 ], [ 76.436780126889445, 11.824317534456345 ], [ 76.436460565528037, 11.824717776290269 ], [ 76.435837683552478, 11.824959938789254 ], [ 76.435143198194865, 11.825510988633898 ], [ 76.43478295955785, 11.82605357185542 ], [ 76.434500355611533, 11.826940876310111 ], [ 76.43411656174203, 11.827329565699012 ], [ 76.433734234397903, 11.827694127086515 ], [ 76.432573585500819, 11.828171139008317 ], [ 76.431071129065103, 11.828753511402125 ], [ 76.430190021407469, 11.830129222296275 ], [ 76.429170667588366, 11.832008364414182 ], [ 76.428881077158465, 11.83205187462541 ], [ 76.428220132740407, 11.831764526138247 ], [ 76.426154205099763, 11.830479901998332 ], [ 76.424729363754921, 11.830310968952825 ], [ 76.423612812181943, 11.830432986896001 ], [ 76.421083273834412, 11.829867051839965 ], [ 76.420847737227504, 11.829855592526661 ], [ 76.420187156094869, 11.829966160463933 ], [ 76.419833447094049, 11.830027512746824 ], [ 76.419944651561011, 11.830626306776784 ], [ 76.42007089222092, 11.831331350400053 ], [ 76.42052776597086, 11.832899547377364 ], [ 76.420859600577259, 11.834069208835027 ], [ 76.421014548162475, 11.83464283873964 ], [ 76.420926836033786, 11.835566136485681 ], [ 76.420641599120287, 11.836526549810978 ], [ 76.420589471343916, 11.83747456160132 ], [ 76.420528892773277, 11.838082153352275 ], [ 76.419892330295539, 11.838513235332048 ], [ 76.418714531925914, 11.839396365399669 ], [ 76.417722845269651, 11.840305261045337 ], [ 76.417353588736376, 11.840970582543743 ], [ 76.417444035560109, 11.843103882586334 ], [ 76.417604432087487, 11.843042973337626 ], [ 76.417739351780355, 11.843079151887597 ], [ 76.418470381435938, 11.843280972960713 ], [ 76.418558817541239, 11.843305560056731 ], [ 76.422790355211291, 11.844566931849831 ], [ 76.423168493084844, 11.844682510324768 ], [ 76.429520356008013, 11.8491534205417 ], [ 76.436508470128771, 11.853899221437102 ], [ 76.436589060040021, 11.853860233356521 ], [ 76.436932434188819, 11.852675412963467 ], [ 76.437039645000723, 11.8526814786245 ], [ 76.43711226255769, 11.852685587089498 ], [ 76.438819269527869, 11.852782155190447 ], [ 76.43906977493377, 11.852661315921598 ], [ 76.444492158219177, 11.852860919788252 ], [ 76.445825214718184, 11.852909975384422 ], [ 76.450687572841844, 11.853088852301914 ], [ 76.450614687258451, 11.842635019612267 ], [ 76.465571591308816, 11.821611214196478 ], [ 76.466187308453172, 11.820728258869154 ], [ 76.466193521438143, 11.820719271894253 ], [ 76.459819174465309, 11.820131305501073 ], [ 76.459629188423023, 11.819190013615778 ], [ 76.459627153359889, 11.819190103637929 ] ] ] } },
{ "type": "Feature", "properties": { "OBJECTID": 21851, "KGISVillageID": 27858, "KGISVillageCode": "2608030033", "KGISVillageName": "Shiddapura", "KGISHobliID": 881, "UniqueVillageCode": "2608030033_1", "Bhucode": "260501005050", "CensusVillageCode": "2957705573619011", "BhoomiVillageCode": "2608030033", "created_user": "SA", "created_date": 1556019584000.0, "last_edited_user": "SURESHBV2", "last_edited_date": 1724226113000.0, "LGDGPCode": "219457", "LGDGPCode_Secondary": null, "Category": "Cadastral data available and has bhoomi linkage", "SHAPE.STArea()": 1321087.816949585, "SHAPE.STLength()": 5645.2567017688216, "LGD_VillageCode": 619011.0, "_overlap_percent": 99.999999999999972, "_police_station": "Saragur PS", "_police_feature_index": "506", "_admin_layer": "Village", "_geometry_clipped": true }, "geometry": { "type": "Polygon", "coordinates": [ [ [ 76.422896556803209, 11.845433632042026 ], [ 76.422790355211291, 11.844566931849831 ], [ 76.418558817541239, 11.843305560056731 ], [ 76.418470381435938, 11.843280972960713 ], [ 76.417739351780355, 11.843079151887597 ], [ 76.417604432087487, 11.843042973337626 ], [ 76.417444035560109, 11.843103882586334 ], [ 76.418420679023157, 11.844054666290738 ], [ 76.419077956590826, 11.844556513546515 ], [ 76.419547518631163, 11.844926159294157 ], [ 76.419557429301193, 11.845262052415141 ], [ 76.419416682536507, 11.845584689672709 ], [ 76.41909130135592, 11.84599099982846 ], [ 76.418828140560336, 11.846357628450574 ], [ 76.41848828325061, 11.846516375896789 ], [ 76.417921112350626, 11.846715701026733 ], [ 76.417542028230784, 11.846849036244933 ], [ 76.417266140381415, 11.84708696912449 ], [ 76.41701614778367, 11.847418822380542 ], [ 76.416957117700392, 11.847861807967874 ], [ 76.41624788771972, 11.848613717669769 ], [ 76.415854282084183, 11.849017778553911 ], [ 76.415765264842193, 11.849108057922749 ], [ 76.416159477479482, 11.849325589275118 ], [ 76.41650059291301, 11.849506811377726 ], [ 76.416521750503577, 11.849950712228019 ], [ 76.416484992111393, 11.850082267203316 ], [ 76.416337722458564, 11.850478343091398 ], [ 76.416021796804614, 11.850521961509692 ], [ 76.415840209250518, 11.850851395396113 ], [ 76.415879570199692, 11.851042588909207 ], [ 76.415807427432739, 11.851048121928971 ], [ 76.415645122017281, 11.851360507579003 ], [ 76.415669593667303, 11.851553355009253 ], [ 76.415723587384406, 11.851969009765833 ], [ 76.415543753704824, 11.851982441379286 ], [ 76.415561661378248, 11.852572980024616 ], [ 76.415606087676053, 11.852718646996333 ], [ 76.415492794148534, 11.852716941411687 ], [ 76.415173614583878, 11.852223523790789 ], [ 76.415095647356353, 11.852137591469781 ], [ 76.415083284342472, 11.852922625550351 ], [ 76.415585565880988, 11.853568758586984 ], [ 76.416074240267378, 11.854013285094345 ], [ 76.416474137077543, 11.854376302333995 ], [ 76.416710100304115, 11.854514199189023 ], [ 76.416957807837122, 11.854785342852491 ], [ 76.41701314069492, 11.855156440199703 ], [ 76.416881893777386, 11.855357254304009 ], [ 76.41661356815041, 11.856082922279501 ], [ 76.416683079655087, 11.856476475105255 ], [ 76.417200805129184, 11.857052668348469 ], [ 76.417662363885185, 11.85755025240233 ], [ 76.417973556720582, 11.85788071970431 ], [ 76.418240241701767, 11.858249298317705 ], [ 76.418394282929683, 11.858557470082129 ], [ 76.418496648846016, 11.858759631918183 ], [ 76.418861636231242, 11.859183772527645 ], [ 76.41925702654558, 11.859639782991026 ], [ 76.419567504785434, 11.860105461254355 ], [ 76.419804102822525, 11.860725116747846 ], [ 76.419669158981705, 11.861312557493742 ], [ 76.419647569955401, 11.861451310992555 ], [ 76.419665775898821, 11.861440395859663 ], [ 76.419667506604313, 11.861434276420027 ], [ 76.42008686837535, 11.861182067705744 ], [ 76.421246745426842, 11.860487083417132 ], [ 76.425128649789528, 11.85813397497876 ], [ 76.422896556803209, 11.845433632042026 ] ] ] } },
{ "type": "Feature", "properties": { "OBJECTID": 21842, "KGISVillageID": 27849, "KGISVillageCode": "2608030034", "KGISVillageName": "Mugatanamale", "KGISHobliID": 881, "UniqueVillageCode": "2608030034_1", "Bhucode": "260501005040", "CensusVillageCode": "2957705573619010", "BhoomiVillageCode": "2608030034", "created_user": "SA", "created_date": 1556019584000.0, "last_edited_user": "SURESHBV2", "last_edited_date": 1724226113000.0, "LGDGPCode": "219457", "LGDGPCode_Secondary": null, "Category": "Cadastral data available and has bhoomi linkage", "SHAPE.STArea()": 3124187.1346314051, "SHAPE.STLength()": 8585.1450009519685, "LGD_VillageCode": 619010.0, "_overlap_percent": 100.00000000000003, "_police_station": "Saragur PS", "_police_feature_index": "506", "_admin_layer": "Village", "_geometry_clipped": true }, "geometry": { "type": "Polygon", "coordinates": [ [ [ 76.422675655936686, 11.868493214553292 ], [ 76.43257049100086, 11.86849026044311 ], [ 76.432865464063312, 11.868487692832142 ], [ 76.433523423858489, 11.865903110306888 ], [ 76.433598553450722, 11.865607985598354 ], [ 76.434185484367205, 11.863302380199936 ], [ 76.435793060022633, 11.856987276281345 ], [ 76.435997785998367, 11.85618302682505 ], [ 76.436127534212901, 11.855673318385614 ], [ 76.436589060040021, 11.853860233356521 ], [ 76.436508470128771, 11.853899221437102 ], [ 76.429520356008013, 11.8491534205417 ], [ 76.423168493084844, 11.844682510324768 ], [ 76.422790355211291, 11.844566931849831 ], [ 76.422896556803209, 11.845433632042026 ], [ 76.425128649789528, 11.85813397497876 ], [ 76.421246745426842, 11.860487083417132 ], [ 76.42008686837535, 11.861182067705744 ], [ 76.419667506604313, 11.861434276420027 ], [ 76.419665775898821, 11.861440395859663 ], [ 76.419647569955401, 11.861451310992555 ], [ 76.419687484397144, 11.862486468376249 ], [ 76.419605356255147, 11.863010476122922 ], [ 76.419552332742768, 11.86333644481735 ], [ 76.419383941820129, 11.863757343377175 ], [ 76.419216632783019, 11.864173297400633 ], [ 76.418796324439001, 11.864328286783017 ], [ 76.417810841447803, 11.864246298408222 ], [ 76.416913790193647, 11.864164814714483 ], [ 76.416003221594679, 11.864614073876005 ], [ 76.415654023736082, 11.865001382952245 ], [ 76.41549645717663, 11.865492039799195 ], [ 76.415425945915544, 11.865712099905778 ], [ 76.415580155011043, 11.866141526328001 ], [ 76.415690840575166, 11.86678969421706 ], [ 76.416043829562668, 11.866997863756623 ], [ 76.416970430382221, 11.867134777532298 ], [ 76.417483320955498, 11.867345044247747 ], [ 76.418340141327164, 11.867543883468873 ], [ 76.418881332648013, 11.867666271549895 ], [ 76.419228994914434, 11.868002811879519 ], [ 76.419781336704091, 11.868541184136143 ], [ 76.420588423125324, 11.868567112323024 ], [ 76.420626672311101, 11.868547362878431 ], [ 76.42149744240109, 11.86852063071707 ], [ 76.421850618449625, 11.868509774484885 ], [ 76.422228427174772, 11.868501138235931 ], [ 76.422675655936686, 11.868493214553292 ] ] ] } },
{ "type": "Feature", "properties": { "OBJECTID": 21782, "KGISVillageID": 27789, "KGISVillageCode": "2608040008", "KGISVillageName": "Kudagi", "KGISHobliID": 462, "UniqueVillageCode": "2608040008_1", "Bhucode": "260501003032", "CensusVillageCode": "2957705573619114", "BhoomiVillageCode": "2608040008", "created_user": "SA", "created_date": 1556019584000.0, "last_edited_user": "SURESHBV2", "last_edited_date": 1724226098000.0, "LGDGPCode": "219439", "LGDGPCode_Secondary": null, "Category": "Cadastral data available and has bhoomi linkage", "SHAPE.STArea()": 1687831.8264896299, "SHAPE.STLength()": 6405.5797065048328, "LGD_VillageCode": 619114.0, "_overlap_percent": 99.999999999999986, "_police_station": "Saragur PS", "_police_feature_index": "506", "_admin_layer": "Village", "_geometry_clipped": true }, "geometry": { "type": "Polygon", "coordinates": [ [ [ 76.416913790193647, 11.864164814714483 ], [ 76.417810841447803, 11.864246298408222 ], [ 76.418796324439001, 11.864328286783017 ], [ 76.419216632783019, 11.864173297400633 ], [ 76.419383941820129, 11.863757343377175 ], [ 76.419552332742768, 11.86333644481735 ], [ 76.419605356255147, 11.863010476122922 ], [ 76.419687484397144, 11.862486468376249 ], [ 76.419647569955401, 11.861451310992555 ], [ 76.419669158981705, 11.861312557493742 ], [ 76.419804102822525, 11.860725116747846 ], [ 76.419567504785434, 11.860105461254355 ], [ 76.41925702654558, 11.859639782991026 ], [ 76.418861636231242, 11.859183772527645 ], [ 76.418496648846016, 11.858759631918183 ], [ 76.418394282929683, 11.858557470082129 ], [ 76.418240241701767, 11.858249298317705 ], [ 76.417973556720582, 11.85788071970431 ], [ 76.417662363885185, 11.85755025240233 ], [ 76.417200805129184, 11.857052668348469 ], [ 76.416683079655087, 11.856476475105255 ], [ 76.41661356815041, 11.856082922279501 ], [ 76.416881893777386, 11.855357254304009 ], [ 76.41701314069492, 11.855156440199703 ], [ 76.416957807837122, 11.854785342852491 ], [ 76.416710100304115, 11.854514199189023 ], [ 76.416474137077543, 11.854376302333995 ], [ 76.416074240267378, 11.854013285094345 ], [ 76.415585565880988, 11.853568758586984 ], [ 76.415083284342472, 11.852922625550351 ], [ 76.415095647356353, 11.852137591469781 ], [ 76.41490825874402, 11.852172444985936 ], [ 76.414667382311904, 11.852217246658398 ], [ 76.41461161187344, 11.852227739743338 ], [ 76.414568423327793, 11.852235880795465 ], [ 76.414556213839845, 11.852238185752572 ], [ 76.414532330411632, 11.85224270167638 ], [ 76.414439705996642, 11.852260524795843 ], [ 76.413807132602727, 11.85207203136075 ], [ 76.413085699609098, 11.851852992027977 ], [ 76.41199911822082, 11.852476564771107 ], [ 76.411824151210539, 11.852576975395401 ], [ 76.409985169984793, 11.853632321439642 ], [ 76.401315324580281, 11.858018022591757 ], [ 76.39931382227094, 11.858929540106672 ], [ 76.399288461966549, 11.858941091504816 ], [ 76.399787636888206, 11.859962365820703 ], [ 76.399840015911522, 11.860069528133343 ], [ 76.400041667208413, 11.861044459974154 ], [ 76.400471588202038, 11.863126207268143 ], [ 76.400608697507124, 11.863044175924363 ], [ 76.401966077769004, 11.860907207882345 ], [ 76.402071642668261, 11.860770137087336 ], [ 76.409767282821946, 11.860874491038746 ], [ 76.414653908762389, 11.865054784359707 ], [ 76.415075084716392, 11.865401357471494 ], [ 76.415116890552255, 11.865425156515352 ], [ 76.41549645717663, 11.865492039799195 ], [ 76.415654023736082, 11.865001382952245 ], [ 76.416003221594679, 11.864614073876005 ], [ 76.416913790193647, 11.864164814714483 ] ] ] } },
{ "type": "Feature", "properties": { "OBJECTID": 21761, "KGISVillageID": 27767, "KGISVillageCode": "2608040007", "KGISVillageName": "Beguru", "KGISHobliID": 462, "UniqueVillageCode": "2608040007_1", "Bhucode": "260501003008", "CensusVillageCode": "2957705573619103", "BhoomiVillageCode": "2608040007", "created_user": "SA", "created_date": 1556019584000.0, "last_edited_user": "SURESHBV2", "last_edited_date": 1724226098000.0, "LGDGPCode": "219439", "LGDGPCode_Secondary": null, "Category": "Cadastral data available and has bhoomi linkage", "SHAPE.STArea()": 2938182.77458459, "SHAPE.STLength()": 6902.1891563135741, "LGD_VillageCode": 619103.0, "_overlap_percent": 100.00000000000004, "_police_station": "Saragur PS", "_police_feature_index": "506", "_admin_layer": "Village", "_geometry_clipped": true }, "geometry": { "type": "Polygon", "coordinates": [ [ [ 76.41786847195948, 11.876525498696585 ], [ 76.418273404565042, 11.875580821406924 ], [ 76.418598970994339, 11.875056311716305 ], [ 76.418727593291294, 11.874735004843396 ], [ 76.418912469254195, 11.874249623155501 ], [ 76.418882820919762, 11.873988163239718 ], [ 76.418841076557072, 11.873609521467921 ], [ 76.418709191787187, 11.873260762960992 ], [ 76.418508935986793, 11.872717117928168 ], [ 76.418345071773501, 11.87226316129135 ], [ 76.418360275163565, 11.871732773838703 ], [ 76.418646589235564, 11.871229775348851 ], [ 76.418824408205339, 11.870683107445247 ], [ 76.419017971439459, 11.870092740774039 ], [ 76.419417751895494, 11.869501997126726 ], [ 76.419689665317378, 11.869101671052363 ], [ 76.419781336704091, 11.868541184136143 ], [ 76.419228994914434, 11.868002811879519 ], [ 76.418881332648013, 11.867666271549895 ], [ 76.418340141327164, 11.867543883468873 ], [ 76.417483320955498, 11.867345044247747 ], [ 76.416970430382221, 11.867134777532298 ], [ 76.416043829562668, 11.866997863756623 ], [ 76.415690840575166, 11.86678969421706 ], [ 76.415580155011043, 11.866141526328001 ], [ 76.415425945915544, 11.865712099905778 ], [ 76.41549645717663, 11.865492039799195 ], [ 76.415116890552255, 11.865425156515352 ], [ 76.415075084716392, 11.865401357471494 ], [ 76.414653908762389, 11.865054784359707 ], [ 76.409767282821946, 11.860874491038746 ], [ 76.402071642668261, 11.860770137087336 ], [ 76.401966077769004, 11.860907207882345 ], [ 76.400608697507124, 11.863044175924363 ], [ 76.400471588202038, 11.863126207268143 ], [ 76.39811608599021, 11.865337520420361 ], [ 76.397456397200244, 11.865956864424872 ], [ 76.398698551853897, 11.871799796123105 ], [ 76.398701233209636, 11.871812588509904 ], [ 76.398706410547646, 11.871814244518921 ], [ 76.400813495675123, 11.872487264800432 ], [ 76.414707666836989, 11.876895289514554 ], [ 76.415501390990428, 11.876954129501073 ], [ 76.416082233193976, 11.876899906883249 ], [ 76.416741345740604, 11.876956745353278 ], [ 76.417287978468622, 11.877055238258396 ], [ 76.417339839935366, 11.877064169150904 ], [ 76.417589238775733, 11.877062273579826 ], [ 76.41786847195948, 11.876525498696585 ] ] ] } },
{ "type": "Feature", "properties": { "OBJECTID": 21754, "KGISVillageID": 27758, "KGISVillageCode": "2608040004", "KGISVillageName": "Channahundi", "KGISHobliID": 461, "UniqueVillageCode": "2608040004_1", "Bhucode": "260501003012", "CensusVillageCode": "2957705573619117", "BhoomiVillageCode": "2608040004", "created_user": "SA", "created_date": 1556019584000.0, "last_edited_user": "SURESHBV2", "last_edited_date": 1724226098000.0, "LGDGPCode": "219457", "LGDGPCode_Secondary": null, "Category": "Cadastral data available and has bhoomi linkage", "SHAPE.STArea()": 7413319.2630805103, "SHAPE.STLength()": 11797.332622867376, "LGD_VillageCode": 619117.0, "_overlap_percent": 100.00000000000004, "_police_station": "Saragur PS", "_police_feature_index": "506", "_admin_layer": "Village", "_geometry_clipped": true }, "geometry": { "type": "Polygon", "coordinates": [ [ [ 76.455851511552538, 11.868669300776062 ], [ 76.45585170921305, 11.868669359427589 ], [ 76.455852013867997, 11.868668131929258 ], [ 76.455870046075958, 11.868594796111589 ], [ 76.455949544400923, 11.868271480869939 ], [ 76.456033122711872, 11.867931573766786 ], [ 76.456297226395975, 11.866857478310129 ], [ 76.456330457470173, 11.866722329252068 ], [ 76.456535226272919, 11.86588954112603 ], [ 76.456571851204586, 11.865737210659743 ], [ 76.45777055912815, 11.861341359221511 ], [ 76.457852946833611, 11.861039227706875 ], [ 76.458088329944317, 11.860176025546622 ], [ 76.458087161152477, 11.859955963671977 ], [ 76.458160558575358, 11.855874262460723 ], [ 76.458161392030746, 11.855827940443879 ], [ 76.457905643130701, 11.855738696256196 ], [ 76.45650036270446, 11.855240847906851 ], [ 76.454444535349793, 11.854512512973724 ], [ 76.450692567569547, 11.853091589581483 ], [ 76.450687572841844, 11.853088852301914 ], [ 76.445825214718184, 11.852909975384422 ], [ 76.444492158219177, 11.852860919788252 ], [ 76.43906977493377, 11.852661315921598 ], [ 76.438819269527869, 11.852782155190447 ], [ 76.43711226255769, 11.852685587089498 ], [ 76.437039645000723, 11.8526814786245 ], [ 76.436932434188819, 11.852675412963467 ], [ 76.436589060040021, 11.853860233356521 ], [ 76.436127534212901, 11.855673318385614 ], [ 76.435997785998367, 11.85618302682505 ], [ 76.435793060022633, 11.856987276281345 ], [ 76.434185484367205, 11.863302380199936 ], [ 76.433598553450722, 11.865607985598354 ], [ 76.433523423858489, 11.865903110306888 ], [ 76.432865464063312, 11.868487692832142 ], [ 76.432844998529731, 11.868574024685316 ], [ 76.432832884645762, 11.868625127173727 ], [ 76.432791431732781, 11.868799993164385 ], [ 76.432789874064952, 11.868806501438899 ], [ 76.432769295032969, 11.868841583912047 ], [ 76.432908676573135, 11.868888185799051 ], [ 76.433272143562618, 11.869053185683409 ], [ 76.436066762325936, 11.870321808203082 ], [ 76.436157024462773, 11.870362782162809 ], [ 76.439108490101617, 11.871702559703978 ], [ 76.439187562659512, 11.871738453448218 ], [ 76.439493577053682, 11.87259746489584 ], [ 76.439553201685044, 11.872764990878784 ], [ 76.439610980968013, 11.872927543831084 ], [ 76.439608169170938, 11.872941494602118 ], [ 76.439441562837587, 11.873768013842662 ], [ 76.438248442636066, 11.879686881857989 ], [ 76.438168219612393, 11.880084846653782 ], [ 76.436811694509274, 11.886814098232355 ], [ 76.436967071167956, 11.886804105820728 ], [ 76.449426419224764, 11.88600256653362 ], [ 76.450729613735788, 11.885882952500772 ], [ 76.451443396804294, 11.885817434901446 ], [ 76.451698429695512, 11.885801833215695 ], [ 76.451946047398224, 11.885788167992745 ], [ 76.452391776945177, 11.880819985284296 ], [ 76.452395314118831, 11.880780558312004 ], [ 76.452409569451831, 11.880621668243537 ], [ 76.452531759466794, 11.880588345839662 ], [ 76.452406185605739, 11.880144437889847 ], [ 76.452196200632144, 11.879402131312563 ], [ 76.45203352271713, 11.878631878527584 ], [ 76.452025609892473, 11.878594414381716 ], [ 76.452013232205061, 11.878535807788074 ], [ 76.452042546686314, 11.878441745046221 ], [ 76.452051162163301, 11.878312601921705 ], [ 76.452070686715999, 11.878019946174003 ], [ 76.452326426779663, 11.877531954476915 ], [ 76.452411988920346, 11.87736868831448 ], [ 76.45251834409396, 11.877114838669531 ], [ 76.452800646892726, 11.876441032286486 ], [ 76.453013831376666, 11.876109833655663 ], [ 76.453371627319299, 11.87534741517841 ], [ 76.453777193134002, 11.874419515925165 ], [ 76.453948976988414, 11.874092858508835 ], [ 76.453898079080389, 11.873494032700405 ], [ 76.453991942733452, 11.873187940639445 ], [ 76.454019817119445, 11.873097042248244 ], [ 76.454040978243171, 11.87302803358031 ], [ 76.454095833649149, 11.872849148904065 ], [ 76.4541969912366, 11.872519268248148 ], [ 76.454614092470706, 11.87154870708514 ], [ 76.454624906961854, 11.871523543378643 ], [ 76.455619626433645, 11.869208889315773 ], [ 76.455851511552538, 11.868669300776062 ] ] ] } },
{ "type": "Feature", "properties": { "OBJECTID": 21825, "KGISVillageID": 27832, "KGISVillageCode": "2608030035", "KGISVillageName": "Hunasuru", "KGISHobliID": 881, "UniqueVillageCode": "2608030035_1", "Bhucode": "260501005023", "CensusVillageCode": "2957705573619009", "BhoomiVillageCode": "2608030035", "created_user": "SA", "created_date": 1556019584000.0, "last_edited_user": "SURESHBV2", "last_edited_date": 1724226113000.0, "LGDGPCode": "219457", "LGDGPCode_Secondary": null, "Category": "Cadastral data available and has bhoomi linkage", "SHAPE.STArea()": 1857026.4017307251, "SHAPE.STLength()": 6168.3741168802972, "LGD_VillageCode": 619009.0, "_overlap_percent": 100.0, "_police_station": "Saragur PS", "_police_feature_index": "506", "_admin_layer": "Village", "_geometry_clipped": true }, "geometry": { "type": "Polygon", "coordinates": [ [ [ 76.421654987310021, 11.879773113229781 ], [ 76.421884117697417, 11.87996226296953 ], [ 76.421951346657806, 11.879925080248768 ], [ 76.421970849352277, 11.879913197282672 ], [ 76.421969669875892, 11.879799277961196 ], [ 76.421968434555438, 11.879679901833798 ], [ 76.421968314540152, 11.879668270418518 ], [ 76.422066205845027, 11.87964224261718 ], [ 76.42230855632026, 11.879578020322736 ], [ 76.422447997207996, 11.879547644309175 ], [ 76.422450013126976, 11.879533159685042 ], [ 76.422450159156284, 11.879532112918161 ], [ 76.422458091852718, 11.879475114430109 ], [ 76.422458261779227, 11.879473896669964 ], [ 76.42247265728362, 11.879370465052542 ], [ 76.422486289358105, 11.879367022358696 ], [ 76.422634006173013, 11.87932971272612 ], [ 76.422724621834973, 11.879306915497642 ], [ 76.422751707338378, 11.879300101504894 ], [ 76.422916649715049, 11.879258604947024 ], [ 76.422924717148547, 11.87925657532203 ], [ 76.423094116370535, 11.879295037395158 ], [ 76.423180834658879, 11.879314727445896 ], [ 76.423192658959408, 11.879317411797766 ], [ 76.423377127470488, 11.879268407610592 ], [ 76.423638555354515, 11.879198959238101 ], [ 76.423738221093473, 11.879172482563833 ], [ 76.423770110813521, 11.879164199534863 ], [ 76.423770020365311, 11.879163575265016 ], [ 76.423830686450302, 11.879153789280977 ], [ 76.423694814636761, 11.878529168766837 ], [ 76.423846409592173, 11.878482940075274 ], [ 76.424058717668444, 11.87841270102167 ], [ 76.424166460195792, 11.878377056746238 ], [ 76.424212195789977, 11.87836022805822 ], [ 76.424215081809876, 11.878359166576729 ], [ 76.424221215743572, 11.878356909792572 ], [ 76.424253052641902, 11.878345195968905 ], [ 76.424825457354146, 11.878167752370222 ], [ 76.424874300670012, 11.878152620256945 ], [ 76.425922115410629, 11.877819960612896 ], [ 76.425967986814427, 11.877805284515226 ], [ 76.426019938085119, 11.877786082601169 ], [ 76.426035330883167, 11.877780393244787 ], [ 76.427576322985558, 11.877210810391466 ], [ 76.428936415068762, 11.87667912258083 ], [ 76.428969276994664, 11.876666026159448 ], [ 76.429169349557924, 11.876586290120626 ], [ 76.430219108952244, 11.876171536486817 ], [ 76.430311397312622, 11.876135073207333 ], [ 76.43034304499929, 11.87612256953766 ], [ 76.431731008442057, 11.875573162858947 ], [ 76.434457618276781, 11.87438293213693 ], [ 76.436328005128701, 11.873665375300002 ], [ 76.436329594820847, 11.873664819346841 ], [ 76.436375730708207, 11.873648684771513 ], [ 76.438302152506324, 11.872974974927549 ], [ 76.438363166240109, 11.87295593999459 ], [ 76.438553519573631, 11.872895686958174 ], [ 76.439444111400277, 11.872613783248033 ], [ 76.439442847765605, 11.87261035145135 ], [ 76.439493577053682, 11.87259746489584 ], [ 76.439187562659512, 11.871738453448218 ], [ 76.439108490101617, 11.871702559703978 ], [ 76.436157024462773, 11.870362782162809 ], [ 76.436066762325936, 11.870321808203082 ], [ 76.433272143562618, 11.869053185683409 ], [ 76.432908676573135, 11.868888185799051 ], [ 76.432769295032969, 11.868841583912047 ], [ 76.432789874064952, 11.868806501438899 ], [ 76.432791431732781, 11.868799993164385 ], [ 76.432832884645762, 11.868625127173727 ], [ 76.432844998529731, 11.868574024685316 ], [ 76.432865464063312, 11.868487692832142 ], [ 76.43257049100086, 11.86849026044311 ], [ 76.422675655936686, 11.868493214553292 ], [ 76.422228427174772, 11.868501138235931 ], [ 76.421850618449625, 11.868509774484885 ], [ 76.42149744240109, 11.86852063071707 ], [ 76.420626672311101, 11.868547362878431 ], [ 76.420588423125324, 11.868567112323024 ], [ 76.419781336704091, 11.868541184136143 ], [ 76.419689665317378, 11.869101671052363 ], [ 76.419417751895494, 11.869501997126726 ], [ 76.419017971439459, 11.870092740774039 ], [ 76.418824408205339, 11.870683107445247 ], [ 76.418646589235564, 11.871229775348851 ], [ 76.418360275163565, 11.871732773838703 ], [ 76.418345071773501, 11.87226316129135 ], [ 76.418508935986793, 11.872717117928168 ], [ 76.418709191787187, 11.873260762960992 ], [ 76.418841076557072, 11.873609521467921 ], [ 76.418882820919762, 11.873988163239718 ], [ 76.418912469254195, 11.874249623155501 ], [ 76.418727593291294, 11.874735004843396 ], [ 76.418598970994339, 11.875056311716305 ], [ 76.418273404565042, 11.875580821406924 ], [ 76.41786847195948, 11.876525498696585 ], [ 76.417589238775733, 11.877062273579826 ], [ 76.417758426336988, 11.877440684868414 ], [ 76.418196450524363, 11.87776362075844 ], [ 76.418590409776954, 11.878050589015727 ], [ 76.418920545264513, 11.878287287813782 ], [ 76.419375133885197, 11.878533316879397 ], [ 76.419842879199749, 11.878865262545739 ], [ 76.420296903225378, 11.879191909599001 ], [ 76.420635930087357, 11.88002701307296 ], [ 76.420780808257064, 11.879975160958391 ], [ 76.420824445058557, 11.879959580118852 ], [ 76.420839981129788, 11.879954032243077 ], [ 76.420876779891628, 11.879940893376521 ], [ 76.420889748750497, 11.87993806073449 ], [ 76.421654987310021, 11.879773113229781 ] ] ] } },
{ "type": "Feature", "properties": { "OBJECTID": 21821, "KGISVillageID": 27828, "KGISVillageCode": "2608030030", "KGISVillageName": "Hirehalli", "KGISHobliID": 881, "UniqueVillageCode": "2608030030_1", "Bhucode": "260501005019", "CensusVillageCode": "2957705573619016", "BhoomiVillageCode": "2608030030", "created_user": "SA", "created_date": 1556019584000.0, "last_edited_user": "SURESHBV2", "last_edited_date": 1724226113000.0, "LGDGPCode": "219457", "LGDGPCode_Secondary": null, "Category": "Cadastral data available and has bhoomi linkage", "SHAPE.STArea()": 3319539.2824103348, "SHAPE.STLength()": 8292.3315112705968, "LGD_VillageCode": 619016.0, "_overlap_percent": 99.83399886801287, "_police_station": "Saragur PS", "_police_feature_index": "506", "_admin_layer": "Village", "_geometry_clipped": true }, "geometry": { "type": "Polygon", "coordinates": [ [ [ 76.459457921507436, 11.818343025564523 ], [ 76.458810793006563, 11.815142626110143 ], [ 76.458810529398363, 11.815141197209449 ], [ 76.457333769837305, 11.806982005379092 ], [ 76.457229124383346, 11.806362877491676 ], [ 76.457222053558098, 11.806321008174571 ], [ 76.456901460280008, 11.804571838093819 ], [ 76.456901362914948, 11.804571299760328 ], [ 76.456065436128483, 11.799878896603413 ], [ 76.456064627218694, 11.799874117247468 ], [ 76.455656134079334, 11.797459853606373 ], [ 76.455470966956455, 11.796585641318071 ], [ 76.455307218037149, 11.796689693850032 ], [ 76.454767307271339, 11.797032771802543 ], [ 76.454485988324734, 11.79721153025743 ], [ 76.454366019071401, 11.797624641548571 ], [ 76.453403866971598, 11.799247572770359 ], [ 76.452806094226929, 11.799694932091608 ], [ 76.452096383008552, 11.799625493017112 ], [ 76.451836070741805, 11.799599996320596 ], [ 76.450731188909131, 11.799491627976304 ], [ 76.449439028522491, 11.801436037870163 ], [ 76.448070558505464, 11.803678128074385 ], [ 76.444503076904439, 11.809309363553734 ], [ 76.442395298972002, 11.812754660262971 ], [ 76.438367690355335, 11.819286572131585 ], [ 76.438116639679762, 11.819699796888298 ], [ 76.437843561022035, 11.820152506987393 ], [ 76.438529274438721, 11.82011026390825 ], [ 76.450989622397913, 11.819517425465639 ], [ 76.457808695445607, 11.81926945656086 ], [ 76.459627153359889, 11.819190103637929 ], [ 76.459629188423023, 11.819190013615778 ], [ 76.459457921507436, 11.818343025564523 ] ] ] } },
{ "type": "Feature", "properties": { "OBJECTID": 21805, "KGISVillageID": 27812, "KGISVillageCode": "2608030029", "KGISVillageName": "Ankupura", "KGISHobliID": 881, "UniqueVillageCode": "2608030029_1", "Bhucode": "260501005003", "CensusVillageCode": "2957705573619013", "BhoomiVillageCode": "2608030029", "created_user": "SA", "created_date": 1556019584000.0, "last_edited_user": "SURESHBV2", "last_edited_date": 1724226112000.0, "LGDGPCode": "219457", "LGDGPCode_Secondary": null, "Category": "Cadastral data available and has bhoomi linkage", "SHAPE.STArea()": 10729601.357293719, "SHAPE.STLength()": 12930.590494876418, "LGD_VillageCode": 619013.0, "_overlap_percent": 99.99651493869375, "_police_station": "Saragur PS", "_police_feature_index": "506", "_admin_layer": "Village", "_geometry_clipped": true }, "geometry": { "type": "Polygon", "coordinates": [ [ [ 76.466187308453172, 11.820728258869154 ], [ 76.465571591308816, 11.821611214196478 ], [ 76.450614687258451, 11.842635019612267 ], [ 76.450687572841844, 11.853088852301914 ], [ 76.450692567569547, 11.853091589581483 ], [ 76.454444535349793, 11.854512512973724 ], [ 76.45650036270446, 11.855240847906851 ], [ 76.457905643130701, 11.855738696256196 ], [ 76.458161392030746, 11.855827940443879 ], [ 76.458528682354668, 11.855956107932041 ], [ 76.458715024709562, 11.856021132741088 ], [ 76.458770017225774, 11.856017648003567 ], [ 76.459431184269519, 11.855975753333238 ], [ 76.460841101893564, 11.855886410252468 ], [ 76.466711640105373, 11.854170760681757 ], [ 76.468714895981819, 11.853605388396279 ], [ 76.476125030402557, 11.85146133105718 ], [ 76.481764248010236, 11.849055694013433 ], [ 76.48333360536688, 11.848371202829714 ], [ 76.483351644846834, 11.848365012216679 ], [ 76.483088321335345, 11.847141240939438 ], [ 76.48270082938464, 11.845466071586619 ], [ 76.482700454438159, 11.845464451648397 ], [ 76.482501823081662, 11.844606142311211 ], [ 76.482096976069556, 11.842862693361885 ], [ 76.482158303399117, 11.842275375419614 ], [ 76.48370807090815, 11.834873914342108 ], [ 76.484563492832351, 11.831056281435123 ], [ 76.485012087291679, 11.828662699934807 ], [ 76.485012093423194, 11.828662645658525 ], [ 76.485042796609079, 11.828498736234963 ], [ 76.485092175894096, 11.827627394042789 ], [ 76.485534615199299, 11.82499723513182 ], [ 76.485838061926657, 11.823033195251666 ], [ 76.485874359118185, 11.822798260013592 ], [ 76.485866936790174, 11.822631226731446 ], [ 76.48579257091086, 11.822624134876021 ], [ 76.485680064401294, 11.822613405785273 ], [ 76.484257718816806, 11.822477763253584 ], [ 76.481956123594799, 11.822258254125817 ], [ 76.480462617839734, 11.822115572887606 ], [ 76.479174843003364, 11.821981246413689 ], [ 76.475617332840216, 11.821651617959656 ], [ 76.475001482099685, 11.82158937940768 ], [ 76.470829931696258, 11.821141243808256 ], [ 76.467549994293961, 11.820844396606088 ], [ 76.466193521438143, 11.820719271894253 ], [ 76.466187308453172, 11.820728258869154 ] ] ] } },
{ "type": "Feature", "properties": { "OBJECTID": 21816, "KGISVillageID": 27823, "KGISVillageCode": "2608030028", "KGISVillageName": "Chikka Kunduru", "KGISHobliID": 881, "UniqueVillageCode": "2608030028_1", "Bhucode": "260501005014", "CensusVillageCode": "2957705573619012", "BhoomiVillageCode": "2608030028", "created_user": "SA", "created_date": 1556019584000.0, "last_edited_user": "SURESHBV2", "last_edited_date": 1724226112000.0, "LGDGPCode": "219457", "LGDGPCode_Secondary": null, "Category": "Cadastral data available and has bhoomi linkage", "SHAPE.STArea()": 2275215.3260204848, "SHAPE.STLength()": 7902.5060426985146, "LGD_VillageCode": 619012.0, "_overlap_percent": 99.897150272516129, "_police_station": "Saragur PS", "_police_feature_index": "506", "_admin_layer": "Village", "_geometry_clipped": true }, "geometry": { "type": "Polygon", "coordinates": [ [ [ 76.48533447082302, 11.856620485956142 ], [ 76.484965512475966, 11.85575103507184 ], [ 76.48465222439259, 11.854049090349159 ], [ 76.484133851789821, 11.851966985754995 ], [ 76.484092149563708, 11.851799404690929 ], [ 76.483800198483848, 11.850446593713125 ], [ 76.483351644846834, 11.848365012216679 ], [ 76.48333360536688, 11.848371202829714 ], [ 76.481764248010236, 11.849055694013433 ], [ 76.476125030402557, 11.85146133105718 ], [ 76.468714895981819, 11.853605388396279 ], [ 76.466711640105373, 11.854170760681757 ], [ 76.460841101893564, 11.855886410252468 ], [ 76.459431184269519, 11.855975753333238 ], [ 76.458770017225774, 11.856017648003567 ], [ 76.458715024709562, 11.856021132741088 ], [ 76.458528682354668, 11.855956107932041 ], [ 76.458161392030746, 11.855827940443879 ], [ 76.458160558575358, 11.855874262460723 ], [ 76.458087161152477, 11.859955963671977 ], [ 76.458088329944317, 11.860176025546622 ], [ 76.457852946833611, 11.861039227706875 ], [ 76.458985027509584, 11.860754203577734 ], [ 76.462475454732399, 11.859875384034266 ], [ 76.463540708179934, 11.859843602368249 ], [ 76.46373970033531, 11.859837664899153 ], [ 76.464801587612499, 11.859805978197354 ], [ 76.469657251255171, 11.859661037429261 ], [ 76.477002718438953, 11.859491419487245 ], [ 76.480098396735087, 11.859404355807026 ], [ 76.484275730911577, 11.85924890778729 ], [ 76.486730565981418, 11.859148847240853 ], [ 76.48533447082302, 11.856620485956142 ] ] ] } },
{ "type": "Feature", "properties": { "OBJECTID": 25861, "KGISVillageID": 116430, "KGISVillageCode": "2608040005", "KGISVillageName": "Chowdahalli", "KGISHobliID": 461, "UniqueVillageCode": "2608040005_1", "Bhucode": "260501003014", "CensusVillageCode": "2957705574619178", "BhoomiVillageCode": "2608040005", "created_user": "SA", "created_date": 1591683967000.0, "last_edited_user": "SURESHBV2", "last_edited_date": 1724226210000.0, "LGDGPCode": "219457", "LGDGPCode_Secondary": null, "Category": "Cadastral data available and has bhoomi linkage", "SHAPE.STArea()": 1500618.107107515, "SHAPE.STLength()": 6803.5093893864259, "LGD_VillageCode": 619120.0, "_overlap_percent": 3.3479365964661167, "_police_station": "Saragur PS", "_police_feature_index": "506", "_admin_layer": "Village", "_geometry_clipped": true }, "geometry": { "type": "MultiPolygon", "coordinates": [ [ [ [ 76.475213504400074, 11.868012022829246 ], [ 76.476032497453915, 11.867387344647417 ], [ 76.474040172368618, 11.867475798805353 ], [ 76.475213504400074, 11.868012022829246 ] ] ], [ [ [ 76.477002718438953, 11.859491419487245 ], [ 76.469657251255171, 11.859661037429261 ], [ 76.464801587612499, 11.859805978197354 ], [ 76.46373970033531, 11.859837664899153 ], [ 76.463540708179934, 11.859843602368249 ], [ 76.462475454732399, 11.859875384034266 ], [ 76.458985027509584, 11.860754203577734 ], [ 76.457852946833611, 11.861039227706875 ], [ 76.457949979907681, 11.861071199374022 ], [ 76.459912106542788, 11.861147676838254 ], [ 76.462691593386722, 11.86007610369939 ], [ 76.469850175753862, 11.859768461843846 ], [ 76.477190121675747, 11.859512579276762 ], [ 76.480098396735087, 11.859404355807026 ], [ 76.477002718438953, 11.859491419487245 ] ] ] ] } },
{ "type": "Feature", "properties": { "OBJECTID": 25860, "KGISVillageID": 116428, "KGISVillageCode": "2608040003", "KGISVillageName": "Marabookanapura", "KGISHobliID": 461, "UniqueVillageCode": "2608040003_1", "Bhucode": "260501003038", "CensusVillageCode": "2957705574619178", "BhoomiVillageCode": "2608040003", "created_user": "SA", "created_date": 1591683735000.0, "last_edited_user": "SURESHBV2", "last_edited_date": 1724226210000.0, "LGDGPCode": "273303", "LGDGPCode_Secondary": null, "Category": "Cadastral data available and has bhoomi linkage", "SHAPE.STArea()": 4485196.2571221553, "SHAPE.STLength()": 10343.23842391015, "LGD_VillageCode": 619119.0, "_overlap_percent": 26.102409489886259, "_police_station": "Saragur PS", "_police_feature_index": "506", "_admin_layer": "Village", "_geometry_clipped": true }, "geometry": { "type": "MultiPolygon", "coordinates": [ [ [ [ 76.457852946833611, 11.861039227706875 ], [ 76.45777055912815, 11.861341359221511 ], [ 76.456571851204586, 11.865737210659743 ], [ 76.456535226272919, 11.86588954112603 ], [ 76.456330457470173, 11.866722329252068 ], [ 76.456297226395975, 11.866857478310129 ], [ 76.456033122711872, 11.867931573766786 ], [ 76.455949544400923, 11.868271480869939 ], [ 76.455870046075958, 11.868594796111589 ], [ 76.455852013867997, 11.868668131929258 ], [ 76.45585170921305, 11.868669359427589 ], [ 76.455851511552538, 11.868669300776062 ], [ 76.455619626433645, 11.869208889315773 ], [ 76.45566241360325, 11.869223405528416 ], [ 76.455703121911782, 11.869247644043071 ], [ 76.45612061390932, 11.869466933888503 ], [ 76.456444856088567, 11.869637243986734 ], [ 76.466431421570704, 11.874882428630336 ], [ 76.466474317011048, 11.874910553304344 ], [ 76.477422863137733, 11.867325615953295 ], [ 76.476032497453915, 11.867387344647417 ], [ 76.475213504400074, 11.868012022829246 ], [ 76.474040172368618, 11.867475798805353 ], [ 76.457307946814609, 11.868218666991211 ], [ 76.455990392725042, 11.868718864225087 ], [ 76.456657550482618, 11.865976541642372 ], [ 76.456694024716839, 11.865826613174548 ], [ 76.457851829641029, 11.861067373788368 ], [ 76.457949979907681, 11.861071199374022 ], [ 76.457852946833611, 11.861039227706875 ] ] ], [ [ [ 76.468460667753334, 11.876212917067257 ], [ 76.47384139543091, 11.87869653455931 ], [ 76.476848863720903, 11.878189875247678 ], [ 76.481917360635549, 11.877335925201226 ], [ 76.482387910623089, 11.877256641249838 ], [ 76.482466312827583, 11.877242733471244 ], [ 76.482680424520495, 11.876778840214698 ], [ 76.482814875120042, 11.873085314055269 ], [ 76.476801820720254, 11.87791418909389 ], [ 76.473867729245811, 11.878473467806135 ], [ 76.472308998363687, 11.877796285340805 ], [ 76.467094209350364, 11.875232855222357 ], [ 76.46658937444758, 11.874984686135752 ], [ 76.466581418513826, 11.874980775100127 ], [ 76.468460667753334, 11.876212917067257 ] ] ] ] } },
{ "type": "Feature", "properties": { "OBJECTID": 25859, "KGISVillageID": 116425, "KGISVillageCode": "2606050029", "KGISVillageName": "Bankahalli", "KGISHobliID": 382, "UniqueVillageCode": "2606050029_1", "Bhucode": "260601004005", "CensusVillageCode": "2957705573619119", "BhoomiVillageCode": "2606050029", "created_user": "SA", "created_date": 1591683671000.0, "last_edited_user": "SURESHBV2", "last_edited_date": 1724226210000.0, "LGDGPCode": "219580", "LGDGPCode_Secondary": null, "Category": "Cadastral data available and has bhoomi linkage", "SHAPE.STArea()": 3660858.2239280548, "SHAPE.STLength()": 9196.3445857993975, "LGD_VillageCode": 619178.0, "_overlap_percent": 16.400451129374495, "_police_station": "Saragur PS", "_police_feature_index": "506", "_admin_layer": "Village", "_geometry_clipped": true }, "geometry": { "type": "MultiPolygon", "coordinates": [ [ [ [ 76.465704007040912, 11.889574048425951 ], [ 76.465848380814947, 11.889598067721238 ], [ 76.4669073021618, 11.889514983574543 ], [ 76.46701660550417, 11.889508440592891 ], [ 76.467665325659993, 11.889551713539092 ], [ 76.468065816641527, 11.889502986501462 ], [ 76.468161945430978, 11.888930271227618 ], [ 76.468294915667556, 11.888776698388329 ], [ 76.468632219999961, 11.888791153998801 ], [ 76.468763538876431, 11.889172845438496 ], [ 76.468773303737478, 11.889191240419089 ], [ 76.468886850177967, 11.890528791009805 ], [ 76.468986107777909, 11.890687753694696 ], [ 76.469106255321989, 11.89088152648209 ], [ 76.470023042834214, 11.89167496108321 ], [ 76.470028456302941, 11.891740984349338 ], [ 76.470328521781184, 11.892192302407317 ], [ 76.472021284696311, 11.893733901633871 ], [ 76.472107875842966, 11.89381323509904 ], [ 76.47212629228089, 11.893797070760092 ], [ 76.472079982581221, 11.893753931628472 ], [ 76.470411455519567, 11.892201537605487 ], [ 76.470120585073232, 11.891748987428365 ], [ 76.470115601187828, 11.891682791963724 ], [ 76.469267171633774, 11.89090380969628 ], [ 76.469117174047682, 11.890692204026241 ], [ 76.468994982310505, 11.890519825882773 ], [ 76.468829454588814, 11.889164487003407 ], [ 76.468822877744543, 11.889145734603687 ], [ 76.468635293194964, 11.888772638888494 ], [ 76.468271628779732, 11.888737848554999 ], [ 76.468123391162848, 11.888870747795133 ], [ 76.467930028785048, 11.889383103796943 ], [ 76.467625942341286, 11.889388716926009 ], [ 76.466989121606787, 11.889343277331058 ], [ 76.466882673004562, 11.889355779574631 ], [ 76.465841840291262, 11.889478031729467 ], [ 76.465698109249857, 11.88945694461219 ], [ 76.465610768243764, 11.8888312130039 ], [ 76.465704007040912, 11.889574048425951 ] ] ], [ [ [ 76.465377392303651, 11.887977598130123 ], [ 76.465522021586636, 11.888195410979302 ], [ 76.465511554281335, 11.888120420730504 ], [ 76.465356590659809, 11.887897325599345 ], [ 76.465377392303651, 11.887977598130123 ] ] ], [ [ [ 76.464377796584856, 11.886374556268407 ], [ 76.464692863410477, 11.886373037946251 ], [ 76.465031345420726, 11.88660774018877 ], [ 76.46503290340398, 11.886590189085485 ], [ 76.464654473690544, 11.886331887445628 ], [ 76.464386079540262, 11.88633259435472 ], [ 76.464377796584856, 11.886374556268407 ] ] ], [ [ [ 76.462725602540246, 11.885015290774829 ], [ 76.462837354545258, 11.885506586336545 ], [ 76.462938175867308, 11.885506114695467 ], [ 76.463370812052133, 11.885504090145794 ], [ 76.464471949771337, 11.885489795915122 ], [ 76.464473863470928, 11.885476698773985 ], [ 76.46335828320926, 11.885462916623366 ], [ 76.462833088809816, 11.885467568688336 ], [ 76.462726635523524, 11.885011918720204 ], [ 76.462725602540246, 11.885015290774829 ] ] ], [ [ [ 76.463171011064148, 11.883254603898598 ], [ 76.463163998421749, 11.88327136922009 ], [ 76.462978973904598, 11.884081346267587 ], [ 76.463250167243515, 11.883154314405397 ], [ 76.463254534087369, 11.883139390827646 ], [ 76.464090010597971, 11.880996986752315 ], [ 76.463171011064148, 11.883254603898598 ] ] ], [ [ [ 76.466431421570704, 11.874882428630336 ], [ 76.465929653732942, 11.876239936382468 ], [ 76.465262743059654, 11.878044209254622 ], [ 76.464687294239425, 11.879529177676512 ], [ 76.471379713097605, 11.879240897891872 ], [ 76.479986939285496, 11.882614441055143 ], [ 76.482224347238102, 11.877766974832154 ], [ 76.482466312827583, 11.877242733471244 ], [ 76.482387910623089, 11.877256641249838 ], [ 76.481917360635549, 11.877335925201226 ], [ 76.476848863720903, 11.878189875247678 ], [ 76.47384139543091, 11.87869653455931 ], [ 76.468460667753334, 11.876212917067257 ], [ 76.466581418513826, 11.874980775100127 ], [ 76.466459480348462, 11.874920831852279 ], [ 76.466474317011048, 11.874910553304344 ], [ 76.466431421570704, 11.874882428630336 ] ] ], [ [ [ 76.487476954817637, 11.889594948981882 ], [ 76.488275671090932, 11.889703001681193 ], [ 76.48827613357426, 11.889694379545533 ], [ 76.488275617660136, 11.889694015559646 ], [ 76.476320860101779, 11.888077851634401 ], [ 76.476316122438547, 11.888084832116489 ], [ 76.487476954817637, 11.889594948981882 ] ] ] ] } },
{ "type": "Feature", "properties": { "OBJECTID": 21753, "KGISVillageID": 27757, "KGISVillageCode": "2608040002", "KGISVillageName": "Alalahalli", "KGISHobliID": 461, "UniqueVillageCode": "2608040002_1", "Bhucode": "260501003004", "CensusVillageCode": "2957705573619118", "BhoomiVillageCode": "2608040002", "created_user": "SA", "created_date": 1556019584000.0, "last_edited_user": "SURESHBV2", "last_edited_date": 1724226098000.0, "LGDGPCode": "273303", "LGDGPCode_Secondary": null, "Category": "Cadastral data available and has bhoomi linkage", "SHAPE.STArea()": 7577522.1068005851, "SHAPE.STLength()": 13671.850216511017, "LGD_VillageCode": 619118.0, "_overlap_percent": 99.984781252093597, "_police_station": "Saragur PS", "_police_feature_index": "506", "_admin_layer": "Village", "_geometry_clipped": true }, "geometry": { "type": "Polygon", "coordinates": [ [ [ 76.465262743059654, 11.878044209254622 ], [ 76.465929653732942, 11.876239936382468 ], [ 76.466431421570704, 11.874882428630336 ], [ 76.456444856088567, 11.869637243986734 ], [ 76.45612061390932, 11.869466933888503 ], [ 76.455703121911782, 11.869247644043071 ], [ 76.45566241360325, 11.869223405528416 ], [ 76.455619626433645, 11.869208889315773 ], [ 76.454624906961854, 11.871523543378643 ], [ 76.454614092470706, 11.87154870708514 ], [ 76.4541969912366, 11.872519268248148 ], [ 76.454095833649149, 11.872849148904065 ], [ 76.454040978243171, 11.87302803358031 ], [ 76.454019817119445, 11.873097042248244 ], [ 76.453991942733452, 11.873187940639445 ], [ 76.453898079080389, 11.873494032700405 ], [ 76.453948976988414, 11.874092858508835 ], [ 76.453777193134002, 11.874419515925165 ], [ 76.453371627319299, 11.87534741517841 ], [ 76.453013831376666, 11.876109833655663 ], [ 76.452800646892726, 11.876441032286486 ], [ 76.45251834409396, 11.877114838669531 ], [ 76.452411988920346, 11.87736868831448 ], [ 76.452326426779663, 11.877531954476915 ], [ 76.452070686715999, 11.878019946174003 ], [ 76.452051162163301, 11.878312601921705 ], [ 76.452042546686314, 11.878441745046221 ], [ 76.452013232205061, 11.878535807788074 ], [ 76.452025609892473, 11.878594414381716 ], [ 76.45203352271713, 11.878631878527584 ], [ 76.452196200632144, 11.879402131312563 ], [ 76.452406185605739, 11.880144437889847 ], [ 76.452531759466794, 11.880588345839662 ], [ 76.452409569451831, 11.880621668243537 ], [ 76.452395314118831, 11.880780558312004 ], [ 76.452391776945177, 11.880819985284296 ], [ 76.451946047398224, 11.885788167992745 ], [ 76.451698429695512, 11.885801833215695 ], [ 76.451443396804294, 11.885817434901446 ], [ 76.450729613735788, 11.885882952500772 ], [ 76.449426419224764, 11.88600256653362 ], [ 76.436967071167956, 11.886804105820728 ], [ 76.436811694509274, 11.886814098232355 ], [ 76.436693826723626, 11.887027030222859 ], [ 76.436592883800401, 11.887180177596079 ], [ 76.436500581741058, 11.887320215161738 ], [ 76.436715315607444, 11.889402081378861 ], [ 76.436968613038857, 11.891857753596865 ], [ 76.436997651445708, 11.892139271203032 ], [ 76.437444451015025, 11.896262705293026 ], [ 76.437507175109346, 11.896785198950411 ], [ 76.437510177050456, 11.896810202348632 ], [ 76.443446846598562, 11.898296205602426 ], [ 76.444219924961885, 11.898489703035485 ], [ 76.444486975094776, 11.898557312626536 ], [ 76.445003066887821, 11.898688144433288 ], [ 76.44703873170613, 11.899355511215164 ], [ 76.447159049055756, 11.899394954671473 ], [ 76.451614610488164, 11.902485845956145 ], [ 76.451804570444267, 11.90261173825118 ], [ 76.452156455028316, 11.902844940601096 ], [ 76.453937712322485, 11.904006419325205 ], [ 76.4545555258821, 11.90440926297898 ], [ 76.454575835992031, 11.904422505995962 ], [ 76.467153030736469, 11.906287183101313 ], [ 76.468145668630513, 11.90641492066308 ], [ 76.468607541678978, 11.90647435631027 ], [ 76.469197590877016, 11.905710338288985 ], [ 76.468786267451378, 11.904587308787359 ], [ 76.46635391769874, 11.897954219950051 ], [ 76.466137322589248, 11.897365871352516 ], [ 76.464067498304232, 11.891723918270026 ], [ 76.464794733182757, 11.888050491040186 ], [ 76.464536647841413, 11.887630544161345 ], [ 76.464526935897467, 11.886814616439143 ], [ 76.465010516898317, 11.886842349385793 ], [ 76.465015333030991, 11.886788124094998 ], [ 76.465031345420726, 11.88660774018877 ], [ 76.464692863410477, 11.886373037946251 ], [ 76.464377796584856, 11.886374556268407 ], [ 76.464386079540262, 11.88633259435472 ], [ 76.464348789230456, 11.886332692571685 ], [ 76.464471949771337, 11.885489795915122 ], [ 76.463370812052133, 11.885504090145794 ], [ 76.462938175867308, 11.885506114695467 ], [ 76.462837354545258, 11.885506586336545 ], [ 76.462725602540246, 11.885015290774829 ], [ 76.462726635523524, 11.885011918720204 ], [ 76.462717803109598, 11.884974113507576 ], [ 76.462869365035502, 11.884456026982189 ], [ 76.462978973904598, 11.884081346267587 ], [ 76.463163998421749, 11.88327136922009 ], [ 76.463171011064148, 11.883254603898598 ], [ 76.464090010597971, 11.880996986752315 ], [ 76.464661989210995, 11.879530267705139 ], [ 76.464687294239425, 11.879529177676512 ], [ 76.465262743059654, 11.878044209254622 ] ] ] } },
{ "type": "Feature", "properties": { "OBJECTID": 21817, "KGISVillageID": 27824, "KGISVillageCode": "2608030027", "KGISVillageName": "Hadanuru", "KGISHobliID": 881, "UniqueVillageCode": "2608030027_1", "Bhucode": "260501005015", "CensusVillageCode": "2957705573619005", "BhoomiVillageCode": "2608030027", "created_user": null, "created_date": null, "last_edited_user": "SURESHBV2", "last_edited_date": 1724226112000.0, "LGDGPCode": "273303", "LGDGPCode_Secondary": null, "Category": "Cadastral data available and has bhoomi linkage", "SHAPE.STArea()": 10899020.87487033, "SHAPE.STLength()": 15393.99499251489, "LGD_VillageCode": 619005.0, "_overlap_percent": 99.70498908096377, "_police_station": "Saragur PS", "_police_feature_index": "506", "_admin_layer": "Village", "_geometry_clipped": true }, "geometry": { "type": "Polygon", "coordinates": [ [ [ 76.490391819268226, 11.922898067034659 ], [ 76.490575795530773, 11.92257131897494 ], [ 76.490582230335363, 11.922559891018929 ], [ 76.491299975374574, 11.921285138986931 ], [ 76.491637529355842, 11.920697573523423 ], [ 76.491636487069144, 11.919995262397252 ], [ 76.491633533497307, 11.919662240716313 ], [ 76.491632490870785, 11.919508317988143 ], [ 76.491410054324774, 11.918837391137263 ], [ 76.4911543276218, 11.918856025864837 ], [ 76.491038260393353, 11.918872291852995 ], [ 76.491033691663191, 11.918863571630876 ], [ 76.49095806821785, 11.918868301830308 ], [ 76.490917493390953, 11.918768679239747 ], [ 76.490865408308736, 11.918657813923756 ], [ 76.490090874492452, 11.918668233917126 ], [ 76.490088249238454, 11.918661325868982 ], [ 76.490047697314438, 11.918661843697027 ], [ 76.490039339422154, 11.918639481631512 ], [ 76.489942247125853, 11.918378393053084 ], [ 76.489916023858882, 11.91816685279051 ], [ 76.489913510303651, 11.918145829458211 ], [ 76.489935172730497, 11.918122932501268 ], [ 76.489948682072196, 11.91810865189354 ], [ 76.489974586506051, 11.918062469162459 ], [ 76.489959362385761, 11.917536165690393 ], [ 76.48995473830621, 11.917376295861345 ], [ 76.48995397841739, 11.917347729699873 ], [ 76.489953791032562, 11.91734068449848 ], [ 76.489782264965328, 11.917288023219649 ], [ 76.489771853779544, 11.917115896864933 ], [ 76.48973660728953, 11.916533170603307 ], [ 76.489723698742793, 11.916427775707248 ], [ 76.489659141714469, 11.915900677919291 ], [ 76.489646959830921, 11.915713858248141 ], [ 76.489645723473558, 11.915703627038198 ], [ 76.489573755265098, 11.915503703453705 ], [ 76.489562655347797, 11.915300327242198 ], [ 76.489561330047124, 11.915276044167316 ], [ 76.489553392045977, 11.915236132618274 ], [ 76.48956047383578, 11.915208907588582 ], [ 76.489641660675019, 11.914801408455761 ], [ 76.489686888070111, 11.91457440509191 ], [ 76.489686065337523, 11.914571849136342 ], [ 76.489670629345284, 11.914523860831601 ], [ 76.489699525090245, 11.914517178913204 ], [ 76.489761964280689, 11.914502739972667 ], [ 76.489798469280998, 11.914494299187753 ], [ 76.489804761967775, 11.914499257244426 ], [ 76.489913279505473, 11.914571332991741 ], [ 76.489983745848164, 11.914617796220709 ], [ 76.489989329325127, 11.914622328593303 ], [ 76.490123341167205, 11.914253209859483 ], [ 76.490111008238515, 11.914051883395993 ], [ 76.490174758229983, 11.913738063375582 ], [ 76.490122269631954, 11.913522723929322 ], [ 76.490112806793249, 11.913483894759869 ], [ 76.490140691130435, 11.9133729083205 ], [ 76.490153651696247, 11.913321332622381 ], [ 76.490099025330224, 11.913051078953796 ], [ 76.49006955539285, 11.912823458015247 ], [ 76.49009272635665, 11.912817969269421 ], [ 76.490085382954106, 11.912764803718151 ], [ 76.490229695548038, 11.912747880354191 ], [ 76.490204420266451, 11.912682956868535 ], [ 76.490112915711833, 11.912447916161003 ], [ 76.490047390213761, 11.912279603419508 ], [ 76.49000367822002, 11.912105556567614 ], [ 76.48978678458397, 11.911608030357 ], [ 76.489729205225586, 11.911475946482652 ], [ 76.489831081788182, 11.91136369922091 ], [ 76.490502918475315, 11.911222179640376 ], [ 76.491093415355991, 11.91106494867063 ], [ 76.491869598334205, 11.910652630755489 ], [ 76.492089799770554, 11.910604505375048 ], [ 76.49227427472367, 11.910599030977469 ], [ 76.492456434540813, 11.910470346892335 ], [ 76.493011307781344, 11.910256642391097 ], [ 76.493345224195068, 11.910111952076804 ], [ 76.493887093262941, 11.909877149021453 ], [ 76.494005868651413, 11.909883438360877 ], [ 76.494005868963669, 11.909883438245728 ], [ 76.494734515714427, 11.909867791721656 ], [ 76.494791754738202, 11.909808798117416 ], [ 76.494949027725383, 11.909646703927393 ], [ 76.49563960468366, 11.90870459003663 ], [ 76.497391545372892, 11.906314477173767 ], [ 76.498157070196498, 11.905262978168588 ], [ 76.501509984072072, 11.899781112886615 ], [ 76.494135946355684, 11.893828483130916 ], [ 76.490241982078956, 11.891081317961344 ], [ 76.489251770556024, 11.890382707464322 ], [ 76.488698386365002, 11.889997361195469 ], [ 76.488275671090932, 11.889703001681193 ], [ 76.487476954817637, 11.889594948981882 ], [ 76.476316122438547, 11.888084832116489 ], [ 76.47277401291845, 11.893303783075734 ], [ 76.472403099620706, 11.893628404651203 ], [ 76.472165906511535, 11.893833972824288 ], [ 76.47212629228089, 11.893797070760092 ], [ 76.472107875842966, 11.89381323509904 ], [ 76.472021284696311, 11.893733901633871 ], [ 76.470328521781184, 11.892192302407317 ], [ 76.470028456302941, 11.891740984349338 ], [ 76.470023042834214, 11.89167496108321 ], [ 76.469106255321989, 11.89088152648209 ], [ 76.468986107777909, 11.890687753694696 ], [ 76.468886850177967, 11.890528791009805 ], [ 76.468773303737478, 11.889191240419089 ], [ 76.468763538876431, 11.889172845438496 ], [ 76.468632219999961, 11.888791153998801 ], [ 76.468294915667556, 11.888776698388329 ], [ 76.468161945430978, 11.888930271227618 ], [ 76.468065816641527, 11.889502986501462 ], [ 76.467665325659993, 11.889551713539092 ], [ 76.46701660550417, 11.889508440592891 ], [ 76.4669073021618, 11.889514983574543 ], [ 76.465848380814947, 11.889598067721238 ], [ 76.465704007040912, 11.889574048425951 ], [ 76.465610768243764, 11.8888312130039 ], [ 76.465522021586636, 11.888195410979302 ], [ 76.465377392303651, 11.887977598130123 ], [ 76.465356590659809, 11.887897325599345 ], [ 76.465353923369847, 11.887893485605165 ], [ 76.465161841359759, 11.887211964787841 ], [ 76.46500969308768, 11.886851624747329 ], [ 76.465010516898317, 11.886842349385793 ], [ 76.464526935897467, 11.886814616439143 ], [ 76.464536647841413, 11.887630544161345 ], [ 76.464794733182757, 11.888050491040186 ], [ 76.464067498304232, 11.891723918270026 ], [ 76.466137322589248, 11.897365871352516 ], [ 76.46635391769874, 11.897954219950051 ], [ 76.468786267451378, 11.904587308787359 ], [ 76.469197590877016, 11.905710338288985 ], [ 76.468607541678978, 11.90647435631027 ], [ 76.46872649013676, 11.906915948556192 ], [ 76.468814526724827, 11.907294395087831 ], [ 76.468827701578874, 11.907349462116203 ], [ 76.469110285995598, 11.908530593837307 ], [ 76.469156778425372, 11.908724919309075 ], [ 76.470875866006168, 11.91590997205221 ], [ 76.471041657636135, 11.916564484539004 ], [ 76.471592870977588, 11.918774426472526 ], [ 76.471835698879175, 11.919747966572341 ], [ 76.47237685565382, 11.921917524048617 ], [ 76.472555052179374, 11.922011461590971 ], [ 76.475890270133178, 11.923769611378246 ], [ 76.476904626043051, 11.924304313132279 ], [ 76.479312562874128, 11.925573594183483 ], [ 76.479540142851036, 11.92568527621572 ], [ 76.479695507940988, 11.92576151945954 ], [ 76.479749848903154, 11.925788683061718 ], [ 76.480817689408795, 11.926145071871561 ], [ 76.484042338085445, 11.927221258105659 ], [ 76.486056505005052, 11.927850313948806 ], [ 76.486671249704884, 11.928049254875317 ], [ 76.487264654935572, 11.928236552494189 ], [ 76.489376649051678, 11.924693518150912 ], [ 76.489515755247524, 11.92445265272924 ], [ 76.489518795634567, 11.924369347815619 ], [ 76.490343699465569, 11.922983529114472 ], [ 76.490391819268226, 11.922898067034659 ] ] ] } },
{ "type": "Feature", "properties": { "OBJECTID": 21849, "KGISVillageID": 27856, "KGISVillageCode": "2608030050", "KGISVillageName": "Shambhugowdanahalli", "KGISHobliID": 881, "UniqueVillageCode": "2608030050_1", "Bhucode": "260501005047", "CensusVillageCode": "2957705573619006", "BhoomiVillageCode": "2608030050", "created_user": "SA", "created_date": 1556019584000.0, "last_edited_user": "SURESHBV2", "last_edited_date": 1724226113000.0, "LGDGPCode": "219460", "LGDGPCode_Secondary": null, "Category": "Cadastral data available and has bhoomi linkage", "SHAPE.STArea()": 3616771.7995498548, "SHAPE.STLength()": 9673.6109584430997, "LGD_VillageCode": 619006.0, "_overlap_percent": 100.00000000000004, "_police_station": "Saragur PS", "_police_feature_index": "506", "_admin_layer": "Village", "_geometry_clipped": true }, "geometry": { "type": "Polygon", "coordinates": [ [ [ 76.443218892381452, 11.930337219142395 ], [ 76.443451842368944, 11.93033692118304 ], [ 76.443631800922077, 11.930336691468055 ], [ 76.444258737074733, 11.930335889333703 ], [ 76.444642019538051, 11.930373480809681 ], [ 76.445014893471225, 11.930402074470996 ], [ 76.445331018649497, 11.930426316663324 ], [ 76.44527189813509, 11.93029416741669 ], [ 76.445262883863364, 11.930274017507969 ], [ 76.445257212382032, 11.929557691144622 ], [ 76.445403722041647, 11.929517844547378 ], [ 76.445875761008438, 11.92938946267199 ], [ 76.445996816913024, 11.929524819466621 ], [ 76.446015038090778, 11.929518298751889 ], [ 76.446110860234967, 11.929510976975209 ], [ 76.446099338843638, 11.92920414146429 ], [ 76.446047722501149, 11.929143813564242 ], [ 76.446136632951493, 11.928973974074909 ], [ 76.446199880396208, 11.928532317053488 ], [ 76.447871197108, 11.928202393251194 ], [ 76.447895395085709, 11.928197616386406 ], [ 76.448402039996154, 11.928097600663023 ], [ 76.448649541336053, 11.928046094545003 ], [ 76.449508959888746, 11.927718207386992 ], [ 76.450248853463165, 11.927022384135215 ], [ 76.450484953190369, 11.926800346887733 ], [ 76.453750464910456, 11.923729271642898 ], [ 76.454200282654696, 11.923280758569595 ], [ 76.454838882646271, 11.922644006672167 ], [ 76.455083210705482, 11.922400385136893 ], [ 76.455580457169077, 11.921904574444351 ], [ 76.469156778425372, 11.908724919309075 ], [ 76.469110285995598, 11.908530593837307 ], [ 76.468827701578874, 11.907349462116203 ], [ 76.468814526724827, 11.907294395087831 ], [ 76.46872649013676, 11.906915948556192 ], [ 76.468607541678978, 11.90647435631027 ], [ 76.468145668630513, 11.90641492066308 ], [ 76.467153030736469, 11.906287183101313 ], [ 76.454575835992031, 11.904422505995962 ], [ 76.45456378746745, 11.904443664770209 ], [ 76.454550091783929, 11.904467716044497 ], [ 76.454236823028467, 11.905022499172949 ], [ 76.453863567520926, 11.905683513009016 ], [ 76.453693497348013, 11.905984695242099 ], [ 76.451664548924043, 11.909577778591959 ], [ 76.447388213313488, 11.917455895028956 ], [ 76.447266158218426, 11.917680745321888 ], [ 76.44676018380089, 11.91861284926394 ], [ 76.445689904222505, 11.921491914652078 ], [ 76.445641267427945, 11.921627985887014 ], [ 76.445566622022682, 11.921838087313073 ], [ 76.445510612621064, 11.922052151472977 ], [ 76.445502027572161, 11.922084925904253 ], [ 76.445459824055121, 11.922246048667175 ], [ 76.445447700456981, 11.922313119406052 ], [ 76.445390283656522, 11.92259537820509 ], [ 76.445365366057572, 11.92271787135574 ], [ 76.44536411242548, 11.922724031854566 ], [ 76.445325213494741, 11.922915257933475 ], [ 76.44528457251694, 11.923141271956448 ], [ 76.44528258818049, 11.923152307381981 ], [ 76.445277852515332, 11.923178641284794 ], [ 76.44522852590184, 11.923452963226623 ], [ 76.445198708179944, 11.923611502732731 ], [ 76.445182021423761, 11.923700225165357 ], [ 76.445058183910845, 11.923850842024288 ], [ 76.444944942003076, 11.924002677406886 ], [ 76.444861839213445, 11.924114102168714 ], [ 76.444859628806512, 11.924151988989799 ], [ 76.444853053092402, 11.924264688132149 ], [ 76.444844829190899, 11.924405624688852 ], [ 76.4448445076262, 11.924411132178964 ], [ 76.444777634389837, 11.924415271590611 ], [ 76.444711293467449, 11.924419377516324 ], [ 76.444592482241589, 11.924426731601647 ], [ 76.444591085175787, 11.924442052058282 ], [ 76.444577891043579, 11.924586720847474 ], [ 76.444577417254948, 11.924591916307634 ], [ 76.444569699469142, 11.924676535199877 ], [ 76.444568887231839, 11.924685436407792 ], [ 76.444565949835905, 11.924685706430155 ], [ 76.444556780385284, 11.924686840182281 ], [ 76.444528582987289, 11.924690325435396 ], [ 76.444526111254078, 11.924690631039347 ], [ 76.444073938894391, 11.924746517443028 ], [ 76.443969950154766, 11.924697981929251 ], [ 76.443958054394756, 11.924692429515174 ], [ 76.44401805123762, 11.924632061102272 ], [ 76.444080395980365, 11.924569330030543 ], [ 76.443953765468947, 11.924435956132447 ], [ 76.443792327768861, 11.924440675229892 ], [ 76.443758950518742, 11.924492603120498 ], [ 76.443731632411243, 11.924535103841563 ], [ 76.44371227661982, 11.924565217624369 ], [ 76.44367749898602, 11.924576123766778 ], [ 76.443295724836304, 11.92469585201076 ], [ 76.44327158320192, 11.924703438045192 ], [ 76.442787590697478, 11.924855518671951 ], [ 76.442541223989309, 11.92492554997402 ], [ 76.442355826332999, 11.924978583922549 ], [ 76.44235207789805, 11.924979656379973 ], [ 76.44223259374894, 11.925014034084226 ], [ 76.442222476997898, 11.925016944611714 ], [ 76.442141827167575, 11.925040148708735 ], [ 76.442137154750483, 11.92504149802471 ], [ 76.441836707965521, 11.925168366817497 ], [ 76.442105145621326, 11.925289397022853 ], [ 76.442138571750249, 11.925666685403581 ], [ 76.442175670136621, 11.926069808913502 ], [ 76.442194370373485, 11.926273011692826 ], [ 76.442222579184815, 11.926558006652192 ], [ 76.442082687406469, 11.92685908032154 ], [ 76.441783316068708, 11.927513180460419 ], [ 76.441654957009177, 11.927793632539007 ], [ 76.441240969239544, 11.928539946951378 ], [ 76.440779309345913, 11.929614787318187 ], [ 76.440755644969698, 11.929746947542299 ], [ 76.440751188559148, 11.929771836172852 ], [ 76.440699517506843, 11.930060410905043 ], [ 76.440685325054758, 11.930139664695785 ], [ 76.440714228442943, 11.930272031338379 ], [ 76.440759989394451, 11.930481599650037 ], [ 76.440813717814194, 11.930475209362955 ], [ 76.440957645415466, 11.930457467562572 ], [ 76.441003161528826, 11.930428351849702 ], [ 76.441028199370237, 11.930412336240783 ], [ 76.441211353473477, 11.930413201915526 ], [ 76.441355652826147, 11.930413883158327 ], [ 76.4414348439186, 11.930413514596468 ], [ 76.441430190022771, 11.930419951976331 ], [ 76.441740421903603, 11.930451652727792 ], [ 76.441840492110359, 11.931204689376207 ], [ 76.441867282217814, 11.931406282969188 ], [ 76.441885810361072, 11.931545708279344 ], [ 76.442122741893016, 11.931278839375768 ], [ 76.442855131398815, 11.930453902548599 ], [ 76.443218892381452, 11.930337219142395 ] ] ] } },
{ "type": "Feature", "properties": { "OBJECTID": 21833, "KGISVillageID": 27840, "KGISVillageCode": "2608030048", "KGISVillageName": "Lakkasoge", "KGISHobliID": 881, "UniqueVillageCode": "2608030048_1", "Bhucode": "260501005031", "CensusVillageCode": "2957705573619003", "BhoomiVillageCode": "2608030048", "created_user": null, "created_date": null, "last_edited_user": "SURESHBV2", "last_edited_date": 1724226113000.0, "LGDGPCode": "219460", "LGDGPCode_Secondary": null, "Category": "Cadastral data available and has bhoomi linkage", "SHAPE.STArea()": 5614128.0748045854, "SHAPE.STLength()": 11269.505332800878, "LGD_VillageCode": 619003.0, "_overlap_percent": 99.623358144494972, "_police_station": "Saragur PS", "_police_feature_index": "506", "_admin_layer": "Village", "_geometry_clipped": true }, "geometry": { "type": "Polygon", "coordinates": [ [ [ 76.472239220582907, 11.924715095098204 ], [ 76.472245246430347, 11.924592605680409 ], [ 76.472275940149657, 11.923968722779462 ], [ 76.472291434684834, 11.923653774523402 ], [ 76.472360694953068, 11.922245997962845 ], [ 76.47237685565382, 11.921917524048617 ], [ 76.471835698879175, 11.919747966572341 ], [ 76.471592870977588, 11.918774426472526 ], [ 76.471041657636135, 11.916564484539004 ], [ 76.470875866006168, 11.91590997205221 ], [ 76.469156778425372, 11.908724919309075 ], [ 76.455580457169077, 11.921904574444351 ], [ 76.455083210705482, 11.922400385136893 ], [ 76.454838882646271, 11.922644006672167 ], [ 76.454200282654696, 11.923280758569595 ], [ 76.453750464910456, 11.923729271642898 ], [ 76.450484953190369, 11.926800346887733 ], [ 76.450248853463165, 11.927022384135215 ], [ 76.449508959888746, 11.927718207386992 ], [ 76.448649541336053, 11.928046094545003 ], [ 76.448402039996154, 11.928097600663023 ], [ 76.447895395085709, 11.928197616386406 ], [ 76.447871197108, 11.928202393251194 ], [ 76.446199880396208, 11.928532317053488 ], [ 76.446136632951493, 11.928973974074909 ], [ 76.446047722501149, 11.929143813564242 ], [ 76.446099338843638, 11.92920414146429 ], [ 76.446110860234967, 11.929510976975209 ], [ 76.446015038090778, 11.929518298751889 ], [ 76.445996816913024, 11.929524819466621 ], [ 76.445875761008438, 11.92938946267199 ], [ 76.445403722041647, 11.929517844547378 ], [ 76.445257212382032, 11.929557691144622 ], [ 76.445262883863364, 11.930274017507969 ], [ 76.44527189813509, 11.93029416741669 ], [ 76.445331018649497, 11.930426316663324 ], [ 76.445014893471225, 11.930402074470996 ], [ 76.444642019538051, 11.930373480809681 ], [ 76.444258737074733, 11.930335889333703 ], [ 76.44423485241073, 11.930426108778841 ], [ 76.443816375556324, 11.932240078842504 ], [ 76.443573711712332, 11.933291943947077 ], [ 76.44367589095323, 11.934238669864353 ], [ 76.443969355529262, 11.9349420402643 ], [ 76.444010510527562, 11.935040680042091 ], [ 76.444698024190203, 11.936424535669131 ], [ 76.444835485613382, 11.937021564412261 ], [ 76.444946669111843, 11.937504462497147 ], [ 76.444760952756482, 11.939132007481899 ], [ 76.444643181860968, 11.939641717812563 ], [ 76.444599377156351, 11.939831301982521 ], [ 76.44478861448566, 11.939836312926065 ], [ 76.444788968925792, 11.939844809437076 ], [ 76.445171021266788, 11.939797608839109 ], [ 76.445231336129325, 11.939790157541676 ], [ 76.445269333527975, 11.939785463557287 ], [ 76.445351187670894, 11.939709866065682 ], [ 76.445748639374429, 11.939342793439442 ], [ 76.445931083633766, 11.939031445800607 ], [ 76.446105136292118, 11.93873492832603 ], [ 76.446171904589477, 11.9385045243876 ], [ 76.446497976951875, 11.938327955444031 ], [ 76.446708359616864, 11.938064014599227 ], [ 76.44689437440131, 11.93793122239701 ], [ 76.447090012551527, 11.937694549119852 ], [ 76.447151337962325, 11.937620360523987 ], [ 76.447178466959656, 11.937562892493338 ], [ 76.447189262258348, 11.937540023462002 ], [ 76.447283516337578, 11.937340357602231 ], [ 76.44731683281978, 11.937269781151839 ], [ 76.447540598967976, 11.937007655069795 ], [ 76.447751536412099, 11.936760557360499 ], [ 76.448257176403899, 11.936313276797305 ], [ 76.448927144469522, 11.936164929111843 ], [ 76.449275815528424, 11.936018245503044 ], [ 76.44941764824641, 11.93595857703553 ], [ 76.449461911331056, 11.93596219398446 ], [ 76.449641163552883, 11.93597684113165 ], [ 76.449615393527537, 11.93620021028069 ], [ 76.449715757642366, 11.936510124784352 ], [ 76.450102929131461, 11.936397719558764 ], [ 76.450261825570095, 11.936388343235992 ], [ 76.45030547649192, 11.936663050406388 ], [ 76.450331847851501, 11.936993275560328 ], [ 76.450355178854409, 11.937285424038002 ], [ 76.450840714091569, 11.937189667100531 ], [ 76.451241996494716, 11.937093788101816 ], [ 76.451479640513995, 11.937185970877152 ], [ 76.45190053393064, 11.937090261882428 ], [ 76.45229920428136, 11.936983658116374 ], [ 76.452307290895462, 11.936983082051752 ], [ 76.453036152377791, 11.936931159272207 ], [ 76.453090767043335, 11.936927268953502 ], [ 76.453415928301737, 11.936904104420597 ], [ 76.45367013917361, 11.936885993856382 ], [ 76.453859005543379, 11.936872538706464 ], [ 76.454477168323976, 11.936828498405045 ], [ 76.455684276091006, 11.936742496109929 ], [ 76.45703915824987, 11.93664595923849 ], [ 76.458169451231996, 11.936565418919839 ], [ 76.469646943841269, 11.936018171832703 ], [ 76.469962658271228, 11.936003837992397 ], [ 76.470246018579147, 11.93599098743457 ], [ 76.471491887159729, 11.935934656522404 ], [ 76.471617469136973, 11.935928942321704 ], [ 76.471156471044353, 11.934275727742158 ], [ 76.472128637400928, 11.924976131935814 ], [ 76.472152576457958, 11.924747139058542 ], [ 76.472223802488287, 11.924871995038513 ], [ 76.472239220582907, 11.924715095098204 ] ] ] } },
{ "type": "Feature", "properties": { "OBJECTID": 21772, "KGISVillageID": 27778, "KGISVillageCode": "2608040006", "KGISVillageName": "Hosakote", "KGISHobliID": 462, "UniqueVillageCode": "2608040006_1", "Bhucode": "260501003021", "CensusVillageCode": "2957705573619102", "BhoomiVillageCode": "2608040006", "created_user": "SA", "created_date": 1556019584000.0, "last_edited_user": "SURESHBV2", "last_edited_date": 1724226098000.0, "LGDGPCode": "219439", "LGDGPCode_Secondary": null, "Category": "Cadastral data available and has bhoomi linkage", "SHAPE.STArea()": 1808064.1649689151, "SHAPE.STLength()": 6732.6138126526666, "LGD_VillageCode": 619102.0, "_overlap_percent": 99.999999999999972, "_police_station": "Saragur PS", "_police_feature_index": "506", "_admin_layer": "Village", "_geometry_clipped": true }, "geometry": { "type": "Polygon", "coordinates": [ [ [ 76.417800819898375, 11.881934121443804 ], [ 76.418297839634661, 11.881937715515328 ], [ 76.418306724728254, 11.881945013932153 ], [ 76.418840876564161, 11.882383768343217 ], [ 76.419127266898457, 11.882617822709788 ], [ 76.419700189526665, 11.882821800575213 ], [ 76.420253808877419, 11.883177516388052 ], [ 76.42026496681143, 11.883339560943298 ], [ 76.420199559763532, 11.88333776249709 ], [ 76.420086131353273, 11.883333344028948 ], [ 76.420065325454615, 11.883417076982079 ], [ 76.420492253630201, 11.883758879551982 ], [ 76.420579895200802, 11.884065776038858 ], [ 76.42063997495184, 11.884130854022739 ], [ 76.42071377980308, 11.88413602485114 ], [ 76.420722584063881, 11.884134790781419 ], [ 76.420866741038026, 11.884118180742139 ], [ 76.420623726322574, 11.883829968703903 ], [ 76.420607652794629, 11.883810864758777 ], [ 76.420579850566526, 11.883606610626877 ], [ 76.420580828967701, 11.883578078048211 ], [ 76.420583470605351, 11.883346455872635 ], [ 76.420741945479193, 11.883278128691337 ], [ 76.421038646044678, 11.883107051478188 ], [ 76.4211156329944, 11.883062628644431 ], [ 76.42114704759598, 11.883060685012225 ], [ 76.421276653032891, 11.883053224197583 ], [ 76.421369587306714, 11.882585273410196 ], [ 76.421355744164273, 11.882545938311392 ], [ 76.421297568206597, 11.882380638840875 ], [ 76.421092259623521, 11.881797275268283 ], [ 76.420790464266986, 11.88131956318165 ], [ 76.42073315783702, 11.880886817520004 ], [ 76.420725240766913, 11.880827030975615 ], [ 76.420720107606243, 11.880788264992578 ], [ 76.420652350982081, 11.880175508694299 ], [ 76.420640429693833, 11.880067702535753 ], [ 76.420635930087357, 11.88002701307296 ], [ 76.420296903225378, 11.879191909599001 ], [ 76.419842879199749, 11.878865262545739 ], [ 76.419375133885197, 11.878533316879397 ], [ 76.418920545264513, 11.878287287813782 ], [ 76.418590409776954, 11.878050589015727 ], [ 76.418196450524363, 11.87776362075844 ], [ 76.417758426336988, 11.877440684868414 ], [ 76.417589238775733, 11.877062273579826 ], [ 76.417339839935366, 11.877064169150904 ], [ 76.417287978468622, 11.877055238258396 ], [ 76.416741345740604, 11.876956745353278 ], [ 76.416082233193976, 11.876899906883249 ], [ 76.415501390990428, 11.876954129501073 ], [ 76.414707666836989, 11.876895289514554 ], [ 76.400813495675123, 11.872487264800432 ], [ 76.398706410547646, 11.871814244518921 ], [ 76.398701233209636, 11.871812588509904 ], [ 76.398877823207641, 11.872129223346811 ], [ 76.400516589018224, 11.875055704669277 ], [ 76.400542808969746, 11.875102380790187 ], [ 76.400997692188866, 11.875911646161974 ], [ 76.401425190332787, 11.876715167829879 ], [ 76.40542289019244, 11.884730698644979 ], [ 76.405574907151944, 11.885032910811974 ], [ 76.414250252587578, 11.883759244417888 ], [ 76.414838766740885, 11.883623499452781 ], [ 76.415900087909577, 11.883378695337534 ], [ 76.41650615515924, 11.883058449716369 ], [ 76.416469499394111, 11.882931227144557 ], [ 76.416520608404028, 11.882903061537766 ], [ 76.416650742039764, 11.882831345504869 ], [ 76.417068143995209, 11.882732014066084 ], [ 76.417406141181203, 11.882651579108622 ], [ 76.417751538996228, 11.882489582916678 ], [ 76.417779151917159, 11.88236603950047 ], [ 76.417810654170722, 11.88222509902632 ], [ 76.417800819898375, 11.881934121443804 ] ] ] } },
{ "type": "Feature", "properties": { "OBJECTID": 21844, "KGISVillageID": 27851, "KGISVillageCode": "2608030036", "KGISVillageName": "Mutthige Chikkathalalu", "KGISHobliID": 881, "UniqueVillageCode": "2608030036_1", "Bhucode": "260501005042", "CensusVillageCode": "2957705573619008", "BhoomiVillageCode": "2608030036", "created_user": "SA", "created_date": 1556019584000.0, "last_edited_user": "SURESHBV2", "last_edited_date": 1724226113000.0, "LGDGPCode": "219457", "LGDGPCode_Secondary": null, "Category": "Cadastral data available and has bhoomi linkage", "SHAPE.STArea()": 5151235.3770766454, "SHAPE.STLength()": 12022.839019745363, "LGD_VillageCode": 619008.0, "_overlap_percent": 100.0, "_police_station": "Saragur PS", "_police_feature_index": "506", "_admin_layer": "Village", "_geometry_clipped": true }, "geometry": { "type": "Polygon", "coordinates": [ [ [ 76.438428892456201, 11.905163637634439 ], [ 76.442511219836021, 11.902409792881558 ], [ 76.444371757916272, 11.901154681033926 ], [ 76.44703873170613, 11.899355511215164 ], [ 76.445003066887821, 11.898688144433288 ], [ 76.444486975094776, 11.898557312626536 ], [ 76.444219924961885, 11.898489703035485 ], [ 76.443446846598562, 11.898296205602426 ], [ 76.437510177050456, 11.896810202348632 ], [ 76.437507175109346, 11.896785198950411 ], [ 76.437444451015025, 11.896262705293026 ], [ 76.436997651445708, 11.892139271203032 ], [ 76.436968613038857, 11.891857753596865 ], [ 76.436715315607444, 11.889402081378861 ], [ 76.436500581741058, 11.887320215161738 ], [ 76.436592883800401, 11.887180177596079 ], [ 76.436693826723626, 11.887027030222859 ], [ 76.436811694509274, 11.886814098232355 ], [ 76.438168219612393, 11.880084846653782 ], [ 76.438248442636066, 11.879686881857989 ], [ 76.439441562837587, 11.873768013842662 ], [ 76.439608169170938, 11.872941494602118 ], [ 76.439610980968013, 11.872927543831084 ], [ 76.439553201685044, 11.872764990878784 ], [ 76.439493577053682, 11.87259746489584 ], [ 76.439442847765605, 11.87261035145135 ], [ 76.439444111400277, 11.872613783248033 ], [ 76.438553519573631, 11.872895686958174 ], [ 76.438363166240109, 11.87295593999459 ], [ 76.438302152506324, 11.872974974927549 ], [ 76.436375730708207, 11.873648684771513 ], [ 76.436329594820847, 11.873664819346841 ], [ 76.436328005128701, 11.873665375300002 ], [ 76.434457618276781, 11.87438293213693 ], [ 76.431731008442057, 11.875573162858947 ], [ 76.43034304499929, 11.87612256953766 ], [ 76.430311397312622, 11.876135073207333 ], [ 76.430219108952244, 11.876171536486817 ], [ 76.429169349557924, 11.876586290120626 ], [ 76.428969276994664, 11.876666026159448 ], [ 76.428936415068762, 11.87667912258083 ], [ 76.427576322985558, 11.877210810391466 ], [ 76.426035330883167, 11.877780393244787 ], [ 76.426019938085119, 11.877786082601169 ], [ 76.425967986814427, 11.877805284515226 ], [ 76.425922115410629, 11.877819960612896 ], [ 76.424874300670012, 11.878152620256945 ], [ 76.424825457354146, 11.878167752370222 ], [ 76.424253052641902, 11.878345195968905 ], [ 76.424221215743572, 11.878356909792572 ], [ 76.424215081809876, 11.878359166576729 ], [ 76.424212195789977, 11.87836022805822 ], [ 76.424166460195792, 11.878377056746238 ], [ 76.424058717668444, 11.87841270102167 ], [ 76.423846409592173, 11.878482940075274 ], [ 76.423694814636761, 11.878529168766837 ], [ 76.423830686450302, 11.879153789280977 ], [ 76.423770020365311, 11.879163575265016 ], [ 76.423770110813521, 11.879164199534863 ], [ 76.423738221093473, 11.879172482563833 ], [ 76.423638555354515, 11.879198959238101 ], [ 76.423377127470488, 11.879268407610592 ], [ 76.423192658959408, 11.879317411797766 ], [ 76.423180834658879, 11.879314727445896 ], [ 76.423094116370535, 11.879295037395158 ], [ 76.422924717148547, 11.87925657532203 ], [ 76.422916649715049, 11.879258604947024 ], [ 76.422751707338378, 11.879300101504894 ], [ 76.422724621834973, 11.879306915497642 ], [ 76.422634006173013, 11.87932971272612 ], [ 76.422486289358105, 11.879367022358696 ], [ 76.42247265728362, 11.879370465052542 ], [ 76.422458261779227, 11.879473896669964 ], [ 76.422458091852718, 11.879475114430109 ], [ 76.422450159156284, 11.879532112918161 ], [ 76.422450013126976, 11.879533159685042 ], [ 76.422447997207996, 11.879547644309175 ], [ 76.42230855632026, 11.879578020322736 ], [ 76.422066205845027, 11.87964224261718 ], [ 76.421968314540152, 11.879668270418518 ], [ 76.421968434555438, 11.879679901833798 ], [ 76.421969669875892, 11.879799277961196 ], [ 76.421970849352277, 11.879913197282672 ], [ 76.421951346657806, 11.879925080248768 ], [ 76.421884117697417, 11.87996226296953 ], [ 76.421654987310021, 11.879773113229781 ], [ 76.420889748750497, 11.87993806073449 ], [ 76.420876779891628, 11.879940893376521 ], [ 76.420839981129788, 11.879954032243077 ], [ 76.420824445058557, 11.879959580118852 ], [ 76.420780808257064, 11.879975160958391 ], [ 76.420635930087357, 11.88002701307296 ], [ 76.420640429693833, 11.880067702535753 ], [ 76.420652350982081, 11.880175508694299 ], [ 76.420720107606243, 11.880788264992578 ], [ 76.420725240766913, 11.880827030975615 ], [ 76.42073315783702, 11.880886817520004 ], [ 76.420790464266986, 11.88131956318165 ], [ 76.421092259623521, 11.881797275268283 ], [ 76.421297568206597, 11.882380638840875 ], [ 76.421355744164273, 11.882545938311392 ], [ 76.421369587306714, 11.882585273410196 ], [ 76.421276653032891, 11.883053224197583 ], [ 76.421274899394277, 11.883573592770611 ], [ 76.421155222170512, 11.884147287559452 ], [ 76.421132290707263, 11.884394560307346 ], [ 76.421125508088451, 11.884467693713766 ], [ 76.421124243550153, 11.884773910772552 ], [ 76.421203457187119, 11.88519771288607 ], [ 76.421357021747667, 11.885657660532836 ], [ 76.421566772786377, 11.88595157844917 ], [ 76.421766004639466, 11.886110621898601 ], [ 76.421784421165682, 11.886125323696277 ], [ 76.421867522775713, 11.886191662345835 ], [ 76.422149371672063, 11.886636917439043 ], [ 76.422627669670476, 11.887010950110488 ], [ 76.422786949572043, 11.887279873521431 ], [ 76.422873366161213, 11.887486250241089 ], [ 76.422949117469244, 11.887839385372196 ], [ 76.422958896728815, 11.887884972690399 ], [ 76.422975163537103, 11.88796080615495 ], [ 76.422979618071437, 11.887981572326169 ], [ 76.423009154423625, 11.88811926357717 ], [ 76.423012194051154, 11.888133434316796 ], [ 76.423141834683832, 11.888481379487144 ], [ 76.42319788263228, 11.888631807672104 ], [ 76.423208741444085, 11.88866095229117 ], [ 76.423265244720099, 11.88881260229385 ], [ 76.423281640015702, 11.888856604819733 ], [ 76.42329333066651, 11.889273104778221 ], [ 76.423304356849187, 11.889665947165108 ], [ 76.423294357980126, 11.889677571718787 ], [ 76.42328031594279, 11.889693896219118 ], [ 76.423148929901089, 11.889846642575867 ], [ 76.423038824435693, 11.889974647908877 ], [ 76.42295261567709, 11.890074872161195 ], [ 76.422944486814458, 11.890091637873651 ], [ 76.422926278169427, 11.890129195094152 ], [ 76.422911780401932, 11.890155342090495 ], [ 76.42247410508854, 11.890944703706095 ], [ 76.423082639833623, 11.891268049644077 ], [ 76.423156270372829, 11.891258920523958 ], [ 76.424189936476992, 11.891130750292167 ], [ 76.424323698724294, 11.891114164339973 ], [ 76.424567000142488, 11.891100224207934 ], [ 76.424891328542671, 11.891081641934269 ], [ 76.425043594218337, 11.891072917316626 ], [ 76.425552588963185, 11.891046746083754 ], [ 76.425643464897121, 11.891042073183396 ], [ 76.425707450949176, 11.891343242491541 ], [ 76.425713175386477, 11.891370185228286 ], [ 76.425752944461436, 11.891557372813665 ], [ 76.425853184472729, 11.891914122148847 ], [ 76.425890388138498, 11.892046525896774 ], [ 76.426012995518136, 11.892318155293028 ], [ 76.426133560086839, 11.89308695806756 ], [ 76.426148845125368, 11.893149940933855 ], [ 76.426206319299865, 11.893404771328537 ], [ 76.42627879604612, 11.893726120954781 ], [ 76.426268601664049, 11.894091168826456 ], [ 76.426265512029644, 11.894178621443338 ], [ 76.426262987201554, 11.894250086940744 ], [ 76.426256485554575, 11.894434121468283 ], [ 76.426481587828434, 11.894800014223115 ], [ 76.426637539287498, 11.895054402664067 ], [ 76.42689969668082, 11.895437146041369 ], [ 76.427724573415404, 11.896285293379398 ], [ 76.427740066176725, 11.896301222746551 ], [ 76.42828902212554, 11.896865662058337 ], [ 76.42878923742613, 11.89746363080036 ], [ 76.428909420417853, 11.897929652684017 ], [ 76.428910932702962, 11.897935515256286 ], [ 76.429034128606631, 11.898413216120334 ], [ 76.429008819989946, 11.898971141035789 ], [ 76.428980071284599, 11.899604937091004 ], [ 76.42896866256055, 11.899773043688846 ], [ 76.428948630743861, 11.90006819907244 ], [ 76.428923299511027, 11.90044145274493 ], [ 76.429323123464812, 11.901244522725142 ], [ 76.429393211581612, 11.9014764009672 ], [ 76.429394185928942, 11.9014796254238 ], [ 76.429612242147741, 11.902201030285875 ], [ 76.429559837817024, 11.902724520135674 ], [ 76.429543771168298, 11.902885015304996 ], [ 76.429534737561951, 11.902975258106428 ], [ 76.429485910287966, 11.903463018432189 ], [ 76.429488566896765, 11.903476861886494 ], [ 76.429453584466756, 11.903858723378299 ], [ 76.429416957099491, 11.904258541112993 ], [ 76.429404533444597, 11.90439415364742 ], [ 76.429531230537805, 11.905166057908795 ], [ 76.429593658725949, 11.905386780359832 ], [ 76.429600038583416, 11.905409338396982 ], [ 76.429669772746863, 11.905655892368932 ], [ 76.429798613360305, 11.906111423357427 ], [ 76.430102747179888, 11.906636860413274 ], [ 76.430116979642065, 11.906661448951851 ], [ 76.430221772636884, 11.906842493834469 ], [ 76.430560210205186, 11.907313587906366 ], [ 76.430653080521679, 11.907401877888843 ], [ 76.430817255700063, 11.907557956770626 ], [ 76.431190219211828, 11.907763882847256 ], [ 76.43150282359214, 11.90793648202146 ], [ 76.431809375799304, 11.908034079759901 ], [ 76.431815514846946, 11.908037601631221 ], [ 76.431949483288335, 11.908084232802777 ], [ 76.431950454687041, 11.908078995027488 ], [ 76.431975088648258, 11.907946150294803 ], [ 76.432322715630278, 11.907778877151333 ], [ 76.432361433822848, 11.907760247052996 ], [ 76.432904863070888, 11.907473136462498 ], [ 76.432956210204821, 11.907446007900051 ], [ 76.433250974160558, 11.907721113088309 ], [ 76.433502256088758, 11.908073356662506 ], [ 76.433549280488862, 11.908410273921561 ], [ 76.433452108569526, 11.908414904248783 ], [ 76.433439484562939, 11.908415435853934 ], [ 76.433534948356979, 11.908521522000658 ], [ 76.433602141492301, 11.908470315626095 ], [ 76.433962669112262, 11.90819556612878 ], [ 76.434017474742774, 11.908154303414884 ], [ 76.438428892456201, 11.905163637634439 ] ] ] } },
{ "type": "Feature", "properties": { "OBJECTID": 21777, "KGISVillageID": 27784, "KGISVillageCode": "2608040001", "KGISVillageName": "Kandhalike", "KGISHobliID": 462, "UniqueVillageCode": "2608040001_1", "Bhucode": "260501003027", "CensusVillageCode": "2957705573619101", "BhoomiVillageCode": "2608040001", "created_user": "SA", "created_date": 1556019584000.0, "last_edited_user": "SURESHBV2", "last_edited_date": 1724226098000.0, "LGDGPCode": "219439", "LGDGPCode_Secondary": null, "Category": "Cadastral data available and has bhoomi linkage", "SHAPE.STArea()": 3189562.2417944148, "SHAPE.STLength()": 7891.5069617546287, "LGD_VillageCode": 619101.0, "_overlap_percent": 100.0, "_police_station": "Saragur PS", "_police_feature_index": "506", "_admin_layer": "Village", "_geometry_clipped": true }, "geometry": { "type": "Polygon", "coordinates": [ [ [ 76.425674713175582, 11.896267969429887 ], [ 76.426368480422227, 11.895792369679931 ], [ 76.426667155101669, 11.89558047415704 ], [ 76.426690176714118, 11.895566365205353 ], [ 76.42689969668082, 11.895437146041369 ], [ 76.426637539287498, 11.895054402664067 ], [ 76.426481587828434, 11.894800014223115 ], [ 76.426256485554575, 11.894434121468283 ], [ 76.426262987201554, 11.894250086940744 ], [ 76.426265512029644, 11.894178621443338 ], [ 76.426268601664049, 11.894091168826456 ], [ 76.42627879604612, 11.893726120954781 ], [ 76.426206319299865, 11.893404771328537 ], [ 76.426148845125368, 11.893149940933855 ], [ 76.426133560086839, 11.89308695806756 ], [ 76.426012995518136, 11.892318155293028 ], [ 76.425890388138498, 11.892046525896774 ], [ 76.425853184472729, 11.891914122148847 ], [ 76.425752944461436, 11.891557372813665 ], [ 76.425713175386477, 11.891370185228286 ], [ 76.425707450949176, 11.891343242491541 ], [ 76.425643464897121, 11.891042073183396 ], [ 76.425552588963185, 11.891046746083754 ], [ 76.425043594218337, 11.891072917316626 ], [ 76.424891328542671, 11.891081641934269 ], [ 76.424567000142488, 11.891100224207934 ], [ 76.424323698724294, 11.891114164339973 ], [ 76.424189936476992, 11.891130750292167 ], [ 76.423156270372829, 11.891258920523958 ], [ 76.423082639833623, 11.891268049644077 ], [ 76.42247410508854, 11.890944703706095 ], [ 76.422911780401932, 11.890155342090495 ], [ 76.422926278169427, 11.890129195094152 ], [ 76.422944486814458, 11.890091637873651 ], [ 76.42295261567709, 11.890074872161195 ], [ 76.423038824435693, 11.889974647908877 ], [ 76.423148929901089, 11.889846642575867 ], [ 76.42328031594279, 11.889693896219118 ], [ 76.423294357980126, 11.889677571718787 ], [ 76.423304356849187, 11.889665947165108 ], [ 76.42329333066651, 11.889273104778221 ], [ 76.423281640015702, 11.888856604819733 ], [ 76.423265244720099, 11.88881260229385 ], [ 76.423208741444085, 11.88866095229117 ], [ 76.42319788263228, 11.888631807672104 ], [ 76.423141834683832, 11.888481379487144 ], [ 76.423012194051154, 11.888133434316796 ], [ 76.423009154423625, 11.88811926357717 ], [ 76.422979618071437, 11.887981572326169 ], [ 76.422975163537103, 11.88796080615495 ], [ 76.422958896728815, 11.887884972690399 ], [ 76.422949117469244, 11.887839385372196 ], [ 76.422873366161213, 11.887486250241089 ], [ 76.422786949572043, 11.887279873521431 ], [ 76.422627669670476, 11.887010950110488 ], [ 76.422149371672063, 11.886636917439043 ], [ 76.421867522775713, 11.886191662345835 ], [ 76.421784421165682, 11.886125323696277 ], [ 76.421766004639466, 11.886110621898601 ], [ 76.421566772786377, 11.88595157844917 ], [ 76.421357021747667, 11.885657660532836 ], [ 76.421203457187119, 11.88519771288607 ], [ 76.421124243550153, 11.884773910772552 ], [ 76.421125508088451, 11.884467693713766 ], [ 76.421132290707263, 11.884394560307346 ], [ 76.421155222170512, 11.884147287559452 ], [ 76.421274899394277, 11.883573592770611 ], [ 76.421276653032891, 11.883053224197583 ], [ 76.42114704759598, 11.883060685012225 ], [ 76.4211156329944, 11.883062628644431 ], [ 76.421038646044678, 11.883107051478188 ], [ 76.420741945479193, 11.883278128691337 ], [ 76.420583470605351, 11.883346455872635 ], [ 76.420580828967701, 11.883578078048211 ], [ 76.420579850566526, 11.883606610626877 ], [ 76.420607652794629, 11.883810864758777 ], [ 76.420623726322574, 11.883829968703903 ], [ 76.420866741038026, 11.884118180742139 ], [ 76.420722584063881, 11.884134790781419 ], [ 76.42071377980308, 11.88413602485114 ], [ 76.42063997495184, 11.884130854022739 ], [ 76.420579895200802, 11.884065776038858 ], [ 76.420492253630201, 11.883758879551982 ], [ 76.420065325454615, 11.883417076982079 ], [ 76.420086131353273, 11.883333344028948 ], [ 76.420199559763532, 11.88333776249709 ], [ 76.42026496681143, 11.883339560943298 ], [ 76.420253808877419, 11.883177516388052 ], [ 76.419700189526665, 11.882821800575213 ], [ 76.419127266898457, 11.882617822709788 ], [ 76.418840876564161, 11.882383768343217 ], [ 76.418306724728254, 11.881945013932153 ], [ 76.418297839634661, 11.881937715515328 ], [ 76.417800819898375, 11.881934121443804 ], [ 76.417810654170722, 11.88222509902632 ], [ 76.417779151917159, 11.88236603950047 ], [ 76.417751538996228, 11.882489582916678 ], [ 76.417406141181203, 11.882651579108622 ], [ 76.417068143995209, 11.882732014066084 ], [ 76.416650742039764, 11.882831345504869 ], [ 76.416520608404028, 11.882903061537766 ], [ 76.416469499394111, 11.882931227144557 ], [ 76.41650615515924, 11.883058449716369 ], [ 76.415900087909577, 11.883378695337534 ], [ 76.414838766740885, 11.883623499452781 ], [ 76.414250252587578, 11.883759244417888 ], [ 76.405574907151944, 11.885032910811974 ], [ 76.40459205693503, 11.884972634362484 ], [ 76.4094546492354, 11.897637953649902 ], [ 76.41130285364315, 11.900373864819537 ], [ 76.413710155633709, 11.899534139619158 ], [ 76.414748591014103, 11.899172421498099 ], [ 76.417970316055445, 11.901125955300962 ], [ 76.417983858104506, 11.90113414879546 ], [ 76.425674713175582, 11.896267969429887 ] ] ] } },
{ "type": "Feature", "properties": { "OBJECTID": 21764, "KGISVillageID": 27770, "KGISVillageCode": "2608040050", "KGISVillageName": "Byrapura", "KGISHobliID": 462, "UniqueVillageCode": "2608040050_1", "Bhucode": "260501003011", "CensusVillageCode": "2957705573619094", "BhoomiVillageCode": "2608040050", "created_user": "SA", "created_date": 1556019584000.0, "last_edited_user": "SURESHBV2", "last_edited_date": 1724226098000.0, "LGDGPCode": "219439", "LGDGPCode_Secondary": null, "Category": "Cadastral data available and has bhoomi linkage", "SHAPE.STArea()": 1894992.89233859, "SHAPE.STLength()": 6577.2053261952751, "LGD_VillageCode": 619094.0, "_overlap_percent": 99.999999999999986, "_police_station": "Saragur PS", "_police_feature_index": "506", "_admin_layer": "Village", "_geometry_clipped": true }, "geometry": { "type": "Polygon", "coordinates": [ [ [ 76.43103633940629, 11.915430153229444 ], [ 76.431306555383145, 11.915165101694775 ], [ 76.431773555342517, 11.91491623937214 ], [ 76.431955253827979, 11.914790294705336 ], [ 76.432692851686198, 11.914974802397854 ], [ 76.433228190355052, 11.914886547045311 ], [ 76.433728207353582, 11.914732072757646 ], [ 76.434060810080368, 11.914690122154434 ], [ 76.434361799794587, 11.91465215818714 ], [ 76.434344436571919, 11.914633125219575 ], [ 76.433906617234783, 11.914153221404689 ], [ 76.433614562503422, 11.913671987491501 ], [ 76.433407427213268, 11.913070068118463 ], [ 76.433346142974386, 11.91289258275604 ], [ 76.433316792954926, 11.912807583632857 ], [ 76.43325647090515, 11.912632885151455 ], [ 76.433049306242083, 11.912036047304815 ], [ 76.432915612529172, 11.91165384487503 ], [ 76.432880481705652, 11.911553414322825 ], [ 76.43246045853877, 11.911429286058118 ], [ 76.432389755705245, 11.911222638177765 ], [ 76.432377788769998, 11.911187936059601 ], [ 76.432338333445941, 11.911073525835562 ], [ 76.43221702003828, 11.910721749307537 ], [ 76.432248439158997, 11.910517397704881 ], [ 76.4325841577961, 11.910017400115134 ], [ 76.432611797814957, 11.909665183050137 ], [ 76.43267281989975, 11.909431030629257 ], [ 76.432684020678437, 11.909388050496318 ], [ 76.432775178363386, 11.909038264419816 ], [ 76.432884427768499, 11.908605623797436 ], [ 76.432923086608454, 11.908452526775799 ], [ 76.432730290194868, 11.908377121567723 ], [ 76.432596085103441, 11.908307800391531 ], [ 76.432365212283116, 11.908228939527818 ], [ 76.432163822581742, 11.908158840235222 ], [ 76.431949483288335, 11.908084232802777 ], [ 76.431815514846946, 11.908037601631221 ], [ 76.431809375799304, 11.908034079759901 ], [ 76.43150282359214, 11.90793648202146 ], [ 76.431190219211828, 11.907763882847256 ], [ 76.430817255700063, 11.907557956770626 ], [ 76.430653080521679, 11.907401877888843 ], [ 76.430560210205186, 11.907313587906366 ], [ 76.430221772636884, 11.906842493834469 ], [ 76.430116979642065, 11.906661448951851 ], [ 76.430102747179888, 11.906636860413274 ], [ 76.429798613360305, 11.906111423357427 ], [ 76.429669772746863, 11.905655892368932 ], [ 76.429600038583416, 11.905409338396982 ], [ 76.429593658725949, 11.905386780359832 ], [ 76.429531230537805, 11.905166057908795 ], [ 76.429404533444597, 11.90439415364742 ], [ 76.429416957099491, 11.904258541112993 ], [ 76.429453584466756, 11.903858723378299 ], [ 76.429488566896765, 11.903476861886494 ], [ 76.429485910287966, 11.903463018432189 ], [ 76.429534737561951, 11.902975258106428 ], [ 76.429543771168298, 11.902885015304996 ], [ 76.429559837817024, 11.902724520135674 ], [ 76.429612242147741, 11.902201030285875 ], [ 76.429394185928942, 11.9014796254238 ], [ 76.429393211581612, 11.9014764009672 ], [ 76.429323123464812, 11.901244522725142 ], [ 76.428923299511027, 11.90044145274493 ], [ 76.428948630743861, 11.90006819907244 ], [ 76.42896866256055, 11.899773043688846 ], [ 76.428980071284599, 11.899604937091004 ], [ 76.429008819989946, 11.898971141035789 ], [ 76.429034128606631, 11.898413216120334 ], [ 76.428910932702962, 11.897935515256286 ], [ 76.428909420417853, 11.897929652684017 ], [ 76.42878923742613, 11.89746363080036 ], [ 76.42828902212554, 11.896865662058337 ], [ 76.427740066176725, 11.896301222746551 ], [ 76.427724573415404, 11.896285293379398 ], [ 76.42689969668082, 11.895437146041369 ], [ 76.426690176714118, 11.895566365205353 ], [ 76.426667155101669, 11.89558047415704 ], [ 76.426368480422227, 11.895792369679931 ], [ 76.425674713175582, 11.896267969429887 ], [ 76.417983858104506, 11.90113414879546 ], [ 76.419836978506794, 11.902253945404338 ], [ 76.421616373107881, 11.903326739982285 ], [ 76.425455377589998, 11.915163423066556 ], [ 76.425459811955108, 11.915177340739586 ], [ 76.425558329032626, 11.915486637419429 ], [ 76.425734326130495, 11.91549402013224 ], [ 76.426023859872444, 11.915587344612439 ], [ 76.426291162064629, 11.91571607865068 ], [ 76.426610717582619, 11.915691509566978 ], [ 76.426881906902594, 11.915727191979951 ], [ 76.427294760758869, 11.915999147159667 ], [ 76.427642010217582, 11.916137825628342 ], [ 76.428061298724472, 11.916263906189856 ], [ 76.42860929407513, 11.916163312129905 ], [ 76.429163819561481, 11.915987329337984 ], [ 76.42938741147276, 11.915981014584844 ], [ 76.429623761755138, 11.915974340181187 ], [ 76.430186688077313, 11.915791497865486 ], [ 76.430714777534405, 11.915744912402992 ], [ 76.43103633940629, 11.915430153229444 ] ] ] } },
{ "type": "Feature", "properties": { "OBJECTID": 21835, "KGISVillageID": 27842, "KGISVillageCode": "2608030037", "KGISVillageName": "Lakshmanapura", "KGISHobliID": 881, "UniqueVillageCode": "2608030037_1", "Bhucode": "260501005033", "CensusVillageCode": "2957705573619007", "BhoomiVillageCode": "2608030037", "created_user": "SA", "created_date": 1556019584000.0, "last_edited_user": "SURESHBV2", "last_edited_date": 1724226113000.0, "LGDGPCode": "219460", "LGDGPCode_Secondary": null, "Category": "Cadastral data available and has bhoomi linkage", "SHAPE.STArea()": 3809777.598816785, "SHAPE.STLength()": 8818.6302393681799, "LGD_VillageCode": 619007.0, "_overlap_percent": 100.00000000000003, "_police_station": "Saragur PS", "_police_feature_index": "506", "_admin_layer": "Village", "_geometry_clipped": true }, "geometry": { "type": "Polygon", "coordinates": [ [ [ 76.443953765468947, 11.924435956132447 ], [ 76.444080395980365, 11.924569330030543 ], [ 76.44401805123762, 11.924632061102272 ], [ 76.443958054394756, 11.924692429515174 ], [ 76.443969950154766, 11.924697981929251 ], [ 76.444073938894391, 11.924746517443028 ], [ 76.444526111254078, 11.924690631039347 ], [ 76.444528582987289, 11.924690325435396 ], [ 76.444556780385284, 11.924686840182281 ], [ 76.444565949835905, 11.924685706430155 ], [ 76.444568887231839, 11.924685436407792 ], [ 76.444569699469142, 11.924676535199877 ], [ 76.444577417254948, 11.924591916307634 ], [ 76.444577891043579, 11.924586720847474 ], [ 76.444591085175787, 11.924442052058282 ], [ 76.444592482241589, 11.924426731601647 ], [ 76.444711293467449, 11.924419377516324 ], [ 76.444777634389837, 11.924415271590611 ], [ 76.4448445076262, 11.924411132178964 ], [ 76.444844829190899, 11.924405624688852 ], [ 76.444853053092402, 11.924264688132149 ], [ 76.444859628806512, 11.924151988989799 ], [ 76.444861839213445, 11.924114102168714 ], [ 76.444944942003076, 11.924002677406886 ], [ 76.445058183910845, 11.923850842024288 ], [ 76.445182021423761, 11.923700225165357 ], [ 76.445198708179944, 11.923611502732731 ], [ 76.44522852590184, 11.923452963226623 ], [ 76.445277852515332, 11.923178641284794 ], [ 76.44528258818049, 11.923152307381981 ], [ 76.44528457251694, 11.923141271956448 ], [ 76.445325213494741, 11.922915257933475 ], [ 76.44536411242548, 11.922724031854566 ], [ 76.445365366057572, 11.92271787135574 ], [ 76.445390283656522, 11.92259537820509 ], [ 76.445447700456981, 11.922313119406052 ], [ 76.445459824055121, 11.922246048667175 ], [ 76.445502027572161, 11.922084925904253 ], [ 76.445510612621064, 11.922052151472977 ], [ 76.445566622022682, 11.921838087313073 ], [ 76.445641267427945, 11.921627985887014 ], [ 76.445689904222505, 11.921491914652078 ], [ 76.44676018380089, 11.91861284926394 ], [ 76.447266158218426, 11.917680745321888 ], [ 76.447388213313488, 11.917455895028956 ], [ 76.451664548924043, 11.909577778591959 ], [ 76.453693497348013, 11.905984695242099 ], [ 76.453863567520926, 11.905683513009016 ], [ 76.454236823028467, 11.905022499172949 ], [ 76.454550091783929, 11.904467716044497 ], [ 76.45456378746745, 11.904443664770209 ], [ 76.454575835992031, 11.904422505995962 ], [ 76.4545555258821, 11.90440926297898 ], [ 76.453937712322485, 11.904006419325205 ], [ 76.452156455028316, 11.902844940601096 ], [ 76.451804570444267, 11.90261173825118 ], [ 76.451614610488164, 11.902485845956145 ], [ 76.447159049055756, 11.899394954671473 ], [ 76.44703873170613, 11.899355511215164 ], [ 76.444371757916272, 11.901154681033926 ], [ 76.442511219836021, 11.902409792881558 ], [ 76.438428892456201, 11.905163637634439 ], [ 76.434017474742774, 11.908154303414884 ], [ 76.433962669112262, 11.90819556612878 ], [ 76.433602141492301, 11.908470315626095 ], [ 76.433534948356979, 11.908521522000658 ], [ 76.433439484562939, 11.908415435853934 ], [ 76.433452108569526, 11.908414904248783 ], [ 76.433549280488862, 11.908410273921561 ], [ 76.433502256088758, 11.908073356662506 ], [ 76.433250974160558, 11.907721113088309 ], [ 76.432956210204821, 11.907446007900051 ], [ 76.432904863070888, 11.907473136462498 ], [ 76.432361433822848, 11.907760247052996 ], [ 76.432322715630278, 11.907778877151333 ], [ 76.431975088648258, 11.907946150294803 ], [ 76.431950454687041, 11.908078995027488 ], [ 76.431949483288335, 11.908084232802777 ], [ 76.432163822581742, 11.908158840235222 ], [ 76.432365212283116, 11.908228939527818 ], [ 76.432596085103441, 11.908307800391531 ], [ 76.432730290194868, 11.908377121567723 ], [ 76.432923086608454, 11.908452526775799 ], [ 76.432884427768499, 11.908605623797436 ], [ 76.432775178363386, 11.909038264419816 ], [ 76.432684020678437, 11.909388050496318 ], [ 76.43267281989975, 11.909431030629257 ], [ 76.432611797814957, 11.909665183050137 ], [ 76.4325841577961, 11.910017400115134 ], [ 76.432248439158997, 11.910517397704881 ], [ 76.43221702003828, 11.910721749307537 ], [ 76.432338333445941, 11.911073525835562 ], [ 76.432377788769998, 11.911187936059601 ], [ 76.432389755705245, 11.911222638177765 ], [ 76.43246045853877, 11.911429286058118 ], [ 76.432880481705652, 11.911553414322825 ], [ 76.432915612529172, 11.91165384487503 ], [ 76.433049306242083, 11.912036047304815 ], [ 76.43325647090515, 11.912632885151455 ], [ 76.433316792954926, 11.912807583632857 ], [ 76.433346142974386, 11.91289258275604 ], [ 76.433407427213268, 11.913070068118463 ], [ 76.433614562503422, 11.913671987491501 ], [ 76.433906617234783, 11.914153221404689 ], [ 76.434344436571919, 11.914633125219575 ], [ 76.434361799794587, 11.91465215818714 ], [ 76.435456065084082, 11.915035189078161 ], [ 76.435480577555964, 11.915043768698606 ], [ 76.435603277912207, 11.915086717595775 ], [ 76.435624590556571, 11.915094177979114 ], [ 76.43605240654972, 11.915160656470372 ], [ 76.436116145831718, 11.915170561276566 ], [ 76.436591770551317, 11.91549916444181 ], [ 76.437068088047383, 11.915997489189781 ], [ 76.437272371247062, 11.916756054998752 ], [ 76.437030337411329, 11.918216655403224 ], [ 76.436750286590438, 11.919135471478032 ], [ 76.436293435767539, 11.919754117108335 ], [ 76.435689315695754, 11.920596638712961 ], [ 76.435183477230652, 11.921560070462625 ], [ 76.435090757331736, 11.922066630303668 ], [ 76.435113359128621, 11.922134280618046 ], [ 76.435189312293602, 11.922361616512719 ], [ 76.43520120507192, 11.922397215620288 ], [ 76.435302549282497, 11.922700548493914 ], [ 76.435334173881088, 11.922795205639616 ], [ 76.435352790092381, 11.922850926074441 ], [ 76.435736355120184, 11.923287680948539 ], [ 76.436531783273679, 11.923673926801069 ], [ 76.437251218108983, 11.923855959906884 ], [ 76.437646880094462, 11.923953148335221 ], [ 76.438204585302742, 11.923984449874634 ], [ 76.439041887983748, 11.924020570359366 ], [ 76.439809409832321, 11.924119883317426 ], [ 76.440411416560238, 11.924028608265861 ], [ 76.4410803803666, 11.924192507639543 ], [ 76.441551984295657, 11.92444226022757 ], [ 76.441781682800965, 11.925028110317101 ], [ 76.441836707965521, 11.925168366817497 ], [ 76.442137154750483, 11.92504149802471 ], [ 76.442141827167575, 11.925040148708735 ], [ 76.442222476997898, 11.925016944611714 ], [ 76.44223259374894, 11.925014034084226 ], [ 76.44235207789805, 11.924979656379973 ], [ 76.442355826332999, 11.924978583922549 ], [ 76.442541223989309, 11.92492554997402 ], [ 76.442787590697478, 11.924855518671951 ], [ 76.44327158320192, 11.924703438045192 ], [ 76.443295724836304, 11.92469585201076 ], [ 76.44367749898602, 11.924576123766778 ], [ 76.44371227661982, 11.924565217624369 ], [ 76.443731632411243, 11.924535103841563 ], [ 76.443758950518742, 11.924492603120498 ], [ 76.443792327768861, 11.924440675229892 ], [ 76.443953765468947, 11.924435956132447 ] ] ] } },
{ "type": "Feature", "properties": { "OBJECTID": 21757, "KGISVillageID": 27763, "KGISVillageCode": "2608040042", "KGISVillageName": "Alaganji", "KGISHobliID": 462, "UniqueVillageCode": "2608040042_1", "Bhucode": "260501003003", "CensusVillageCode": "2957705573619095", "BhoomiVillageCode": "2608040042", "created_user": "SA", "created_date": 1556019584000.0, "last_edited_user": "SURESHBV2", "last_edited_date": 1724226098000.0, "LGDGPCode": "219439", "LGDGPCode_Secondary": null, "Category": "Cadastral data available and has bhoomi linkage", "SHAPE.STArea()": 10152037.153650144, "SHAPE.STLength()": 14361.416264277321, "LGD_VillageCode": 619095.0, "_overlap_percent": 100.0, "_police_station": "Saragur PS", "_police_feature_index": "506", "_admin_layer": "Village", "_geometry_clipped": true }, "geometry": { "type": "Polygon", "coordinates": [ [ [ 76.421616373107881, 11.903326739982285 ], [ 76.419836978506794, 11.902253945404338 ], [ 76.417983858104506, 11.90113414879546 ], [ 76.417970316055445, 11.901125955300962 ], [ 76.414748591014103, 11.899172421498099 ], [ 76.413710155633709, 11.899534139619158 ], [ 76.41130285364315, 11.900373864819537 ], [ 76.405090191823589, 11.902545027444257 ], [ 76.403548954814838, 11.902386992078261 ], [ 76.400949324828105, 11.903055409529868 ], [ 76.399124521722172, 11.903525491805071 ], [ 76.39711698928339, 11.9037572830418 ], [ 76.383695936048539, 11.905383857857393 ], [ 76.381363461256598, 11.906327036406442 ], [ 76.381316220477231, 11.906345874287167 ], [ 76.381495668897585, 11.906753519240354 ], [ 76.379527286515554, 11.90765347680555 ], [ 76.379128475894717, 11.907838797401793 ], [ 76.380070019141399, 11.910095133274591 ], [ 76.380161173896454, 11.910073954958447 ], [ 76.38018513882767, 11.910071335958301 ], [ 76.381100452156744, 11.909971287935594 ], [ 76.381579568391501, 11.909918917736556 ], [ 76.382568343804138, 11.909810835466237 ], [ 76.382625582179173, 11.909804578589847 ], [ 76.382770503517577, 11.909789449061043 ], [ 76.38278318063017, 11.909795159560861 ], [ 76.389742330288826, 11.912704276996431 ], [ 76.390928606387462, 11.913292260775895 ], [ 76.393321816379725, 11.915560820291239 ], [ 76.398051866343764, 11.920329926497155 ], [ 76.398214516104844, 11.92034632488606 ], [ 76.40107938032007, 11.920624084439222 ], [ 76.402004339665154, 11.921717363841667 ], [ 76.402868993836123, 11.922443834202372 ], [ 76.404566940455567, 11.927364548966382 ], [ 76.404962246243372, 11.927522273285424 ], [ 76.405566384912063, 11.927674570279803 ], [ 76.407304430176538, 11.928773553107122 ], [ 76.407488421626454, 11.928889891057326 ], [ 76.408794525175367, 11.929764290328411 ], [ 76.40906833969936, 11.929947600040579 ], [ 76.40905184379298, 11.929974107419699 ], [ 76.409741696187496, 11.930376206981579 ], [ 76.409917584650032, 11.930478728498498 ], [ 76.410645209402674, 11.930902840765782 ], [ 76.410643768826432, 11.930920060971912 ], [ 76.410696485358088, 11.93093272790756 ], [ 76.41102661954173, 11.93100457253445 ], [ 76.421266566984599, 11.93323280781734 ], [ 76.421400904903138, 11.933476747906974 ], [ 76.421486056375514, 11.933631282670428 ], [ 76.422284923889862, 11.9284840845358 ], [ 76.422297564781843, 11.928405914793039 ], [ 76.423338236532061, 11.921970169991686 ], [ 76.423571902546925, 11.920504337579311 ], [ 76.424588474154149, 11.920250845508111 ], [ 76.425806090986512, 11.91795919310538 ], [ 76.425676055109292, 11.915856788518177 ], [ 76.425652397235595, 11.915782357280845 ], [ 76.425638702504472, 11.915739282678002 ], [ 76.425566724719474, 11.915513015053342 ], [ 76.425558329032626, 11.915486637419429 ], [ 76.425459811955108, 11.915177340739586 ], [ 76.425455377589998, 11.915163423066556 ], [ 76.421616373107881, 11.903326739982285 ] ] ] } },
{ "type": "Feature", "properties": { "OBJECTID": 21756, "KGISVillageID": 27762, "KGISVillageCode": "2608040049", "KGISVillageName": "Aiyyanapura", "KGISHobliID": 462, "UniqueVillageCode": "2608040049_1", "Bhucode": "260501003002", "CensusVillageCode": "2957705573619093", "BhoomiVillageCode": "2608040049", "created_user": "SA", "created_date": 1556019584000.0, "last_edited_user": "SURESHBV2", "last_edited_date": 1724226098000.0, "LGDGPCode": "219439", "LGDGPCode_Secondary": null, "Category": "Cadastral data available and has bhoomi linkage", "SHAPE.STArea()": 741267.74559233501, "SHAPE.STLength()": 4002.1748783811963, "LGD_VillageCode": 619093.0, "_overlap_percent": 99.999999999999986, "_police_station": "Saragur PS", "_police_feature_index": "506", "_admin_layer": "Village", "_geometry_clipped": true }, "geometry": { "type": "Polygon", "coordinates": [ [ [ 76.436750286590438, 11.919135471478032 ], [ 76.437030337411329, 11.918216655403224 ], [ 76.437272371247062, 11.916756054998752 ], [ 76.437068088047383, 11.915997489189781 ], [ 76.436591770551317, 11.91549916444181 ], [ 76.436116145831718, 11.915170561276566 ], [ 76.43605240654972, 11.915160656470372 ], [ 76.435624590556571, 11.915094177979114 ], [ 76.435603277912207, 11.915086717595775 ], [ 76.435480577555964, 11.915043768698606 ], [ 76.435456065084082, 11.915035189078161 ], [ 76.434361799794587, 11.91465215818714 ], [ 76.434060810080368, 11.914690122154434 ], [ 76.433728207353582, 11.914732072757646 ], [ 76.433228190355052, 11.914886547045311 ], [ 76.432692851686198, 11.914974802397854 ], [ 76.431955253827979, 11.914790294705336 ], [ 76.431773555342517, 11.91491623937214 ], [ 76.431306555383145, 11.915165101694775 ], [ 76.43103633940629, 11.915430153229444 ], [ 76.430714777534405, 11.915744912402992 ], [ 76.430186688077313, 11.915791497865486 ], [ 76.429623761755138, 11.915974340181187 ], [ 76.42938741147276, 11.915981014584844 ], [ 76.429163819561481, 11.915987329337984 ], [ 76.42860929407513, 11.916163312129905 ], [ 76.428061298724472, 11.916263906189856 ], [ 76.427642010217582, 11.916137825628342 ], [ 76.427294760758869, 11.915999147159667 ], [ 76.426881906902594, 11.915727191979951 ], [ 76.426610717582619, 11.915691509566978 ], [ 76.426291162064629, 11.91571607865068 ], [ 76.426023859872444, 11.915587344612439 ], [ 76.425734326130495, 11.91549402013224 ], [ 76.425558329032626, 11.915486637419429 ], [ 76.425566724719474, 11.915513015053342 ], [ 76.425638702504472, 11.915739282678002 ], [ 76.425652397235595, 11.915782357280845 ], [ 76.425676055109292, 11.915856788518177 ], [ 76.425806090986512, 11.91795919310538 ], [ 76.424588474154149, 11.920250845508111 ], [ 76.427468977585974, 11.91954249218182 ], [ 76.430227204431205, 11.920693842234755 ], [ 76.434014562453271, 11.922274714308546 ], [ 76.434848017958927, 11.922622595178575 ], [ 76.434852718790054, 11.922640278585094 ], [ 76.435334173881088, 11.922795205639616 ], [ 76.435302549282497, 11.922700548493914 ], [ 76.43520120507192, 11.922397215620288 ], [ 76.435189312293602, 11.922361616512719 ], [ 76.435113359128621, 11.922134280618046 ], [ 76.435090757331736, 11.922066630303668 ], [ 76.435183477230652, 11.921560070462625 ], [ 76.435689315695754, 11.920596638712961 ], [ 76.436293435767539, 11.919754117108335 ], [ 76.436750286590438, 11.919135471478032 ] ] ] } },
{ "type": "Feature", "properties": { "OBJECTID": 21768, "KGISVillageID": 27774, "KGISVillageCode": "2608040048", "KGISVillageName": "Hariyalapura", "KGISHobliID": 462, "UniqueVillageCode": "2608040048_1", "Bhucode": "260501003017", "CensusVillageCode": "2957705573619092", "BhoomiVillageCode": "2608040048", "created_user": "SA", "created_date": 1556019584000.0, "last_edited_user": "SURESHBV2", "last_edited_date": 1724226098000.0, "LGDGPCode": "219448", "LGDGPCode_Secondary": null, "Category": "Cadastral data available and has bhoomi linkage", "SHAPE.STArea()": 2032263.74988299, "SHAPE.STLength()": 6964.694235765849, "LGD_VillageCode": 619092.0, "_overlap_percent": 100.00000000000003, "_police_station": "Saragur PS", "_police_feature_index": "506", "_admin_layer": "Village", "_geometry_clipped": true }, "geometry": { "type": "Polygon", "coordinates": [ [ [ 76.425132692612792, 11.928751069431019 ], [ 76.425375096828361, 11.929227494705332 ], [ 76.425865051316194, 11.929490332928106 ], [ 76.426062224454853, 11.929596052097986 ], [ 76.42613338068665, 11.929634204647087 ], [ 76.426220564629062, 11.929700655185563 ], [ 76.426508219534668, 11.929774912548707 ], [ 76.427275307546438, 11.929972931521693 ], [ 76.42750676900863, 11.929968845447453 ], [ 76.427652551780895, 11.930093970777877 ], [ 76.427809751375818, 11.93022889532577 ], [ 76.42787119713357, 11.930281633434202 ], [ 76.427898797313048, 11.930303494287962 ], [ 76.42804966399919, 11.930422990961778 ], [ 76.428154163035316, 11.930462344327838 ], [ 76.428319688738853, 11.930524679832464 ], [ 76.429430459593178, 11.931236771195916 ], [ 76.429658775547807, 11.93136621523213 ], [ 76.429702734621316, 11.931391138070286 ], [ 76.429789579987926, 11.931440375301433 ], [ 76.430310175763026, 11.931500138408131 ], [ 76.430527420036128, 11.931543490534148 ], [ 76.430821944794147, 11.931602265557386 ], [ 76.430974079988118, 11.931661293403989 ], [ 76.431328873417584, 11.931975240829003 ], [ 76.431581546208093, 11.932169837646443 ], [ 76.431874499256651, 11.932116524916106 ], [ 76.432282273944395, 11.932216787123675 ], [ 76.432405189516899, 11.932175276962022 ], [ 76.432440089856087, 11.932163490861782 ], [ 76.432620801698121, 11.932102461947473 ], [ 76.432914530648404, 11.932003265632385 ], [ 76.433427656267909, 11.931663452726424 ], [ 76.433789892396433, 11.93131624675981 ], [ 76.433981910492932, 11.931060883002099 ], [ 76.434315096771414, 11.931022829008256 ], [ 76.434574755414744, 11.93080582208578 ], [ 76.434689419810979, 11.930760144591916 ], [ 76.434742424120998, 11.930879113734647 ], [ 76.434793064887558, 11.930992778006255 ], [ 76.434839622631799, 11.93105856933674 ], [ 76.434860178785854, 11.931087616643275 ], [ 76.434911781897682, 11.931054469328929 ], [ 76.435123029216072, 11.930918772412285 ], [ 76.435198378669909, 11.930544054797632 ], [ 76.435191267582141, 11.930349549805886 ], [ 76.435256087879239, 11.930224264236655 ], [ 76.435551990657757, 11.930163147881863 ], [ 76.4358007553503, 11.930225055985836 ], [ 76.435819573861593, 11.930229738945652 ], [ 76.435964997682277, 11.930265929558967 ], [ 76.436143827850429, 11.930310432605182 ], [ 76.436245465342481, 11.930335726318679 ], [ 76.436454244139028, 11.930282825159498 ], [ 76.436779404210142, 11.930200435232152 ], [ 76.437021133219105, 11.930084976597431 ], [ 76.437256281232948, 11.930303550634026 ], [ 76.437271087464552, 11.930379152033701 ], [ 76.437278447639656, 11.930416730548103 ], [ 76.43758888214542, 11.930363330130779 ], [ 76.437843338698826, 11.930261108440311 ], [ 76.437949312968939, 11.930371681210495 ], [ 76.438003599534468, 11.930428323838543 ], [ 76.43809694647679, 11.930525720800105 ], [ 76.438122789740561, 11.930646281716886 ], [ 76.440160012306933, 11.930243521933525 ], [ 76.440685325054758, 11.930139664695785 ], [ 76.440699517506843, 11.930060410905043 ], [ 76.440751188559148, 11.929771836172852 ], [ 76.440755644969698, 11.929746947542299 ], [ 76.440779309345913, 11.929614787318187 ], [ 76.441240969239544, 11.928539946951378 ], [ 76.441654957009177, 11.927793632539007 ], [ 76.441783316068708, 11.927513180460419 ], [ 76.442082687406469, 11.92685908032154 ], [ 76.442222579184815, 11.926558006652192 ], [ 76.442194370373485, 11.926273011692826 ], [ 76.442175670136621, 11.926069808913502 ], [ 76.442138571750249, 11.925666685403581 ], [ 76.442105145621326, 11.925289397022853 ], [ 76.441836707965521, 11.925168366817497 ], [ 76.441781682800965, 11.925028110317101 ], [ 76.441551984295657, 11.92444226022757 ], [ 76.4410803803666, 11.924192507639543 ], [ 76.440411416560238, 11.924028608265861 ], [ 76.439809409832321, 11.924119883317426 ], [ 76.439041887983748, 11.924020570359366 ], [ 76.438204585302742, 11.923984449874634 ], [ 76.437646880094462, 11.923953148335221 ], [ 76.437251218108983, 11.923855959906884 ], [ 76.436531783273679, 11.923673926801069 ], [ 76.435736355120184, 11.923287680948539 ], [ 76.435352790092381, 11.922850926074441 ], [ 76.435334173881088, 11.922795205639616 ], [ 76.434852718790054, 11.922640278585094 ], [ 76.434848017958927, 11.922622595178575 ], [ 76.434014562453271, 11.922274714308546 ], [ 76.430227204431205, 11.920693842234755 ], [ 76.427468977585974, 11.91954249218182 ], [ 76.424588474154149, 11.920250845508111 ], [ 76.423571902546925, 11.920504337579311 ], [ 76.423338236532061, 11.921970169991686 ], [ 76.422297564781843, 11.928405914793039 ], [ 76.422284923889862, 11.9284840845358 ], [ 76.421486056375514, 11.933631282670428 ], [ 76.421516834927374, 11.933687121766029 ], [ 76.423364048182975, 11.931160138230277 ], [ 76.423421381755247, 11.931081705330117 ], [ 76.424647203293915, 11.929396302586754 ], [ 76.424802689752227, 11.929182519154569 ], [ 76.424879346516917, 11.929082350725107 ], [ 76.424925820386605, 11.9290216221458 ], [ 76.425132692612792, 11.928751069431019 ] ] ] } },
{ "type": "Feature", "properties": { "OBJECTID": 21773, "KGISVillageID": 27779, "KGISVillageCode": "2608040041", "KGISVillageName": "Hullemala", "KGISHobliID": 462, "UniqueVillageCode": "2608040041_1", "Bhucode": "260501003022", "CensusVillageCode": "2957705573619085", "BhoomiVillageCode": "2608040041", "created_user": "SA", "created_date": 1556019584000.0, "last_edited_user": "SURESHBV2", "last_edited_date": 1724226098000.0, "LGDGPCode": "219450", "LGDGPCode_Secondary": null, "Category": "Cadastral data available and has bhoomi linkage", "SHAPE.STArea()": 1731356.7115034501, "SHAPE.STLength()": 6578.9441534909247, "LGD_VillageCode": 619085.0, "_overlap_percent": 99.999999999999929, "_police_station": "Saragur PS", "_police_feature_index": "506", "_admin_layer": "Village", "_geometry_clipped": true }, "geometry": { "type": "Polygon", "coordinates": [ [ [ 76.396997072502529, 11.935632790125512 ], [ 76.397712897932223, 11.935906531887348 ], [ 76.398593085371189, 11.936185586940729 ], [ 76.398648807675826, 11.936203252534007 ], [ 76.399209389934768, 11.936385331041727 ], [ 76.399573263152192, 11.936449835130468 ], [ 76.399684203381867, 11.936469501349483 ], [ 76.40101354540478, 11.936466052829164 ], [ 76.400947173941631, 11.936542349002149 ], [ 76.400894326298101, 11.936989072777344 ], [ 76.400891407505867, 11.937013741955662 ], [ 76.400914318652539, 11.937016513707666 ], [ 76.400957192253173, 11.937021065636827 ], [ 76.402367566866261, 11.93717079597997 ], [ 76.404195599863542, 11.937415880901961 ], [ 76.404218570368144, 11.937255608004687 ], [ 76.404320370178013, 11.936540001295986 ], [ 76.404338585896738, 11.936251067194345 ], [ 76.404338933064651, 11.936245560440497 ], [ 76.40465667770502, 11.935154984328964 ], [ 76.40467486341997, 11.935125033147116 ], [ 76.404689676006939, 11.935100636375775 ], [ 76.404616434365465, 11.935073486942274 ], [ 76.404641461685301, 11.935010293372487 ], [ 76.404819502136505, 11.934863965638229 ], [ 76.404946856842272, 11.934687272049523 ], [ 76.405026331609903, 11.934702109080213 ], [ 76.405103847810466, 11.934722794499798 ], [ 76.405670653885792, 11.934874048186185 ], [ 76.405693970536944, 11.934833856877988 ], [ 76.405713243201035, 11.934838469085038 ], [ 76.40609612582567, 11.93425977546296 ], [ 76.406130060921782, 11.934209478455228 ], [ 76.406163313541114, 11.934160372833002 ], [ 76.407480283683441, 11.9323076280079 ], [ 76.407971097796789, 11.931738535619473 ], [ 76.408031071701785, 11.931649151743546 ], [ 76.408049279603901, 11.93162023276305 ], [ 76.408070092008572, 11.931587176282253 ], [ 76.408358796461172, 11.931116793579678 ], [ 76.408363585634078, 11.93110633820114 ], [ 76.40836424749574, 11.931104893766516 ], [ 76.408382705090716, 11.93106459643289 ], [ 76.40857339589266, 11.930462497023678 ], [ 76.408646243608914, 11.930232483180886 ], [ 76.408794525175367, 11.929764290328411 ], [ 76.407488421626454, 11.928889891057326 ], [ 76.407304430176538, 11.928773553107122 ], [ 76.405566384912063, 11.927674570279803 ], [ 76.404962246243372, 11.927522273285424 ], [ 76.404566940455567, 11.927364548966382 ], [ 76.402868993836123, 11.922443834202372 ], [ 76.402004339665154, 11.921717363841667 ], [ 76.40107938032007, 11.920624084439222 ], [ 76.398214516104844, 11.92034632488606 ], [ 76.398170371291982, 11.920644393003812 ], [ 76.39775047440051, 11.923401628264191 ], [ 76.397283690656423, 11.925304068172567 ], [ 76.397269196547697, 11.925414956047804 ], [ 76.39725774371739, 11.925510512539638 ], [ 76.397233864178276, 11.925709747329071 ], [ 76.397230657339378, 11.925736501881108 ], [ 76.397221328284971, 11.925814336593096 ], [ 76.397220340575103, 11.925822264991632 ], [ 76.397220937509815, 11.925826959711014 ], [ 76.397213360855702, 11.925883931849755 ], [ 76.397202290273086, 11.925967176273947 ], [ 76.397163379104825, 11.926279566362126 ], [ 76.397152343181276, 11.926379092475893 ], [ 76.397143394216229, 11.926459799420924 ], [ 76.397141260746523, 11.926479039224828 ], [ 76.397112169827935, 11.926741405766021 ], [ 76.397111544807601, 11.926764229151638 ], [ 76.397111517699656, 11.926765211134297 ], [ 76.397109952289597, 11.926859558593753 ], [ 76.396878967155061, 11.927244952952282 ], [ 76.396818452100291, 11.927445563849883 ], [ 76.396815366300885, 11.927455791830697 ], [ 76.396818980872084, 11.927497756491228 ], [ 76.396843887424538, 11.92778688661906 ], [ 76.396854168874185, 11.927827308350958 ], [ 76.396854637423161, 11.927865937138508 ], [ 76.396816379918164, 11.927862669738081 ], [ 76.396799326470116, 11.928433996501937 ], [ 76.396773906707239, 11.929285619110345 ], [ 76.396773337712062, 11.929304681178321 ], [ 76.396714449992672, 11.929305607208281 ], [ 76.396679462965011, 11.929589243821187 ], [ 76.396589876046278, 11.929883915563259 ], [ 76.3964513305217, 11.930301485313999 ], [ 76.396429413053383, 11.930367544253055 ], [ 76.396146320642558, 11.931220775444716 ], [ 76.396102650004181, 11.931352396134024 ], [ 76.396028698968919, 11.931311348204904 ], [ 76.395930794942188, 11.931392736037996 ], [ 76.39558724035065, 11.931678331773679 ], [ 76.395464103470601, 11.93211095487097 ], [ 76.395442745270117, 11.932157717581269 ], [ 76.395414076086922, 11.932220489214984 ], [ 76.395275760137054, 11.932523328603898 ], [ 76.395273903725354, 11.932527291422364 ], [ 76.395190999331604, 11.932704312299048 ], [ 76.395179639272357, 11.932728568573433 ], [ 76.395167165881801, 11.932771749484919 ], [ 76.395096254440631, 11.933017236846085 ], [ 76.39503152389652, 11.93317206604404 ], [ 76.395016300903393, 11.933208477152089 ], [ 76.394996695560422, 11.93327019484749 ], [ 76.394948532967405, 11.933417692841921 ], [ 76.394786107948974, 11.933915115496401 ], [ 76.39477677762001, 11.93401079795948 ], [ 76.394770572232204, 11.934074434607741 ], [ 76.394759186509049, 11.934191192703164 ], [ 76.39475248293671, 11.934259930019744 ], [ 76.394716141342414, 11.934433845848218 ], [ 76.394675721910673, 11.934627274206639 ], [ 76.394575269060098, 11.935167957064056 ], [ 76.394551750589187, 11.935294544969565 ], [ 76.394604741680908, 11.935318801349203 ], [ 76.394582131803347, 11.935348884232081 ], [ 76.394475008181274, 11.935491415366089 ], [ 76.395202615835402, 11.935880380375018 ], [ 76.395248425330692, 11.935905897285286 ], [ 76.395105413463241, 11.936678494848616 ], [ 76.395077046289884, 11.937199921911086 ], [ 76.395081690776792, 11.937267674425987 ], [ 76.39513182058954, 11.937957968792889 ], [ 76.395170372395313, 11.93848882446539 ], [ 76.394829246029957, 11.9389087585957 ], [ 76.394678971057488, 11.939125896568813 ], [ 76.394760016801925, 11.939473835541607 ], [ 76.394688605051144, 11.939611743405116 ], [ 76.394549086984298, 11.939885092604239 ], [ 76.394658897228283, 11.939826840459737 ], [ 76.394776848127279, 11.939733818863195 ], [ 76.395173492274338, 11.939419945394517 ], [ 76.395734437770457, 11.9389630942389 ], [ 76.395733665028359, 11.938864329245172 ], [ 76.395731133863436, 11.938540598726417 ], [ 76.396101234091901, 11.938397296949008 ], [ 76.396118996445864, 11.938336253748439 ], [ 76.396367824223532, 11.937511659566139 ], [ 76.396590165837111, 11.936825328109721 ], [ 76.396609751875872, 11.936759343998522 ], [ 76.396636403389053, 11.936669929525918 ], [ 76.396654823196016, 11.936608396641354 ], [ 76.396672568465704, 11.936555351137107 ], [ 76.396734863864083, 11.936532328209493 ], [ 76.396987476998774, 11.935665431322002 ], [ 76.396997072502529, 11.935632790125512 ] ] ] } },
{ "type": "Feature", "properties": { "OBJECTID": 21774, "KGISVillageID": 27781, "KGISVillageCode": "2608040047", "KGISVillageName": "Husaguru", "KGISHobliID": 462, "UniqueVillageCode": "2608040047_1", "Bhucode": "260501003024", "CensusVillageCode": "2957705573619091", "BhoomiVillageCode": "2608040047", "created_user": "SA", "created_date": 1556019584000.0, "last_edited_user": "SURESHBV2", "last_edited_date": 1724226098000.0, "LGDGPCode": "219448", "LGDGPCode_Secondary": null, "Category": "Cadastral data available and has bhoomi linkage", "SHAPE.STArea()": 4490932.0179869551, "SHAPE.STLength()": 9285.9787155887898, "LGD_VillageCode": 619091.0, "_overlap_percent": 100.00000000000009, "_police_station": "Saragur PS", "_police_feature_index": "506", "_admin_layer": "Village", "_geometry_clipped": true }, "geometry": { "type": "Polygon", "coordinates": [ [ [ 76.437270535728857, 11.948727064845224 ], [ 76.43708355403524, 11.948472768597311 ], [ 76.43749506515374, 11.948192588655781 ], [ 76.438267671156808, 11.948309122075075 ], [ 76.438554253313569, 11.948352346499542 ], [ 76.438644661161604, 11.948365982782946 ], [ 76.439233301187983, 11.948448534247389 ], [ 76.439275679963899, 11.948493253552691 ], [ 76.43933891853446, 11.948559986113219 ], [ 76.439380200441278, 11.948603549274996 ], [ 76.439387230643959, 11.948610967398016 ], [ 76.439453734384259, 11.948681362803452 ], [ 76.439926798609122, 11.948741872928361 ], [ 76.440152897796054, 11.948770793844304 ], [ 76.440305850718232, 11.948788503736164 ], [ 76.440329611200411, 11.948791255109072 ], [ 76.440400661120691, 11.948799481471694 ], [ 76.440420035711867, 11.948810788920127 ], [ 76.440537252195341, 11.948879197277153 ], [ 76.440673407569051, 11.9488598399521 ], [ 76.4407841218718, 11.948844100043368 ], [ 76.440973845685647, 11.948817126784194 ], [ 76.440998725223807, 11.948813589917689 ], [ 76.441024373985826, 11.948295667175978 ], [ 76.441024800379196, 11.948287055447398 ], [ 76.441226145799078, 11.948067718599592 ], [ 76.441248952242717, 11.948042874175389 ], [ 76.441356978522521, 11.948035092005382 ], [ 76.4413999764582, 11.948041816591831 ], [ 76.441521759378247, 11.948060861943015 ], [ 76.44170266941984, 11.948089153682123 ], [ 76.44210399281954, 11.948151915061183 ], [ 76.442651954908172, 11.948134809899171 ], [ 76.442799178383069, 11.948130214426737 ], [ 76.442815010619114, 11.948129719974975 ], [ 76.442865693924631, 11.948180522074372 ], [ 76.442925658859735, 11.948240642751946 ], [ 76.443005984704357, 11.948271702143364 ], [ 76.443012936522521, 11.94829429642215 ], [ 76.443034599824031, 11.948268093485549 ], [ 76.44316857101245, 11.948106051975032 ], [ 76.44352994437422, 11.947668957414511 ], [ 76.444699600683336, 11.946461401579995 ], [ 76.44581281187159, 11.945372249956531 ], [ 76.445779317996056, 11.945120587924112 ], [ 76.445776783832756, 11.945101544819677 ], [ 76.445763913233733, 11.945004841308593 ], [ 76.445678273702413, 11.944361378069098 ], [ 76.445785927385032, 11.944037399782893 ], [ 76.44576696126262, 11.94286008399575 ], [ 76.445764881787767, 11.94273097797879 ], [ 76.445750096933509, 11.941813181306133 ], [ 76.44538245963102, 11.941124918622375 ], [ 76.445353799705387, 11.94107126338977 ], [ 76.445282916403002, 11.940938560188719 ], [ 76.445192987263056, 11.940405449340547 ], [ 76.445173345316121, 11.939874038476583 ], [ 76.445171021266788, 11.939797608839109 ], [ 76.444788968925792, 11.939844809437076 ], [ 76.44478861448566, 11.939836312926065 ], [ 76.444599377156351, 11.939831301982521 ], [ 76.444643181860968, 11.939641717812563 ], [ 76.444760952756482, 11.939132007481899 ], [ 76.444946669111843, 11.937504462497147 ], [ 76.444835485613382, 11.937021564412261 ], [ 76.444698024190203, 11.936424535669131 ], [ 76.444010510527562, 11.935040680042091 ], [ 76.443969355529262, 11.9349420402643 ], [ 76.44367589095323, 11.934238669864353 ], [ 76.443573711712332, 11.933291943947077 ], [ 76.443816375556324, 11.932240078842504 ], [ 76.44423485241073, 11.930426108778841 ], [ 76.444258737074733, 11.930335889333703 ], [ 76.443631800922077, 11.930336691468055 ], [ 76.443451842368944, 11.93033692118304 ], [ 76.443218892381452, 11.930337219142395 ], [ 76.442855131398815, 11.930453902548599 ], [ 76.442122741893016, 11.931278839375768 ], [ 76.441885810361072, 11.931545708279344 ], [ 76.441867282217814, 11.931406282969188 ], [ 76.441840492110359, 11.931204689376207 ], [ 76.441740421903603, 11.930451652727792 ], [ 76.441430190022771, 11.930419951976331 ], [ 76.4414348439186, 11.930413514596468 ], [ 76.441355652826147, 11.930413883158327 ], [ 76.441211353473477, 11.930413201915526 ], [ 76.441028199370237, 11.930412336240783 ], [ 76.441003161528826, 11.930428351849702 ], [ 76.440957645415466, 11.930457467562572 ], [ 76.440813717814194, 11.930475209362955 ], [ 76.440759989394451, 11.930481599650037 ], [ 76.440714228442943, 11.930272031338379 ], [ 76.440685325054758, 11.930139664695785 ], [ 76.440160012306933, 11.930243521933525 ], [ 76.438122789740561, 11.930646281716886 ], [ 76.43809694647679, 11.930525720800105 ], [ 76.438003599534468, 11.930428323838543 ], [ 76.437949312968939, 11.930371681210495 ], [ 76.437843338698826, 11.930261108440311 ], [ 76.43758888214542, 11.930363330130779 ], [ 76.437278447639656, 11.930416730548103 ], [ 76.437271087464552, 11.930379152033701 ], [ 76.437256281232948, 11.930303550634026 ], [ 76.437021133219105, 11.930084976597431 ], [ 76.436779404210142, 11.930200435232152 ], [ 76.436454244139028, 11.930282825159498 ], [ 76.436245465342481, 11.930335726318679 ], [ 76.436143827850429, 11.930310432605182 ], [ 76.435964997682277, 11.930265929558967 ], [ 76.435819573861593, 11.930229738945652 ], [ 76.4358007553503, 11.930225055985836 ], [ 76.435551990657757, 11.930163147881863 ], [ 76.435256087879239, 11.930224264236655 ], [ 76.435191267582141, 11.930349549805886 ], [ 76.435198378669909, 11.930544054797632 ], [ 76.435123029216072, 11.930918772412285 ], [ 76.434911781897682, 11.931054469328929 ], [ 76.434860178785854, 11.931087616643275 ], [ 76.434839622631799, 11.93105856933674 ], [ 76.434793064887558, 11.930992778006255 ], [ 76.434742424120998, 11.930879113734647 ], [ 76.434689419810979, 11.930760144591916 ], [ 76.434574755414744, 11.93080582208578 ], [ 76.434315096771414, 11.931022829008256 ], [ 76.433981910492932, 11.931060883002099 ], [ 76.433789892396433, 11.93131624675981 ], [ 76.433427656267909, 11.931663452726424 ], [ 76.432914530648404, 11.932003265632385 ], [ 76.432620801698121, 11.932102461947473 ], [ 76.432440089856087, 11.932163490861782 ], [ 76.432405189516899, 11.932175276962022 ], [ 76.432282273944395, 11.932216787123675 ], [ 76.431874499256651, 11.932116524916106 ], [ 76.431581546208093, 11.932169837646443 ], [ 76.431328873417584, 11.931975240829003 ], [ 76.430974079988118, 11.931661293403989 ], [ 76.430821944794147, 11.931602265557386 ], [ 76.430527420036128, 11.931543490534148 ], [ 76.430310175763026, 11.931500138408131 ], [ 76.429789579987926, 11.931440375301433 ], [ 76.429702734621316, 11.931391138070286 ], [ 76.429658775547807, 11.93136621523213 ], [ 76.429430459593178, 11.931236771195916 ], [ 76.428319688738853, 11.930524679832464 ], [ 76.428154163035316, 11.930462344327838 ], [ 76.42804966399919, 11.930422990961778 ], [ 76.427898797313048, 11.930303494287962 ], [ 76.42787119713357, 11.930281633434202 ], [ 76.427809751375818, 11.93022889532577 ], [ 76.427652551780895, 11.930093970777877 ], [ 76.42750676900863, 11.929968845447453 ], [ 76.427275307546438, 11.929972931521693 ], [ 76.426508219534668, 11.929774912548707 ], [ 76.426220564629062, 11.929700655185563 ], [ 76.42613338068665, 11.929634204647087 ], [ 76.426062224454853, 11.929596052097986 ], [ 76.425865051316194, 11.929490332928106 ], [ 76.425375096828361, 11.929227494705332 ], [ 76.425132692612792, 11.928751069431019 ], [ 76.424925820386605, 11.9290216221458 ], [ 76.424879346516917, 11.929082350725107 ], [ 76.424802689752227, 11.929182519154569 ], [ 76.424647203293915, 11.929396302586754 ], [ 76.423421381755247, 11.931081705330117 ], [ 76.423364048182975, 11.931160138230277 ], [ 76.421516834927374, 11.933687121766029 ], [ 76.421636908885503, 11.933939638503805 ], [ 76.423154972014004, 11.937132103072193 ], [ 76.423397876580438, 11.937642920050994 ], [ 76.423671660633616, 11.938218670937502 ], [ 76.423982416894759, 11.93876659630506 ], [ 76.424128567297657, 11.939155458287745 ], [ 76.424221450954519, 11.939371958437299 ], [ 76.425155846517299, 11.941369173338819 ], [ 76.425209601274432, 11.941484069526874 ], [ 76.425289685677072, 11.941654191150507 ], [ 76.42528706639574, 11.944554235392642 ], [ 76.425286751510285, 11.944903265212304 ], [ 76.425301626629675, 11.945120573326875 ], [ 76.425461613309665, 11.946518259686574 ], [ 76.425664375652104, 11.946990773461765 ], [ 76.426002028011467, 11.947698095722163 ], [ 76.426102373451457, 11.947908300520197 ], [ 76.426393730722381, 11.948518635381786 ], [ 76.426410716090572, 11.948554217086608 ], [ 76.42643758078205, 11.948604290831938 ], [ 76.426692699913502, 11.949079812246225 ], [ 76.426735175197976, 11.94907947362573 ], [ 76.432293574047961, 11.948906560862484 ], [ 76.432392077022413, 11.948903495681721 ], [ 76.432453754067197, 11.948901576526604 ], [ 76.432730749917596, 11.948892956983988 ], [ 76.434290859127586, 11.948980752865911 ], [ 76.434341101296624, 11.94898358022802 ], [ 76.435534317662274, 11.949050722834675 ], [ 76.436064962499955, 11.949072916072415 ], [ 76.436333580291929, 11.949065645798431 ], [ 76.437270535728857, 11.948727064845224 ] ] ] } },
{ "type": "Feature", "properties": { "OBJECTID": 21815, "KGISVillageID": 27822, "KGISVillageCode": "2608030026", "KGISVillageName": "Chellahalli", "KGISHobliID": 881, "UniqueVillageCode": "2608030026_1", "Bhucode": "260501005013", "CensusVillageCode": "2957705573619004", "BhoomiVillageCode": "2608030026", "created_user": null, "created_date": null, "last_edited_user": "SURESHBV2", "last_edited_date": 1724226112000.0, "LGDGPCode": "219460", "LGDGPCode_Secondary": null, "Category": "Cadastral data available and has bhoomi linkage", "SHAPE.STArea()": 2047410.536458005, "SHAPE.STLength()": 7141.8557582511785, "LGD_VillageCode": 619004.0, "_overlap_percent": 98.889416267989276, "_police_station": "Saragur PS", "_police_feature_index": "506", "_admin_layer": "Village", "_geometry_clipped": true }, "geometry": { "type": "Polygon", "coordinates": [ [ [ 76.481712927181135, 11.938447008722445 ], [ 76.482147617234304, 11.938493881988986 ], [ 76.482788906340886, 11.93856303264632 ], [ 76.482778131524313, 11.938392231332033 ], [ 76.482837165188641, 11.938409095470204 ], [ 76.482896210150017, 11.938425962075614 ], [ 76.482866215011725, 11.938326924718567 ], [ 76.483424052227619, 11.938452080435384 ], [ 76.484293421625765, 11.938675068571413 ], [ 76.484390800780915, 11.938702849948784 ], [ 76.484390013193789, 11.938831897381476 ], [ 76.484389724857934, 11.938879110893991 ], [ 76.484440686861859, 11.939306845296244 ], [ 76.484493301773114, 11.939325833129153 ], [ 76.48504533184412, 11.939525046057261 ], [ 76.48533059297398, 11.939544394332293 ], [ 76.485819020104159, 11.939656788128255 ], [ 76.48642424902431, 11.939796057968174 ], [ 76.486429796921698, 11.939797337723467 ], [ 76.486651557792712, 11.939861007432363 ], [ 76.486930844397946, 11.93992470274617 ], [ 76.487491190380013, 11.940021217536561 ], [ 76.487759779665197, 11.940116799689156 ], [ 76.488335430117985, 11.940091146345562 ], [ 76.488341804992785, 11.94009086308178 ], [ 76.488943118050827, 11.940064065545208 ], [ 76.488992677718628, 11.940061858475071 ], [ 76.488994758670628, 11.939957662473352 ], [ 76.488734191036627, 11.93816548073163 ], [ 76.488782626562795, 11.938135156868045 ], [ 76.488763139127514, 11.937981273195209 ], [ 76.48885262811514, 11.93790415762845 ], [ 76.4894471664023, 11.937391824952083 ], [ 76.489672459391898, 11.937192776099101 ], [ 76.489857969739788, 11.936556580103396 ], [ 76.489872308373961, 11.936507407293396 ], [ 76.48989421915536, 11.936432264086307 ], [ 76.489868377366264, 11.935991352842432 ], [ 76.489855824613059, 11.935777183912117 ], [ 76.489708368914094, 11.935340178575668 ], [ 76.489624831353225, 11.935229035379958 ], [ 76.48935854531878, 11.934324803496745 ], [ 76.489334888826136, 11.933969080127564 ], [ 76.489324681469967, 11.933815587426722 ], [ 76.489284595550316, 11.933212813980075 ], [ 76.489284064061266, 11.933149641103814 ], [ 76.489269659264153, 11.9328220472625 ], [ 76.489259717687546, 11.932595952450809 ], [ 76.489264760691782, 11.932534033687606 ], [ 76.489280656068772, 11.932338875547194 ], [ 76.489292963326534, 11.930896906901111 ], [ 76.489297656855868, 11.930346909574897 ], [ 76.489319058270553, 11.929842040465504 ], [ 76.489515755247524, 11.92445265272924 ], [ 76.489376649051678, 11.924693518150912 ], [ 76.487264654935572, 11.928236552494189 ], [ 76.486671249704884, 11.928049254875317 ], [ 76.486056505005052, 11.927850313948806 ], [ 76.484042338085445, 11.927221258105659 ], [ 76.480817689408795, 11.926145071871561 ], [ 76.479749848903154, 11.925788683061718 ], [ 76.479695507940988, 11.92576151945954 ], [ 76.479540142851036, 11.92568527621572 ], [ 76.479312562874128, 11.925573594183483 ], [ 76.476904626043051, 11.924304313132279 ], [ 76.475890270133178, 11.923769611378246 ], [ 76.472555052179374, 11.922011461590971 ], [ 76.47237685565382, 11.921917524048617 ], [ 76.472360694953068, 11.922245997962845 ], [ 76.472291434684834, 11.923653774523402 ], [ 76.472275940149657, 11.923968722779462 ], [ 76.472245246430347, 11.924592605680409 ], [ 76.472239220582907, 11.924715095098204 ], [ 76.474596233865014, 11.928904189452751 ], [ 76.474955329024056, 11.929542391928978 ], [ 76.475440430906289, 11.930404532293236 ], [ 76.476483911928071, 11.931852498715973 ], [ 76.477537126714211, 11.933238717957591 ], [ 76.478431600213071, 11.9343759082492 ], [ 76.481433802449047, 11.938192679651593 ], [ 76.481540491497242, 11.938428414247873 ], [ 76.481712927181135, 11.938447008722445 ] ] ] } },
{ "type": "Feature", "properties": { "OBJECTID": 22599, "KGISVillageID": 28627, "KGISVillageCode": "2606050032", "KGISVillageName": "Hediyala", "KGISHobliID": 382, "UniqueVillageCode": "2606050032_1", "Bhucode": "260601004018", "CensusVillageCode": "2957705574619175", "BhoomiVillageCode": "2606050032", "created_user": null, "created_date": null, "last_edited_user": "SURESHBV2", "last_edited_date": 1724226117000.0, "LGDGPCode": "219580", "LGDGPCode_Secondary": null, "Category": "Cadastral data available and has bhoomi linkage", "SHAPE.STArea()": 10466720.864362501, "SHAPE.STLength()": 18473.604007786365, "LGD_VillageCode": 619175.0, "_overlap_percent": 0.4560746308371364, "_police_station": "Saragur PS", "_police_feature_index": "506", "_admin_layer": "Village", "_geometry_clipped": true }, "geometry": { "type": "MultiPolygon", "coordinates": [ [ [ [ 76.489371217818316, 11.951662038442771 ], [ 76.489148787992434, 11.951879766335242 ], [ 76.488786895487436, 11.952248432987176 ], [ 76.48866344786353, 11.952374191138759 ], [ 76.488648254222539, 11.95242043571289 ], [ 76.488443616053317, 11.953043286146956 ], [ 76.4885659155604, 11.953645890721413 ], [ 76.48873146841774, 11.953927217675945 ], [ 76.488926814444824, 11.954402276816316 ], [ 76.48894573910971, 11.954448298952361 ], [ 76.488958345322189, 11.954478955718439 ], [ 76.489021986359887, 11.954474623287771 ], [ 76.489072023135975, 11.954474530850646 ], [ 76.489045810354256, 11.954344495787932 ], [ 76.488626849076141, 11.953619116785003 ], [ 76.488505641608668, 11.953018272998081 ], [ 76.488692320916542, 11.952406478542386 ], [ 76.489159444804685, 11.951929904196421 ], [ 76.489556314221531, 11.95152500681569 ], [ 76.489570493484962, 11.951466974799892 ], [ 76.489371217818316, 11.951662038442771 ] ] ], [ [ [ 76.474973480712464, 11.947415593373043 ], [ 76.475120945619196, 11.94741779644586 ], [ 76.47587568070216, 11.947429070889839 ], [ 76.479380038099492, 11.947481393416419 ], [ 76.479460233624536, 11.947481018245014 ], [ 76.480973843075006, 11.947473941608072 ], [ 76.481280244169142, 11.947472507536537 ], [ 76.481588811103265, 11.947471063520481 ], [ 76.481706912678419, 11.9474705104612 ], [ 76.481744016358391, 11.947470336525098 ], [ 76.48211121646591, 11.947474395903813 ], [ 76.482111352359297, 11.947474396995233 ], [ 76.482669623202668, 11.94747984273473 ], [ 76.482713247216751, 11.9474802680176 ], [ 76.482737298999254, 11.947480720620563 ], [ 76.483116459130542, 11.947487856292595 ], [ 76.483925778065881, 11.94750308632689 ], [ 76.484123573898756, 11.94751047399679 ], [ 76.48422809596768, 11.947514501056048 ], [ 76.484345135149994, 11.947519009823353 ], [ 76.484519462374891, 11.94752512891467 ], [ 76.484664552640496, 11.947530226174957 ], [ 76.484653920388567, 11.947481364421636 ], [ 76.484596810245236, 11.947326202614178 ], [ 76.484569383792689, 11.947251687293541 ], [ 76.485622582450134, 11.947162197534992 ], [ 76.486012563788023, 11.947380894994389 ], [ 76.486229186675288, 11.947482289062483 ], [ 76.486238400698753, 11.947479991026178 ], [ 76.486308240763904, 11.947462571045627 ], [ 76.486324455384988, 11.94745852639965 ], [ 76.486350938348622, 11.947462837931537 ], [ 76.486362657092982, 11.947464745900927 ], [ 76.486599906523367, 11.947503368224393 ], [ 76.486634759415466, 11.947559676869322 ], [ 76.48667599468105, 11.947626295115134 ], [ 76.486747190073885, 11.947741318335984 ], [ 76.486993513040147, 11.948176624401505 ], [ 76.487152937553049, 11.948458361470919 ], [ 76.487331649918985, 11.948774182498086 ], [ 76.487693174747108, 11.949413068282537 ], [ 76.487705434350545, 11.949443552508995 ], [ 76.487715735556904, 11.94946916878877 ], [ 76.48843745556097, 11.94950342556635 ], [ 76.48942551818017, 11.949525624328523 ], [ 76.489997058247653, 11.949538463049462 ], [ 76.490050343600231, 11.94954480452687 ], [ 76.49022199155182, 11.949550368111096 ], [ 76.490268980982137, 11.94945550994181 ], [ 76.490017645088983, 11.949409004520501 ], [ 76.489962315135671, 11.949408056651992 ], [ 76.489534226128811, 11.949400739716976 ], [ 76.488643306948788, 11.949385511354414 ], [ 76.487720937279462, 11.949374407369811 ], [ 76.486679783263639, 11.947477932082517 ], [ 76.486389397533756, 11.947382790473647 ], [ 76.486287580434166, 11.947386163219402 ], [ 76.486062405704402, 11.947253084543881 ], [ 76.485658802996809, 11.947014558021747 ], [ 76.484611888176261, 11.947080511738053 ], [ 76.484034698135886, 11.947116875908218 ], [ 76.483896072852659, 11.94712561158094 ], [ 76.483721239591532, 11.947136624929081 ], [ 76.482739558645292, 11.947150381125667 ], [ 76.482649835837847, 11.947151641032827 ], [ 76.481730271219519, 11.947164523554653 ], [ 76.47614129246135, 11.947335997227185 ], [ 76.475297341802815, 11.947383548401895 ], [ 76.474779922103465, 11.947412701266158 ], [ 76.474973480712464, 11.947415593373043 ] ] ], [ [ [ 76.474305467451586, 11.946780692107984 ], [ 76.474439666430371, 11.94740761724649 ], [ 76.474591941303274, 11.94740989250157 ], [ 76.474184534050394, 11.946215732045314 ], [ 76.474305467451586, 11.946780692107984 ] ] ], [ [ [ 76.475440430906289, 11.930404532293236 ], [ 76.474955329024056, 11.929542391928978 ], [ 76.474596233865014, 11.928904189452751 ], [ 76.472239220582907, 11.924715095098204 ], [ 76.472223802488287, 11.924871995038513 ], [ 76.475368295467888, 11.930384147698014 ], [ 76.476483911928071, 11.931852498715973 ], [ 76.475440430906289, 11.930404532293236 ] ] ], [ [ [ 76.482837165188641, 11.938409095470204 ], [ 76.482778131524313, 11.938392231332033 ], [ 76.482788906340886, 11.93856303264632 ], [ 76.482147617234304, 11.938493881988986 ], [ 76.481712927181135, 11.938447008722445 ], [ 76.481540491497242, 11.938428414247873 ], [ 76.481548357113269, 11.938445793705757 ], [ 76.48294789764978, 11.938596622844637 ], [ 76.482896210150017, 11.938425962075614 ], [ 76.482837165188641, 11.938409095470204 ] ] ], [ [ [ 76.488734191036627, 11.93816548073163 ], [ 76.488994758670628, 11.939957662473352 ], [ 76.488997300590057, 11.93983038522636 ], [ 76.488894983442876, 11.939022389545235 ], [ 76.488782626562795, 11.938135156868045 ], [ 76.488734191036627, 11.93816548073163 ] ] ], [ [ [ 76.489264760691782, 11.932534033687606 ], [ 76.489259717687546, 11.932595952450809 ], [ 76.489269659264153, 11.9328220472625 ], [ 76.489284064061266, 11.933149641103814 ], [ 76.489278937156442, 11.932540256342332 ], [ 76.489278949522131, 11.932538821530835 ], [ 76.489280656068772, 11.932338875547194 ], [ 76.489264760691782, 11.932534033687606 ] ] ], [ [ [ 76.491329156905806, 11.921325795598905 ], [ 76.491299975374574, 11.921285138986931 ], [ 76.490582230335363, 11.922559891018929 ], [ 76.490575795530773, 11.92257131897494 ], [ 76.490391819268226, 11.922898067034659 ], [ 76.490343699465569, 11.922983529114472 ], [ 76.491329869055832, 11.921326787795865 ], [ 76.491329156905806, 11.921325795598905 ] ] ] ] } },
{ "type": "Feature", "properties": { "OBJECTID": 21846, "KGISVillageID": 27853, "KGISVillageCode": "2608030038", "KGISVillageName": "Nandinathapura", "KGISHobliID": 881, "UniqueVillageCode": "2608030038_1", "Bhucode": "260501005044", "CensusVillageCode": "2957705573619002", "BhoomiVillageCode": "2608030038", "created_user": "SA", "created_date": 1556019584000.0, "last_edited_user": "SURESHBV2", "last_edited_date": 1724226113000.0, "LGDGPCode": "219460", "LGDGPCode_Secondary": null, "Category": "Cadastral data available and has bhoomi linkage", "SHAPE.STArea()": 662717.19812773005, "SHAPE.STLength()": 3763.5134079235581, "LGD_VillageCode": 619002.0, "_overlap_percent": 100.00000000000003, "_police_station": "Saragur PS", "_police_feature_index": "506", "_admin_layer": "Village", "_geometry_clipped": true }, "geometry": { "type": "Polygon", "coordinates": [ [ [ 76.452159642427603, 11.943423299642076 ], [ 76.452180508661144, 11.943341139816971 ], [ 76.452215430768021, 11.943203633142311 ], [ 76.45223422664516, 11.943151478505566 ], [ 76.452259051086827, 11.942938366479325 ], [ 76.45227130345522, 11.942885214999407 ], [ 76.452389674691204, 11.942352597876642 ], [ 76.452520322672257, 11.941747358969089 ], [ 76.455684276091006, 11.936742496109929 ], [ 76.454477168323976, 11.936828498405045 ], [ 76.453859005543379, 11.936872538706464 ], [ 76.45367013917361, 11.936885993856382 ], [ 76.453415928301737, 11.936904104420597 ], [ 76.453090767043335, 11.936927268953502 ], [ 76.453036152377791, 11.936931159272207 ], [ 76.452307290895462, 11.936983082051752 ], [ 76.45229920428136, 11.936983658116374 ], [ 76.45190053393064, 11.937090261882428 ], [ 76.451479640513995, 11.937185970877152 ], [ 76.451241996494716, 11.937093788101816 ], [ 76.450840714091569, 11.937189667100531 ], [ 76.450355178854409, 11.937285424038002 ], [ 76.450331847851501, 11.936993275560328 ], [ 76.45030547649192, 11.936663050406388 ], [ 76.450261825570095, 11.936388343235992 ], [ 76.450102929131461, 11.936397719558764 ], [ 76.449715757642366, 11.936510124784352 ], [ 76.449615393527537, 11.93620021028069 ], [ 76.449641163552883, 11.93597684113165 ], [ 76.449461911331056, 11.93596219398446 ], [ 76.44941764824641, 11.93595857703553 ], [ 76.449275815528424, 11.936018245503044 ], [ 76.448927144469522, 11.936164929111843 ], [ 76.448257176403899, 11.936313276797305 ], [ 76.447751536412099, 11.936760557360499 ], [ 76.447540598967976, 11.937007655069795 ], [ 76.44731683281978, 11.937269781151839 ], [ 76.447283516337578, 11.937340357602231 ], [ 76.447189262258348, 11.937540023462002 ], [ 76.447178466959656, 11.937562892493338 ], [ 76.447151337962325, 11.937620360523987 ], [ 76.447090012551527, 11.937694549119852 ], [ 76.44689437440131, 11.93793122239701 ], [ 76.446708359616864, 11.938064014599227 ], [ 76.446497976951875, 11.938327955444031 ], [ 76.446171904589477, 11.9385045243876 ], [ 76.446105136292118, 11.93873492832603 ], [ 76.445931083633766, 11.939031445800607 ], [ 76.445748639374429, 11.939342793439442 ], [ 76.445351187670894, 11.939709866065682 ], [ 76.445269333527975, 11.939785463557287 ], [ 76.445231336129325, 11.939790157541676 ], [ 76.445171021266788, 11.939797608839109 ], [ 76.445173345316121, 11.939874038476583 ], [ 76.445192987263056, 11.940405449340547 ], [ 76.445282916403002, 11.940938560188719 ], [ 76.445353799705387, 11.94107126338977 ], [ 76.44538245963102, 11.941124918622375 ], [ 76.445750096933509, 11.941813181306133 ], [ 76.445764881787767, 11.94273097797879 ], [ 76.44576696126262, 11.94286008399575 ], [ 76.445785927385032, 11.944037399782893 ], [ 76.446139821039409, 11.944114865140934 ], [ 76.446350100662485, 11.944110312510903 ], [ 76.446377941236136, 11.944117945227488 ], [ 76.446518208953961, 11.944152604508695 ], [ 76.446594373866688, 11.944171424193964 ], [ 76.446896931005909, 11.9442461828458 ], [ 76.446970528169487, 11.944264368321194 ], [ 76.447002635485688, 11.944270794667974 ], [ 76.447109103221464, 11.944096766906526 ], [ 76.447203260490312, 11.944085169256009 ], [ 76.447342978267869, 11.944067959546452 ], [ 76.447385563520669, 11.9440598467851 ], [ 76.447418932420092, 11.944053489274495 ], [ 76.447613838676176, 11.944016356001237 ], [ 76.447625482016107, 11.944014138009505 ], [ 76.447683386118101, 11.943934345258265 ], [ 76.447928309887658, 11.943596835142564 ], [ 76.448623683630416, 11.943659067542393 ], [ 76.448641131355558, 11.943831632685521 ], [ 76.448780482570612, 11.943785420505828 ], [ 76.448743412036109, 11.943545343362128 ], [ 76.448991551935308, 11.943632637677654 ], [ 76.44904261302176, 11.943733756666466 ], [ 76.44948190344779, 11.943743665272233 ], [ 76.450308466171322, 11.943841174732432 ], [ 76.450282140139336, 11.944004463658915 ], [ 76.450252516055485, 11.944178967480759 ], [ 76.450269398050025, 11.944193250663908 ], [ 76.450325092047336, 11.94424040649093 ], [ 76.450387861144506, 11.944293552366579 ], [ 76.450448816192477, 11.944345185122589 ], [ 76.450561165499636, 11.944440332506819 ], [ 76.450925696435931, 11.944748223506579 ], [ 76.451087848483112, 11.944885180181686 ], [ 76.451149779567487, 11.944806930073065 ], [ 76.451263717027231, 11.944664356813689 ], [ 76.451750903344589, 11.944045261840355 ], [ 76.451852210729427, 11.943913682091614 ], [ 76.451863590602684, 11.943898901358295 ], [ 76.452089189091524, 11.9436058907377 ], [ 76.452104103555953, 11.943567273883845 ], [ 76.452159642427603, 11.943423299642076 ] ] ] } },
{ "type": "Feature", "properties": { "OBJECTID": 21808, "KGISVillageID": 27815, "KGISVillageCode": "2608030039", "KGISVillageName": "Basavanakote", "KGISHobliID": 881, "UniqueVillageCode": "2608030039_1", "Bhucode": "260501005006", "CensusVillageCode": "2957705573619001", "BhoomiVillageCode": "2608030039", "created_user": "SA", "created_date": 1556019584000.0, "last_edited_user": "SURESHBV2", "last_edited_date": 1724226112000.0, "LGDGPCode": "219460", "LGDGPCode_Secondary": null, "Category": "Cadastral data available and has bhoomi linkage", "SHAPE.STArea()": 1850829.7930520801, "SHAPE.STLength()": 5775.2732891940605, "LGD_VillageCode": 619001.0, "_overlap_percent": 99.999999999999972, "_police_station": "Saragur PS", "_police_feature_index": "506", "_admin_layer": "Village", "_geometry_clipped": true }, "geometry": { "type": "Polygon", "coordinates": [ [ [ 76.44983025193784, 11.958064552767615 ], [ 76.451793334892173, 11.955766051281215 ], [ 76.452114930776773, 11.955389501582122 ], [ 76.452213217759635, 11.955274419147795 ], [ 76.452501322102378, 11.954937082020795 ], [ 76.45251181306169, 11.954924798354375 ], [ 76.452748673799519, 11.954647461840517 ], [ 76.452987457547465, 11.954394363395963 ], [ 76.453022113383156, 11.954357630595068 ], [ 76.453226592376026, 11.954140893210488 ], [ 76.453506352729164, 11.953850207994973 ], [ 76.453527187536679, 11.953828559715886 ], [ 76.454924393165015, 11.952376776731352 ], [ 76.455175404537059, 11.952115173075267 ], [ 76.455276339959696, 11.951910232910242 ], [ 76.455722741521598, 11.951003851425085 ], [ 76.456194797642993, 11.950045373135952 ], [ 76.456409714916788, 11.94960599803804 ], [ 76.457175343117655, 11.948034873426931 ], [ 76.457180340046691, 11.948024619739536 ], [ 76.457211833124987, 11.947960045762892 ], [ 76.457211799240696, 11.947960062211919 ], [ 76.457213006529344, 11.947957639364782 ], [ 76.457343461361916, 11.947695768088419 ], [ 76.457086024884347, 11.947479890459023 ], [ 76.4559881073165, 11.946535608678301 ], [ 76.454365382231913, 11.945139934953367 ], [ 76.454098599224807, 11.944943544492295 ], [ 76.453917698314186, 11.944769661251796 ], [ 76.453062560591192, 11.943947692107745 ], [ 76.45223422664516, 11.943151478505566 ], [ 76.452215430768021, 11.943203633142311 ], [ 76.452180508661144, 11.943341139816971 ], [ 76.452159642427603, 11.943423299642076 ], [ 76.452104103555953, 11.943567273883845 ], [ 76.452089189091524, 11.9436058907377 ], [ 76.451863590602684, 11.943898901358295 ], [ 76.451852210729427, 11.943913682091614 ], [ 76.451750903344589, 11.944045261840355 ], [ 76.451263717027231, 11.944664356813689 ], [ 76.451149779567487, 11.944806930073065 ], [ 76.451087848483112, 11.944885180181686 ], [ 76.450925696435931, 11.944748223506579 ], [ 76.450561165499636, 11.944440332506819 ], [ 76.450448816192477, 11.944345185122589 ], [ 76.450387861144506, 11.944293552366579 ], [ 76.450325092047336, 11.94424040649093 ], [ 76.450269398050025, 11.944193250663908 ], [ 76.450252516055485, 11.944178967480759 ], [ 76.450282140139336, 11.944004463658915 ], [ 76.450308466171322, 11.943841174732432 ], [ 76.44948190344779, 11.943743665272233 ], [ 76.44904261302176, 11.943733756666466 ], [ 76.448991551935308, 11.943632637677654 ], [ 76.448743412036109, 11.943545343362128 ], [ 76.448780482570612, 11.943785420505828 ], [ 76.448641131355558, 11.943831632685521 ], [ 76.448623683630416, 11.943659067542393 ], [ 76.447928309887658, 11.943596835142564 ], [ 76.447683386118101, 11.943934345258265 ], [ 76.447625482016107, 11.944014138009505 ], [ 76.447613838676176, 11.944016356001237 ], [ 76.447418932420092, 11.944053489274495 ], [ 76.447385563520669, 11.9440598467851 ], [ 76.447342978267869, 11.944067959546452 ], [ 76.447203260490312, 11.944085169256009 ], [ 76.447109103221464, 11.944096766906526 ], [ 76.447002635485688, 11.944270794667974 ], [ 76.446970528169487, 11.944264368321194 ], [ 76.446896931005909, 11.9442461828458 ], [ 76.446594373866688, 11.944171424193964 ], [ 76.446518208953961, 11.944152604508695 ], [ 76.446377941236136, 11.944117945227488 ], [ 76.446350100662485, 11.944110312510903 ], [ 76.446139821039409, 11.944114865140934 ], [ 76.445785927385032, 11.944037399782893 ], [ 76.445678273702413, 11.944361378069098 ], [ 76.445763913233733, 11.945004841308593 ], [ 76.445776783832756, 11.945101544819677 ], [ 76.445779317996056, 11.945120587924112 ], [ 76.44581281187159, 11.945372249956531 ], [ 76.444699600683336, 11.946461401579995 ], [ 76.44352994437422, 11.947668957414511 ], [ 76.44316857101245, 11.948106051975032 ], [ 76.443034599824031, 11.948268093485549 ], [ 76.443012936522521, 11.94829429642215 ], [ 76.443036740480778, 11.948371657287042 ], [ 76.443106325068896, 11.948597806737956 ], [ 76.443126286192651, 11.948713759809513 ], [ 76.443147106527164, 11.948836256700709 ], [ 76.443212224104244, 11.949219370633314 ], [ 76.443376723077307, 11.949515159043212 ], [ 76.443433946611819, 11.949618053812044 ], [ 76.443451231712686, 11.949814101977946 ], [ 76.443458089502528, 11.94989188433749 ], [ 76.443487526171609, 11.950225737401007 ], [ 76.443511104871462, 11.950525962634222 ], [ 76.443542747147106, 11.950884572442998 ], [ 76.44358032841879, 11.951247519312979 ], [ 76.443559190068825, 11.951475358758778 ], [ 76.44349742677754, 11.952139823302746 ], [ 76.443440893869621, 11.952746343037251 ], [ 76.443450606425387, 11.952832948967377 ], [ 76.443477647958645, 11.953074065826618 ], [ 76.44349406430031, 11.953220440223919 ], [ 76.443585116433994, 11.953979538443692 ], [ 76.443684532493819, 11.954752707100276 ], [ 76.443672881501556, 11.954819904679418 ], [ 76.443574791015024, 11.955385649812436 ], [ 76.44350038994375, 11.955814766527054 ], [ 76.443378399630731, 11.956533027576047 ], [ 76.443277019912998, 11.957142357976629 ], [ 76.443242101620896, 11.957356460238557 ], [ 76.443157453744391, 11.957885720902684 ], [ 76.443153203755983, 11.957912295498847 ], [ 76.443132067518434, 11.958044448249396 ], [ 76.443093927581373, 11.958287396283373 ], [ 76.443037319908157, 11.958461287251957 ], [ 76.443074153565348, 11.958469362120505 ], [ 76.443249377291366, 11.958507775311549 ], [ 76.443417513458584, 11.958470184692057 ], [ 76.444201629006628, 11.958445782941396 ], [ 76.444481403300799, 11.958470770860663 ], [ 76.444530708399554, 11.958480977376327 ], [ 76.445471488493553, 11.958676189853529 ], [ 76.445823835960454, 11.958750518834631 ], [ 76.445922041511992, 11.958782883527082 ], [ 76.446684455622616, 11.95903414618439 ], [ 76.446909134804756, 11.95920573382946 ], [ 76.447240184072655, 11.959315761421127 ], [ 76.447371765933681, 11.95935035383901 ], [ 76.447407583418581, 11.959371397795381 ], [ 76.447685907910099, 11.959463900798356 ], [ 76.447817897314096, 11.959507767610676 ], [ 76.447750623175622, 11.959572942167629 ], [ 76.447771061257313, 11.959584949581288 ], [ 76.447883263964101, 11.959650871150176 ], [ 76.448318361145681, 11.959906499117597 ], [ 76.448344368643674, 11.959873892371103 ], [ 76.449183751794678, 11.958821505500675 ], [ 76.449321789666101, 11.958659884812368 ], [ 76.44983025193784, 11.958064552767615 ] ] ] } },
{ "type": "Feature", "properties": { "OBJECTID": 21814, "KGISVillageID": 27821, "KGISVillageCode": "2608030025", "KGISVillageName": "Changondanahalli", "KGISHobliID": 881, "UniqueVillageCode": "2608030025_1", "Bhucode": "260501005012", "CensusVillageCode": "2957705573618997", "BhoomiVillageCode": "2608030025", "created_user": null, "created_date": null, "last_edited_user": "SURESHBV2", "last_edited_date": 1724226112000.0, "LGDGPCode": "219460", "LGDGPCode_Secondary": null, "Category": "Cadastral data available and has bhoomi linkage", "SHAPE.STArea()": 4227409.590436155, "SHAPE.STLength()": 10051.116273879692, "LGD_VillageCode": 618997.0, "_overlap_percent": 99.626442061683875, "_police_station": "Saragur PS", "_police_feature_index": "506", "_admin_layer": "Village", "_geometry_clipped": true }, "geometry": { "type": "Polygon", "coordinates": [ [ [ 76.474439666430371, 11.94740761724649 ], [ 76.474554003158033, 11.947599995737626 ], [ 76.474760814721122, 11.947948786868928 ], [ 76.474965516931761, 11.948294020502601 ], [ 76.475371154745886, 11.952795936643613 ], [ 76.475543339434878, 11.954225369926442 ], [ 76.476621272744438, 11.962412268749762 ], [ 76.476644144200421, 11.9625822699072 ], [ 76.476791463781666, 11.963688839327355 ], [ 76.476801176307049, 11.963762192843149 ], [ 76.476789587859471, 11.963768009094609 ], [ 76.476764069457857, 11.963780815639586 ], [ 76.477211913600485, 11.964896141028593 ], [ 76.47727574808836, 11.964979993291866 ], [ 76.477552401712117, 11.965343917114701 ], [ 76.477763254420751, 11.965621282120127 ], [ 76.477813537001708, 11.965731460508971 ], [ 76.477787574245156, 11.966152662374752 ], [ 76.477757852110969, 11.966634849594238 ], [ 76.477757294319986, 11.966643897692773 ], [ 76.477703689213087, 11.967550160669143 ], [ 76.477703999244312, 11.967592859788574 ], [ 76.477808735918813, 11.967618868655151 ], [ 76.477906940703221, 11.967643255641175 ], [ 76.478113736333128, 11.967605678276119 ], [ 76.478407441698707, 11.967552308109786 ], [ 76.478416598403697, 11.967550644299859 ], [ 76.478431420640888, 11.967561493617396 ], [ 76.478481525684913, 11.967598170547058 ], [ 76.478523090288917, 11.967628594762866 ], [ 76.478566474834011, 11.967637905821803 ], [ 76.478652140766698, 11.9676562905391 ], [ 76.47883632667687, 11.967648090918701 ], [ 76.478968065988184, 11.967642226190629 ], [ 76.479606065914552, 11.967613821718643 ], [ 76.479635034880729, 11.967840806718128 ], [ 76.479709051191207, 11.968422191920816 ], [ 76.479716093848026, 11.968477685956248 ], [ 76.479763766401121, 11.968853323200506 ], [ 76.479769014234236, 11.968938908495391 ], [ 76.479786411294327, 11.969222624760109 ], [ 76.479743599305124, 11.969389466707131 ], [ 76.479643169339951, 11.969803096340081 ], [ 76.479610693348846, 11.97170947749567 ], [ 76.479575261586675, 11.972079425291977 ], [ 76.479646129780591, 11.972078594889696 ], [ 76.479723605204143, 11.972077683504672 ], [ 76.47989073758599, 11.972075717744026 ], [ 76.479885968851121, 11.972149889627172 ], [ 76.480160467871997, 11.972145088887681 ], [ 76.480458400290374, 11.97213318573171 ], [ 76.480554010270069, 11.972137538582393 ], [ 76.480585828828239, 11.972138987084618 ], [ 76.480631752619914, 11.972057161140031 ], [ 76.480636282596194, 11.972057551287291 ], [ 76.480637009269117, 11.972057614351867 ], [ 76.480754056244862, 11.972064955810259 ], [ 76.480889860102195, 11.972073468394003 ], [ 76.48159213149782, 11.972117448007642 ], [ 76.481854038152377, 11.972133827410056 ], [ 76.481903653897618, 11.972136930189386 ], [ 76.481928338565027, 11.97221148163057 ], [ 76.481986481379948, 11.972220865062456 ], [ 76.481987707992872, 11.972220835979696 ], [ 76.481988573781521, 11.972220815131887 ], [ 76.481988611193103, 11.972259011559739 ], [ 76.481988617668264, 11.972265253170535 ], [ 76.482052862321339, 11.972264717522485 ], [ 76.482384737583246, 11.972261947504883 ], [ 76.482418660492499, 11.972261664244192 ], [ 76.48242428446946, 11.972261617342092 ], [ 76.482981457153912, 11.972236195122251 ], [ 76.483610651802323, 11.972235327576227 ], [ 76.484054143147148, 11.972230450855005 ], [ 76.484776364423055, 11.972222506890025 ], [ 76.484833038526332, 11.972221883210342 ], [ 76.484833743853287, 11.972221904790056 ], [ 76.484865917106617, 11.972222899798297 ], [ 76.486038729240477, 11.972164792573157 ], [ 76.486153919759019, 11.972159085147037 ], [ 76.486477754132295, 11.972143039711954 ], [ 76.486485779941603, 11.972332051585855 ], [ 76.486490793519309, 11.972450113388879 ], [ 76.48649387303081, 11.972522615371059 ], [ 76.486496596482283, 11.972586759393046 ], [ 76.486502635652982, 11.972728984908185 ], [ 76.486513758977409, 11.972990916329096 ], [ 76.487105291986367, 11.973008549380278 ], [ 76.48775865898844, 11.973050775386577 ], [ 76.487782940402468, 11.973052344402946 ], [ 76.487877177166169, 11.973058434167861 ], [ 76.488134588280644, 11.97307507007406 ], [ 76.488278576490302, 11.973088230347436 ], [ 76.488391439067016, 11.973098545213153 ], [ 76.488455468549844, 11.973069440932822 ], [ 76.488546143413771, 11.972461717286716 ], [ 76.48855065800619, 11.972431457050954 ], [ 76.488751357620373, 11.971086323643213 ], [ 76.488836297469717, 11.970517031248827 ], [ 76.48882623373261, 11.970167041794095 ], [ 76.489488153573404, 11.970228744098018 ], [ 76.489661600793085, 11.970244917941219 ], [ 76.49016531067123, 11.970291952293136 ], [ 76.490260606771798, 11.970300850972819 ], [ 76.492225217816468, 11.970484290483078 ], [ 76.492662255698448, 11.97052522626073 ], [ 76.492689323495071, 11.970527761854877 ], [ 76.493192216944195, 11.970574865506633 ], [ 76.493349754812385, 11.970589658937465 ], [ 76.49339222846541, 11.970593762438403 ], [ 76.493435543015849, 11.970307538446164 ], [ 76.493339994390652, 11.970093977035683 ], [ 76.492940668740175, 11.969795098181905 ], [ 76.492751973159301, 11.969653865044235 ], [ 76.492793002184271, 11.969479025160265 ], [ 76.493009907380241, 11.969367858749974 ], [ 76.493478482507584, 11.969265130810973 ], [ 76.49376476511668, 11.969042857377653 ], [ 76.493925587964213, 11.968917995031671 ], [ 76.493946875644824, 11.96874373301214 ], [ 76.493825340386408, 11.968658343687819 ], [ 76.493617037890246, 11.968590078937801 ], [ 76.493438139515519, 11.968501193242426 ], [ 76.493226404707528, 11.968316831028019 ], [ 76.493304419455825, 11.968111734330467 ], [ 76.493616750634899, 11.967932177573909 ], [ 76.49412868140378, 11.967761072872779 ], [ 76.494180636564295, 11.967504728143449 ], [ 76.493833457165508, 11.96736816821789 ], [ 76.493905335875723, 11.96708536324366 ], [ 76.494214502303578, 11.965573724273128 ], [ 76.494248899277821, 11.965499861107508 ], [ 76.494252480671477, 11.965480961886671 ], [ 76.494443082358572, 11.964945770641028 ], [ 76.494431138230794, 11.964855918578419 ], [ 76.494198345634587, 11.964654292945623 ], [ 76.493120502924398, 11.964249837451261 ], [ 76.492521591395629, 11.963951041335452 ], [ 76.492018084198108, 11.963506951598822 ], [ 76.492026446646904, 11.963439818305501 ], [ 76.49192107702946, 11.963399903241971 ], [ 76.492055811255739, 11.962805972501947 ], [ 76.492637262589469, 11.962157999662885 ], [ 76.492842900280579, 11.961833554720807 ], [ 76.492757237176519, 11.961664259113252 ], [ 76.492381518913533, 11.961105880494204 ], [ 76.492336668039712, 11.960668768672949 ], [ 76.492403865640725, 11.960370428807268 ], [ 76.492413175532761, 11.960280040623932 ], [ 76.492439020049247, 11.960100877867967 ], [ 76.492446877672819, 11.960046402708249 ], [ 76.492479147807998, 11.959990831330199 ], [ 76.492510413730471, 11.959936990232785 ], [ 76.492630456649351, 11.959854067305258 ], [ 76.492535407737208, 11.959533089276787 ], [ 76.492402614488611, 11.959327893393505 ], [ 76.492400846691893, 11.959325776281435 ], [ 76.492365684368465, 11.959288415121861 ], [ 76.492271604188446, 11.959278161977391 ], [ 76.491686517690454, 11.959256301877554 ], [ 76.491590724332667, 11.959113389035622 ], [ 76.491464759582541, 11.958925463288745 ], [ 76.491340313265198, 11.958739803107374 ], [ 76.491246924493396, 11.958600478198647 ], [ 76.491228052634781, 11.958532280194625 ], [ 76.491198726952405, 11.958488249434009 ], [ 76.490351879991621, 11.958554632084432 ], [ 76.490346287477522, 11.958561711627645 ], [ 76.490160408544355, 11.958797025096683 ], [ 76.490005951143345, 11.95885191393014 ], [ 76.489260999861742, 11.958268173802356 ], [ 76.489163396544399, 11.958083476638434 ], [ 76.489112547638229, 11.957887698121038 ], [ 76.488854250715846, 11.956893203649472 ], [ 76.488829517794969, 11.956520862759477 ], [ 76.488922601421876, 11.955304561547552 ], [ 76.488975374851847, 11.954737378846817 ], [ 76.488966997330891, 11.954603210948168 ], [ 76.488959399638603, 11.954481519469384 ], [ 76.488958345322189, 11.954478955718439 ], [ 76.48894573910971, 11.954448298952361 ], [ 76.488926814444824, 11.954402276816316 ], [ 76.48873146841774, 11.953927217675945 ], [ 76.4885659155604, 11.953645890721413 ], [ 76.488443616053317, 11.953043286146956 ], [ 76.488648254222539, 11.95242043571289 ], [ 76.48866344786353, 11.952374191138759 ], [ 76.488786895487436, 11.952248432987176 ], [ 76.489148787992434, 11.951879766335242 ], [ 76.489371217818316, 11.951662038442771 ], [ 76.489570493484962, 11.951466974799892 ], [ 76.489670387542262, 11.951058134556733 ], [ 76.489860449896383, 11.950280216915811 ], [ 76.49022199155182, 11.949550368111096 ], [ 76.490050343600231, 11.94954480452687 ], [ 76.489997058247653, 11.949538463049462 ], [ 76.48942551818017, 11.949525624328523 ], [ 76.48843745556097, 11.94950342556635 ], [ 76.487715735556904, 11.94946916878877 ], [ 76.487705434350545, 11.949443552508995 ], [ 76.487693174747108, 11.949413068282537 ], [ 76.487331649918985, 11.948774182498086 ], [ 76.487152937553049, 11.948458361470919 ], [ 76.486993513040147, 11.948176624401505 ], [ 76.486747190073885, 11.947741318335984 ], [ 76.48667599468105, 11.947626295115134 ], [ 76.486634759415466, 11.947559676869322 ], [ 76.486599906523367, 11.947503368224393 ], [ 76.486362657092982, 11.947464745900927 ], [ 76.486350938348622, 11.947462837931537 ], [ 76.486324455384988, 11.94745852639965 ], [ 76.486308240763904, 11.947462571045627 ], [ 76.486238400698753, 11.947479991026178 ], [ 76.486229186675288, 11.947482289062483 ], [ 76.486012563788023, 11.947380894994389 ], [ 76.485622582450134, 11.947162197534992 ], [ 76.484569383792689, 11.947251687293541 ], [ 76.484596810245236, 11.947326202614178 ], [ 76.484653920388567, 11.947481364421636 ], [ 76.484664552640496, 11.947530226174957 ], [ 76.484519462374891, 11.94752512891467 ], [ 76.484345135149994, 11.947519009823353 ], [ 76.48422809596768, 11.947514501056048 ], [ 76.484123573898756, 11.94751047399679 ], [ 76.483925778065881, 11.94750308632689 ], [ 76.483116459130542, 11.947487856292595 ], [ 76.482737298999254, 11.947480720620563 ], [ 76.482713247216751, 11.9474802680176 ], [ 76.482669623202668, 11.94747984273473 ], [ 76.482111352359297, 11.947474396995233 ], [ 76.48211121646591, 11.947474395903813 ], [ 76.481744016358391, 11.947470336525098 ], [ 76.481706912678419, 11.9474705104612 ], [ 76.481588811103265, 11.947471063520481 ], [ 76.481280244169142, 11.947472507536537 ], [ 76.480973843075006, 11.947473941608072 ], [ 76.479460233624536, 11.947481018245014 ], [ 76.479380038099492, 11.947481393416419 ], [ 76.47587568070216, 11.947429070889839 ], [ 76.475120945619196, 11.94741779644586 ], [ 76.474973480712464, 11.947415593373043 ], [ 76.474779922103465, 11.947412701266158 ], [ 76.47459642675345, 11.947423039904285 ], [ 76.474591941303274, 11.94740989250157 ], [ 76.474439666430371, 11.94740761724649 ] ] ] } },
{ "type": "Feature", "properties": { "OBJECTID": 21843, "KGISVillageID": 27850, "KGISVillageCode": "2608030040", "KGISVillageName": "Mulluru", "KGISHobliID": 881, "UniqueVillageCode": "2608030040_1", "Bhucode": "260501005041", "CensusVillageCode": "2957705573618998", "BhoomiVillageCode": "2608030040", "created_user": null, "created_date": null, "last_edited_user": "SURESHBV2", "last_edited_date": 1724226113000.0, "LGDGPCode": "219460", "LGDGPCode_Secondary": null, "Category": "Cadastral data available and has bhoomi linkage", "SHAPE.STArea()": 11812949.75635081, "SHAPE.STLength()": 17320.414951681945, "LGD_VillageCode": 618998.0, "_overlap_percent": 99.784353071818828, "_police_station": "Saragur PS", "_police_feature_index": "506", "_admin_layer": "Village", "_geometry_clipped": true }, "geometry": { "type": "Polygon", "coordinates": [ [ [ 76.471491887159729, 11.935934656522404 ], [ 76.470246018579147, 11.93599098743457 ], [ 76.469962658271228, 11.936003837992397 ], [ 76.469646943841269, 11.936018171832703 ], [ 76.458169451231996, 11.936565418919839 ], [ 76.45703915824987, 11.93664595923849 ], [ 76.455684276091006, 11.936742496109929 ], [ 76.452520322672257, 11.941747358969089 ], [ 76.452389674691204, 11.942352597876642 ], [ 76.45227130345522, 11.942885214999407 ], [ 76.452259051086827, 11.942938366479325 ], [ 76.45223422664516, 11.943151478505566 ], [ 76.453062560591192, 11.943947692107745 ], [ 76.453917698314186, 11.944769661251796 ], [ 76.454098599224807, 11.944943544492295 ], [ 76.454365382231913, 11.945139934953367 ], [ 76.4559881073165, 11.946535608678301 ], [ 76.457086024884347, 11.947479890459023 ], [ 76.457343461361916, 11.947695768088419 ], [ 76.457213006529344, 11.947957639364782 ], [ 76.457211799240696, 11.947960062211919 ], [ 76.457211833124987, 11.947960045762892 ], [ 76.457180340046691, 11.948024619739536 ], [ 76.457175343117655, 11.948034873426931 ], [ 76.456409714916788, 11.94960599803804 ], [ 76.456194797642993, 11.950045373135952 ], [ 76.455722741521598, 11.951003851425085 ], [ 76.455276339959696, 11.951910232910242 ], [ 76.455175404537059, 11.952115173075267 ], [ 76.454924393165015, 11.952376776731352 ], [ 76.453527187536679, 11.953828559715886 ], [ 76.453506352729164, 11.953850207994973 ], [ 76.453226592376026, 11.954140893210488 ], [ 76.453022113383156, 11.954357630595068 ], [ 76.452987457547465, 11.954394363395963 ], [ 76.452748673799519, 11.954647461840517 ], [ 76.45251181306169, 11.954924798354375 ], [ 76.452501322102378, 11.954937082020795 ], [ 76.452213217759635, 11.955274419147795 ], [ 76.452114930776773, 11.955389501582122 ], [ 76.451793334892173, 11.955766051281215 ], [ 76.44983025193784, 11.958064552767615 ], [ 76.449321789666101, 11.958659884812368 ], [ 76.449183751794678, 11.958821505500675 ], [ 76.448344368643674, 11.959873892371103 ], [ 76.449104542080519, 11.960362394131389 ], [ 76.449866189825414, 11.961283980195422 ], [ 76.451482025335153, 11.963239093630644 ], [ 76.451749578222945, 11.963562821197753 ], [ 76.452502132667504, 11.964473372771568 ], [ 76.45297555086276, 11.965046180471417 ], [ 76.453930987908592, 11.966090579706911 ], [ 76.45457023530615, 11.966821598110885 ], [ 76.454854481477341, 11.967146649271397 ], [ 76.455207618101582, 11.967550478947183 ], [ 76.456210120915827, 11.96858789518032 ], [ 76.456512951459942, 11.96890126928702 ], [ 76.456380060458898, 11.969373570069651 ], [ 76.456392710174143, 11.969391918535894 ], [ 76.456449188903406, 11.969463833544019 ], [ 76.456685670783884, 11.969764944483915 ], [ 76.456821880102552, 11.9699383785522 ], [ 76.457750526386292, 11.97054744053608 ], [ 76.458792452595503, 11.971230791324439 ], [ 76.459434631755855, 11.971655241652543 ], [ 76.461188839685619, 11.972814676058094 ], [ 76.461776970185241, 11.973208028707493 ], [ 76.462969012169964, 11.973992261539703 ], [ 76.463735130832376, 11.974503349855583 ], [ 76.464029235904448, 11.974691972768186 ], [ 76.464636988057578, 11.975093644639211 ], [ 76.464767019047983, 11.975179884385714 ], [ 76.465574447425624, 11.975723147457455 ], [ 76.465685323250341, 11.975800890043214 ], [ 76.466211904285757, 11.976170110307509 ], [ 76.466636311082866, 11.976468611607796 ], [ 76.466636412351832, 11.976469510625368 ], [ 76.466598334191886, 11.976642292697623 ], [ 76.466783775872656, 11.977389602159585 ], [ 76.466811571584898, 11.97761703041728 ], [ 76.466981824100728, 11.978104635268037 ], [ 76.467068272492597, 11.978298521213944 ], [ 76.467487806635987, 11.97893961352859 ], [ 76.467941695900919, 11.979742089958956 ], [ 76.468014021685889, 11.979808687181606 ], [ 76.468300076278268, 11.979890533047831 ], [ 76.468434217706744, 11.980100720202572 ], [ 76.468666336248063, 11.980464426984099 ], [ 76.46883022430147, 11.981224464970438 ], [ 76.468961650191872, 11.981501481901304 ], [ 76.469039968764292, 11.981778187655294 ], [ 76.468977197153521, 11.981768362196355 ], [ 76.468863596814501, 11.98175053000544 ], [ 76.468812848821415, 11.981804500229932 ], [ 76.468523289055369, 11.982112206872422 ], [ 76.468167172910981, 11.982511568176838 ], [ 76.468159114637004, 11.982516600840267 ], [ 76.468006214262388, 11.982612102795374 ], [ 76.467815338715212, 11.98273132468546 ], [ 76.467560189742727, 11.982890690023071 ], [ 76.46752826272494, 11.982913441710529 ], [ 76.467491486546905, 11.982939648817613 ], [ 76.467478052122914, 11.982950200014848 ], [ 76.467298479503853, 11.983091229081985 ], [ 76.467228462800406, 11.983130449761436 ], [ 76.466860526383257, 11.983336550434178 ], [ 76.466850475745815, 11.983338250253752 ], [ 76.466496655428301, 11.983398060916681 ], [ 76.466319482341802, 11.983428010405843 ], [ 76.466129289684105, 11.983460160599277 ], [ 76.466112881107705, 11.983462934238847 ], [ 76.465751474701577, 11.983485875127926 ], [ 76.465394627139403, 11.983633176058438 ], [ 76.465259861498325, 11.983925165042811 ], [ 76.465283488563614, 11.984064651243241 ], [ 76.46531388514417, 11.984244109743816 ], [ 76.465321673011914, 11.984278465176287 ], [ 76.465347694025866, 11.984393250563436 ], [ 76.465391784510899, 11.984953305032196 ], [ 76.465391556137433, 11.984995053354977 ], [ 76.465402003318943, 11.985758277633547 ], [ 76.465411609584024, 11.986460058606632 ], [ 76.465420598831784, 11.986635334680019 ], [ 76.465421488493519, 11.986653510823201 ], [ 76.465424948081321, 11.986725555944446 ], [ 76.465425841562933, 11.986747842862185 ], [ 76.465428410403518, 11.986811889836876 ], [ 76.465428868834053, 11.986823327508457 ], [ 76.465435990787867, 11.987000903344839 ], [ 76.465566496669879, 11.987020823448626 ], [ 76.465669519125356, 11.987036548656739 ], [ 76.466368692705728, 11.987143269273043 ], [ 76.467162560867763, 11.987254614611579 ], [ 76.468084027174342, 11.986676066688485 ], [ 76.468727608359501, 11.986335610561721 ], [ 76.4694535209739, 11.985631963032329 ], [ 76.470031227534221, 11.98540392596108 ], [ 76.470697945758602, 11.985064163579692 ], [ 76.471263144878264, 11.984954332219294 ], [ 76.472047689772182, 11.985051070925433 ], [ 76.472782673651054, 11.984995518697373 ], [ 76.473766227273074, 11.985189006275107 ], [ 76.474605503258246, 11.98528207758997 ], [ 76.475270130675199, 11.985691017394807 ], [ 76.476341381407266, 11.985689199839737 ], [ 76.47760841613794, 11.984955683824516 ], [ 76.478239524864392, 11.984716893629113 ], [ 76.479157451224225, 11.984774685641627 ], [ 76.479722055700407, 11.984911592824556 ], [ 76.480863728243605, 11.984866982288192 ], [ 76.481866808019902, 11.984876445186018 ], [ 76.482074656545507, 11.984815070292083 ], [ 76.482140388191098, 11.984757843586841 ], [ 76.482305764094505, 11.984613864005752 ], [ 76.482256566397979, 11.984584471052003 ], [ 76.481733441901525, 11.984272040423322 ], [ 76.481649145202553, 11.98426241672766 ], [ 76.48104827924017, 11.984192984416387 ], [ 76.48102636030778, 11.984190209981318 ], [ 76.480986772441241, 11.984185200066081 ], [ 76.480988988496975, 11.984150889153041 ], [ 76.480990639798392, 11.984125333447135 ], [ 76.480991908356017, 11.984105704985161 ], [ 76.480950622832651, 11.983833298820198 ], [ 76.480891994345669, 11.983450327112646 ], [ 76.480904853742715, 11.983398414823414 ], [ 76.480910436148037, 11.983375878702118 ], [ 76.481030168862475, 11.982892525727815 ], [ 76.481056749564729, 11.982783262273575 ], [ 76.481065531377837, 11.982747111248182 ], [ 76.481025140879922, 11.982745757062006 ], [ 76.480261032383467, 11.982720141817275 ], [ 76.480220940666015, 11.98271885102846 ], [ 76.480227644049165, 11.982669636447687 ], [ 76.480236391469504, 11.982605415391165 ], [ 76.480277807672138, 11.982205207884313 ], [ 76.480293623243412, 11.982052383946009 ], [ 76.480294868964009, 11.982040349722917 ], [ 76.480315215469062, 11.981843743434126 ], [ 76.480326374521411, 11.98172143358738 ], [ 76.480327487126289, 11.981709237336103 ], [ 76.480385301432648, 11.981075578536766 ], [ 76.480390873176972, 11.981014514059801 ], [ 76.480384881355675, 11.980916756009012 ], [ 76.480328872392363, 11.980720950780206 ], [ 76.480326548980244, 11.980712827394894 ], [ 76.480320090788524, 11.980615418960394 ], [ 76.480306534026155, 11.980410927482746 ], [ 76.480282009941888, 11.980041010737233 ], [ 76.48028145065544, 11.980032572460972 ], [ 76.480277981926903, 11.979980245571031 ], [ 76.480288322858996, 11.979803161093418 ], [ 76.480297365313731, 11.979648316172867 ], [ 76.480322627114745, 11.979215701947236 ], [ 76.480442361150025, 11.97924677961657 ], [ 76.480474712323925, 11.979249594878425 ], [ 76.480514281740241, 11.979253038307375 ], [ 76.480517412974166, 11.979229602940634 ], [ 76.480522883195206, 11.979188670656123 ], [ 76.48054927432446, 11.978991187133293 ], [ 76.480626807228063, 11.978502823586537 ], [ 76.480657798033135, 11.978352053978863 ], [ 76.480724649510805, 11.978026826113187 ], [ 76.480726664038471, 11.978017026286725 ], [ 76.480726975803435, 11.978014585480063 ], [ 76.480749033606216, 11.977898517565908 ], [ 76.480742214370196, 11.97789527454958 ], [ 76.48074231211703, 11.977894507388504 ], [ 76.480687552776274, 11.97786203339032 ], [ 76.4806679221103, 11.977850392396263 ], [ 76.480489637871472, 11.9777650945265 ], [ 76.480456511852239, 11.977274974718643 ], [ 76.480455917294691, 11.977269836455219 ], [ 76.480447136830719, 11.977131096581122 ], [ 76.480439024588065, 11.977002923474101 ], [ 76.480433637149829, 11.976917793759497 ], [ 76.480394474484129, 11.976298969980444 ], [ 76.480392116353343, 11.976261704317904 ], [ 76.480435161560919, 11.976206429583222 ], [ 76.480451308177777, 11.976185694638348 ], [ 76.480464483465681, 11.976167853012418 ], [ 76.480466804439416, 11.976086361222485 ], [ 76.480519954121263, 11.975894042349337 ], [ 76.480525218536414, 11.975820892171482 ], [ 76.480525758023177, 11.97581339283688 ], [ 76.480547396020071, 11.975512701316864 ], [ 76.480572360624663, 11.975165780171448 ], [ 76.480573461806841, 11.975150475811608 ], [ 76.480575074320925, 11.975128066436923 ], [ 76.480587379461483, 11.97495706223209 ], [ 76.480593411394878, 11.974874109770589 ], [ 76.480593703583793, 11.974870097806567 ], [ 76.480625458300864, 11.974433430680486 ], [ 76.48062716252673, 11.974409989285853 ], [ 76.480641131487232, 11.974217905307832 ], [ 76.480671475772439, 11.973800629626442 ], [ 76.480675551334315, 11.97370662809463 ], [ 76.480682596793741, 11.973550132927304 ], [ 76.480679698878632, 11.973422524428237 ], [ 76.480676115900053, 11.973264726566871 ], [ 76.480675650963221, 11.973244270989543 ], [ 76.480673135927361, 11.973133512192213 ], [ 76.480634279244924, 11.972548591736757 ], [ 76.480626930460161, 11.972437969648732 ], [ 76.480633378386699, 11.972175952719503 ], [ 76.480634194939583, 11.972142779254165 ], [ 76.480634621984308, 11.972125423517101 ], [ 76.480636282596194, 11.972057551287291 ], [ 76.480631752619914, 11.972057161140031 ], [ 76.480585828828239, 11.972138987084618 ], [ 76.480554010270069, 11.972137538582393 ], [ 76.480458400290374, 11.97213318573171 ], [ 76.480160467871997, 11.972145088887681 ], [ 76.479885968851121, 11.972149889627172 ], [ 76.47989073758599, 11.972075717744026 ], [ 76.479723605204143, 11.972077683504672 ], [ 76.479646129780591, 11.972078594889696 ], [ 76.479575261586675, 11.972079425291977 ], [ 76.479610693348846, 11.97170947749567 ], [ 76.479643169339951, 11.969803096340081 ], [ 76.479743599305124, 11.969389466707131 ], [ 76.479786411294327, 11.969222624760109 ], [ 76.479769014234236, 11.968938908495391 ], [ 76.479763766401121, 11.968853323200506 ], [ 76.479716093848026, 11.968477685956248 ], [ 76.479709051191207, 11.968422191920816 ], [ 76.479635034880729, 11.967840806718128 ], [ 76.479606065914552, 11.967613821718643 ], [ 76.478968065988184, 11.967642226190629 ], [ 76.47883632667687, 11.967648090918701 ], [ 76.478652140766698, 11.9676562905391 ], [ 76.478566474834011, 11.967637905821803 ], [ 76.478523090288917, 11.967628594762866 ], [ 76.478481525684913, 11.967598170547058 ], [ 76.478431420640888, 11.967561493617396 ], [ 76.478416598403697, 11.967550644299859 ], [ 76.478407441698707, 11.967552308109786 ], [ 76.478113736333128, 11.967605678276119 ], [ 76.477906940703221, 11.967643255641175 ], [ 76.477808735918813, 11.967618868655151 ], [ 76.477703999244312, 11.967592859788574 ], [ 76.477703689213087, 11.967550160669143 ], [ 76.477757294319986, 11.966643897692773 ], [ 76.477757852110969, 11.966634849594238 ], [ 76.477787574245156, 11.966152662374752 ], [ 76.477813537001708, 11.965731460508971 ], [ 76.477763254420751, 11.965621282120127 ], [ 76.477552401712117, 11.965343917114701 ], [ 76.47727574808836, 11.964979993291866 ], [ 76.477211913600485, 11.964896141028593 ], [ 76.476764069457857, 11.963780815639586 ], [ 76.476789587859471, 11.963768009094609 ], [ 76.476801176307049, 11.963762192843149 ], [ 76.476791463781666, 11.963688839327355 ], [ 76.476644144200421, 11.9625822699072 ], [ 76.476621272744438, 11.962412268749762 ], [ 76.475543339434878, 11.954225369926442 ], [ 76.475371154745886, 11.952795936643613 ], [ 76.474965516931761, 11.948294020502601 ], [ 76.474760814721122, 11.947948786868928 ], [ 76.474554003158033, 11.947599995737626 ], [ 76.474439666430371, 11.94740761724649 ], [ 76.474305467451586, 11.946780692107984 ], [ 76.474184534050394, 11.946215732045314 ], [ 76.473810865348185, 11.945120463404976 ], [ 76.473786466501124, 11.945083313950525 ], [ 76.473705263659198, 11.944822783522246 ], [ 76.473699447754527, 11.944802348652594 ], [ 76.473635541923059, 11.944577769930893 ], [ 76.47284968894617, 11.940376969362875 ], [ 76.472799213210919, 11.940166869904562 ], [ 76.471617469136973, 11.935928942321704 ], [ 76.471491887159729, 11.935934656522404 ] ] ] } },
{ "type": "Feature", "properties": { "OBJECTID": 21809, "KGISVillageID": 27816, "KGISVillageCode": "2608030041", "KGISVillageName": "Beeravalu", "KGISHobliID": 881, "UniqueVillageCode": "2608030041_1", "Bhucode": "260501005007", "CensusVillageCode": "2957705573619000", "BhoomiVillageCode": "2608030041", "created_user": "SA", "created_date": 1556019584000.0, "last_edited_user": "SURESHBV2", "last_edited_date": 1724226112000.0, "LGDGPCode": "219460", "LGDGPCode_Secondary": null, "Category": "Cadastral data available and has bhoomi linkage", "SHAPE.STArea()": 2191004.4707722599, "SHAPE.STLength()": 6487.7963803075772, "LGD_VillageCode": 619000.0, "_overlap_percent": 99.999999999999972, "_police_station": "Saragur PS", "_police_feature_index": "506", "_admin_layer": "Village", "_geometry_clipped": true }, "geometry": { "type": "Polygon", "coordinates": [ [ [ 76.453811378227073, 11.970609983384294 ], [ 76.453947243902718, 11.970647931023274 ], [ 76.45404048977781, 11.97067397499776 ], [ 76.454129042839725, 11.97069870795079 ], [ 76.454278826133105, 11.970740542205354 ], [ 76.454432670293656, 11.97082587284819 ], [ 76.454786445699142, 11.971022094341308 ], [ 76.455126263330044, 11.971227075870273 ], [ 76.455400815492212, 11.971392687826169 ], [ 76.455758809763722, 11.971608631869701 ], [ 76.45581567978931, 11.971379175266414 ], [ 76.455942237421922, 11.970929520116369 ], [ 76.456022097763267, 11.970645777601979 ], [ 76.456128105556758, 11.970269023143215 ], [ 76.456319623299862, 11.969588364917577 ], [ 76.456380060458898, 11.969373570069651 ], [ 76.456512951459942, 11.96890126928702 ], [ 76.456210120915827, 11.96858789518032 ], [ 76.455207618101582, 11.967550478947183 ], [ 76.454854481477341, 11.967146649271397 ], [ 76.45457023530615, 11.966821598110885 ], [ 76.453930987908592, 11.966090579706911 ], [ 76.45297555086276, 11.965046180471417 ], [ 76.452502132667504, 11.964473372771568 ], [ 76.451749578222945, 11.963562821197753 ], [ 76.451482025335153, 11.963239093630644 ], [ 76.449866189825414, 11.961283980195422 ], [ 76.449104542080519, 11.960362394131389 ], [ 76.448344368643674, 11.959873892371103 ], [ 76.448318361145681, 11.959906499117597 ], [ 76.447883263964101, 11.959650871150176 ], [ 76.447771061257313, 11.959584949581288 ], [ 76.447750623175622, 11.959572942167629 ], [ 76.447817897314096, 11.959507767610676 ], [ 76.447685907910099, 11.959463900798356 ], [ 76.447407583418581, 11.959371397795381 ], [ 76.447371765933681, 11.95935035383901 ], [ 76.447240184072655, 11.959315761421127 ], [ 76.446909134804756, 11.95920573382946 ], [ 76.446684455622616, 11.95903414618439 ], [ 76.445922041511992, 11.958782883527082 ], [ 76.445823835960454, 11.958750518834631 ], [ 76.445471488493553, 11.958676189853529 ], [ 76.444530708399554, 11.958480977376327 ], [ 76.444481403300799, 11.958470770860663 ], [ 76.444201629006628, 11.958445782941396 ], [ 76.443417513458584, 11.958470184692057 ], [ 76.443249377291366, 11.958507775311549 ], [ 76.443074153565348, 11.958469362120505 ], [ 76.443037319908157, 11.958461287251957 ], [ 76.442736320010482, 11.958377006334484 ], [ 76.442709201855848, 11.958467490140169 ], [ 76.44272618053968, 11.958954650048799 ], [ 76.44294834268382, 11.959342080863957 ], [ 76.442936044030546, 11.959463823846924 ], [ 76.442816232214554, 11.960649861338448 ], [ 76.442800286788398, 11.960807712924346 ], [ 76.442774283736327, 11.96204743693205 ], [ 76.441664488789513, 11.96351228588885 ], [ 76.440915296506049, 11.964257666803023 ], [ 76.440675268147558, 11.964809069315081 ], [ 76.440836030954273, 11.965346453272886 ], [ 76.440987368570802, 11.965918112926277 ], [ 76.441033918002901, 11.966093947539184 ], [ 76.441013139245854, 11.966158954364001 ], [ 76.441016873607666, 11.966335564843318 ], [ 76.441027987201593, 11.966861135807033 ], [ 76.441172118106152, 11.967307992629049 ], [ 76.441414076877223, 11.967410141868688 ], [ 76.441439130798415, 11.967455311058171 ], [ 76.441469503499448, 11.967510069591443 ], [ 76.441785879736756, 11.968080463716664 ], [ 76.441787971979736, 11.968475140556649 ], [ 76.441706491603597, 11.969145331352978 ], [ 76.440752384151907, 11.972487133130725 ], [ 76.440684316093424, 11.973396458466762 ], [ 76.440809341169967, 11.974065588297355 ], [ 76.441105384651962, 11.974913242417385 ], [ 76.441719361231364, 11.976153947957917 ], [ 76.442062732222126, 11.976762152800685 ], [ 76.442309175832889, 11.977418695790984 ], [ 76.442218253299956, 11.978188925026181 ], [ 76.443354266304581, 11.977632319982092 ], [ 76.443704197069138, 11.977460864764199 ], [ 76.444805601685147, 11.976790702672748 ], [ 76.445297233768656, 11.976491560653558 ], [ 76.445815537655335, 11.976176188718339 ], [ 76.445977901875438, 11.976134853403563 ], [ 76.447171181461215, 11.975831061254315 ], [ 76.447333300919638, 11.975789724653456 ], [ 76.44822693763885, 11.975251390204852 ], [ 76.448239099587809, 11.975244063153987 ], [ 76.448558299547201, 11.975051773146786 ], [ 76.448627063983452, 11.974527146091557 ], [ 76.448774004069165, 11.974196981176439 ], [ 76.448883887974134, 11.973888967632272 ], [ 76.449543555114545, 11.973401626848162 ], [ 76.450779771578723, 11.972488342036288 ], [ 76.450853025729543, 11.972431628470273 ], [ 76.451334389907998, 11.972058955173411 ], [ 76.452706351250342, 11.970996769593819 ], [ 76.452757402618786, 11.970961438917016 ], [ 76.453237533769936, 11.970793916985718 ], [ 76.453535500694983, 11.970698410150543 ], [ 76.453811378227073, 11.970609983384294 ] ] ] } },
{ "type": "Feature", "properties": { "OBJECTID": 21826, "KGISVillageID": 27833, "KGISVillageCode": "2608030042", "KGISVillageName": "Jatagathipura", "KGISHobliID": 881, "UniqueVillageCode": "2608030042_1", "Bhucode": "260501005024", "CensusVillageCode": "2957705573618999", "BhoomiVillageCode": "2608030042", "created_user": "SA", "created_date": 1556019584000.0, "last_edited_user": "SURESHBV2", "last_edited_date": 1724226113000.0, "LGDGPCode": "219460", "LGDGPCode_Secondary": null, "Category": "Cadastral data available and has bhoomi linkage", "SHAPE.STArea()": 1685746.9152519649, "SHAPE.STLength()": 5952.9788351097604, "LGD_VillageCode": 618999.0, "_overlap_percent": 99.999999999999986, "_police_station": "Saragur PS", "_police_feature_index": "506", "_admin_layer": "Village", "_geometry_clipped": true }, "geometry": { "type": "Polygon", "coordinates": [ [ [ 76.465421488493519, 11.986653510823201 ], [ 76.465420598831784, 11.986635334680019 ], [ 76.465411609584024, 11.986460058606632 ], [ 76.465402003318943, 11.985758277633547 ], [ 76.465391556137433, 11.984995053354977 ], [ 76.465391784510899, 11.984953305032196 ], [ 76.465347694025866, 11.984393250563436 ], [ 76.465321673011914, 11.984278465176287 ], [ 76.46531388514417, 11.984244109743816 ], [ 76.465283488563614, 11.984064651243241 ], [ 76.465259861498325, 11.983925165042811 ], [ 76.465394627139403, 11.983633176058438 ], [ 76.465751474701577, 11.983485875127926 ], [ 76.466112881107705, 11.983462934238847 ], [ 76.466129289684105, 11.983460160599277 ], [ 76.466319482341802, 11.983428010405843 ], [ 76.466496655428301, 11.983398060916681 ], [ 76.466850475745815, 11.983338250253752 ], [ 76.466860526383257, 11.983336550434178 ], [ 76.467228462800406, 11.983130449761436 ], [ 76.467298479503853, 11.983091229081985 ], [ 76.467478052122914, 11.982950200014848 ], [ 76.467491486546905, 11.982939648817613 ], [ 76.46752826272494, 11.982913441710529 ], [ 76.467560189742727, 11.982890690023071 ], [ 76.467815338715212, 11.98273132468546 ], [ 76.468006214262388, 11.982612102795374 ], [ 76.468159114637004, 11.982516600840267 ], [ 76.468167172910981, 11.982511568176838 ], [ 76.468523289055369, 11.982112206872422 ], [ 76.468812848821415, 11.981804500229932 ], [ 76.468863596814501, 11.98175053000544 ], [ 76.468977197153521, 11.981768362196355 ], [ 76.469039968764292, 11.981778187655294 ], [ 76.468961650191872, 11.981501481901304 ], [ 76.46883022430147, 11.981224464970438 ], [ 76.468666336248063, 11.980464426984099 ], [ 76.468434217706744, 11.980100720202572 ], [ 76.468300076278268, 11.979890533047831 ], [ 76.468014021685889, 11.979808687181606 ], [ 76.467941695900919, 11.979742089958956 ], [ 76.467487806635987, 11.97893961352859 ], [ 76.467068272492597, 11.978298521213944 ], [ 76.466981824100728, 11.978104635268037 ], [ 76.466811571584898, 11.97761703041728 ], [ 76.466783775872656, 11.977389602159585 ], [ 76.466598334191886, 11.976642292697623 ], [ 76.466636412351832, 11.976469510625368 ], [ 76.466636311082866, 11.976468611607796 ], [ 76.466211904285757, 11.976170110307509 ], [ 76.465685323250341, 11.975800890043214 ], [ 76.465574447425624, 11.975723147457455 ], [ 76.464767019047983, 11.975179884385714 ], [ 76.464636988057578, 11.975093644639211 ], [ 76.464029235904448, 11.974691972768186 ], [ 76.463735130832376, 11.974503349855583 ], [ 76.462969012169964, 11.973992261539703 ], [ 76.461776970185241, 11.973208028707493 ], [ 76.461188839685619, 11.972814676058094 ], [ 76.459434631755855, 11.971655241652543 ], [ 76.458792452595503, 11.971230791324439 ], [ 76.457750526386292, 11.97054744053608 ], [ 76.456821880102552, 11.9699383785522 ], [ 76.456685670783884, 11.969764944483915 ], [ 76.456449188903406, 11.969463833544019 ], [ 76.456392710174143, 11.969391918535894 ], [ 76.456380060458898, 11.969373570069651 ], [ 76.456319623299862, 11.969588364917577 ], [ 76.456128105556758, 11.970269023143215 ], [ 76.456022097763267, 11.970645777601979 ], [ 76.455942237421922, 11.970929520116369 ], [ 76.45581567978931, 11.971379175266414 ], [ 76.455758809763722, 11.971608631869701 ], [ 76.455400815492212, 11.971392687826169 ], [ 76.455126263330044, 11.971227075870273 ], [ 76.454786445699142, 11.971022094341308 ], [ 76.454432670293656, 11.97082587284819 ], [ 76.454278826133105, 11.970740542205354 ], [ 76.454129042839725, 11.97069870795079 ], [ 76.45404048977781, 11.97067397499776 ], [ 76.453947243902718, 11.970647931023274 ], [ 76.454315576035953, 11.97147839398038 ], [ 76.454429072377465, 11.971734289040763 ], [ 76.455258334965478, 11.973449187535792 ], [ 76.455338376663491, 11.973811286970738 ], [ 76.455406437795588, 11.974019654140209 ], [ 76.455406822973657, 11.974034312571634 ], [ 76.455409021617342, 11.974117900692129 ], [ 76.455420447742739, 11.974552369088842 ], [ 76.455341794743859, 11.975199572928636 ], [ 76.455660591157454, 11.976420110161783 ], [ 76.455824803803338, 11.97709072422392 ], [ 76.455825169937825, 11.977092219465325 ], [ 76.456034518893304, 11.977947158759902 ], [ 76.456521843328773, 11.979599602992494 ], [ 76.456612111021798, 11.979914979335829 ], [ 76.456633802070627, 11.979990763388933 ], [ 76.457100020367776, 11.981619615055152 ], [ 76.45719152817459, 11.982161426279101 ], [ 76.457241863094097, 11.982459456377741 ], [ 76.457332892695149, 11.982998428454911 ], [ 76.457345643202757, 11.983073923470975 ], [ 76.457397318687185, 11.983379886966805 ], [ 76.457649446707464, 11.984763245470777 ], [ 76.457664304189919, 11.984844762345723 ], [ 76.457667771553346, 11.984848676110069 ], [ 76.458171681869345, 11.985417558581982 ], [ 76.458847465444691, 11.985442635637058 ], [ 76.459404966869201, 11.985339186225071 ], [ 76.459994912565378, 11.985105679019306 ], [ 76.460608974252224, 11.985186684607493 ], [ 76.460752260713335, 11.985266839179779 ], [ 76.460782958913526, 11.985284011951418 ], [ 76.461483368650065, 11.985675818226957 ], [ 76.46223713486323, 11.986272050511202 ], [ 76.462410632786018, 11.986323787959048 ], [ 76.462727813375338, 11.986418372065879 ], [ 76.462760632221062, 11.986429418400004 ], [ 76.46271181392737, 11.986630456943123 ], [ 76.462846639667035, 11.986674830744075 ], [ 76.46300693461437, 11.986727586894126 ], [ 76.463029326254428, 11.986730457004345 ], [ 76.463184880481492, 11.986750395712864 ], [ 76.463365558352848, 11.986773554484317 ], [ 76.463365750595685, 11.986773443183845 ], [ 76.463519395419567, 11.986684795006592 ], [ 76.463703718169683, 11.986746832050885 ], [ 76.46491045678853, 11.986907446391628 ], [ 76.465435990787867, 11.987000903344839 ], [ 76.465428868834053, 11.986823327508457 ], [ 76.465428410403518, 11.986811889836876 ], [ 76.465425841562933, 11.986747842862185 ], [ 76.465424948081321, 11.986725555944446 ], [ 76.465421488493519, 11.986653510823201 ] ] ] } },
{ "type": "Feature", "properties": { "OBJECTID": 21811, "KGISVillageID": 27818, "KGISVillageCode": "2608030024", "KGISVillageName": "Benigere", "KGISHobliID": 881, "UniqueVillageCode": "2608030024_1", "Bhucode": "260501005009", "CensusVillageCode": "2957705573618996", "BhoomiVillageCode": "2608030024", "created_user": null, "created_date": null, "last_edited_user": "SURESHBV2", "last_edited_date": 1724226112000.0, "LGDGPCode": "219460", "LGDGPCode_Secondary": null, "Category": "Cadastral data available and has bhoomi linkage", "SHAPE.STArea()": 3795973.59261879, "SHAPE.STLength()": 9662.9159450979823, "LGD_VillageCode": 618996.0, "_overlap_percent": 99.303917915474344, "_police_station": "Saragur PS", "_police_feature_index": "506", "_admin_layer": "Village", "_geometry_clipped": true }, "geometry": { "type": "Polygon", "coordinates": [ [ [ 76.493349754812385, 11.970589658937465 ], [ 76.493192216944195, 11.970574865506633 ], [ 76.492689323495071, 11.970527761854877 ], [ 76.492662255698448, 11.97052522626073 ], [ 76.492225217816468, 11.970484290483078 ], [ 76.490260606771798, 11.970300850972819 ], [ 76.49016531067123, 11.970291952293136 ], [ 76.489661600793085, 11.970244917941219 ], [ 76.489488153573404, 11.970228744098018 ], [ 76.48882623373261, 11.970167041794095 ], [ 76.488836297469717, 11.970517031248827 ], [ 76.488751357620373, 11.971086323643213 ], [ 76.48855065800619, 11.972431457050954 ], [ 76.488546143413771, 11.972461717286716 ], [ 76.488455468549844, 11.973069440932822 ], [ 76.488391439067016, 11.973098545213153 ], [ 76.488278576490302, 11.973088230347436 ], [ 76.488134588280644, 11.97307507007406 ], [ 76.487877177166169, 11.973058434167861 ], [ 76.487782940402468, 11.973052344402946 ], [ 76.48775865898844, 11.973050775386577 ], [ 76.487105291986367, 11.973008549380278 ], [ 76.486513758977409, 11.972990916329096 ], [ 76.486502635652982, 11.972728984908185 ], [ 76.486496596482283, 11.972586759393046 ], [ 76.48649387303081, 11.972522615371059 ], [ 76.486490793519309, 11.972450113388879 ], [ 76.486485779941603, 11.972332051585855 ], [ 76.486477754132295, 11.972143039711954 ], [ 76.486153919759019, 11.972159085147037 ], [ 76.486038729240477, 11.972164792573157 ], [ 76.484865917106617, 11.972222899798297 ], [ 76.484833743853287, 11.972221904790056 ], [ 76.484833038526332, 11.972221883210342 ], [ 76.484776364423055, 11.972222506890025 ], [ 76.484054143147148, 11.972230450855005 ], [ 76.483610651802323, 11.972235327576227 ], [ 76.482981457153912, 11.972236195122251 ], [ 76.48242428446946, 11.972261617342092 ], [ 76.482418660492499, 11.972261664244192 ], [ 76.482384737583246, 11.972261947504883 ], [ 76.482052862321339, 11.972264717522485 ], [ 76.481988617668264, 11.972265253170535 ], [ 76.481988611193103, 11.972259011559739 ], [ 76.481988573781521, 11.972220815131887 ], [ 76.481987707992872, 11.972220835979696 ], [ 76.481986481379948, 11.972220865062456 ], [ 76.481928338565027, 11.97221148163057 ], [ 76.481903653897618, 11.972136930189386 ], [ 76.481854038152377, 11.972133827410056 ], [ 76.48159213149782, 11.972117448007642 ], [ 76.480889860102195, 11.972073468394003 ], [ 76.480754056244862, 11.972064955810259 ], [ 76.480637009269117, 11.972057614351867 ], [ 76.480636282596194, 11.972057551287291 ], [ 76.480634621984308, 11.972125423517101 ], [ 76.480634194939583, 11.972142779254165 ], [ 76.480633378386699, 11.972175952719503 ], [ 76.480626930460161, 11.972437969648732 ], [ 76.480634279244924, 11.972548591736757 ], [ 76.480673135927361, 11.973133512192213 ], [ 76.480675650963221, 11.973244270989543 ], [ 76.480676115900053, 11.973264726566871 ], [ 76.480679698878632, 11.973422524428237 ], [ 76.480682596793741, 11.973550132927304 ], [ 76.480675551334315, 11.97370662809463 ], [ 76.480671475772439, 11.973800629626442 ], [ 76.480641131487232, 11.974217905307832 ], [ 76.48062716252673, 11.974409989285853 ], [ 76.480625458300864, 11.974433430680486 ], [ 76.480593703583793, 11.974870097806567 ], [ 76.480593411394878, 11.974874109770589 ], [ 76.480587379461483, 11.97495706223209 ], [ 76.480575074320925, 11.975128066436923 ], [ 76.480573461806841, 11.975150475811608 ], [ 76.480572360624663, 11.975165780171448 ], [ 76.480547396020071, 11.975512701316864 ], [ 76.480525758023177, 11.97581339283688 ], [ 76.480525218536414, 11.975820892171482 ], [ 76.480519954121263, 11.975894042349337 ], [ 76.480466804439416, 11.976086361222485 ], [ 76.480464483465681, 11.976167853012418 ], [ 76.480451308177777, 11.976185694638348 ], [ 76.480435161560919, 11.976206429583222 ], [ 76.480392116353343, 11.976261704317904 ], [ 76.480394474484129, 11.976298969980444 ], [ 76.480433637149829, 11.976917793759497 ], [ 76.480439024588065, 11.977002923474101 ], [ 76.480447136830719, 11.977131096581122 ], [ 76.480455917294691, 11.977269836455219 ], [ 76.480456511852239, 11.977274974718643 ], [ 76.480489637871472, 11.9777650945265 ], [ 76.4806679221103, 11.977850392396263 ], [ 76.480687552776274, 11.97786203339032 ], [ 76.48074231211703, 11.977894507388504 ], [ 76.480742214370196, 11.97789527454958 ], [ 76.480749033606216, 11.977898517565908 ], [ 76.480726975803435, 11.978014585480063 ], [ 76.480726664038471, 11.978017026286725 ], [ 76.480724649510805, 11.978026826113187 ], [ 76.480657798033135, 11.978352053978863 ], [ 76.480626807228063, 11.978502823586537 ], [ 76.48054927432446, 11.978991187133293 ], [ 76.480522883195206, 11.979188670656123 ], [ 76.480517412974166, 11.979229602940634 ], [ 76.480514281740241, 11.979253038307375 ], [ 76.480474712323925, 11.979249594878425 ], [ 76.480442361150025, 11.97924677961657 ], [ 76.480322627114745, 11.979215701947236 ], [ 76.480297365313731, 11.979648316172867 ], [ 76.480288322858996, 11.979803161093418 ], [ 76.480277981926903, 11.979980245571031 ], [ 76.48028145065544, 11.980032572460972 ], [ 76.480282009941888, 11.980041010737233 ], [ 76.480306534026155, 11.980410927482746 ], [ 76.480320090788524, 11.980615418960394 ], [ 76.480326548980244, 11.980712827394894 ], [ 76.480328872392363, 11.980720950780206 ], [ 76.480384881355675, 11.980916756009012 ], [ 76.480390873176972, 11.981014514059801 ], [ 76.480385301432648, 11.981075578536766 ], [ 76.480327487126289, 11.981709237336103 ], [ 76.480326374521411, 11.98172143358738 ], [ 76.480315215469062, 11.981843743434126 ], [ 76.480294868964009, 11.982040349722917 ], [ 76.480293623243412, 11.982052383946009 ], [ 76.480277807672138, 11.982205207884313 ], [ 76.480236391469504, 11.982605415391165 ], [ 76.480227644049165, 11.982669636447687 ], [ 76.480220940666015, 11.98271885102846 ], [ 76.480261032383467, 11.982720141817275 ], [ 76.481025140879922, 11.982745757062006 ], [ 76.481065531377837, 11.982747111248182 ], [ 76.481056749564729, 11.982783262273575 ], [ 76.481030168862475, 11.982892525727815 ], [ 76.480910436148037, 11.983375878702118 ], [ 76.480904853742715, 11.983398414823414 ], [ 76.480891994345669, 11.983450327112646 ], [ 76.480950622832651, 11.983833298820198 ], [ 76.480991908356017, 11.984105704985161 ], [ 76.480990639798392, 11.984125333447135 ], [ 76.480988988496975, 11.984150889153041 ], [ 76.480986772441241, 11.984185200066081 ], [ 76.48102636030778, 11.984190209981318 ], [ 76.48104827924017, 11.984192984416387 ], [ 76.481649145202553, 11.98426241672766 ], [ 76.481733441901525, 11.984272040423322 ], [ 76.482256566397979, 11.984584471052003 ], [ 76.482305764094505, 11.984613864005752 ], [ 76.482140388191098, 11.984757843586841 ], [ 76.482074656545507, 11.984815070292083 ], [ 76.482140099434318, 11.984798824406313 ], [ 76.482805638672275, 11.984633608241749 ], [ 76.483387443369978, 11.984426037445873 ], [ 76.483822503280649, 11.984270820212105 ], [ 76.483843515779355, 11.984263323670055 ], [ 76.484288670279312, 11.984104503876244 ], [ 76.484341574860011, 11.984094859377739 ], [ 76.484672997575316, 11.984034438196906 ], [ 76.485337130407146, 11.983913360060081 ], [ 76.485338241804342, 11.983913242969564 ], [ 76.4853683146451, 11.983910066713706 ], [ 76.486449748662537, 11.983795853178965 ], [ 76.487373754888381, 11.984030696817367 ], [ 76.487738457800191, 11.984164769235324 ], [ 76.487740786658932, 11.984165625671617 ], [ 76.488718778012114, 11.984525152347022 ], [ 76.489130580607792, 11.98530614838735 ], [ 76.488942471752807, 11.985586136083139 ], [ 76.488594614240441, 11.986103900096989 ], [ 76.488437583422723, 11.986295030643847 ], [ 76.48803122520583, 11.986789627440416 ], [ 76.488017533922672, 11.986806291451529 ], [ 76.48738185307711, 11.987580002392896 ], [ 76.486979428226419, 11.98877501699727 ], [ 76.486956832564417, 11.989012919904065 ], [ 76.486950429366772, 11.989080336145001 ], [ 76.486890246231184, 11.989713981687606 ], [ 76.487074569879255, 11.98989282230413 ], [ 76.487310180670875, 11.99027644458325 ], [ 76.487317372683833, 11.990288154638561 ], [ 76.487363809457563, 11.99036376311172 ], [ 76.487539590965056, 11.990647515011135 ], [ 76.487626017195367, 11.990785960092863 ], [ 76.487658287233273, 11.990941781332475 ], [ 76.487653020066404, 11.991095470391203 ], [ 76.487712770753959, 11.991105081369424 ], [ 76.487772412065183, 11.991114673930189 ], [ 76.487811957074527, 11.991177349278214 ], [ 76.487875870726455, 11.991278647634507 ], [ 76.487896243945343, 11.991289652989991 ], [ 76.488032959153799, 11.991363505125207 ], [ 76.488180754450525, 11.991339999896736 ], [ 76.488405896232678, 11.991304194257244 ], [ 76.488921468109183, 11.991124920913837 ], [ 76.490258532301596, 11.991164578921207 ], [ 76.49051590934458, 11.991172211845951 ], [ 76.490575670025621, 11.991190490251979 ], [ 76.490653689699016, 11.991214353461242 ], [ 76.491696252108909, 11.99153323141654 ], [ 76.491678474491124, 11.991476219519258 ], [ 76.491611342541475, 11.991260934993583 ], [ 76.491586573238067, 11.991181070494601 ], [ 76.491577150932102, 11.99111797407663 ], [ 76.491570994007219, 11.991076740606021 ], [ 76.491567986632617, 11.991067069305675 ], [ 76.491506360439956, 11.990657139862778 ], [ 76.49155577158362, 11.990484525402149 ], [ 76.491564481627194, 11.990454102685915 ], [ 76.491792898470706, 11.989656145790724 ], [ 76.491827516467893, 11.989591313170004 ], [ 76.492011539878902, 11.98924667455614 ], [ 76.492033984352886, 11.989204641998052 ], [ 76.492332531986321, 11.989294613558394 ], [ 76.493178702547354, 11.989409574212299 ], [ 76.493239406483795, 11.990638765178803 ], [ 76.493840086010422, 11.990799328142129 ], [ 76.4940273022914, 11.991938078887605 ], [ 76.495694573514072, 11.992139639561827 ], [ 76.49578488064914, 11.992157667752256 ], [ 76.495784254791062, 11.992090760121469 ], [ 76.49586382599135, 11.991887342939698 ], [ 76.496089508166023, 11.991310392217866 ], [ 76.496243513428098, 11.990916684059393 ], [ 76.496266449298687, 11.990859617770898 ], [ 76.496306537904687, 11.990759873395811 ], [ 76.496791726370034, 11.989552682895534 ], [ 76.497013349418523, 11.989010604813295 ], [ 76.4972455638448, 11.98844998209225 ], [ 76.49726588521473, 11.988399232268396 ], [ 76.497288530885314, 11.988338954110178 ], [ 76.497302576567321, 11.988301565954922 ], [ 76.497306676244733, 11.988290653789974 ], [ 76.497453801897208, 11.987899030643709 ], [ 76.497690728545876, 11.987268368875913 ], [ 76.49776650300528, 11.987055477320444 ], [ 76.497794235223083, 11.986977562217414 ], [ 76.498050423957494, 11.986257791263972 ], [ 76.498060256332977, 11.986235543229899 ], [ 76.498094476882898, 11.986158106922147 ], [ 76.498149076723251, 11.985994257816017 ], [ 76.498170442211688, 11.985930140979942 ], [ 76.498180740147589, 11.985899239549845 ], [ 76.498216666343239, 11.985791427803441 ], [ 76.498300053231247, 11.98554119234544 ], [ 76.498334819478444, 11.985436861079064 ], [ 76.498395671887977, 11.98525424920277 ], [ 76.498405629216208, 11.985224367556482 ], [ 76.498552589741379, 11.984783350145699 ], [ 76.498715972152581, 11.984344797013415 ], [ 76.498763072804209, 11.984240368107947 ], [ 76.4987909485872, 11.984140799165846 ], [ 76.498796131756933, 11.984141208100814 ], [ 76.498814278362985, 11.984142639794976 ], [ 76.498941341361657, 11.984152665944228 ], [ 76.499195336567055, 11.984010382138816 ], [ 76.499229720286309, 11.983990115213627 ], [ 76.499353717349621, 11.983854264494296 ], [ 76.499369982781815, 11.983688466633829 ], [ 76.499554944861472, 11.981803125493945 ], [ 76.499571026305603, 11.981639238256724 ], [ 76.499640571337579, 11.980960550116739 ], [ 76.499681910554514, 11.980501892609738 ], [ 76.499695304939351, 11.980353280193311 ], [ 76.499707762277168, 11.980215073038414 ], [ 76.499786163947959, 11.979520135021319 ], [ 76.499865145488982, 11.978702706194186 ], [ 76.500082926027218, 11.977906648798154 ], [ 76.500177995624128, 11.977415113492839 ], [ 76.50028083738647, 11.976883383892769 ], [ 76.500256731557442, 11.974330975865643 ], [ 76.500777209950229, 11.97239712132429 ], [ 76.500962340764119, 11.971709275701713 ], [ 76.499555665240422, 11.971739987002705 ], [ 76.498548090113857, 11.971762349251332 ], [ 76.49799451245137, 11.971647534917185 ], [ 76.497983884603357, 11.971645330632583 ], [ 76.497905049526466, 11.971628979601787 ], [ 76.496787910985347, 11.971397274954795 ], [ 76.496190157543964, 11.97114788459295 ], [ 76.49606158351321, 11.971120421249594 ], [ 76.495233752354864, 11.970786959884828 ], [ 76.494185462460081, 11.970674924436839 ], [ 76.493908431065719, 11.970651656991764 ], [ 76.493587345135566, 11.97062468829005 ], [ 76.493495662334382, 11.970616986583124 ], [ 76.493466783497567, 11.970607880073379 ], [ 76.493391179927826, 11.970600691209707 ], [ 76.49339222846541, 11.970593762438403 ], [ 76.493349754812385, 11.970589658937465 ] ] ] } },
{ "type": "Feature", "properties": { "OBJECTID": 21818, "KGISVillageID": 27825, "KGISVillageCode": "2608030043", "KGISVillageName": "Halasuru", "KGISHobliID": 881, "UniqueVillageCode": "2608030043_1", "Bhucode": "260501005016", "CensusVillageCode": "2957705573618994", "BhoomiVillageCode": "2608030043", "created_user": "SA", "created_date": 1556019584000.0, "last_edited_user": "SURESHBV2", "last_edited_date": 1724226113000.0, "LGDGPCode": "273307", "LGDGPCode_Secondary": null, "Category": "Cadastral data available and has bhoomi linkage", "SHAPE.STArea()": 6226999.9782407647, "SHAPE.STLength()": 10877.420573785421, "LGD_VillageCode": 618994.0, "_overlap_percent": 99.999999999999957, "_police_station": "Saragur PS", "_police_feature_index": "506", "_admin_layer": "Village", "_geometry_clipped": true }, "geometry": { "type": "Polygon", "coordinates": [ [ [ 76.467344679354625, 11.987297207860202 ], [ 76.467328553853093, 11.987298874438542 ], [ 76.467289983913915, 11.987288590185088 ], [ 76.467162560867763, 11.987254614611579 ], [ 76.466368692705728, 11.987143269273043 ], [ 76.465669519125356, 11.987036548656739 ], [ 76.465566496669879, 11.987020823448626 ], [ 76.465435990787867, 11.987000903344839 ], [ 76.46491045678853, 11.986907446391628 ], [ 76.463703718169683, 11.986746832050885 ], [ 76.463519395419567, 11.986684795006592 ], [ 76.463365750595685, 11.986773443183845 ], [ 76.463365558352848, 11.986773554484317 ], [ 76.463184880481492, 11.986750395712864 ], [ 76.463029326254428, 11.986730457004345 ], [ 76.46300693461437, 11.986727586894126 ], [ 76.462846639667035, 11.986674830744075 ], [ 76.46271181392737, 11.986630456943123 ], [ 76.462760632221062, 11.986429418400004 ], [ 76.462727813375338, 11.986418372065879 ], [ 76.462410632786018, 11.986323787959048 ], [ 76.46223713486323, 11.986272050511202 ], [ 76.461483368650065, 11.985675818226957 ], [ 76.460782958913526, 11.985284011951418 ], [ 76.460752260713335, 11.985266839179779 ], [ 76.460608974252224, 11.985186684607493 ], [ 76.459994912565378, 11.985105679019306 ], [ 76.459404966869201, 11.985339186225071 ], [ 76.458847465444691, 11.985442635637058 ], [ 76.458171681869345, 11.985417558581982 ], [ 76.457667771553346, 11.984848676110069 ], [ 76.457664304189919, 11.984844762345723 ], [ 76.457649446707464, 11.984763245470777 ], [ 76.457397318687185, 11.983379886966805 ], [ 76.457345643202757, 11.983073923470975 ], [ 76.457332892695149, 11.982998428454911 ], [ 76.457241863094097, 11.982459456377741 ], [ 76.45719152817459, 11.982161426279101 ], [ 76.457100020367776, 11.981619615055152 ], [ 76.456633802070627, 11.979990763388933 ], [ 76.456612111021798, 11.979914979335829 ], [ 76.456521843328773, 11.979599602992494 ], [ 76.456034518893304, 11.977947158759902 ], [ 76.455825169937825, 11.977092219465325 ], [ 76.455824803803338, 11.97709072422392 ], [ 76.455660591157454, 11.976420110161783 ], [ 76.455341794743859, 11.975199572928636 ], [ 76.455420447742739, 11.974552369088842 ], [ 76.455409021617342, 11.974117900692129 ], [ 76.455406822973657, 11.974034312571634 ], [ 76.455406437795588, 11.974019654140209 ], [ 76.455338376663491, 11.973811286970738 ], [ 76.455258334965478, 11.973449187535792 ], [ 76.454429072377465, 11.971734289040763 ], [ 76.454315576035953, 11.97147839398038 ], [ 76.453947243902718, 11.970647931023274 ], [ 76.453811378227073, 11.970609983384294 ], [ 76.453535500694983, 11.970698410150543 ], [ 76.453237533769936, 11.970793916985718 ], [ 76.452757402618786, 11.970961438917016 ], [ 76.452706351250342, 11.970996769593819 ], [ 76.451334389907998, 11.972058955173411 ], [ 76.450853025729543, 11.972431628470273 ], [ 76.450779771578723, 11.972488342036288 ], [ 76.449543555114545, 11.973401626848162 ], [ 76.448883887974134, 11.973888967632272 ], [ 76.448774004069165, 11.974196981176439 ], [ 76.448627063983452, 11.974527146091557 ], [ 76.448558299547201, 11.975051773146786 ], [ 76.448239099587809, 11.975244063153987 ], [ 76.44822693763885, 11.975251390204852 ], [ 76.447333300919638, 11.975789724653456 ], [ 76.447171181461215, 11.975831061254315 ], [ 76.445977901875438, 11.976134853403563 ], [ 76.445815537655335, 11.976176188718339 ], [ 76.445297233768656, 11.976491560653558 ], [ 76.444805601685147, 11.976790702672748 ], [ 76.443704197069138, 11.977460864764199 ], [ 76.443354266304581, 11.977632319982092 ], [ 76.442218253299956, 11.978188925026181 ], [ 76.442231515818818, 11.978219865718739 ], [ 76.44234711025041, 11.978489551012965 ], [ 76.442382137399363, 11.97857127108197 ], [ 76.442707480250334, 11.978377646190433 ], [ 76.442758249345857, 11.978347431061099 ], [ 76.442491332341703, 11.981956566278834 ], [ 76.442470549562742, 11.982237580566654 ], [ 76.442395641693281, 11.983250445537447 ], [ 76.442392702944673, 11.983290180344964 ], [ 76.442300951595968, 11.984530797335408 ], [ 76.442298551759521, 11.984563246130541 ], [ 76.442272083293361, 11.984921132516785 ], [ 76.442198462862066, 11.986036241790872 ], [ 76.442197997720214, 11.986043240829773 ], [ 76.442192200341552, 11.986129327863079 ], [ 76.442189302919047, 11.986172350579393 ], [ 76.442098862999003, 11.98751523612896 ], [ 76.442098164170744, 11.987525611286225 ], [ 76.441984955780555, 11.989206566625599 ], [ 76.44198205919615, 11.989249575772677 ], [ 76.441892351023753, 11.990581588636944 ], [ 76.441891446226151, 11.990595026054656 ], [ 76.441817419301358, 11.991694184821235 ], [ 76.44182222376881, 11.991708323338095 ], [ 76.441836047652103, 11.991749017850331 ], [ 76.44183807455515, 11.991754926399354 ], [ 76.441966371225433, 11.992128906701682 ], [ 76.441974602924276, 11.992152902786195 ], [ 76.442429197411485, 11.993478018499209 ], [ 76.442438023385236, 11.993503746418565 ], [ 76.44324268898113, 11.995849258012942 ], [ 76.443276948850524, 11.995949121821486 ], [ 76.443902480029493, 11.997772438350969 ], [ 76.443923096163672, 11.997832529820569 ], [ 76.444485927967918, 11.99947306333384 ], [ 76.444720976420669, 11.999909265690093 ], [ 76.444728755512898, 11.999923701571063 ], [ 76.445639420361331, 12.00161369198052 ], [ 76.445668338165547, 12.00166911148626 ], [ 76.44569561836299, 12.001721394175052 ], [ 76.445872830404468, 12.002061015141479 ], [ 76.446019771237857, 12.002342622466792 ], [ 76.446420639819806, 12.002476747466371 ], [ 76.446470182690589, 12.002485052035983 ], [ 76.446670016981813, 12.002518547313553 ], [ 76.447787999478251, 12.002705936439739 ], [ 76.447868137632199, 12.002684163957401 ], [ 76.447942345356481, 12.002664003365533 ], [ 76.448221508118422, 12.002587884023605 ], [ 76.448257511325721, 12.002578066591425 ], [ 76.448606916973333, 12.002482309385703 ], [ 76.449983999409369, 12.002096523316242 ], [ 76.450061636578994, 12.002074773147793 ], [ 76.451716133914502, 12.001611259365765 ], [ 76.45177932560668, 12.00159355618058 ], [ 76.452273235174971, 12.001455182818466 ], [ 76.453381083142958, 12.001134623716618 ], [ 76.453391690176815, 12.001131554455315 ], [ 76.453761065659847, 12.001024673192363 ], [ 76.45531548877922, 12.000562934055591 ], [ 76.455371376684781, 12.000546332182243 ], [ 76.457589668243074, 11.999887374068242 ], [ 76.457641835116334, 11.999871876938052 ], [ 76.458087815953959, 11.999739393113625 ], [ 76.459602023697727, 11.999311869487194 ], [ 76.460545126338843, 11.999048911235137 ], [ 76.460593014801233, 11.999035558668949 ], [ 76.461267524923258, 11.998847487769496 ], [ 76.462259648280892, 11.998599850672186 ], [ 76.462734082532265, 11.998471992874064 ], [ 76.463569795237717, 11.998232206915887 ], [ 76.463876124495371, 11.998144312691737 ], [ 76.464009316473579, 11.998108596134708 ], [ 76.464171722483528, 11.998065044845138 ], [ 76.464533828152369, 11.997969306506512 ], [ 76.464834608646186, 11.997894947995317 ], [ 76.466047200982658, 11.997611571062254 ], [ 76.466121561187876, 11.997593037887144 ], [ 76.467054760434749, 11.997360448635526 ], [ 76.467187556986516, 11.997328376111286 ], [ 76.467413682472483, 11.99727469621917 ], [ 76.467418840548575, 11.997273471292203 ], [ 76.468610739434496, 11.996990523204687 ], [ 76.46868899979323, 11.996872659121854 ], [ 76.468684436848704, 11.996863033968932 ], [ 76.468560133807216, 11.996592156297204 ], [ 76.468270605557905, 11.995961223095419 ], [ 76.468217903899813, 11.995846376649439 ], [ 76.467698396722668, 11.994714269003698 ], [ 76.467685370061048, 11.994627972756287 ], [ 76.46768077257623, 11.994597514458173 ], [ 76.467659789189611, 11.994458510368142 ], [ 76.467552882910482, 11.99377337718931 ], [ 76.46755280727541, 11.993671765964091 ], [ 76.467552730221684, 11.99356870281523 ], [ 76.467552684659395, 11.99350695442461 ], [ 76.467552649174579, 11.993499883004302 ], [ 76.467550273735355, 11.993028333581421 ], [ 76.467550270171628, 11.993027674535782 ], [ 76.467550098352845, 11.992998786902055 ], [ 76.467535491074372, 11.992601458509293 ], [ 76.467533689851749, 11.992554339875589 ], [ 76.467530062692902, 11.992459437344188 ], [ 76.467528239028368, 11.992411733896484 ], [ 76.467524196891105, 11.992305978413802 ], [ 76.467522800882932, 11.992147486625752 ], [ 76.467522047154233, 11.992063962981046 ], [ 76.467520286490654, 11.991868935258784 ], [ 76.467519037313821, 11.991730630498413 ], [ 76.467518247760864, 11.991645912767147 ], [ 76.46751817536331, 11.991638127326835 ], [ 76.467517873626008, 11.991605757907001 ], [ 76.467516743721816, 11.991480678106203 ], [ 76.467516419711188, 11.991444867926001 ], [ 76.467515029117635, 11.991290931690083 ], [ 76.467514154675854, 11.99118915014734 ], [ 76.467512559798095, 11.991003369239158 ], [ 76.467511721828359, 11.990905783275442 ], [ 76.467512899987796, 11.990886752832134 ], [ 76.46751948545041, 11.990780637882152 ], [ 76.467519788741654, 11.990775757950468 ], [ 76.46753332640867, 11.990557645175604 ], [ 76.467538749609503, 11.990470273995786 ], [ 76.467545306304928, 11.990365122930076 ], [ 76.46755767183636, 11.990166815349717 ], [ 76.467562934894346, 11.990082605624355 ], [ 76.467565131748742, 11.990047491924956 ], [ 76.467551775961383, 11.989950003188246 ], [ 76.467547875342021, 11.989921530162878 ], [ 76.467499860619426, 11.98957105546457 ], [ 76.467490120001031, 11.989488296717084 ], [ 76.467476098127889, 11.989369159967334 ], [ 76.467466545473982, 11.98922552400655 ], [ 76.467417362317562, 11.988486017434512 ], [ 76.467408370531885, 11.988350815268005 ], [ 76.467352388218146, 11.98750905992374 ], [ 76.467343935644564, 11.987373186809524 ], [ 76.467344679354625, 11.987297207860202 ] ] ] } },
{ "type": "Feature", "properties": { "OBJECTID": 21763, "KGISVillageID": 27769, "KGISVillageCode": "2608040046", "KGISVillageName": "Biddalapura", "KGISHobliID": 462, "UniqueVillageCode": "2608040046_1", "Bhucode": "260501003010", "CensusVillageCode": "2957705573619086", "BhoomiVillageCode": "2608040046", "created_user": "SA", "created_date": 1556019584000.0, "last_edited_user": "SURESHBV2", "last_edited_date": 1724226098000.0, "LGDGPCode": "219448", "LGDGPCode_Secondary": null, "Category": "Cadastral data available and has bhoomi linkage", "SHAPE.STArea()": 2560601.5146842799, "SHAPE.STLength()": 7329.4618539302483, "LGD_VillageCode": 619086.0, "_overlap_percent": 99.999999999999972, "_police_station": "Saragur PS", "_police_feature_index": "506", "_admin_layer": "Village", "_geometry_clipped": true }, "geometry": { "type": "Polygon", "coordinates": [ [ [ 76.409737244121729, 11.947628158885371 ], [ 76.410139811710408, 11.947317868884188 ], [ 76.410420937282183, 11.947101182579559 ], [ 76.410643667587891, 11.946929506337138 ], [ 76.410686679943211, 11.94689635354359 ], [ 76.410690616357954, 11.946895498405734 ], [ 76.410719989062656, 11.946889119076543 ], [ 76.410755891883539, 11.946881320995349 ], [ 76.411446531805282, 11.946743093342887 ], [ 76.411642618331726, 11.946724744557168 ], [ 76.411652458601239, 11.946722993634548 ], [ 76.411768147579608, 11.946702409541409 ], [ 76.412047506837865, 11.946580256837036 ], [ 76.412411538630906, 11.946421079938839 ], [ 76.412478671807477, 11.946382538459083 ], [ 76.41254152326421, 11.94634714211281 ], [ 76.412655800940755, 11.946282673955471 ], [ 76.412808692799928, 11.946198051175719 ], [ 76.412861372600304, 11.946179838384877 ], [ 76.413151330763455, 11.946008927231464 ], [ 76.414015331010432, 11.945532609512853 ], [ 76.414070970397944, 11.945501935943005 ], [ 76.414102425063064, 11.945484547571134 ], [ 76.414977999224504, 11.944757327872971 ], [ 76.415013764886851, 11.944727622110367 ], [ 76.415099140538004, 11.944664874406117 ], [ 76.415760363911829, 11.944178897363741 ], [ 76.415769177889558, 11.944177038467238 ], [ 76.415880360399385, 11.94416557607452 ], [ 76.415964017072739, 11.944156951900212 ], [ 76.415997081113332, 11.944153546000557 ], [ 76.416456553599446, 11.94410690639952 ], [ 76.416688015460124, 11.944083410822556 ], [ 76.416818182046015, 11.944070197910655 ], [ 76.417205768949458, 11.944030854677722 ], [ 76.417490658312829, 11.944001934887051 ], [ 76.417573714704162, 11.944001676080553 ], [ 76.41876649545101, 11.943989144569356 ], [ 76.422585062536825, 11.942420011490238 ], [ 76.423421023149032, 11.942076487784128 ], [ 76.425054394079481, 11.941405272347112 ], [ 76.425155846517299, 11.941369173338819 ], [ 76.424221450954519, 11.939371958437299 ], [ 76.424128567297657, 11.939155458287745 ], [ 76.423982416894759, 11.93876659630506 ], [ 76.423671660633616, 11.938218670937502 ], [ 76.423397876580438, 11.937642920050994 ], [ 76.423154972014004, 11.937132103072193 ], [ 76.421636908885503, 11.933939638503805 ], [ 76.421516834927374, 11.933687121766029 ], [ 76.421486056375514, 11.933631282670428 ], [ 76.421400904903138, 11.933476747906974 ], [ 76.421266566984599, 11.93323280781734 ], [ 76.41102661954173, 11.93100457253445 ], [ 76.410696485358088, 11.93093272790756 ], [ 76.410643768826432, 11.930920060971912 ], [ 76.410570588223038, 11.93146542098353 ], [ 76.410168659574495, 11.933917491926204 ], [ 76.40999955390221, 11.935073266699698 ], [ 76.409921774265541, 11.93569651632856 ], [ 76.40989951406651, 11.935874886574535 ], [ 76.409834847883033, 11.936381226679165 ], [ 76.409820113841619, 11.93647046557645 ], [ 76.409705448979679, 11.937164954360989 ], [ 76.409601098507707, 11.937796967583942 ], [ 76.409572201767489, 11.93797198164693 ], [ 76.409190646862385, 11.939911868475573 ], [ 76.40917025324147, 11.940043253696071 ], [ 76.40906531605583, 11.9407340185133 ], [ 76.408153872958025, 11.941515601088994 ], [ 76.40801068699129, 11.941637760214558 ], [ 76.407831268403825, 11.941790716852518 ], [ 76.407746201049861, 11.941863237740991 ], [ 76.407714282576563, 11.941879373751608 ], [ 76.407740274049885, 11.94192684401232 ], [ 76.407362254461134, 11.942072333341603 ], [ 76.406918395503553, 11.942242412077579 ], [ 76.406759499297934, 11.942284805342839 ], [ 76.406639077061783, 11.942316875683975 ], [ 76.406636932486691, 11.942317461416108 ], [ 76.406635545856517, 11.942317957467329 ], [ 76.406630861843084, 11.942319119153927 ], [ 76.406266723734902, 11.942408552701723 ], [ 76.405736336268902, 11.942538817762232 ], [ 76.404685850178595, 11.942796816417619 ], [ 76.402789280254012, 11.943280176497925 ], [ 76.402671620938662, 11.943310520902555 ], [ 76.40272743920724, 11.944507545176423 ], [ 76.40272708792628, 11.944540800366292 ], [ 76.40272699112694, 11.944550000897561 ], [ 76.402726855423992, 11.944570017284981 ], [ 76.402723336060362, 11.945090380922398 ], [ 76.402844577724352, 11.946928994144132 ], [ 76.402837730282272, 11.947004687313227 ], [ 76.402833445743838, 11.947055103725585 ], [ 76.402761443708272, 11.947902304961968 ], [ 76.40273621771982, 11.948209830492864 ], [ 76.403579630358053, 11.948699730880296 ], [ 76.403615266432965, 11.9487204301766 ], [ 76.404707348892956, 11.948639760748982 ], [ 76.406243860969582, 11.948719532041929 ], [ 76.406285331745252, 11.949057275623382 ], [ 76.406297705461924, 11.949102842277536 ], [ 76.406302072334341, 11.949119019025165 ], [ 76.407523650723078, 11.949278814164103 ], [ 76.407523860959543, 11.949250374030933 ], [ 76.407555132726088, 11.94922762234669 ], [ 76.407568159725926, 11.949218143697371 ], [ 76.407640040118267, 11.949165846314873 ], [ 76.409737244121729, 11.947628158885371 ] ] ] } },
{ "type": "Feature", "properties": { "OBJECTID": 21781, "KGISVillageID": 27788, "KGISVillageCode": "2608040045", "KGISVillageName": "Konanalthuru", "KGISHobliID": 462, "UniqueVillageCode": "2608040045_1", "Bhucode": "260501003031", "CensusVillageCode": "2957705573619090", "BhoomiVillageCode": "2608040045", "created_user": "SA", "created_date": 1556019584000.0, "last_edited_user": "SURESHBV2", "last_edited_date": 1724226098000.0, "LGDGPCode": "219448", "LGDGPCode_Secondary": null, "Category": "Cadastral data available and has bhoomi linkage", "SHAPE.STArea()": 1425200.6188171301, "SHAPE.STLength()": 5637.0505493492965, "LGD_VillageCode": 619090.0, "_overlap_percent": 100.00000000000007, "_police_station": "Saragur PS", "_police_feature_index": "506", "_admin_layer": "Village", "_geometry_clipped": true }, "geometry": { "type": "Polygon", "coordinates": [ [ [ 76.443574791015024, 11.955385649812436 ], [ 76.443672881501556, 11.954819904679418 ], [ 76.443684532493819, 11.954752707100276 ], [ 76.443585116433994, 11.953979538443692 ], [ 76.44349406430031, 11.953220440223919 ], [ 76.443477647958645, 11.953074065826618 ], [ 76.443450606425387, 11.952832948967377 ], [ 76.443440893869621, 11.952746343037251 ], [ 76.44349742677754, 11.952139823302746 ], [ 76.443559190068825, 11.951475358758778 ], [ 76.44358032841879, 11.951247519312979 ], [ 76.443542747147106, 11.950884572442998 ], [ 76.443511104871462, 11.950525962634222 ], [ 76.443487526171609, 11.950225737401007 ], [ 76.443458089502528, 11.94989188433749 ], [ 76.443451231712686, 11.949814101977946 ], [ 76.443433946611819, 11.949618053812044 ], [ 76.443376723077307, 11.949515159043212 ], [ 76.443212224104244, 11.949219370633314 ], [ 76.443147106527164, 11.948836256700709 ], [ 76.443126286192651, 11.948713759809513 ], [ 76.443106325068896, 11.948597806737956 ], [ 76.443036740480778, 11.948371657287042 ], [ 76.443012936522521, 11.94829429642215 ], [ 76.443005984704357, 11.948271702143364 ], [ 76.442925658859735, 11.948240642751946 ], [ 76.442865693924631, 11.948180522074372 ], [ 76.442815010619114, 11.948129719974975 ], [ 76.442799178383069, 11.948130214426737 ], [ 76.442651954908172, 11.948134809899171 ], [ 76.44210399281954, 11.948151915061183 ], [ 76.44170266941984, 11.948089153682123 ], [ 76.441521759378247, 11.948060861943015 ], [ 76.4413999764582, 11.948041816591831 ], [ 76.441356978522521, 11.948035092005382 ], [ 76.441248952242717, 11.948042874175389 ], [ 76.441226145799078, 11.948067718599592 ], [ 76.441024800379196, 11.948287055447398 ], [ 76.441024373985826, 11.948295667175978 ], [ 76.440998725223807, 11.948813589917689 ], [ 76.440973845685647, 11.948817126784194 ], [ 76.4407841218718, 11.948844100043368 ], [ 76.440673407569051, 11.9488598399521 ], [ 76.440537252195341, 11.948879197277153 ], [ 76.440420035711867, 11.948810788920127 ], [ 76.440400661120691, 11.948799481471694 ], [ 76.440329611200411, 11.948791255109072 ], [ 76.440305850718232, 11.948788503736164 ], [ 76.440152897796054, 11.948770793844304 ], [ 76.439926798609122, 11.948741872928361 ], [ 76.439453734384259, 11.948681362803452 ], [ 76.439387230643959, 11.948610967398016 ], [ 76.439380200441278, 11.948603549274996 ], [ 76.43933891853446, 11.948559986113219 ], [ 76.439275679963899, 11.948493253552691 ], [ 76.439233301187983, 11.948448534247389 ], [ 76.438644661161604, 11.948365982782946 ], [ 76.438554253313569, 11.948352346499542 ], [ 76.438267671156808, 11.948309122075075 ], [ 76.43749506515374, 11.948192588655781 ], [ 76.43708355403524, 11.948472768597311 ], [ 76.437270535728857, 11.948727064845224 ], [ 76.436333580291929, 11.949065645798431 ], [ 76.436064962499955, 11.949072916072415 ], [ 76.435534317662274, 11.949050722834675 ], [ 76.434341101296624, 11.94898358022802 ], [ 76.434290859127586, 11.948980752865911 ], [ 76.432730749917596, 11.948892956983988 ], [ 76.432453754067197, 11.948901576526604 ], [ 76.432392077022413, 11.948903495681721 ], [ 76.432293574047961, 11.948906560862484 ], [ 76.426735175197976, 11.94907947362573 ], [ 76.426692699913502, 11.949079812246225 ], [ 76.426693287453531, 11.949081196127814 ], [ 76.426714054183691, 11.949130139951416 ], [ 76.428495672652957, 11.953372887253401 ], [ 76.428497833539197, 11.953378033153703 ], [ 76.428585655452878, 11.953593653310655 ], [ 76.428969025871154, 11.954534897588095 ], [ 76.429941811580747, 11.956424049889881 ], [ 76.430145237703599, 11.956831818278367 ], [ 76.433473949557211, 11.956545073011908 ], [ 76.433819232285913, 11.956515445630002 ], [ 76.434881319174622, 11.956461554063228 ], [ 76.434999141306122, 11.956455575463211 ], [ 76.435496970025653, 11.956271360759507 ], [ 76.435508191103978, 11.956270256476774 ], [ 76.435933463107432, 11.956228393204809 ], [ 76.436791528823221, 11.956248612644975 ], [ 76.43680272999859, 11.955583951783133 ], [ 76.436977744164068, 11.955602240935848 ], [ 76.437023196033891, 11.955606921142932 ], [ 76.437143163743286, 11.955625170895248 ], [ 76.437269190036304, 11.955644341584751 ], [ 76.437958858913575, 11.955718122703402 ], [ 76.438419321656468, 11.955744472827252 ], [ 76.438958587783603, 11.95577560241963 ], [ 76.439208207287123, 11.955790132957272 ], [ 76.439300349541497, 11.95583210996678 ], [ 76.439450845454417, 11.955900659792809 ], [ 76.439702342735302, 11.956015201198039 ], [ 76.439936201771616, 11.956138992012722 ], [ 76.440137065038414, 11.956200580337345 ], [ 76.440432665680561, 11.956291283938084 ], [ 76.440643306599156, 11.956392689772903 ], [ 76.440873502987372, 11.956503525890135 ], [ 76.441207843580401, 11.956597773624519 ], [ 76.441503638835599, 11.956681230631327 ], [ 76.441575289372224, 11.956741798593709 ], [ 76.441626057380688, 11.956784714029402 ], [ 76.441689893848732, 11.956838656303617 ], [ 76.441877273195885, 11.95699699369297 ], [ 76.442041619242616, 11.957201901638454 ], [ 76.442101786911863, 11.957547076951172 ], [ 76.44215879689429, 11.957872288325442 ], [ 76.44222763922005, 11.957988511048942 ], [ 76.44232124038561, 11.958146532270884 ], [ 76.442595420167805, 11.958298771755326 ], [ 76.442736320010482, 11.958377006334484 ], [ 76.443037319908157, 11.958461287251957 ], [ 76.443093927581373, 11.958287396283373 ], [ 76.443132067518434, 11.958044448249396 ], [ 76.443153203755983, 11.957912295498847 ], [ 76.443157453744391, 11.957885720902684 ], [ 76.443242101620896, 11.957356460238557 ], [ 76.443277019912998, 11.957142357976629 ], [ 76.443378399630731, 11.956533027576047 ], [ 76.44350038994375, 11.955814766527054 ], [ 76.443574791015024, 11.955385649812436 ] ] ] } },
{ "type": "Feature", "properties": { "OBJECTID": 21767, "KGISVillageID": 27773, "KGISVillageCode": "2608040043", "KGISVillageName": "Haliyuru", "KGISHobliID": 462, "UniqueVillageCode": "2608040043_1", "Bhucode": "260501003016", "CensusVillageCode": "2957705573619087", "BhoomiVillageCode": "2608040043", "created_user": "SA", "created_date": 1556019584000.0, "last_edited_user": "SURESHBV2", "last_edited_date": 1724226098000.0, "LGDGPCode": "219448", "LGDGPCode_Secondary": null, "Category": "Cadastral data available and has bhoomi linkage", "SHAPE.STArea()": 5477015.5177577147, "SHAPE.STLength()": 10505.815407729373, "LGD_VillageCode": 619087.0, "_overlap_percent": 99.999999999999972, "_police_station": "Saragur PS", "_police_feature_index": "506", "_admin_layer": "Village", "_geometry_clipped": true }, "geometry": { "type": "Polygon", "coordinates": [ [ [ 76.420573223804254, 11.963906094417183 ], [ 76.427510527987721, 11.964186927847146 ], [ 76.427749318025647, 11.963554746675859 ], [ 76.427865174048193, 11.963230125951458 ], [ 76.427977719799301, 11.962908865340681 ], [ 76.42843799551207, 11.961483000233832 ], [ 76.429667481700875, 11.957847210136187 ], [ 76.429913166890898, 11.957207545977724 ], [ 76.429964567531272, 11.957098835955259 ], [ 76.430075213059808, 11.956864827625269 ], [ 76.430088554728172, 11.956836700586512 ], [ 76.430145237703599, 11.956831818278367 ], [ 76.429941811580747, 11.956424049889881 ], [ 76.428969025871154, 11.954534897588095 ], [ 76.428585655452878, 11.953593653310655 ], [ 76.428497833539197, 11.953378033153703 ], [ 76.428495672652957, 11.953372887253401 ], [ 76.426714054183691, 11.949130139951416 ], [ 76.426693287453531, 11.949081196127814 ], [ 76.426692699913502, 11.949079812246225 ], [ 76.42643758078205, 11.948604290831938 ], [ 76.426410716090572, 11.948554217086608 ], [ 76.426393730722381, 11.948518635381786 ], [ 76.426102373451457, 11.947908300520197 ], [ 76.426002028011467, 11.947698095722163 ], [ 76.425664375652104, 11.946990773461765 ], [ 76.425461613309665, 11.946518259686574 ], [ 76.425301626629675, 11.945120573326875 ], [ 76.425286751510285, 11.944903265212304 ], [ 76.42528706639574, 11.944554235392642 ], [ 76.425289685677072, 11.941654191150507 ], [ 76.425209601274432, 11.941484069526874 ], [ 76.425155846517299, 11.941369173338819 ], [ 76.425054394079481, 11.941405272347112 ], [ 76.423421023149032, 11.942076487784128 ], [ 76.422585062536825, 11.942420011490238 ], [ 76.41876649545101, 11.943989144569356 ], [ 76.417573714704162, 11.944001676080553 ], [ 76.417490658312829, 11.944001934887051 ], [ 76.417205768949458, 11.944030854677722 ], [ 76.416818182046015, 11.944070197910655 ], [ 76.416688015460124, 11.944083410822556 ], [ 76.416456553599446, 11.94410690639952 ], [ 76.415997081113332, 11.944153546000557 ], [ 76.415964017072739, 11.944156951900212 ], [ 76.415880360399385, 11.94416557607452 ], [ 76.415769177889558, 11.944177038467238 ], [ 76.415760363911829, 11.944178897363741 ], [ 76.415099140538004, 11.944664874406117 ], [ 76.415013764886851, 11.944727622110367 ], [ 76.414977999224504, 11.944757327872971 ], [ 76.414102425063064, 11.945484547571134 ], [ 76.414070970397944, 11.945501935943005 ], [ 76.414015331010432, 11.945532609512853 ], [ 76.413151330763455, 11.946008927231464 ], [ 76.412861372600304, 11.946179838384877 ], [ 76.412808692799928, 11.946198051175719 ], [ 76.412655800940755, 11.946282673955471 ], [ 76.41254152326421, 11.94634714211281 ], [ 76.412478671807477, 11.946382538459083 ], [ 76.412411538630906, 11.946421079938839 ], [ 76.412047506837865, 11.946580256837036 ], [ 76.411768147579608, 11.946702409541409 ], [ 76.411652458601239, 11.946722993634548 ], [ 76.411642618331726, 11.946724744557168 ], [ 76.411446531805282, 11.946743093342887 ], [ 76.410755891883539, 11.946881320995349 ], [ 76.410719989062656, 11.946889119076543 ], [ 76.410690616357954, 11.946895498405734 ], [ 76.410686679943211, 11.94689635354359 ], [ 76.410643667587891, 11.946929506337138 ], [ 76.410420937282183, 11.947101182579559 ], [ 76.410139811710408, 11.947317868884188 ], [ 76.409737244121729, 11.947628158885371 ], [ 76.407640040118267, 11.949165846314873 ], [ 76.407568159725926, 11.949218143697371 ], [ 76.407555132726088, 11.94922762234669 ], [ 76.407523860959543, 11.949250374030933 ], [ 76.407523650723078, 11.949278814164103 ], [ 76.407522226975217, 11.949431364014492 ], [ 76.407502563402062, 11.950432834345825 ], [ 76.407459800099446, 11.952005756832884 ], [ 76.407608985330882, 11.952052745354573 ], [ 76.40761130941334, 11.952402758708232 ], [ 76.407402612517274, 11.952478018442319 ], [ 76.407216296169935, 11.952338149643639 ], [ 76.407191587960966, 11.952353909662326 ], [ 76.406956890732474, 11.952503924777533 ], [ 76.404566126164269, 11.954062304737988 ], [ 76.404540026995392, 11.954086697447877 ], [ 76.402121144515803, 11.956135985616173 ], [ 76.401387166756919, 11.95679287860999 ], [ 76.401116106769919, 11.956981359330845 ], [ 76.401021631210767, 11.957047051933687 ], [ 76.401026242080192, 11.957218076023134 ], [ 76.40104260347168, 11.957824971428199 ], [ 76.401042575420007, 11.95785163506668 ], [ 76.401041811715544, 11.958588859458699 ], [ 76.401040759958619, 11.958622858586198 ], [ 76.401021578140245, 11.959037980687633 ], [ 76.401007149419712, 11.959350234022027 ], [ 76.401000223467889, 11.959500132763649 ], [ 76.400977327113822, 11.959995645400252 ], [ 76.400961958232443, 11.960328250919785 ], [ 76.400940191328004, 11.960799322998056 ], [ 76.400930704371177, 11.960880353516819 ], [ 76.400923417159689, 11.960942587825423 ], [ 76.400905498205702, 11.961095892887041 ], [ 76.400908339402449, 11.961275199113652 ], [ 76.400781935432832, 11.9616072430565 ], [ 76.400679176706873, 11.961839022661584 ], [ 76.400586631276951, 11.962047766541634 ], [ 76.400495617007351, 11.962253055459326 ], [ 76.40039962840136, 11.962469563650037 ], [ 76.400352632968506, 11.962575563372534 ], [ 76.400449137187607, 11.963185196069592 ], [ 76.400548073618424, 11.963810192425022 ], [ 76.400553969461441, 11.963847436021654 ], [ 76.400711873106758, 11.964844925958674 ], [ 76.400719367338894, 11.964892269318428 ], [ 76.400764116213963, 11.965109117614936 ], [ 76.400768782827214, 11.965107705636624 ], [ 76.401656639318915, 11.964839059000759 ], [ 76.404028125037513, 11.964121481243509 ], [ 76.404043726430004, 11.96411676068797 ], [ 76.404099335490997, 11.964090114673541 ], [ 76.406021321585428, 11.963169165948299 ], [ 76.405937656556716, 11.962914577264691 ], [ 76.405915896513079, 11.962848362175341 ], [ 76.40714276286019, 11.963018754231758 ], [ 76.407154812381108, 11.963020427869154 ], [ 76.407390769990101, 11.963053197947714 ], [ 76.408067337958329, 11.963147158921117 ], [ 76.408557231744638, 11.963215193667999 ], [ 76.408604341806068, 11.963216043964449 ], [ 76.409042025458902, 11.963223941253771 ], [ 76.40949736476351, 11.963232156036229 ], [ 76.409507889678594, 11.963232345478792 ], [ 76.409716848905575, 11.963236114854233 ], [ 76.409770839622297, 11.96323631561514 ], [ 76.409800067655183, 11.963238892830736 ], [ 76.409801614673555, 11.963239028810534 ], [ 76.411526977948313, 11.963453899559726 ], [ 76.412809877019143, 11.963464967913124 ], [ 76.412977443346435, 11.963467755215888 ], [ 76.413946945940637, 11.963465854538672 ], [ 76.41589596332949, 11.962861906712936 ], [ 76.416214386881194, 11.962761840703678 ], [ 76.415686897320285, 11.965616194471652 ], [ 76.415622337401729, 11.965947054322042 ], [ 76.415732370938372, 11.965961906670652 ], [ 76.418818296781325, 11.964664606862886 ], [ 76.420573223804254, 11.963906094417183 ] ] ] } },
{ "type": "Feature", "properties": { "OBJECTID": 21770, "KGISVillageID": 27776, "KGISVillageCode": "2608040044", "KGISVillageName": "Heggudlu", "KGISHobliID": 462, "UniqueVillageCode": "2608040044_1", "Bhucode": "260501003019", "CensusVillageCode": "2957705573619089", "BhoomiVillageCode": "2608040044", "created_user": "SA", "created_date": 1556019584000.0, "last_edited_user": "SURESHBV2", "last_edited_date": 1724226098000.0, "LGDGPCode": "219460", "LGDGPCode_Secondary": null, "Category": "Cadastral data available and has bhoomi linkage", "SHAPE.STArea()": 2491389.4332108451, "SHAPE.STLength()": 8300.1597740148627, "LGD_VillageCode": 619089.0, "_overlap_percent": 99.999999999999972, "_police_station": "Saragur PS", "_police_feature_index": "506", "_admin_layer": "Village", "_geometry_clipped": true }, "geometry": { "type": "Polygon", "coordinates": [ [ [ 76.4390864882931, 11.981225891590844 ], [ 76.439555048046287, 11.981296989607367 ], [ 76.440343034969729, 11.981579443296793 ], [ 76.440546716390642, 11.981652396091729 ], [ 76.440609287154174, 11.981674800263386 ], [ 76.440614044053788, 11.981629460766287 ], [ 76.44081156193748, 11.979771891018528 ], [ 76.440812659892643, 11.97973823743949 ], [ 76.440793507869458, 11.979511321252764 ], [ 76.441185495920223, 11.979026383639463 ], [ 76.441220683002911, 11.97903788793219 ], [ 76.441318405383058, 11.978877212028829 ], [ 76.44171927575124, 11.978726618122563 ], [ 76.441874550516076, 11.978668331105172 ], [ 76.442180442410503, 11.978553505772117 ], [ 76.442341302730227, 11.978493122159888 ], [ 76.44234711025041, 11.978489551012965 ], [ 76.442231515818818, 11.978219865718739 ], [ 76.442218253299956, 11.978188925026181 ], [ 76.442309175832889, 11.977418695790984 ], [ 76.442062732222126, 11.976762152800685 ], [ 76.441719361231364, 11.976153947957917 ], [ 76.441105384651962, 11.974913242417385 ], [ 76.440809341169967, 11.974065588297355 ], [ 76.440684316093424, 11.973396458466762 ], [ 76.440752384151907, 11.972487133130725 ], [ 76.441706491603597, 11.969145331352978 ], [ 76.441787971979736, 11.968475140556649 ], [ 76.441785879736756, 11.968080463716664 ], [ 76.441469503499448, 11.967510069591443 ], [ 76.441439130798415, 11.967455311058171 ], [ 76.441414076877223, 11.967410141868688 ], [ 76.441172118106152, 11.967307992629049 ], [ 76.441027987201593, 11.966861135807033 ], [ 76.441016873607666, 11.966335564843318 ], [ 76.441013139245854, 11.966158954364001 ], [ 76.441033918002901, 11.966093947539184 ], [ 76.440987368570802, 11.965918112926277 ], [ 76.440836030954273, 11.965346453272886 ], [ 76.440675268147558, 11.964809069315081 ], [ 76.440915296506049, 11.964257666803023 ], [ 76.441664488789513, 11.96351228588885 ], [ 76.442774283736327, 11.96204743693205 ], [ 76.442800286788398, 11.960807712924346 ], [ 76.442816232214554, 11.960649861338448 ], [ 76.442936044030546, 11.959463823846924 ], [ 76.44294834268382, 11.959342080863957 ], [ 76.44272618053968, 11.958954650048799 ], [ 76.442709201855848, 11.958467490140169 ], [ 76.442736320010482, 11.958377006334484 ], [ 76.442595420167805, 11.958298771755326 ], [ 76.44232124038561, 11.958146532270884 ], [ 76.44222763922005, 11.957988511048942 ], [ 76.44215879689429, 11.957872288325442 ], [ 76.442101786911863, 11.957547076951172 ], [ 76.442041619242616, 11.957201901638454 ], [ 76.441877273195885, 11.95699699369297 ], [ 76.441689893848732, 11.956838656303617 ], [ 76.441626057380688, 11.956784714029402 ], [ 76.441575289372224, 11.956741798593709 ], [ 76.441503638835599, 11.956681230631327 ], [ 76.441207843580401, 11.956597773624519 ], [ 76.440873502987372, 11.956503525890135 ], [ 76.440643306599156, 11.956392689772903 ], [ 76.440432665680561, 11.956291283938084 ], [ 76.440137065038414, 11.956200580337345 ], [ 76.439936201771616, 11.956138992012722 ], [ 76.439702342735302, 11.956015201198039 ], [ 76.439450845454417, 11.955900659792809 ], [ 76.439300349541497, 11.95583210996678 ], [ 76.439208207287123, 11.955790132957272 ], [ 76.438958587783603, 11.95577560241963 ], [ 76.438419321656468, 11.955744472827252 ], [ 76.437958858913575, 11.955718122703402 ], [ 76.437269190036304, 11.955644341584751 ], [ 76.437143163743286, 11.955625170895248 ], [ 76.437023196033891, 11.955606921142932 ], [ 76.436977744164068, 11.955602240935848 ], [ 76.43680272999859, 11.955583951783133 ], [ 76.436791528823221, 11.956248612644975 ], [ 76.435933463107432, 11.956228393204809 ], [ 76.435508191103978, 11.956270256476774 ], [ 76.435496970025653, 11.956271360759507 ], [ 76.434999141306122, 11.956455575463211 ], [ 76.434881319174622, 11.956461554063228 ], [ 76.433819232285913, 11.956515445630002 ], [ 76.433473949557211, 11.956545073011908 ], [ 76.430145237703599, 11.956831818278367 ], [ 76.430088554728172, 11.956836700586512 ], [ 76.430075213059808, 11.956864827625269 ], [ 76.429964567531272, 11.957098835955259 ], [ 76.429913166890898, 11.957207545977724 ], [ 76.429667481700875, 11.957847210136187 ], [ 76.42843799551207, 11.961483000233832 ], [ 76.427977719799301, 11.962908865340681 ], [ 76.427865174048193, 11.963230125951458 ], [ 76.427749318025647, 11.963554746675859 ], [ 76.427510527987721, 11.964186927847146 ], [ 76.427898460999117, 11.964191249561214 ], [ 76.429076373598008, 11.964554128790605 ], [ 76.42933162558387, 11.964632747966631 ], [ 76.429496147774614, 11.96468342460177 ], [ 76.429932856717556, 11.964938215840272 ], [ 76.429995600006947, 11.964974756458952 ], [ 76.430719059261108, 11.965546503461672 ], [ 76.431866083284916, 11.966284414508412 ], [ 76.432292118289041, 11.966640301486994 ], [ 76.432329816287492, 11.9666543465261 ], [ 76.432594651876258, 11.966753018429797 ], [ 76.433400213275036, 11.967266806977451 ], [ 76.433399229317899, 11.96747562654677 ], [ 76.433399224078386, 11.967476723223026 ], [ 76.433402354504167, 11.967478142006438 ], [ 76.434785705052008, 11.968205974583242 ], [ 76.435074294921478, 11.968413720758219 ], [ 76.43528488250054, 11.968649761920638 ], [ 76.435508950256846, 11.968773753712558 ], [ 76.435799179354632, 11.96893435553484 ], [ 76.435832595355478, 11.969571606594497 ], [ 76.435860757206171, 11.970108642896198 ], [ 76.435877871284973, 11.970352916183304 ], [ 76.435941764349479, 11.970369801897855 ], [ 76.436136250015295, 11.970421202199292 ], [ 76.436198596658414, 11.970685640783785 ], [ 76.436225356287437, 11.970799141101608 ], [ 76.436314193297591, 11.971175938561718 ], [ 76.436913369701188, 11.971194864272382 ], [ 76.437014606825116, 11.971198061416741 ], [ 76.437001078265112, 11.971397545201039 ], [ 76.436974792973089, 11.971785140020957 ], [ 76.436916172355552, 11.972649537167383 ], [ 76.436903242864744, 11.972810696686903 ], [ 76.436562392602127, 11.972947634181473 ], [ 76.436696906176678, 11.975519962387569 ], [ 76.436768881186694, 11.97707152321731 ], [ 76.436809992753325, 11.977957730802688 ], [ 76.436947511894161, 11.979435248434166 ], [ 76.437051886026396, 11.98058950796103 ], [ 76.437198659218652, 11.981261058707386 ], [ 76.43725151079957, 11.981501526526113 ], [ 76.437546455499202, 11.981707683329175 ], [ 76.438583329243386, 11.981776274208736 ], [ 76.438716723179965, 11.981637263805652 ], [ 76.438769875358417, 11.981586405103139 ], [ 76.438827305257604, 11.981531450658849 ], [ 76.4390864882931, 11.981225891590844 ] ] ] } },
{ "type": "Feature", "properties": { "OBJECTID": 21791, "KGISVillageID": 27798, "KGISVillageCode": "2608040040", "KGISVillageName": "Narashipura", "KGISHobliID": 462, "UniqueVillageCode": "2608040040_1", "Bhucode": "260501003041", "CensusVillageCode": "2957705573619088", "BhoomiVillageCode": "2608040040", "created_user": "SA", "created_date": 1556019584000.0, "last_edited_user": "SURESHBV2", "last_edited_date": 1724226112000.0, "LGDGPCode": "219448", "LGDGPCode_Secondary": null, "Category": "Cadastral data available and has bhoomi linkage", "SHAPE.STArea()": 1820711.714184535, "SHAPE.STLength()": 5983.4708754691128, "LGD_VillageCode": 619088.0, "_overlap_percent": 100.00000000000007, "_police_station": "Saragur PS", "_police_feature_index": "506", "_admin_layer": "Village", "_geometry_clipped": true }, "geometry": { "type": "Polygon", "coordinates": [ [ [ 76.40928387782192, 11.97466628752192 ], [ 76.409420691948043, 11.974467747378014 ], [ 76.410140117038893, 11.973423732936892 ], [ 76.410184963360535, 11.973356229707084 ], [ 76.410383122828961, 11.97305795907077 ], [ 76.410826098001834, 11.972406776597726 ], [ 76.41130824121683, 11.971698012272252 ], [ 76.411502059084981, 11.971413093696455 ], [ 76.411751711327682, 11.971056838133357 ], [ 76.411899787094654, 11.970845532582713 ], [ 76.412045843647974, 11.970637107618829 ], [ 76.41215266842238, 11.970668856656747 ], [ 76.412200023648012, 11.970652845544382 ], [ 76.412290860303955, 11.970622132933721 ], [ 76.412392490379503, 11.970554683494536 ], [ 76.412586605619637, 11.970217424317489 ], [ 76.412717753821724, 11.970223139517362 ], [ 76.412721874916087, 11.970200503010529 ], [ 76.412771537569398, 11.970204456914203 ], [ 76.412798105588948, 11.970206572482567 ], [ 76.412813867852407, 11.970154316393582 ], [ 76.412819751081145, 11.970128852066315 ], [ 76.412833186165642, 11.970070705813056 ], [ 76.412845533690842, 11.970017267196686 ], [ 76.412887855955233, 11.969834097446885 ], [ 76.412943164210944, 11.969594728393647 ], [ 76.412970618013063, 11.96955755597949 ], [ 76.413130652879531, 11.969340866447107 ], [ 76.413203106034544, 11.969242763291597 ], [ 76.413263041383644, 11.96916160972796 ], [ 76.413325681219959, 11.969076794537449 ], [ 76.413349664529861, 11.969019774968313 ], [ 76.413368367894549, 11.968975308129803 ], [ 76.413378510340564, 11.968954869860701 ], [ 76.413440208273684, 11.968830536308472 ], [ 76.413445272675688, 11.968820330768812 ], [ 76.413596132837171, 11.968537459245999 ], [ 76.413602553146504, 11.968525420616217 ], [ 76.41366452505568, 11.968409490049066 ], [ 76.413756486614133, 11.968237643343574 ], [ 76.413768694875927, 11.968198263969617 ], [ 76.413794120515874, 11.968116318652397 ], [ 76.413846404124712, 11.967947814471721 ], [ 76.413858531246959, 11.967908728429069 ], [ 76.414016799980757, 11.967397304115622 ], [ 76.414031387107173, 11.96734992604005 ], [ 76.414040403132418, 11.967320551105058 ], [ 76.414096292503729, 11.967138455667016 ], [ 76.414113039617533, 11.967083890962405 ], [ 76.414285981061042, 11.966575979143204 ], [ 76.414330956562338, 11.966442053313012 ], [ 76.414362188380011, 11.966349054265622 ], [ 76.414365487378603, 11.966339113471207 ], [ 76.414386719546968, 11.966274916608452 ], [ 76.415622337401729, 11.965947054322042 ], [ 76.415686897320285, 11.965616194471652 ], [ 76.416214386881194, 11.962761840703678 ], [ 76.41589596332949, 11.962861906712936 ], [ 76.413946945940637, 11.963465854538672 ], [ 76.412977443346435, 11.963467755215888 ], [ 76.412809877019143, 11.963464967913124 ], [ 76.411526977948313, 11.963453899559726 ], [ 76.409801614673555, 11.963239028810534 ], [ 76.409800067655183, 11.963238892830736 ], [ 76.409770839622297, 11.96323631561514 ], [ 76.409716848905575, 11.963236114854233 ], [ 76.409507889678594, 11.963232345478792 ], [ 76.40949736476351, 11.963232156036229 ], [ 76.409042025458902, 11.963223941253771 ], [ 76.408604341806068, 11.963216043964449 ], [ 76.408557231744638, 11.963215193667999 ], [ 76.408067337958329, 11.963147158921117 ], [ 76.407390769990101, 11.963053197947714 ], [ 76.407154812381108, 11.963020427869154 ], [ 76.40714276286019, 11.963018754231758 ], [ 76.405915896513079, 11.962848362175341 ], [ 76.405937656556716, 11.962914577264691 ], [ 76.406021321585428, 11.963169165948299 ], [ 76.404099335490997, 11.964090114673541 ], [ 76.404043726430004, 11.96411676068797 ], [ 76.404028125037513, 11.964121481243509 ], [ 76.401656639318915, 11.964839059000759 ], [ 76.400768782827214, 11.965107705636624 ], [ 76.400696654746213, 11.965319286910352 ], [ 76.400461875120811, 11.966007997338489 ], [ 76.400181645822343, 11.966830024988001 ], [ 76.400115858910297, 11.966909864559479 ], [ 76.400115248805449, 11.966911930742514 ], [ 76.399877751196414, 11.967205569703452 ], [ 76.399623520550037, 11.967519896248533 ], [ 76.398618465166905, 11.968762521440443 ], [ 76.398585348221332, 11.968803620235496 ], [ 76.398499174659904, 11.968901791273037 ], [ 76.398477300330157, 11.968926711329418 ], [ 76.398057995553586, 11.969227574905943 ], [ 76.39675839742057, 11.97016006763455 ], [ 76.396295217299638, 11.970541536694288 ], [ 76.396112652422744, 11.970691893829075 ], [ 76.396069064299766, 11.970691586386398 ], [ 76.395977043092401, 11.970690937729401 ], [ 76.395666861958389, 11.970921188838004 ], [ 76.395494477171539, 11.971049151206277 ], [ 76.395477422247083, 11.971061697175953 ], [ 76.396708561898393, 11.971654022601225 ], [ 76.396890479496889, 11.971741546054057 ], [ 76.397050341796955, 11.971818458491247 ], [ 76.397054516780898, 11.971819989120661 ], [ 76.397739635760203, 11.972071285081755 ], [ 76.39774866655678, 11.972074597879693 ], [ 76.39850659485063, 11.972391257413776 ], [ 76.398518522889518, 11.972453852459942 ], [ 76.398614148172058, 11.972481148456376 ], [ 76.399015513711291, 11.972595714087092 ], [ 76.399973446350884, 11.972869143275688 ], [ 76.400375072013489, 11.973001400422159 ], [ 76.400392653763475, 11.973007193753107 ], [ 76.400483244349076, 11.973044450178197 ], [ 76.401353419989363, 11.973395025590216 ], [ 76.401473631129292, 11.973442692544365 ], [ 76.401486451603986, 11.973447761909975 ], [ 76.401649404073211, 11.973512194030512 ], [ 76.401810678484821, 11.97357298009806 ], [ 76.402614364893665, 11.973875896212636 ], [ 76.40262298101338, 11.973879085245649 ], [ 76.403417382054954, 11.974169647501373 ], [ 76.404302438715177, 11.974346237577747 ], [ 76.404534820876819, 11.974320635344633 ], [ 76.405248275464601, 11.974242029835722 ], [ 76.405273930014445, 11.974250856294322 ], [ 76.406161370705476, 11.974556198801643 ], [ 76.40696533633654, 11.974979750017551 ], [ 76.407024564787989, 11.974901229218032 ], [ 76.407847877029369, 11.975224248015552 ], [ 76.407865213571043, 11.975231050134729 ], [ 76.407875689694563, 11.975235025254715 ], [ 76.407959582168573, 11.975259009026061 ], [ 76.407895403701872, 11.97531399067574 ], [ 76.408336781206359, 11.975425248282152 ], [ 76.408686707344998, 11.975513453762053 ], [ 76.408690929601832, 11.97551451745734 ], [ 76.408700521249457, 11.975502863483909 ], [ 76.408721355317908, 11.975477550111062 ], [ 76.408814225568037, 11.97534537498165 ], [ 76.408902172419289, 11.975220205939987 ], [ 76.40928387782192, 11.97466628752192 ] ] ] } },
{ "type": "Feature", "properties": { "OBJECTID": 21830, "KGISVillageID": 27837, "KGISVillageCode": "2608030044", "KGISVillageName": "Kotthegala", "KGISHobliID": 881, "UniqueVillageCode": "2608030044_1", "Bhucode": "260501005028", "CensusVillageCode": "2957705573618993", "BhoomiVillageCode": "2608030044", "created_user": "SA", "created_date": 1556019584000.0, "last_edited_user": "SURESHBV2", "last_edited_date": 1724226113000.0, "LGDGPCode": "273307", "LGDGPCode_Secondary": null, "Category": "Cadastral data available and has bhoomi linkage", "SHAPE.STArea()": 12240238.888435185, "SHAPE.STLength()": 17220.912078699745, "LGD_VillageCode": 618993.0, "_overlap_percent": 99.999999999999986, "_police_station": "Saragur PS", "_police_feature_index": "506", "_admin_layer": "Village", "_geometry_clipped": true }, "geometry": { "type": "Polygon", "coordinates": [ [ [ 76.422804926365757, 12.001018589641108 ], [ 76.423559780787613, 12.001331379258168 ], [ 76.423666622139805, 12.001623532231781 ], [ 76.423970651492994, 12.001943535534897 ], [ 76.424270376567648, 12.002066177622204 ], [ 76.424785404604421, 12.001415555361614 ], [ 76.424929639540451, 12.001396797193699 ], [ 76.425036798870821, 12.001382860269961 ], [ 76.42575242255144, 12.001289787981328 ], [ 76.425762374479305, 12.001285702363599 ], [ 76.42614146659966, 12.001130066966148 ], [ 76.426270896749315, 12.001183337572847 ], [ 76.426273037177893, 12.001240564027182 ], [ 76.426311644697861, 12.001252365311636 ], [ 76.42631375320768, 12.001280645064655 ], [ 76.426662070806586, 12.001404889343728 ], [ 76.426662846443705, 12.001405166558547 ], [ 76.427114602507444, 12.001563680027246 ], [ 76.427150687291444, 12.001576341175658 ], [ 76.427260319894003, 12.001560709201064 ], [ 76.42751290667141, 12.001524694171907 ], [ 76.427768475794153, 12.001488254157024 ], [ 76.427807136915362, 12.001486847240516 ], [ 76.427912605178506, 12.001482304920906 ], [ 76.430661147998023, 12.000916808012077 ], [ 76.430663446892382, 12.000915635421658 ], [ 76.430681394817597, 12.000906492928323 ], [ 76.431690222432209, 12.000400585099936 ], [ 76.431968901419395, 12.000290321776983 ], [ 76.432288154641427, 12.000164003860061 ], [ 76.432336168787259, 12.000145005728543 ], [ 76.435280673632505, 12.000510444076051 ], [ 76.435745744856661, 12.000502728084204 ], [ 76.435863728035471, 12.00046808154519 ], [ 76.435871479728632, 12.000465799661551 ], [ 76.435932061798994, 12.000447937971002 ], [ 76.437338860267388, 12.000633938326947 ], [ 76.438111999564839, 12.000736156542541 ], [ 76.438367664388977, 12.000788332302143 ], [ 76.438583927759169, 12.000832466091158 ], [ 76.439094371486632, 12.000936634778151 ], [ 76.439367529046379, 12.000996525419501 ], [ 76.439663612575387, 12.001061442031943 ], [ 76.440002045752365, 12.001146859106992 ], [ 76.440972659757875, 12.001391828951961 ], [ 76.440981258841063, 12.001393999657706 ], [ 76.441784541069097, 12.001553056763635 ], [ 76.442606090967473, 12.001715728509943 ], [ 76.443228159926548, 12.001722089609915 ], [ 76.445668338165547, 12.00166911148626 ], [ 76.445639420361331, 12.00161369198052 ], [ 76.444728755512898, 11.999923701571063 ], [ 76.444720976420669, 11.999909265690093 ], [ 76.444485927967918, 11.99947306333384 ], [ 76.443923096163672, 11.997832529820569 ], [ 76.443902480029493, 11.997772438350969 ], [ 76.443276948850524, 11.995949121821486 ], [ 76.44324268898113, 11.995849258012942 ], [ 76.442438023385236, 11.993503746418565 ], [ 76.442429197411485, 11.993478018499209 ], [ 76.441974602924276, 11.992152902786195 ], [ 76.441966371225433, 11.992128906701682 ], [ 76.44183807455515, 11.991754926399354 ], [ 76.441836047652103, 11.991749017850331 ], [ 76.44182222376881, 11.991708323338095 ], [ 76.441817419301358, 11.991694184821235 ], [ 76.441891446226151, 11.990595026054656 ], [ 76.441892351023753, 11.990581588636944 ], [ 76.44198205919615, 11.989249575772677 ], [ 76.441984955780555, 11.989206566625599 ], [ 76.442098164170744, 11.987525611286225 ], [ 76.442098862999003, 11.98751523612896 ], [ 76.442189302919047, 11.986172350579393 ], [ 76.442192200341552, 11.986129327863079 ], [ 76.442197997720214, 11.986043240829773 ], [ 76.442198462862066, 11.986036241790872 ], [ 76.442272083293361, 11.984921132516785 ], [ 76.442298551759521, 11.984563246130541 ], [ 76.442300951595968, 11.984530797335408 ], [ 76.442392702944673, 11.983290180344964 ], [ 76.442395641693281, 11.983250445537447 ], [ 76.442470549562742, 11.982237580566654 ], [ 76.442491332341703, 11.981956566278834 ], [ 76.442758249345857, 11.978347431061099 ], [ 76.442707480250334, 11.978377646190433 ], [ 76.442382137399363, 11.97857127108197 ], [ 76.44234711025041, 11.978489551012965 ], [ 76.442341302730227, 11.978493122159888 ], [ 76.442180442410503, 11.978553505772117 ], [ 76.441874550516076, 11.978668331105172 ], [ 76.44171927575124, 11.978726618122563 ], [ 76.441318405383058, 11.978877212028829 ], [ 76.441220683002911, 11.97903788793219 ], [ 76.441185495920223, 11.979026383639463 ], [ 76.440793507869458, 11.979511321252764 ], [ 76.440812659892643, 11.97973823743949 ], [ 76.44081156193748, 11.979771891018528 ], [ 76.440614044053788, 11.981629460766287 ], [ 76.440609287154174, 11.981674800263386 ], [ 76.440546716390642, 11.981652396091729 ], [ 76.440343034969729, 11.981579443296793 ], [ 76.439555048046287, 11.981296989607367 ], [ 76.4390864882931, 11.981225891590844 ], [ 76.438827305257604, 11.981531450658849 ], [ 76.438769875358417, 11.981586405103139 ], [ 76.438716723179965, 11.981637263805652 ], [ 76.438583329243386, 11.981776274208736 ], [ 76.437546455499202, 11.981707683329175 ], [ 76.43725151079957, 11.981501526526113 ], [ 76.437198659218652, 11.981261058707386 ], [ 76.437051886026396, 11.98058950796103 ], [ 76.436947511894161, 11.979435248434166 ], [ 76.436809992753325, 11.977957730802688 ], [ 76.436768881186694, 11.97707152321731 ], [ 76.436696906176678, 11.975519962387569 ], [ 76.436562392602127, 11.972947634181473 ], [ 76.436903242864744, 11.972810696686903 ], [ 76.436916172355552, 11.972649537167383 ], [ 76.436974792973089, 11.971785140020957 ], [ 76.437001078265112, 11.971397545201039 ], [ 76.437014606825116, 11.971198061416741 ], [ 76.436913369701188, 11.971194864272382 ], [ 76.436314193297591, 11.971175938561718 ], [ 76.436225356287437, 11.970799141101608 ], [ 76.436198596658414, 11.970685640783785 ], [ 76.436136250015295, 11.970421202199292 ], [ 76.435941764349479, 11.970369801897855 ], [ 76.435877871284973, 11.970352916183304 ], [ 76.435860757206171, 11.970108642896198 ], [ 76.435832595355478, 11.969571606594497 ], [ 76.435799179354632, 11.96893435553484 ], [ 76.435508950256846, 11.968773753712558 ], [ 76.43528488250054, 11.968649761920638 ], [ 76.435074294921478, 11.968413720758219 ], [ 76.434785705052008, 11.968205974583242 ], [ 76.433402354504167, 11.967478142006438 ], [ 76.433399224078386, 11.967476723223026 ], [ 76.433399229317899, 11.96747562654677 ], [ 76.433400213275036, 11.967266806977451 ], [ 76.432594651876258, 11.966753018429797 ], [ 76.432329816287492, 11.9666543465261 ], [ 76.432292118289041, 11.966640301486994 ], [ 76.431866083284916, 11.966284414508412 ], [ 76.430719059261108, 11.965546503461672 ], [ 76.429995600006947, 11.964974756458952 ], [ 76.429932856717556, 11.964938215840272 ], [ 76.429496147774614, 11.96468342460177 ], [ 76.42933162558387, 11.964632747966631 ], [ 76.429076373598008, 11.964554128790605 ], [ 76.427898460999117, 11.964191249561214 ], [ 76.427510527987721, 11.964186927847146 ], [ 76.420573223804254, 11.963906094417183 ], [ 76.418818296781325, 11.964664606862886 ], [ 76.415732370938372, 11.965961906670652 ], [ 76.415622337401729, 11.965947054322042 ], [ 76.414386719546968, 11.966274916608452 ], [ 76.414365487378603, 11.966339113471207 ], [ 76.414362188380011, 11.966349054265622 ], [ 76.414330956562338, 11.966442053313012 ], [ 76.414285981061042, 11.966575979143204 ], [ 76.414113039617533, 11.967083890962405 ], [ 76.414096292503729, 11.967138455667016 ], [ 76.414040403132418, 11.967320551105058 ], [ 76.414031387107173, 11.96734992604005 ], [ 76.414016799980757, 11.967397304115622 ], [ 76.413858531246959, 11.967908728429069 ], [ 76.413846404124712, 11.967947814471721 ], [ 76.413794120515874, 11.968116318652397 ], [ 76.413768694875927, 11.968198263969617 ], [ 76.413756486614133, 11.968237643343574 ], [ 76.41366452505568, 11.968409490049066 ], [ 76.413602553146504, 11.968525420616217 ], [ 76.413596132837171, 11.968537459245999 ], [ 76.413445272675688, 11.968820330768812 ], [ 76.413440208273684, 11.968830536308472 ], [ 76.413378510340564, 11.968954869860701 ], [ 76.413368367894549, 11.968975308129803 ], [ 76.413349664529861, 11.969019774968313 ], [ 76.413325681219959, 11.969076794537449 ], [ 76.413263041383644, 11.96916160972796 ], [ 76.413203106034544, 11.969242763291597 ], [ 76.413130652879531, 11.969340866447107 ], [ 76.412970618013063, 11.96955755597949 ], [ 76.412943164210944, 11.969594728393647 ], [ 76.412887855955233, 11.969834097446885 ], [ 76.412845533690842, 11.970017267196686 ], [ 76.412833186165642, 11.970070705813056 ], [ 76.412819751081145, 11.970128852066315 ], [ 76.412813867852407, 11.970154316393582 ], [ 76.412798105588948, 11.970206572482567 ], [ 76.412771537569398, 11.970204456914203 ], [ 76.412721874916087, 11.970200503010529 ], [ 76.412717753821724, 11.970223139517362 ], [ 76.412586605619637, 11.970217424317489 ], [ 76.412392490379503, 11.970554683494536 ], [ 76.412290860303955, 11.970622132933721 ], [ 76.412200023648012, 11.970652845544382 ], [ 76.41215266842238, 11.970668856656747 ], [ 76.412045843647974, 11.970637107618829 ], [ 76.411899787094654, 11.970845532582713 ], [ 76.411751711327682, 11.971056838133357 ], [ 76.411502059084981, 11.971413093696455 ], [ 76.41130824121683, 11.971698012272252 ], [ 76.410826098001834, 11.972406776597726 ], [ 76.410383122828961, 11.97305795907077 ], [ 76.410184963360535, 11.973356229707084 ], [ 76.410140117038893, 11.973423732936892 ], [ 76.409420691948043, 11.974467747378014 ], [ 76.40928387782192, 11.97466628752192 ], [ 76.408902172419289, 11.975220205939987 ], [ 76.408814225568037, 11.97534537498165 ], [ 76.408721355317908, 11.975477550111062 ], [ 76.408778851062991, 11.975463625792241 ], [ 76.408943287704474, 11.975423803558925 ], [ 76.409019025115896, 11.975405462376218 ], [ 76.409149168498686, 11.975441093996729 ], [ 76.409182524620221, 11.975450226730034 ], [ 76.409182037134997, 11.975495416433214 ], [ 76.409180390196454, 11.975648005937192 ], [ 76.409179163681415, 11.975765318501956 ], [ 76.409176938476534, 11.975980652849861 ], [ 76.40917483296414, 11.976184355493938 ], [ 76.409169418198687, 11.976708313784071 ], [ 76.409168664243936, 11.97678127299878 ], [ 76.409162040104675, 11.977422273415096 ], [ 76.409161313141169, 11.977492642277502 ], [ 76.409160512079794, 11.977529417391427 ], [ 76.409159875832955, 11.977558662427862 ], [ 76.409158578845535, 11.977618272789345 ], [ 76.409157322514332, 11.977675983456374 ], [ 76.409178845827654, 11.977666868745413 ], [ 76.409109062101692, 11.977899695903854 ], [ 76.40911765605874, 11.977995445405826 ], [ 76.409125196480232, 11.978079455188125 ], [ 76.409140325732082, 11.978364297200885 ], [ 76.409213457479751, 11.978436908523017 ], [ 76.40919604898211, 11.978594415907626 ], [ 76.409174268076526, 11.978789383572067 ], [ 76.40928875911149, 11.978976593520287 ], [ 76.409231405091532, 11.97919008306271 ], [ 76.409220349130834, 11.979189075433613 ], [ 76.409094170381465, 11.979342992476928 ], [ 76.409079091019962, 11.98008544961643 ], [ 76.409077754539879, 11.980151249558215 ], [ 76.409116236565097, 11.980444621735153 ], [ 76.409127809223378, 11.980532849591661 ], [ 76.409221531059757, 11.980969688631797 ], [ 76.40930115346265, 11.981340807990634 ], [ 76.409350540648404, 11.981397471107647 ], [ 76.409357652944948, 11.981390402442235 ], [ 76.409377052868876, 11.981368259604713 ], [ 76.409387744692737, 11.981356056704126 ], [ 76.409715372317564, 11.981445472410275 ], [ 76.410198841166263, 11.981575924039436 ], [ 76.410335465360745, 11.981612788779017 ], [ 76.410686761139402, 11.981659285573164 ], [ 76.411041922455553, 11.981738731814115 ], [ 76.41106376027777, 11.981745571591095 ], [ 76.411443460964733, 11.981864501820311 ], [ 76.411477538718202, 11.981875030076536 ], [ 76.411619208134837, 11.98194614360148 ], [ 76.412023290113467, 11.982148979664681 ], [ 76.412020647240638, 11.982152336294464 ], [ 76.411872305216264, 11.982340769431804 ], [ 76.411737608885232, 11.982511868417925 ], [ 76.411708885723215, 11.982548353797119 ], [ 76.411801559371511, 11.982579690944103 ], [ 76.4120031745082, 11.982647496143459 ], [ 76.412023085403021, 11.982659378596521 ], [ 76.412155920655991, 11.983457061592135 ], [ 76.412344630215017, 11.98360690506418 ], [ 76.412298360745552, 11.983644762740191 ], [ 76.412346213786421, 11.983686810236691 ], [ 76.412498617216585, 11.983820723014167 ], [ 76.412732082022586, 11.984420448338327 ], [ 76.412769516241255, 11.984506651428147 ], [ 76.412722890806904, 11.984815936819469 ], [ 76.412685672700377, 11.985064178755643 ], [ 76.412780234374182, 11.985210246311638 ], [ 76.41279713789524, 11.985236402199218 ], [ 76.41297886742143, 11.985156130522471 ], [ 76.413145729426375, 11.985375891578283 ], [ 76.413119151273321, 11.985407060204725 ], [ 76.413037583527981, 11.985502626690556 ], [ 76.413011321207946, 11.985649920932962 ], [ 76.413148650991303, 11.985930285340574 ], [ 76.413148670670566, 11.985930361184579 ], [ 76.413156226304167, 11.985955900589065 ], [ 76.413384179527014, 11.986726422002269 ], [ 76.413750016073152, 11.98750537762624 ], [ 76.413689978143069, 11.987495313443011 ], [ 76.413617949355199, 11.987483238490865 ], [ 76.413643901775572, 11.987678108097935 ], [ 76.41384157398457, 11.989158253216091 ], [ 76.41384786673305, 11.989436234262847 ], [ 76.413851966266563, 11.989617352644792 ], [ 76.413852899798755, 11.98962626764601 ], [ 76.413856593156268, 11.989661504744296 ], [ 76.413018486717405, 11.989747740981397 ], [ 76.412943291558136, 11.989752017829424 ], [ 76.41292553728573, 11.98975302775016 ], [ 76.412836298625805, 11.989758103200495 ], [ 76.412310042491114, 11.989788032592035 ], [ 76.412268608796083, 11.989790389617765 ], [ 76.412149081582626, 11.98979718706239 ], [ 76.412132377555537, 11.989798137393223 ], [ 76.41209902650472, 11.989800227622776 ], [ 76.412090897362859, 11.989800736922623 ], [ 76.411938101068529, 11.989807909037117 ], [ 76.412060366206632, 11.990680560872166 ], [ 76.412130425299452, 11.991180596994601 ], [ 76.41217387802277, 11.991490735453398 ], [ 76.412189556709095, 11.99160264017357 ], [ 76.412256663630771, 11.992081597826884 ], [ 76.412270959436285, 11.992183626030945 ], [ 76.412283198039106, 11.992270977722045 ], [ 76.412286582254112, 11.992295008451645 ], [ 76.411737918569173, 11.992386795805375 ], [ 76.411665399808541, 11.992388292392235 ], [ 76.410715094848612, 11.992407897419159 ], [ 76.410546864193137, 11.992412041146398 ], [ 76.40991521538696, 11.992427598995521 ], [ 76.409738451634027, 11.992431952457199 ], [ 76.409736914851962, 11.99243894698092 ], [ 76.409695086340633, 11.992439462224272 ], [ 76.409671334324699, 11.992712080064239 ], [ 76.40966280884922, 11.992809928964611 ], [ 76.40963624806426, 11.992943661474058 ], [ 76.409590314562763, 11.993174933138887 ], [ 76.409577159878765, 11.993241164994418 ], [ 76.409542372746046, 11.993416312662681 ], [ 76.409495808201115, 11.993650761749329 ], [ 76.409494494434483, 11.99365737724141 ], [ 76.409456623277791, 11.993848055473958 ], [ 76.409452615746005, 11.993868234987591 ], [ 76.409406108349941, 11.99410239266501 ], [ 76.409406007495676, 11.994102954610941 ], [ 76.409366444385199, 11.994325054776962 ], [ 76.409359202768002, 11.99444202137334 ], [ 76.409326092485372, 11.994976858092436 ], [ 76.40942422090562, 11.994962079552257 ], [ 76.409431416971032, 11.995351915623601 ], [ 76.409439350299763, 11.995781658000586 ], [ 76.409491431866073, 11.99587892330957 ], [ 76.411165368583738, 11.99555681152752 ], [ 76.411199902324384, 11.995719477032601 ], [ 76.411205744728917, 11.995738522907867 ], [ 76.411307295422674, 11.995696809971381 ], [ 76.411313373694156, 11.99576473319441 ], [ 76.411369588965442, 11.996394916398343 ], [ 76.411380540758074, 11.996518231933369 ], [ 76.411449651023744, 11.997105675350214 ], [ 76.411450856142281, 11.997118607655837 ], [ 76.411451832494862, 11.997124284012557 ], [ 76.411455474036018, 11.997141812162344 ], [ 76.411523063136968, 11.99746715675853 ], [ 76.411623740505448, 11.997428166639342 ], [ 76.412253057184046, 11.997184577801544 ], [ 76.412295747109667, 11.997168053618127 ], [ 76.413366518016446, 11.996793208298959 ], [ 76.413417041633906, 11.996785027994898 ], [ 76.413439787284858, 11.996776025988362 ], [ 76.414522816151447, 11.996524606421508 ], [ 76.414532040040129, 11.99653164965269 ], [ 76.414546180017282, 11.996542951599793 ], [ 76.415248610697219, 11.996853316043884 ], [ 76.415408234845557, 11.996942596571312 ], [ 76.415275978204591, 11.997244971115069 ], [ 76.415125087002195, 11.997268289970453 ], [ 76.414595859663422, 11.997141572156517 ], [ 76.414534059187474, 11.997126775372344 ], [ 76.414349570840031, 11.997082600917038 ], [ 76.414234914719827, 11.997194307662165 ], [ 76.414505024985701, 11.99745975479369 ], [ 76.414801312672125, 11.997872620530604 ], [ 76.415290797282168, 11.998220661667222 ], [ 76.415175642264899, 11.998596909330438 ], [ 76.414581963074838, 11.999183275868715 ], [ 76.414642531648326, 11.999463805736932 ], [ 76.414649942734826, 11.999498128940743 ], [ 76.414729223278997, 11.999865325624535 ], [ 76.415111335059564, 12.000300329983913 ], [ 76.415356129718987, 12.000578517613462 ], [ 76.415084698052226, 12.001223728908283 ], [ 76.415817592720899, 12.00126345506184 ], [ 76.417022478319623, 12.001542585197056 ], [ 76.418791425157693, 12.001939292560882 ], [ 76.419828709848233, 12.002781638285015 ], [ 76.420312431909238, 12.002471601642485 ], [ 76.420499083504254, 12.002353928012894 ], [ 76.420600240849978, 12.002290140419884 ], [ 76.420670333205521, 12.002245934736251 ], [ 76.421909167369563, 12.00146318560004 ], [ 76.422804926365757, 12.001018589641108 ] ] ] } },
{ "type": "Feature", "properties": { "OBJECTID": 21848, "KGISVillageID": 27855, "KGISVillageCode": "2608030049", "KGISVillageName": "Saraguru", "KGISHobliID": 881, "UniqueVillageCode": "2608030049_1", "Bhucode": "260501005046", "CensusVillageCode": "2957705573803196", "BhoomiVillageCode": "2608030049", "created_user": "SA", "created_date": 1556019584000.0, "last_edited_user": "SURESHBV2", "last_edited_date": 1724226113000.0, "LGDGPCode": "219448", "LGDGPCode_Secondary": null, "Category": "Cadastral data available and has bhoomi linkage", "SHAPE.STArea()": 7906347.8076423798, "SHAPE.STLength()": 15082.626976777909, "LGD_VillageCode": 618989.0, "_overlap_percent": 99.963261952726867, "_police_station": "Saragur PS", "_police_feature_index": "506", "_admin_layer": "Village", "_geometry_clipped": true }, "geometry": { "type": "Polygon", "coordinates": [ [ [ 76.393569408790981, 11.997768723834096 ], [ 76.393211133775779, 11.998083413813884 ], [ 76.39319214966595, 11.9980927671179 ], [ 76.393635240616632, 11.998484330878233 ], [ 76.39392000958351, 11.998736154658831 ], [ 76.393971307493686, 11.998781530550037 ], [ 76.393950682071363, 11.999037475204377 ], [ 76.393926906219619, 11.999331760936242 ], [ 76.394150065557909, 11.999706984277175 ], [ 76.394665230981957, 12.000388864315875 ], [ 76.394680490819013, 12.000475346063181 ], [ 76.394877915496849, 12.001594038682068 ], [ 76.394882287126563, 12.001613177315498 ], [ 76.394967177337008, 12.001636808431355 ], [ 76.395571164626034, 12.001805179311187 ], [ 76.395776411634728, 12.001855769333122 ], [ 76.395784607508759, 12.001857790686079 ], [ 76.39577453236096, 12.001967059748129 ], [ 76.39686290231009, 12.002083607103087 ], [ 76.396905877484969, 12.002088209571573 ], [ 76.397025160257826, 12.002100981976348 ], [ 76.397032352053202, 12.002112213761649 ], [ 76.397032170159136, 12.002112202916573 ], [ 76.397034312946474, 12.002115276074214 ], [ 76.397054547721865, 12.002146873396896 ], [ 76.397081151393635, 12.002187732978255 ], [ 76.397118893090578, 12.002245698406657 ], [ 76.397951521620257, 12.003524485718291 ], [ 76.39818687341787, 12.003977694014488 ], [ 76.398189580725543, 12.00398017215934 ], [ 76.398526614144942, 12.004289564483528 ], [ 76.398563030288472, 12.004323129439745 ], [ 76.399007654205548, 12.004571156921884 ], [ 76.399367828756425, 12.004298847272199 ], [ 76.399980537527142, 12.003951414973805 ], [ 76.401001900369749, 12.004423773972944 ], [ 76.402162925380438, 12.006001261217525 ], [ 76.403315829229115, 12.006887223565604 ], [ 76.404364025600955, 12.007397240931182 ], [ 76.405521920013356, 12.007484646407649 ], [ 76.406524028923542, 12.006785449646644 ], [ 76.407797816190993, 12.005026672036079 ], [ 76.408861031104934, 12.003754523938259 ], [ 76.410384426129383, 12.002461445741535 ], [ 76.411650272534786, 12.002034457267458 ], [ 76.413447940251103, 12.00142691520711 ], [ 76.41440002483948, 12.001309367977116 ], [ 76.415084698052226, 12.001223728908283 ], [ 76.415356129718987, 12.000578517613462 ], [ 76.415111335059564, 12.000300329983913 ], [ 76.414729223278997, 11.999865325624535 ], [ 76.414649942734826, 11.999498128940743 ], [ 76.414642531648326, 11.999463805736932 ], [ 76.414581963074838, 11.999183275868715 ], [ 76.415175642264899, 11.998596909330438 ], [ 76.415290797282168, 11.998220661667222 ], [ 76.414801312672125, 11.997872620530604 ], [ 76.414505024985701, 11.99745975479369 ], [ 76.414234914719827, 11.997194307662165 ], [ 76.414349570840031, 11.997082600917038 ], [ 76.414534059187474, 11.997126775372344 ], [ 76.414595859663422, 11.997141572156517 ], [ 76.415125087002195, 11.997268289970453 ], [ 76.415275978204591, 11.997244971115069 ], [ 76.415408234845557, 11.996942596571312 ], [ 76.415248610697219, 11.996853316043884 ], [ 76.414546180017282, 11.996542951599793 ], [ 76.414532040040129, 11.99653164965269 ], [ 76.414522816151447, 11.996524606421508 ], [ 76.413439787284858, 11.996776025988362 ], [ 76.413417041633906, 11.996785027994898 ], [ 76.413366518016446, 11.996793208298959 ], [ 76.412295747109667, 11.997168053618127 ], [ 76.412253057184046, 11.997184577801544 ], [ 76.411623740505448, 11.997428166639342 ], [ 76.411523063136968, 11.99746715675853 ], [ 76.411455474036018, 11.997141812162344 ], [ 76.411451832494862, 11.997124284012557 ], [ 76.411450856142281, 11.997118607655837 ], [ 76.411449651023744, 11.997105675350214 ], [ 76.411380540758074, 11.996518231933369 ], [ 76.411369588965442, 11.996394916398343 ], [ 76.411313373694156, 11.99576473319441 ], [ 76.411307295422674, 11.995696809971381 ], [ 76.411205744728917, 11.995738522907867 ], [ 76.411199902324384, 11.995719477032601 ], [ 76.411165368583738, 11.99555681152752 ], [ 76.409491431866073, 11.99587892330957 ], [ 76.409439350299763, 11.995781658000586 ], [ 76.409431416971032, 11.995351915623601 ], [ 76.40942422090562, 11.994962079552257 ], [ 76.409326092485372, 11.994976858092436 ], [ 76.409359202768002, 11.99444202137334 ], [ 76.409366444385199, 11.994325054776962 ], [ 76.409406007495676, 11.994102954610941 ], [ 76.409406108349941, 11.99410239266501 ], [ 76.409452615746005, 11.993868234987591 ], [ 76.409456623277791, 11.993848055473958 ], [ 76.409494494434483, 11.99365737724141 ], [ 76.409495808201115, 11.993650761749329 ], [ 76.409542372746046, 11.993416312662681 ], [ 76.409577159878765, 11.993241164994418 ], [ 76.409590314562763, 11.993174933138887 ], [ 76.40963624806426, 11.992943661474058 ], [ 76.40966280884922, 11.992809928964611 ], [ 76.409671334324699, 11.992712080064239 ], [ 76.409695086340633, 11.992439462224272 ], [ 76.409736914851962, 11.99243894698092 ], [ 76.409738451634027, 11.992431952457199 ], [ 76.40991521538696, 11.992427598995521 ], [ 76.410546864193137, 11.992412041146398 ], [ 76.410715094848612, 11.992407897419159 ], [ 76.411665399808541, 11.992388292392235 ], [ 76.411737918569173, 11.992386795805375 ], [ 76.412286582254112, 11.992295008451645 ], [ 76.412283198039106, 11.992270977722045 ], [ 76.412270959436285, 11.992183626030945 ], [ 76.412256663630771, 11.992081597826884 ], [ 76.412189556709095, 11.99160264017357 ], [ 76.41217387802277, 11.991490735453398 ], [ 76.412130425299452, 11.991180596994601 ], [ 76.412060366206632, 11.990680560872166 ], [ 76.411938101068529, 11.989807909037117 ], [ 76.412090897362859, 11.989800736922623 ], [ 76.41209902650472, 11.989800227622776 ], [ 76.412132377555537, 11.989798137393223 ], [ 76.412149081582626, 11.98979718706239 ], [ 76.412268608796083, 11.989790389617765 ], [ 76.412310042491114, 11.989788032592035 ], [ 76.412836298625805, 11.989758103200495 ], [ 76.41292553728573, 11.98975302775016 ], [ 76.412943291558136, 11.989752017829424 ], [ 76.413018486717405, 11.989747740981397 ], [ 76.413856593156268, 11.989661504744296 ], [ 76.413852899798755, 11.98962626764601 ], [ 76.413851966266563, 11.989617352644792 ], [ 76.41384786673305, 11.989436234262847 ], [ 76.41384157398457, 11.989158253216091 ], [ 76.413643901775572, 11.987678108097935 ], [ 76.413617949355199, 11.987483238490865 ], [ 76.413689978143069, 11.987495313443011 ], [ 76.413750016073152, 11.98750537762624 ], [ 76.413384179527014, 11.986726422002269 ], [ 76.413156226304167, 11.985955900589065 ], [ 76.413148670670566, 11.985930361184579 ], [ 76.413148650991303, 11.985930285340574 ], [ 76.413011321207946, 11.985649920932962 ], [ 76.413037583527981, 11.985502626690556 ], [ 76.413119151273321, 11.985407060204725 ], [ 76.413145729426375, 11.985375891578283 ], [ 76.41297886742143, 11.985156130522471 ], [ 76.41279713789524, 11.985236402199218 ], [ 76.412780234374182, 11.985210246311638 ], [ 76.412685672700377, 11.985064178755643 ], [ 76.412722890806904, 11.984815936819469 ], [ 76.412769516241255, 11.984506651428147 ], [ 76.412732082022586, 11.984420448338327 ], [ 76.412498617216585, 11.983820723014167 ], [ 76.412346213786421, 11.983686810236691 ], [ 76.412298360745552, 11.983644762740191 ], [ 76.412344630215017, 11.98360690506418 ], [ 76.412155920655991, 11.983457061592135 ], [ 76.412023085403021, 11.982659378596521 ], [ 76.4120031745082, 11.982647496143459 ], [ 76.411801559371511, 11.982579690944103 ], [ 76.411708885723215, 11.982548353797119 ], [ 76.411737608885232, 11.982511868417925 ], [ 76.411872305216264, 11.982340769431804 ], [ 76.412020647240638, 11.982152336294464 ], [ 76.412023290113467, 11.982148979664681 ], [ 76.411619208134837, 11.98194614360148 ], [ 76.411477538718202, 11.981875030076536 ], [ 76.411443460964733, 11.981864501820311 ], [ 76.41106376027777, 11.981745571591095 ], [ 76.411041922455553, 11.981738731814115 ], [ 76.410686761139402, 11.981659285573164 ], [ 76.410335465360745, 11.981612788779017 ], [ 76.410198841166263, 11.981575924039436 ], [ 76.409715372317564, 11.981445472410275 ], [ 76.409387744692737, 11.981356056704126 ], [ 76.409377052868876, 11.981368259604713 ], [ 76.409357652944948, 11.981390402442235 ], [ 76.409350540648404, 11.981397471107647 ], [ 76.40930115346265, 11.981340807990634 ], [ 76.409221531059757, 11.980969688631797 ], [ 76.409127809223378, 11.980532849591661 ], [ 76.409116236565097, 11.980444621735153 ], [ 76.409077754539879, 11.980151249558215 ], [ 76.409079091019962, 11.98008544961643 ], [ 76.409094170381465, 11.979342992476928 ], [ 76.409220349130834, 11.979189075433613 ], [ 76.409231405091532, 11.97919008306271 ], [ 76.40928875911149, 11.978976593520287 ], [ 76.409174268076526, 11.978789383572067 ], [ 76.40919604898211, 11.978594415907626 ], [ 76.409213457479751, 11.978436908523017 ], [ 76.409140325732082, 11.978364297200885 ], [ 76.409125196480232, 11.978079455188125 ], [ 76.40911765605874, 11.977995445405826 ], [ 76.409109062101692, 11.977899695903854 ], [ 76.409178845827654, 11.977666868745413 ], [ 76.409157322514332, 11.977675983456374 ], [ 76.409158578845535, 11.977618272789345 ], [ 76.409159875832955, 11.977558662427862 ], [ 76.409160512079794, 11.977529417391427 ], [ 76.409161313141169, 11.977492642277502 ], [ 76.409162040104675, 11.977422273415096 ], [ 76.409168664243936, 11.97678127299878 ], [ 76.409169418198687, 11.976708313784071 ], [ 76.40917483296414, 11.976184355493938 ], [ 76.409176938476534, 11.975980652849861 ], [ 76.409179163681415, 11.975765318501956 ], [ 76.409180390196454, 11.975648005937192 ], [ 76.409182037134997, 11.975495416433214 ], [ 76.409182524620221, 11.975450226730034 ], [ 76.409149168498686, 11.975441093996729 ], [ 76.409019025115896, 11.975405462376218 ], [ 76.408943287704474, 11.975423803558925 ], [ 76.408778851062991, 11.975463625792241 ], [ 76.408721355317908, 11.975477550111062 ], [ 76.408700521249457, 11.975502863483909 ], [ 76.408690929601832, 11.97551451745734 ], [ 76.408686707344998, 11.975513453762053 ], [ 76.408336781206359, 11.975425248282152 ], [ 76.407895403701872, 11.97531399067574 ], [ 76.407959582168573, 11.975259009026061 ], [ 76.407875689694563, 11.975235025254715 ], [ 76.407865213571043, 11.975231050134729 ], [ 76.407847877029369, 11.975224248015552 ], [ 76.407024564787989, 11.974901229218032 ], [ 76.40696533633654, 11.974979750017551 ], [ 76.406161370705476, 11.974556198801643 ], [ 76.405273930014445, 11.974250856294322 ], [ 76.405248275464601, 11.974242029835722 ], [ 76.404534820876819, 11.974320635344633 ], [ 76.404302438715177, 11.974346237577747 ], [ 76.403417382054954, 11.974169647501373 ], [ 76.40262298101338, 11.973879085245649 ], [ 76.402614364893665, 11.973875896212636 ], [ 76.401810678484821, 11.97357298009806 ], [ 76.401649404073211, 11.973512194030512 ], [ 76.401486451603986, 11.973447761909975 ], [ 76.401473631129292, 11.973442692544365 ], [ 76.401353419989363, 11.973395025590216 ], [ 76.400483244349076, 11.973044450178197 ], [ 76.400392653763475, 11.973007193753107 ], [ 76.400375072013489, 11.973001400422159 ], [ 76.399973446350884, 11.972869143275688 ], [ 76.399015513711291, 11.972595714087092 ], [ 76.398614148172058, 11.972481148456376 ], [ 76.398518522889518, 11.972453852459942 ], [ 76.39850659485063, 11.972391257413776 ], [ 76.39774866655678, 11.972074597879693 ], [ 76.397739635760203, 11.972071285081755 ], [ 76.397054516780898, 11.971819989120661 ], [ 76.397050341796955, 11.971818458491247 ], [ 76.396890479496889, 11.971741546054057 ], [ 76.396708561898393, 11.971654022601225 ], [ 76.395477422247083, 11.971061697175953 ], [ 76.395494477171539, 11.971049151206277 ], [ 76.395417929066042, 11.971011896396307 ], [ 76.39544123167299, 11.970912522731284 ], [ 76.395465606922187, 11.970809056321462 ], [ 76.395345699965162, 11.970776258279548 ], [ 76.393471102984776, 11.97025659099493 ], [ 76.393085889660426, 11.970149802202741 ], [ 76.393059073184816, 11.970242955861879 ], [ 76.393002914019377, 11.970438044535335 ], [ 76.392804437834926, 11.970821764083949 ], [ 76.392316373980975, 11.971114552425357 ], [ 76.392301841059805, 11.971123270419236 ], [ 76.391732644615288, 11.971466967823154 ], [ 76.391523825530555, 11.971671491226124 ], [ 76.39146324396178, 11.971730826461595 ], [ 76.391383434578302, 11.971808994438769 ], [ 76.391283281089059, 11.972282738949731 ], [ 76.391265398028239, 11.972367331622213 ], [ 76.391233074431781, 11.972516763492601 ], [ 76.391145942360808, 11.972915436043468 ], [ 76.39084607400487, 11.973496984447257 ], [ 76.390622637905523, 11.973763532104009 ], [ 76.390301687513201, 11.97414003274827 ], [ 76.390187681262177, 11.974274775624128 ], [ 76.389882139503968, 11.974634051536743 ], [ 76.389089110051358, 11.975198669421312 ], [ 76.387898231378585, 11.97570718567599 ], [ 76.387778996858387, 11.975758934998858 ], [ 76.387576036891218, 11.975847662966201 ], [ 76.386546309137714, 11.975975242776675 ], [ 76.386567961907687, 11.976023204713858 ], [ 76.386590748526345, 11.976074178011766 ], [ 76.386666755605901, 11.976149451517228 ], [ 76.386739751609866, 11.976221297089422 ], [ 76.386750401247923, 11.976231778952519 ], [ 76.38694757612177, 11.976425844443412 ], [ 76.387163407059575, 11.976636775601719 ], [ 76.387184600265513, 11.97665871442833 ], [ 76.387525622064061, 11.976991166542239 ], [ 76.387840054886055, 11.977474009624601 ], [ 76.387881729001649, 11.977539654975773 ], [ 76.387939998926356, 11.977631442370912 ], [ 76.387957008443294, 11.977657680920515 ], [ 76.388570013352279, 11.97774929261448 ], [ 76.388742930933546, 11.977775134990368 ], [ 76.388760473267936, 11.977778216951107 ], [ 76.388798805350078, 11.97809674159962 ], [ 76.388798976061224, 11.978098161088282 ], [ 76.38907937427075, 11.978156205367688 ], [ 76.389298203574896, 11.978201503849622 ], [ 76.389369471777783, 11.978216256294806 ], [ 76.389645395163996, 11.978273373761692 ], [ 76.389658013712392, 11.978276113005165 ], [ 76.389737772765216, 11.978293427962974 ], [ 76.389860740210537, 11.978320213359336 ], [ 76.389886130020344, 11.978325744409846 ], [ 76.389984105204377, 11.978340338066449 ], [ 76.390063749159566, 11.978352200899522 ], [ 76.390097687722317, 11.978357256480725 ], [ 76.390100008997507, 11.978360452700572 ], [ 76.390110638758671, 11.978375086115605 ], [ 76.390138765907224, 11.978381313283691 ], [ 76.390161725757693, 11.978410688306454 ], [ 76.390216341752506, 11.978480568028463 ], [ 76.390377937020475, 11.978688532145995 ], [ 76.390445754532394, 11.978775809835707 ], [ 76.390534767968759, 11.978887796160441 ], [ 76.390537415880047, 11.978891115520456 ], [ 76.390697872793879, 11.979092228386241 ], [ 76.39079347109643, 11.979208966407549 ], [ 76.39099018709247, 11.979460948879986 ], [ 76.390996914801406, 11.979470144496538 ], [ 76.391050466861842, 11.979538576404636 ], [ 76.391204418905701, 11.979735304667626 ], [ 76.391441409285846, 11.980038141071372 ], [ 76.391550791739263, 11.98014568801894 ], [ 76.391766205804998, 11.980515448278524 ], [ 76.391853829470733, 11.980665855022954 ], [ 76.391859707802098, 11.980675945362508 ], [ 76.391955705622479, 11.981016347506269 ], [ 76.392063759729552, 11.981399495859476 ], [ 76.392154559748022, 11.981721465691798 ], [ 76.392066859798007, 11.981734238564732 ], [ 76.392113908970742, 11.982491469527531 ], [ 76.392114525455852, 11.982501383475164 ], [ 76.392136951849622, 11.982588536156603 ], [ 76.392184267963401, 11.982772409053428 ], [ 76.392258073369433, 11.983059224304967 ], [ 76.392270582931516, 11.983107839490954 ], [ 76.392229589254953, 11.983149362963397 ], [ 76.392216175362492, 11.98315686758526 ], [ 76.392146198581599, 11.983149788983903 ], [ 76.392097656226611, 11.983144879495903 ], [ 76.391921241521572, 11.983127044639005 ], [ 76.391843924572015, 11.983119228512971 ], [ 76.391570863404439, 11.983055400248929 ], [ 76.391569888182886, 11.983059886687432 ], [ 76.391538666410142, 11.983203636323072 ], [ 76.391288111628327, 11.984357207503649 ], [ 76.391277561275004, 11.98441263928693 ], [ 76.391260160781712, 11.984503845742228 ], [ 76.391240001341856, 11.984609512420185 ], [ 76.391009360581648, 11.984607223699742 ], [ 76.390912336405151, 11.984639632520382 ], [ 76.390893778756805, 11.984645853493497 ], [ 76.390901829999464, 11.984619024303349 ], [ 76.390915649038746, 11.984572977980172 ], [ 76.390884161344587, 11.984584372172483 ], [ 76.390748414609902, 11.984495220528832 ], [ 76.3905286424569, 11.984350743827335 ], [ 76.390469273640051, 11.984364090844403 ], [ 76.390163860997689, 11.984433409669888 ], [ 76.390152924759064, 11.984428386528499 ], [ 76.389715346303447, 11.984227154637171 ], [ 76.389707293002758, 11.984223451623153 ], [ 76.389543847962926, 11.984148191598866 ], [ 76.389468162579959, 11.98416640740103 ], [ 76.38927217335241, 11.984213579306793 ], [ 76.389188177112928, 11.98423358204829 ], [ 76.388990309546244, 11.984280702504304 ], [ 76.388769023629649, 11.984698636954054 ], [ 76.388748183877794, 11.984737721212158 ], [ 76.388756187470051, 11.984852926572795 ], [ 76.388760444054469, 11.984914560254635 ], [ 76.389284444083287, 11.985205491632964 ], [ 76.389527821293754, 11.98551013652785 ], [ 76.389700664160898, 11.985864588610195 ], [ 76.389738924315637, 11.98597263436567 ], [ 76.389827318473067, 11.98638301569356 ], [ 76.389827215723443, 11.986450142531529 ], [ 76.389827182474249, 11.986468766145663 ], [ 76.389503344139669, 11.986367822727971 ], [ 76.38928097677686, 11.986222832746785 ], [ 76.38881037829583, 11.985926054104548 ], [ 76.388490581953505, 11.985961882606833 ], [ 76.38837208102089, 11.985897476227448 ], [ 76.38814568968742, 11.98592821250886 ], [ 76.387816604557088, 11.985972890353922 ], [ 76.38776131269951, 11.98598572663267 ], [ 76.387189796044311, 11.986357896216713 ], [ 76.387179599115726, 11.98636475725683 ], [ 76.386689165967368, 11.98669478871731 ], [ 76.38651179178666, 11.986812879007061 ], [ 76.386419249645982, 11.987000555367802 ], [ 76.386253087777305, 11.987337531356873 ], [ 76.386239672712051, 11.987600850608345 ], [ 76.386239128481733, 11.987611529771158 ], [ 76.386230561318115, 11.987779701474153 ], [ 76.38638279830279, 11.987922306993337 ], [ 76.386757910824642, 11.988273689610704 ], [ 76.386774445801464, 11.988272153065424 ], [ 76.386842894225893, 11.988265794736737 ], [ 76.387131001318167, 11.988237011227481 ], [ 76.387162214161791, 11.988233893043146 ], [ 76.387262427593981, 11.988262035822734 ], [ 76.388145498606107, 11.988502198276581 ], [ 76.388279231075074, 11.988629970406768 ], [ 76.388442896033112, 11.988786339802678 ], [ 76.388141553642029, 11.988954862166176 ], [ 76.388111452252602, 11.988971695509191 ], [ 76.38735267717739, 11.989946394401622 ], [ 76.387241315951428, 11.990089444080777 ], [ 76.387211116821874, 11.99059361062041 ], [ 76.387267386699904, 11.990612931800515 ], [ 76.387285460108046, 11.990619137496811 ], [ 76.387394781797227, 11.990656656593425 ], [ 76.387472331876054, 11.991120020019187 ], [ 76.387535206050245, 11.991492298725621 ], [ 76.387553825187837, 11.991495081649408 ], [ 76.38756285250588, 11.991500294237756 ], [ 76.388756433986998, 11.992189438066632 ], [ 76.39038481055934, 11.993129611047051 ], [ 76.391026794871507, 11.993946514591562 ], [ 76.392169809802823, 11.994732562186373 ], [ 76.393124968138324, 11.995873139953341 ], [ 76.393448675033426, 11.997261244780812 ], [ 76.393569408790981, 11.997768723834096 ] ] ] } },
{ "type": "Feature", "properties": { "OBJECTID": 21834, "KGISVillageID": 27841, "KGISVillageCode": "2608030002", "KGISVillageName": "Lakkuru", "KGISHobliID": 881, "UniqueVillageCode": "2608030002_1", "Bhucode": "260501005032", "CensusVillageCode": "2957705573618987", "BhoomiVillageCode": "2608030002", "created_user": "SA", "created_date": 1556019584000.0, "last_edited_user": "SURESHBV2", "last_edited_date": 1724226113000.0, "LGDGPCode": "219459", "LGDGPCode_Secondary": null, "Category": "Cadastral data available and has bhoomi linkage", "SHAPE.STArea()": 1878012.16429118, "SHAPE.STLength()": 6866.9838401635616, "LGD_VillageCode": 618987.0, "_overlap_percent": 99.999999999999957, "_police_station": "Saragur PS", "_police_feature_index": "506", "_admin_layer": "Village", "_geometry_clipped": true }, "geometry": { "type": "Polygon", "coordinates": [ [ [ 76.434665576168143, 12.00551536759661 ], [ 76.434768707539817, 12.004404535527753 ], [ 76.435072892256883, 12.002411926199779 ], [ 76.435029453655602, 12.00176509423893 ], [ 76.43502782702592, 12.001699276681762 ], [ 76.435020268824886, 12.001393448766215 ], [ 76.435016147755547, 12.000959291979941 ], [ 76.435039215819643, 12.000626711745634 ], [ 76.435280673632505, 12.000510444076051 ], [ 76.432336168787259, 12.000145005728543 ], [ 76.432288154641427, 12.000164003860061 ], [ 76.431968901419395, 12.000290321776983 ], [ 76.431690222432209, 12.000400585099936 ], [ 76.430681394817597, 12.000906492928323 ], [ 76.430663446892382, 12.000915635421658 ], [ 76.430661147998023, 12.000916808012077 ], [ 76.427912605178506, 12.001482304920906 ], [ 76.427807136915362, 12.001486847240516 ], [ 76.427768475794153, 12.001488254157024 ], [ 76.42751290667141, 12.001524694171907 ], [ 76.427260319894003, 12.001560709201064 ], [ 76.427150687291444, 12.001576341175658 ], [ 76.427114602507444, 12.001563680027246 ], [ 76.426662846443705, 12.001405166558547 ], [ 76.426662070806586, 12.001404889343728 ], [ 76.42631375320768, 12.001280645064655 ], [ 76.426311644697861, 12.001252365311636 ], [ 76.426273037177893, 12.001240564027182 ], [ 76.426270896749315, 12.001183337572847 ], [ 76.42614146659966, 12.001130066966148 ], [ 76.425762374479305, 12.001285702363599 ], [ 76.42575242255144, 12.001289787981328 ], [ 76.425036798870821, 12.001382860269961 ], [ 76.424929639540451, 12.001396797193699 ], [ 76.424785404604421, 12.001415555361614 ], [ 76.424270376567648, 12.002066177622204 ], [ 76.423970651492994, 12.001943535534897 ], [ 76.423666622139805, 12.001623532231781 ], [ 76.423559780787613, 12.001331379258168 ], [ 76.422804926365757, 12.001018589641108 ], [ 76.421909167369563, 12.00146318560004 ], [ 76.420670333205521, 12.002245934736251 ], [ 76.420600240849978, 12.002290140419884 ], [ 76.420499083504254, 12.002353928012894 ], [ 76.420312431909238, 12.002471601642485 ], [ 76.419828709848233, 12.002781638285015 ], [ 76.419966548194438, 12.00321454520968 ], [ 76.419850303245255, 12.005008924522022 ], [ 76.419623657525776, 12.005846114676297 ], [ 76.419086638660801, 12.006691168299337 ], [ 76.419964275353593, 12.007072048200733 ], [ 76.419749228801408, 12.007403671601166 ], [ 76.419833547288945, 12.007446759823894 ], [ 76.419862416845405, 12.007461513466151 ], [ 76.420144373229277, 12.007570792401502 ], [ 76.421080430581654, 12.007933602838186 ], [ 76.421375748006824, 12.008062574870568 ], [ 76.42220006844083, 12.008406882828226 ], [ 76.42684856008843, 12.010453125485762 ], [ 76.4270955159636, 12.010569487926636 ], [ 76.426237398524648, 12.010862158133527 ], [ 76.425677826218461, 12.01124157653585 ], [ 76.424776751455667, 12.012272380561949 ], [ 76.424894377345609, 12.012495931693801 ], [ 76.424930635336068, 12.012564827719785 ], [ 76.424995526768697, 12.012688117376992 ], [ 76.425099254193526, 12.012885171900606 ], [ 76.426681773523484, 12.012641152471495 ], [ 76.426229195347616, 12.011928085361992 ], [ 76.426346009226179, 12.011851349662406 ], [ 76.426684362205222, 12.011697308553932 ], [ 76.427202647816856, 12.011510142693286 ], [ 76.427659985148026, 12.011328199904982 ], [ 76.427685275309827, 12.011414544205065 ], [ 76.427779970144627, 12.011732289536239 ], [ 76.427985552128561, 12.012398306735959 ], [ 76.42862420456639, 12.01251554988033 ], [ 76.428676062777313, 12.012629616585681 ], [ 76.428830105175606, 12.012967865477666 ], [ 76.428971884965677, 12.013093751745062 ], [ 76.433817136854046, 12.01633783503846 ], [ 76.433944541057954, 12.016088309791273 ], [ 76.433946164369118, 12.016056307073871 ], [ 76.434665576168143, 12.00551536759661 ] ] ] } },
{ "type": "Feature", "properties": { "OBJECTID": 21847, "KGISVillageID": 27854, "KGISVillageCode": "2608030020", "KGISVillageName": "Puradakatte", "KGISHobliID": 881, "UniqueVillageCode": "2608030020_1", "Bhucode": "260501005045", "CensusVillageCode": "2957705573618985", "BhoomiVillageCode": "2608030020", "created_user": "SA", "created_date": 1556019584000.0, "last_edited_user": "SURESHBV2", "last_edited_date": 1724226113000.0, "LGDGPCode": "273307", "LGDGPCode_Secondary": null, "Category": "Cadastral data available and has bhoomi linkage", "SHAPE.STArea()": 1837684.4984340151, "SHAPE.STLength()": 5925.3172199027795, "LGD_VillageCode": 618985.0, "_overlap_percent": 100.00000000000003, "_police_station": "Saragur PS", "_police_feature_index": "506", "_admin_layer": "Village", "_geometry_clipped": true }, "geometry": { "type": "Polygon", "coordinates": [ [ [ 76.446303506666112, 12.004773139072032 ], [ 76.446627001291787, 12.004795571811561 ], [ 76.447400477437881, 12.004838785486937 ], [ 76.44805048423369, 12.003569337439254 ], [ 76.448606916973333, 12.002482309385703 ], [ 76.448257511325721, 12.002578066591425 ], [ 76.448221508118422, 12.002587884023605 ], [ 76.447942345356481, 12.002664003365533 ], [ 76.447868137632199, 12.002684163957401 ], [ 76.447787999478251, 12.002705936439739 ], [ 76.446670016981813, 12.002518547313553 ], [ 76.446470182690589, 12.002485052035983 ], [ 76.446420639819806, 12.002476747466371 ], [ 76.446019771237857, 12.002342622466792 ], [ 76.445872830404468, 12.002061015141479 ], [ 76.44569561836299, 12.001721394175052 ], [ 76.445668338165547, 12.00166911148626 ], [ 76.443228159926548, 12.001722089609915 ], [ 76.442606090967473, 12.001715728509943 ], [ 76.441784541069097, 12.001553056763635 ], [ 76.440981258841063, 12.001393999657706 ], [ 76.440972659757875, 12.001391828951961 ], [ 76.440002045752365, 12.001146859106992 ], [ 76.439663612575387, 12.001061442031943 ], [ 76.439367529046379, 12.000996525419501 ], [ 76.439094371486632, 12.000936634778151 ], [ 76.438583927759169, 12.000832466091158 ], [ 76.438367664388977, 12.000788332302143 ], [ 76.438111999564839, 12.000736156542541 ], [ 76.437338860267388, 12.000633938326947 ], [ 76.435932061798994, 12.000447937971002 ], [ 76.435871479728632, 12.000465799661551 ], [ 76.435863728035471, 12.00046808154519 ], [ 76.435745744856661, 12.000502728084204 ], [ 76.435280673632505, 12.000510444076051 ], [ 76.435039215819643, 12.000626711745634 ], [ 76.435016147755547, 12.000959291979941 ], [ 76.435020268824886, 12.001393448766215 ], [ 76.43502782702592, 12.001699276681762 ], [ 76.435029453655602, 12.00176509423893 ], [ 76.435072892256883, 12.002411926199779 ], [ 76.434768707539817, 12.004404535527753 ], [ 76.434665576168143, 12.00551536759661 ], [ 76.433946164369118, 12.016056307073871 ], [ 76.433944541057954, 12.016088309791273 ], [ 76.433817136854046, 12.01633783503846 ], [ 76.4337316464281, 12.016505387736634 ], [ 76.441255683627446, 12.016187537346795 ], [ 76.442451205648553, 12.013382343874801 ], [ 76.443320526628312, 12.011370061634581 ], [ 76.44359951429314, 12.010743825817732 ], [ 76.444348049083331, 12.009048028845397 ], [ 76.444381029943642, 12.00897305996325 ], [ 76.444743862094995, 12.008181077828539 ], [ 76.446303506666112, 12.004773139072032 ] ] ] } },
{ "type": "Feature", "properties": { "OBJECTID": 21832, "KGISVillageID": 27839, "KGISVillageCode": "2608030003", "KGISVillageName": "Kunnapatna", "KGISHobliID": 881, "UniqueVillageCode": "2608030003_1", "Bhucode": "260501005030", "CensusVillageCode": "2957705573618986", "BhoomiVillageCode": "2608030003", "created_user": "SA", "created_date": 1556019584000.0, "last_edited_user": "SURESHBV2", "last_edited_date": 1724226113000.0, "LGDGPCode": "273307", "LGDGPCode_Secondary": null, "Category": "Cadastral data available and has bhoomi linkage", "SHAPE.STArea()": 1495654.628753175, "SHAPE.STLength()": 6220.0790796226747, "LGD_VillageCode": 618986.0, "_overlap_percent": 100.00000000000003, "_police_station": "Saragur PS", "_police_feature_index": "506", "_admin_layer": "Village", "_geometry_clipped": true }, "geometry": { "type": "Polygon", "coordinates": [ [ [ 76.429829180087722, 12.017202566520506 ], [ 76.430211334397669, 12.017134297076252 ], [ 76.4337316464281, 12.016505387736634 ], [ 76.433817136854046, 12.01633783503846 ], [ 76.428971884965677, 12.013093751745062 ], [ 76.428830105175606, 12.012967865477666 ], [ 76.428676062777313, 12.012629616585681 ], [ 76.42862420456639, 12.01251554988033 ], [ 76.427985552128561, 12.012398306735959 ], [ 76.427779970144627, 12.011732289536239 ], [ 76.427685275309827, 12.011414544205065 ], [ 76.427659985148026, 12.011328199904982 ], [ 76.427202647816856, 12.011510142693286 ], [ 76.426684362205222, 12.011697308553932 ], [ 76.426346009226179, 12.011851349662406 ], [ 76.426229195347616, 12.011928085361992 ], [ 76.426681773523484, 12.012641152471495 ], [ 76.425099254193526, 12.012885171900606 ], [ 76.424995526768697, 12.012688117376992 ], [ 76.424930635336068, 12.012564827719785 ], [ 76.424894377345609, 12.012495931693801 ], [ 76.424776751455667, 12.012272380561949 ], [ 76.425677826218461, 12.01124157653585 ], [ 76.426237398524648, 12.010862158133527 ], [ 76.4270955159636, 12.010569487926636 ], [ 76.42684856008843, 12.010453125485762 ], [ 76.42220006844083, 12.008406882828226 ], [ 76.421375748006824, 12.008062574870568 ], [ 76.421080430581654, 12.007933602838186 ], [ 76.420144373229277, 12.007570792401502 ], [ 76.419862416845405, 12.007461513466151 ], [ 76.419833547288945, 12.007446759823894 ], [ 76.419749228801408, 12.007403671601166 ], [ 76.419964275353593, 12.007072048200733 ], [ 76.419086638660801, 12.006691168299337 ], [ 76.418664281854191, 12.00735078536805 ], [ 76.417990426568807, 12.008784401808944 ], [ 76.416819341330111, 12.010830041235007 ], [ 76.415519569971863, 12.01307690268883 ], [ 76.414584540291216, 12.014490675024017 ], [ 76.413884268256595, 12.015183160801739 ], [ 76.4137973537118, 12.015269107809143 ], [ 76.413790364205852, 12.015274489915594 ], [ 76.413888872577502, 12.015362872229959 ], [ 76.414359897154313, 12.015785478641915 ], [ 76.414365058024131, 12.015790108562866 ], [ 76.414493458878709, 12.015905310007662 ], [ 76.414580686656109, 12.015983815031754 ], [ 76.41494240069315, 12.016370738613858 ], [ 76.41494727811066, 12.016375956707057 ], [ 76.415497720503552, 12.016964755187498 ], [ 76.415499689580827, 12.01696686167559 ], [ 76.415505986562763, 12.016973597756689 ], [ 76.415519388389157, 12.016987882214679 ], [ 76.415602097894904, 12.017051218407293 ], [ 76.415622333167633, 12.017060484035095 ], [ 76.415787410888086, 12.017136074605428 ], [ 76.415880048068829, 12.017183496457692 ], [ 76.416194139369622, 12.017398881582766 ], [ 76.416203506860256, 12.017405305547117 ], [ 76.416252571994065, 12.017362703322526 ], [ 76.41630251589325, 12.017373814569371 ], [ 76.416337532847223, 12.017381612945561 ], [ 76.416381372310695, 12.017391375480722 ], [ 76.416390114838009, 12.017393324679915 ], [ 76.416400973112957, 12.017395745033141 ], [ 76.416507004292669, 12.017419381955357 ], [ 76.41650967541797, 12.017419977769805 ], [ 76.417386068678852, 12.017597697464055 ], [ 76.417463766807529, 12.017613453050608 ], [ 76.417609611560053, 12.017646025176489 ], [ 76.417942529474885, 12.017720376948812 ], [ 76.419749348049621, 12.018123890734117 ], [ 76.420112291218274, 12.01820494472012 ], [ 76.420679575585979, 12.018331631846436 ], [ 76.422884285811264, 12.018823978750572 ], [ 76.422974639460065, 12.018772806978784 ], [ 76.423870092496131, 12.018266625841036 ], [ 76.424055138567681, 12.018233634234353 ], [ 76.428028265541073, 12.017524374617842 ], [ 76.428259373296527, 12.017482997416565 ], [ 76.429829180087722, 12.017202566520506 ] ] ] } },
{ "type": "Feature", "properties": { "OBJECTID": 22613, "KGISVillageID": 28641, "KGISVillageCode": "2606050035", "KGISVillageName": "Kandhegala", "KGISHobliID": 382, "UniqueVillageCode": "2606050035_1", "Bhucode": "260601004031", "CensusVillageCode": "2957705574619164", "BhoomiVillageCode": "2606050035", "created_user": null, "created_date": null, "last_edited_user": "SURESHBV2", "last_edited_date": 1724226117000.0, "LGDGPCode": "219575", "LGDGPCode_Secondary": null, "Category": "Cadastral data available and has bhoomi linkage", "SHAPE.STArea()": 5214562.3427519798, "SHAPE.STLength()": 12070.943345562597, "LGD_VillageCode": 619164.0, "_overlap_percent": 0.14511463972723418, "_police_station": "Saragur PS", "_police_feature_index": "506", "_admin_layer": "Village", "_geometry_clipped": true }, "geometry": { "type": "MultiPolygon", "coordinates": [ [ [ [ 76.496787910985347, 11.971397274954795 ], [ 76.497905049526466, 11.971628979601787 ], [ 76.497983884603357, 11.971645330632583 ], [ 76.49799451245137, 11.971647534917185 ], [ 76.498548090113857, 11.971762349251332 ], [ 76.499555665240422, 11.971739987002705 ], [ 76.500962340764119, 11.971709275701713 ], [ 76.500999967365743, 11.971569475672334 ], [ 76.499371462124742, 11.971595305786 ], [ 76.498359940942038, 11.971611349152003 ], [ 76.496190157543964, 11.97114788459295 ], [ 76.496787910985347, 11.971397274954795 ] ] ], [ [ [ 76.495233752354864, 11.970786959884828 ], [ 76.495158503575055, 11.97075664867878 ], [ 76.494185462460081, 11.970674924436839 ], [ 76.495233752354864, 11.970786959884828 ] ] ], [ [ [ 76.494252480671477, 11.965480961886671 ], [ 76.494248899277821, 11.965499861107508 ], [ 76.494423511743861, 11.965124902850803 ], [ 76.494457260115922, 11.96505242562362 ], [ 76.494443082358572, 11.964945770641028 ], [ 76.494252480671477, 11.965480961886671 ] ] ] ] } },
{ "type": "Feature", "properties": { "OBJECTID": 22584, "KGISVillageID": 28611, "KGISVillageCode": "2606050037", "KGISVillageName": "Ariyuru", "KGISHobliID": 382, "UniqueVillageCode": "2606050037_1", "Bhucode": "260601004004", "CensusVillageCode": "2957705574619162", "BhoomiVillageCode": "2606050037", "created_user": null, "created_date": null, "last_edited_user": "SURESHBV2", "last_edited_date": 1724226117000.0, "LGDGPCode": "219575", "LGDGPCode_Secondary": null, "Category": "Cadastral data available and has bhoomi linkage", "SHAPE.STArea()": 4192580.5763953598, "SHAPE.STLength()": 10331.992859692113, "LGD_VillageCode": 619162.0, "_overlap_percent": 0.1636619474937529, "_police_station": "Saragur PS", "_police_feature_index": "506", "_admin_layer": "Village", "_geometry_clipped": true }, "geometry": { "type": "MultiPolygon", "coordinates": [ [ [ [ 76.501214675489734, 12.002474912025702 ], [ 76.501255097971509, 12.002459159903321 ], [ 76.502042735969169, 12.002152218976093 ], [ 76.502089252105733, 12.002063461607307 ], [ 76.502154433537541, 12.001939089226145 ], [ 76.502182224328038, 12.001886062896464 ], [ 76.502813070307297, 12.000682348777824 ], [ 76.502990207691496, 12.000486091400095 ], [ 76.503383498067066, 12.000614503268059 ], [ 76.503450537191839, 12.000636391846603 ], [ 76.503915263244153, 12.00101077242587 ], [ 76.503970252886276, 12.001074523563609 ], [ 76.503974563085265, 12.001070928728927 ], [ 76.503958077002466, 12.001052216423979 ], [ 76.503902566219054, 12.000989211214428 ], [ 76.503434676643806, 12.000618321875749 ], [ 76.502973875992751, 12.000467343177254 ], [ 76.502799445263122, 12.000659849560749 ], [ 76.502046199735759, 12.002110236965503 ], [ 76.501192636146683, 12.002483500616721 ], [ 76.501214675489734, 12.002474912025702 ] ] ], [ [ [ 76.494764906027157, 12.001886008487118 ], [ 76.494954741506405, 12.002056666351843 ], [ 76.495660274384875, 12.00246084738621 ], [ 76.495675294197369, 12.002468907213638 ], [ 76.495733784609925, 12.002500292538762 ], [ 76.495746901543797, 12.002504174950353 ], [ 76.495790318962833, 12.002517025436745 ], [ 76.495814141303839, 12.0025240762293 ], [ 76.494977879737618, 12.002052629077124 ], [ 76.49477313500185, 12.001871053154318 ], [ 76.494764906027157, 12.001886008487118 ] ] ], [ [ [ 76.498941341361657, 11.984152665944228 ], [ 76.498814278362985, 11.984142639794976 ], [ 76.498796131756933, 11.984141208100814 ], [ 76.4987909485872, 11.984140799165846 ], [ 76.498763072804209, 11.984240368107947 ], [ 76.498715972152581, 11.984344797013415 ], [ 76.498552589741379, 11.984783350145699 ], [ 76.498405629216208, 11.985224367556482 ], [ 76.498395671887977, 11.98525424920277 ], [ 76.498334819478444, 11.985436861079064 ], [ 76.498300053231247, 11.98554119234544 ], [ 76.498216666343239, 11.985791427803441 ], [ 76.498180740147589, 11.985899239549845 ], [ 76.498170442211688, 11.985930140979942 ], [ 76.498149076723251, 11.985994257816017 ], [ 76.498094476882898, 11.986158106922147 ], [ 76.498060256332977, 11.986235543229899 ], [ 76.498050423957494, 11.986257791263972 ], [ 76.497794235223083, 11.986977562217414 ], [ 76.49776650300528, 11.987055477320444 ], [ 76.497690728545876, 11.987268368875913 ], [ 76.497453801897208, 11.987899030643709 ], [ 76.497306676244733, 11.988290653789974 ], [ 76.497302576567321, 11.988301565954922 ], [ 76.497288530885314, 11.988338954110178 ], [ 76.49726588521473, 11.988399232268396 ], [ 76.497691574316221, 11.987336132340344 ], [ 76.498125718624649, 11.986339021220996 ], [ 76.498168963834317, 11.986242404127701 ], [ 76.498697756207235, 11.984977126382168 ], [ 76.499052103114806, 11.98409480877225 ], [ 76.499195336567055, 11.984010382138816 ], [ 76.498941341361657, 11.984152665944228 ] ] ], [ [ [ 76.499229720286309, 11.983990115213627 ], [ 76.499347182180301, 11.983920879206874 ], [ 76.499353717349621, 11.983854264494296 ], [ 76.499229720286309, 11.983990115213627 ] ] ] ] } },
{ "type": "Feature", "properties": { "OBJECTID": 22608, "KGISVillageID": 28636, "KGISVillageCode": "2606050040", "KGISVillageName": "Kadajatti", "KGISHobliID": 382, "UniqueVillageCode": "2606050040_1", "Bhucode": "260601004026", "CensusVillageCode": "2957705574619151", "BhoomiVillageCode": "2606050040", "created_user": null, "created_date": null, "last_edited_user": "SURESHBV2", "last_edited_date": 1724226117000.0, "LGDGPCode": "219575", "LGDGPCode_Secondary": null, "Category": "Cadastral data available and has bhoomi linkage", "SHAPE.STArea()": 5594950.8110291697, "SHAPE.STLength()": 13336.086811867992, "LGD_VillageCode": 619151.0, "_overlap_percent": 0.053591765760136335, "_police_station": "Saragur PS", "_police_feature_index": "506", "_admin_layer": "Village", "_geometry_clipped": true }, "geometry": { "type": "MultiPolygon", "coordinates": [ [ [ [ 76.505360218222961, 12.010071066309617 ], [ 76.504967806307619, 12.010595805904028 ], [ 76.505041748004686, 12.01127747471592 ], [ 76.505631386491416, 12.012811344928421 ], [ 76.505712737502662, 12.013108458023815 ], [ 76.505660444579803, 12.012808687836593 ], [ 76.505143098734536, 12.011255800598043 ], [ 76.505058995673039, 12.010568611248845 ], [ 76.505386853284406, 12.010039293798789 ], [ 76.505422889950893, 12.009968259153901 ], [ 76.505360218222961, 12.010071066309617 ] ] ], [ [ [ 76.504556854881102, 12.002492660939158 ], [ 76.504907092024681, 12.003638104854637 ], [ 76.505071914403658, 12.004481449569601 ], [ 76.505485117273821, 12.005348247438192 ], [ 76.505854887900554, 12.00574485155828 ], [ 76.50620244728114, 12.00628141933703 ], [ 76.506201811994487, 12.006279787572378 ], [ 76.505831537872297, 12.005688942357077 ], [ 76.505468339968402, 12.005290520935715 ], [ 76.505063031847087, 12.004424808807668 ], [ 76.504902066779607, 12.00358646443213 ], [ 76.504552482286826, 12.002452700048359 ], [ 76.504286184487924, 12.00158905477536 ], [ 76.504556854881102, 12.002492660939158 ] ] ], [ [ [ 76.503970252886276, 12.001074523563609 ], [ 76.504215044990886, 12.001358338297038 ], [ 76.504208188719517, 12.001336102340234 ], [ 76.503974563085265, 12.001070928728927 ], [ 76.503970252886276, 12.001074523563609 ] ] ] ] } },
{ "type": "Feature", "properties": { "OBJECTID": 22607, "KGISVillageID": 28635, "KGISVillageCode": "2606050038", "KGISVillageName": "Jalahalli", "KGISHobliID": 382, "UniqueVillageCode": "2606050038_1", "Bhucode": "260601004025", "CensusVillageCode": "2957705574619163", "BhoomiVillageCode": "2606050038", "created_user": null, "created_date": null, "last_edited_user": "SURESHBV2", "last_edited_date": 1724226117000.0, "LGDGPCode": "219575", "LGDGPCode_Secondary": null, "Category": "Cadastral data available and has bhoomi linkage", "SHAPE.STArea()": 1252736.13280531, "SHAPE.STLength()": 5304.478056592191, "LGD_VillageCode": 619163.0, "_overlap_percent": 0.1455148618647972, "_police_station": "Saragur PS", "_police_feature_index": "506", "_admin_layer": "Village", "_geometry_clipped": true }, "geometry": { "type": "MultiPolygon", "coordinates": [ [ [ [ 76.493663739325854, 12.001017354520229 ], [ 76.493942184990274, 12.001146397571084 ], [ 76.494764906027157, 12.001886008487118 ], [ 76.49477313500185, 12.001871053154318 ], [ 76.493961961930665, 12.001151672026355 ], [ 76.493627680149899, 12.00100064308668 ], [ 76.493663739325854, 12.001017354520229 ] ] ], [ [ [ 76.491577150932102, 11.99111797407663 ], [ 76.491586573238067, 11.991181070494601 ], [ 76.491611342541475, 11.991260934993583 ], [ 76.491678474491124, 11.991476219519258 ], [ 76.491696252108909, 11.99153323141654 ], [ 76.490653689699016, 11.991214353461242 ], [ 76.490575670025621, 11.991190490251979 ], [ 76.49051590934458, 11.991172211845951 ], [ 76.490258532301596, 11.991164578921207 ], [ 76.488921468109183, 11.991124920913837 ], [ 76.488405896232678, 11.991304194257244 ], [ 76.488180754450525, 11.991339999896736 ], [ 76.488032959153799, 11.991363505125207 ], [ 76.487896243945343, 11.991289652989991 ], [ 76.487875870726455, 11.991278647634507 ], [ 76.487811957074527, 11.991177349278214 ], [ 76.487772412065183, 11.991114673930189 ], [ 76.487712770753959, 11.991105081369424 ], [ 76.487653020066404, 11.991095470391203 ], [ 76.487058621343905, 11.991526440566279 ], [ 76.486713055738207, 11.991574412145301 ], [ 76.48578551872383, 11.99201372171358 ], [ 76.485611136341518, 11.992165659170128 ], [ 76.485252230579349, 11.992590946771323 ], [ 76.484949812361251, 11.992882403942449 ], [ 76.484261544137397, 11.992954675652632 ], [ 76.48345683112764, 11.993136237006912 ], [ 76.483128593102691, 11.993591254470779 ], [ 76.483121415042817, 11.993845586699637 ], [ 76.483131712905788, 11.993617184480209 ], [ 76.483466597619127, 11.993156608893166 ], [ 76.484276271805541, 11.99296387233931 ], [ 76.484967317606404, 11.992881134930014 ], [ 76.485274340342173, 11.992585507302065 ], [ 76.4856371611763, 11.99215928038257 ], [ 76.48581239845025, 11.992007504722977 ], [ 76.486730143405694, 11.991588464532834 ], [ 76.487071183699427, 11.991546877920181 ], [ 76.487664124182572, 11.99111121797238 ], [ 76.487782384907888, 11.991131271906431 ], [ 76.487883908047763, 11.991298976994475 ], [ 76.488038652604246, 11.991386614256594 ], [ 76.488409189490653, 11.991327009658146 ], [ 76.488923940031526, 11.991142639069343 ], [ 76.490520233978145, 11.991179465590694 ], [ 76.491715298009964, 11.991540801797781 ], [ 76.491592984708248, 11.991147459655721 ], [ 76.491570994007219, 11.991076740606021 ], [ 76.491577150932102, 11.99111797407663 ] ] ] ] } },
{ "type": "Feature", "properties": { "OBJECTID": 21813, "KGISVillageID": 27820, "KGISVillageCode": "2608030023", "KGISVillageName": "Chamalapura", "KGISHobliID": 881, "UniqueVillageCode": "2608030023_1", "Bhucode": "260501005011", "CensusVillageCode": "2957705573618995", "BhoomiVillageCode": "2608030023", "created_user": "SA", "created_date": 1556019584000.0, "last_edited_user": "SURESHBV2", "last_edited_date": 1724226112000.0, "LGDGPCode": "219456", "LGDGPCode_Secondary": null, "Category": "Cadastral data available and has bhoomi linkage", "SHAPE.STArea()": 5780031.6090116454, "SHAPE.STLength()": 13135.316635181163, "LGD_VillageCode": 618995.0, "_overlap_percent": 99.965388150294686, "_police_station": "Saragur PS", "_police_feature_index": "506", "_admin_layer": "Village", "_geometry_clipped": true }, "geometry": { "type": "Polygon", "coordinates": [ [ [ 76.483128593102691, 11.993591254470779 ], [ 76.48345683112764, 11.993136237006912 ], [ 76.484261544137397, 11.992954675652632 ], [ 76.484949812361251, 11.992882403942449 ], [ 76.485252230579349, 11.992590946771323 ], [ 76.485611136341518, 11.992165659170128 ], [ 76.48578551872383, 11.99201372171358 ], [ 76.486713055738207, 11.991574412145301 ], [ 76.487058621343905, 11.991526440566279 ], [ 76.487653020066404, 11.991095470391203 ], [ 76.487658287233273, 11.990941781332475 ], [ 76.487626017195367, 11.990785960092863 ], [ 76.487539590965056, 11.990647515011135 ], [ 76.487363809457563, 11.99036376311172 ], [ 76.487317372683833, 11.990288154638561 ], [ 76.487310180670875, 11.99027644458325 ], [ 76.487074569879255, 11.98989282230413 ], [ 76.486890246231184, 11.989713981687606 ], [ 76.486950429366772, 11.989080336145001 ], [ 76.486956832564417, 11.989012919904065 ], [ 76.486979428226419, 11.98877501699727 ], [ 76.48738185307711, 11.987580002392896 ], [ 76.488017533922672, 11.986806291451529 ], [ 76.48803122520583, 11.986789627440416 ], [ 76.488437583422723, 11.986295030643847 ], [ 76.488594614240441, 11.986103900096989 ], [ 76.488942471752807, 11.985586136083139 ], [ 76.489130580607792, 11.98530614838735 ], [ 76.488718778012114, 11.984525152347022 ], [ 76.487740786658932, 11.984165625671617 ], [ 76.487738457800191, 11.984164769235324 ], [ 76.487373754888381, 11.984030696817367 ], [ 76.486449748662537, 11.983795853178965 ], [ 76.4853683146451, 11.983910066713706 ], [ 76.485338241804342, 11.983913242969564 ], [ 76.485337130407146, 11.983913360060081 ], [ 76.484672997575316, 11.984034438196906 ], [ 76.484341574860011, 11.984094859377739 ], [ 76.484288670279312, 11.984104503876244 ], [ 76.483843515779355, 11.984263323670055 ], [ 76.483822503280649, 11.984270820212105 ], [ 76.483387443369978, 11.984426037445873 ], [ 76.482805638672275, 11.984633608241749 ], [ 76.482140099434318, 11.984798824406313 ], [ 76.482074656545507, 11.984815070292083 ], [ 76.481866808019902, 11.984876445186018 ], [ 76.480863728243605, 11.984866982288192 ], [ 76.479722055700407, 11.984911592824556 ], [ 76.479157451224225, 11.984774685641627 ], [ 76.478239524864392, 11.984716893629113 ], [ 76.47760841613794, 11.984955683824516 ], [ 76.476341381407266, 11.985689199839737 ], [ 76.475270130675199, 11.985691017394807 ], [ 76.474605503258246, 11.98528207758997 ], [ 76.473766227273074, 11.985189006275107 ], [ 76.472782673651054, 11.984995518697373 ], [ 76.472047689772182, 11.985051070925433 ], [ 76.471263144878264, 11.984954332219294 ], [ 76.470697945758602, 11.985064163579692 ], [ 76.470031227534221, 11.98540392596108 ], [ 76.4694535209739, 11.985631963032329 ], [ 76.468727608359501, 11.986335610561721 ], [ 76.468084027174342, 11.986676066688485 ], [ 76.467162560867763, 11.987254614611579 ], [ 76.467289983913915, 11.987288590185088 ], [ 76.467328553853093, 11.987298874438542 ], [ 76.467344679354625, 11.987297207860202 ], [ 76.467343935644564, 11.987373186809524 ], [ 76.467352388218146, 11.98750905992374 ], [ 76.467408370531885, 11.988350815268005 ], [ 76.467417362317562, 11.988486017434512 ], [ 76.467466545473982, 11.98922552400655 ], [ 76.467476098127889, 11.989369159967334 ], [ 76.467490120001031, 11.989488296717084 ], [ 76.467499860619426, 11.98957105546457 ], [ 76.467547875342021, 11.989921530162878 ], [ 76.467551775961383, 11.989950003188246 ], [ 76.467565131748742, 11.990047491924956 ], [ 76.467562934894346, 11.990082605624355 ], [ 76.46755767183636, 11.990166815349717 ], [ 76.467545306304928, 11.990365122930076 ], [ 76.467538749609503, 11.990470273995786 ], [ 76.46753332640867, 11.990557645175604 ], [ 76.467519788741654, 11.990775757950468 ], [ 76.46751948545041, 11.990780637882152 ], [ 76.467512899987796, 11.990886752832134 ], [ 76.467511721828359, 11.990905783275442 ], [ 76.467512559798095, 11.991003369239158 ], [ 76.467514154675854, 11.99118915014734 ], [ 76.467515029117635, 11.991290931690083 ], [ 76.467516419711188, 11.991444867926001 ], [ 76.467516743721816, 11.991480678106203 ], [ 76.467517873626008, 11.991605757907001 ], [ 76.46751817536331, 11.991638127326835 ], [ 76.467518247760864, 11.991645912767147 ], [ 76.467519037313821, 11.991730630498413 ], [ 76.467520286490654, 11.991868935258784 ], [ 76.467522047154233, 11.992063962981046 ], [ 76.467522800882932, 11.992147486625752 ], [ 76.467524196891105, 11.992305978413802 ], [ 76.467528239028368, 11.992411733896484 ], [ 76.467530062692902, 11.992459437344188 ], [ 76.467533689851749, 11.992554339875589 ], [ 76.467535491074372, 11.992601458509293 ], [ 76.467550098352845, 11.992998786902055 ], [ 76.467550270171628, 11.993027674535782 ], [ 76.467550273735355, 11.993028333581421 ], [ 76.467552649174579, 11.993499883004302 ], [ 76.467552684659395, 11.99350695442461 ], [ 76.467552730221684, 11.99356870281523 ], [ 76.46755280727541, 11.993671765964091 ], [ 76.467552882910482, 11.99377337718931 ], [ 76.467659789189611, 11.994458510368142 ], [ 76.46768077257623, 11.994597514458173 ], [ 76.467685370061048, 11.994627972756287 ], [ 76.467698396722668, 11.994714269003698 ], [ 76.468217903899813, 11.995846376649439 ], [ 76.468270605557905, 11.995961223095419 ], [ 76.468560133807216, 11.996592156297204 ], [ 76.468684436848704, 11.996863033968932 ], [ 76.46868899979323, 11.996872659121854 ], [ 76.468610739434496, 11.996990523204687 ], [ 76.467418840548575, 11.997273471292203 ], [ 76.467413682472483, 11.99727469621917 ], [ 76.467187556986516, 11.997328376111286 ], [ 76.467054760434749, 11.997360448635526 ], [ 76.466121561187876, 11.997593037887144 ], [ 76.466047200982658, 11.997611571062254 ], [ 76.464834608646186, 11.997894947995317 ], [ 76.464533828152369, 11.997969306506512 ], [ 76.464171722483528, 11.998065044845138 ], [ 76.464009316473579, 11.998108596134708 ], [ 76.463876124495371, 11.998144312691737 ], [ 76.463569795237717, 11.998232206915887 ], [ 76.462734082532265, 11.998471992874064 ], [ 76.462259648280892, 11.998599850672186 ], [ 76.461267524923258, 11.998847487769496 ], [ 76.460593014801233, 11.999035558668949 ], [ 76.460545126338843, 11.999048911235137 ], [ 76.459602023697727, 11.999311869487194 ], [ 76.458087815953959, 11.999739393113625 ], [ 76.457641835116334, 11.999871876938052 ], [ 76.457589668243074, 11.999887374068242 ], [ 76.455371376684781, 12.000546332182243 ], [ 76.45531548877922, 12.000562934055591 ], [ 76.453761065659847, 12.001024673192363 ], [ 76.453391690176815, 12.001131554455315 ], [ 76.453381083142958, 12.001134623716618 ], [ 76.452273235174971, 12.001455182818466 ], [ 76.45177932560668, 12.00159355618058 ], [ 76.451716133914502, 12.001611259365765 ], [ 76.450061636578994, 12.002074773147793 ], [ 76.449983999409369, 12.002096523316242 ], [ 76.448606916973333, 12.002482309385703 ], [ 76.44805048423369, 12.003569337439254 ], [ 76.447400477437881, 12.004838785486937 ], [ 76.448875212004452, 12.006445760058027 ], [ 76.451722763300182, 12.009484554852639 ], [ 76.452731733683024, 12.010577758686049 ], [ 76.453980123316271, 12.011930350126569 ], [ 76.455127710268613, 12.013173706911157 ], [ 76.455092056753884, 12.012969069157766 ], [ 76.455167338916084, 12.012928007767703 ], [ 76.455167924960165, 12.012927686484968 ], [ 76.455176142531386, 12.012923206540489 ], [ 76.455182848238167, 12.012919545415247 ], [ 76.455187449676046, 12.012917037082207 ], [ 76.455189761835655, 12.012915775623554 ], [ 76.45519347046104, 12.012913754710546 ], [ 76.455288083143401, 12.012862145249949 ], [ 76.455317906791834, 12.01284587587473 ], [ 76.455474068657296, 12.012760699717168 ], [ 76.455576341125493, 12.012704915985141 ], [ 76.455622398380939, 12.01267979440035 ], [ 76.455925432646453, 12.012514500434047 ], [ 76.456305067439217, 12.012307351110898 ], [ 76.456636691892257, 12.012126485031317 ], [ 76.456858106785504, 12.012005743894345 ], [ 76.457008315662861, 12.011923832757645 ], [ 76.458196468851241, 12.011275651578885 ], [ 76.458552852216769, 12.011081340159109 ], [ 76.459405490007711, 12.010616247848183 ], [ 76.459647150106804, 12.01048397168096 ], [ 76.460027996321145, 12.010276432771931 ], [ 76.460163664167752, 12.010202680235974 ], [ 76.460265153572024, 12.010147508421927 ], [ 76.460610712540671, 12.009958824791472 ], [ 76.460701793716268, 12.009909094540086 ], [ 76.460951064503533, 12.009773168587595 ], [ 76.46110058124178, 12.009691637028384 ], [ 76.461156821480785, 12.009660931254878 ], [ 76.461320343785346, 12.009571649976372 ], [ 76.461335412703548, 12.009563511472306 ], [ 76.461353779094992, 12.009553592804766 ], [ 76.461408717699314, 12.009523524827463 ], [ 76.461526948793122, 12.009459030976068 ], [ 76.461540607038188, 12.009451907869829 ], [ 76.46157341527018, 12.00943371834213 ], [ 76.461629235979572, 12.009403235269897 ], [ 76.461735350319728, 12.009345286831909 ], [ 76.461795993018882, 12.009312182949119 ], [ 76.461799428209943, 12.009310396637483 ], [ 76.46180009125662, 12.0093100523383 ], [ 76.461800491317291, 12.00930981699779 ], [ 76.461804209959666, 12.009307629606683 ], [ 76.461811756943945, 12.0093036719301 ], [ 76.461826846884037, 12.009295520635833 ], [ 76.461850774452628, 12.009282451125836 ], [ 76.461892959543931, 12.009259378501978 ], [ 76.463043339626608, 12.008629356707305 ], [ 76.465680357917662, 12.007190707978221 ], [ 76.466242162450769, 12.006886665296141 ], [ 76.466775065778435, 12.006596058415189 ], [ 76.467048216214536, 12.006447148447499 ], [ 76.467097093056736, 12.006420449991563 ], [ 76.467126150904832, 12.006404651828502 ], [ 76.467143294809802, 12.006395299758113 ], [ 76.46714941050692, 12.006391964225886 ], [ 76.467153346931369, 12.00638981721719 ], [ 76.467155711155101, 12.00638852556407 ], [ 76.467281339678053, 12.006319993895199 ], [ 76.467637555942801, 12.00612572106213 ], [ 76.467825967810555, 12.006022887705832 ], [ 76.467948925734603, 12.005955779223932 ], [ 76.468121967588459, 12.005861412457895 ], [ 76.468495734963412, 12.00565743452745 ], [ 76.468603752160078, 12.005598542616998 ], [ 76.468607762969313, 12.00559639972008 ], [ 76.468609496409826, 12.005595473897767 ], [ 76.468610639956452, 12.005594830528416 ], [ 76.468615705809313, 12.0055919814421 ], [ 76.468666037039526, 12.005564611525509 ], [ 76.468871694956448, 12.005452641834484 ], [ 76.469033373499755, 12.005364250438715 ], [ 76.469037340846043, 12.005362053520704 ], [ 76.469488676535491, 12.005115836896765 ], [ 76.469531226582575, 12.005092749588005 ], [ 76.469669644444863, 12.005017392811967 ], [ 76.469750898617932, 12.00497278610424 ], [ 76.469801165934498, 12.004945191231354 ], [ 76.469882378989283, 12.004900800777516 ], [ 76.469960860161066, 12.004857982360676 ], [ 76.470045923107349, 12.004811087266551 ], [ 76.470204239994118, 12.004724792287817 ], [ 76.470341022105799, 12.004650327086434 ], [ 76.470383575090707, 12.00462662488412 ], [ 76.470442856824207, 12.004595299372848 ], [ 76.470473093369847, 12.004579322031889 ], [ 76.470535266799246, 12.004544914717536 ], [ 76.470550498426718, 12.004536576930324 ], [ 76.470601904130149, 12.00450843712458 ], [ 76.470615449804811, 12.004501143350286 ], [ 76.470646974889803, 12.004484170172949 ], [ 76.470669228687456, 12.004473033549878 ], [ 76.470798262839068, 12.004410337307981 ], [ 76.471129633723805, 12.004230557659136 ], [ 76.471423224106644, 12.004090907975298 ], [ 76.472911144070594, 12.003383150750514 ], [ 76.472402795516757, 12.003377763950109 ], [ 76.472383119990923, 12.003164355630984 ], [ 76.472720227598188, 12.003179147521104 ], [ 76.47302756465578, 12.002926765017888 ], [ 76.473654834248947, 12.002415794251494 ], [ 76.47386261870902, 12.00236849860895 ], [ 76.473946107936129, 12.002180866189663 ], [ 76.474026091196478, 12.002116639692142 ], [ 76.475257936396375, 12.001722893471948 ], [ 76.475269315188655, 12.001693443302127 ], [ 76.475805499988056, 12.001187389385116 ], [ 76.476244127223737, 12.000231650525803 ], [ 76.476223068841676, 12.000099208848313 ], [ 76.476390262327115, 12.000091755256697 ], [ 76.476667612664642, 11.999708374412785 ], [ 76.47671547011403, 11.99967871365423 ], [ 76.476853017665306, 11.999649694329991 ], [ 76.477039865919124, 11.999067654755079 ], [ 76.477585691799234, 11.999139949226363 ], [ 76.478245186488394, 11.99911330925498 ], [ 76.478628506213099, 11.998968683163428 ], [ 76.479162469637146, 11.998886510471801 ], [ 76.479332062855079, 11.998737819981732 ], [ 76.479974818300988, 11.998846323153126 ], [ 76.480570893590723, 11.998842978095315 ], [ 76.481004869213351, 11.998758385443432 ], [ 76.481442698159697, 11.998673520423983 ], [ 76.481914783001244, 11.998684086830536 ], [ 76.482884584875023, 11.998164430820617 ], [ 76.483055806671473, 11.998159422852014 ], [ 76.483134924183474, 11.998087655216054 ], [ 76.483223177030808, 11.998007628480421 ], [ 76.483545884023286, 11.997846216989537 ], [ 76.483592836757211, 11.99783206983137 ], [ 76.48360431237171, 11.997472370509078 ], [ 76.483356290333091, 11.996627151954113 ], [ 76.48316741034543, 11.995610127538878 ], [ 76.483090192777667, 11.994538083256405 ], [ 76.483121415042817, 11.993845586699637 ], [ 76.483128593102691, 11.993591254470779 ] ] ] } },
{ "type": "Feature", "properties": { "OBJECTID": 21827, "KGISVillageID": 27834, "KGISVillageCode": "2608030021", "KGISVillageName": "Kallambalu", "KGISHobliID": 881, "UniqueVillageCode": "2608030021_1", "Bhucode": "260501005025", "CensusVillageCode": "2957705573618983", "BhoomiVillageCode": "2608030021", "created_user": null, "created_date": null, "last_edited_user": "SURESHBV2", "last_edited_date": 1724226113000.0, "LGDGPCode": "219454", "LGDGPCode_Secondary": null, "Category": "Cadastral data available and has bhoomi linkage", "SHAPE.STArea()": 4353011.2715171603, "SHAPE.STLength()": 9724.3456389865933, "LGD_VillageCode": 618983.0, "_overlap_percent": 99.765316480675722, "_police_station": "Saragur PS", "_police_feature_index": "506", "_admin_layer": "Village", "_geometry_clipped": true }, "geometry": { "type": "Polygon", "coordinates": [ [ [ 76.499713053100976, 12.017961867092746 ], [ 76.49998886901912, 12.017815778149021 ], [ 76.500301190173175, 12.0176492152387 ], [ 76.500302629846047, 12.017649591265773 ], [ 76.500311555799769, 12.017644863535919 ], [ 76.501430113298696, 12.017930025526738 ], [ 76.502214712411984, 12.018070387915369 ], [ 76.502253020834601, 12.018069330976365 ], [ 76.50304499243687, 12.01801907124187 ], [ 76.503978958771924, 12.017959801736486 ], [ 76.504769261426205, 12.017818979859262 ], [ 76.505479752741351, 12.017412781216152 ], [ 76.505684130691833, 12.017289383130768 ], [ 76.506257172500838, 12.016450255885134 ], [ 76.506283873280609, 12.016375029591869 ], [ 76.506436805057177, 12.015811501118229 ], [ 76.506177988359951, 12.014746426487054 ], [ 76.505835458481812, 12.013811958399732 ], [ 76.505712737502662, 12.013108458023815 ], [ 76.505631386491416, 12.012811344928421 ], [ 76.505041748004686, 12.01127747471592 ], [ 76.504967806307619, 12.010595805904028 ], [ 76.505360218222961, 12.010071066309617 ], [ 76.505422889950893, 12.009968259153901 ], [ 76.505840188752288, 12.00914568939198 ], [ 76.506418490545897, 12.006836336960152 ], [ 76.50620244728114, 12.00628141933703 ], [ 76.505854887900554, 12.00574485155828 ], [ 76.505485117273821, 12.005348247438192 ], [ 76.505071914403658, 12.004481449569601 ], [ 76.504907092024681, 12.003638104854637 ], [ 76.504556854881102, 12.002492660939158 ], [ 76.504286184487924, 12.00158905477536 ], [ 76.504215044990886, 12.001358338297038 ], [ 76.503970252886276, 12.001074523563609 ], [ 76.503915263244153, 12.00101077242587 ], [ 76.503450537191839, 12.000636391846603 ], [ 76.503383498067066, 12.000614503268059 ], [ 76.502990207691496, 12.000486091400095 ], [ 76.502813070307297, 12.000682348777824 ], [ 76.502182224328038, 12.001886062896464 ], [ 76.502154433537541, 12.001939089226145 ], [ 76.502089252105733, 12.002063461607307 ], [ 76.502042735969169, 12.002152218976093 ], [ 76.501255097971509, 12.002459159903321 ], [ 76.501214675489734, 12.002474912025702 ], [ 76.501192636146683, 12.002483500616721 ], [ 76.501055116478099, 12.00254363801511 ], [ 76.499868494794228, 12.002805315907759 ], [ 76.498967779811508, 12.002407123606462 ], [ 76.498367367408704, 12.002269947939777 ], [ 76.497801997560614, 12.002448873993167 ], [ 76.497320460079237, 12.002758335232802 ], [ 76.496685225007639, 12.002806717818716 ], [ 76.495938176564167, 12.002594001803564 ], [ 76.495814141303839, 12.0025240762293 ], [ 76.495790318962833, 12.002517025436745 ], [ 76.495746901543797, 12.002504174950353 ], [ 76.495733784609925, 12.002500292538762 ], [ 76.495675294197369, 12.002468907213638 ], [ 76.495660274384875, 12.00246084738621 ], [ 76.494954741506405, 12.002056666351843 ], [ 76.494764906027157, 12.001886008487118 ], [ 76.493942184990274, 12.001146397571084 ], [ 76.493663739325854, 12.001017354520229 ], [ 76.493627680149899, 12.00100064308668 ], [ 76.493445279921204, 12.000918234428113 ], [ 76.492347089913679, 12.000422066776656 ], [ 76.491615832836658, 11.999819443508811 ], [ 76.490610411987134, 11.999373157702248 ], [ 76.489304690182507, 11.998624620286513 ], [ 76.488459860247048, 11.998233241710322 ], [ 76.487671046122998, 11.998267921980871 ], [ 76.487105818043062, 11.998776694848418 ], [ 76.486837671603183, 11.999577124894104 ], [ 76.487150876077052, 12.000062431747066 ], [ 76.487215492802349, 12.000150519763039 ], [ 76.487559140921249, 12.00019589063969 ], [ 76.487619602692263, 12.000929476571281 ], [ 76.487643597919529, 12.001220616704048 ], [ 76.487647200743936, 12.00157154935229 ], [ 76.487648626326205, 12.00171039065536 ], [ 76.487650197336862, 12.001863352573423 ], [ 76.487684226940232, 12.002057128306516 ], [ 76.487782677910957, 12.002617744722857 ], [ 76.487797098277326, 12.002699860491914 ], [ 76.487840987097627, 12.002947791070026 ], [ 76.487855269232867, 12.003028471921111 ], [ 76.487862222661747, 12.003067753335541 ], [ 76.487944627619257, 12.003386078756325 ], [ 76.487918638642626, 12.003386449309057 ], [ 76.48784325617882, 12.004238790181658 ], [ 76.487785258335833, 12.004894565989305 ], [ 76.487768019688758, 12.005089476740778 ], [ 76.486717196654325, 12.005678879680655 ], [ 76.486674528948967, 12.005702812659003 ], [ 76.486434117598876, 12.005833768363503 ], [ 76.486253264362603, 12.005932282639835 ], [ 76.486164243162548, 12.005981275520121 ], [ 76.486107776744404, 12.006012352373665 ], [ 76.486093066494931, 12.006045180044444 ], [ 76.486070096565342, 12.006096437433504 ], [ 76.485996915374642, 12.00625974388562 ], [ 76.485622118241494, 12.006727852877543 ], [ 76.485065329103094, 12.007033291349778 ], [ 76.484965554525317, 12.007109493508255 ], [ 76.48436444484949, 12.007568589400892 ], [ 76.48426821886315, 12.007626425542984 ], [ 76.484237918992534, 12.007641449969864 ], [ 76.484258883391945, 12.007703511772377 ], [ 76.483419876670766, 12.008223046208789 ], [ 76.482912518486643, 12.008342061170625 ], [ 76.482760018704042, 12.008377833306486 ], [ 76.482388840289346, 12.00879804518328 ], [ 76.481198748931817, 12.00928584319572 ], [ 76.48099535502368, 12.009364793415788 ], [ 76.48095747736852, 12.009379496032917 ], [ 76.480922994143114, 12.009392880631632 ], [ 76.481018660735273, 12.009729011705767 ], [ 76.480829703827908, 12.010213954019701 ], [ 76.480730420567028, 12.010468755758799 ], [ 76.480691050930972, 12.010898696641897 ], [ 76.480689709311008, 12.010913341386512 ], [ 76.480685292856819, 12.010961578308757 ], [ 76.480633680164743, 12.011272834793068 ], [ 76.480620800094897, 12.011350509340092 ], [ 76.480586849731807, 12.011555247221629 ], [ 76.480567812777267, 12.011670052484144 ], [ 76.480554480141308, 12.011750456072592 ], [ 76.48050964206638, 12.012020859259424 ], [ 76.480497807521601, 12.012092230584662 ], [ 76.480463424392212, 12.012389057432056 ], [ 76.480449889485882, 12.012505899336494 ], [ 76.48044988243052, 12.012505952713404 ], [ 76.480425291985583, 12.012718246887488 ], [ 76.480406254737417, 12.012882597364854 ], [ 76.480388646987905, 12.013034603465748 ], [ 76.480383765530675, 12.01307674224971 ], [ 76.480365169229628, 12.013279776938901 ], [ 76.480355449458827, 12.013385901798772 ], [ 76.480324407638619, 12.013724816649761 ], [ 76.48034662823116, 12.013906723385295 ], [ 76.480379725122205, 12.014177670366447 ], [ 76.480409298622519, 12.014419777484608 ], [ 76.48040955482287, 12.014422124876248 ], [ 76.48047610060074, 12.015033041887932 ], [ 76.480479280746039, 12.015062237940432 ], [ 76.480545748661385, 12.015672430230337 ], [ 76.480598492649349, 12.016156627590354 ], [ 76.480632027216018, 12.01646448398883 ], [ 76.480890424354115, 12.016502458835435 ], [ 76.481032001801566, 12.016523265989951 ], [ 76.48195945066351, 12.016745535720787 ], [ 76.483899611297161, 12.017200347533588 ], [ 76.484415394555342, 12.017321253962375 ], [ 76.484415666122544, 12.017322376264771 ], [ 76.484417392273116, 12.017329502830671 ], [ 76.484445926617283, 12.017318080378891 ], [ 76.48445184981496, 12.017317329288119 ], [ 76.484899422949226, 12.017253065296645 ], [ 76.486089178837133, 12.017082232056614 ], [ 76.486127044258154, 12.017061328697142 ], [ 76.486138825524165, 12.017054824640461 ], [ 76.486267685336713, 12.016983731400677 ], [ 76.486969941679035, 12.016965099956076 ], [ 76.486995212809191, 12.017026107824186 ], [ 76.487075287504908, 12.017219313733815 ], [ 76.488186025220784, 12.016948880826337 ], [ 76.488294261595115, 12.016922528016936 ], [ 76.488780875761094, 12.01695679298744 ], [ 76.490522720455587, 12.01698550403187 ], [ 76.490554985518855, 12.016986035317581 ], [ 76.490852645407529, 12.016990940648503 ], [ 76.491073040507928, 12.016994571809315 ], [ 76.491770216432514, 12.017031461740256 ], [ 76.49201739791458, 12.017042880458824 ], [ 76.493470739797999, 12.017110011995735 ], [ 76.493470841058567, 12.017114385273301 ], [ 76.493489104383229, 12.01711509229054 ], [ 76.493667807010809, 12.017122012536385 ], [ 76.493672881848056, 12.017037718444364 ], [ 76.493704613081491, 12.016510663771252 ], [ 76.49370698561313, 12.016471257796606 ], [ 76.493764174178992, 12.016339143652923 ], [ 76.493878202955344, 12.016075722720762 ], [ 76.493888178712922, 12.016052622329557 ], [ 76.494218161880511, 12.016051077283734 ], [ 76.494581737499288, 12.016116566891673 ], [ 76.495649756659006, 12.016775801354108 ], [ 76.496299609401746, 12.017278776885622 ], [ 76.496603424523897, 12.017578094346815 ], [ 76.496630626563118, 12.017604894005672 ], [ 76.496746623573898, 12.01771917262778 ], [ 76.496766560182152, 12.017745793303257 ], [ 76.49694970556429, 12.017990347961012 ], [ 76.497574641666688, 12.01825710031425 ], [ 76.498198992523967, 12.018780909141977 ], [ 76.498479786963131, 12.019230203362939 ], [ 76.498526110675357, 12.019304360329796 ], [ 76.498800394278064, 12.019528237185307 ], [ 76.499006642983488, 12.018978765828166 ], [ 76.499514203859206, 12.018248116592144 ], [ 76.499707929895862, 12.017965604817459 ], [ 76.499711943567036, 12.01796346430042 ], [ 76.499713053100976, 12.017961867092746 ] ] ] } },
{ "type": "Feature", "properties": { "OBJECTID": 21831, "KGISVillageID": 27838, "KGISVillageCode": "2608030022", "KGISVillageName": "Kunduru", "KGISHobliID": 881, "UniqueVillageCode": "2608030022_1", "Bhucode": "260501005029", "CensusVillageCode": "2957705573618984", "BhoomiVillageCode": "2608030022", "created_user": "SA", "created_date": 1556019584000.0, "last_edited_user": "SURESHBV2", "last_edited_date": 1724226113000.0, "LGDGPCode": "219454", "LGDGPCode_Secondary": null, "Category": "Cadastral data available and has bhoomi linkage", "SHAPE.STArea()": 7365082.2828251747, "SHAPE.STLength()": 14379.676609794349, "LGD_VillageCode": 618984.0, "_overlap_percent": 99.939951521733093, "_police_station": "Saragur PS", "_police_feature_index": "506", "_admin_layer": "Village", "_geometry_clipped": true }, "geometry": { "type": "Polygon", "coordinates": [ [ [ 76.483545884023286, 11.997846216989537 ], [ 76.483223177030808, 11.998007628480421 ], [ 76.483134924183474, 11.998087655216054 ], [ 76.483055806671473, 11.998159422852014 ], [ 76.482884584875023, 11.998164430820617 ], [ 76.481914783001244, 11.998684086830536 ], [ 76.481442698159697, 11.998673520423983 ], [ 76.481004869213351, 11.998758385443432 ], [ 76.480570893590723, 11.998842978095315 ], [ 76.479974818300988, 11.998846323153126 ], [ 76.479332062855079, 11.998737819981732 ], [ 76.479162469637146, 11.998886510471801 ], [ 76.478628506213099, 11.998968683163428 ], [ 76.478245186488394, 11.99911330925498 ], [ 76.477585691799234, 11.999139949226363 ], [ 76.477039865919124, 11.999067654755079 ], [ 76.476853017665306, 11.999649694329991 ], [ 76.47671547011403, 11.99967871365423 ], [ 76.476667612664642, 11.999708374412785 ], [ 76.476390262327115, 12.000091755256697 ], [ 76.476223068841676, 12.000099208848313 ], [ 76.476244127223737, 12.000231650525803 ], [ 76.475805499988056, 12.001187389385116 ], [ 76.475269315188655, 12.001693443302127 ], [ 76.475257936396375, 12.001722893471948 ], [ 76.474026091196478, 12.002116639692142 ], [ 76.473946107936129, 12.002180866189663 ], [ 76.47386261870902, 12.00236849860895 ], [ 76.473654834248947, 12.002415794251494 ], [ 76.47302756465578, 12.002926765017888 ], [ 76.472720227598188, 12.003179147521104 ], [ 76.472383119990923, 12.003164355630984 ], [ 76.472402795516757, 12.003377763950109 ], [ 76.472911144070594, 12.003383150750514 ], [ 76.471423224106644, 12.004090907975298 ], [ 76.471129633723805, 12.004230557659136 ], [ 76.470798262839068, 12.004410337307981 ], [ 76.470669228687456, 12.004473033549878 ], [ 76.470646974889803, 12.004484170172949 ], [ 76.470615449804811, 12.004501143350286 ], [ 76.470601904130149, 12.00450843712458 ], [ 76.470550498426718, 12.004536576930324 ], [ 76.470535266799246, 12.004544914717536 ], [ 76.470473093369847, 12.004579322031889 ], [ 76.470442856824207, 12.004595299372848 ], [ 76.470383575090707, 12.00462662488412 ], [ 76.470341022105799, 12.004650327086434 ], [ 76.470204239994118, 12.004724792287817 ], [ 76.470045923107349, 12.004811087266551 ], [ 76.469960860161066, 12.004857982360676 ], [ 76.469882378989283, 12.004900800777516 ], [ 76.469801165934498, 12.004945191231354 ], [ 76.469750898617932, 12.00497278610424 ], [ 76.469669644444863, 12.005017392811967 ], [ 76.469531226582575, 12.005092749588005 ], [ 76.469488676535491, 12.005115836896765 ], [ 76.469037340846043, 12.005362053520704 ], [ 76.469033373499755, 12.005364250438715 ], [ 76.468871694956448, 12.005452641834484 ], [ 76.468666037039526, 12.005564611525509 ], [ 76.468615705809313, 12.0055919814421 ], [ 76.468610639956452, 12.005594830528416 ], [ 76.468609496409826, 12.005595473897767 ], [ 76.468607762969313, 12.00559639972008 ], [ 76.468603752160078, 12.005598542616998 ], [ 76.468495734963412, 12.00565743452745 ], [ 76.468121967588459, 12.005861412457895 ], [ 76.467948925734603, 12.005955779223932 ], [ 76.467825967810555, 12.006022887705832 ], [ 76.467637555942801, 12.00612572106213 ], [ 76.467281339678053, 12.006319993895199 ], [ 76.467155711155101, 12.00638852556407 ], [ 76.467153346931369, 12.00638981721719 ], [ 76.46714941050692, 12.006391964225886 ], [ 76.467143294809802, 12.006395299758113 ], [ 76.467126150904832, 12.006404651828502 ], [ 76.467097093056736, 12.006420449991563 ], [ 76.467048216214536, 12.006447148447499 ], [ 76.466775065778435, 12.006596058415189 ], [ 76.466242162450769, 12.006886665296141 ], [ 76.465680357917662, 12.007190707978221 ], [ 76.463043339626608, 12.008629356707305 ], [ 76.461892959543931, 12.009259378501978 ], [ 76.461850774452628, 12.009282451125836 ], [ 76.461826846884037, 12.009295520635833 ], [ 76.461811756943945, 12.0093036719301 ], [ 76.461804209959666, 12.009307629606683 ], [ 76.461800491317291, 12.00930981699779 ], [ 76.46180009125662, 12.0093100523383 ], [ 76.461799428209943, 12.009310396637483 ], [ 76.461795993018882, 12.009312182949119 ], [ 76.461735350319728, 12.009345286831909 ], [ 76.461629235979572, 12.009403235269897 ], [ 76.46157341527018, 12.00943371834213 ], [ 76.461540607038188, 12.009451907869829 ], [ 76.461526948793122, 12.009459030976068 ], [ 76.461408717699314, 12.009523524827463 ], [ 76.461353779094992, 12.009553592804766 ], [ 76.461335412703548, 12.009563511472306 ], [ 76.461320343785346, 12.009571649976372 ], [ 76.461156821480785, 12.009660931254878 ], [ 76.46110058124178, 12.009691637028384 ], [ 76.460951064503533, 12.009773168587595 ], [ 76.460701793716268, 12.009909094540086 ], [ 76.460610712540671, 12.009958824791472 ], [ 76.460265153572024, 12.010147508421927 ], [ 76.460163664167752, 12.010202680235974 ], [ 76.460027996321145, 12.010276432771931 ], [ 76.459647150106804, 12.01048397168096 ], [ 76.459405490007711, 12.010616247848183 ], [ 76.458552852216769, 12.011081340159109 ], [ 76.458196468851241, 12.011275651578885 ], [ 76.457008315662861, 12.011923832757645 ], [ 76.456858106785504, 12.012005743894345 ], [ 76.456636691892257, 12.012126485031317 ], [ 76.456305067439217, 12.012307351110898 ], [ 76.455925432646453, 12.012514500434047 ], [ 76.455622398380939, 12.01267979440035 ], [ 76.455576341125493, 12.012704915985141 ], [ 76.455474068657296, 12.012760699717168 ], [ 76.455317906791834, 12.01284587587473 ], [ 76.455288083143401, 12.012862145249949 ], [ 76.45519347046104, 12.012913754710546 ], [ 76.455189761835655, 12.012915775623554 ], [ 76.455187449676046, 12.012917037082207 ], [ 76.455182848238167, 12.012919545415247 ], [ 76.455176142531386, 12.012923206540489 ], [ 76.455167924960165, 12.012927686484968 ], [ 76.455167338916084, 12.012928007767703 ], [ 76.455092056753884, 12.012969069157766 ], [ 76.455127710268613, 12.013173706911157 ], [ 76.455426647314354, 12.013499186279329 ], [ 76.45619607033106, 12.017470235165998 ], [ 76.456706566748977, 12.019972809964598 ], [ 76.459289015518195, 12.03143111690947 ], [ 76.46374973682839, 12.033128943411006 ], [ 76.472502250049601, 12.028723413216262 ], [ 76.472921957367788, 12.028512595493876 ], [ 76.476649442370373, 12.026610579543529 ], [ 76.47748271606919, 12.026728949287422 ], [ 76.479458023523861, 12.02695782508953 ], [ 76.480149180875557, 12.026408996848119 ], [ 76.480753273055655, 12.025971744018719 ], [ 76.480580156997291, 12.025924509762344 ], [ 76.476098589470809, 12.024377773610913 ], [ 76.472815416071356, 12.022984665126121 ], [ 76.471707955954386, 12.022514738384068 ], [ 76.472187190570978, 12.022324646608402 ], [ 76.472248303283862, 12.022300405777983 ], [ 76.472279159766501, 12.022288165796381 ], [ 76.472364620391488, 12.022254266906621 ], [ 76.472367083666569, 12.022253269400519 ], [ 76.472397477808912, 12.022240962230779 ], [ 76.472906416604431, 12.022037040639434 ], [ 76.475523662865982, 12.020995810408035 ], [ 76.478541090150259, 12.01972469601426 ], [ 76.479188000767408, 12.019459987138644 ], [ 76.480129107327613, 12.019057523963964 ], [ 76.480368706390379, 12.018955058849185 ], [ 76.481421176611335, 12.018538604496195 ], [ 76.481981933499355, 12.018316715181781 ], [ 76.482112430799901, 12.018265077581223 ], [ 76.483472361215874, 12.017708630026773 ], [ 76.483564474626689, 12.01767093905144 ], [ 76.484417392273116, 12.017329502830671 ], [ 76.484415666122544, 12.017322376264771 ], [ 76.484415394555342, 12.017321253962375 ], [ 76.483899611297161, 12.017200347533588 ], [ 76.48195945066351, 12.016745535720787 ], [ 76.481032001801566, 12.016523265989951 ], [ 76.480890424354115, 12.016502458835435 ], [ 76.480632027216018, 12.01646448398883 ], [ 76.480598492649349, 12.016156627590354 ], [ 76.480545748661385, 12.015672430230337 ], [ 76.480479280746039, 12.015062237940432 ], [ 76.48047610060074, 12.015033041887932 ], [ 76.48040955482287, 12.014422124876248 ], [ 76.480409298622519, 12.014419777484608 ], [ 76.480379725122205, 12.014177670366447 ], [ 76.48034662823116, 12.013906723385295 ], [ 76.480324407638619, 12.013724816649761 ], [ 76.480355449458827, 12.013385901798772 ], [ 76.480365169229628, 12.013279776938901 ], [ 76.480383765530675, 12.01307674224971 ], [ 76.480388646987905, 12.013034603465748 ], [ 76.480406254737417, 12.012882597364854 ], [ 76.480425291985583, 12.012718246887488 ], [ 76.48044988243052, 12.012505952713404 ], [ 76.480449889485882, 12.012505899336494 ], [ 76.480463424392212, 12.012389057432056 ], [ 76.480497807521601, 12.012092230584662 ], [ 76.48050964206638, 12.012020859259424 ], [ 76.480554480141308, 12.011750456072592 ], [ 76.480567812777267, 12.011670052484144 ], [ 76.480586849731807, 12.011555247221629 ], [ 76.480620800094897, 12.011350509340092 ], [ 76.480633680164743, 12.011272834793068 ], [ 76.480685292856819, 12.010961578308757 ], [ 76.480689709311008, 12.010913341386512 ], [ 76.480691050930972, 12.010898696641897 ], [ 76.480730420567028, 12.010468755758799 ], [ 76.480829703827908, 12.010213954019701 ], [ 76.481018660735273, 12.009729011705767 ], [ 76.480922994143114, 12.009392880631632 ], [ 76.48095747736852, 12.009379496032917 ], [ 76.48099535502368, 12.009364793415788 ], [ 76.481198748931817, 12.00928584319572 ], [ 76.482388840289346, 12.00879804518328 ], [ 76.482760018704042, 12.008377833306486 ], [ 76.482912518486643, 12.008342061170625 ], [ 76.483419876670766, 12.008223046208789 ], [ 76.484258883391945, 12.007703511772377 ], [ 76.484237918992534, 12.007641449969864 ], [ 76.48426821886315, 12.007626425542984 ], [ 76.48436444484949, 12.007568589400892 ], [ 76.484965554525317, 12.007109493508255 ], [ 76.485065329103094, 12.007033291349778 ], [ 76.485622118241494, 12.006727852877543 ], [ 76.485996915374642, 12.00625974388562 ], [ 76.486070096565342, 12.006096437433504 ], [ 76.486093066494931, 12.006045180044444 ], [ 76.486107776744404, 12.006012352373665 ], [ 76.486164243162548, 12.005981275520121 ], [ 76.486253264362603, 12.005932282639835 ], [ 76.486434117598876, 12.005833768363503 ], [ 76.486674528948967, 12.005702812659003 ], [ 76.486717196654325, 12.005678879680655 ], [ 76.487768019688758, 12.005089476740778 ], [ 76.487785258335833, 12.004894565989305 ], [ 76.48784325617882, 12.004238790181658 ], [ 76.487918638642626, 12.003386449309057 ], [ 76.487944627619257, 12.003386078756325 ], [ 76.487862222661747, 12.003067753335541 ], [ 76.487855269232867, 12.003028471921111 ], [ 76.487840987097627, 12.002947791070026 ], [ 76.487797098277326, 12.002699860491914 ], [ 76.487782677910957, 12.002617744722857 ], [ 76.487684226940232, 12.002057128306516 ], [ 76.487650197336862, 12.001863352573423 ], [ 76.487648626326205, 12.00171039065536 ], [ 76.487647200743936, 12.00157154935229 ], [ 76.487643597919529, 12.001220616704048 ], [ 76.487619602692263, 12.000929476571281 ], [ 76.487559140921249, 12.00019589063969 ], [ 76.487215492802349, 12.000150519763039 ], [ 76.487150876077052, 12.000062431747066 ], [ 76.486837671603183, 11.999577124894104 ], [ 76.486822412658697, 11.999622673578758 ], [ 76.486142988816084, 12.000034708882314 ], [ 76.485130863121555, 12.000255018148344 ], [ 76.483992832619293, 11.999850001669376 ], [ 76.483657565391567, 11.999375942666891 ], [ 76.483664312124304, 11.998798670080085 ], [ 76.483587209503611, 11.998008389737313 ], [ 76.483591911123909, 11.997861083499421 ], [ 76.483592836757211, 11.99783206983137 ], [ 76.483545884023286, 11.997846216989537 ] ] ] } },
{ "type": "Feature", "properties": { "OBJECTID": 21828, "KGISVillageID": 27835, "KGISVillageCode": "2608030019", "KGISVillageName": "Kattehunasuru", "KGISHobliID": 881, "UniqueVillageCode": "2608030019_1", "Bhucode": "260501005026", "CensusVillageCode": "2957705573618982", "BhoomiVillageCode": "2608030019", "created_user": "SA", "created_date": 1556019584000.0, "last_edited_user": "SURESHBV2", "last_edited_date": 1724226113000.0, "LGDGPCode": "219454", "LGDGPCode_Secondary": null, "Category": "Cadastral data available and has bhoomi linkage", "SHAPE.STArea()": 4464818.1827422203, "SHAPE.STLength()": 10071.963290732738, "LGD_VillageCode": 618982.0, "_overlap_percent": 99.775833935434321, "_police_station": "Saragur PS", "_police_feature_index": "506", "_admin_layer": "Village", "_geometry_clipped": true }, "geometry": { "type": "Polygon", "coordinates": [ [ [ 76.496635212325515, 12.03298968996968 ], [ 76.496669811290374, 12.032963855577483 ], [ 76.496669061759334, 12.03295786572513 ], [ 76.496686173528772, 12.032952437352764 ], [ 76.497159605811689, 12.03296937726722 ], [ 76.497198647340355, 12.032970774370478 ], [ 76.497864291689595, 12.032956137756816 ], [ 76.498623624684541, 12.032939438914884 ], [ 76.499357889582427, 12.032967006671749 ], [ 76.499563101071502, 12.032974710715365 ], [ 76.49975872001184, 12.032980034245677 ], [ 76.500134415490948, 12.03299025724556 ], [ 76.501628038641769, 12.03303681571361 ], [ 76.502573791224691, 12.033066140977326 ], [ 76.503828839781448, 12.033157480900526 ], [ 76.503910196923059, 12.033163402578881 ], [ 76.503928504860895, 12.033166162706999 ], [ 76.503933371935062, 12.033166542243412 ], [ 76.504102102920783, 12.033192334572496 ], [ 76.504300360632342, 12.033222224158608 ], [ 76.504476060605413, 12.033133156773648 ], [ 76.504996958370711, 12.032992037323433 ], [ 76.50509008720384, 12.032998145614673 ], [ 76.506320450073787, 12.032824147755893 ], [ 76.507086421728928, 12.032712363747102 ], [ 76.507392322348437, 12.032644526639123 ], [ 76.507458213241847, 12.032635200851031 ], [ 76.507782115638108, 12.032533539680069 ], [ 76.507435808192042, 12.031493518008604 ], [ 76.507337604551296, 12.030558941540651 ], [ 76.507616186809372, 12.029163741908075 ], [ 76.507455322560091, 12.028579676182217 ], [ 76.507071002450644, 12.027885761081585 ], [ 76.50527651080273, 12.027371184830439 ], [ 76.504906376943183, 12.027130826411415 ], [ 76.504738667004943, 12.026807911056208 ], [ 76.504593449704331, 12.026528303143175 ], [ 76.504528660974429, 12.025639722939982 ], [ 76.504521151621788, 12.024540163219484 ], [ 76.504346395923932, 12.024072934628299 ], [ 76.50341737368602, 12.023028776085807 ], [ 76.502851672105081, 12.022589213626009 ], [ 76.502132422707788, 12.022225311899195 ], [ 76.501518044610378, 12.022191229308524 ], [ 76.501057289769491, 12.022218924689527 ], [ 76.500631358760245, 12.022074800692581 ], [ 76.500628039416654, 12.022071736084111 ], [ 76.500620039831333, 12.022069073747861 ], [ 76.500277083843187, 12.021753687316526 ], [ 76.499768970438566, 12.020970584018347 ], [ 76.499139419719555, 12.020483109835336 ], [ 76.498800394278064, 12.019528237185307 ], [ 76.498526110675357, 12.019304360329796 ], [ 76.498479786963131, 12.019230203362939 ], [ 76.498198992523967, 12.018780909141977 ], [ 76.497574641666688, 12.01825710031425 ], [ 76.49694970556429, 12.017990347961012 ], [ 76.496766560182152, 12.017745793303257 ], [ 76.496746623573898, 12.01771917262778 ], [ 76.496630626563118, 12.017604894005672 ], [ 76.496603424523897, 12.017578094346815 ], [ 76.496299609401746, 12.017278776885622 ], [ 76.495649756659006, 12.016775801354108 ], [ 76.494581737499288, 12.016116566891673 ], [ 76.494218161880511, 12.016051077283734 ], [ 76.493888178712922, 12.016052622329557 ], [ 76.493878202955344, 12.016075722720762 ], [ 76.493764174178992, 12.016339143652923 ], [ 76.49370698561313, 12.016471257796606 ], [ 76.493704613081491, 12.016510663771252 ], [ 76.493672881848056, 12.017037718444364 ], [ 76.493667807010809, 12.017122012536385 ], [ 76.493489104383229, 12.01711509229054 ], [ 76.493470841058567, 12.017114385273301 ], [ 76.493470739797999, 12.017110011995735 ], [ 76.49201739791458, 12.017042880458824 ], [ 76.491770216432514, 12.017031461740256 ], [ 76.491073040507928, 12.016994571809315 ], [ 76.490852645407529, 12.016990940648503 ], [ 76.490554985518855, 12.016986035317581 ], [ 76.490522720455587, 12.01698550403187 ], [ 76.488780875761094, 12.01695679298744 ], [ 76.488294261595115, 12.016922528016936 ], [ 76.488186025220784, 12.016948880826337 ], [ 76.487075287504908, 12.017219313733815 ], [ 76.486995212809191, 12.017026107824186 ], [ 76.486969941679035, 12.016965099956076 ], [ 76.486267685336713, 12.016983731400677 ], [ 76.486138825524165, 12.017054824640461 ], [ 76.486127044258154, 12.017061328697142 ], [ 76.486089178837133, 12.017082232056614 ], [ 76.484899422949226, 12.017253065296645 ], [ 76.48445184981496, 12.017317329288119 ], [ 76.484445926617283, 12.017318080378891 ], [ 76.484417392273116, 12.017329502830671 ], [ 76.483564474626689, 12.01767093905144 ], [ 76.483472361215874, 12.017708630026773 ], [ 76.482112430799901, 12.018265077581223 ], [ 76.481981933499355, 12.018316715181781 ], [ 76.481421176611335, 12.018538604496195 ], [ 76.480368706390379, 12.018955058849185 ], [ 76.480129107327613, 12.019057523963964 ], [ 76.479188000767408, 12.019459987138644 ], [ 76.478541090150259, 12.01972469601426 ], [ 76.475523662865982, 12.020995810408035 ], [ 76.472906416604431, 12.022037040639434 ], [ 76.472397477808912, 12.022240962230779 ], [ 76.472367083666569, 12.022253269400519 ], [ 76.472364620391488, 12.022254266906621 ], [ 76.472279159766501, 12.022288165796381 ], [ 76.472248303283862, 12.022300405777983 ], [ 76.472187190570978, 12.022324646608402 ], [ 76.471707955954386, 12.022514738384068 ], [ 76.472815416071356, 12.022984665126121 ], [ 76.476098589470809, 12.024377773610913 ], [ 76.480580156997291, 12.025924509762344 ], [ 76.480753273055655, 12.025971744018719 ], [ 76.480149180875557, 12.026408996848119 ], [ 76.481942004175707, 12.027254407818083 ], [ 76.482116660146758, 12.027327979569883 ], [ 76.482144019897504, 12.027339504860732 ], [ 76.482348262047495, 12.027465769239237 ], [ 76.482466138481129, 12.027538641680417 ], [ 76.482916449823009, 12.027886705486491 ], [ 76.483051796665677, 12.027960863556025 ], [ 76.483300039144183, 12.028096882390855 ], [ 76.483298114575447, 12.028181573041012 ], [ 76.483298114576002, 12.028181573041355 ], [ 76.483298114574751, 12.028181573071315 ], [ 76.483285188711108, 12.028750375719541 ], [ 76.483273616873717, 12.028769924036229 ], [ 76.483272916664959, 12.028786740654834 ], [ 76.483260255741726, 12.028806560664304 ], [ 76.484038581804754, 12.028879585671488 ], [ 76.484388268725851, 12.029010136190296 ], [ 76.484458633450743, 12.029122596672618 ], [ 76.484571424262981, 12.029397053877046 ], [ 76.485003979001121, 12.029449332590211 ], [ 76.485172226672034, 12.029469667716581 ], [ 76.485336428447482, 12.029632829173869 ], [ 76.485378040262944, 12.029765012745527 ], [ 76.485799187309965, 12.029761210378098 ], [ 76.485948911652287, 12.029708043375468 ], [ 76.485980173989333, 12.02975040090409 ], [ 76.48600243691439, 12.029742779882492 ], [ 76.486039224863944, 12.029797291302531 ], [ 76.486146428425997, 12.029956136726355 ], [ 76.48609644210957, 12.030088161269234 ], [ 76.486099164703603, 12.030090882158225 ], [ 76.486114907882154, 12.030106644676616 ], [ 76.48612489847882, 12.030116647327347 ], [ 76.486126521292803, 12.030122264118488 ], [ 76.486145565288069, 12.030143089480832 ], [ 76.486170465829758, 12.030170319131905 ], [ 76.486200992937171, 12.03028719677123 ], [ 76.486178231269179, 12.030718538833813 ], [ 76.486227050804345, 12.030723681454006 ], [ 76.487045114573391, 12.030813302157886 ], [ 76.487209039422098, 12.030831689930013 ], [ 76.487209134855604, 12.030832175804129 ], [ 76.487230133202232, 12.03093927331345 ], [ 76.48725484479796, 12.031066913805597 ], [ 76.487259175942569, 12.031071384798503 ], [ 76.487376703283743, 12.031103815518241 ], [ 76.487388007405457, 12.031912065925356 ], [ 76.487388284481526, 12.031976316650137 ], [ 76.487381800255662, 12.032007983602091 ], [ 76.487382118971013, 12.032034606901908 ], [ 76.487163627736408, 12.033199773053848 ], [ 76.487454647026311, 12.033224447853865 ], [ 76.488165058254978, 12.033306248353224 ], [ 76.489666142194707, 12.03344759606925 ], [ 76.489666157492621, 12.033447597687191 ], [ 76.489713259990623, 12.033452033041332 ], [ 76.490467712672341, 12.033523071986421 ], [ 76.491086910067736, 12.033537065898809 ], [ 76.491781728804156, 12.033552768874157 ], [ 76.491954296060811, 12.03355666878366 ], [ 76.492032640421655, 12.033556498637109 ], [ 76.492912893350564, 12.033554587386547 ], [ 76.492982515914107, 12.033549222818218 ], [ 76.493602769652213, 12.033501624020293 ], [ 76.493608272479563, 12.03350120131171 ], [ 76.493906704682772, 12.03347840691651 ], [ 76.493987666394318, 12.033470897570352 ], [ 76.494409040406467, 12.033428453145724 ], [ 76.494492231578135, 12.033417200690506 ], [ 76.494621136090643, 12.033404948981582 ], [ 76.495793251221045, 12.033255747328841 ], [ 76.496617586300559, 12.032996441766388 ], [ 76.496635212325515, 12.03298968996968 ] ] ] } },
{ "type": "Feature", "properties": { "OBJECTID": 22635, "KGISVillageID": 28663, "KGISVillageCode": "2606050051", "KGISVillageName": "Rajuru", "KGISHobliID": 382, "UniqueVillageCode": "2606050051_1", "Bhucode": "260601004053", "CensusVillageCode": "2957705574619138", "BhoomiVillageCode": "2606050051", "created_user": "SA", "created_date": 1556019584000.0, "last_edited_user": "SURESHBV2", "last_edited_date": 1724226170000.0, "LGDGPCode": "219598", "LGDGPCode_Secondary": null, "Category": "Cadastral data available and has bhoomi linkage", "SHAPE.STArea()": 2077253.1769631051, "SHAPE.STLength()": 6241.8486804005906, "LGD_VillageCode": 619138.0, "_overlap_percent": 0.38921939176447806, "_police_station": "Saragur PS", "_police_feature_index": "506", "_admin_layer": "Village", "_geometry_clipped": true }, "geometry": { "type": "MultiPolygon", "coordinates": [ [ [ [ 76.48612489847882, 12.030116647327347 ], [ 76.486114907882154, 12.030106644676616 ], [ 76.486099164703603, 12.030090882158225 ], [ 76.48609644210957, 12.030088161269234 ], [ 76.486096118106317, 12.030089017031074 ], [ 76.486126521292803, 12.030122264118488 ], [ 76.48612489847882, 12.030116647327347 ] ] ], [ [ [ 76.487388284481526, 12.031976316650137 ], [ 76.487388007405457, 12.031912065925356 ], [ 76.487376703283743, 12.031103815518241 ], [ 76.487259175942569, 12.031071384798503 ], [ 76.48725484479796, 12.031066913805597 ], [ 76.487230133202232, 12.03093927331345 ], [ 76.487209134855604, 12.030832175804129 ], [ 76.487209039422098, 12.030831689930013 ], [ 76.487045114573391, 12.030813302157886 ], [ 76.486227050804345, 12.030723681454006 ], [ 76.486178231269179, 12.030718538833813 ], [ 76.486174904050131, 12.030781590870461 ], [ 76.486262014474661, 12.030792318478436 ], [ 76.487055973790191, 12.030890083714841 ], [ 76.487213986148802, 12.030909541731607 ], [ 76.487232794922164, 12.031016634629985 ], [ 76.487255046433731, 12.031143346198574 ], [ 76.487259168007611, 12.031147786665755 ], [ 76.487371887013808, 12.031180156209018 ], [ 76.48738137152543, 12.031972170412592 ], [ 76.487381800255662, 12.032007983602091 ], [ 76.487388284481526, 12.031976316650137 ] ] ], [ [ [ 76.472502250049601, 12.028723413216262 ], [ 76.46374973682839, 12.033128943411006 ], [ 76.463716216560144, 12.033145856141186 ], [ 76.464787963373126, 12.034028412889985 ], [ 76.468329265222295, 12.036958460735779 ], [ 76.468349742938983, 12.036959188465978 ], [ 76.464860102770999, 12.034055716770371 ], [ 76.463794982627746, 12.033169488534382 ], [ 76.463828465230733, 12.033152405124184 ], [ 76.472545785978554, 12.028704543679281 ], [ 76.472921957367788, 12.028512595493876 ], [ 76.472502250049601, 12.028723413216262 ] ] ], [ [ [ 76.480149180875557, 12.026408996848119 ], [ 76.479458023523861, 12.02695782508953 ], [ 76.47748271606919, 12.026728949287422 ], [ 76.479409674697109, 12.027002681195203 ], [ 76.480091976392316, 12.026475105604224 ], [ 76.481942004175707, 12.027254407818083 ], [ 76.480149180875557, 12.026408996848119 ] ] ], [ [ [ 76.483298114576002, 12.028181573041355 ], [ 76.483298114575447, 12.028181573041012 ], [ 76.483298114574751, 12.028181573071315 ], [ 76.483298114576002, 12.028181573041355 ] ] ], [ [ [ 76.483272916664959, 12.028786740654834 ], [ 76.483273616873717, 12.028769924036229 ], [ 76.483252367533808, 12.028805820567745 ], [ 76.483260255741726, 12.028806560664304 ], [ 76.483272916664959, 12.028786740654834 ] ] ], [ [ [ 76.485948911652287, 12.029708043375468 ], [ 76.485799187309965, 12.029761210378098 ], [ 76.485378040262944, 12.029765012745527 ], [ 76.485384043999858, 12.029784084140996 ], [ 76.48585437416105, 12.029793464571869 ], [ 76.485980173989333, 12.02975040090409 ], [ 76.485948911652287, 12.029708043375468 ] ] ] ] } },
{ "type": "Feature", "properties": { "OBJECTID": 22609, "KGISVillageID": 28637, "KGISVillageCode": "2606050050", "KGISVillageName": "Kaduburu", "KGISHobliID": 382, "UniqueVillageCode": "2606050050_1", "Bhucode": "260601004027", "CensusVillageCode": "2957705574619139", "BhoomiVillageCode": "2606050050", "created_user": "SA", "created_date": 1556019584000.0, "last_edited_user": "SURESHBV2", "last_edited_date": 1724226117000.0, "LGDGPCode": "219598", "LGDGPCode_Secondary": null, "Category": "Cadastral data available and has bhoomi linkage", "SHAPE.STArea()": 4307186.4208083348, "SHAPE.STLength()": 11144.340878361547, "LGD_VillageCode": 619139.0, "_overlap_percent": 0.050546438925029497, "_police_station": "Saragur PS", "_police_feature_index": "506", "_admin_layer": "Village", "_geometry_clipped": true }, "geometry": { "type": "MultiPolygon", "coordinates": [ [ [ [ 76.470288877255669, 12.038218986409365 ], [ 76.476944673218071, 12.042234952893809 ], [ 76.478804994488328, 12.043517170229192 ], [ 76.478809474943958, 12.043517164116532 ], [ 76.476956020780918, 12.042237591429171 ], [ 76.470338961917676, 12.038248458016025 ], [ 76.468826623525629, 12.037006365093525 ], [ 76.468805876941019, 12.037005682696385 ], [ 76.470288877255669, 12.038218986409365 ] ] ], [ [ [ 76.487454647026311, 12.033224447853865 ], [ 76.487163627736408, 12.033199773053848 ], [ 76.487161666948168, 12.03321022951034 ], [ 76.487159790474479, 12.033220235660634 ], [ 76.487469716666496, 12.033240770750901 ], [ 76.488165058254978, 12.033306248353224 ], [ 76.487454647026311, 12.033224447853865 ] ] ], [ [ [ 76.489666142194707, 12.03344759606925 ], [ 76.488165058254978, 12.033306248353224 ], [ 76.489666157492621, 12.033447597687191 ], [ 76.489666142194707, 12.03344759606925 ] ] ], [ [ [ 76.493906704682772, 12.03347840691651 ], [ 76.493608272479563, 12.03350120131171 ], [ 76.493602769652213, 12.033501624020293 ], [ 76.492982515914107, 12.033549222818218 ], [ 76.492912893350564, 12.033554587386547 ], [ 76.492982516987226, 12.033549250838147 ], [ 76.493608296862703, 12.033501292490694 ], [ 76.493906743326249, 12.033478419366441 ], [ 76.493987666394318, 12.033470897570352 ], [ 76.493906704682772, 12.03347840691651 ] ] ], [ [ [ 76.494492231578135, 12.033417200690506 ], [ 76.494409040406467, 12.033428453145724 ], [ 76.493987666394318, 12.033470897570352 ], [ 76.494414740877289, 12.033431221577295 ], [ 76.494621136090643, 12.033404948981582 ], [ 76.494492231578135, 12.033417200690506 ] ] ], [ [ [ 76.501628038641769, 12.03303681571361 ], [ 76.500134415490948, 12.03299025724556 ], [ 76.49975872001184, 12.032980034245677 ], [ 76.499563101071502, 12.032974710715365 ], [ 76.499357889582427, 12.032967006671749 ], [ 76.498623624684541, 12.032939438914884 ], [ 76.497864291689595, 12.032956137756816 ], [ 76.497198647340355, 12.032970774370478 ], [ 76.497159605811689, 12.03296937726722 ], [ 76.496686173528772, 12.032952437352764 ], [ 76.496669061759334, 12.03295786572513 ], [ 76.496669811290374, 12.032963855577483 ], [ 76.496635212325515, 12.03298968996968 ], [ 76.496617586300559, 12.032996441766388 ], [ 76.496683693587741, 12.032975646840015 ], [ 76.496705358673481, 12.032968832549104 ], [ 76.497218431628525, 12.032989876664404 ], [ 76.498637225014761, 12.032965636752316 ], [ 76.49956823792138, 12.0330096645024 ], [ 76.500132613852571, 12.033036352767992 ], [ 76.501448573812425, 12.033031251117396 ], [ 76.502573791224691, 12.033066140977326 ], [ 76.501628038641769, 12.03303681571361 ] ] ], [ [ [ 76.503933371935062, 12.033166542243412 ], [ 76.503928504860895, 12.033166162706999 ], [ 76.504102102920783, 12.033192334572496 ], [ 76.503933371935062, 12.033166542243412 ] ] ] ] } },
{ "type": "Feature", "properties": { "OBJECTID": 21836, "KGISVillageID": 27843, "KGISVillageCode": "2608030018", "KGISVillageName": "Lanke", "KGISHobliID": 881, "UniqueVillageCode": "2608030018_1", "Bhucode": "260501005034", "CensusVillageCode": "2957705573618980", "BhoomiVillageCode": "2608030018", "created_user": "SA", "created_date": 1556019584000.0, "last_edited_user": "SURESHBV2", "last_edited_date": 1724226113000.0, "LGDGPCode": "219459", "LGDGPCode_Secondary": null, "Category": "Cadastral data available and has bhoomi linkage", "SHAPE.STArea()": 6665613.0730324797, "SHAPE.STLength()": 13855.454814914814, "LGD_VillageCode": 618980.0, "_overlap_percent": 99.667978310892394, "_police_station": "Saragur PS", "_police_feature_index": "506", "_admin_layer": "Village", "_geometry_clipped": true }, "geometry": { "type": "Polygon", "coordinates": [ [ [ 76.460373849531834, 12.058602436517841 ], [ 76.460542497167296, 12.058702970411838 ], [ 76.460595711993193, 12.058734691699151 ], [ 76.461401140978239, 12.059269388792526 ], [ 76.461915833923655, 12.059612378040326 ], [ 76.463773571336958, 12.060798736612519 ], [ 76.465190972162006, 12.061703879040389 ], [ 76.465651805987264, 12.061897128848186 ], [ 76.465699895111115, 12.061318200529863 ], [ 76.467124042796556, 12.060793583481873 ], [ 76.46730075239438, 12.060728585385471 ], [ 76.467778496777811, 12.060552840974582 ], [ 76.473850147617725, 12.058898527812207 ], [ 76.474160430785389, 12.058338295071691 ], [ 76.474166548513466, 12.058327245826243 ], [ 76.474200637224158, 12.058265700032109 ], [ 76.473719010337476, 12.057240889091235 ], [ 76.47278059541334, 12.055494758471337 ], [ 76.470978665031708, 12.051814522674167 ], [ 76.470884023543547, 12.051602837972705 ], [ 76.470770013078223, 12.051515029583944 ], [ 76.469167420230448, 12.050280730884898 ], [ 76.468529856200774, 12.049495392455817 ], [ 76.467820659842047, 12.048605100503492 ], [ 76.467424804930999, 12.048519953947123 ], [ 76.467079559046098, 12.04812077725625 ], [ 76.465177765302499, 12.045595092217994 ], [ 76.463956673347383, 12.044003729744107 ], [ 76.461614964159239, 12.039992515615753 ], [ 76.461550415620792, 12.039883361491388 ], [ 76.461551336208387, 12.039883524569088 ], [ 76.461510536676428, 12.039813637300483 ], [ 76.467779465036003, 12.040956827984704 ], [ 76.476091414070467, 12.042913333226538 ], [ 76.478126789350725, 12.043390749048175 ], [ 76.478671253143972, 12.04351735269177 ], [ 76.478804994488328, 12.043517170229192 ], [ 76.476944673218071, 12.042234952893809 ], [ 76.470288877255669, 12.038218986409365 ], [ 76.468805876941019, 12.037005682696385 ], [ 76.468389149418115, 12.036991975685089 ], [ 76.468349742938983, 12.036959188465978 ], [ 76.468329265222295, 12.036958460735779 ], [ 76.464787963373126, 12.034028412889985 ], [ 76.463716216560144, 12.033145856141186 ], [ 76.46374973682839, 12.033128943411006 ], [ 76.459289015518195, 12.03143111690947 ], [ 76.45137781641796, 12.03089318186084 ], [ 76.451325975804011, 12.030889684089068 ], [ 76.45033827053841, 12.030777081454069 ], [ 76.449180873180694, 12.034246370148722 ], [ 76.44816116057433, 12.037547050617409 ], [ 76.447622866707576, 12.040113230863094 ], [ 76.447610561416269, 12.040338691315529 ], [ 76.447784795391485, 12.04172312454274 ], [ 76.447788629827869, 12.041753595328519 ], [ 76.448177002374919, 12.044839452663217 ], [ 76.448179557133997, 12.044859750240818 ], [ 76.448182561842117, 12.044883624696222 ], [ 76.448554123487725, 12.047791403017991 ], [ 76.448572894413871, 12.047921277311648 ], [ 76.448574892851397, 12.047935105528275 ], [ 76.448931581815543, 12.05040301530026 ], [ 76.448943872268586, 12.050488053307072 ], [ 76.449028403214697, 12.051072909516938 ], [ 76.449032836394707, 12.051081712903839 ], [ 76.449034380347484, 12.051084778714664 ], [ 76.449036169763417, 12.051088332473542 ], [ 76.449101437623142, 12.051053731537186 ], [ 76.449105861683122, 12.051062546723021 ], [ 76.449719898850788, 12.052285979863264 ], [ 76.450873351277437, 12.05458413759064 ], [ 76.451443293341967, 12.055759085075723 ], [ 76.452369204065562, 12.057618231993557 ], [ 76.453016403455507, 12.058932014516273 ], [ 76.453413334743004, 12.059737758997478 ], [ 76.453467030119384, 12.059732076128988 ], [ 76.453603635832437, 12.059718585239002 ], [ 76.453878843056359, 12.059691405703994 ], [ 76.455260673558755, 12.059554928614551 ], [ 76.456164816542753, 12.059387109342719 ], [ 76.457564275496011, 12.059105739177493 ], [ 76.45838836995415, 12.058979792448982 ], [ 76.460373849531834, 12.058602436517841 ] ] ] } },
{ "type": "Feature", "properties": { "OBJECTID": 22581, "KGISVillageID": 28608, "KGISVillageCode": "2606050052", "KGISVillageName": "Akala", "KGISHobliID": 382, "UniqueVillageCode": "2606050052_1", "Bhucode": "260601004001", "CensusVillageCode": "2957705574619137", "BhoomiVillageCode": "2606050052", "created_user": "SA", "created_date": 1556019584000.0, "last_edited_user": "SURESHBV2", "last_edited_date": 1724226117000.0, "LGDGPCode": "219598", "LGDGPCode_Secondary": null, "Category": "Cadastral data available and has bhoomi linkage", "SHAPE.STArea()": 4899519.8834058847, "SHAPE.STLength()": 12356.142178400027, "LGD_VillageCode": 619137.0, "_overlap_percent": 0.10412991563833901, "_police_station": "Saragur PS", "_police_feature_index": "506", "_admin_layer": "Village", "_geometry_clipped": true }, "geometry": { "type": "Polygon", "coordinates": [ [ [ 76.476091414070467, 12.042913333226538 ], [ 76.467779465036003, 12.040956827984704 ], [ 76.461510536676428, 12.039813637300483 ], [ 76.461613797695151, 12.039894589323477 ], [ 76.467820833945979, 12.040994136182881 ], [ 76.476102326270649, 12.042920002590025 ], [ 76.478126789350725, 12.043390749048175 ], [ 76.476091414070467, 12.042913333226538 ] ] ] } },
{ "type": "Feature", "properties": { "OBJECTID": 22634, "KGISVillageID": 28662, "KGISVillageCode": "2606050053", "KGISVillageName": "Nellithalapura", "KGISHobliID": 382, "UniqueVillageCode": "2606050053_1", "Bhucode": "260601004052", "CensusVillageCode": "2957705574619136", "BhoomiVillageCode": "2606050053", "created_user": "SA", "created_date": 1556019584000.0, "last_edited_user": "SURESHBV2", "last_edited_date": 1724226170000.0, "LGDGPCode": "219598", "LGDGPCode_Secondary": null, "Category": "Cadastral data available and has bhoomi linkage", "SHAPE.STArea()": 5566014.1844616747, "SHAPE.STLength()": 16185.818756764247, "LGD_VillageCode": 619136.0, "_overlap_percent": 0.024743575639048557, "_police_station": "Saragur PS", "_police_feature_index": "506", "_admin_layer": "Village", "_geometry_clipped": true }, "geometry": { "type": "MultiPolygon", "coordinates": [ [ [ [ 76.474200637224158, 12.058265700032109 ], [ 76.474208081161336, 12.058252260303352 ], [ 76.47423572468962, 12.058202347336595 ], [ 76.473762540204163, 12.05732188613333 ], [ 76.473719010337476, 12.057240889091235 ], [ 76.474200637224158, 12.058265700032109 ] ] ], [ [ [ 76.463956673347383, 12.044003729744107 ], [ 76.465177765302499, 12.045595092217994 ], [ 76.464014465741386, 12.044050167429805 ], [ 76.461614964159239, 12.039992515615753 ], [ 76.463956673347383, 12.044003729744107 ] ] ], [ [ [ 76.461510536676428, 12.039813637300483 ], [ 76.461551336208387, 12.039883524569088 ], [ 76.461613797695151, 12.039894589323477 ], [ 76.461510536676428, 12.039813637300483 ] ] ] ] } },
{ "type": "Feature", "properties": { "OBJECTID": 21823, "KGISVillageID": 27830, "KGISVillageCode": "2608030017", "KGISVillageName": "Hoovinakola", "KGISHobliID": 881, "UniqueVillageCode": "2608030017_1", "Bhucode": "260501005021", "CensusVillageCode": "2957705573618981", "BhoomiVillageCode": "2608030017", "created_user": "SA", "created_date": 1556019584000.0, "last_edited_user": "SURESHBV2", "last_edited_date": 1724226113000.0, "LGDGPCode": "219459", "LGDGPCode_Secondary": null, "Category": "Cadastral data available and has bhoomi linkage", "SHAPE.STArea()": 5422770.9220437752, "SHAPE.STLength()": 10120.403744731713, "LGD_VillageCode": 618981.0, "_overlap_percent": 99.999999999999972, "_police_station": "Saragur PS", "_police_feature_index": "506", "_admin_layer": "Village", "_geometry_clipped": true }, "geometry": { "type": "Polygon", "coordinates": [ [ [ 76.456706566748977, 12.019972809964598 ], [ 76.45619607033106, 12.017470235165998 ], [ 76.455426647314354, 12.013499186279329 ], [ 76.455127710268613, 12.013173706911157 ], [ 76.453980123316271, 12.011930350126569 ], [ 76.452731733683024, 12.010577758686049 ], [ 76.451722763300182, 12.009484554852639 ], [ 76.448875212004452, 12.006445760058027 ], [ 76.447400477437881, 12.004838785486937 ], [ 76.446627001291787, 12.004795571811561 ], [ 76.446303506666112, 12.004773139072032 ], [ 76.444743862094995, 12.008181077828539 ], [ 76.444381029943642, 12.00897305996325 ], [ 76.444348049083331, 12.009048028845397 ], [ 76.44359951429314, 12.010743825817732 ], [ 76.443320526628312, 12.011370061634581 ], [ 76.442451205648553, 12.013382343874801 ], [ 76.441255683627446, 12.016187537346795 ], [ 76.4337316464281, 12.016505387736634 ], [ 76.433653505528483, 12.016790845934731 ], [ 76.433279762327743, 12.01781295984989 ], [ 76.433249149210837, 12.017896682525716 ], [ 76.432258724481912, 12.020605265014501 ], [ 76.432493390410428, 12.02657887942029 ], [ 76.432491873398746, 12.026689278635745 ], [ 76.432319848375101, 12.026835172190161 ], [ 76.432268024153416, 12.02687907596794 ], [ 76.432156310237886, 12.027034809307224 ], [ 76.432185224712683, 12.027309158762399 ], [ 76.432193500559592, 12.027386500809421 ], [ 76.43221685662877, 12.027604787996543 ], [ 76.432245841527262, 12.027851456026328 ], [ 76.432250750425126, 12.027893233569138 ], [ 76.432263257336288, 12.028013379136741 ], [ 76.432317364923065, 12.028127348942943 ], [ 76.432365275559476, 12.028228265811251 ], [ 76.432504402658225, 12.028521314805271 ], [ 76.432536331411171, 12.028588567129972 ], [ 76.432582729188141, 12.028686295789054 ], [ 76.432584466077216, 12.028806525499615 ], [ 76.43258669013747, 12.028960479300721 ], [ 76.432590164896652, 12.029200942326749 ], [ 76.433601912636234, 12.029137751415146 ], [ 76.433594343173496, 12.029165566222181 ], [ 76.433646098615839, 12.029166546318825 ], [ 76.433742271240931, 12.029168367867371 ], [ 76.433817222379048, 12.029169725168527 ], [ 76.433921542441112, 12.029178449030184 ], [ 76.434069025053546, 12.029190781753824 ], [ 76.434318356922859, 12.029211631108767 ], [ 76.434401194950709, 12.029218557532177 ], [ 76.434632134976141, 12.029265765396847 ], [ 76.434846381522178, 12.0293095600687 ], [ 76.434882831600575, 12.029480031592641 ], [ 76.435097202136618, 12.029674948948896 ], [ 76.435155447578822, 12.029704694738269 ], [ 76.435321015465149, 12.029787952585229 ], [ 76.435367398962796, 12.029810746384332 ], [ 76.435456775305539, 12.029821589671169 ], [ 76.436758593220873, 12.029978180846669 ], [ 76.437588595573686, 12.030003134677278 ], [ 76.437621142662877, 12.030003790711994 ], [ 76.437913924096236, 12.030009695585955 ], [ 76.438034533311779, 12.029980419781696 ], [ 76.438393986896898, 12.029981446828405 ], [ 76.439025201349068, 12.029983249938955 ], [ 76.439292554649583, 12.03006863231969 ], [ 76.439401463508588, 12.030019681210609 ], [ 76.440503816999851, 12.029936617369009 ], [ 76.440732348500475, 12.029919047389869 ], [ 76.440756999792171, 12.029917151820781 ], [ 76.441108273515056, 12.029866862577631 ], [ 76.44118531887294, 12.029855832103133 ], [ 76.441298819214609, 12.029798554491006 ], [ 76.441473033106845, 12.029710636257175 ], [ 76.441698636660504, 12.029662465985 ], [ 76.441772050406399, 12.029646790896843 ], [ 76.441849810830675, 12.029646389365142 ], [ 76.44190983442553, 12.02950973336506 ], [ 76.442075570265459, 12.02951118284307 ], [ 76.442236694341432, 12.029512592757881 ], [ 76.442597577988352, 12.029515748816834 ], [ 76.442853864719254, 12.029511328151294 ], [ 76.442870893968475, 12.029714933265289 ], [ 76.442900770510377, 12.030072134581664 ], [ 76.443155093947937, 12.030087145025455 ], [ 76.443444273540138, 12.030104211715656 ], [ 76.444098715586776, 12.030162446536643 ], [ 76.444476167671894, 12.030197741847902 ], [ 76.445716228693755, 12.030303173661993 ], [ 76.447647862722746, 12.030471258077746 ], [ 76.45033827053841, 12.030777081454069 ], [ 76.451325975804011, 12.030889684089068 ], [ 76.45137781641796, 12.03089318186084 ], [ 76.459289015518195, 12.03143111690947 ], [ 76.456706566748977, 12.019972809964598 ] ] ] } },
{ "type": "Feature", "properties": { "OBJECTID": 21653, "KGISVillageID": 27652, "KGISVillageCode": "2608030051", "KGISVillageName": "Itna", "KGISHobliID": 881, "UniqueVillageCode": "2608030051_1", "Bhucode": "260501004029", "CensusVillageCode": "2957705573618905", "BhoomiVillageCode": "2608030051", "created_user": "SA", "created_date": 1556019584000.0, "last_edited_user": "SURESHBV2", "last_edited_date": 1724226134000.0, "LGDGPCode": "273306", "LGDGPCode_Secondary": null, "Category": "Cadastral data available and has bhoomi linkage", "SHAPE.STArea()": 5180326.7223138101, "SHAPE.STLength()": 11187.69364302071, "LGD_VillageCode": 618905.0, "_overlap_percent": 99.940902113077996, "_police_station": "Saragur PS", "_police_feature_index": "506", "_admin_layer": "Village", "_geometry_clipped": true }, "geometry": { "type": "Polygon", "coordinates": [ [ [ 76.400987746451321, 12.035495039498352 ], [ 76.401054257019894, 12.035596655094258 ], [ 76.401053295702454, 12.035599391155785 ], [ 76.401155323204961, 12.0357569885639 ], [ 76.401434646486507, 12.036140891105743 ], [ 76.402078369856113, 12.036245701728383 ], [ 76.402105304317118, 12.036250086847394 ], [ 76.402216844257268, 12.036268248287012 ], [ 76.402879956359968, 12.036253549548382 ], [ 76.402879945630161, 12.036263127828144 ], [ 76.402890229738119, 12.036262948329124 ], [ 76.402910806715212, 12.036132846196198 ], [ 76.403560470570469, 12.034441771286669 ], [ 76.403904788037607, 12.033412282646418 ], [ 76.404630271976274, 12.032574301033598 ], [ 76.405208459815881, 12.031633250365914 ], [ 76.406412566232206, 12.03023370810687 ], [ 76.406457954276647, 12.030175086354395 ], [ 76.406590441576427, 12.030003971573841 ], [ 76.40710800421104, 12.029335509822024 ], [ 76.407376034284368, 12.028989331578474 ], [ 76.40753009802269, 12.02879034865984 ], [ 76.407760189921007, 12.028248723505211 ], [ 76.407990642129775, 12.027706249294335 ], [ 76.408028583536506, 12.027617096854497 ], [ 76.408123777671179, 12.027393415264381 ], [ 76.408300710286014, 12.026977667953092 ], [ 76.408422642035845, 12.026691156740714 ], [ 76.408429687249836, 12.025704938074368 ], [ 76.408430886076815, 12.025537145448283 ], [ 76.408433532467583, 12.025166753438556 ], [ 76.408242460003777, 12.023933849207395 ], [ 76.408226397238408, 12.023830204391968 ], [ 76.408213465886618, 12.023746766384804 ], [ 76.407843720412842, 12.022638787359625 ], [ 76.407899145971527, 12.021709751095379 ], [ 76.408027110625071, 12.021379631901441 ], [ 76.408099946267896, 12.021191733852996 ], [ 76.408328930982606, 12.020601006190173 ], [ 76.409885932271777, 12.018954217814903 ], [ 76.410023034850624, 12.018809358772398 ], [ 76.410089243670726, 12.018739404684231 ], [ 76.411229535114316, 12.017534594753743 ], [ 76.412315476551328, 12.016536400527073 ], [ 76.412315920769458, 12.016535991444254 ], [ 76.413161229038437, 12.015758978746332 ], [ 76.413790364205852, 12.015274489915594 ], [ 76.4137973537118, 12.015269107809143 ], [ 76.413884268256595, 12.015183160801739 ], [ 76.414584540291216, 12.014490675024017 ], [ 76.415519569971863, 12.01307690268883 ], [ 76.416819341330111, 12.010830041235007 ], [ 76.417990426568807, 12.008784401808944 ], [ 76.418664281854191, 12.00735078536805 ], [ 76.419086638660801, 12.006691168299337 ], [ 76.419623657525776, 12.005846114676297 ], [ 76.419850303245255, 12.005008924522022 ], [ 76.419966548194438, 12.00321454520968 ], [ 76.419828709848233, 12.002781638285015 ], [ 76.418791425157693, 12.001939292560882 ], [ 76.417022478319623, 12.001542585197056 ], [ 76.415817592720899, 12.00126345506184 ], [ 76.415084698052226, 12.001223728908283 ], [ 76.41440002483948, 12.001309367977116 ], [ 76.413447940251103, 12.00142691520711 ], [ 76.411650272534786, 12.002034457267458 ], [ 76.410384426129383, 12.002461445741535 ], [ 76.408861031104934, 12.003754523938259 ], [ 76.407797816190993, 12.005026672036079 ], [ 76.406524028923542, 12.006785449646644 ], [ 76.405521920013356, 12.007484646407649 ], [ 76.404364025600955, 12.007397240931182 ], [ 76.403315829229115, 12.006887223565604 ], [ 76.402162925380438, 12.006001261217525 ], [ 76.401001900369749, 12.004423773972944 ], [ 76.399980537527142, 12.003951414973805 ], [ 76.399367828756425, 12.004298847272199 ], [ 76.399007654205548, 12.004571156921884 ], [ 76.398478007485593, 12.005459979207455 ], [ 76.398083572027346, 12.006525300620494 ], [ 76.397706926098749, 12.008103417183751 ], [ 76.397240067531484, 12.009557493682353 ], [ 76.396975530787671, 12.010812134681688 ], [ 76.396589887127362, 12.012559789086163 ], [ 76.396169724405979, 12.013872199168334 ], [ 76.395550389453774, 12.015268330378362 ], [ 76.395020017755783, 12.016089062690256 ], [ 76.395448057254811, 12.016744780716262 ], [ 76.39548934881617, 12.016808079721791 ], [ 76.395516392021676, 12.016874245308388 ], [ 76.396782466035617, 12.019982424947839 ], [ 76.397715693574241, 12.022376863352051 ], [ 76.397730239387684, 12.022376234565581 ], [ 76.397779378000124, 12.022374111834047 ], [ 76.398204396786269, 12.022504997485838 ], [ 76.398231455843188, 12.022513330670723 ], [ 76.398240638215285, 12.022572145472207 ], [ 76.398268627433396, 12.022751492498188 ], [ 76.398323435110328, 12.023103095280137 ], [ 76.398258282624397, 12.023234891381977 ], [ 76.398120744965084, 12.023513114473806 ], [ 76.398254076450741, 12.023501839465792 ], [ 76.398606933107004, 12.023472053569968 ], [ 76.398615348837907, 12.023471343314442 ], [ 76.39912991913755, 12.023427905413879 ], [ 76.399128568480762, 12.023451967282185 ], [ 76.399127145540447, 12.023477325976556 ], [ 76.399006586759228, 12.025613066744604 ], [ 76.398484415129801, 12.031762325592002 ], [ 76.398480804879213, 12.031810016489001 ], [ 76.39848976624674, 12.031810485826766 ], [ 76.398638876039428, 12.031818295143898 ], [ 76.398654422616275, 12.031893879557041 ], [ 76.400589730920956, 12.034883337650461 ], [ 76.400767385873763, 12.035157755881558 ], [ 76.400987746451321, 12.035495039498352 ] ] ] } },
{ "type": "Feature", "properties": { "OBJECTID": 21850, "KGISVillageID": 27857, "KGISVillageCode": "2608030004", "KGISVillageName": "Shanthipura", "KGISHobliID": 881, "UniqueVillageCode": "2608030004_1", "Bhucode": "260501005049", "CensusVillageCode": "2957705573618978", "BhoomiVillageCode": "2608030004", "created_user": "SA", "created_date": 1556019584000.0, "last_edited_user": "SURESHBV2", "last_edited_date": 1724226113000.0, "LGDGPCode": "219459", "LGDGPCode_Secondary": null, "Category": "Cadastral data available and has bhoomi linkage", "SHAPE.STArea()": 3674089.8039919152, "SHAPE.STLength()": 8395.0264066206819, "LGD_VillageCode": 618978.0, "_overlap_percent": 100.00000000000004, "_police_station": "Saragur PS", "_police_feature_index": "506", "_admin_layer": "Village", "_geometry_clipped": true }, "geometry": { "type": "Polygon", "coordinates": [ [ [ 76.427737730275169, 12.028009370237569 ], [ 76.427777559097805, 12.027941345328431 ], [ 76.428885383016478, 12.026049266149865 ], [ 76.43187401287247, 12.021654863874087 ], [ 76.432113694052404, 12.021001473633007 ], [ 76.432171977710652, 12.020842495714909 ], [ 76.432258724481912, 12.020605265014501 ], [ 76.433249149210837, 12.017896682525716 ], [ 76.433279762327743, 12.01781295984989 ], [ 76.433653505528483, 12.016790845934731 ], [ 76.4337316464281, 12.016505387736634 ], [ 76.430211334397669, 12.017134297076252 ], [ 76.429829180087722, 12.017202566520506 ], [ 76.428259373296527, 12.017482997416565 ], [ 76.428028265541073, 12.017524374617842 ], [ 76.424055138567681, 12.018233634234353 ], [ 76.423870092496131, 12.018266625841036 ], [ 76.422974639460065, 12.018772806978784 ], [ 76.422884285811264, 12.018823978750572 ], [ 76.420679575585979, 12.018331631846436 ], [ 76.420112291218274, 12.01820494472012 ], [ 76.419749348049621, 12.018123890734117 ], [ 76.417942529474885, 12.017720376948812 ], [ 76.417609611560053, 12.017646025176489 ], [ 76.417463766807529, 12.017613453050608 ], [ 76.417386068678852, 12.017597697464055 ], [ 76.41650967541797, 12.017419977769805 ], [ 76.416507004292669, 12.017419381955357 ], [ 76.416400973112957, 12.017395745033141 ], [ 76.416390114838009, 12.017393324679915 ], [ 76.416381372310695, 12.017391375480722 ], [ 76.416337532847223, 12.017381612945561 ], [ 76.41630251589325, 12.017373814569371 ], [ 76.416252571994065, 12.017362703322526 ], [ 76.416203506860256, 12.017405305547117 ], [ 76.416194139369622, 12.017398881582766 ], [ 76.415880048068829, 12.017183496457692 ], [ 76.415787410888086, 12.017136074605428 ], [ 76.415622333167633, 12.017060484035095 ], [ 76.415602097894904, 12.017051218407293 ], [ 76.415519388389157, 12.016987882214679 ], [ 76.415505986562763, 12.016973597756689 ], [ 76.415499689580827, 12.01696686167559 ], [ 76.415497720503552, 12.016964755187498 ], [ 76.41494727811066, 12.016375956707057 ], [ 76.41494240069315, 12.016370738613858 ], [ 76.414580686656109, 12.015983815031754 ], [ 76.414493458878709, 12.015905310007662 ], [ 76.414365058024131, 12.015790108562866 ], [ 76.414359897154313, 12.015785478641915 ], [ 76.413888872577502, 12.015362872229959 ], [ 76.413790364205852, 12.015274489915594 ], [ 76.413161229038437, 12.015758978746332 ], [ 76.412315920769458, 12.016535991444254 ], [ 76.412315476551328, 12.016536400527073 ], [ 76.411229535114316, 12.017534594753743 ], [ 76.410089243670726, 12.018739404684231 ], [ 76.410023034850624, 12.018809358772398 ], [ 76.409885932271777, 12.018954217814903 ], [ 76.408328930982606, 12.020601006190173 ], [ 76.408099946267896, 12.021191733852996 ], [ 76.408027110625071, 12.021379631901441 ], [ 76.407899145971527, 12.021709751095379 ], [ 76.407843720412842, 12.022638787359625 ], [ 76.408213465886618, 12.023746766384804 ], [ 76.408226397238408, 12.023830204391968 ], [ 76.408242460003777, 12.023933849207395 ], [ 76.408433532467583, 12.025166753438556 ], [ 76.408430886076815, 12.025537145448283 ], [ 76.408429687249836, 12.025704938074368 ], [ 76.408422642035845, 12.026691156740714 ], [ 76.408300710286014, 12.026977667953092 ], [ 76.408123777671179, 12.027393415264381 ], [ 76.408028583536506, 12.027617096854497 ], [ 76.407990642129775, 12.027706249294335 ], [ 76.407760189921007, 12.028248723505211 ], [ 76.40753009802269, 12.02879034865984 ], [ 76.407376034284368, 12.028989331578474 ], [ 76.40710800421104, 12.029335509822024 ], [ 76.406590441576427, 12.030003971573841 ], [ 76.406457954276647, 12.030175086354395 ], [ 76.406412566232206, 12.03023370810687 ], [ 76.406532063770754, 12.030254457060442 ], [ 76.40731686584509, 12.030390727121508 ], [ 76.408543503620209, 12.030602340394605 ], [ 76.408522692908804, 12.030661420687787 ], [ 76.408486057594146, 12.030765424357337 ], [ 76.408569728828482, 12.03088373398357 ], [ 76.408662929541435, 12.030974231031442 ], [ 76.410407243596865, 12.031159307512928 ], [ 76.410432422717349, 12.031161992920147 ], [ 76.410566458653477, 12.031154448327406 ], [ 76.411034097138995, 12.031128272577549 ], [ 76.411132999361982, 12.031122763173963 ], [ 76.411129150950657, 12.031183501847874 ], [ 76.411125338123838, 12.0312436671522 ], [ 76.411124364770018, 12.031259027947963 ], [ 76.411476050435752, 12.031270543826404 ], [ 76.411856070164063, 12.031282987313483 ], [ 76.41225702166399, 12.031296115470807 ], [ 76.412403759199591, 12.031300919721302 ], [ 76.412486011637796, 12.031301961882212 ], [ 76.412899018948778, 12.031385084674147 ], [ 76.413030597450955, 12.031411566580553 ], [ 76.413316447091773, 12.031469096667708 ], [ 76.413327136444948, 12.031471247614734 ], [ 76.413343748802248, 12.031474590897796 ], [ 76.413802684151051, 12.03156695457729 ], [ 76.413805789087803, 12.031567579848785 ], [ 76.41382251086678, 12.031570945150017 ], [ 76.413848819422284, 12.031567418891814 ], [ 76.413969849359788, 12.031551362381894 ], [ 76.414329941425947, 12.031503592872161 ], [ 76.414333726080059, 12.031503876567093 ], [ 76.418650849580203, 12.03182791508123 ], [ 76.418791361576297, 12.031838460456081 ], [ 76.421258869389433, 12.032023637353337 ], [ 76.423365065326934, 12.032146899549479 ], [ 76.423463199781736, 12.032152642760003 ], [ 76.424762871930511, 12.032228695354966 ], [ 76.425255541686667, 12.032248655920391 ], [ 76.425364324053291, 12.032062870927588 ], [ 76.427737730275169, 12.028009370237569 ] ] ] } },
{ "type": "Feature", "properties": { "OBJECTID": 21824, "KGISVillageID": 27831, "KGISVillageCode": "2608030016", "KGISVillageName": "Hunasahalli", "KGISHobliID": 881, "UniqueVillageCode": "2608030016_1", "Bhucode": "260501005022", "CensusVillageCode": "2957705573618979", "BhoomiVillageCode": "2608030016", "created_user": "SA", "created_date": 1556019584000.0, "last_edited_user": "SURESHBV2", "last_edited_date": 1724226113000.0, "LGDGPCode": "219459", "LGDGPCode_Secondary": null, "Category": "Cadastral data available and has bhoomi linkage", "SHAPE.STArea()": 3161400.749257925, "SHAPE.STLength()": 8993.5263461354571, "LGD_VillageCode": 618979.0, "_overlap_percent": 99.999999999999972, "_police_station": "Saragur PS", "_police_feature_index": "506", "_admin_layer": "Village", "_geometry_clipped": true }, "geometry": { "type": "Polygon", "coordinates": [ [ [ 76.44816116057433, 12.037547050617409 ], [ 76.449180873180694, 12.034246370148722 ], [ 76.45033827053841, 12.030777081454069 ], [ 76.447647862722746, 12.030471258077746 ], [ 76.445716228693755, 12.030303173661993 ], [ 76.444476167671894, 12.030197741847902 ], [ 76.444098715586776, 12.030162446536643 ], [ 76.443444273540138, 12.030104211715656 ], [ 76.443155093947937, 12.030087145025455 ], [ 76.442900770510377, 12.030072134581664 ], [ 76.442870893968475, 12.029714933265289 ], [ 76.442853864719254, 12.029511328151294 ], [ 76.442597577988352, 12.029515748816834 ], [ 76.442236694341432, 12.029512592757881 ], [ 76.442075570265459, 12.02951118284307 ], [ 76.44190983442553, 12.02950973336506 ], [ 76.441849810830675, 12.029646389365142 ], [ 76.441772050406399, 12.029646790896843 ], [ 76.441698636660504, 12.029662465985 ], [ 76.441473033106845, 12.029710636257175 ], [ 76.441298819214609, 12.029798554491006 ], [ 76.44118531887294, 12.029855832103133 ], [ 76.441108273515056, 12.029866862577631 ], [ 76.440756999792171, 12.029917151820781 ], [ 76.440732348500475, 12.029919047389869 ], [ 76.440503816999851, 12.029936617369009 ], [ 76.439401463508588, 12.030019681210609 ], [ 76.439292554649583, 12.03006863231969 ], [ 76.439025201349068, 12.029983249938955 ], [ 76.438393986896898, 12.029981446828405 ], [ 76.438034533311779, 12.029980419781696 ], [ 76.437913924096236, 12.030009695585955 ], [ 76.437621142662877, 12.030003790711994 ], [ 76.437588595573686, 12.030003134677278 ], [ 76.436758593220873, 12.029978180846669 ], [ 76.435456775305539, 12.029821589671169 ], [ 76.435367398962796, 12.029810746384332 ], [ 76.435321015465149, 12.029787952585229 ], [ 76.435155447578822, 12.029704694738269 ], [ 76.435097202136618, 12.029674948948896 ], [ 76.434882831600575, 12.029480031592641 ], [ 76.434846381522178, 12.0293095600687 ], [ 76.434632134976141, 12.029265765396847 ], [ 76.434401194950709, 12.029218557532177 ], [ 76.434318356922859, 12.029211631108767 ], [ 76.434069025053546, 12.029190781753824 ], [ 76.433921542441112, 12.029178449030184 ], [ 76.433817222379048, 12.029169725168527 ], [ 76.433742271240931, 12.029168367867371 ], [ 76.433646098615839, 12.029166546318825 ], [ 76.433594343173496, 12.029165566222181 ], [ 76.433601912636234, 12.029137751415146 ], [ 76.432590164896652, 12.029200942326749 ], [ 76.43258669013747, 12.028960479300721 ], [ 76.432584466077216, 12.028806525499615 ], [ 76.432582729188141, 12.028686295789054 ], [ 76.432536331411171, 12.028588567129972 ], [ 76.432504402658225, 12.028521314805271 ], [ 76.432365275559476, 12.028228265811251 ], [ 76.432317364923065, 12.028127348942943 ], [ 76.432263257336288, 12.028013379136741 ], [ 76.432250750425126, 12.027893233569138 ], [ 76.432245841527262, 12.027851456026328 ], [ 76.43221685662877, 12.027604787996543 ], [ 76.432193500559592, 12.027386500809421 ], [ 76.432185224712683, 12.027309158762399 ], [ 76.432156310237886, 12.027034809307224 ], [ 76.432268024153416, 12.02687907596794 ], [ 76.432319848375101, 12.026835172190161 ], [ 76.432491873398746, 12.026689278635745 ], [ 76.432493390410428, 12.02657887942029 ], [ 76.432258724481912, 12.020605265014501 ], [ 76.432171977710652, 12.020842495714909 ], [ 76.432113694052404, 12.021001473633007 ], [ 76.43187401287247, 12.021654863874087 ], [ 76.428885383016478, 12.026049266149865 ], [ 76.427777559097805, 12.027941345328431 ], [ 76.427737730275169, 12.028009370237569 ], [ 76.425364324053291, 12.032062870927588 ], [ 76.425255541686667, 12.032248655920391 ], [ 76.425330983688355, 12.032257904616751 ], [ 76.425327770746733, 12.032276701462127 ], [ 76.425175204543024, 12.033188063737326 ], [ 76.425037497421528, 12.034010661744198 ], [ 76.424403258350722, 12.037799262719048 ], [ 76.424390997879954, 12.038681266474205 ], [ 76.424632553687871, 12.0389710437041 ], [ 76.424693784514659, 12.039044532854465 ], [ 76.425529093851523, 12.039150192464108 ], [ 76.425754486474744, 12.039178702728611 ], [ 76.425813961247243, 12.039185277943114 ], [ 76.425900278939807, 12.039194821475574 ], [ 76.425923864828647, 12.039197429448441 ], [ 76.425946874486982, 12.039199973462345 ], [ 76.425968183301265, 12.03920394828276 ], [ 76.426690063932668, 12.039338610027956 ], [ 76.426733631331459, 12.039346737315816 ], [ 76.427394300942737, 12.039469978837099 ], [ 76.427752237697121, 12.039526163911013 ], [ 76.42777927935542, 12.039530408500447 ], [ 76.427941939305953, 12.039555940783426 ], [ 76.428085021014397, 12.039577528335176 ], [ 76.428158233548714, 12.039580068335008 ], [ 76.428189560743519, 12.039581155604495 ], [ 76.428290849244448, 12.039584304947535 ], [ 76.428590078355299, 12.039593609239702 ], [ 76.428690037363694, 12.039593027786735 ], [ 76.429264779757673, 12.039589683623701 ], [ 76.429661188854595, 12.039587375998794 ], [ 76.429843329018013, 12.039586315151354 ], [ 76.429853983175818, 12.039586253318111 ], [ 76.430139105021254, 12.039625930193953 ], [ 76.430846421374881, 12.039726588052238 ], [ 76.432406081951171, 12.039846787596801 ], [ 76.432406872176031, 12.0398468486332 ], [ 76.432582495815964, 12.039860383199558 ], [ 76.43264586076566, 12.039865266213763 ], [ 76.432697207879883, 12.039869223675659 ], [ 76.432713214072606, 12.039870547319627 ], [ 76.432802716741264, 12.039863174219867 ], [ 76.432902602983745, 12.039854944943677 ], [ 76.432943963807205, 12.0398515375113 ], [ 76.433122599131906, 12.039860041355793 ], [ 76.433346862234785, 12.039871483079468 ], [ 76.433531409788074, 12.039884300370073 ], [ 76.433642366561273, 12.039892007051119 ], [ 76.433645288434533, 12.039892209919222 ], [ 76.433743513004259, 12.039899031800424 ], [ 76.433975459237871, 12.039915141051505 ], [ 76.434070281393289, 12.039921727162071 ], [ 76.434190618485076, 12.039930084256143 ], [ 76.434313720336675, 12.039938634117258 ], [ 76.43449641830864, 12.039951322848047 ], [ 76.43461257381793, 12.039959389351139 ], [ 76.434695470506625, 12.03996514695643 ], [ 76.434751068354927, 12.039964078117869 ], [ 76.434760702327566, 12.039963892963206 ], [ 76.434966052867424, 12.039959944717914 ], [ 76.435188149749933, 12.039981168234494 ], [ 76.435428609223806, 12.040004146833434 ], [ 76.43546586299928, 12.040068976251993 ], [ 76.435532461272729, 12.040062138709251 ], [ 76.435625122150057, 12.04005850217465 ], [ 76.43593680535777, 12.040046268954896 ], [ 76.436429203966213, 12.040026941939223 ], [ 76.4365983953805, 12.040082283451072 ], [ 76.436675298488538, 12.040054430697616 ], [ 76.436737400147123, 12.040031938465077 ], [ 76.436882867315362, 12.040028931840347 ], [ 76.436880007621511, 12.039917574506019 ], [ 76.436878988305054, 12.039877871889081 ], [ 76.437431038582289, 12.040119197941156 ], [ 76.437602219231223, 12.040105555821 ], [ 76.437749475573114, 12.04009563781737 ], [ 76.438147911912182, 12.040016661994327 ], [ 76.438159065604239, 12.040050071520719 ], [ 76.438182380713457, 12.040112082029816 ], [ 76.438209601903523, 12.040107064225083 ], [ 76.438273628348028, 12.040100930908434 ], [ 76.438316466868301, 12.040096827063756 ], [ 76.439218599909807, 12.040010410318178 ], [ 76.43950918368752, 12.039993314988195 ], [ 76.439537045554971, 12.039991675892058 ], [ 76.440504501276607, 12.039934756051355 ], [ 76.440975781446596, 12.039935575209938 ], [ 76.441342483095994, 12.039935109442247 ], [ 76.441359313335525, 12.039935087587073 ], [ 76.441365794545291, 12.039916553151576 ], [ 76.441401680000311, 12.039813926329851 ], [ 76.441416409263937, 12.039771803601765 ], [ 76.442168950693983, 12.039776775495133 ], [ 76.44226036532919, 12.039777378797821 ], [ 76.442266255723922, 12.039889298776121 ], [ 76.442302903057623, 12.039921780707946 ], [ 76.442391089127739, 12.039914958326088 ], [ 76.442940600073612, 12.039886011760069 ], [ 76.443104236568445, 12.039877392187975 ], [ 76.443104817516669, 12.039893307186999 ], [ 76.444660577855174, 12.039788547145266 ], [ 76.444727788625713, 12.039784021402788 ], [ 76.444724570285061, 12.039749657118445 ], [ 76.444827157096455, 12.03974558734466 ], [ 76.445012832645375, 12.039738222204479 ], [ 76.445039015854533, 12.03973718342603 ], [ 76.445053596399745, 12.039737107907923 ], [ 76.445049787527211, 12.039710664550835 ], [ 76.445072731770381, 12.039693747155628 ], [ 76.445104608372702, 12.039670147606621 ], [ 76.445133168589649, 12.039649003513766 ], [ 76.445152491422348, 12.03963469774839 ], [ 76.445203947914152, 12.039596602140813 ], [ 76.445448966840345, 12.039680662760306 ], [ 76.445543353567814, 12.039713044884904 ], [ 76.445659828147853, 12.039753004366611 ], [ 76.445667278789514, 12.039755560445732 ], [ 76.446044580471522, 12.039881772650862 ], [ 76.447288667413417, 12.040282001792159 ], [ 76.447375937911644, 12.040297371195443 ], [ 76.447438307741862, 12.040308355734892 ], [ 76.447610561416269, 12.040338691315529 ], [ 76.447622866707576, 12.040113230863094 ], [ 76.44816116057433, 12.037547050617409 ] ] ] } },
{ "type": "Feature", "properties": { "OBJECTID": 21838, "KGISVillageID": 27845, "KGISVillageCode": "2608030005", "KGISVillageName": "Manchahalli", "KGISHobliID": 881, "UniqueVillageCode": "2608030005_1", "Bhucode": "260501005036", "CensusVillageCode": "2957705573618977", "BhoomiVillageCode": "2608030005", "created_user": null, "created_date": null, "last_edited_user": null, "last_edited_date": null, "LGDGPCode": "219459", "LGDGPCode_Secondary": null, "Category": "Cadastral data available and has bhoomi linkage", "SHAPE.STArea()": 2247869.0193665749, "SHAPE.STLength()": 6766.8793696539778, "LGD_VillageCode": 618977.0, "_overlap_percent": 99.999999999999929, "_police_station": "Saragur PS", "_police_feature_index": "506", "_admin_layer": "Village", "_geometry_clipped": true }, "geometry": { "type": "Polygon", "coordinates": [ [ [ 76.411504149296462, 12.040245811876826 ], [ 76.412702011197055, 12.040348767860673 ], [ 76.413234427192805, 12.040268635756464 ], [ 76.413637789799822, 12.039759727970019 ], [ 76.414320905674501, 12.039527424486163 ], [ 76.414553985396864, 12.039446947583862 ], [ 76.414637717044542, 12.039017416427363 ], [ 76.415005489149465, 12.039087938749404 ], [ 76.415822976780674, 12.039320967814218 ], [ 76.41717911530462, 12.039256047169493 ], [ 76.41834405797843, 12.039209144773965 ], [ 76.418335285704032, 12.038966732792998 ], [ 76.418448581449667, 12.038976660473187 ], [ 76.418614148341973, 12.038991442162162 ], [ 76.418808484874802, 12.039008792414839 ], [ 76.419337800939488, 12.039056047204921 ], [ 76.420113721092434, 12.039125316973912 ], [ 76.420594697967942, 12.039067517081563 ], [ 76.421253454259841, 12.039014998396887 ], [ 76.422147767411289, 12.038919046267797 ], [ 76.423979019359223, 12.03873996374638 ], [ 76.424165295394715, 12.038713457423652 ], [ 76.424390997879954, 12.038681266474205 ], [ 76.424403258350722, 12.037799262719048 ], [ 76.425037497421528, 12.034010661744198 ], [ 76.425175204543024, 12.033188063737326 ], [ 76.425327770746733, 12.032276701462127 ], [ 76.425330983688355, 12.032257904616751 ], [ 76.425255541686667, 12.032248655920391 ], [ 76.424762871930511, 12.032228695354966 ], [ 76.423463199781736, 12.032152642760003 ], [ 76.423365065326934, 12.032146899549479 ], [ 76.421258869389433, 12.032023637353337 ], [ 76.418791361576297, 12.031838460456081 ], [ 76.418650849580203, 12.03182791508123 ], [ 76.414333726080059, 12.031503876567093 ], [ 76.414329941425947, 12.031503592872161 ], [ 76.413969849359788, 12.031551362381894 ], [ 76.413848819422284, 12.031567418891814 ], [ 76.41382251086678, 12.031570945150017 ], [ 76.413805789087803, 12.031567579848785 ], [ 76.413802684151051, 12.03156695457729 ], [ 76.413343748802248, 12.031474590897796 ], [ 76.413327136444948, 12.031471247614734 ], [ 76.413316447091773, 12.031469096667708 ], [ 76.413030597450955, 12.031411566580553 ], [ 76.412899018948778, 12.031385084674147 ], [ 76.412486011637796, 12.031301961882212 ], [ 76.412403759199591, 12.031300919721302 ], [ 76.41225702166399, 12.031296115470807 ], [ 76.411856070164063, 12.031282987313483 ], [ 76.411476050435752, 12.031270543826404 ], [ 76.411124364770018, 12.031259027947963 ], [ 76.411125338123838, 12.0312436671522 ], [ 76.411129150950657, 12.031183501847874 ], [ 76.411132999361982, 12.031122763173963 ], [ 76.411034097138995, 12.031128272577549 ], [ 76.410566458653477, 12.031154448327406 ], [ 76.410432422717349, 12.031161992920147 ], [ 76.410407243596865, 12.031159307512928 ], [ 76.408662929541435, 12.030974231031442 ], [ 76.408569728828482, 12.03088373398357 ], [ 76.408486057594146, 12.030765424357337 ], [ 76.408522692908804, 12.030661420687787 ], [ 76.408543503620209, 12.030602340394605 ], [ 76.40731686584509, 12.030390727121508 ], [ 76.406532063770754, 12.030254457060442 ], [ 76.406412566232206, 12.03023370810687 ], [ 76.405208459815881, 12.031633250365914 ], [ 76.404630271976274, 12.032574301033598 ], [ 76.403904788037607, 12.033412282646418 ], [ 76.403560470570469, 12.034441771286669 ], [ 76.402910806715212, 12.036132846196198 ], [ 76.402890229738119, 12.036262948329124 ], [ 76.402894167991064, 12.03736080223343 ], [ 76.402876163839238, 12.038494218338544 ], [ 76.403322697637066, 12.040029387093233 ], [ 76.403861388740054, 12.040782817969793 ], [ 76.40491206825628, 12.041669478563277 ], [ 76.405722508288065, 12.042126117966291 ], [ 76.40640435670899, 12.042812517348201 ], [ 76.407238793780635, 12.043648694922803 ], [ 76.407769719453341, 12.043317224407661 ], [ 76.40830182579559, 12.042832219882779 ], [ 76.408894145035703, 12.04229264454017 ], [ 76.409959717070862, 12.04081182837637 ], [ 76.410395275691911, 12.040525208155929 ], [ 76.411504149296462, 12.040245811876826 ] ] ] } },
{ "type": "Feature", "properties": { "OBJECTID": 21819, "KGISVillageID": 27826, "KGISVillageCode": "2608030006", "KGISVillageName": "Halemanchahalli", "KGISHobliID": 881, "UniqueVillageCode": "2608030006_1", "Bhucode": "260501005017", "CensusVillageCode": "2957705573618976", "BhoomiVillageCode": "2608030006", "created_user": "SA", "created_date": 1556019584000.0, "last_edited_user": "SURESHBV2", "last_edited_date": 1724226113000.0, "LGDGPCode": "219459", "LGDGPCode_Secondary": null, "Category": "Cadastral data available and has bhoomi linkage", "SHAPE.STArea()": 1783271.4346032201, "SHAPE.STLength()": 5620.6227179869738, "LGD_VillageCode": 618976.0, "_overlap_percent": 99.703872389694965, "_police_station": "Saragur PS", "_police_feature_index": "506", "_admin_layer": "Village", "_geometry_clipped": true }, "geometry": { "type": "Polygon", "coordinates": [ [ [ 76.422149359458118, 12.049994157554409 ], [ 76.423017178613549, 12.049951830153995 ], [ 76.42386644770005, 12.049910404878036 ], [ 76.423986809639999, 12.049904297826926 ], [ 76.42428969839456, 12.049888930786638 ], [ 76.424274457430158, 12.049838100884742 ], [ 76.424377578454084, 12.045754792197124 ], [ 76.424395247384837, 12.045055179921485 ], [ 76.424395728371636, 12.045036129425533 ], [ 76.424403533972566, 12.044727060002716 ], [ 76.424492553165209, 12.044040252101917 ], [ 76.424507782186097, 12.043781025506942 ], [ 76.424555692806976, 12.042965509494886 ], [ 76.424592489495851, 12.042784400890026 ], [ 76.424621388919675, 12.042642157386222 ], [ 76.424628756375697, 12.042593573427714 ], [ 76.424629139832859, 12.042591043664366 ], [ 76.424810637529845, 12.041394095185558 ], [ 76.424874898045985, 12.040970305402031 ], [ 76.42487460599628, 12.040945222317101 ], [ 76.424875396808417, 12.040937030938384 ], [ 76.424788038676212, 12.040421453184972 ], [ 76.424782711164426, 12.039947091101547 ], [ 76.42477212704037, 12.039844216648108 ], [ 76.424744835737371, 12.039578962678625 ], [ 76.424737916838751, 12.039511714630905 ], [ 76.424728744350077, 12.039416655957774 ], [ 76.424693784514659, 12.039044532854465 ], [ 76.424632553687871, 12.0389710437041 ], [ 76.424390997879954, 12.038681266474205 ], [ 76.424165295394715, 12.038713457423652 ], [ 76.423979019359223, 12.03873996374638 ], [ 76.422147767411289, 12.038919046267797 ], [ 76.421253454259841, 12.039014998396887 ], [ 76.420594697967942, 12.039067517081563 ], [ 76.420113721092434, 12.039125316973912 ], [ 76.419337800939488, 12.039056047204921 ], [ 76.418808484874802, 12.039008792414839 ], [ 76.418614148341973, 12.038991442162162 ], [ 76.418448581449667, 12.038976660473187 ], [ 76.418335285704032, 12.038966732792998 ], [ 76.41834405797843, 12.039209144773965 ], [ 76.41717911530462, 12.039256047169493 ], [ 76.415822976780674, 12.039320967814218 ], [ 76.415005489149465, 12.039087938749404 ], [ 76.414637717044542, 12.039017416427363 ], [ 76.414553985396864, 12.039446947583862 ], [ 76.414320905674501, 12.039527424486163 ], [ 76.413637789799822, 12.039759727970019 ], [ 76.413234427192805, 12.040268635756464 ], [ 76.412702011197055, 12.040348767860673 ], [ 76.411504149296462, 12.040245811876826 ], [ 76.410395275691911, 12.040525208155929 ], [ 76.409959717070862, 12.04081182837637 ], [ 76.408894145035703, 12.04229264454017 ], [ 76.40830182579559, 12.042832219882779 ], [ 76.407769719453341, 12.043317224407661 ], [ 76.407238793780635, 12.043648694922803 ], [ 76.407580131338506, 12.044673879335702 ], [ 76.407656749483621, 12.044903995425308 ], [ 76.407654943727707, 12.044955408379314 ], [ 76.408461480545157, 12.04502536250647 ], [ 76.408536031278203, 12.045039157521396 ], [ 76.408740405463959, 12.045076976470607 ], [ 76.409732695947568, 12.045556315512529 ], [ 76.409802975120741, 12.04559850643939 ], [ 76.41012883548899, 12.045794135481708 ], [ 76.41093327516495, 12.045956390003544 ], [ 76.411007600996598, 12.045971381556026 ], [ 76.412190851725271, 12.046388483414702 ], [ 76.412744910966808, 12.046514231902897 ], [ 76.412834116724852, 12.046545851392462 ], [ 76.413718395127432, 12.047544573311923 ], [ 76.413836755745663, 12.047678252049101 ], [ 76.414166688271507, 12.048050880783789 ], [ 76.414334872856756, 12.048241039523033 ], [ 76.414685055591306, 12.048636973254178 ], [ 76.41548182829294, 12.049537836600388 ], [ 76.416264726746419, 12.05047115534815 ], [ 76.416507925947613, 12.050720888951794 ], [ 76.416741419261328, 12.050955912565227 ], [ 76.422149359458118, 12.049994157554409 ] ] ] } },
{ "type": "Feature", "properties": { "OBJECTID": 21839, "KGISVillageID": 27846, "KGISVillageCode": "2608030015", "KGISVillageName": "Manuganahalli", "KGISHobliID": 881, "UniqueVillageCode": "2608030015_1", "Bhucode": "260501005037", "CensusVillageCode": "2957705573618975", "BhoomiVillageCode": "2608030015", "created_user": "SA", "created_date": 1556019584000.0, "last_edited_user": "SURESHBV2", "last_edited_date": 1724226113000.0, "LGDGPCode": "219459", "LGDGPCode_Secondary": null, "Category": "Cadastral data available and has bhoomi linkage", "SHAPE.STArea()": 5111718.6119096149, "SHAPE.STLength()": 9876.7533669229852, "LGD_VillageCode": 618975.0, "_overlap_percent": 99.293469600628399, "_police_station": "Saragur PS", "_police_feature_index": "506", "_admin_layer": "Village", "_geometry_clipped": true }, "geometry": { "type": "Polygon", "coordinates": [ [ [ 76.437306120575229, 12.057431828836819 ], [ 76.437296924252195, 12.057283002490207 ], [ 76.437427269677357, 12.057251584323176 ], [ 76.437436070998814, 12.057238956021413 ], [ 76.437470834594933, 12.057227769560496 ], [ 76.437488318801073, 12.057203237742984 ], [ 76.438302434146564, 12.056927041353973 ], [ 76.438369575127098, 12.056904262893427 ], [ 76.439030220427455, 12.056714156957282 ], [ 76.439058085280422, 12.056711204089464 ], [ 76.439184721820382, 12.056736340954673 ], [ 76.439627322490708, 12.056649425591489 ], [ 76.439630670753601, 12.056648768208339 ], [ 76.439756858993903, 12.056625256716968 ], [ 76.439875848383338, 12.056603086948623 ], [ 76.439887383100896, 12.056603555850819 ], [ 76.439930515286051, 12.056594945341784 ], [ 76.440451810343845, 12.056598927469246 ], [ 76.440611537557444, 12.056599225444467 ], [ 76.44064273073667, 12.056599283747707 ], [ 76.440649742795117, 12.056488264581725 ], [ 76.440650456816527, 12.056476964505833 ], [ 76.440653819120968, 12.056400116340036 ], [ 76.440689179125684, 12.055592042687252 ], [ 76.440685974765387, 12.055509337533399 ], [ 76.440655478247891, 12.055125331320918 ], [ 76.440596054662308, 12.054697485169722 ], [ 76.44061222965567, 12.054623727782689 ], [ 76.440624338178864, 12.054568197628621 ], [ 76.440628493906843, 12.054549140899415 ], [ 76.440632376659039, 12.054531257259278 ], [ 76.44067088272142, 12.054525246821308 ], [ 76.440705394216536, 12.05451985966215 ], [ 76.440706894254291, 12.054513425239573 ], [ 76.441168390694585, 12.054447587884821 ], [ 76.442300383785152, 12.054270888864483 ], [ 76.442405489569438, 12.054253967619307 ], [ 76.443297863797511, 12.054110296750821 ], [ 76.443421198913583, 12.054047209243766 ], [ 76.443451267570751, 12.054031828942941 ], [ 76.445242152087246, 12.053094349633506 ], [ 76.445405072390727, 12.05300815143913 ], [ 76.445913310882474, 12.052738908416762 ], [ 76.446511136988192, 12.052421502697543 ], [ 76.446891733307822, 12.052219030652566 ], [ 76.446975915151583, 12.052174424389181 ], [ 76.447605215828958, 12.051840970486213 ], [ 76.447726042585373, 12.051776946847447 ], [ 76.448480450475628, 12.051377196851476 ], [ 76.448980223543685, 12.051112373079285 ], [ 76.449034380347484, 12.051084778714664 ], [ 76.449032836394707, 12.051081712903839 ], [ 76.449028403214697, 12.051072909516938 ], [ 76.448943872268586, 12.050488053307072 ], [ 76.448931581815543, 12.05040301530026 ], [ 76.448574892851397, 12.047935105528275 ], [ 76.448572894413871, 12.047921277311648 ], [ 76.448554123487725, 12.047791403017991 ], [ 76.448182561842117, 12.044883624696222 ], [ 76.448179557133997, 12.044859750240818 ], [ 76.448177002374919, 12.044839452663217 ], [ 76.447788629827869, 12.041753595328519 ], [ 76.447784795391485, 12.04172312454274 ], [ 76.447610561416269, 12.040338691315529 ], [ 76.447438307741862, 12.040308355734892 ], [ 76.447375937911644, 12.040297371195443 ], [ 76.447288667413417, 12.040282001792159 ], [ 76.446044580471522, 12.039881772650862 ], [ 76.445667278789514, 12.039755560445732 ], [ 76.445659828147853, 12.039753004366611 ], [ 76.445543353567814, 12.039713044884904 ], [ 76.445448966840345, 12.039680662760306 ], [ 76.445203947914152, 12.039596602140813 ], [ 76.445152491422348, 12.03963469774839 ], [ 76.445133168589649, 12.039649003513766 ], [ 76.445104608372702, 12.039670147606621 ], [ 76.445072731770381, 12.039693747155628 ], [ 76.445049787527211, 12.039710664550835 ], [ 76.445053596399745, 12.039737107907923 ], [ 76.445039015854533, 12.03973718342603 ], [ 76.445012832645375, 12.039738222204479 ], [ 76.444827157096455, 12.03974558734466 ], [ 76.444724570285061, 12.039749657118445 ], [ 76.444727788625713, 12.039784021402788 ], [ 76.444660577855174, 12.039788547145266 ], [ 76.443104817516669, 12.039893307186999 ], [ 76.443104236568445, 12.039877392187975 ], [ 76.442940600073612, 12.039886011760069 ], [ 76.442391089127739, 12.039914958326088 ], [ 76.442302903057623, 12.039921780707946 ], [ 76.442266255723922, 12.039889298776121 ], [ 76.44226036532919, 12.039777378797821 ], [ 76.442168950693983, 12.039776775495133 ], [ 76.441416409263937, 12.039771803601765 ], [ 76.441401680000311, 12.039813926329851 ], [ 76.441365794545291, 12.039916553151576 ], [ 76.441359313335525, 12.039935087587073 ], [ 76.441342483095994, 12.039935109442247 ], [ 76.440975781446596, 12.039935575209938 ], [ 76.440504501276607, 12.039934756051355 ], [ 76.439537045554971, 12.039991675892058 ], [ 76.43950918368752, 12.039993314988195 ], [ 76.439218599909807, 12.040010410318178 ], [ 76.438316466868301, 12.040096827063756 ], [ 76.438273628348028, 12.040100930908434 ], [ 76.438209601903523, 12.040107064225083 ], [ 76.438182380713457, 12.040112082029816 ], [ 76.438159065604239, 12.040050071520719 ], [ 76.438147911912182, 12.040016661994327 ], [ 76.437749475573114, 12.04009563781737 ], [ 76.437602219231223, 12.040105555821 ], [ 76.437431038582289, 12.040119197941156 ], [ 76.436878988305054, 12.039877871889081 ], [ 76.436880007621511, 12.039917574506019 ], [ 76.436882867315362, 12.040028931840347 ], [ 76.436737400147123, 12.040031938465077 ], [ 76.436675298488538, 12.040054430697616 ], [ 76.4365983953805, 12.040082283451072 ], [ 76.436429203966213, 12.040026941939223 ], [ 76.43593680535777, 12.040046268954896 ], [ 76.435625122150057, 12.04005850217465 ], [ 76.435532461272729, 12.040062138709251 ], [ 76.43546586299928, 12.040068976251993 ], [ 76.435428609223806, 12.040004146833434 ], [ 76.435188149749933, 12.039981168234494 ], [ 76.434966052867424, 12.039959944717914 ], [ 76.434760702327566, 12.039963892963206 ], [ 76.434751068354927, 12.039964078117869 ], [ 76.434695470506625, 12.03996514695643 ], [ 76.43461257381793, 12.039959389351139 ], [ 76.43449641830864, 12.039951322848047 ], [ 76.434313720336675, 12.039938634117258 ], [ 76.434190618485076, 12.039930084256143 ], [ 76.434070281393289, 12.039921727162071 ], [ 76.433975459237871, 12.039915141051505 ], [ 76.433743513004259, 12.039899031800424 ], [ 76.433645288434533, 12.039892209919222 ], [ 76.433642366561273, 12.039892007051119 ], [ 76.433531409788074, 12.039884300370073 ], [ 76.433346862234785, 12.039871483079468 ], [ 76.433122599131906, 12.039860041355793 ], [ 76.432943963807205, 12.0398515375113 ], [ 76.432902602983745, 12.039854944943677 ], [ 76.432802716741264, 12.039863174219867 ], [ 76.432713214072606, 12.039870547319627 ], [ 76.432697207879883, 12.039869223675659 ], [ 76.43264586076566, 12.039865266213763 ], [ 76.432582495815964, 12.039860383199558 ], [ 76.432406872176031, 12.0398468486332 ], [ 76.432406081951171, 12.039846787596801 ], [ 76.430846421374881, 12.039726588052238 ], [ 76.430139105021254, 12.039625930193953 ], [ 76.429853983175818, 12.039586253318111 ], [ 76.429843329018013, 12.039586315151354 ], [ 76.429661188854595, 12.039587375998794 ], [ 76.429264779757673, 12.039589683623701 ], [ 76.428690037363694, 12.039593027786735 ], [ 76.428590078355299, 12.039593609239702 ], [ 76.428290849244448, 12.039584304947535 ], [ 76.428189560743519, 12.039581155604495 ], [ 76.428158233548714, 12.039580068335008 ], [ 76.428085021014397, 12.039577528335176 ], [ 76.427941939305953, 12.039555940783426 ], [ 76.42777927935542, 12.039530408500447 ], [ 76.427752237697121, 12.039526163911013 ], [ 76.427394300942737, 12.039469978837099 ], [ 76.426733631331459, 12.039346737315816 ], [ 76.426690063932668, 12.039338610027956 ], [ 76.425968183301265, 12.03920394828276 ], [ 76.425946874486982, 12.039199973462345 ], [ 76.425923864828647, 12.039197429448441 ], [ 76.425900278939807, 12.039194821475574 ], [ 76.425813961247243, 12.039185277943114 ], [ 76.425754486474744, 12.039178702728611 ], [ 76.425529093851523, 12.039150192464108 ], [ 76.424693784514659, 12.039044532854465 ], [ 76.424728744350077, 12.039416655957774 ], [ 76.424737916838751, 12.039511714630905 ], [ 76.424744835737371, 12.039578962678625 ], [ 76.42477212704037, 12.039844216648108 ], [ 76.424782711164426, 12.039947091101547 ], [ 76.424788038676212, 12.040421453184972 ], [ 76.424875396808417, 12.040937030938384 ], [ 76.42487460599628, 12.040945222317101 ], [ 76.424874898045985, 12.040970305402031 ], [ 76.424810637529845, 12.041394095185558 ], [ 76.424629139832859, 12.042591043664366 ], [ 76.424628756375697, 12.042593573427714 ], [ 76.424621388919675, 12.042642157386222 ], [ 76.424592489495851, 12.042784400890026 ], [ 76.424555692806976, 12.042965509494886 ], [ 76.424507782186097, 12.043781025506942 ], [ 76.424492553165209, 12.044040252101917 ], [ 76.424403533972566, 12.044727060002716 ], [ 76.424395728371636, 12.045036129425533 ], [ 76.424395247384837, 12.045055179921485 ], [ 76.424377578454084, 12.045754792197124 ], [ 76.424274457430158, 12.049838100884742 ], [ 76.42428969839456, 12.049888930786638 ], [ 76.424300927768897, 12.049926381608408 ], [ 76.424862051905251, 12.04990007441492 ], [ 76.425736355509585, 12.054020022938296 ], [ 76.425768750282074, 12.054172676210394 ], [ 76.42664726853522, 12.057687944688034 ], [ 76.426873469213746, 12.058759692768945 ], [ 76.426947777911309, 12.059053675175509 ], [ 76.427410701954912, 12.060885094423622 ], [ 76.427359568255326, 12.061607772661326 ], [ 76.427314655007379, 12.062449377436209 ], [ 76.42782479903434, 12.062755084329572 ], [ 76.428067457400275, 12.062898732890098 ], [ 76.429360591188072, 12.063599580123448 ], [ 76.431131527165263, 12.064739099036048 ], [ 76.43222735988472, 12.06544591805118 ], [ 76.432354208003503, 12.065016832941089 ], [ 76.432366911511764, 12.06497386020143 ], [ 76.433113703151349, 12.062447688256267 ], [ 76.43314081522017, 12.062355975015034 ], [ 76.433426009002204, 12.061391238383857 ], [ 76.433444602756111, 12.061328341144559 ], [ 76.433473439024539, 12.061230794965866 ], [ 76.43347388207259, 12.061229295538046 ], [ 76.433482531052476, 12.061200037660839 ], [ 76.433488573807168, 12.061170384554774 ], [ 76.433538676151557, 12.061019331563219 ], [ 76.433576443186666, 12.060905467879987 ], [ 76.433607981553195, 12.060798023539494 ], [ 76.433610017895347, 12.060791087846953 ], [ 76.433615559388485, 12.06077220846519 ], [ 76.433724675821651, 12.060376606910635 ], [ 76.433738210032928, 12.060327539115736 ], [ 76.433799516758839, 12.060105271429412 ], [ 76.433881487850343, 12.059808087003299 ], [ 76.43396661747407, 12.059499448860027 ], [ 76.433998747757116, 12.05938296070677 ], [ 76.434034939691315, 12.059251745966282 ], [ 76.43406136717627, 12.059155932613789 ], [ 76.434144229972645, 12.058855511496997 ], [ 76.434155941464681, 12.058852213715468 ], [ 76.4341755924994, 12.058848833472899 ], [ 76.434190948882659, 12.058846170655489 ], [ 76.434209337948602, 12.058783079986631 ], [ 76.434220960758907, 12.05877951595733 ], [ 76.434240584362669, 12.058775814905577 ], [ 76.434311315605868, 12.058762478187882 ], [ 76.435355296835112, 12.058565620180635 ], [ 76.435415976157316, 12.058527230652363 ], [ 76.436017399053597, 12.05814673306149 ], [ 76.436008949494251, 12.057973421987816 ], [ 76.436048932594773, 12.057957104398486 ], [ 76.436071093906705, 12.05794806011715 ], [ 76.43606375966985, 12.057880770239976 ], [ 76.436195965333795, 12.057828233793945 ], [ 76.436410827257816, 12.05774285106795 ], [ 76.4365262220646, 12.057662120816984 ], [ 76.436752275620691, 12.05761440985615 ], [ 76.437306429226439, 12.057436824140062 ], [ 76.437306120575229, 12.057431828836819 ] ] ] } },
{ "type": "Feature", "properties": { "OBJECTID": 21829, "KGISVillageID": 27836, "KGISVillageCode": "2608030007", "KGISVillageName": "Koolya", "KGISHobliID": 881, "UniqueVillageCode": "2608030007_1", "Bhucode": "260501005027", "CensusVillageCode": "2957705573618973", "BhoomiVillageCode": "2608030007", "created_user": "SA", "created_date": 1556019584000.0, "last_edited_user": "SURESHBV2", "last_edited_date": 1724226113000.0, "LGDGPCode": "219453", "LGDGPCode_Secondary": null, "Category": "Cadastral data available and has bhoomi linkage", "SHAPE.STArea()": 3174178.9771047048, "SHAPE.STLength()": 7161.1362348818775, "LGD_VillageCode": 618973.0, "_overlap_percent": 0.063752416616680796, "_police_station": "Saragur PS", "_police_feature_index": "506", "_admin_layer": "Village", "_geometry_clipped": true }, "geometry": { "type": "Polygon", "coordinates": [ [ [ 76.416264726746419, 12.05047115534815 ], [ 76.41548182829294, 12.049537836600388 ], [ 76.414685055591306, 12.048636973254178 ], [ 76.414334872856756, 12.048241039523033 ], [ 76.414166688271507, 12.048050880783789 ], [ 76.413836755745663, 12.047678252049101 ], [ 76.413718395127432, 12.047544573311923 ], [ 76.412834116724852, 12.046545851392462 ], [ 76.412744910966808, 12.046514231902897 ], [ 76.412190851725271, 12.046388483414702 ], [ 76.412731765695, 12.046579158321292 ], [ 76.412821040499907, 12.046610628289271 ], [ 76.414169239012352, 12.048104567631128 ], [ 76.415500879827334, 12.049580135885652 ], [ 76.416295049756854, 12.05050661758459 ], [ 76.416507925947613, 12.050720888951794 ], [ 76.416264726746419, 12.05047115534815 ] ] ] } },
{ "type": "Feature", "properties": { "OBJECTID": 21822, "KGISVillageID": 27829, "KGISVillageCode": "2608030014", "KGISVillageName": "Hoonaganahalli", "KGISHobliID": 881, "UniqueVillageCode": "2608030014_1", "Bhucode": "260501005020", "CensusVillageCode": "2957705573618974", "BhoomiVillageCode": "2608030014", "created_user": "SA", "created_date": 1556019584000.0, "last_edited_user": "SURESHBV2", "last_edited_date": 1724226113000.0, "LGDGPCode": "219459", "LGDGPCode_Secondary": null, "Category": "Cadastral data available and has bhoomi linkage", "SHAPE.STArea()": 2873808.754354435, "SHAPE.STLength()": 7321.0650796884775, "LGD_VillageCode": 618974.0, "_overlap_percent": 0.11559780022627135, "_police_station": "Saragur PS", "_police_feature_index": "506", "_admin_layer": "Village", "_geometry_clipped": true }, "geometry": { "type": "Polygon", "coordinates": [ [ [ 76.42428969839456, 12.049888930786638 ], [ 76.423986809639999, 12.049904297826926 ], [ 76.42386644770005, 12.049910404878036 ], [ 76.423017178613549, 12.049951830153995 ], [ 76.422149359458118, 12.049994157554409 ], [ 76.416741419261328, 12.050955912565227 ], [ 76.416773863679254, 12.050988569621712 ], [ 76.422169898185288, 12.050026335647274 ], [ 76.423893407733672, 12.049945487377922 ], [ 76.424300927768897, 12.049926381608408 ], [ 76.42428969839456, 12.049888930786638 ] ] ] } },
{ "type": "Feature", "properties": { "OBJECTID": 22641, "KGISVillageID": 28669, "KGISVillageCode": "2606050042", "KGISVillageName": "Uganiya", "KGISHobliID": 382, "UniqueVillageCode": "2606050042_1", "Bhucode": "260601004059", "CensusVillageCode": "2957705574619150", "BhoomiVillageCode": "2606050042", "created_user": "SA", "created_date": 1556019584000.0, "last_edited_user": "SURESHBV2", "last_edited_date": 1724226170000.0, "LGDGPCode": "219575", "LGDGPCode_Secondary": null, "Category": "Cadastral data available and has bhoomi linkage", "SHAPE.STArea()": 3532372.5035034548, "SHAPE.STLength()": 10132.583093681582, "LGD_VillageCode": 619150.0, "_overlap_percent": 0.019060657361089684, "_police_station": "Saragur PS", "_police_feature_index": "506", "_admin_layer": "Village", "_geometry_clipped": true }, "geometry": { "type": "MultiPolygon", "coordinates": [ [ [ [ 76.499006642983488, 12.018978765828166 ], [ 76.498800394278064, 12.019528237185307 ], [ 76.499139419719555, 12.020483109835336 ], [ 76.499768970438566, 12.020970584018347 ], [ 76.500277083843187, 12.021753687316526 ], [ 76.500620039831333, 12.022069073747861 ], [ 76.500628039416654, 12.022071736084111 ], [ 76.500289125057918, 12.021758830901499 ], [ 76.499779129212016, 12.020975620208251 ], [ 76.49915058590588, 12.020487972492818 ], [ 76.498808062857819, 12.019532878143826 ], [ 76.499010269322, 12.018983007177235 ], [ 76.499514203859206, 12.018248116592144 ], [ 76.499006642983488, 12.018978765828166 ] ] ], [ [ [ 76.499713053100976, 12.017961867092746 ], [ 76.499711943567036, 12.01796346430042 ], [ 76.49998886901912, 12.017815778149021 ], [ 76.499713053100976, 12.017961867092746 ] ] ], [ [ [ 76.502214712411984, 12.018070387915369 ], [ 76.501430113298696, 12.017930025526738 ], [ 76.500311555799769, 12.017644863535919 ], [ 76.500302629846047, 12.017649591265773 ], [ 76.501404359106118, 12.017937351101178 ], [ 76.502172363197488, 12.018074449633922 ], [ 76.502253020834601, 12.018069330976365 ], [ 76.502214712411984, 12.018070387915369 ] ] ], [ [ [ 76.506257172500838, 12.016450255885134 ], [ 76.505684130691833, 12.017289383130768 ], [ 76.505479752741351, 12.017412781216152 ], [ 76.505683553634483, 12.017296265159604 ], [ 76.506254440511213, 12.016483484511973 ], [ 76.506283873280609, 12.016375029591869 ], [ 76.506257172500838, 12.016450255885134 ] ] ] ] } },
{ "type": "Feature", "properties": { "OBJECTID": 21771, "KGISVillageID": 27777, "KGISVillageCode": "2608040012", "KGISVillageName": "Hirehalli", "KGISHobliID": 462, "UniqueVillageCode": "2608040012_1", "Bhucode": "260501003020", "CensusVillageCode": "2957705573619113", "BhoomiVillageCode": "2608040012", "created_user": "SA", "created_date": 1556019584000.0, "last_edited_user": "SURESHBV2", "last_edited_date": 1724226098000.0, "LGDGPCode": "219439", "LGDGPCode_Secondary": null, "Category": "Cadastral data available and has bhoomi linkage", "SHAPE.STArea()": 16765715.968183795, "SHAPE.STLength()": 25566.513321146689, "LGD_VillageCode": 619113.0, "_overlap_percent": 99.999999999999929, "_police_station": "Saragur PS", "_police_feature_index": "506", "_admin_layer": "Village", "_geometry_clipped": true }, "geometry": { "type": "Polygon", "coordinates": [ [ [ 76.379578436307241, 11.872989534204017 ], [ 76.379684463859547, 11.872990854796331 ], [ 76.380244566862103, 11.872917915062317 ], [ 76.380301403665101, 11.872910513202712 ], [ 76.380279170681689, 11.872851536687216 ], [ 76.380347177098372, 11.872841231448021 ], [ 76.381501686353047, 11.872666280131396 ], [ 76.381519967942168, 11.87266351012104 ], [ 76.38162212504831, 11.872648028951494 ], [ 76.381915799831688, 11.872623748615824 ], [ 76.381917525762631, 11.872623605467375 ], [ 76.382228132215474, 11.872597924764692 ], [ 76.382380888716412, 11.872585295191827 ], [ 76.382444963840769, 11.872579997533956 ], [ 76.382444121144147, 11.872620053474765 ], [ 76.382444073596872, 11.872622093366553 ], [ 76.382565379847975, 11.872692740832909 ], [ 76.382993389896853, 11.872942009900065 ], [ 76.382974144393827, 11.872997185690041 ], [ 76.383347755198457, 11.872950602710231 ], [ 76.383529293928191, 11.872927967880383 ], [ 76.383674415280126, 11.872901928225961 ], [ 76.383754975468094, 11.872887473278693 ], [ 76.383766915604369, 11.872888651646411 ], [ 76.383913016749119, 11.872903072953703 ], [ 76.385038112475698, 11.87293714718013 ], [ 76.385038177671646, 11.872936061032583 ], [ 76.385047268440005, 11.872783466228928 ], [ 76.3850447390233, 11.872747384103119 ], [ 76.385104956818168, 11.872739531663868 ], [ 76.385154350905296, 11.872710369188985 ], [ 76.385779415820465, 11.872346694327316 ], [ 76.385945305748038, 11.872251607566886 ], [ 76.390353570687623, 11.869797175592689 ], [ 76.397271990942926, 11.866059671083857 ], [ 76.397353768161821, 11.866014079292881 ], [ 76.397456397200244, 11.865956864424872 ], [ 76.39811608599021, 11.865337520420361 ], [ 76.400471588202038, 11.863126207268143 ], [ 76.400041667208413, 11.861044459974154 ], [ 76.399840015911522, 11.860069528133343 ], [ 76.399787636888206, 11.859962365820703 ], [ 76.399288461966549, 11.858941091504816 ], [ 76.39931382227094, 11.858929540106672 ], [ 76.392198993927565, 11.844466831972511 ], [ 76.392277256020478, 11.844194282711424 ], [ 76.39239806038843, 11.843773557158503 ], [ 76.392497179714027, 11.843428257120987 ], [ 76.395507716845813, 11.832862339330973 ], [ 76.395811509588256, 11.831797041691495 ], [ 76.397517589467867, 11.825254365965295 ], [ 76.398527676946841, 11.821400357966546 ], [ 76.398666706264464, 11.820871034760515 ], [ 76.398628015072845, 11.820783894602895 ], [ 76.397106428127316, 11.817355483197494 ], [ 76.397246693515172, 11.817343095724839 ], [ 76.392858224959667, 11.803296870174519 ], [ 76.391249530929556, 11.798151590928647 ], [ 76.385606553050181, 11.789339037036187 ], [ 76.384650321433099, 11.789350519129417 ], [ 76.384477026256448, 11.789352599990192 ], [ 76.376915805210473, 11.789443274905793 ], [ 76.376110608205082, 11.793642777120748 ], [ 76.3755836621622, 11.793612008198537 ], [ 76.375314145847213, 11.793567348067745 ], [ 76.374300352126212, 11.79712515347258 ], [ 76.374225107973459, 11.797400444764504 ], [ 76.373954509885564, 11.798390486973904 ], [ 76.369633001492261, 11.803085581866579 ], [ 76.361905948155098, 11.811629028106431 ], [ 76.379736945306334, 11.813663942252582 ], [ 76.380021554513164, 11.814334866489331 ], [ 76.381869557533207, 11.818691176772557 ], [ 76.3818483106581, 11.818693060373358 ], [ 76.385878426349322, 11.825563564898266 ], [ 76.383660234253355, 11.836318339668315 ], [ 76.383658959259492, 11.836324516414487 ], [ 76.383189823207999, 11.838899123131165 ], [ 76.383133864375424, 11.839203811411624 ], [ 76.38264477524956, 11.841670590217632 ], [ 76.380756126019392, 11.85019165353043 ], [ 76.379513424041633, 11.856015405205129 ], [ 76.379512912787703, 11.856017782783931 ], [ 76.379289186434661, 11.857746037963901 ], [ 76.379253161494603, 11.858022094321715 ], [ 76.379246297316783, 11.858074692511613 ], [ 76.379233767513796, 11.858170709083968 ], [ 76.37874967276484, 11.858206571246733 ], [ 76.378680777403716, 11.858946774238781 ], [ 76.378692024710162, 11.859114821760715 ], [ 76.37873056079988, 11.859690578718576 ], [ 76.378771981138115, 11.860187907533813 ], [ 76.378801494704589, 11.860405805239774 ], [ 76.378816688517247, 11.86054264092555 ], [ 76.378816828853346, 11.860543899661803 ], [ 76.37884373276151, 11.860826641718072 ], [ 76.37885585417375, 11.860927794633831 ], [ 76.37881116608817, 11.861246540779232 ], [ 76.378787391326668, 11.861416120497205 ], [ 76.378412645840044, 11.861608486764975 ], [ 76.37838959990701, 11.861716151528974 ], [ 76.37834219767953, 11.861937603717816 ], [ 76.378244406233932, 11.861969567408735 ], [ 76.378276965740298, 11.86224402569038 ], [ 76.378199131512801, 11.8626127504417 ], [ 76.377894303257463, 11.862778430865038 ], [ 76.377778531674522, 11.86284135542726 ], [ 76.377194243381169, 11.863190721739409 ], [ 76.377149204292138, 11.863217651912771 ], [ 76.377034977478004, 11.863685867979811 ], [ 76.377015545502999, 11.863765326862154 ], [ 76.376854007194623, 11.864425866934091 ], [ 76.376834537352792, 11.864505478789541 ], [ 76.376827446210442, 11.864532512642977 ], [ 76.376816863857556, 11.864537701283501 ], [ 76.376818150503794, 11.864542037445881 ], [ 76.376787661434037, 11.864552019808276 ], [ 76.37671612344873, 11.864575440782867 ], [ 76.376704935970977, 11.86458205090814 ], [ 76.376704036592443, 11.864584831797117 ], [ 76.376701162266244, 11.864584584498918 ], [ 76.376672552737631, 11.864594131868239 ], [ 76.376601121473087, 11.86461797180203 ], [ 76.376592665069822, 11.864620793082716 ], [ 76.376409651636919, 11.865498016327164 ], [ 76.376403688978669, 11.865526597035453 ], [ 76.376385412779626, 11.865584169080382 ], [ 76.376341735528285, 11.865716166032831 ], [ 76.376293025690728, 11.86605998986642 ], [ 76.376294086392079, 11.866067592764162 ], [ 76.376303901301213, 11.86613796046186 ], [ 76.376329459315045, 11.866321195286602 ], [ 76.376372602018904, 11.866630499973715 ], [ 76.376375846611509, 11.86668442681049 ], [ 76.376359008660927, 11.866681046021492 ], [ 76.376327746587279, 11.866674769952825 ], [ 76.376275033015347, 11.866664187128336 ], [ 76.375960383857375, 11.86660254810157 ], [ 76.375606214164179, 11.86653316557793 ], [ 76.375591797753373, 11.866530341647051 ], [ 76.375045220648175, 11.866426655634781 ], [ 76.374831985631545, 11.866764284138549 ], [ 76.372401138397478, 11.870714583483714 ], [ 76.37202289805316, 11.87129022037359 ], [ 76.371996803618003, 11.871329842057781 ], [ 76.371676108768824, 11.87181852523789 ], [ 76.37163334546338, 11.871884063564274 ], [ 76.372051842627442, 11.872162891280549 ], [ 76.372428852459294, 11.872414077692364 ], [ 76.372584417166777, 11.872397452632683 ], [ 76.372831820649722, 11.873328674709079 ], [ 76.372831954438851, 11.873329178551367 ], [ 76.373506933736422, 11.873988967559596 ], [ 76.373593231568037, 11.87407332274303 ], [ 76.373689696270318, 11.874019436594834 ], [ 76.373730736887751, 11.873996518738172 ], [ 76.373855138400046, 11.873927048288797 ], [ 76.374579764686871, 11.873807193119791 ], [ 76.375509440499982, 11.873653419023256 ], [ 76.37559957024618, 11.873646273771168 ], [ 76.376334033384211, 11.873582433641046 ], [ 76.376652420894601, 11.873554759105211 ], [ 76.376683860749424, 11.873549844062333 ], [ 76.378011395053107, 11.873342313369895 ], [ 76.37872053819828, 11.873210546717361 ], [ 76.379410289536651, 11.873082381813502 ], [ 76.379410347197592, 11.87308234808023 ], [ 76.379414061904157, 11.873080296620977 ], [ 76.379578436307241, 11.872989534204017 ] ] ] } },
{ "type": "Feature", "properties": { "OBJECTID": 21786, "KGISVillageID": 27793, "KGISVillageCode": "2608040013", "KGISVillageName": "Maliyuru", "KGISHobliID": 462, "UniqueVillageCode": "2608040013_1", "Bhucode": "260501003036", "CensusVillageCode": "2957705573619112", "BhoomiVillageCode": "2608040013", "created_user": "SA", "created_date": 1556019584000.0, "last_edited_user": "SURESHBV2", "last_edited_date": 1724226098000.0, "LGDGPCode": "219439", "LGDGPCode_Secondary": null, "Category": "Cadastral data available and has bhoomi linkage", "SHAPE.STArea()": 17461577.804518204, "SHAPE.STLength()": 19292.528418401456, "LGD_VillageCode": 619112.0, "_overlap_percent": 100.00000000000003, "_police_station": "Saragur PS", "_police_feature_index": "506", "_admin_layer": "Village", "_geometry_clipped": true }, "geometry": { "type": "Polygon", "coordinates": [ [ [ 76.374831985631545, 11.866764284138549 ], [ 76.375045220648175, 11.866426655634781 ], [ 76.375591797753373, 11.866530341647051 ], [ 76.375606214164179, 11.86653316557793 ], [ 76.375960383857375, 11.86660254810157 ], [ 76.376275033015347, 11.866664187128336 ], [ 76.376327746587279, 11.866674769952825 ], [ 76.376359008660927, 11.866681046021492 ], [ 76.376375846611509, 11.86668442681049 ], [ 76.376372602018904, 11.866630499973715 ], [ 76.376329459315045, 11.866321195286602 ], [ 76.376303901301213, 11.86613796046186 ], [ 76.376294086392079, 11.866067592764162 ], [ 76.376293025690728, 11.86605998986642 ], [ 76.376341735528285, 11.865716166032831 ], [ 76.376385412779626, 11.865584169080382 ], [ 76.376403688978669, 11.865526597035453 ], [ 76.376409651636919, 11.865498016327164 ], [ 76.376592665069822, 11.864620793082716 ], [ 76.376601121473087, 11.86461797180203 ], [ 76.376672552737631, 11.864594131868239 ], [ 76.376701162266244, 11.864584584498918 ], [ 76.376704036592443, 11.864584831797117 ], [ 76.376704935970977, 11.86458205090814 ], [ 76.37671612344873, 11.864575440782867 ], [ 76.376787661434037, 11.864552019808276 ], [ 76.376818150503794, 11.864542037445881 ], [ 76.376816863857556, 11.864537701283501 ], [ 76.376827446210442, 11.864532512642977 ], [ 76.376834537352792, 11.864505478789541 ], [ 76.376854007194623, 11.864425866934091 ], [ 76.377015545502999, 11.863765326862154 ], [ 76.377034977478004, 11.863685867979811 ], [ 76.377149204292138, 11.863217651912771 ], [ 76.377194243381169, 11.863190721739409 ], [ 76.377778531674522, 11.86284135542726 ], [ 76.377894303257463, 11.862778430865038 ], [ 76.378199131512801, 11.8626127504417 ], [ 76.378276965740298, 11.86224402569038 ], [ 76.378244406233932, 11.861969567408735 ], [ 76.37834219767953, 11.861937603717816 ], [ 76.37838959990701, 11.861716151528974 ], [ 76.378412645840044, 11.861608486764975 ], [ 76.378787391326668, 11.861416120497205 ], [ 76.37881116608817, 11.861246540779232 ], [ 76.37885585417375, 11.860927794633831 ], [ 76.37884373276151, 11.860826641718072 ], [ 76.378816828853346, 11.860543899661803 ], [ 76.378816688517247, 11.86054264092555 ], [ 76.378801494704589, 11.860405805239774 ], [ 76.378771981138115, 11.860187907533813 ], [ 76.37873056079988, 11.859690578718576 ], [ 76.378692024710162, 11.859114821760715 ], [ 76.378680777403716, 11.858946774238781 ], [ 76.37874967276484, 11.858206571246733 ], [ 76.379233767513796, 11.858170709083968 ], [ 76.379246297316783, 11.858074692511613 ], [ 76.379253161494603, 11.858022094321715 ], [ 76.379289186434661, 11.857746037963901 ], [ 76.379512912787703, 11.856017782783931 ], [ 76.379513424041633, 11.856015405205129 ], [ 76.380756126019392, 11.85019165353043 ], [ 76.38264477524956, 11.841670590217632 ], [ 76.383133864375424, 11.839203811411624 ], [ 76.383189823207999, 11.838899123131165 ], [ 76.383658959259492, 11.836324516414487 ], [ 76.383660234253355, 11.836318339668315 ], [ 76.385878426349322, 11.825563564898266 ], [ 76.3818483106581, 11.818693060373358 ], [ 76.381869557533207, 11.818691176772557 ], [ 76.380021554513164, 11.814334866489331 ], [ 76.379736945306334, 11.813663942252582 ], [ 76.361905948155098, 11.811629028106431 ], [ 76.355190138512654, 11.814894170586477 ], [ 76.345180082321747, 11.82314226139933 ], [ 76.345576497947903, 11.825269502495283 ], [ 76.345719488530321, 11.825840310430786 ], [ 76.345745208714575, 11.825942983255453 ], [ 76.346835977239721, 11.829814435621239 ], [ 76.347229921949008, 11.831867875113831 ], [ 76.347257770671035, 11.832013039258166 ], [ 76.347299309270909, 11.832229556521323 ], [ 76.350359258039035, 11.836296875411453 ], [ 76.350459278977141, 11.836429823251208 ], [ 76.355577306298315, 11.843232412381552 ], [ 76.355656361872647, 11.843508993638968 ], [ 76.355665081079451, 11.843540738810605 ], [ 76.355791419577045, 11.843698995528088 ], [ 76.359027796547181, 11.855529297349303 ], [ 76.359131222708385, 11.855908531148341 ], [ 76.359216462672777, 11.856085562257489 ], [ 76.35938306321907, 11.856115150398452 ], [ 76.359507091958434, 11.8561371783768 ], [ 76.361093025093538, 11.856478008497104 ], [ 76.361892634876014, 11.856649846886924 ], [ 76.363697309274855, 11.856985830028606 ], [ 76.364817985144356, 11.857193395600961 ], [ 76.365990608615846, 11.857385409197212 ], [ 76.366309020973972, 11.857439798810489 ], [ 76.3668227047974, 11.857527093228093 ], [ 76.366850785038665, 11.857531865136583 ], [ 76.367147198549588, 11.857582237262381 ], [ 76.367527771368614, 11.85764603443538 ], [ 76.368438092471351, 11.857806415007882 ], [ 76.368825900334087, 11.857866292235103 ], [ 76.369000690021252, 11.857892005069099 ], [ 76.369156681385135, 11.857914081988651 ], [ 76.369841150050519, 11.858028462499922 ], [ 76.369840827302639, 11.858029453157881 ], [ 76.369763559698399, 11.858266495886419 ], [ 76.369643010712821, 11.85863631404025 ], [ 76.369630400155245, 11.858690695781846 ], [ 76.369395305731985, 11.859694685405053 ], [ 76.369371281849851, 11.859797279770175 ], [ 76.369362620485873, 11.8598342681221 ], [ 76.369356065260462, 11.859862516199859 ], [ 76.369335174151516, 11.859859103920389 ], [ 76.369331482080383, 11.859858500662563 ], [ 76.369284393072093, 11.85985049569403 ], [ 76.369161837814147, 11.859829660372501 ], [ 76.368826089051439, 11.85977258257285 ], [ 76.368764247201, 11.859781090111749 ], [ 76.368069166969022, 11.859876712066747 ], [ 76.368075286436039, 11.859918851984323 ], [ 76.368079831105163, 11.859954794607448 ], [ 76.3678896747425, 11.859984611924094 ], [ 76.367725463794571, 11.860010359988843 ], [ 76.367644796001471, 11.860023008695773 ], [ 76.367624751620156, 11.860679505844969 ], [ 76.367620170410675, 11.86072503094768 ], [ 76.367619695759529, 11.860725012447212 ], [ 76.367489546806752, 11.860719943744916 ], [ 76.367337952255582, 11.86071404014503 ], [ 76.367222757102269, 11.860709553635232 ], [ 76.367110238173424, 11.860705171682673 ], [ 76.367079363567839, 11.860704287448801 ], [ 76.367079703271671, 11.860711676005712 ], [ 76.367075958564769, 11.860790271232936 ], [ 76.36706591543151, 11.861001080535438 ], [ 76.367026487383939, 11.861828656749188 ], [ 76.36691189597704, 11.861838595941945 ], [ 76.366620950468459, 11.86186383101295 ], [ 76.366487056460571, 11.861890967231162 ], [ 76.366333341192799, 11.861922753112376 ], [ 76.366334292546128, 11.861932606035529 ], [ 76.366352107222681, 11.862117155652109 ], [ 76.366371546000991, 11.86231854009417 ], [ 76.366387600286089, 11.862484853250356 ], [ 76.366388366800138, 11.862492793063307 ], [ 76.366383358059835, 11.862493595692026 ], [ 76.366406823825812, 11.862841383172148 ], [ 76.366422791319593, 11.863022511488145 ], [ 76.366458888373487, 11.863431990482745 ], [ 76.366469495531518, 11.863552318837447 ], [ 76.366490545742664, 11.863551312145981 ], [ 76.367097636842161, 11.863560489650039 ], [ 76.367525944225108, 11.863566963413842 ], [ 76.367611820111222, 11.86356604559888 ], [ 76.367681252450481, 11.863563663938367 ], [ 76.36768150145457, 11.86355910873259 ], [ 76.367695089592544, 11.863310844959434 ], [ 76.367705908119817, 11.863113185856855 ], [ 76.367731328566421, 11.862648738283591 ], [ 76.367735519078238, 11.862648784025451 ], [ 76.367751492592035, 11.862648958146753 ], [ 76.367814921234043, 11.862649648736044 ], [ 76.368089438098039, 11.862665589022612 ], [ 76.368222774143348, 11.862672150896092 ], [ 76.368278254011884, 11.862679177850225 ], [ 76.368826579214371, 11.862748623712426 ], [ 76.368846210218791, 11.862751109966009 ], [ 76.368877710944417, 11.862755100185483 ], [ 76.368892367953421, 11.862909463847103 ], [ 76.368914543865841, 11.863143010109212 ], [ 76.368918214852584, 11.863177473277576 ], [ 76.368922901144046, 11.86332311259901 ], [ 76.3689406156291, 11.863873650388589 ], [ 76.368941561917964, 11.863903077286826 ], [ 76.368942103926344, 11.863919910991584 ], [ 76.369209248796111, 11.864875530238916 ], [ 76.369215529329622, 11.864897996792189 ], [ 76.368655298575405, 11.864927138718139 ], [ 76.368663687880172, 11.865225925319674 ], [ 76.368669592590123, 11.865436224270463 ], [ 76.368669532142619, 11.865549066472575 ], [ 76.368667478430467, 11.86557440051757 ], [ 76.368726635165686, 11.865566149063644 ], [ 76.368837597492856, 11.86555067259834 ], [ 76.3690468360209, 11.865521487901152 ], [ 76.369179929658671, 11.865502924243552 ], [ 76.369420008070833, 11.865462615917385 ], [ 76.369487261085439, 11.865701979617686 ], [ 76.369487912610651, 11.86570414632536 ], [ 76.369588764537085, 11.866039495699313 ], [ 76.36967824092747, 11.866342306053319 ], [ 76.369692448119039, 11.86639038739248 ], [ 76.369728095894587, 11.866511027242447 ], [ 76.369854847936551, 11.866938685305417 ], [ 76.369865938845749, 11.86697610600172 ], [ 76.369876997084987, 11.867070043613777 ], [ 76.369868038221725, 11.86706253136755 ], [ 76.369816338034568, 11.867064992321369 ], [ 76.369580839507975, 11.86707620189037 ], [ 76.369349099885952, 11.867087232134189 ], [ 76.369289644219393, 11.8670884313374 ], [ 76.369255175753764, 11.867089126214326 ], [ 76.368573575839306, 11.867102874072515 ], [ 76.368579762971621, 11.867130718731726 ], [ 76.368553101890029, 11.867132966976303 ], [ 76.36857807542404, 11.867307118651745 ], [ 76.368624059778242, 11.867627793491243 ], [ 76.368681413450318, 11.868304246314899 ], [ 76.368723083223813, 11.868795698382252 ], [ 76.368731707420864, 11.869209313763456 ], [ 76.368797193263134, 11.869371243707331 ], [ 76.36884000303273, 11.869369387382195 ], [ 76.369097959241785, 11.869358202393157 ], [ 76.369496681813871, 11.869340912613811 ], [ 76.370198220039754, 11.869185300178611 ], [ 76.370201184441171, 11.869184642089071 ], [ 76.370730852819094, 11.869071446531413 ], [ 76.37080259183638, 11.869056114985826 ], [ 76.370828870441215, 11.869102760748177 ], [ 76.3710826010293, 11.86955313369524 ], [ 76.371212957254485, 11.869814430835365 ], [ 76.371316838534767, 11.870022660358822 ], [ 76.371468605895828, 11.870325940626564 ], [ 76.371826290701009, 11.871040704816327 ], [ 76.371918487446862, 11.87119605517109 ], [ 76.371996803618003, 11.871329842057781 ], [ 76.37202289805316, 11.87129022037359 ], [ 76.372401138397478, 11.870714583483714 ], [ 76.374831985631545, 11.866764284138549 ] ] ] } },
{ "type": "Feature", "properties": { "OBJECTID": 21785, "KGISVillageID": 27792, "KGISVillageCode": "2608040016", "KGISVillageName": "Maliyura Kaval", "KGISHobliID": 462, "UniqueVillageCode": "2608040016_1", "Bhucode": "260501003035", "CensusVillageCode": "2957705573619105", "BhoomiVillageCode": "2608040016", "created_user": "SA", "created_date": 1556019584000.0, "last_edited_user": "SURESHBV2", "last_edited_date": 1724226098000.0, "LGDGPCode": "219439", "LGDGPCode_Secondary": null, "Category": "Cadastral data available and has bhoomi linkage", "SHAPE.STArea()": 1077999.3717964999, "SHAPE.STLength()": 6693.8602453913963, "LGD_VillageCode": 619105.0, "_overlap_percent": 100.0, "_police_station": "Saragur PS", "_police_feature_index": "506", "_admin_layer": "Village", "_geometry_clipped": true }, "geometry": { "type": "Polygon", "coordinates": [ [ [ 76.370828870441215, 11.869102760748177 ], [ 76.37080259183638, 11.869056114985826 ], [ 76.370730852819094, 11.869071446531413 ], [ 76.370201184441171, 11.869184642089071 ], [ 76.370198220039754, 11.869185300178611 ], [ 76.369496681813871, 11.869340912613811 ], [ 76.369097959241785, 11.869358202393157 ], [ 76.36884000303273, 11.869369387382195 ], [ 76.368797193263134, 11.869371243707331 ], [ 76.368731707420864, 11.869209313763456 ], [ 76.368723083223813, 11.868795698382252 ], [ 76.368681413450318, 11.868304246314899 ], [ 76.368624059778242, 11.867627793491243 ], [ 76.36857807542404, 11.867307118651745 ], [ 76.368553101890029, 11.867132966976303 ], [ 76.368579762971621, 11.867130718731726 ], [ 76.368573575839306, 11.867102874072515 ], [ 76.369255175753764, 11.867089126214326 ], [ 76.369289644219393, 11.8670884313374 ], [ 76.369349099885952, 11.867087232134189 ], [ 76.369580839507975, 11.86707620189037 ], [ 76.369816338034568, 11.867064992321369 ], [ 76.369868038221725, 11.86706253136755 ], [ 76.369876997084987, 11.867070043613777 ], [ 76.369865938845749, 11.86697610600172 ], [ 76.369854847936551, 11.866938685305417 ], [ 76.369728095894587, 11.866511027242447 ], [ 76.369692448119039, 11.86639038739248 ], [ 76.36967824092747, 11.866342306053319 ], [ 76.369588764537085, 11.866039495699313 ], [ 76.369487912610651, 11.86570414632536 ], [ 76.369487261085439, 11.865701979617686 ], [ 76.369420008070833, 11.865462615917385 ], [ 76.369179929658671, 11.865502924243552 ], [ 76.3690468360209, 11.865521487901152 ], [ 76.368837597492856, 11.86555067259834 ], [ 76.368726635165686, 11.865566149063644 ], [ 76.368667478430467, 11.86557440051757 ], [ 76.368669532142619, 11.865549066472575 ], [ 76.368669592590123, 11.865436224270463 ], [ 76.368663687880172, 11.865225925319674 ], [ 76.368655298575405, 11.864927138718139 ], [ 76.369215529329622, 11.864897996792189 ], [ 76.369209248796111, 11.864875530238916 ], [ 76.368942103926344, 11.863919910991584 ], [ 76.368941561917964, 11.863903077286826 ], [ 76.3689406156291, 11.863873650388589 ], [ 76.368922901144046, 11.86332311259901 ], [ 76.368918214852584, 11.863177473277576 ], [ 76.368914543865841, 11.863143010109212 ], [ 76.368892367953421, 11.862909463847103 ], [ 76.368877710944417, 11.862755100185483 ], [ 76.368846210218791, 11.862751109966009 ], [ 76.368826579214371, 11.862748623712426 ], [ 76.368278254011884, 11.862679177850225 ], [ 76.368222774143348, 11.862672150896092 ], [ 76.368089438098039, 11.862665589022612 ], [ 76.367814921234043, 11.862649648736044 ], [ 76.367751492592035, 11.862648958146753 ], [ 76.367735519078238, 11.862648784025451 ], [ 76.367731328566421, 11.862648738283591 ], [ 76.367705908119817, 11.863113185856855 ], [ 76.367695089592544, 11.863310844959434 ], [ 76.36768150145457, 11.86355910873259 ], [ 76.367681252450481, 11.863563663938367 ], [ 76.367611820111222, 11.86356604559888 ], [ 76.367525944225108, 11.863566963413842 ], [ 76.367097636842161, 11.863560489650039 ], [ 76.366490545742664, 11.863551312145981 ], [ 76.366469495531518, 11.863552318837447 ], [ 76.366458888373487, 11.863431990482745 ], [ 76.366422791319593, 11.863022511488145 ], [ 76.366406823825812, 11.862841383172148 ], [ 76.366383358059835, 11.862493595692026 ], [ 76.366388366800138, 11.862492793063307 ], [ 76.366387600286089, 11.862484853250356 ], [ 76.366371546000991, 11.86231854009417 ], [ 76.366352107222681, 11.862117155652109 ], [ 76.366334292546128, 11.861932606035529 ], [ 76.366333341192799, 11.861922753112376 ], [ 76.366487056460571, 11.861890967231162 ], [ 76.366620950468459, 11.86186383101295 ], [ 76.36691189597704, 11.861838595941945 ], [ 76.367026487383939, 11.861828656749188 ], [ 76.36706591543151, 11.861001080535438 ], [ 76.367075958564769, 11.860790271232936 ], [ 76.367079703271671, 11.860711676005712 ], [ 76.367079363567839, 11.860704287448801 ], [ 76.367110238173424, 11.860705171682673 ], [ 76.367222757102269, 11.860709553635232 ], [ 76.367337952255582, 11.86071404014503 ], [ 76.367489546806752, 11.860719943744916 ], [ 76.367619695759529, 11.860725012447212 ], [ 76.367620170410675, 11.86072503094768 ], [ 76.367624751620156, 11.860679505844969 ], [ 76.367644796001471, 11.860023008695773 ], [ 76.367725463794571, 11.860010359988843 ], [ 76.3678896747425, 11.859984611924094 ], [ 76.368079831105163, 11.859954794607448 ], [ 76.368075286436039, 11.859918851984323 ], [ 76.368069166969022, 11.859876712066747 ], [ 76.368764247201, 11.859781090111749 ], [ 76.368826089051439, 11.85977258257285 ], [ 76.369161837814147, 11.859829660372501 ], [ 76.369284393072093, 11.85985049569403 ], [ 76.369331482080383, 11.859858500662563 ], [ 76.369335174151516, 11.859859103920389 ], [ 76.369356065260462, 11.859862516199859 ], [ 76.369362620485873, 11.8598342681221 ], [ 76.369371281849851, 11.859797279770175 ], [ 76.369395305731985, 11.859694685405053 ], [ 76.369630400155245, 11.858690695781846 ], [ 76.369643010712821, 11.85863631404025 ], [ 76.369763559698399, 11.858266495886419 ], [ 76.369840827302639, 11.858029453157881 ], [ 76.369841150050519, 11.858028462499922 ], [ 76.369156681385135, 11.857914081988651 ], [ 76.369000690021252, 11.857892005069099 ], [ 76.368825900334087, 11.857866292235103 ], [ 76.368438092471351, 11.857806415007882 ], [ 76.367527771368614, 11.85764603443538 ], [ 76.367147198549588, 11.857582237262381 ], [ 76.366850785038665, 11.857531865136583 ], [ 76.3668227047974, 11.857527093228093 ], [ 76.366309020973972, 11.857439798810489 ], [ 76.365990608615846, 11.857385409197212 ], [ 76.364817985144356, 11.857193395600961 ], [ 76.363697309274855, 11.856985830028606 ], [ 76.361892634876014, 11.856649846886924 ], [ 76.361093025093538, 11.856478008497104 ], [ 76.359507091958434, 11.8561371783768 ], [ 76.35938306321907, 11.856115150398452 ], [ 76.359216462672777, 11.856085562257489 ], [ 76.359251462791576, 11.856159336202079 ], [ 76.359334163458129, 11.856333657164777 ], [ 76.359676389784426, 11.857050626174694 ], [ 76.359692017865655, 11.857083423751716 ], [ 76.359698865881541, 11.857097796090134 ], [ 76.360045600078081, 11.857825474582055 ], [ 76.360051983431305, 11.857838870889925 ], [ 76.360757321311368, 11.859321894336027 ], [ 76.360795614312408, 11.859402408587064 ], [ 76.361002806714239, 11.85983804071148 ], [ 76.361038751244379, 11.859913616190608 ], [ 76.361404039264414, 11.860694531958876 ], [ 76.3614230469462, 11.860735167152701 ], [ 76.361899571521761, 11.861532826156981 ], [ 76.361940139686041, 11.861600734037111 ], [ 76.362036939112372, 11.861762766856419 ], [ 76.362046171990301, 11.861778220699547 ], [ 76.362128452534634, 11.861915950313351 ], [ 76.362681273416968, 11.86315219094474 ], [ 76.362708290329763, 11.863212607367378 ], [ 76.362865265468756, 11.863563639254442 ], [ 76.363135394831488, 11.864116993048121 ], [ 76.363231024928709, 11.864312887161342 ], [ 76.363737293898168, 11.865485966135811 ], [ 76.363865851717406, 11.865865387622604 ], [ 76.363921418512348, 11.865974908610886 ], [ 76.36394233000668, 11.866016125651766 ], [ 76.364053426705695, 11.866235096319999 ], [ 76.364253795298779, 11.866608655209181 ], [ 76.364582612747796, 11.867304530816229 ], [ 76.364594139382362, 11.867328925069815 ], [ 76.364696621204914, 11.867545805029547 ], [ 76.364740436423233, 11.86763853166433 ], [ 76.364799357794354, 11.867764779431138 ], [ 76.364833133337214, 11.867837331344898 ], [ 76.364883104502184, 11.867944670309583 ], [ 76.365090721504785, 11.868391395547347 ], [ 76.365098262301473, 11.868407620479701 ], [ 76.365152045379475, 11.868523343773496 ], [ 76.365213892846484, 11.868661993430829 ], [ 76.365231502564527, 11.868701471388436 ], [ 76.365401270612296, 11.8690818138544 ], [ 76.36554803334829, 11.869961774665269 ], [ 76.365561427510769, 11.870042081771537 ], [ 76.365834931584175, 11.871681931407426 ], [ 76.365921439335679, 11.872196068742458 ], [ 76.366034580866625, 11.872868494552145 ], [ 76.366049604753215, 11.872957090731935 ], [ 76.366092506821218, 11.873209501681686 ], [ 76.366110411236221, 11.873203191264404 ], [ 76.366148495340539, 11.873189768334715 ], [ 76.366877134215372, 11.872932953420488 ], [ 76.367033743517837, 11.872877090654971 ], [ 76.367125306839597, 11.872844429917059 ], [ 76.367248891853947, 11.872800346363517 ], [ 76.367347928623971, 11.872765020262943 ], [ 76.367778257751851, 11.872611520079321 ], [ 76.367993792303636, 11.87253463777796 ], [ 76.368332994997587, 11.872415720545419 ], [ 76.368381810529215, 11.872398607259361 ], [ 76.369207599419823, 11.872109103114306 ], [ 76.369597334240439, 11.871975374541519 ], [ 76.369645845336279, 11.871958729048025 ], [ 76.369738344926773, 11.871911313359849 ], [ 76.370144175866415, 11.871703280592538 ], [ 76.370785391793163, 11.871374585718332 ], [ 76.371826290701009, 11.871040704816327 ], [ 76.371468605895828, 11.870325940626564 ], [ 76.371316838534767, 11.870022660358822 ], [ 76.371212957254485, 11.869814430835365 ], [ 76.3710826010293, 11.86955313369524 ], [ 76.370828870441215, 11.869102760748177 ] ] ] } },
{ "type": "Feature", "properties": { "OBJECTID": 21779, "KGISVillageID": 27786, "KGISVillageCode": "2608040017", "KGISVillageName": "Kebbepura", "KGISHobliID": 462, "UniqueVillageCode": "2608040017_1", "Bhucode": "260501003029", "CensusVillageCode": "2957705573619106", "BhoomiVillageCode": "2608040017", "created_user": "SA", "created_date": 1556019584000.0, "last_edited_user": "SURESHBV2", "last_edited_date": 1724226098000.0, "LGDGPCode": "219439", "LGDGPCode_Secondary": null, "Category": "Cadastral data available and has bhoomi linkage", "SHAPE.STArea()": 1020117.6633400701, "SHAPE.STLength()": 5115.8602910575719, "LGD_VillageCode": 619106.0, "_overlap_percent": 99.999999999999986, "_police_station": "Saragur PS", "_police_feature_index": "506", "_admin_layer": "Village", "_geometry_clipped": true }, "geometry": { "type": "Polygon", "coordinates": [ [ [ 76.359027796547181, 11.855529297349303 ], [ 76.358955305678649, 11.855540029097567 ], [ 76.358925416089463, 11.855940876582476 ], [ 76.358664446888142, 11.859419580174393 ], [ 76.357909122655812, 11.867828213956519 ], [ 76.35791452535436, 11.868144179158543 ], [ 76.358088764050137, 11.868581508181908 ], [ 76.358310219263572, 11.86881728056141 ], [ 76.358592935456471, 11.869005052895274 ], [ 76.358974614454894, 11.86922343814094 ], [ 76.359175217666035, 11.869611785782952 ], [ 76.359498706976154, 11.87008912728918 ], [ 76.359435198384659, 11.870194932609111 ], [ 76.359223477784539, 11.870547704456564 ], [ 76.359349931089028, 11.87101148846577 ], [ 76.359405546683476, 11.871140573333761 ], [ 76.359734955468653, 11.871502729050055 ], [ 76.360141688392446, 11.871911122883663 ], [ 76.360482302559774, 11.872254749880879 ], [ 76.360482152382815, 11.872320328555693 ], [ 76.360480905819102, 11.872740182439168 ], [ 76.360606208402714, 11.872872906962407 ], [ 76.360949996126408, 11.87323488042202 ], [ 76.361333499869687, 11.873599218923347 ], [ 76.361521579437252, 11.873969879418116 ], [ 76.361733797807432, 11.874374482216648 ], [ 76.361805098728425, 11.874615036470749 ], [ 76.362043148880176, 11.875025250144713 ], [ 76.362194597667155, 11.875038421900456 ], [ 76.362399730758696, 11.875133478730504 ], [ 76.362509948151811, 11.875274027642506 ], [ 76.362610118502019, 11.875401999025408 ], [ 76.362718577219212, 11.875540868334401 ], [ 76.362954634257221, 11.875651265729221 ], [ 76.363273942267568, 11.875801539488585 ], [ 76.363622933576167, 11.875966717650249 ], [ 76.363938797671011, 11.876064325577929 ], [ 76.364189342912965, 11.876027337969898 ], [ 76.364609294748831, 11.875109075249332 ], [ 76.366092506821218, 11.873209501681686 ], [ 76.366049604753215, 11.872957090731935 ], [ 76.366034580866625, 11.872868494552145 ], [ 76.365921439335679, 11.872196068742458 ], [ 76.365834931584175, 11.871681931407426 ], [ 76.365561427510769, 11.870042081771537 ], [ 76.36554803334829, 11.869961774665269 ], [ 76.365401270612296, 11.8690818138544 ], [ 76.365231502564527, 11.868701471388436 ], [ 76.365213892846484, 11.868661993430829 ], [ 76.365152045379475, 11.868523343773496 ], [ 76.365098262301473, 11.868407620479701 ], [ 76.365090721504785, 11.868391395547347 ], [ 76.364883104502184, 11.867944670309583 ], [ 76.364833133337214, 11.867837331344898 ], [ 76.364799357794354, 11.867764779431138 ], [ 76.364740436423233, 11.86763853166433 ], [ 76.364696621204914, 11.867545805029547 ], [ 76.364594139382362, 11.867328925069815 ], [ 76.364582612747796, 11.867304530816229 ], [ 76.364253795298779, 11.866608655209181 ], [ 76.364053426705695, 11.866235096319999 ], [ 76.36394233000668, 11.866016125651766 ], [ 76.363921418512348, 11.865974908610886 ], [ 76.363865851717406, 11.865865387622604 ], [ 76.363737293898168, 11.865485966135811 ], [ 76.363231024928709, 11.864312887161342 ], [ 76.363135394831488, 11.864116993048121 ], [ 76.362865265468756, 11.863563639254442 ], [ 76.362708290329763, 11.863212607367378 ], [ 76.362681273416968, 11.86315219094474 ], [ 76.362128452534634, 11.861915950313351 ], [ 76.362046171990301, 11.861778220699547 ], [ 76.362036939112372, 11.861762766856419 ], [ 76.361940139686041, 11.861600734037111 ], [ 76.361899571521761, 11.861532826156981 ], [ 76.3614230469462, 11.860735167152701 ], [ 76.361404039264414, 11.860694531958876 ], [ 76.361038751244379, 11.859913616190608 ], [ 76.361002806714239, 11.85983804071148 ], [ 76.360795614312408, 11.859402408587064 ], [ 76.360757321311368, 11.859321894336027 ], [ 76.360051983431305, 11.857838870889925 ], [ 76.360045600078081, 11.857825474582055 ], [ 76.359698865881541, 11.857097796090134 ], [ 76.359692017865655, 11.857083423751716 ], [ 76.359676389784426, 11.857050626174694 ], [ 76.359334163458129, 11.856333657164777 ], [ 76.359251462791576, 11.856159336202079 ], [ 76.359216462672777, 11.856085562257489 ], [ 76.359131222708385, 11.855908531148341 ], [ 76.359027796547181, 11.855529297349303 ] ] ] } },
{ "type": "Feature", "properties": { "OBJECTID": 21795, "KGISVillageID": 27802, "KGISVillageCode": "2608040011", "KGISVillageName": "Sheegavadi", "KGISHobliID": 462, "UniqueVillageCode": "2608040011_1", "Bhucode": "260501003045", "CensusVillageCode": "2957705573619113", "BhoomiVillageCode": "2608040011", "created_user": "SA", "created_date": 1556019584000.0, "last_edited_user": "SURESHBV2", "last_edited_date": 1724226112000.0, "LGDGPCode": "219439", "LGDGPCode_Secondary": null, "Category": "Cadastral data available and has bhoomi linkage", "SHAPE.STArea()": 15241.249456965001, "SHAPE.STLength()": 542.30466745370597, "LGD_VillageCode": 619104.0, "_overlap_percent": 99.999999999999986, "_police_station": "Saragur PS", "_police_feature_index": "506", "_admin_layer": "Village", "_geometry_clipped": true }, "geometry": { "type": "Polygon", "coordinates": [ [ [ 76.385140188425623, 11.873423398179476 ], [ 76.38513824877711, 11.873428480607377 ], [ 76.385140061272949, 11.873501628147709 ], [ 76.385141237213134, 11.873549068821735 ], [ 76.385169884479424, 11.874735291808786 ], [ 76.385169981977782, 11.874738237803308 ], [ 76.385816610052373, 11.874588319595885 ], [ 76.38588315254934, 11.874576770708195 ], [ 76.385883281110026, 11.874568244386941 ], [ 76.385925841182697, 11.87279913830133 ], [ 76.385873918081032, 11.87281737003863 ], [ 76.385292954458194, 11.873025764527583 ], [ 76.385207184087747, 11.873249014641081 ], [ 76.385140188425623, 11.873423398179476 ] ] ] } },
{ "type": "Feature", "properties": { "OBJECTID": 21796, "KGISVillageID": 27803, "KGISVillageCode": "2608040011", "KGISVillageName": "Sheegavadi", "KGISHobliID": 462, "UniqueVillageCode": "2608040011_2", "Bhucode": "260501003045", "CensusVillageCode": "2957705573619104", "BhoomiVillageCode": "2608040011", "created_user": "SA", "created_date": 1556019584000.0, "last_edited_user": "SURESHBV2", "last_edited_date": 1724226112000.0, "LGDGPCode": "219439", "LGDGPCode_Secondary": null, "Category": "Cadastral data available and has bhoomi linkage", "SHAPE.STArea()": 74550.370919774999, "SHAPE.STLength()": 1173.3162372228546, "LGD_VillageCode": 619104.0, "_overlap_percent": 100.00000000000004, "_police_station": "Saragur PS", "_police_feature_index": "506", "_admin_layer": "Village", "_geometry_clipped": true }, "geometry": { "type": "Polygon", "coordinates": [ [ [ 76.388598958425987, 11.873740488320374 ], [ 76.388630876500187, 11.873675454065765 ], [ 76.388625912390594, 11.873671130625073 ], [ 76.388419955925571, 11.873491484617185 ], [ 76.388373318535784, 11.873450812099403 ], [ 76.388356026068067, 11.873453122930073 ], [ 76.387762286469851, 11.873530510229818 ], [ 76.387439990005348, 11.873572494844804 ], [ 76.387433988997159, 11.873885005617439 ], [ 76.38743237771908, 11.873971668129826 ], [ 76.386545662864634, 11.873834860584104 ], [ 76.386147758060332, 11.874176811742487 ], [ 76.386146598259486, 11.874177815559623 ], [ 76.386147897319006, 11.87419400890475 ], [ 76.386291556166015, 11.875195489685719 ], [ 76.386603160574325, 11.876579876348988 ], [ 76.386610795676376, 11.876608643595988 ], [ 76.388897439594771, 11.876322624998942 ], [ 76.388900101524683, 11.876322235810653 ], [ 76.388426913116504, 11.874907882773615 ], [ 76.38835236681895, 11.874241533332574 ], [ 76.388598958425987, 11.873740488320374 ] ] ] } },
{ "type": "Feature", "properties": { "OBJECTID": 21797, "KGISVillageID": 27804, "KGISVillageCode": "2608040011", "KGISVillageName": "Sheegavadi", "KGISHobliID": 462, "UniqueVillageCode": "2608040011_3", "Bhucode": "260501003045", "CensusVillageCode": "2957705573619099", "BhoomiVillageCode": "2608040011", "created_user": "SA", "created_date": 1556019584000.0, "last_edited_user": "SURESHBV2", "last_edited_date": 1724226112000.0, "LGDGPCode": "219439", "LGDGPCode_Secondary": null, "Category": "Cadastral data available and has bhoomi linkage", "SHAPE.STArea()": 32707.5247093, "SHAPE.STLength()": 746.52849083976378, "LGD_VillageCode": 619104.0, "_overlap_percent": 100.0, "_police_station": "Saragur PS", "_police_feature_index": "506", "_admin_layer": "Village", "_geometry_clipped": true }, "geometry": { "type": "Polygon", "coordinates": [ [ [ 76.384037188388362, 11.877770016682501 ], [ 76.384022013253073, 11.879138164872762 ], [ 76.385788336626291, 11.878483602823566 ], [ 76.385871251944664, 11.878454269403523 ], [ 76.38611368678059, 11.877261817389044 ], [ 76.385712957896615, 11.877140175533189 ], [ 76.384037800907251, 11.877708613307066 ], [ 76.384037188388362, 11.877770016682501 ] ] ] } },
{ "type": "Feature", "properties": { "OBJECTID": 21789, "KGISVillageID": 27796, "KGISVillageCode": "2608040021", "KGISVillageName": "Mattakere", "KGISHobliID": 462, "UniqueVillageCode": "2608040021_2", "Bhucode": "260501003039", "CensusVillageCode": "2957705573619099", "BhoomiVillageCode": "2608040021", "created_user": "SURESHBV1", "created_date": 1692267586000.0, "last_edited_user": "SURESHBV2", "last_edited_date": 1724226098000.0, "LGDGPCode": "219439", "LGDGPCode_Secondary": null, "Category": "Cadastral data available and has bhoomi linkage", "SHAPE.STArea()": 7842677.2895703753, "SHAPE.STLength()": 16052.279665838741, "LGD_VillageCode": 619099.0, "_overlap_percent": 99.999999999999972, "_police_station": "Saragur PS", "_police_feature_index": "506", "_admin_layer": "Village", "_geometry_clipped": true }, "geometry": { "type": "Polygon", "coordinates": [ [ [ 76.377839175172028, 11.896233456519429 ], [ 76.377959722949385, 11.896234216781602 ], [ 76.378294622435718, 11.896236328634796 ], [ 76.378147258860054, 11.895494959527358 ], [ 76.377820806326582, 11.893293080804151 ], [ 76.379365499771879, 11.892701938267658 ], [ 76.379538842204653, 11.892439916199463 ], [ 76.380351513691934, 11.891200405551531 ], [ 76.38089383801308, 11.891031677366254 ], [ 76.383706365647569, 11.8897165710744 ], [ 76.385399971274069, 11.889273642419342 ], [ 76.386498505872098, 11.889258801786797 ], [ 76.386961176525205, 11.889250592901435 ], [ 76.389041951698701, 11.888681783341973 ], [ 76.389703243750034, 11.888483994693576 ], [ 76.400825700630065, 11.885313685885317 ], [ 76.40459205693503, 11.884972634362484 ], [ 76.405574907151944, 11.885032910811974 ], [ 76.40542289019244, 11.884730698644979 ], [ 76.401425190332787, 11.876715167829879 ], [ 76.400997692188866, 11.875911646161974 ], [ 76.400542808969746, 11.875102380790187 ], [ 76.400516589018224, 11.875055704669277 ], [ 76.398877823207641, 11.872129223346811 ], [ 76.398701233209636, 11.871812588509904 ], [ 76.398698551853897, 11.871799796123105 ], [ 76.397456397200244, 11.865956864424872 ], [ 76.397353768161821, 11.866014079292881 ], [ 76.397271990942926, 11.866059671083857 ], [ 76.390353570687623, 11.869797175592689 ], [ 76.385945305748038, 11.872251607566886 ], [ 76.385779415820465, 11.872346694327316 ], [ 76.385154350905296, 11.872710369188985 ], [ 76.385104956818168, 11.872739531663868 ], [ 76.3850447390233, 11.872747384103119 ], [ 76.385047268440005, 11.872783466228928 ], [ 76.385038177671646, 11.872936061032583 ], [ 76.385038112475698, 11.87293714718013 ], [ 76.383913016749119, 11.872903072953703 ], [ 76.383766915604369, 11.872888651646411 ], [ 76.383754975468094, 11.872887473278693 ], [ 76.383674415280126, 11.872901928225961 ], [ 76.383529293928191, 11.872927967880383 ], [ 76.383347755198457, 11.872950602710231 ], [ 76.382974144393827, 11.872997185690041 ], [ 76.382993389896853, 11.872942009900065 ], [ 76.382565379847975, 11.872692740832909 ], [ 76.382444073596872, 11.872622093366553 ], [ 76.382444121144147, 11.872620053474765 ], [ 76.382444963840769, 11.872579997533956 ], [ 76.382380888716412, 11.872585295191827 ], [ 76.382228132215474, 11.872597924764692 ], [ 76.381917525762631, 11.872623605467375 ], [ 76.381915799831688, 11.872623748615824 ], [ 76.38162212504831, 11.872648028951494 ], [ 76.381519967942168, 11.87266351012104 ], [ 76.381501686353047, 11.872666280131396 ], [ 76.380347177098372, 11.872841231448021 ], [ 76.380279170681689, 11.872851536687216 ], [ 76.380301403665101, 11.872910513202712 ], [ 76.380244566862103, 11.872917915062317 ], [ 76.379684463859547, 11.872990854796331 ], [ 76.379578436307241, 11.872989534204017 ], [ 76.379414061904157, 11.873080296620977 ], [ 76.379410347197592, 11.87308234808023 ], [ 76.379410289536651, 11.873082381813502 ], [ 76.37872053819828, 11.873210546717361 ], [ 76.378011395053107, 11.873342313369895 ], [ 76.376683860749424, 11.873549844062333 ], [ 76.376652420894601, 11.873554759105211 ], [ 76.376334033384211, 11.873582433641046 ], [ 76.37559957024618, 11.873646273771168 ], [ 76.375509440499982, 11.873653419023256 ], [ 76.374579764686871, 11.873807193119791 ], [ 76.373855138400046, 11.873927048288797 ], [ 76.373730736887751, 11.873996518738172 ], [ 76.373689696270318, 11.874019436594834 ], [ 76.373593231568037, 11.87407332274303 ], [ 76.373506933736422, 11.873988967559596 ], [ 76.372831954438851, 11.873329178551367 ], [ 76.372831820649722, 11.873328674709079 ], [ 76.372584417166777, 11.872397452632683 ], [ 76.372428852459294, 11.872414077692364 ], [ 76.372051842627442, 11.872162891280549 ], [ 76.37163334546338, 11.871884063564274 ], [ 76.371676108768824, 11.87181852523789 ], [ 76.371996803618003, 11.871329842057781 ], [ 76.371918487446862, 11.87119605517109 ], [ 76.371826290701009, 11.871040704816327 ], [ 76.370785391793163, 11.871374585718332 ], [ 76.370144175866415, 11.871703280592538 ], [ 76.369738344926773, 11.871911313359849 ], [ 76.369645845336279, 11.871958729048025 ], [ 76.369597334240439, 11.871975374541519 ], [ 76.369207599419823, 11.872109103114306 ], [ 76.368381810529215, 11.872398607259361 ], [ 76.368332994997587, 11.872415720545419 ], [ 76.367993792303636, 11.87253463777796 ], [ 76.367778257751851, 11.872611520079321 ], [ 76.367347928623971, 11.872765020262943 ], [ 76.367248891853947, 11.872800346363517 ], [ 76.367125306839597, 11.872844429917059 ], [ 76.367033743517837, 11.872877090654971 ], [ 76.366877134215372, 11.872932953420488 ], [ 76.366148495340539, 11.873189768334715 ], [ 76.366110411236221, 11.873203191264404 ], [ 76.366092506821218, 11.873209501681686 ], [ 76.364609294748831, 11.875109075249332 ], [ 76.364189342912965, 11.876027337969898 ], [ 76.364192976240815, 11.876106118177612 ], [ 76.364207414093784, 11.876419755817231 ], [ 76.364154600439363, 11.876712789731469 ], [ 76.364280933288114, 11.876856097083685 ], [ 76.364640376937871, 11.877102297587989 ], [ 76.36495649841919, 11.877249249281061 ], [ 76.365427590839261, 11.877468560879567 ], [ 76.365757515477938, 11.877648461169798 ], [ 76.366296784868325, 11.87824019157433 ], [ 76.366516365626495, 11.878428564220449 ], [ 76.36674252524584, 11.878874564264487 ], [ 76.366877621790195, 11.879153210031362 ], [ 76.366901302627738, 11.879444572175419 ], [ 76.366951770180378, 11.879546212093699 ], [ 76.367015614776022, 11.879674599540577 ], [ 76.366911715183647, 11.879927906540088 ], [ 76.367128239512809, 11.879996377672454 ], [ 76.367315316019486, 11.87966441835885 ], [ 76.371001996201073, 11.894812714406118 ], [ 76.371307459479596, 11.896031301570325 ], [ 76.371362295965852, 11.896250060354937 ], [ 76.371390975438771, 11.89637671651281 ], [ 76.371448900093654, 11.896374680110174 ], [ 76.371844430266052, 11.896389337805271 ], [ 76.37188018580116, 11.896390662974836 ], [ 76.373655519821028, 11.896456449105429 ], [ 76.373865134190282, 11.896464215574559 ], [ 76.374038833706379, 11.89649176683538 ], [ 76.374204161517895, 11.896517989941643 ], [ 76.37427119229811, 11.896528622143522 ], [ 76.374626001251272, 11.896584899438791 ], [ 76.375367378456204, 11.896780539716275 ], [ 76.375575717382659, 11.896835517145592 ], [ 76.375648846190387, 11.896830156395016 ], [ 76.375648902170497, 11.89683015250567 ], [ 76.375727961078709, 11.896824356879543 ], [ 76.375765148937219, 11.896821700118364 ], [ 76.37580571208369, 11.896818801772211 ], [ 76.376417713129655, 11.896832890997553 ], [ 76.376872387382164, 11.89684335722896 ], [ 76.377016549158071, 11.89684999594353 ], [ 76.377284478600131, 11.896862332979193 ], [ 76.377591401080977, 11.896876465699197 ], [ 76.377574869833921, 11.896857796186636 ], [ 76.377573164177221, 11.896855797402127 ], [ 76.377839175172028, 11.896233456519429 ] ], [ [ 76.385712957896615, 11.877140175533189 ], [ 76.38611368678059, 11.877261817389044 ], [ 76.385871251944664, 11.878454269403523 ], [ 76.385788336626291, 11.878483602823566 ], [ 76.384022013253073, 11.879138164872762 ], [ 76.384037188388362, 11.877770016682501 ], [ 76.384037800907251, 11.877708613307066 ], [ 76.385712957896615, 11.877140175533189 ] ], [ [ 76.386147897319006, 11.87419400890475 ], [ 76.386146598259486, 11.874177815559623 ], [ 76.386147758060332, 11.874176811742487 ], [ 76.386545662864634, 11.873834860584104 ], [ 76.38743237771908, 11.873971668129826 ], [ 76.387433988997159, 11.873885005617439 ], [ 76.387439990005348, 11.873572494844804 ], [ 76.387762286469851, 11.873530510229818 ], [ 76.388356026068067, 11.873453122930073 ], [ 76.388373318535784, 11.873450812099403 ], [ 76.388419955925571, 11.873491484617185 ], [ 76.388625912390594, 11.873671130625073 ], [ 76.388630876500187, 11.873675454065765 ], [ 76.388598958425987, 11.873740488320374 ], [ 76.38835236681895, 11.874241533332574 ], [ 76.388426913116504, 11.874907882773615 ], [ 76.388900101524683, 11.876322235810653 ], [ 76.388897439594771, 11.876322624998942 ], [ 76.386610795676376, 11.876608643595988 ], [ 76.386603160574325, 11.876579876348988 ], [ 76.386291556166015, 11.875195489685719 ], [ 76.386147897319006, 11.87419400890475 ] ], [ [ 76.385883281110026, 11.874568244386941 ], [ 76.38588315254934, 11.874576770708195 ], [ 76.385816610052373, 11.874588319595885 ], [ 76.385169981977782, 11.874738237803308 ], [ 76.385169884479424, 11.874735291808786 ], [ 76.385141237213134, 11.873549068821735 ], [ 76.385140061272949, 11.873501628147709 ], [ 76.38513824877711, 11.873428480607377 ], [ 76.385140188425623, 11.873423398179476 ], [ 76.385207184087747, 11.873249014641081 ], [ 76.385292954458194, 11.873025764527583 ], [ 76.385873918081032, 11.87281737003863 ], [ 76.385925841182697, 11.87279913830133 ], [ 76.385883281110026, 11.874568244386941 ] ] ] } },
{ "type": "Feature", "properties": { "OBJECTID": 21793, "KGISVillageID": 27800, "KGISVillageCode": "2608040022", "KGISVillageName": "Nemmanahalli", "KGISHobliID": 462, "UniqueVillageCode": "2608040022_1", "Bhucode": "260501003043", "CensusVillageCode": "2957705573619098", "BhoomiVillageCode": "2608040022", "created_user": "SA", "created_date": 1556019584000.0, "last_edited_user": "SURESHBV2", "last_edited_date": 1724226112000.0, "LGDGPCode": "219439", "LGDGPCode_Secondary": null, "Category": "Cadastral data available and has bhoomi linkage", "SHAPE.STArea()": 4949495.9604805, "SHAPE.STLength()": 9821.7542173473084, "LGD_VillageCode": 619098.0, "_overlap_percent": 99.999999999999972, "_police_station": "Saragur PS", "_police_feature_index": "506", "_admin_layer": "Village", "_geometry_clipped": true }, "geometry": { "type": "Polygon", "coordinates": [ [ [ 76.367315316019486, 11.87966441835885 ], [ 76.367128239512809, 11.879996377672454 ], [ 76.366911715183647, 11.879927906540088 ], [ 76.367015614776022, 11.879674599540577 ], [ 76.366951770180378, 11.879546212093699 ], [ 76.365434803026275, 11.880520154390462 ], [ 76.364813327990774, 11.880572023543735 ], [ 76.363374452462267, 11.880686565416411 ], [ 76.363327084580135, 11.880688729700029 ], [ 76.362544690814119, 11.880722214131081 ], [ 76.362436305283765, 11.880726852350522 ], [ 76.361386411072445, 11.881122666698253 ], [ 76.361346953641345, 11.881141162375107 ], [ 76.360367036357829, 11.881588196599443 ], [ 76.360000385642522, 11.881755460483397 ], [ 76.359489400506618, 11.881827537534438 ], [ 76.359423992241375, 11.881859329855937 ], [ 76.359339673590597, 11.881872632759418 ], [ 76.359321152940851, 11.881909388132145 ], [ 76.359241219178742, 11.88194835572479 ], [ 76.359271110251981, 11.882008810894975 ], [ 76.359285192824089, 11.882037452298087 ], [ 76.358693490972783, 11.882220361780814 ], [ 76.358402926948969, 11.882282026390239 ], [ 76.358128141010226, 11.88234034196989 ], [ 76.357049715914386, 11.882569204952347 ], [ 76.356935644773515, 11.88259341266029 ], [ 76.356814305765411, 11.882643544498052 ], [ 76.356814051378635, 11.882592172234165 ], [ 76.356814014754079, 11.882592191396451 ], [ 76.35663791110116, 11.882716423278083 ], [ 76.356604373929827, 11.88274008132899 ], [ 76.356554776674727, 11.882775069994716 ], [ 76.356453913539269, 11.882846223430281 ], [ 76.356425322574708, 11.882854515822135 ], [ 76.35596037466614, 11.88303606263295 ], [ 76.355121219206083, 11.883363722411321 ], [ 76.355082857083872, 11.883378702265491 ], [ 76.355077570911902, 11.883331478672543 ], [ 76.354946336783172, 11.883541375168095 ], [ 76.342785963253334, 11.885593638632484 ], [ 76.337943573357023, 11.886618338930047 ], [ 76.337871130100993, 11.886718948027676 ], [ 76.337648396602333, 11.887028287844059 ], [ 76.337551127852834, 11.887163380942701 ], [ 76.338158527671723, 11.888851314443119 ], [ 76.340887423903041, 11.896433188155889 ], [ 76.343564446520276, 11.896683812261413 ], [ 76.345003895818493, 11.89674286626496 ], [ 76.345208440893288, 11.896751243340361 ], [ 76.345392841054007, 11.896758789602721 ], [ 76.346230613231342, 11.89676936082147 ], [ 76.346493495697175, 11.896772665900851 ], [ 76.352336047980131, 11.896843795201596 ], [ 76.364055470952806, 11.89674312838161 ], [ 76.364271202339324, 11.896736237602985 ], [ 76.364750775429229, 11.896721000502943 ], [ 76.367304627318404, 11.896539107179972 ], [ 76.367823900038985, 11.896502120402337 ], [ 76.369184369249695, 11.89645429661328 ], [ 76.369253386407621, 11.896451870504764 ], [ 76.371360360035212, 11.896377792921728 ], [ 76.371390975438771, 11.89637671651281 ], [ 76.371362295965852, 11.896250060354937 ], [ 76.371307459479596, 11.896031301570325 ], [ 76.371001996201073, 11.894812714406118 ], [ 76.367315316019486, 11.87966441835885 ] ] ] } },
{ "type": "Feature", "properties": { "OBJECTID": 21788, "KGISVillageID": 27795, "KGISVillageCode": "2608040021", "KGISVillageName": "Mattakere", "KGISHobliID": 462, "UniqueVillageCode": "2608040021_1", "Bhucode": "260501003039", "CensusVillageCode": "2957705573619100", "BhoomiVillageCode": "2608040021", "created_user": "SA", "created_date": 1556019584000.0, "last_edited_user": "SURESHBV2", "last_edited_date": 1724226098000.0, "LGDGPCode": "219439", "LGDGPCode_Secondary": null, "Category": "Cadastral data available and has bhoomi linkage", "SHAPE.STArea()": 44409.60104935, "SHAPE.STLength()": 1098.6260656540601, "LGD_VillageCode": 619099.0, "_overlap_percent": 100.0, "_police_station": "Saragur PS", "_police_feature_index": "506", "_admin_layer": "Village", "_geometry_clipped": true }, "geometry": { "type": "Polygon", "coordinates": [ [ [ 76.381491518470639, 11.892872410699473 ], [ 76.381842194776652, 11.892712989497923 ], [ 76.381893888702862, 11.892689489200759 ], [ 76.381900327475577, 11.892686548272071 ], [ 76.381898714590193, 11.89268128615084 ], [ 76.381743631111064, 11.892223074628998 ], [ 76.38166813505245, 11.891991903317644 ], [ 76.381802118852917, 11.891641849468407 ], [ 76.381767024325583, 11.891646757861364 ], [ 76.381432707934451, 11.891693512575577 ], [ 76.380526845462938, 11.891815744610287 ], [ 76.380522509481693, 11.891933308351931 ], [ 76.380516008040217, 11.892592679529288 ], [ 76.380571154337417, 11.892926805220563 ], [ 76.380056351390095, 11.892760741843475 ], [ 76.379880971672804, 11.892703563974466 ], [ 76.379592172965516, 11.892608752836516 ], [ 76.379480017738288, 11.893337118370834 ], [ 76.379474802522395, 11.893383576838463 ], [ 76.379444955446857, 11.893395846756409 ], [ 76.378947862432767, 11.893592092358249 ], [ 76.378987977465371, 11.893981623139361 ], [ 76.379108740429743, 11.894154306411364 ], [ 76.379258003484239, 11.894363077777472 ], [ 76.380887301718076, 11.893733280420594 ], [ 76.381098000700078, 11.893341504028559 ], [ 76.381153688236594, 11.893237956681219 ], [ 76.381236414891902, 11.893089288813499 ], [ 76.381491518470639, 11.892872410699473 ] ] ] } },
{ "type": "Feature", "properties": { "OBJECTID": 21775, "KGISVillageID": 27782, "KGISVillageCode": "2608040014", "KGISVillageName": "Inuru Magudi Jungle", "KGISHobliID": 462, "UniqueVillageCode": "2608040014_1", "Bhucode": "260501003025", "CensusVillageCode": "2957705573619111", "BhoomiVillageCode": "2608040014", "created_user": "SA", "created_date": 1556019584000.0, "last_edited_user": "SURESHBV2", "last_edited_date": 1724226098000.0, "LGDGPCode": "219439", "LGDGPCode_Secondary": null, "Category": "Cadastral data available and has bhoomi linkage", "SHAPE.STArea()": 94430810.547872961, "SHAPE.STLength()": 46582.015562745903, "LGD_VillageCode": 619111.0, "_overlap_percent": 99.328956550858678, "_police_station": "Saragur PS", "_police_feature_index": "506", "_admin_layer": "Village", "_geometry_clipped": true }, "geometry": { "type": "Polygon", "coordinates": [ [ [ 76.319277227398217, 11.854489732181225 ], [ 76.322217660136587, 11.849418272084915 ], [ 76.328156018396825, 11.843079823191221 ], [ 76.334596956625816, 11.832931980241403 ], [ 76.334598224622951, 11.83293359265468 ], [ 76.335501159150809, 11.831526745388256 ], [ 76.340505968776554, 11.826737925468146 ], [ 76.342673807044122, 11.824709880863665 ], [ 76.345072210030949, 11.82325639886407 ], [ 76.345180082321747, 11.82314226139933 ], [ 76.355190138512654, 11.814894170586477 ], [ 76.361905948155098, 11.811629028106431 ], [ 76.369633001492261, 11.803085581866579 ], [ 76.373954509885564, 11.798390486973904 ], [ 76.374225107973459, 11.797400444764504 ], [ 76.374300352126212, 11.79712515347258 ], [ 76.375314145847213, 11.793567348067745 ], [ 76.3755836621622, 11.793612008198537 ], [ 76.376110608205082, 11.793642777120748 ], [ 76.376915805210473, 11.789443274905793 ], [ 76.384477026256448, 11.789352599990192 ], [ 76.384650321433099, 11.789350519129417 ], [ 76.385606553050181, 11.789339037036187 ], [ 76.385631344404302, 11.789338434436859 ], [ 76.385810479087226, 11.78933407592103 ], [ 76.392888912592952, 11.787965522890063 ], [ 76.401202827949575, 11.786570032365116 ], [ 76.40593105571358, 11.786122416385089 ], [ 76.409033829464008, 11.785291926925764 ], [ 76.412139298083147, 11.785896157537428 ], [ 76.412387834354874, 11.785947653217919 ], [ 76.413313027098013, 11.785591336150603 ], [ 76.414882587893032, 11.784552709192019 ], [ 76.414847108387505, 11.784402701276083 ], [ 76.414578272652207, 11.78421930012426 ], [ 76.413590157715518, 11.783784884976582 ], [ 76.413197751076552, 11.7832738339029 ], [ 76.412575356616173, 11.782382806620594 ], [ 76.41257531595032, 11.782382749864116 ], [ 76.412297074420039, 11.781984416127337 ], [ 76.412090697219625, 11.78173702213436 ], [ 76.411641009391914, 11.781137828631824 ], [ 76.41165029708317, 11.780696937391824 ], [ 76.411838626130191, 11.779092540083093 ], [ 76.412051714949754, 11.778838447072628 ], [ 76.414176986620348, 11.777732795842484 ], [ 76.415554761507408, 11.776985185583561 ], [ 76.417984410694828, 11.776660978109096 ], [ 76.418581867768637, 11.776823901391529 ], [ 76.418960823554301, 11.776748796889981 ], [ 76.419909164431843, 11.777011614421319 ], [ 76.421505633748311, 11.777459440556958 ], [ 76.422348227635737, 11.776554711435026 ], [ 76.422435537333996, 11.776276799443201 ], [ 76.422257252914505, 11.775648275229386 ], [ 76.42206411682416, 11.775027186973436 ], [ 76.421587706783967, 11.773495135145001 ], [ 76.421425443977171, 11.772973326335983 ], [ 76.421391173658989, 11.77289387803973 ], [ 76.421239645639019, 11.772542620288107 ], [ 76.421171574382811, 11.772195863586052 ], [ 76.421052298625824, 11.771588243724068 ], [ 76.421035765684977, 11.771520584920486 ], [ 76.420793508447204, 11.771032081609768 ], [ 76.41839286639555, 11.769500214258544 ], [ 76.4166528607457, 11.768367431009407 ], [ 76.416149509629221, 11.768039732715755 ], [ 76.415653996808473, 11.767746672984849 ], [ 76.415461165515751, 11.767487145186575 ], [ 76.414699375834573, 11.765776689538621 ], [ 76.414521394599092, 11.76503241306246 ], [ 76.414401673420912, 11.764531752577946 ], [ 76.413997930245813, 11.764188340151231 ], [ 76.413610259894824, 11.763949630705433 ], [ 76.412855273415957, 11.763484744856669 ], [ 76.412133539033533, 11.763040328147719 ], [ 76.411936393090841, 11.762777250943655 ], [ 76.411395797394846, 11.761581609371296 ], [ 76.411279889870315, 11.761156178818609 ], [ 76.411560621502403, 11.760534074795929 ], [ 76.412274309193165, 11.759585665754875 ], [ 76.412324827918539, 11.759340046393634 ], [ 76.412189804381512, 11.759122889929934 ], [ 76.411714499591596, 11.759061412994949 ], [ 76.411151847246273, 11.758988630933954 ], [ 76.411108437387682, 11.759004157797643 ], [ 76.409212699548647, 11.758753736274198 ], [ 76.407402551349705, 11.757749026851968 ], [ 76.40502586846965, 11.756663854911993 ], [ 76.402841328394075, 11.754655990341158 ], [ 76.398950844643437, 11.751654369748774 ], [ 76.39663492533461, 11.752481851470495 ], [ 76.39420643629262, 11.753761695095516 ], [ 76.393608962303546, 11.755355349591648 ], [ 76.390558739719395, 11.753801256394045 ], [ 76.387691209043439, 11.749935199417278 ], [ 76.386388464560454, 11.748173138116771 ], [ 76.378773977068278, 11.744956702933989 ], [ 76.375799599214318, 11.745204252469405 ], [ 76.366823090340858, 11.747489864493595 ], [ 76.356960425136648, 11.741529299361543 ], [ 76.3521237607073, 11.738489708658411 ], [ 76.350013510155847, 11.739789191769995 ], [ 76.340392731199088, 11.73780453758174 ], [ 76.336085699022064, 11.742169331531722 ], [ 76.334737088590444, 11.742997388546208 ], [ 76.332740289508152, 11.743651148322609 ], [ 76.331799018406983, 11.744411169483858 ], [ 76.330597455307938, 11.745309868391494 ], [ 76.330496949077713, 11.745466309565638 ], [ 76.328818544590661, 11.748236777690419 ], [ 76.328136035958224, 11.74843411890318 ], [ 76.326734203130627, 11.74863602025645 ], [ 76.326424880692045, 11.748686206993659 ], [ 76.323017198093808, 11.749550083109007 ], [ 76.321173912886579, 11.749991974578986 ], [ 76.320425841586001, 11.750494438291591 ], [ 76.319216946283035, 11.751484157494149 ], [ 76.319055656150894, 11.752008896926339 ], [ 76.318922724817511, 11.75319840216075 ], [ 76.319249167722688, 11.753623345894535 ], [ 76.317193072599977, 11.755176567947187 ], [ 76.317485409897444, 11.756004499682982 ], [ 76.31725630269699, 11.758366969850496 ], [ 76.317268202601568, 11.759149084384969 ], [ 76.316551174188561, 11.761398667376289 ], [ 76.316474963060855, 11.761351142563589 ], [ 76.316200122810926, 11.76168219102745 ], [ 76.315681678698041, 11.762338016831801 ], [ 76.315122494536311, 11.763069800734685 ], [ 76.314489514810006, 11.763839104687944 ], [ 76.314165939000205, 11.764218381287238 ], [ 76.314151977844574, 11.764416178868334 ], [ 76.314215894995158, 11.765021827754818 ], [ 76.314171105121119, 11.765245169066327 ], [ 76.314051815260825, 11.765676869676607 ], [ 76.314003836750231, 11.76628434705326 ], [ 76.313911614103304, 11.767095679109424 ], [ 76.313837882175577, 11.767392855179965 ], [ 76.313577941242855, 11.768120689375891 ], [ 76.313291438016222, 11.768966355048745 ], [ 76.312976584541303, 11.769948627511273 ], [ 76.312641865714582, 11.77090720351161 ], [ 76.312273847547516, 11.771991883066992 ], [ 76.31196581739637, 11.77283722400375 ], [ 76.311752731345891, 11.773506376609877 ], [ 76.311578074286643, 11.774461947485733 ], [ 76.310933219262125, 11.774951141621907 ], [ 76.309913402794677, 11.775708408761938 ], [ 76.308773389179152, 11.776555138572878 ], [ 76.30767383090388, 11.77735190791371 ], [ 76.306614651590465, 11.778096140727349 ], [ 76.305869770047721, 11.778644050015165 ], [ 76.305337017213049, 11.77902835490751 ], [ 76.304933097779468, 11.779324026604501 ], [ 76.304219601200145, 11.780284416421644 ], [ 76.303359105787152, 11.780687855895717 ], [ 76.302189901164212, 11.781247337590912 ], [ 76.301201421716115, 11.781698043296842 ], [ 76.300139890587232, 11.782182934876966 ], [ 76.299659607023202, 11.782415649127968 ], [ 76.299460783361738, 11.782630735989283 ], [ 76.298756141658771, 11.78339905973862 ], [ 76.2977867773659, 11.784474987874894 ], [ 76.29764248308895, 11.784629761102199 ], [ 76.297183946446623, 11.785144499469231 ], [ 76.29656298649482, 11.785893987745419 ], [ 76.296446293874439, 11.786027003578855 ], [ 76.295798804550671, 11.786765199332699 ], [ 76.291827351803605, 11.792129941185797 ], [ 76.289073531112663, 11.796023049073277 ], [ 76.28712918252323, 11.80025558465189 ], [ 76.284474612489205, 11.809628692385211 ], [ 76.28252109400708, 11.815326214080779 ], [ 76.281872363677678, 11.817441586875779 ], [ 76.282988324585602, 11.82044031981518 ], [ 76.286139811596556, 11.822402328516858 ], [ 76.287790417075101, 11.824456170855541 ], [ 76.290765560629652, 11.824896083526683 ], [ 76.293906616985225, 11.825384079786014 ], [ 76.298381934968134, 11.826058775778534 ], [ 76.300405693775602, 11.829195023630174 ], [ 76.302924070895671, 11.831031148219401 ], [ 76.302956152525056, 11.831050659359862 ], [ 76.304489215586941, 11.832831432458381 ], [ 76.305435452635137, 11.834887609945072 ], [ 76.305588052939299, 11.836998408977935 ], [ 76.305623397967949, 11.837307544543398 ], [ 76.306000449090092, 11.83968551150002 ], [ 76.306065345460183, 11.84043232955568 ], [ 76.306124801227398, 11.841112654685075 ], [ 76.306232047656266, 11.842326568124601 ], [ 76.306412209268061, 11.84430939420408 ], [ 76.306596559406344, 11.84646093481947 ], [ 76.309473787019073, 11.848802076810932 ], [ 76.31421739572184, 11.85092335685426 ], [ 76.315341777816286, 11.852043796566091 ], [ 76.315846212170513, 11.85282407431589 ], [ 76.316071581886789, 11.853162756913965 ], [ 76.318197980732378, 11.856358220146571 ], [ 76.319277227398217, 11.854489732181225 ] ] ] } },
{ "type": "Feature", "properties": { "OBJECTID": 21765, "KGISVillageID": 27771, "KGISVillageCode": "2608040015", "KGISVillageName": "Chikkabesage", "KGISHobliID": 462, "UniqueVillageCode": "2608040015_1", "Bhucode": "260501003013", "CensusVillageCode": "2957705573619110", "BhoomiVillageCode": "2608040015", "created_user": "SA", "created_date": 1556019584000.0, "last_edited_user": "SURESHBV2", "last_edited_date": 1724226098000.0, "LGDGPCode": "219439", "LGDGPCode_Secondary": null, "Category": "Cadastral data available and has bhoomi linkage", "SHAPE.STArea()": 5338671.7063165754, "SHAPE.STLength()": 11737.387262875078, "LGD_VillageCode": 619110.0, "_overlap_percent": 100.00000000000003, "_police_station": "Saragur PS", "_police_feature_index": "506", "_admin_layer": "Village", "_geometry_clipped": true }, "geometry": { "type": "Polygon", "coordinates": [ [ [ 76.357745927045613, 11.867810529178831 ], [ 76.357909122655812, 11.867828213956519 ], [ 76.358664446888142, 11.859419580174393 ], [ 76.358925416089463, 11.855940876582476 ], [ 76.358955305678649, 11.855540029097567 ], [ 76.359027796547181, 11.855529297349303 ], [ 76.355791419577045, 11.843698995528088 ], [ 76.355665081079451, 11.843540738810605 ], [ 76.355656361872647, 11.843508993638968 ], [ 76.355577306298315, 11.843232412381552 ], [ 76.350459278977141, 11.836429823251208 ], [ 76.350359258039035, 11.836296875411453 ], [ 76.347299309270909, 11.832229556521323 ], [ 76.347257770671035, 11.832013039258166 ], [ 76.347229921949008, 11.831867875113831 ], [ 76.346835977239721, 11.829814435621239 ], [ 76.345745208714575, 11.825942983255453 ], [ 76.345719488530321, 11.825840310430786 ], [ 76.345576497947903, 11.825269502495283 ], [ 76.345180082321747, 11.82314226139933 ], [ 76.345072210030949, 11.82325639886407 ], [ 76.342673807044122, 11.824709880863665 ], [ 76.340505968776554, 11.826737925468146 ], [ 76.335501159150809, 11.831526745388256 ], [ 76.334598224622951, 11.83293359265468 ], [ 76.335288435137571, 11.833798868563598 ], [ 76.336091375394133, 11.83480661620729 ], [ 76.336122291151526, 11.834845440021221 ], [ 76.336244013181329, 11.834998305057828 ], [ 76.340717968530967, 11.840628335083238 ], [ 76.341160039948107, 11.841263769603565 ], [ 76.341159955133136, 11.841264822401129 ], [ 76.341233843164389, 11.841370191532267 ], [ 76.341310380127865, 11.841480254046985 ], [ 76.342920930746843, 11.843795943447256 ], [ 76.343084495887894, 11.844031082837049 ], [ 76.343575275103461, 11.844736572175396 ], [ 76.346078076705012, 11.853031256884318 ], [ 76.347315110552316, 11.857860286146174 ], [ 76.347553677778805, 11.857910530476298 ], [ 76.347746649868995, 11.858101778132973 ], [ 76.357238308883652, 11.867756842032096 ], [ 76.357626014333022, 11.868056324758493 ], [ 76.357759380898273, 11.868159347385646 ], [ 76.357745927045613, 11.867810529178831 ] ] ] } },
{ "type": "Feature", "properties": { "OBJECTID": 21760, "KGISVillageID": 27766, "KGISVillageCode": "2608040019", "KGISVillageName": "Bankawadi", "KGISHobliID": 462, "UniqueVillageCode": "2608040019_1", "Bhucode": "260501003007", "CensusVillageCode": "2957705573619108", "BhoomiVillageCode": "2608040019", "created_user": "SA", "created_date": 1556019584000.0, "last_edited_user": "SURESHBV2", "last_edited_date": 1724226098000.0, "LGDGPCode": "219439", "LGDGPCode_Secondary": null, "Category": "Cadastral data available and has bhoomi linkage", "SHAPE.STArea()": 14504848.147312876, "SHAPE.STLength()": 18006.537549253822, "LGD_VillageCode": 619108.0, "_overlap_percent": 99.996622269746211, "_police_station": "Saragur PS", "_police_feature_index": "506", "_admin_layer": "Village", "_geometry_clipped": true }, "geometry": { "type": "Polygon", "coordinates": [ [ [ 76.319107881621193, 11.860608906304503 ], [ 76.319232552572274, 11.860802820840897 ], [ 76.321107107088281, 11.863577940545554 ], [ 76.327284307779522, 11.872381260601015 ], [ 76.334793947098078, 11.882376837978812 ], [ 76.337725980341645, 11.88632532320756 ], [ 76.337943573357023, 11.886618338930047 ], [ 76.342785963253334, 11.885593638632484 ], [ 76.354946336783172, 11.883541375168095 ], [ 76.355077570911902, 11.883331478672543 ], [ 76.355082857083872, 11.883378702265491 ], [ 76.355121219206083, 11.883363722411321 ], [ 76.35596037466614, 11.88303606263295 ], [ 76.356425322574708, 11.882854515822135 ], [ 76.356453913539269, 11.882846223430281 ], [ 76.356554776674727, 11.882775069994716 ], [ 76.356604373929827, 11.88274008132899 ], [ 76.35663791110116, 11.882716423278083 ], [ 76.356814014754079, 11.882592191396451 ], [ 76.356814051378635, 11.882592172234165 ], [ 76.356814305765411, 11.882643544498052 ], [ 76.356935644773515, 11.88259341266029 ], [ 76.357049715914386, 11.882569204952347 ], [ 76.358128141010226, 11.88234034196989 ], [ 76.358402926948969, 11.882282026390239 ], [ 76.358693490972783, 11.882220361780814 ], [ 76.359285192824089, 11.882037452298087 ], [ 76.359271110251981, 11.882008810894975 ], [ 76.359241219178742, 11.88194835572479 ], [ 76.359321152940851, 11.881909388132145 ], [ 76.359339673590597, 11.881872632759418 ], [ 76.359423992241375, 11.881859329855937 ], [ 76.359489400506618, 11.881827537534438 ], [ 76.360000385642522, 11.881755460483397 ], [ 76.360367036357829, 11.881588196599443 ], [ 76.361346953641345, 11.881141162375107 ], [ 76.361386411072445, 11.881122666698253 ], [ 76.362436305283765, 11.880726852350522 ], [ 76.362544690814119, 11.880722214131081 ], [ 76.363327084580135, 11.880688729700029 ], [ 76.363374452462267, 11.880686565416411 ], [ 76.364813327990774, 11.880572023543735 ], [ 76.365434803026275, 11.880520154390462 ], [ 76.366951770180378, 11.879546212093699 ], [ 76.366901302627738, 11.879444572175419 ], [ 76.366877621790195, 11.879153210031362 ], [ 76.36674252524584, 11.878874564264487 ], [ 76.366516365626495, 11.878428564220449 ], [ 76.366296784868325, 11.87824019157433 ], [ 76.365757515477938, 11.877648461169798 ], [ 76.365427590839261, 11.877468560879567 ], [ 76.36495649841919, 11.877249249281061 ], [ 76.364640376937871, 11.877102297587989 ], [ 76.364280933288114, 11.876856097083685 ], [ 76.364154600439363, 11.876712789731469 ], [ 76.364207414093784, 11.876419755817231 ], [ 76.364192976240815, 11.876106118177612 ], [ 76.364189342912965, 11.876027337969898 ], [ 76.363938797671011, 11.876064325577929 ], [ 76.363622933576167, 11.875966717650249 ], [ 76.363273942267568, 11.875801539488585 ], [ 76.362954634257221, 11.875651265729221 ], [ 76.362718577219212, 11.875540868334401 ], [ 76.362610118502019, 11.875401999025408 ], [ 76.362509948151811, 11.875274027642506 ], [ 76.362399730758696, 11.875133478730504 ], [ 76.362194597667155, 11.875038421900456 ], [ 76.362043148880176, 11.875025250144713 ], [ 76.361805098728425, 11.874615036470749 ], [ 76.361733797807432, 11.874374482216648 ], [ 76.361521579437252, 11.873969879418116 ], [ 76.361333499869687, 11.873599218923347 ], [ 76.360949996126408, 11.87323488042202 ], [ 76.360606208402714, 11.872872906962407 ], [ 76.360480905819102, 11.872740182439168 ], [ 76.360482152382815, 11.872320328555693 ], [ 76.360482302559774, 11.872254749880879 ], [ 76.360141688392446, 11.871911122883663 ], [ 76.359734955468653, 11.871502729050055 ], [ 76.359405546683476, 11.871140573333761 ], [ 76.359349931089028, 11.87101148846577 ], [ 76.359223477784539, 11.870547704456564 ], [ 76.359435198384659, 11.870194932609111 ], [ 76.359498706976154, 11.87008912728918 ], [ 76.359175217666035, 11.869611785782952 ], [ 76.358974614454894, 11.86922343814094 ], [ 76.358592935456471, 11.869005052895274 ], [ 76.358310219263572, 11.86881728056141 ], [ 76.358088764050137, 11.868581508181908 ], [ 76.35791452535436, 11.868144179158543 ], [ 76.357909122655812, 11.867828213956519 ], [ 76.357745927045613, 11.867810529178831 ], [ 76.357759380898273, 11.868159347385646 ], [ 76.357382394992811, 11.868142090247531 ], [ 76.356736811591205, 11.868111513563427 ], [ 76.356093154731539, 11.868277929816328 ], [ 76.355760819983075, 11.868360826598277 ], [ 76.355644642533434, 11.868377099755984 ], [ 76.354561478563397, 11.868597114849848 ], [ 76.354551164364622, 11.868599486019798 ], [ 76.35456518685848, 11.868639464783179 ], [ 76.354581559173397, 11.868686113693423 ], [ 76.354711256566063, 11.869165088789471 ], [ 76.354650882806482, 11.869196356584453 ], [ 76.354598772829561, 11.869223446651048 ], [ 76.354152481014808, 11.869455457065378 ], [ 76.353946327666833, 11.869525597226046 ], [ 76.353778899629475, 11.869582560628411 ], [ 76.353261178333241, 11.869700865816236 ], [ 76.353254470216584, 11.869702398750096 ], [ 76.353260596746296, 11.870050006911708 ], [ 76.353314320776491, 11.870231857443551 ], [ 76.353309938027763, 11.870232877466751 ], [ 76.35226042284755, 11.870476999101601 ], [ 76.350070282777992, 11.870763808934802 ], [ 76.348490553770063, 11.863573388666971 ], [ 76.347373674734939, 11.858103079298436 ], [ 76.347315110552316, 11.857860286146174 ], [ 76.346078076705012, 11.853031256884318 ], [ 76.343575275103461, 11.844736572175396 ], [ 76.343084495887894, 11.844031082837049 ], [ 76.342920930746843, 11.843795943447256 ], [ 76.341310380127865, 11.841480254046985 ], [ 76.341233843164389, 11.841370191532267 ], [ 76.341159955133136, 11.841264822401129 ], [ 76.341160039948107, 11.841263769603565 ], [ 76.340717968530967, 11.840628335083238 ], [ 76.336244013181329, 11.834998305057828 ], [ 76.336122291151526, 11.834845440021221 ], [ 76.336091375394133, 11.83480661620729 ], [ 76.335288435137571, 11.833798868563598 ], [ 76.334598224622951, 11.83293359265468 ], [ 76.334596956625816, 11.832931980241403 ], [ 76.328156018396825, 11.843079823191221 ], [ 76.322217660136587, 11.849418272084915 ], [ 76.319277227398217, 11.854489732181225 ], [ 76.318197980732378, 11.856358220146571 ], [ 76.318206784940358, 11.856371450742024 ], [ 76.317762857561533, 11.857134980133843 ], [ 76.31878217265475, 11.85837138129296 ], [ 76.318985774211868, 11.858545843979265 ], [ 76.31922509488254, 11.859973496570232 ], [ 76.319045398169749, 11.860501865067983 ], [ 76.319043227533356, 11.860508247430168 ], [ 76.319107881621193, 11.860608906304503 ] ] ] } },
{ "type": "Feature", "properties": { "OBJECTID": 21792, "KGISVillageID": 27799, "KGISVillageCode": "2608040018", "KGISVillageName": "Nedahadi", "KGISHobliID": 462, "UniqueVillageCode": "2608040018_1", "Bhucode": "260501003042", "CensusVillageCode": "2957705573619107", "BhoomiVillageCode": "2608040018", "created_user": "SA", "created_date": 1556019584000.0, "last_edited_user": "SURESHBV2", "last_edited_date": 1724226112000.0, "LGDGPCode": "219439", "LGDGPCode_Secondary": null, "Category": "Cadastral data available and has bhoomi linkage", "SHAPE.STArea()": 646526.86079012998, "SHAPE.STLength()": 4082.8884805132443, "LGD_VillageCode": 619107.0, "_overlap_percent": 99.999999999999972, "_police_station": "Saragur PS", "_police_feature_index": "506", "_admin_layer": "Village", "_geometry_clipped": true }, "geometry": { "type": "Polygon", "coordinates": [ [ [ 76.356736811591205, 11.868111513563427 ], [ 76.357382394992811, 11.868142090247531 ], [ 76.357759380898273, 11.868159347385646 ], [ 76.357626014333022, 11.868056324758493 ], [ 76.357238308883652, 11.867756842032096 ], [ 76.347746649868995, 11.858101778132973 ], [ 76.347553677778805, 11.857910530476298 ], [ 76.347315110552316, 11.857860286146174 ], [ 76.347373674734939, 11.858103079298436 ], [ 76.348490553770063, 11.863573388666971 ], [ 76.350070282777992, 11.870763808934802 ], [ 76.35226042284755, 11.870476999101601 ], [ 76.353309938027763, 11.870232877466751 ], [ 76.353314320776491, 11.870231857443551 ], [ 76.353260596746296, 11.870050006911708 ], [ 76.353254470216584, 11.869702398750096 ], [ 76.353261178333241, 11.869700865816236 ], [ 76.353778899629475, 11.869582560628411 ], [ 76.353946327666833, 11.869525597226046 ], [ 76.354152481014808, 11.869455457065378 ], [ 76.354598772829561, 11.869223446651048 ], [ 76.354650882806482, 11.869196356584453 ], [ 76.354711256566063, 11.869165088789471 ], [ 76.354581559173397, 11.868686113693423 ], [ 76.35456518685848, 11.868639464783179 ], [ 76.354551164364622, 11.868599486019798 ], [ 76.354561478563397, 11.868597114849848 ], [ 76.355644642533434, 11.868377099755984 ], [ 76.355760819983075, 11.868360826598277 ], [ 76.356093154731539, 11.868277929816328 ], [ 76.356736811591205, 11.868111513563427 ] ] ] } },
{ "type": "Feature", "properties": { "OBJECTID": 31630, "KGISVillageID": 27780, "KGISVillageCode": "2608040020", "KGISVillageName": "Huralipura", "KGISHobliID": 462, "UniqueVillageCode": "2608040020_1", "Bhucode": "260501003023", "CensusVillageCode": "2957705573619109", "BhoomiVillageCode": "2608040020", "created_user": null, "created_date": null, "last_edited_user": "SURESHBV2", "last_edited_date": 1724226098000.0, "LGDGPCode": "219439", "LGDGPCode_Secondary": null, "Category": "Cadastral data available and has bhoomi linkage", "SHAPE.STArea()": 11395094.139795695, "SHAPE.STLength()": 13826.622898910657, "LGD_VillageCode": 619109.0, "_overlap_percent": 99.508498631492728, "_police_station": "Saragur PS", "_police_feature_index": "506", "_admin_layer": "Village", "_geometry_clipped": true }, "geometry": { "type": "Polygon", "coordinates": [ [ [ 76.325399824618444, 11.903360118864242 ], [ 76.325402247999051, 11.903359485438997 ], [ 76.327342262942196, 11.901358095229154 ], [ 76.332441079449822, 11.894263210679464 ], [ 76.337551127852834, 11.887163380942701 ], [ 76.337648396602333, 11.887028287844059 ], [ 76.337871130100993, 11.886718948027676 ], [ 76.337943573357023, 11.886618338930047 ], [ 76.337725980341645, 11.88632532320756 ], [ 76.334793947098078, 11.882376837978812 ], [ 76.327284307779522, 11.872381260601015 ], [ 76.321107107088281, 11.863577940545554 ], [ 76.319232552572274, 11.860802820840897 ], [ 76.319107881621193, 11.860608906304503 ], [ 76.319043227533356, 11.860508247430168 ], [ 76.318879403783498, 11.860989941420645 ], [ 76.318608652723171, 11.861490560646134 ], [ 76.318536851583318, 11.861649207855827 ], [ 76.317992869402843, 11.862851125511996 ], [ 76.317533537748005, 11.863696023496772 ], [ 76.316675430617309, 11.864695553156194 ], [ 76.316639082521789, 11.864781601450895 ], [ 76.316400949835398, 11.865349575296657 ], [ 76.316458907537751, 11.86581371779482 ], [ 76.316542402164544, 11.86648034092649 ], [ 76.31668120530945, 11.866764385449654 ], [ 76.316837752706121, 11.867083708599676 ], [ 76.317037218872528, 11.868016080285884 ], [ 76.317212787347415, 11.868836709801492 ], [ 76.316840704420812, 11.869054419650144 ], [ 76.315768461006428, 11.869681990106322 ], [ 76.314494992400483, 11.87043146388682 ], [ 76.314013045902897, 11.871026415850071 ], [ 76.313768168326035, 11.871854649057038 ], [ 76.313251351371022, 11.873050106696331 ], [ 76.312510758277611, 11.874764403386893 ], [ 76.311688277157643, 11.875129734385254 ], [ 76.308305876645548, 11.876674677109929 ], [ 76.307438325071288, 11.876942083902371 ], [ 76.304480439616583, 11.878681386156597 ], [ 76.30407972571119, 11.878917010501782 ], [ 76.30346523003432, 11.87927834003972 ], [ 76.302250855837499, 11.879992397715109 ], [ 76.301253433253152, 11.880310941982048 ], [ 76.300811094692719, 11.88045220975129 ], [ 76.300734366111769, 11.880454432756448 ], [ 76.29983480185895, 11.880480494409673 ], [ 76.299815244381975, 11.880769568459517 ], [ 76.299234020754596, 11.889360359837887 ], [ 76.303594004397212, 11.896626886793337 ], [ 76.309458828474291, 11.901219848237931 ], [ 76.309140082150833, 11.902063611245252 ], [ 76.314951081592227, 11.902593975232859 ], [ 76.325062166513831, 11.903282314603702 ], [ 76.325229679741511, 11.903354331017061 ], [ 76.325301960969242, 11.903335574381732 ], [ 76.325413628215259, 11.903306599583876 ], [ 76.325416052526563, 11.903305968866567 ], [ 76.325412581208937, 11.903311440653304 ], [ 76.325401821007418, 11.903352835819977 ], [ 76.325398055892919, 11.903360580188583 ], [ 76.325399824618444, 11.903360118864242 ] ] ] } },
{ "type": "Feature", "properties": { "OBJECTID": 21778, "KGISVillageID": 27785, "KGISVillageCode": "2608040024", "KGISVillageName": "Katavalu", "KGISHobliID": 462, "UniqueVillageCode": "2608040024_1", "Bhucode": "260501003028", "CensusVillageCode": "2957705573619097", "BhoomiVillageCode": "2608040024", "created_user": "SA", "created_date": 1556019584000.0, "last_edited_user": "SURESHBV2", "last_edited_date": 1724226098000.0, "LGDGPCode": "219450", "LGDGPCode_Secondary": null, "Category": "Cadastral data available and has bhoomi linkage", "SHAPE.STArea()": 11580134.612640506, "SHAPE.STLength()": 16779.081366373699, "LGD_VillageCode": 619097.0, "_overlap_percent": 99.921095292455789, "_police_station": "Saragur PS", "_police_feature_index": "506", "_admin_layer": "Village", "_geometry_clipped": true }, "geometry": { "type": "Polygon", "coordinates": [ [ [ 76.335728478085102, 11.922509155544448 ], [ 76.337050011810391, 11.922309780572107 ], [ 76.342844956874899, 11.918095543221304 ], [ 76.347026999886666, 11.915043124285544 ], [ 76.352071846490631, 11.911404898606447 ], [ 76.35443940868565, 11.914765646060609 ], [ 76.354650226167138, 11.914750078178482 ], [ 76.3558684695263, 11.914660295240795 ], [ 76.356073709948888, 11.914647630931864 ], [ 76.356425956527033, 11.91462592200706 ], [ 76.356491823406088, 11.914621869124767 ], [ 76.357189894639859, 11.914578919234255 ], [ 76.35867387633634, 11.914486023324445 ], [ 76.359122553277302, 11.914457897925239 ], [ 76.359801464851159, 11.914415808884419 ], [ 76.359957973079048, 11.914406254739008 ], [ 76.360171377100016, 11.914393347367639 ], [ 76.360927880753451, 11.914347609102959 ], [ 76.361325928087297, 11.914320093650236 ], [ 76.361818969196463, 11.91428281074222 ], [ 76.363436788317841, 11.914194043993744 ], [ 76.36354866294451, 11.914188498391256 ], [ 76.364260357028854, 11.914153219809414 ], [ 76.365637600309256, 11.914053513729773 ], [ 76.365678366993009, 11.914041181215413 ], [ 76.36576833956839, 11.914035098977759 ], [ 76.367742408271283, 11.913523362809332 ], [ 76.371884366018762, 11.912312481170401 ], [ 76.373918765618939, 11.911771167183261 ], [ 76.37415436800697, 11.911708476989087 ], [ 76.374217025906432, 11.911689489950307 ], [ 76.375637763317201, 11.911258966816042 ], [ 76.375552364863864, 11.911105190439988 ], [ 76.374719269295454, 11.909605022094588 ], [ 76.372946640408585, 11.906412949420622 ], [ 76.373010640286225, 11.905043644692531 ], [ 76.373014616131215, 11.904966063918998 ], [ 76.373005697204363, 11.904958746119391 ], [ 76.371379534245236, 11.903622094487353 ], [ 76.371485647222656, 11.901434832777623 ], [ 76.371544313335093, 11.899741065790774 ], [ 76.371566178952648, 11.899109765681175 ], [ 76.371567225527457, 11.899079550778515 ], [ 76.371609641733954, 11.897854924852501 ], [ 76.371467893158638, 11.896817628999026 ], [ 76.371448900093654, 11.896374680110174 ], [ 76.371390975438771, 11.89637671651281 ], [ 76.371360360035212, 11.896377792921728 ], [ 76.369253386407621, 11.896451870504764 ], [ 76.369184369249695, 11.89645429661328 ], [ 76.367823900038985, 11.896502120402337 ], [ 76.367304627318404, 11.896539107179972 ], [ 76.364750775429229, 11.896721000502943 ], [ 76.364271202339324, 11.896736237602985 ], [ 76.364055470952806, 11.89674312838161 ], [ 76.352336047980131, 11.896843795201596 ], [ 76.346493495697175, 11.896772665900851 ], [ 76.346230613231342, 11.89676936082147 ], [ 76.345392841054007, 11.896758789602721 ], [ 76.345208440893288, 11.896751243340361 ], [ 76.345003895818493, 11.89674286626496 ], [ 76.343564446520276, 11.896683812261413 ], [ 76.340887423903041, 11.896433188155889 ], [ 76.338158527671723, 11.888851314443119 ], [ 76.337551127852834, 11.887163380942701 ], [ 76.332441079449822, 11.894263210679464 ], [ 76.327342262942196, 11.901358095229154 ], [ 76.325402247999051, 11.903359485438997 ], [ 76.325398781340894, 11.903364971669706 ], [ 76.325388052813963, 11.90340646252421 ], [ 76.325361243680021, 11.90346183670383 ], [ 76.325312504525684, 11.903536886376807 ], [ 76.325236893959186, 11.903587221093803 ], [ 76.32520112542457, 11.903792472564877 ], [ 76.325220554837884, 11.904226618425101 ], [ 76.325349681114062, 11.90453196193477 ], [ 76.325423994021804, 11.904707689498952 ], [ 76.32571597958939, 11.9049999946768 ], [ 76.325855119784904, 11.905073837400041 ], [ 76.326051852956184, 11.905178242471031 ], [ 76.326211911716939, 11.905403364612935 ], [ 76.326176574779566, 11.905427730928807 ], [ 76.326199954166171, 11.905460608355385 ], [ 76.326070542806107, 11.905550215115749 ], [ 76.325843219560682, 11.905512172708754 ], [ 76.325493796320828, 11.905453692321508 ], [ 76.325272559776081, 11.9055411927972 ], [ 76.325226539750062, 11.905804580625519 ], [ 76.325224393401257, 11.905810553204221 ], [ 76.32521525233814, 11.905863373575071 ], [ 76.32503396089345, 11.906370933524826 ], [ 76.324881880084433, 11.906796787161321 ], [ 76.324707491999419, 11.906869930928778 ], [ 76.32460310834729, 11.906627931299825 ], [ 76.324409536633979, 11.906385967223926 ], [ 76.324060151077774, 11.906393496744546 ], [ 76.323696038556875, 11.906540414814151 ], [ 76.323540078221924, 11.906687217010838 ], [ 76.323461683363021, 11.906978580583841 ], [ 76.323468283454076, 11.907174659052201 ], [ 76.323587187562126, 11.907438251967369 ], [ 76.323988614009522, 11.907614038829166 ], [ 76.324397491576491, 11.907701969968222 ], [ 76.324761776785095, 11.90771667724813 ], [ 76.324903019559088, 11.907789917329541 ], [ 76.325036778849324, 11.908119406178164 ], [ 76.325014391022975, 11.908146531250525 ], [ 76.325029065523694, 11.908182570933421 ], [ 76.324836128913233, 11.908417384902709 ], [ 76.324472058858973, 11.908578988737363 ], [ 76.324320683648622, 11.908764312876896 ], [ 76.324313657843888, 11.908947190734684 ], [ 76.324456709697358, 11.909100373991082 ], [ 76.324627670370205, 11.909283440145138 ], [ 76.324804702990122, 11.909601094143918 ], [ 76.324783673078954, 11.909637968064244 ], [ 76.324799793882747, 11.909666811614347 ], [ 76.324697362954609, 11.909847394095326 ], [ 76.324467730601143, 11.91025221886734 ], [ 76.324486186029887, 11.910513411550031 ], [ 76.324798298416312, 11.911274896913136 ], [ 76.325088245407187, 11.911274947899447 ], [ 76.325400476393924, 11.911384824124099 ], [ 76.325701148270909, 11.911566897814387 ], [ 76.325798844524329, 11.911882599552145 ], [ 76.325990648670967, 11.912502397242193 ], [ 76.325998213414707, 11.912538272441049 ], [ 76.325998524514418, 11.912544867446041 ], [ 76.326009513806113, 11.912777163148895 ], [ 76.326014028441463, 11.912872600835543 ], [ 76.326014211495632, 11.91287645785955 ], [ 76.326425347654236, 11.915502544968486 ], [ 76.326733891841926, 11.917436791801311 ], [ 76.32682825964514, 11.917517399618969 ], [ 76.329975677167354, 11.91998278795049 ], [ 76.330220980050626, 11.920232234197769 ], [ 76.330342886125052, 11.920356199022809 ], [ 76.33568120826358, 11.922450775781547 ], [ 76.335606121741336, 11.922461440467448 ], [ 76.335728478085102, 11.922509155544448 ] ] ] } },
{ "type": "Feature", "properties": { "OBJECTID": 21602, "KGISVillageID": 27600, "KGISVillageCode": "2605050025", "KGISVillageName": "Kenchanahalli", "KGISHobliID": 53, "UniqueVillageCode": "2605050025_1", "Bhucode": "260501001033", "CensusVillageCode": "2957705573619048", "BhoomiVillageCode": "2605050025", "created_user": null, "created_date": null, "last_edited_user": null, "last_edited_date": null, "LGDGPCode": "219442", "LGDGPCode_Secondary": null, "Category": "Cadastral data available and has bhoomi linkage", "SHAPE.STArea()": 4247594.3323822552, "SHAPE.STLength()": 10599.897178436799, "LGD_VillageCode": 619048.0, "_overlap_percent": 0.50964068385556061, "_police_station": "Saragur PS", "_police_feature_index": "506", "_admin_layer": "Village", "_geometry_clipped": true }, "geometry": { "type": "MultiPolygon", "coordinates": [ [ [ [ 76.315849816041393, 11.93037996206664 ], [ 76.315898327756813, 11.930364683380303 ], [ 76.316281576149478, 11.930243981636307 ], [ 76.316518832719922, 11.930103408971402 ], [ 76.316892014865815, 11.929882300932322 ], [ 76.317247401031722, 11.930028951898793 ], [ 76.317257363095223, 11.930062245714403 ], [ 76.317284078264052, 11.930151534827811 ], [ 76.31730172164697, 11.930210502330327 ], [ 76.317518934085641, 11.930355353083913 ], [ 76.317675517026643, 11.930333090075854 ], [ 76.317879209545481, 11.930256783030242 ], [ 76.318104678908938, 11.930162432437259 ], [ 76.318235268601413, 11.930039821134825 ], [ 76.318285815079889, 11.929942701273944 ], [ 76.318347362211469, 11.929859883727822 ], [ 76.31840193794369, 11.929799596237157 ], [ 76.318210587637893, 11.92988606769646 ], [ 76.318014462837212, 11.929465231030191 ], [ 76.317833035160945, 11.929293950081371 ], [ 76.317682093565764, 11.92915145006052 ], [ 76.317407201748594, 11.929433790851451 ], [ 76.317113803811381, 11.929735138622886 ], [ 76.316705682992506, 11.929747613955298 ], [ 76.316068060550748, 11.929483747988902 ], [ 76.315838459725882, 11.929646961683114 ], [ 76.31565978182627, 11.930224626140195 ], [ 76.315456726896301, 11.930435384675713 ], [ 76.315849816041393, 11.93037996206664 ] ] ], [ [ [ 76.325312504525684, 11.903536886376807 ], [ 76.325361243680021, 11.90346183670383 ], [ 76.325388052813963, 11.90340646252421 ], [ 76.325398781340894, 11.903364971669706 ], [ 76.325402247999051, 11.903359485438997 ], [ 76.325399824618444, 11.903360118864242 ], [ 76.325398055892919, 11.903360580188583 ], [ 76.325374965321004, 11.903408074600776 ], [ 76.325326157314493, 11.903482932924726 ], [ 76.32524577989237, 11.903536230722574 ], [ 76.325236893959186, 11.903587221093803 ], [ 76.325312504525684, 11.903536886376807 ] ] ], [ [ [ 76.325493796320828, 11.905453692321508 ], [ 76.325843219560682, 11.905512172708754 ], [ 76.326070542806107, 11.905550215115749 ], [ 76.326199954166171, 11.905460608355385 ], [ 76.326176574779566, 11.905427730928807 ], [ 76.326082362250645, 11.905492694460152 ], [ 76.325855051410741, 11.905454549833745 ], [ 76.325505644042465, 11.905395919294881 ], [ 76.325282598614834, 11.905483737203047 ], [ 76.325272559776081, 11.9055411927972 ], [ 76.325493796320828, 11.905453692321508 ] ] ], [ [ [ 76.323540078221924, 11.906687217010838 ], [ 76.323696038556875, 11.906540414814151 ], [ 76.324060151077774, 11.906393496744546 ], [ 76.324409536633979, 11.906385967223926 ], [ 76.32460310834729, 11.906627931299825 ], [ 76.324707491999419, 11.906869930928778 ], [ 76.324881880084433, 11.906796787161321 ], [ 76.32503396089345, 11.906370933524826 ], [ 76.32521525233814, 11.905863373575071 ], [ 76.325224393401257, 11.905810553204221 ], [ 76.325044543332467, 11.906311016451419 ], [ 76.324891842052637, 11.906735945376813 ], [ 76.324717339750961, 11.906808813925968 ], [ 76.324613301299365, 11.906567189695302 ], [ 76.324420051591574, 11.906325546880996 ], [ 76.324070631750757, 11.906332805331134 ], [ 76.323706316490558, 11.906479169226779 ], [ 76.323550165112707, 11.906625567275626 ], [ 76.323460890151793, 11.906955015508506 ], [ 76.323461683363021, 11.906978580583841 ], [ 76.323540078221924, 11.906687217010838 ] ] ], [ [ [ 76.324472058858973, 11.908578988737363 ], [ 76.324836128913233, 11.908417384902709 ], [ 76.325029065523694, 11.908182570933421 ], [ 76.325014391022975, 11.908146531250525 ], [ 76.32484344018043, 11.908353655153613 ], [ 76.324479120358035, 11.908514662538179 ], [ 76.3243229626935, 11.908704990584198 ], [ 76.324320683648622, 11.908764312876896 ], [ 76.324472058858973, 11.908578988737363 ] ] ], [ [ [ 76.324697362954609, 11.909847394095326 ], [ 76.324799793882747, 11.909666811614347 ], [ 76.324783673078954, 11.909637968064244 ], [ 76.324701923263845, 11.909781308478021 ], [ 76.324463941122488, 11.910198587813294 ], [ 76.324467730601143, 11.91025221886734 ], [ 76.324697362954609, 11.909847394095326 ] ] ], [ [ [ 76.319489646560939, 11.926671520969306 ], [ 76.3194838906374, 11.926557735187757 ], [ 76.31951918927588, 11.926482481780713 ], [ 76.319458679838959, 11.926482259666026 ], [ 76.319467766639761, 11.926670989475063 ], [ 76.319489646560939, 11.926671520969306 ] ] ] ] } },
{ "type": "Feature", "properties": { "OBJECTID": 21598, "KGISVillageID": 27596, "KGISVillageCode": "2605050024", "KGISVillageName": "Kalasuru", "KGISHobliID": 53, "UniqueVillageCode": "2605050024_1", "Bhucode": "260501001029", "CensusVillageCode": "2957705573619047", "BhoomiVillageCode": "2605050024", "created_user": null, "created_date": null, "last_edited_user": null, "last_edited_date": null, "LGDGPCode": "219442", "LGDGPCode_Secondary": null, "Category": "Cadastral data available and has bhoomi linkage", "SHAPE.STArea()": 377369.02241555997, "SHAPE.STLength()": 3270.5354825907534, "LGD_VillageCode": 619047.0, "_overlap_percent": 0.017613340126259817, "_police_station": "Saragur PS", "_police_feature_index": "506", "_admin_layer": "Village", "_geometry_clipped": true }, "geometry": { "type": "Polygon", "coordinates": [ [ [ 76.326425347654236, 11.915502544968486 ], [ 76.326727287110515, 11.917431150120912 ], [ 76.326733891841926, 11.917436791801311 ], [ 76.326425347654236, 11.915502544968486 ] ] ] } },
{ "type": "Feature", "properties": { "OBJECTID": 21601, "KGISVillageID": 27599, "KGISVillageCode": "2605050022", "KGISVillageName": "Karawadi", "KGISHobliID": 53, "UniqueVillageCode": "2605050022_1", "Bhucode": "260501001032", "CensusVillageCode": "2957705573619046", "BhoomiVillageCode": "2605050022", "created_user": "SA", "created_date": 1556019584000.0, "last_edited_user": "SURESHBV2", "last_edited_date": 1724226134000.0, "LGDGPCode": "219442", "LGDGPCode_Secondary": null, "Category": "Cadastral data available and has bhoomi linkage", "SHAPE.STArea()": 602174.55595637998, "SHAPE.STLength()": 4710.9953706595797, "LGD_VillageCode": 619046.0, "_overlap_percent": 2.4190056811045424, "_police_station": "Saragur PS", "_police_feature_index": "506", "_admin_layer": "Village", "_geometry_clipped": true }, "geometry": { "type": "MultiPolygon", "coordinates": [ [ [ [ 76.3194838906374, 11.926557735187757 ], [ 76.319489646560939, 11.926671520969306 ], [ 76.319630612453039, 11.92667494499563 ], [ 76.3201375737397, 11.926670397154417 ], [ 76.320216996419163, 11.926669684724175 ], [ 76.321624141751002, 11.926657054836351 ], [ 76.321659071108982, 11.926656741661301 ], [ 76.32189785035699, 11.926654597903946 ], [ 76.322307704881851, 11.926650918046773 ], [ 76.322323295530992, 11.926651027443242 ], [ 76.32255598052879, 11.926652960412051 ], [ 76.322656466304565, 11.926653952055187 ], [ 76.323134956752938, 11.926657104609861 ], [ 76.323420750124967, 11.926654330815206 ], [ 76.323483146199209, 11.926653724635461 ], [ 76.323533382926698, 11.926653237092813 ], [ 76.323611843956868, 11.92665247578776 ], [ 76.323691823649185, 11.92665456524669 ], [ 76.323794264026262, 11.926657241614702 ], [ 76.323843872202985, 11.926658537187006 ], [ 76.323958589735085, 11.926661533679308 ], [ 76.325026700226246, 11.926689512052336 ], [ 76.325191651291391, 11.926693832093184 ], [ 76.325199007358748, 11.926656931038051 ], [ 76.325199592237553, 11.926629901594261 ], [ 76.323916128046406, 11.926594097892711 ], [ 76.323447386335047, 11.926581021490575 ], [ 76.323348816517338, 11.926578270741654 ], [ 76.323120579676186, 11.926571901786485 ], [ 76.32310528865149, 11.926571475487133 ], [ 76.320117343036586, 11.926488089857054 ], [ 76.319976617211708, 11.926484161343597 ], [ 76.319699248556759, 11.926483142732343 ], [ 76.31951918927588, 11.926482481780713 ], [ 76.3194838906374, 11.926557735187757 ] ] ], [ [ [ 76.327598065802576, 11.923342270750529 ], [ 76.328048500387325, 11.923316298628761 ], [ 76.329947841057617, 11.923206775892714 ], [ 76.330027383096407, 11.923202188794759 ], [ 76.330110448849354, 11.923197398780534 ], [ 76.331449609573426, 11.923120169507476 ], [ 76.331510591579089, 11.923111456563769 ], [ 76.332382607220836, 11.922986856938758 ], [ 76.33256838067885, 11.922960312616327 ], [ 76.333686236172852, 11.922800581417343 ], [ 76.335008931182202, 11.92261183542959 ], [ 76.335048868514477, 11.922606136389705 ], [ 76.335728478085102, 11.922509155544448 ], [ 76.335606121741336, 11.922461440467448 ], [ 76.333638714157757, 11.922740875222058 ], [ 76.331403266644998, 11.923058355240016 ], [ 76.326918858860481, 11.923311115805406 ], [ 76.327598065802576, 11.923342270750529 ] ] ] ] } },
{ "type": "Feature", "properties": { "OBJECTID": 21594, "KGISVillageID": 27592, "KGISVillageCode": "2605050021", "KGISVillageName": "Jaganakote", "KGISHobliID": 53, "UniqueVillageCode": "2605050021_1", "Bhucode": "260501001024", "CensusVillageCode": "2957705573619044", "BhoomiVillageCode": "2605050021", "created_user": null, "created_date": null, "last_edited_user": null, "last_edited_date": null, "LGDGPCode": "219461", "LGDGPCode_Secondary": null, "Category": "Cadastral data available and has bhoomi linkage", "SHAPE.STArea()": 4120597.7762561501, "SHAPE.STLength()": 10709.034205823342, "LGD_VillageCode": 619044.0, "_overlap_percent": 0.73451378721167915, "_police_station": "Saragur PS", "_police_feature_index": "506", "_admin_layer": "Village", "_geometry_clipped": true }, "geometry": { "type": "MultiPolygon", "coordinates": [ [ [ [ 76.315255112992233, 11.951218437522639 ], [ 76.315557451577433, 11.950208472490752 ], [ 76.315996160113073, 11.950586052703812 ], [ 76.316010481601793, 11.950598760872579 ], [ 76.316046246158066, 11.950549250879556 ], [ 76.316120391365843, 11.950474007894398 ], [ 76.316413707149806, 11.950124892119369 ], [ 76.316141060378627, 11.949963847774272 ], [ 76.316019393575331, 11.949812491096072 ], [ 76.315273427497459, 11.950302669128694 ], [ 76.315255112954446, 11.951218437491336 ], [ 76.315255112992233, 11.951218437522639 ] ] ], [ [ [ 76.316647148662639, 11.937233021089435 ], [ 76.316792367726833, 11.937129207957474 ], [ 76.316963125916288, 11.937007138477844 ], [ 76.316995773049726, 11.936983799384862 ], [ 76.317038743736845, 11.936919672175637 ], [ 76.31707536867097, 11.93686501462224 ], [ 76.317017419542594, 11.936687069799813 ], [ 76.316902320866518, 11.936584573055175 ], [ 76.316877127828221, 11.9365621385636 ], [ 76.316758689644786, 11.93654307375307 ], [ 76.316563877343796, 11.936830686497531 ], [ 76.316487260400763, 11.93727022646304 ], [ 76.316510240717463, 11.937305661268562 ], [ 76.316647148662639, 11.937233021089435 ] ] ], [ [ [ 76.317325653553254, 11.941151793923902 ], [ 76.317345344509206, 11.940953460166446 ], [ 76.317353453241836, 11.94087178082339 ], [ 76.317351923624031, 11.940824763060766 ], [ 76.31711251966432, 11.941295989119617 ], [ 76.317250372286082, 11.941363894079597 ], [ 76.317325653553254, 11.941151793923902 ] ] ], [ [ [ 76.315388344524152, 11.946277461705089 ], [ 76.315596961919539, 11.946098868570925 ], [ 76.315598353691499, 11.94609767765564 ], [ 76.315612247756349, 11.946091519737838 ], [ 76.315627626150231, 11.946092691827328 ], [ 76.315915890670894, 11.946114662394082 ], [ 76.316049631820007, 11.946124855837871 ], [ 76.316277118022086, 11.946250060321701 ], [ 76.316469829155793, 11.946356124472192 ], [ 76.31680994365442, 11.946354531192426 ], [ 76.317252758766983, 11.946238827926605 ], [ 76.317543157352119, 11.946004231305865 ], [ 76.317737579420694, 11.945711831682219 ], [ 76.316936329275123, 11.945588411460607 ], [ 76.316281491882407, 11.945182156323748 ], [ 76.315541687422126, 11.945420617516262 ], [ 76.315304888723475, 11.946123329544902 ], [ 76.315373914664661, 11.94629209278334 ], [ 76.315388344524152, 11.946277461705089 ] ] ] ] } },
{ "type": "Feature", "properties": { "OBJECTID": 21759, "KGISVillageID": 27765, "KGISVillageCode": "2608040023", "KGISVillageName": "Badaga", "KGISHobliID": 462, "UniqueVillageCode": "2608040023_1", "Bhucode": "260501003006", "CensusVillageCode": "2957705573619100", "BhoomiVillageCode": "2608040023", "created_user": "SURESHBV1", "created_date": 1692267586000.0, "last_edited_user": "SURESHBV2", "last_edited_date": 1724226098000.0, "LGDGPCode": "219439", "LGDGPCode_Secondary": null, "Category": "Cadastral data available and has bhoomi linkage", "SHAPE.STArea()": 5572569.2312598396, "SHAPE.STLength()": 11181.306518310932, "LGD_VillageCode": 619100.0, "_overlap_percent": 99.999999999999972, "_police_station": "Saragur PS", "_police_feature_index": "506", "_admin_layer": "Village", "_geometry_clipped": true }, "geometry": { "type": "Polygon", "coordinates": [ [ [ 76.403548954814838, 11.902386992078261 ], [ 76.405090191823589, 11.902545027444257 ], [ 76.41130285364315, 11.900373864819537 ], [ 76.4094546492354, 11.897637953649902 ], [ 76.40459205693503, 11.884972634362484 ], [ 76.400825700630065, 11.885313685885317 ], [ 76.389703243750034, 11.888483994693576 ], [ 76.389041951698701, 11.888681783341973 ], [ 76.386961176525205, 11.889250592901435 ], [ 76.386498505872098, 11.889258801786797 ], [ 76.385399971274069, 11.889273642419342 ], [ 76.383706365647569, 11.8897165710744 ], [ 76.38089383801308, 11.891031677366254 ], [ 76.380351513691934, 11.891200405551531 ], [ 76.379538842204653, 11.892439916199463 ], [ 76.379365499771879, 11.892701938267658 ], [ 76.377820806326582, 11.893293080804151 ], [ 76.378147258860054, 11.895494959527358 ], [ 76.378294622435718, 11.896236328634796 ], [ 76.377959722949385, 11.896234216781602 ], [ 76.377839175172028, 11.896233456519429 ], [ 76.377573164177221, 11.896855797402127 ], [ 76.377574869833921, 11.896857796186636 ], [ 76.377591401080977, 11.896876465699197 ], [ 76.377629234384912, 11.896878207626839 ], [ 76.378348481451511, 11.896784499726916 ], [ 76.378730293988099, 11.896734753852922 ], [ 76.379009628775592, 11.89737633602773 ], [ 76.379254325141758, 11.897938355986421 ], [ 76.379407753655045, 11.898290749735303 ], [ 76.379424621317099, 11.898329491287912 ], [ 76.379447675623538, 11.898382442223747 ], [ 76.379890202421933, 11.898334029605687 ], [ 76.380437821916317, 11.89917042277783 ], [ 76.380506800657415, 11.899858625929348 ], [ 76.38052977917495, 11.900087879059797 ], [ 76.380549658489414, 11.900286210742753 ], [ 76.380551455587437, 11.90030413845245 ], [ 76.380817865712331, 11.902962063897391 ], [ 76.380852766868855, 11.903310254750835 ], [ 76.380866287711342, 11.903445147615974 ], [ 76.380929647184587, 11.904077250142349 ], [ 76.381019911067284, 11.904502007689274 ], [ 76.381316220477231, 11.906345874287167 ], [ 76.381363461256598, 11.906327036406442 ], [ 76.383695936048539, 11.905383857857393 ], [ 76.39711698928339, 11.9037572830418 ], [ 76.399124521722172, 11.903525491805071 ], [ 76.400949324828105, 11.903055409529868 ], [ 76.403548954814838, 11.902386992078261 ] ], [ [ 76.379592172965516, 11.892608752836516 ], [ 76.379880971672804, 11.892703563974466 ], [ 76.380056351390095, 11.892760741843475 ], [ 76.380571154337417, 11.892926805220563 ], [ 76.380516008040217, 11.892592679529288 ], [ 76.380522509481693, 11.891933308351931 ], [ 76.380526845462938, 11.891815744610287 ], [ 76.381432707934451, 11.891693512575577 ], [ 76.381767024325583, 11.891646757861364 ], [ 76.381802118852917, 11.891641849468407 ], [ 76.38166813505245, 11.891991903317644 ], [ 76.381743631111064, 11.892223074628998 ], [ 76.381898714590193, 11.89268128615084 ], [ 76.381900327475577, 11.892686548272071 ], [ 76.381893888702862, 11.892689489200759 ], [ 76.381842194776652, 11.892712989497923 ], [ 76.381491518470639, 11.892872410699473 ], [ 76.381236414891902, 11.893089288813499 ], [ 76.381153688236594, 11.893237956681219 ], [ 76.381098000700078, 11.893341504028559 ], [ 76.380887301718076, 11.893733280420594 ], [ 76.379258003484239, 11.894363077777472 ], [ 76.379108740429743, 11.894154306411364 ], [ 76.378987977465371, 11.893981623139361 ], [ 76.378947862432767, 11.893592092358249 ], [ 76.379444955446857, 11.893395846756409 ], [ 76.379474802522395, 11.893383576838463 ], [ 76.379480017738288, 11.893337118370834 ], [ 76.379592172965516, 11.892608752836516 ] ] ] } },
{ "type": "Feature", "properties": { "OBJECTID": 21800, "KGISVillageID": 27807, "KGISVillageCode": "2608040025", "KGISVillageName": "Vallahalli", "KGISHobliID": 462, "UniqueVillageCode": "2608040025_1", "Bhucode": "260501003048", "CensusVillageCode": "2957705573619096", "BhoomiVillageCode": "2608040025", "created_user": "SA", "created_date": 1556019584000.0, "last_edited_user": "SURESHBV2", "last_edited_date": 1724226112000.0, "LGDGPCode": "219439", "LGDGPCode_Secondary": null, "Category": "Cadastral data available and has bhoomi linkage", "SHAPE.STArea()": 1317377.4319706, "SHAPE.STLength()": 4865.6789239091149, "LGD_VillageCode": 619096.0, "_overlap_percent": 100.00000000000003, "_police_station": "Saragur PS", "_police_feature_index": "506", "_admin_layer": "Village", "_geometry_clipped": true }, "geometry": { "type": "Polygon", "coordinates": [ [ [ 76.379890202421933, 11.898334029605687 ], [ 76.379447675623538, 11.898382442223747 ], [ 76.379424621317099, 11.898329491287912 ], [ 76.379407753655045, 11.898290749735303 ], [ 76.379254325141758, 11.897938355986421 ], [ 76.379009628775592, 11.89737633602773 ], [ 76.378730293988099, 11.896734753852922 ], [ 76.378348481451511, 11.896784499726916 ], [ 76.377629234384912, 11.896878207626839 ], [ 76.377591401080977, 11.896876465699197 ], [ 76.377284478600131, 11.896862332979193 ], [ 76.377016549158071, 11.89684999594353 ], [ 76.376872387382164, 11.89684335722896 ], [ 76.376417713129655, 11.896832890997553 ], [ 76.37580571208369, 11.896818801772211 ], [ 76.375765148937219, 11.896821700118364 ], [ 76.375727961078709, 11.896824356879543 ], [ 76.375648902170497, 11.89683015250567 ], [ 76.375648846190387, 11.896830156395016 ], [ 76.375575717382659, 11.896835517145592 ], [ 76.375367378456204, 11.896780539716275 ], [ 76.374626001251272, 11.896584899438791 ], [ 76.37427119229811, 11.896528622143522 ], [ 76.374204161517895, 11.896517989941643 ], [ 76.374038833706379, 11.89649176683538 ], [ 76.373865134190282, 11.896464215574559 ], [ 76.373655519821028, 11.896456449105429 ], [ 76.37188018580116, 11.896390662974836 ], [ 76.371844430266052, 11.896389337805271 ], [ 76.371448900093654, 11.896374680110174 ], [ 76.371467893158638, 11.896817628999026 ], [ 76.371609641733954, 11.897854924852501 ], [ 76.371567225527457, 11.899079550778515 ], [ 76.371566178952648, 11.899109765681175 ], [ 76.371544313335093, 11.899741065790774 ], [ 76.371485647222656, 11.901434832777623 ], [ 76.371379534245236, 11.903622094487353 ], [ 76.373005697204363, 11.904958746119391 ], [ 76.373014616131215, 11.904966063918998 ], [ 76.373010640286225, 11.905043644692531 ], [ 76.372946640408585, 11.906412949420622 ], [ 76.374719269295454, 11.909605022094588 ], [ 76.375552364863864, 11.911105190439988 ], [ 76.375637763317201, 11.911258966816042 ], [ 76.37735435934502, 11.910738778788353 ], [ 76.377534156568501, 11.910684293060015 ], [ 76.3793478340218, 11.910262922208055 ], [ 76.380070019141399, 11.910095133274591 ], [ 76.379128475894717, 11.907838797401793 ], [ 76.379527286515554, 11.90765347680555 ], [ 76.381495668897585, 11.906753519240354 ], [ 76.381316220477231, 11.906345874287167 ], [ 76.381019911067284, 11.904502007689274 ], [ 76.380929647184587, 11.904077250142349 ], [ 76.380866287711342, 11.903445147615974 ], [ 76.380852766868855, 11.903310254750835 ], [ 76.380817865712331, 11.902962063897391 ], [ 76.380551455587437, 11.90030413845245 ], [ 76.380549658489414, 11.900286210742753 ], [ 76.38052977917495, 11.900087879059797 ], [ 76.380506800657415, 11.899858625929348 ], [ 76.380437821916317, 11.89917042277783 ], [ 76.379890202421933, 11.898334029605687 ] ] ] } },
{ "type": "Feature", "properties": { "OBJECTID": 21799, "KGISVillageID": 27806, "KGISVillageCode": "2608040026", "KGISVillageName": "Thelagamasahalli", "KGISHobliID": 462, "UniqueVillageCode": "2608040026_1", "Bhucode": "260501003047", "CensusVillageCode": "2957705573619083", "BhoomiVillageCode": "2608040026", "created_user": "SA", "created_date": 1556019584000.0, "last_edited_user": "SURESHBV2", "last_edited_date": 1724226112000.0, "LGDGPCode": "219450", "LGDGPCode_Secondary": null, "Category": "Cadastral data available and has bhoomi linkage", "SHAPE.STArea()": 2689704.5155180348, "SHAPE.STLength()": 7727.7538658119302, "LGD_VillageCode": 619083.0, "_overlap_percent": 99.999999999999915, "_police_station": "Saragur PS", "_police_feature_index": "506", "_admin_layer": "Village", "_geometry_clipped": true }, "geometry": { "type": "Polygon", "coordinates": [ [ [ 76.382770503517577, 11.909789449061043 ], [ 76.382625582179173, 11.909804578589847 ], [ 76.382568343804138, 11.909810835466237 ], [ 76.381579568391501, 11.909918917736556 ], [ 76.381100452156744, 11.909971287935594 ], [ 76.38018513882767, 11.910071335958301 ], [ 76.380161173896454, 11.910073954958447 ], [ 76.380070019141399, 11.910095133274591 ], [ 76.3793478340218, 11.910262922208055 ], [ 76.377534156568501, 11.910684293060015 ], [ 76.37735435934502, 11.910738778788353 ], [ 76.375637763317201, 11.911258966816042 ], [ 76.374217025906432, 11.911689489950307 ], [ 76.37415436800697, 11.911708476989087 ], [ 76.373918765618939, 11.911771167183261 ], [ 76.371884366018762, 11.912312481170401 ], [ 76.367742408271283, 11.913523362809332 ], [ 76.36576833956839, 11.914035098977759 ], [ 76.365678366993009, 11.914041181215413 ], [ 76.365637600309256, 11.914053513729773 ], [ 76.364260357028854, 11.914153219809414 ], [ 76.36354866294451, 11.914188498391256 ], [ 76.363436788317841, 11.914194043993744 ], [ 76.361818969196463, 11.91428281074222 ], [ 76.361325928087297, 11.914320093650236 ], [ 76.360927880753451, 11.914347609102959 ], [ 76.360171377100016, 11.914393347367639 ], [ 76.359957973079048, 11.914406254739008 ], [ 76.359801464851159, 11.914415808884419 ], [ 76.359122553277302, 11.914457897925239 ], [ 76.35867387633634, 11.914486023324445 ], [ 76.357189894639859, 11.914578919234255 ], [ 76.356491823406088, 11.914621869124767 ], [ 76.356425956527033, 11.91462592200706 ], [ 76.356073709948888, 11.914647630931864 ], [ 76.3558684695263, 11.914660295240795 ], [ 76.358485916638315, 11.917167729711943 ], [ 76.358938431235202, 11.917588118114306 ], [ 76.359050070170909, 11.917642819729958 ], [ 76.359089520824114, 11.917661964685349 ], [ 76.35960610983318, 11.91791265322639 ], [ 76.360381489650081, 11.918288923971243 ], [ 76.360794698283513, 11.9184894412625 ], [ 76.364272856369169, 11.920177249438224 ], [ 76.364556032409425, 11.920314660807758 ], [ 76.366063323410643, 11.921046064408328 ], [ 76.366080346131454, 11.92105432493471 ], [ 76.368680870142342, 11.922316183202707 ], [ 76.369272442810967, 11.922603227750677 ], [ 76.371279157568722, 11.923576918170209 ], [ 76.371281953628724, 11.923578275176013 ], [ 76.371333098125959, 11.923603091493318 ], [ 76.371961341337325, 11.923907920251917 ], [ 76.371967268479352, 11.923910796258893 ], [ 76.372349206717587, 11.924096114389092 ], [ 76.373416170587547, 11.924506993171985 ], [ 76.373774110498303, 11.924638795682657 ], [ 76.373783387693422, 11.924641996148098 ], [ 76.374617858629108, 11.924929860906284 ], [ 76.376358218774129, 11.925530217252978 ], [ 76.376393743077557, 11.925542471372971 ], [ 76.377430811175074, 11.925900212793888 ], [ 76.377988467579186, 11.926092577213337 ], [ 76.378358059747228, 11.926220067103605 ], [ 76.378385649720386, 11.926229584207752 ], [ 76.378474582743195, 11.926260261607238 ], [ 76.37847803907637, 11.926261453466983 ], [ 76.378862000553255, 11.926393899992362 ], [ 76.378968585927467, 11.925951388501385 ], [ 76.379034569366382, 11.925677445952752 ], [ 76.379093972227267, 11.925425980877385 ], [ 76.379258851517392, 11.924728015368531 ], [ 76.379758481453052, 11.922612963463155 ], [ 76.379790861695369, 11.922475110031199 ], [ 76.379828484478907, 11.922314938460293 ], [ 76.380866373719002, 11.917896284348602 ], [ 76.380881953607144, 11.917829953562826 ], [ 76.381241070543567, 11.916301041597464 ], [ 76.381644848033787, 11.914581973978345 ], [ 76.381674295142687, 11.914456604215317 ], [ 76.382770503517577, 11.909789449061043 ] ] ] } },
{ "type": "Feature", "properties": { "OBJECTID": 21766, "KGISVillageID": 27772, "KGISVillageCode": "2608040027", "KGISVillageName": "Devalapura", "KGISHobliID": 462, "UniqueVillageCode": "2608040027_1", "Bhucode": "260501003015", "CensusVillageCode": "2957705573619084", "BhoomiVillageCode": "2608040027", "created_user": "SA", "created_date": 1556019584000.0, "last_edited_user": "SURESHBV2", "last_edited_date": 1724226098000.0, "LGDGPCode": "219450", "LGDGPCode_Secondary": null, "Category": "Cadastral data available and has bhoomi linkage", "SHAPE.STArea()": 3855852.34108045, "SHAPE.STLength()": 9094.6706592253104, "LGD_VillageCode": 619084.0, "_overlap_percent": 100.00000000000004, "_police_station": "Saragur PS", "_police_feature_index": "506", "_admin_layer": "Village", "_geometry_clipped": true }, "geometry": { "type": "Polygon", "coordinates": [ [ [ 76.386268925969617, 11.930307258410002 ], [ 76.387161085591444, 11.930441023814565 ], [ 76.387640656725551, 11.93043077387528 ], [ 76.38766168906956, 11.930481985916069 ], [ 76.388017027297522, 11.930949878448589 ], [ 76.388425131414067, 11.931941740772727 ], [ 76.388477761466291, 11.932070992286636 ], [ 76.38851976717477, 11.932174331407692 ], [ 76.389391043670599, 11.931950197125362 ], [ 76.389481259061057, 11.931927448438998 ], [ 76.389549003722578, 11.931910439611551 ], [ 76.390365955275058, 11.931783177233752 ], [ 76.390477688954633, 11.931766919115764 ], [ 76.39080023682979, 11.931961082065342 ], [ 76.391565198126386, 11.931986152368944 ], [ 76.392286447336758, 11.932012065222779 ], [ 76.392603956504374, 11.932240144561366 ], [ 76.392756781160884, 11.932766068055207 ], [ 76.393005059026152, 11.933273201784749 ], [ 76.393245683945736, 11.933535251640734 ], [ 76.393299462918705, 11.933503351868559 ], [ 76.393372397012115, 11.933466038418556 ], [ 76.393590965647391, 11.933354217561204 ], [ 76.394018485851987, 11.93328440625074 ], [ 76.394577323704937, 11.933193151018898 ], [ 76.394692029743894, 11.933197943711637 ], [ 76.394620908025544, 11.932892694521435 ], [ 76.394548255417874, 11.932588775570879 ], [ 76.394592954854303, 11.932596810224529 ], [ 76.394595529622734, 11.93263871860387 ], [ 76.394608655279072, 11.932641575583808 ], [ 76.394897070429224, 11.932703443438269 ], [ 76.395167165881801, 11.932771749484919 ], [ 76.395179639272357, 11.932728568573433 ], [ 76.395190999331604, 11.932704312299048 ], [ 76.395273903725354, 11.932527291422364 ], [ 76.395275760137054, 11.932523328603898 ], [ 76.395414076086922, 11.932220489214984 ], [ 76.395442745270117, 11.932157717581269 ], [ 76.395464103470601, 11.93211095487097 ], [ 76.39558724035065, 11.931678331773679 ], [ 76.395930794942188, 11.931392736037996 ], [ 76.396028698968919, 11.931311348204904 ], [ 76.396102650004181, 11.931352396134024 ], [ 76.396146320642558, 11.931220775444716 ], [ 76.396429413053383, 11.930367544253055 ], [ 76.3964513305217, 11.930301485313999 ], [ 76.396589876046278, 11.929883915563259 ], [ 76.396679462965011, 11.929589243821187 ], [ 76.396714449992672, 11.929305607208281 ], [ 76.396773337712062, 11.929304681178321 ], [ 76.396773906707239, 11.929285619110345 ], [ 76.396799326470116, 11.928433996501937 ], [ 76.396816379918164, 11.927862669738081 ], [ 76.396854637423161, 11.927865937138508 ], [ 76.396854168874185, 11.927827308350958 ], [ 76.396843887424538, 11.92778688661906 ], [ 76.396818980872084, 11.927497756491228 ], [ 76.396815366300885, 11.927455791830697 ], [ 76.396818452100291, 11.927445563849883 ], [ 76.396878967155061, 11.927244952952282 ], [ 76.397109952289597, 11.926859558593753 ], [ 76.397111517699656, 11.926765211134297 ], [ 76.397111544807601, 11.926764229151638 ], [ 76.397112169827935, 11.926741405766021 ], [ 76.397141260746523, 11.926479039224828 ], [ 76.397143394216229, 11.926459799420924 ], [ 76.397152343181276, 11.926379092475893 ], [ 76.397163379104825, 11.926279566362126 ], [ 76.397202290273086, 11.925967176273947 ], [ 76.397213360855702, 11.925883931849755 ], [ 76.397220937509815, 11.925826959711014 ], [ 76.397220340575103, 11.925822264991632 ], [ 76.397221328284971, 11.925814336593096 ], [ 76.397230657339378, 11.925736501881108 ], [ 76.397233864178276, 11.925709747329071 ], [ 76.39725774371739, 11.925510512539638 ], [ 76.397269196547697, 11.925414956047804 ], [ 76.397283690656423, 11.925304068172567 ], [ 76.39775047440051, 11.923401628264191 ], [ 76.398170371291982, 11.920644393003812 ], [ 76.398214516104844, 11.92034632488606 ], [ 76.398051866343764, 11.920329926497155 ], [ 76.393321816379725, 11.915560820291239 ], [ 76.390928606387462, 11.913292260775895 ], [ 76.389742330288826, 11.912704276996431 ], [ 76.38278318063017, 11.909795159560861 ], [ 76.382770503517577, 11.909789449061043 ], [ 76.381674295142687, 11.914456604215317 ], [ 76.381644848033787, 11.914581973978345 ], [ 76.381241070543567, 11.916301041597464 ], [ 76.380881953607144, 11.917829953562826 ], [ 76.380866373719002, 11.917896284348602 ], [ 76.379828484478907, 11.922314938460293 ], [ 76.379790861695369, 11.922475110031199 ], [ 76.379758481453052, 11.922612963463155 ], [ 76.379258851517392, 11.924728015368531 ], [ 76.379093972227267, 11.925425980877385 ], [ 76.379034569366382, 11.925677445952752 ], [ 76.379075204929777, 11.925694963679266 ], [ 76.379307163471253, 11.926408017350774 ], [ 76.379851929091387, 11.936383044114899 ], [ 76.379887418557388, 11.936892941377069 ], [ 76.380378620442315, 11.936091467520574 ], [ 76.380736652330299, 11.935501665755725 ], [ 76.38082383967047, 11.935358069764174 ], [ 76.381561314562617, 11.934144085521648 ], [ 76.382219765349745, 11.933044180651644 ], [ 76.382240444127518, 11.93301487931925 ], [ 76.382534070510161, 11.932940852709175 ], [ 76.383199719907168, 11.932725157187949 ], [ 76.383229479816819, 11.932715572977807 ], [ 76.383184862739967, 11.932672510324943 ], [ 76.383120776944921, 11.932601662720124 ], [ 76.383014321904639, 11.932483973070104 ], [ 76.382757697099748, 11.931488917317731 ], [ 76.382757691300341, 11.931477265297305 ], [ 76.382747843476295, 11.931433091416071 ], [ 76.38274781636521, 11.931432995714642 ], [ 76.382714782994924, 11.9313171284753 ], [ 76.38274026268418, 11.931311765814607 ], [ 76.383789004756849, 11.931091043016711 ], [ 76.384127921469016, 11.930857782749197 ], [ 76.38417078757881, 11.93074937913488 ], [ 76.384190723518955, 11.930698962473066 ], [ 76.384546858643589, 11.930606218208387 ], [ 76.385200622427334, 11.930481662511065 ], [ 76.385743920094754, 11.930319001796988 ], [ 76.386069527929422, 11.930311775630784 ], [ 76.386268925969617, 11.930307258410002 ] ] ] } },
{ "type": "Feature", "properties": { "OBJECTID": 21769, "KGISVillageID": 27775, "KGISVillageCode": "2608040029", "KGISVillageName": "Hegganuru", "KGISHobliID": 462, "UniqueVillageCode": "2608040029_1", "Bhucode": "260501003018", "CensusVillageCode": "2957705573619080", "BhoomiVillageCode": "2608040029", "created_user": "SA", "created_date": 1556019584000.0, "last_edited_user": "SURESHBV2", "last_edited_date": 1724226098000.0, "LGDGPCode": "219450", "LGDGPCode_Secondary": null, "Category": "Cadastral data available and has bhoomi linkage", "SHAPE.STArea()": 6187798.4736054996, "SHAPE.STLength()": 11901.845893006317, "LGD_VillageCode": 619080.0, "_overlap_percent": 99.999999999999972, "_police_station": "Saragur PS", "_police_feature_index": "506", "_admin_layer": "Village", "_geometry_clipped": true }, "geometry": { "type": "Polygon", "coordinates": [ [ [ 76.382139601702718, 11.953763749356462 ], [ 76.382142407507132, 11.953766410780787 ], [ 76.382079230242979, 11.953545806729514 ], [ 76.382069561805778, 11.953512047306379 ], [ 76.382042723320438, 11.95341833291814 ], [ 76.382035926536048, 11.953394600293608 ], [ 76.381912726938225, 11.953281709364411 ], [ 76.381885805493241, 11.953257040543734 ], [ 76.381762756420173, 11.953128911098204 ], [ 76.381691023005246, 11.953054216434813 ], [ 76.381662677653267, 11.953024700480219 ], [ 76.381585052573911, 11.952944485397461 ], [ 76.381526643545982, 11.952884650931331 ], [ 76.381444184600255, 11.952800179564814 ], [ 76.381405721018396, 11.952733818830852 ], [ 76.38131153196656, 11.952571315281109 ], [ 76.381208748032833, 11.952339361209278 ], [ 76.381144653931884, 11.952280667537291 ], [ 76.380911510818848, 11.952067167667778 ], [ 76.380808921376172, 11.951873465808239 ], [ 76.380759418285308, 11.951820656521344 ], [ 76.380649672554355, 11.951703582403109 ], [ 76.380505411245451, 11.951542452873031 ], [ 76.380456701887823, 11.951366140431389 ], [ 76.380515947413926, 11.95126286145117 ], [ 76.380463702085663, 11.951209019523022 ], [ 76.380411379247377, 11.951155098402786 ], [ 76.380410803275637, 11.951154504526583 ], [ 76.380296447255205, 11.951063805588571 ], [ 76.380256869425452, 11.951093643670399 ], [ 76.380247978991818, 11.951077267981246 ], [ 76.380222945445695, 11.951031155272998 ], [ 76.379672159022348, 11.950568662858263 ], [ 76.379517740381331, 11.95043899824932 ], [ 76.379249371029687, 11.950213648701952 ], [ 76.379243877922832, 11.950209035821949 ], [ 76.379243795025872, 11.950207715337719 ], [ 76.379218343187759, 11.949802912536367 ], [ 76.379438179804296, 11.94889445437696 ], [ 76.37996180596447, 11.946730581124632 ], [ 76.380094623114346, 11.946181715765009 ], [ 76.3802747908058, 11.945571921963078 ], [ 76.380623688681922, 11.944391037052743 ], [ 76.381196050512457, 11.942404059318429 ], [ 76.381834265111692, 11.940136844316147 ], [ 76.381884269742045, 11.939956804650265 ], [ 76.381960030457222, 11.939672716581768 ], [ 76.379948721243181, 11.937756065460279 ], [ 76.37989200271187, 11.936957679663625 ], [ 76.379887418557388, 11.936892941377069 ], [ 76.379851929091387, 11.936383044114899 ], [ 76.379307163471253, 11.926408017350774 ], [ 76.379075204929777, 11.925694963679266 ], [ 76.379034569366382, 11.925677445952752 ], [ 76.378968585927467, 11.925951388501385 ], [ 76.378862000553255, 11.926393899992362 ], [ 76.37847803907637, 11.926261453466983 ], [ 76.378474582743195, 11.926260261607238 ], [ 76.378385649720386, 11.926229584207752 ], [ 76.378358059747228, 11.926220067103605 ], [ 76.377988467579186, 11.926092577213337 ], [ 76.377430811175074, 11.925900212793888 ], [ 76.376393743077557, 11.925542471372971 ], [ 76.376358218774129, 11.925530217252978 ], [ 76.374617858629108, 11.924929860906284 ], [ 76.373783387693422, 11.924641996148098 ], [ 76.373774110498303, 11.924638795682657 ], [ 76.373416170587547, 11.924506993171985 ], [ 76.372349206717587, 11.924096114389092 ], [ 76.371967268479352, 11.923910796258893 ], [ 76.371961341337325, 11.923907920251917 ], [ 76.371333098125959, 11.923603091493318 ], [ 76.371281953628724, 11.923578275176013 ], [ 76.371279157568722, 11.923576918170209 ], [ 76.369272442810967, 11.922603227750677 ], [ 76.368680870142342, 11.922316183202707 ], [ 76.366080346131454, 11.92105432493471 ], [ 76.366063323410643, 11.921046064408328 ], [ 76.364556032409425, 11.920314660807758 ], [ 76.364272856369169, 11.920177249438224 ], [ 76.360794698283513, 11.9184894412625 ], [ 76.360381489650081, 11.918288923971243 ], [ 76.35960610983318, 11.91791265322639 ], [ 76.359089520824114, 11.917661964685349 ], [ 76.359050070170909, 11.917642819729958 ], [ 76.356466499017088, 11.920474585586701 ], [ 76.361092126162958, 11.927431975299024 ], [ 76.360642909713746, 11.928097676023942 ], [ 76.36007864412079, 11.928823901750871 ], [ 76.359516452540262, 11.929550697041739 ], [ 76.358967636145096, 11.930262516330224 ], [ 76.358448037596418, 11.931029772967293 ], [ 76.357950657272596, 11.931750341071625 ], [ 76.35745670939572, 11.93246872392006 ], [ 76.357002895421658, 11.933145598378879 ], [ 76.358036392095315, 11.934279206943069 ], [ 76.358094689624153, 11.934388365203754 ], [ 76.359242077920769, 11.935327165241588 ], [ 76.360329709175303, 11.936375759720409 ], [ 76.360398086112696, 11.936444464007675 ], [ 76.361448568192827, 11.937502112981955 ], [ 76.362477791370978, 11.938527525607748 ], [ 76.362728150176622, 11.939061033200819 ], [ 76.362990487442787, 11.939629763359346 ], [ 76.363291243927833, 11.940271502463226 ], [ 76.363594256750474, 11.940925488006755 ], [ 76.363878783415572, 11.941502177521578 ], [ 76.364160138045861, 11.942181043309292 ], [ 76.365584032113858, 11.944931424156239 ], [ 76.366026422522722, 11.945688081396135 ], [ 76.368714721446452, 11.948378188254928 ], [ 76.369527264649165, 11.949205557786664 ], [ 76.370071128481712, 11.949683837410625 ], [ 76.371197756775274, 11.950583401797937 ], [ 76.371276295618742, 11.950624579222733 ], [ 76.371283228138097, 11.950628234129656 ], [ 76.372841007879401, 11.951507725340067 ], [ 76.372848303057097, 11.951496609006744 ], [ 76.372957737424045, 11.951330660472575 ], [ 76.373012945082365, 11.951225229046878 ], [ 76.373059839859678, 11.95101555088303 ], [ 76.375103054620809, 11.951178105850598 ], [ 76.375115587027778, 11.951179148419298 ], [ 76.375442805423944, 11.950902287367986 ], [ 76.375767322242652, 11.950623700640644 ], [ 76.375812490500209, 11.950584566918527 ], [ 76.376013014458408, 11.950409738798298 ], [ 76.376202140009482, 11.950443831983719 ], [ 76.378045221500727, 11.950753854693744 ], [ 76.378818141869147, 11.950883862303428 ], [ 76.378943957186621, 11.950905024611943 ], [ 76.378964440038771, 11.950908546812038 ], [ 76.379023620488525, 11.950918724019003 ], [ 76.379090295783485, 11.950965257190994 ], [ 76.379502797026561, 11.9512531454975 ], [ 76.379537011894897, 11.951287883912773 ], [ 76.379642466960945, 11.951394954037118 ], [ 76.379737548093757, 11.951485150299158 ], [ 76.379887574585155, 11.951627467464425 ], [ 76.380285180382117, 11.952004642382315 ], [ 76.380554730975405, 11.952260339993465 ], [ 76.380634355565547, 11.952335872297111 ], [ 76.381420931342305, 11.953120323547036 ], [ 76.381940451945908, 11.953638436445521 ], [ 76.382192344901185, 11.953889645155114 ], [ 76.382155953064157, 11.953802779338361 ], [ 76.382139601702718, 11.953763749356462 ] ] ] } },
{ "type": "Feature", "properties": { "OBJECTID": 21787, "KGISVillageID": 27794, "KGISVillageCode": "2608040030", "KGISVillageName": "Mallarajapura", "KGISHobliID": 462, "UniqueVillageCode": "2608040030_1", "Bhucode": "260501003037", "CensusVillageCode": "2957705573619082", "BhoomiVillageCode": "2608040030", "created_user": "SA", "created_date": 1556019584000.0, "last_edited_user": "SURESHBV2", "last_edited_date": 1724226098000.0, "LGDGPCode": "219450", "LGDGPCode_Secondary": null, "Category": "Cadastral data available and has bhoomi linkage", "SHAPE.STArea()": 1520122.0366021099, "SHAPE.STLength()": 5264.568063215449, "LGD_VillageCode": 619082.0, "_overlap_percent": 100.0, "_police_station": "Saragur PS", "_police_feature_index": "506", "_admin_layer": "Village", "_geometry_clipped": true }, "geometry": { "type": "Polygon", "coordinates": [ [ [ 76.394417785706892, 11.94014666675036 ], [ 76.394549086984298, 11.939885092604239 ], [ 76.394688605051144, 11.939611743405116 ], [ 76.394760016801925, 11.939473835541607 ], [ 76.394678971057488, 11.939125896568813 ], [ 76.394829246029957, 11.9389087585957 ], [ 76.395170372395313, 11.93848882446539 ], [ 76.39513182058954, 11.937957968792889 ], [ 76.395081690776792, 11.937267674425987 ], [ 76.395077046289884, 11.937199921911086 ], [ 76.395105413463241, 11.936678494848616 ], [ 76.395248425330692, 11.935905897285286 ], [ 76.395202615835402, 11.935880380375018 ], [ 76.394475008181274, 11.935491415366089 ], [ 76.394582131803347, 11.935348884232081 ], [ 76.394604741680908, 11.935318801349203 ], [ 76.394551750589187, 11.935294544969565 ], [ 76.394575269060098, 11.935167957064056 ], [ 76.394675721910673, 11.934627274206639 ], [ 76.394716141342414, 11.934433845848218 ], [ 76.39475248293671, 11.934259930019744 ], [ 76.394759186509049, 11.934191192703164 ], [ 76.394770572232204, 11.934074434607741 ], [ 76.39477677762001, 11.93401079795948 ], [ 76.394786107948974, 11.933915115496401 ], [ 76.394948532967405, 11.933417692841921 ], [ 76.394996695560422, 11.93327019484749 ], [ 76.395016300903393, 11.933208477152089 ], [ 76.39503152389652, 11.93317206604404 ], [ 76.395096254440631, 11.933017236846085 ], [ 76.395167165881801, 11.932771749484919 ], [ 76.394897070429224, 11.932703443438269 ], [ 76.394608655279072, 11.932641575583808 ], [ 76.394595529622734, 11.93263871860387 ], [ 76.394592954854303, 11.932596810224529 ], [ 76.394548255417874, 11.932588775570879 ], [ 76.394620908025544, 11.932892694521435 ], [ 76.394692029743894, 11.933197943711637 ], [ 76.394577323704937, 11.933193151018898 ], [ 76.394018485851987, 11.93328440625074 ], [ 76.393590965647391, 11.933354217561204 ], [ 76.393372397012115, 11.933466038418556 ], [ 76.393299462918705, 11.933503351868559 ], [ 76.393245683945736, 11.933535251640734 ], [ 76.393005059026152, 11.933273201784749 ], [ 76.392756781160884, 11.932766068055207 ], [ 76.392603956504374, 11.932240144561366 ], [ 76.392286447336758, 11.932012065222779 ], [ 76.391565198126386, 11.931986152368944 ], [ 76.39080023682979, 11.931961082065342 ], [ 76.390477688954633, 11.931766919115764 ], [ 76.390365955275058, 11.931783177233752 ], [ 76.389549003722578, 11.931910439611551 ], [ 76.389481259061057, 11.931927448438998 ], [ 76.389391043670599, 11.931950197125362 ], [ 76.38851976717477, 11.932174331407692 ], [ 76.388477761466291, 11.932070992286636 ], [ 76.388425131414067, 11.931941740772727 ], [ 76.388017027297522, 11.930949878448589 ], [ 76.38766168906956, 11.930481985916069 ], [ 76.387640656725551, 11.93043077387528 ], [ 76.387161085591444, 11.930441023814565 ], [ 76.386268925969617, 11.930307258410002 ], [ 76.386069527929422, 11.930311775630784 ], [ 76.385743920094754, 11.930319001796988 ], [ 76.385200622427334, 11.930481662511065 ], [ 76.384546858643589, 11.930606218208387 ], [ 76.384190723518955, 11.930698962473066 ], [ 76.38417078757881, 11.93074937913488 ], [ 76.384127921469016, 11.930857782749197 ], [ 76.383789004756849, 11.931091043016711 ], [ 76.38274026268418, 11.931311765814607 ], [ 76.382714782994924, 11.9313171284753 ], [ 76.38274781636521, 11.931432995714642 ], [ 76.382747843476295, 11.931433091416071 ], [ 76.382757691300341, 11.931477265297305 ], [ 76.382757697099748, 11.931488917317731 ], [ 76.383014321904639, 11.932483973070104 ], [ 76.383120776944921, 11.932601662720124 ], [ 76.383184862739967, 11.932672510324943 ], [ 76.383229479816819, 11.932715572977807 ], [ 76.383199719907168, 11.932725157187949 ], [ 76.382534070510161, 11.932940852709175 ], [ 76.382240444127518, 11.93301487931925 ], [ 76.382219765349745, 11.933044180651644 ], [ 76.381561314562617, 11.934144085521648 ], [ 76.38082383967047, 11.935358069764174 ], [ 76.380736652330299, 11.935501665755725 ], [ 76.380378620442315, 11.936091467520574 ], [ 76.379887418557388, 11.936892941377069 ], [ 76.37989200271187, 11.936957679663625 ], [ 76.379948721243181, 11.937756065460279 ], [ 76.381960030457222, 11.939672716581768 ], [ 76.381884269742045, 11.939956804650265 ], [ 76.386520783300014, 11.941023851536908 ], [ 76.386962396051175, 11.941063655327957 ], [ 76.387475641757092, 11.941163149728728 ], [ 76.387563419595395, 11.941175711167915 ], [ 76.387745873032969, 11.941201821547788 ], [ 76.387798026480823, 11.941209285132324 ], [ 76.387859924247721, 11.941218143549518 ], [ 76.38802572738696, 11.941241870451917 ], [ 76.388066736212252, 11.94124773902252 ], [ 76.388545104282997, 11.94132172266732 ], [ 76.388915497655972, 11.941381181120445 ], [ 76.389335347710485, 11.941472373528489 ], [ 76.389370394486448, 11.941479965641832 ], [ 76.389455918198522, 11.941515918477913 ], [ 76.389867132581003, 11.941504349604225 ], [ 76.390328052520275, 11.941510142546583 ], [ 76.390728860690359, 11.941551232387159 ], [ 76.39089035736724, 11.941567302162522 ], [ 76.391248064184026, 11.941605397629804 ], [ 76.391411771198776, 11.941622958770509 ], [ 76.394417785706892, 11.94014666675036 ] ] ] } },
{ "type": "Feature", "properties": { "OBJECTID": 21840, "KGISVillageID": 27847, "KGISVillageCode": "2608030046", "KGISVillageName": "Masahalli", "KGISHobliID": 881, "UniqueVillageCode": "2608030046_1", "Bhucode": "260501005038", "CensusVillageCode": "2957705573618992", "BhoomiVillageCode": "2608030046", "created_user": "SA", "created_date": 1556019584000.0, "last_edited_user": "SURESHBV2", "last_edited_date": 1724226113000.0, "LGDGPCode": "219448", "LGDGPCode_Secondary": null, "Category": "Cadastral data available and has bhoomi linkage", "SHAPE.STArea()": 4908448.5522824051, "SHAPE.STLength()": 11844.390349179701, "LGD_VillageCode": 618992.0, "_overlap_percent": 100.00000000000003, "_police_station": "Saragur PS", "_police_feature_index": "506", "_admin_layer": "Village", "_geometry_clipped": true }, "geometry": { "type": "Polygon", "coordinates": [ [ [ 76.400930704371177, 11.960880353516819 ], [ 76.400940191328004, 11.960799322998056 ], [ 76.400961958232443, 11.960328250919785 ], [ 76.400977327113822, 11.959995645400252 ], [ 76.401000223467889, 11.959500132763649 ], [ 76.401007149419712, 11.959350234022027 ], [ 76.401021578140245, 11.959037980687633 ], [ 76.401040759958619, 11.958622858586198 ], [ 76.401041811715544, 11.958588859458699 ], [ 76.401042575420007, 11.95785163506668 ], [ 76.40104260347168, 11.957824971428199 ], [ 76.401026242080192, 11.957218076023134 ], [ 76.401021631210767, 11.957047051933687 ], [ 76.401116106769919, 11.956981359330845 ], [ 76.401387166756919, 11.95679287860999 ], [ 76.402121144515803, 11.956135985616173 ], [ 76.404540026995392, 11.954086697447877 ], [ 76.404566126164269, 11.954062304737988 ], [ 76.406956890732474, 11.952503924777533 ], [ 76.407191587960966, 11.952353909662326 ], [ 76.407216296169935, 11.952338149643639 ], [ 76.407402612517274, 11.952478018442319 ], [ 76.40761130941334, 11.952402758708232 ], [ 76.407608985330882, 11.952052745354573 ], [ 76.407459800099446, 11.952005756832884 ], [ 76.407502563402062, 11.950432834345825 ], [ 76.407522226975217, 11.949431364014492 ], [ 76.407523650723078, 11.949278814164103 ], [ 76.406302072334341, 11.949119019025165 ], [ 76.406297705461924, 11.949102842277536 ], [ 76.406285331745252, 11.949057275623382 ], [ 76.406243860969582, 11.948719532041929 ], [ 76.404707348892956, 11.948639760748982 ], [ 76.403615266432965, 11.9487204301766 ], [ 76.403579630358053, 11.948699730880296 ], [ 76.40273621771982, 11.948209830492864 ], [ 76.402761443708272, 11.947902304961968 ], [ 76.402833445743838, 11.947055103725585 ], [ 76.402837730282272, 11.947004687313227 ], [ 76.402844577724352, 11.946928994144132 ], [ 76.402723336060362, 11.945090380922398 ], [ 76.402726855423992, 11.944570017284981 ], [ 76.40272699112694, 11.944550000897561 ], [ 76.40272708792628, 11.944540800366292 ], [ 76.40272743920724, 11.944507545176423 ], [ 76.402671620938662, 11.943310520902555 ], [ 76.402789280254012, 11.943280176497925 ], [ 76.404685850178595, 11.942796816417619 ], [ 76.405736336268902, 11.942538817762232 ], [ 76.406266723734902, 11.942408552701723 ], [ 76.406630861843084, 11.942319119153927 ], [ 76.406635545856517, 11.942317957467329 ], [ 76.406636932486691, 11.942317461416108 ], [ 76.406639077061783, 11.942316875683975 ], [ 76.406759499297934, 11.942284805342839 ], [ 76.406918395503553, 11.942242412077579 ], [ 76.407362254461134, 11.942072333341603 ], [ 76.407740274049885, 11.94192684401232 ], [ 76.407714282576563, 11.941879373751608 ], [ 76.407746201049861, 11.941863237740991 ], [ 76.407831268403825, 11.941790716852518 ], [ 76.40801068699129, 11.941637760214558 ], [ 76.408153872958025, 11.941515601088994 ], [ 76.40906531605583, 11.9407340185133 ], [ 76.40917025324147, 11.940043253696071 ], [ 76.409190646862385, 11.939911868475573 ], [ 76.409572201767489, 11.93797198164693 ], [ 76.409601098507707, 11.937796967583942 ], [ 76.409705448979679, 11.937164954360989 ], [ 76.409820113841619, 11.93647046557645 ], [ 76.409834847883033, 11.936381226679165 ], [ 76.40989951406651, 11.935874886574535 ], [ 76.409921774265541, 11.93569651632856 ], [ 76.40999955390221, 11.935073266699698 ], [ 76.410168659574495, 11.933917491926204 ], [ 76.410570588223038, 11.93146542098353 ], [ 76.410643768826432, 11.930920060971912 ], [ 76.410645209402674, 11.930902840765782 ], [ 76.409917584650032, 11.930478728498498 ], [ 76.409741696187496, 11.930376206981579 ], [ 76.40905184379298, 11.929974107419699 ], [ 76.40906833969936, 11.929947600040579 ], [ 76.408794525175367, 11.929764290328411 ], [ 76.408646243608914, 11.930232483180886 ], [ 76.40857339589266, 11.930462497023678 ], [ 76.408382705090716, 11.93106459643289 ], [ 76.40836424749574, 11.931104893766516 ], [ 76.408363585634078, 11.93110633820114 ], [ 76.408358796461172, 11.931116793579678 ], [ 76.408070092008572, 11.931587176282253 ], [ 76.408049279603901, 11.93162023276305 ], [ 76.408031071701785, 11.931649151743546 ], [ 76.407971097796789, 11.931738535619473 ], [ 76.407480283683441, 11.9323076280079 ], [ 76.406163313541114, 11.934160372833002 ], [ 76.406130060921782, 11.934209478455228 ], [ 76.40609612582567, 11.93425977546296 ], [ 76.405713243201035, 11.934838469085038 ], [ 76.405693970536944, 11.934833856877988 ], [ 76.405670653885792, 11.934874048186185 ], [ 76.405103847810466, 11.934722794499798 ], [ 76.405026331609903, 11.934702109080213 ], [ 76.404946856842272, 11.934687272049523 ], [ 76.404819502136505, 11.934863965638229 ], [ 76.404641461685301, 11.935010293372487 ], [ 76.404616434365465, 11.935073486942274 ], [ 76.404689676006939, 11.935100636375775 ], [ 76.40467486341997, 11.935125033147116 ], [ 76.40465667770502, 11.935154984328964 ], [ 76.404338933064651, 11.936245560440497 ], [ 76.404338585896738, 11.936251067194345 ], [ 76.404320370178013, 11.936540001295986 ], [ 76.404218570368144, 11.937255608004687 ], [ 76.404195599863542, 11.937415880901961 ], [ 76.402367566866261, 11.93717079597997 ], [ 76.400957192253173, 11.937021065636827 ], [ 76.400914318652539, 11.937016513707666 ], [ 76.400891407505867, 11.937013741955662 ], [ 76.400894326298101, 11.936989072777344 ], [ 76.400947173941631, 11.936542349002149 ], [ 76.40101354540478, 11.936466052829164 ], [ 76.399684203381867, 11.936469501349483 ], [ 76.399573263152192, 11.936449835130468 ], [ 76.399209389934768, 11.936385331041727 ], [ 76.398648807675826, 11.936203252534007 ], [ 76.398593085371189, 11.936185586940729 ], [ 76.397712897932223, 11.935906531887348 ], [ 76.396997072502529, 11.935632790125512 ], [ 76.396987476998774, 11.935665431322002 ], [ 76.396734863864083, 11.936532328209493 ], [ 76.396672568465704, 11.936555351137107 ], [ 76.396654823196016, 11.936608396641354 ], [ 76.396636403389053, 11.936669929525918 ], [ 76.396609751875872, 11.936759343998522 ], [ 76.396590165837111, 11.936825328109721 ], [ 76.396367824223532, 11.937511659566139 ], [ 76.396118996445864, 11.938336253748439 ], [ 76.396101234091901, 11.938397296949008 ], [ 76.395731133863436, 11.938540598726417 ], [ 76.395733665028359, 11.938864329245172 ], [ 76.395734437770457, 11.9389630942389 ], [ 76.395173492274338, 11.939419945394517 ], [ 76.394776848127279, 11.939733818863195 ], [ 76.394658897228283, 11.939826840459737 ], [ 76.394549086984298, 11.939885092604239 ], [ 76.394417785706892, 11.94014666675036 ], [ 76.391411771198776, 11.941622958770509 ], [ 76.391248064184026, 11.941605397629804 ], [ 76.39089035736724, 11.941567302162522 ], [ 76.390728860690359, 11.941551232387159 ], [ 76.390328052520275, 11.941510142546583 ], [ 76.389867132581003, 11.941504349604225 ], [ 76.389455918198522, 11.941515918477913 ], [ 76.389370394486448, 11.941479965641832 ], [ 76.388707955029844, 11.9458192299033 ], [ 76.388640458033038, 11.946238850441569 ], [ 76.388638162409791, 11.946253235128484 ], [ 76.388613848406536, 11.946405957903792 ], [ 76.388007533786265, 11.947692738380015 ], [ 76.387758190831804, 11.948230474132325 ], [ 76.387588176525128, 11.94868438064791 ], [ 76.387397507251777, 11.949089327312347 ], [ 76.386940958781949, 11.950058944361627 ], [ 76.386737212499639, 11.950491657766209 ], [ 76.386600056598496, 11.950782947986447 ], [ 76.386588378976995, 11.95141066939537 ], [ 76.386586868003036, 11.951491912777412 ], [ 76.3865962680688, 11.951794818795223 ], [ 76.386603743776945, 11.952035711369168 ], [ 76.386552175198887, 11.952297574802081 ], [ 76.386518806036733, 11.952467020105797 ], [ 76.386445233747438, 11.952840614789757 ], [ 76.386336594926959, 11.953392272864949 ], [ 76.386316538397352, 11.953530081353163 ], [ 76.386285426570538, 11.953748881971498 ], [ 76.386145290949898, 11.954734425652564 ], [ 76.386115059349407, 11.954946517128338 ], [ 76.385666650163074, 11.955298264043387 ], [ 76.385347219992852, 11.955548834827843 ], [ 76.385038411073921, 11.955791074097773 ], [ 76.385001712897179, 11.95583520058762 ], [ 76.384896503655142, 11.955961703715866 ], [ 76.384957095300294, 11.956001586667208 ], [ 76.385038920343689, 11.956055444409955 ], [ 76.385628035938723, 11.95729041778171 ], [ 76.385692209050617, 11.957514660088066 ], [ 76.386008338591026, 11.958619315213165 ], [ 76.386018152142441, 11.9586540202924 ], [ 76.38644003044719, 11.959132025098018 ], [ 76.386681365364964, 11.95926852645286 ], [ 76.386731273177801, 11.959275552521614 ], [ 76.387016305044028, 11.959315786418465 ], [ 76.387177754204785, 11.959319897146855 ], [ 76.387266955425389, 11.959421396110782 ], [ 76.38799077805254, 11.959436544427401 ], [ 76.38938723947966, 11.959873332775667 ], [ 76.390807232987171, 11.960484122390667 ], [ 76.391502094371901, 11.960417679057906 ], [ 76.393227335899155, 11.960206969654715 ], [ 76.393249283356951, 11.960204423297903 ], [ 76.395520528528436, 11.959917343352044 ], [ 76.395682050064977, 11.959971032925035 ], [ 76.396071973945752, 11.960328358699734 ], [ 76.397317654919036, 11.960604297515644 ], [ 76.397891939718306, 11.960729807177611 ], [ 76.398743499078591, 11.960960974350842 ], [ 76.398777192845841, 11.960901671541514 ], [ 76.400261003318462, 11.960953890264781 ], [ 76.400923417159689, 11.960942587825423 ], [ 76.400930704371177, 11.960880353516819 ] ] ] } },
{ "type": "Feature", "properties": { "OBJECTID": 21784, "KGISVillageID": 27791, "KGISVillageCode": "2608040039", "KGISVillageName": "Lingenahalli", "KGISHobliID": 462, "UniqueVillageCode": "2608040039_1", "Bhucode": "260501003034", "CensusVillageCode": "2957705573619081", "BhoomiVillageCode": "2608040039", "created_user": "SA", "created_date": 1556019584000.0, "last_edited_user": "SURESHBV2", "last_edited_date": 1724226098000.0, "LGDGPCode": "219450", "LGDGPCode_Secondary": null, "Category": "Cadastral data available and has bhoomi linkage", "SHAPE.STArea()": 1239829.28182504, "SHAPE.STLength()": 4673.8336970653208, "LGD_VillageCode": 619081.0, "_overlap_percent": 100.00000000000003, "_police_station": "Saragur PS", "_police_feature_index": "506", "_admin_layer": "Village", "_geometry_clipped": true }, "geometry": { "type": "Polygon", "coordinates": [ [ [ 76.386285426570538, 11.953748881971498 ], [ 76.386316538397352, 11.953530081353163 ], [ 76.386336594926959, 11.953392272864949 ], [ 76.386445233747438, 11.952840614789757 ], [ 76.386518806036733, 11.952467020105797 ], [ 76.386552175198887, 11.952297574802081 ], [ 76.386603743776945, 11.952035711369168 ], [ 76.3865962680688, 11.951794818795223 ], [ 76.386586868003036, 11.951491912777412 ], [ 76.386588378976995, 11.95141066939537 ], [ 76.386600056598496, 11.950782947986447 ], [ 76.386737212499639, 11.950491657766209 ], [ 76.386940958781949, 11.950058944361627 ], [ 76.387397507251777, 11.949089327312347 ], [ 76.387588176525128, 11.94868438064791 ], [ 76.387758190831804, 11.948230474132325 ], [ 76.388007533786265, 11.947692738380015 ], [ 76.388613848406536, 11.946405957903792 ], [ 76.388638162409791, 11.946253235128484 ], [ 76.388640458033038, 11.946238850441569 ], [ 76.388707955029844, 11.9458192299033 ], [ 76.389370394486448, 11.941479965641832 ], [ 76.389335347710485, 11.941472373528489 ], [ 76.388915497655972, 11.941381181120445 ], [ 76.388545104282997, 11.94132172266732 ], [ 76.388066736212252, 11.94124773902252 ], [ 76.38802572738696, 11.941241870451917 ], [ 76.387859924247721, 11.941218143549518 ], [ 76.387798026480823, 11.941209285132324 ], [ 76.387745873032969, 11.941201821547788 ], [ 76.387563419595395, 11.941175711167915 ], [ 76.387475641757092, 11.941163149728728 ], [ 76.386962396051175, 11.941063655327957 ], [ 76.386520783300014, 11.941023851536908 ], [ 76.381884269742045, 11.939956804650265 ], [ 76.381834265111692, 11.940136844316147 ], [ 76.381196050512457, 11.942404059318429 ], [ 76.380623688681922, 11.944391037052743 ], [ 76.3802747908058, 11.945571921963078 ], [ 76.380094623114346, 11.946181715765009 ], [ 76.37996180596447, 11.946730581124632 ], [ 76.379438179804296, 11.94889445437696 ], [ 76.379218343187759, 11.949802912536367 ], [ 76.379243795025872, 11.950207715337719 ], [ 76.379243877922832, 11.950209035821949 ], [ 76.379249371029687, 11.950213648701952 ], [ 76.379517740381331, 11.95043899824932 ], [ 76.379672159022348, 11.950568662858263 ], [ 76.380222945445695, 11.951031155272998 ], [ 76.380247978991818, 11.951077267981246 ], [ 76.380256869425452, 11.951093643670399 ], [ 76.380296447255205, 11.951063805588571 ], [ 76.380410803275637, 11.951154504526583 ], [ 76.380411379247377, 11.951155098402786 ], [ 76.380463702085663, 11.951209019523022 ], [ 76.380515947413926, 11.95126286145117 ], [ 76.380456701887823, 11.951366140431389 ], [ 76.380505411245451, 11.951542452873031 ], [ 76.380649672554355, 11.951703582403109 ], [ 76.380759418285308, 11.951820656521344 ], [ 76.380808921376172, 11.951873465808239 ], [ 76.380911510818848, 11.952067167667778 ], [ 76.381144653931884, 11.952280667537291 ], [ 76.381208748032833, 11.952339361209278 ], [ 76.38131153196656, 11.952571315281109 ], [ 76.381405721018396, 11.952733818830852 ], [ 76.381444184600255, 11.952800179564814 ], [ 76.381526643545982, 11.952884650931331 ], [ 76.381585052573911, 11.952944485397461 ], [ 76.381662677653267, 11.953024700480219 ], [ 76.381691023005246, 11.953054216434813 ], [ 76.381762756420173, 11.953128911098204 ], [ 76.381885805493241, 11.953257040543734 ], [ 76.381912726938225, 11.953281709364411 ], [ 76.382035926536048, 11.953394600293608 ], [ 76.382042723320438, 11.95341833291814 ], [ 76.382069561805778, 11.953512047306379 ], [ 76.382079230242979, 11.953545806729514 ], [ 76.382142407507132, 11.953766410780787 ], [ 76.382139601702718, 11.953763749356462 ], [ 76.382155953064157, 11.953802779338361 ], [ 76.382174863875207, 11.953797198401015 ], [ 76.38225739811665, 11.953772843573656 ], [ 76.382259543988141, 11.953777908628238 ], [ 76.382355035880821, 11.954017243836052 ], [ 76.382492888122485, 11.954362745016189 ], [ 76.382623040839235, 11.954322386383916 ], [ 76.382624106134259, 11.954322056568367 ], [ 76.382687817406179, 11.954302121276831 ], [ 76.382716344149387, 11.954473819376576 ], [ 76.382911439359063, 11.954619255140072 ], [ 76.38353256035829, 11.955031465207803 ], [ 76.383897329213809, 11.955291146151298 ], [ 76.383923660824166, 11.95530989217816 ], [ 76.384452327509592, 11.955668536444755 ], [ 76.384492173474158, 11.955695566948609 ], [ 76.384739783771749, 11.955858548565564 ], [ 76.384896503655142, 11.955961703715866 ], [ 76.385001712897179, 11.95583520058762 ], [ 76.385038411073921, 11.955791074097773 ], [ 76.385347219992852, 11.955548834827843 ], [ 76.385666650163074, 11.955298264043387 ], [ 76.386115059349407, 11.954946517128338 ], [ 76.386145290949898, 11.954734425652564 ], [ 76.386285426570538, 11.953748881971498 ] ] ] } },
{ "type": "Feature", "properties": { "OBJECTID": 21776, "KGISVillageID": 27783, "KGISVillageCode": "2608040033", "KGISVillageName": "Kandaegala", "KGISHobliID": 462, "UniqueVillageCode": "2608040033_1", "Bhucode": "260501003026", "CensusVillageCode": "2957705573619077", "BhoomiVillageCode": "2608040033", "created_user": "SA", "created_date": 1556019584000.0, "last_edited_user": "SURESHBV2", "last_edited_date": 1724226098000.0, "LGDGPCode": "219465", "LGDGPCode_Secondary": null, "Category": "Cadastral data available and has bhoomi linkage", "SHAPE.STArea()": 2025122.9082154301, "SHAPE.STLength()": 6120.4216458950104, "LGD_VillageCode": 619077.0, "_overlap_percent": 100.0, "_police_station": "Saragur PS", "_police_feature_index": "506", "_admin_layer": "Village", "_geometry_clipped": true }, "geometry": { "type": "Polygon", "coordinates": [ [ [ 76.357035557185498, 11.95690878285836 ], [ 76.357309549707693, 11.956962764792257 ], [ 76.357564443303943, 11.956882382571129 ], [ 76.358046558525217, 11.956958257731387 ], [ 76.358148303002224, 11.956970829132841 ], [ 76.358619537988645, 11.95702254570544 ], [ 76.358676397822435, 11.957023816634559 ], [ 76.359185782604257, 11.957035204388438 ], [ 76.359900181312824, 11.957044660930842 ], [ 76.360664333911089, 11.957052722748218 ], [ 76.363289484143337, 11.957066397928452 ], [ 76.36378531533218, 11.957066087919056 ], [ 76.36397665468634, 11.957429797076815 ], [ 76.364172307979018, 11.957268967359466 ], [ 76.363634112080334, 11.956158533122222 ], [ 76.363378380506546, 11.955492779634065 ], [ 76.363013990035299, 11.954552212085757 ], [ 76.36286253547847, 11.954163891141208 ], [ 76.362829425922712, 11.954079267421358 ], [ 76.362798578960991, 11.954000528394102 ], [ 76.362591839442416, 11.953475414731479 ], [ 76.362577268414697, 11.953475647247474 ], [ 76.362213763382854, 11.951577405151417 ], [ 76.362291519497575, 11.950135929245583 ], [ 76.362297457741661, 11.949815931692511 ], [ 76.362308565369887, 11.949217353807706 ], [ 76.362307261097371, 11.949009778141308 ], [ 76.362068384998452, 11.948656274934644 ], [ 76.361756823440643, 11.948014886259571 ], [ 76.361274331437201, 11.947368451982619 ], [ 76.360731368133642, 11.946499883611247 ], [ 76.360336685454641, 11.945966655664073 ], [ 76.359964548211082, 11.945180488696545 ], [ 76.359787105293066, 11.944808613351793 ], [ 76.359299625582253, 11.943862839384948 ], [ 76.35928419960787, 11.943832940985905 ], [ 76.358761937437563, 11.943556010493673 ], [ 76.358666687674884, 11.943532360098125 ], [ 76.358313072167476, 11.943444620952812 ], [ 76.349325582764578, 11.941170811237104 ], [ 76.350256128687278, 11.949162058224188 ], [ 76.351531835476308, 11.958082312889481 ], [ 76.351524679490808, 11.958193812322536 ], [ 76.351537438979776, 11.958541611683897 ], [ 76.352727708656872, 11.958015825371552 ], [ 76.354499180323273, 11.95736903295742 ], [ 76.354887027389779, 11.957230224706693 ], [ 76.355162650320565, 11.957179695865488 ], [ 76.355757061704395, 11.957068598637798 ], [ 76.356023530455914, 11.956989153683427 ], [ 76.356166491611333, 11.95694619897071 ], [ 76.356249843845561, 11.956924865418465 ], [ 76.356318592278527, 11.956924143716154 ], [ 76.356386136961945, 11.956923434139958 ], [ 76.357035557185498, 11.95690878285836 ] ] ] } },
{ "type": "Feature", "properties": { "OBJECTID": 21794, "KGISVillageID": 27801, "KGISVillageCode": "2608040038", "KGISVillageName": "Sagare", "KGISHobliID": 462, "UniqueVillageCode": "2608040038_1", "Bhucode": "260501003044", "CensusVillageCode": "2957705573619076", "BhoomiVillageCode": "2608040038", "created_user": "SA", "created_date": 1556019584000.0, "last_edited_user": "SURESHBV2", "last_edited_date": 1724226112000.0, "LGDGPCode": "219465", "LGDGPCode_Secondary": null, "Category": "Cadastral data available and has bhoomi linkage", "SHAPE.STArea()": 14303455.212095454, "SHAPE.STLength()": 27936.156829618139, "LGD_VillageCode": 619076.0, "_overlap_percent": 99.980608333737308, "_police_station": "Saragur PS", "_police_feature_index": "506", "_admin_layer": "Village", "_geometry_clipped": true }, "geometry": { "type": "Polygon", "coordinates": [ [ [ 76.387472331876054, 11.991120020019187 ], [ 76.387394781797227, 11.990656656593425 ], [ 76.387285460108046, 11.990619137496811 ], [ 76.387267386699904, 11.990612931800515 ], [ 76.387211116821874, 11.99059361062041 ], [ 76.387241315951428, 11.990089444080777 ], [ 76.38735267717739, 11.989946394401622 ], [ 76.388111452252602, 11.988971695509191 ], [ 76.388141553642029, 11.988954862166176 ], [ 76.388442896033112, 11.988786339802678 ], [ 76.388279231075074, 11.988629970406768 ], [ 76.388145498606107, 11.988502198276581 ], [ 76.387262427593981, 11.988262035822734 ], [ 76.387162214161791, 11.988233893043146 ], [ 76.387131001318167, 11.988237011227481 ], [ 76.386842894225893, 11.988265794736737 ], [ 76.386774445801464, 11.988272153065424 ], [ 76.386757910824642, 11.988273689610704 ], [ 76.38638279830279, 11.987922306993337 ], [ 76.386230561318115, 11.987779701474153 ], [ 76.386239128481733, 11.987611529771158 ], [ 76.386239672712051, 11.987600850608345 ], [ 76.386253087777305, 11.987337531356873 ], [ 76.386419249645982, 11.987000555367802 ], [ 76.38651179178666, 11.986812879007061 ], [ 76.386689165967368, 11.98669478871731 ], [ 76.387179599115726, 11.98636475725683 ], [ 76.387189796044311, 11.986357896216713 ], [ 76.38776131269951, 11.98598572663267 ], [ 76.387816604557088, 11.985972890353922 ], [ 76.38814568968742, 11.98592821250886 ], [ 76.38837208102089, 11.985897476227448 ], [ 76.388490581953505, 11.985961882606833 ], [ 76.38881037829583, 11.985926054104548 ], [ 76.38928097677686, 11.986222832746785 ], [ 76.389503344139669, 11.986367822727971 ], [ 76.389827182474249, 11.986468766145663 ], [ 76.389827215723443, 11.986450142531529 ], [ 76.389827318473067, 11.98638301569356 ], [ 76.389738924315637, 11.98597263436567 ], [ 76.389700664160898, 11.985864588610195 ], [ 76.389527821293754, 11.98551013652785 ], [ 76.389284444083287, 11.985205491632964 ], [ 76.388760444054469, 11.984914560254635 ], [ 76.388756187470051, 11.984852926572795 ], [ 76.388748183877794, 11.984737721212158 ], [ 76.388769023629649, 11.984698636954054 ], [ 76.388990309546244, 11.984280702504304 ], [ 76.389188177112928, 11.98423358204829 ], [ 76.38927217335241, 11.984213579306793 ], [ 76.389468162579959, 11.98416640740103 ], [ 76.389543847962926, 11.984148191598866 ], [ 76.389707293002758, 11.984223451623153 ], [ 76.389715346303447, 11.984227154637171 ], [ 76.390152924759064, 11.984428386528499 ], [ 76.390163860997689, 11.984433409669888 ], [ 76.390469273640051, 11.984364090844403 ], [ 76.3905286424569, 11.984350743827335 ], [ 76.390748414609902, 11.984495220528832 ], [ 76.390884161344587, 11.984584372172483 ], [ 76.390915649038746, 11.984572977980172 ], [ 76.390901829999464, 11.984619024303349 ], [ 76.390893778756805, 11.984645853493497 ], [ 76.390912336405151, 11.984639632520382 ], [ 76.391009360581648, 11.984607223699742 ], [ 76.391240001341856, 11.984609512420185 ], [ 76.391260160781712, 11.984503845742228 ], [ 76.391277561275004, 11.98441263928693 ], [ 76.391288111628327, 11.984357207503649 ], [ 76.391538666410142, 11.983203636323072 ], [ 76.391569888182886, 11.983059886687432 ], [ 76.391570863404439, 11.983055400248929 ], [ 76.391843924572015, 11.983119228512971 ], [ 76.391921241521572, 11.983127044639005 ], [ 76.392097656226611, 11.983144879495903 ], [ 76.392146198581599, 11.983149788983903 ], [ 76.392216175362492, 11.98315686758526 ], [ 76.392229589254953, 11.983149362963397 ], [ 76.392270582931516, 11.983107839490954 ], [ 76.392258073369433, 11.983059224304967 ], [ 76.392184267963401, 11.982772409053428 ], [ 76.392136951849622, 11.982588536156603 ], [ 76.392114525455852, 11.982501383475164 ], [ 76.392113908970742, 11.982491469527531 ], [ 76.392066859798007, 11.981734238564732 ], [ 76.392154559748022, 11.981721465691798 ], [ 76.392063759729552, 11.981399495859476 ], [ 76.391955705622479, 11.981016347506269 ], [ 76.391859707802098, 11.980675945362508 ], [ 76.391853829470733, 11.980665855022954 ], [ 76.391766205804998, 11.980515448278524 ], [ 76.391550791739263, 11.98014568801894 ], [ 76.391441409285846, 11.980038141071372 ], [ 76.391204418905701, 11.979735304667626 ], [ 76.391050466861842, 11.979538576404636 ], [ 76.390996914801406, 11.979470144496538 ], [ 76.39099018709247, 11.979460948879986 ], [ 76.39079347109643, 11.979208966407549 ], [ 76.390697872793879, 11.979092228386241 ], [ 76.390537415880047, 11.978891115520456 ], [ 76.390534767968759, 11.978887796160441 ], [ 76.390445754532394, 11.978775809835707 ], [ 76.390377937020475, 11.978688532145995 ], [ 76.390216341752506, 11.978480568028463 ], [ 76.390161725757693, 11.978410688306454 ], [ 76.390138765907224, 11.978381313283691 ], [ 76.390110638758671, 11.978375086115605 ], [ 76.390100008997507, 11.978360452700572 ], [ 76.390097687722317, 11.978357256480725 ], [ 76.390063749159566, 11.978352200899522 ], [ 76.389984105204377, 11.978340338066449 ], [ 76.389886130020344, 11.978325744409846 ], [ 76.389860740210537, 11.978320213359336 ], [ 76.389737772765216, 11.978293427962974 ], [ 76.389658013712392, 11.978276113005165 ], [ 76.389645395163996, 11.978273373761692 ], [ 76.389369471777783, 11.978216256294806 ], [ 76.389298203574896, 11.978201503849622 ], [ 76.38907937427075, 11.978156205367688 ], [ 76.388798976061224, 11.978098161088282 ], [ 76.388798805350078, 11.97809674159962 ], [ 76.388760473267936, 11.977778216951107 ], [ 76.388742930933546, 11.977775134990368 ], [ 76.388570013352279, 11.97774929261448 ], [ 76.387957008443294, 11.977657680920515 ], [ 76.387939998926356, 11.977631442370912 ], [ 76.387881729001649, 11.977539654975773 ], [ 76.387840054886055, 11.977474009624601 ], [ 76.387525622064061, 11.976991166542239 ], [ 76.387184600265513, 11.97665871442833 ], [ 76.387163407059575, 11.976636775601719 ], [ 76.38694757612177, 11.976425844443412 ], [ 76.386750401247923, 11.976231778952519 ], [ 76.386739751609866, 11.976221297089422 ], [ 76.386666755605901, 11.976149451517228 ], [ 76.386590748526345, 11.976074178011766 ], [ 76.386567961907687, 11.976023204713858 ], [ 76.386546309137714, 11.975975242776675 ], [ 76.386397422324109, 11.975645453876576 ], [ 76.386319335637566, 11.97519803993165 ], [ 76.38631051962227, 11.975157438942659 ], [ 76.386556654925684, 11.975043369957003 ], [ 76.386533480624294, 11.974998102505776 ], [ 76.38646111582969, 11.974856749470334 ], [ 76.386236768040575, 11.97447529635337 ], [ 76.385572216470806, 11.973345369013515 ], [ 76.385542821927871, 11.973295390183292 ], [ 76.385275750271106, 11.972839153079335 ], [ 76.385162607749933, 11.972645872517159 ], [ 76.38518357166906, 11.972317399940035 ], [ 76.385204658771784, 11.972259496858221 ], [ 76.385230939475576, 11.972160286139058 ], [ 76.385565276074956, 11.970898146022764 ], [ 76.385735937092647, 11.970670913451571 ], [ 76.386064396999629, 11.970399486420185 ], [ 76.386139770190113, 11.970337626349432 ], [ 76.386149772524519, 11.970329442763939 ], [ 76.386247891042558, 11.970249169544315 ], [ 76.38622227735442, 11.969575549402242 ], [ 76.386218886890191, 11.969563977438481 ], [ 76.386219469618311, 11.969143433781495 ], [ 76.385576969478748, 11.968509958565605 ], [ 76.385449250575604, 11.968178239436087 ], [ 76.385426117942231, 11.968035518013938 ], [ 76.385405248332177, 11.96790675462238 ], [ 76.385402911081059, 11.967889935483871 ], [ 76.385467593911287, 11.967582825982907 ], [ 76.385491722621254, 11.967468262563292 ], [ 76.385416974256813, 11.967318441156761 ], [ 76.385405863080962, 11.967296223574939 ], [ 76.38550143037304, 11.967174033959033 ], [ 76.385528718427082, 11.966953578791555 ], [ 76.385533802432164, 11.966902842858584 ], [ 76.385534391059409, 11.966896898223247 ], [ 76.385548832354573, 11.966751021301445 ], [ 76.385546238983196, 11.9666375861415 ], [ 76.385464035879394, 11.966546968383502 ], [ 76.385521298041041, 11.966464492338876 ], [ 76.385630752894357, 11.966306455383618 ], [ 76.385392394958913, 11.965927940191458 ], [ 76.3852428131827, 11.965593860502025 ], [ 76.385248836409559, 11.96551603316348 ], [ 76.385270295408091, 11.96523873901965 ], [ 76.385286765132491, 11.965016550750521 ], [ 76.385518216222806, 11.965034544315577 ], [ 76.385524601475339, 11.964953531862761 ], [ 76.385543410764328, 11.964672574742126 ], [ 76.38556818910439, 11.964302447738065 ], [ 76.385594597273766, 11.963907968045588 ], [ 76.385627581684361, 11.963906699495254 ], [ 76.385636382055338, 11.963817240789766 ], [ 76.385637283024735, 11.963808077832422 ], [ 76.385843344856639, 11.961661151208487 ], [ 76.385898069063785, 11.960074662330346 ], [ 76.385922810701615, 11.959932335557095 ], [ 76.385920928471421, 11.959575489305825 ], [ 76.38592101051772, 11.959524337758291 ], [ 76.38592102302141, 11.959482070219114 ], [ 76.386044240287703, 11.958746221600345 ], [ 76.386018152142441, 11.9586540202924 ], [ 76.386008338591026, 11.958619315213165 ], [ 76.385692209050617, 11.957514660088066 ], [ 76.385628035938723, 11.95729041778171 ], [ 76.385038920343689, 11.956055444409955 ], [ 76.384957095300294, 11.956001586667208 ], [ 76.384896503655142, 11.955961703715866 ], [ 76.384739783771749, 11.955858548565564 ], [ 76.384492173474158, 11.955695566948609 ], [ 76.384452327509592, 11.955668536444755 ], [ 76.383923660824166, 11.95530989217816 ], [ 76.383897329213809, 11.955291146151298 ], [ 76.38353256035829, 11.955031465207803 ], [ 76.382911439359063, 11.954619255140072 ], [ 76.382716344149387, 11.954473819376576 ], [ 76.382687817406179, 11.954302121276831 ], [ 76.382624106134259, 11.954322056568367 ], [ 76.382623040839235, 11.954322386383916 ], [ 76.382492888122485, 11.954362745016189 ], [ 76.382355035880821, 11.954017243836052 ], [ 76.382259543988141, 11.953777908628238 ], [ 76.38225739811665, 11.953772843573656 ], [ 76.382174863875207, 11.953797198401015 ], [ 76.382155953064157, 11.953802779338361 ], [ 76.382192344901185, 11.953889645155114 ], [ 76.381940451945908, 11.953638436445521 ], [ 76.381420931342305, 11.953120323547036 ], [ 76.380634355565547, 11.952335872297111 ], [ 76.380554730975405, 11.952260339993465 ], [ 76.380285180382117, 11.952004642382315 ], [ 76.379887574585155, 11.951627467464425 ], [ 76.379737548093757, 11.951485150299158 ], [ 76.379642466960945, 11.951394954037118 ], [ 76.379537011894897, 11.951287883912773 ], [ 76.379502797026561, 11.9512531454975 ], [ 76.379090295783485, 11.950965257190994 ], [ 76.379023620488525, 11.950918724019003 ], [ 76.378964440038771, 11.950908546812038 ], [ 76.378943957186621, 11.950905024611943 ], [ 76.378818141869147, 11.950883862303428 ], [ 76.378045221500727, 11.950753854693744 ], [ 76.376202140009482, 11.950443831983719 ], [ 76.376013014458408, 11.950409738798298 ], [ 76.375812490500209, 11.950584566918527 ], [ 76.375767322242652, 11.950623700640644 ], [ 76.375442805423944, 11.950902287367986 ], [ 76.375115587027778, 11.951179148419298 ], [ 76.375103054620809, 11.951178105850598 ], [ 76.373059839859678, 11.95101555088303 ], [ 76.373012945082365, 11.951225229046878 ], [ 76.372957737424045, 11.951330660472575 ], [ 76.372848303057097, 11.951496609006744 ], [ 76.372841007879401, 11.951507725340067 ], [ 76.371283228138097, 11.950628234129656 ], [ 76.371276295618742, 11.950624579222733 ], [ 76.371197756775274, 11.950583401797937 ], [ 76.370071128481712, 11.949683837410625 ], [ 76.369527264649165, 11.949205557786664 ], [ 76.368714721446452, 11.948378188254928 ], [ 76.366026422522722, 11.945688081396135 ], [ 76.365584032113858, 11.944931424156239 ], [ 76.364160138045861, 11.942181043309292 ], [ 76.363878783415572, 11.941502177521578 ], [ 76.363594256750474, 11.940925488006755 ], [ 76.363291243927833, 11.940271502463226 ], [ 76.362990487442787, 11.939629763359346 ], [ 76.362728150176622, 11.939061033200819 ], [ 76.362477791370978, 11.938527525607748 ], [ 76.361448568192827, 11.937502112981955 ], [ 76.360398086112696, 11.936444464007675 ], [ 76.360329709175303, 11.936375759720409 ], [ 76.359242077920769, 11.935327165241588 ], [ 76.358094689624153, 11.934388365203754 ], [ 76.358036392095315, 11.934279206943069 ], [ 76.357002895421658, 11.933145598378879 ], [ 76.35745670939572, 11.93246872392006 ], [ 76.357950657272596, 11.931750341071625 ], [ 76.358448037596418, 11.931029772967293 ], [ 76.358967636145096, 11.930262516330224 ], [ 76.359516452540262, 11.929550697041739 ], [ 76.36007864412079, 11.928823901750871 ], [ 76.360642909713746, 11.928097676023942 ], [ 76.361092126162958, 11.927431975299024 ], [ 76.356466499017088, 11.920474585586701 ], [ 76.359050070170909, 11.917642819729958 ], [ 76.358938431235202, 11.917588118114306 ], [ 76.358485916638315, 11.917167729711943 ], [ 76.3558684695263, 11.914660295240795 ], [ 76.354650226167138, 11.914750078178482 ], [ 76.35443940868565, 11.914765646060609 ], [ 76.352071846490631, 11.911404898606447 ], [ 76.347026999886666, 11.915043124285544 ], [ 76.342844956874899, 11.918095543221304 ], [ 76.337050011810391, 11.922309780572107 ], [ 76.337702858455259, 11.923114547136819 ], [ 76.33777374677662, 11.923207786425424 ], [ 76.337800530435103, 11.923243014653934 ], [ 76.339792134059891, 11.925862508874264 ], [ 76.339792862252096, 11.92586346648371 ], [ 76.341574215373839, 11.928206366680715 ], [ 76.341579871905097, 11.928213805901111 ], [ 76.342061148756741, 11.92884678870694 ], [ 76.341991870425502, 11.928896354431281 ], [ 76.341683354592362, 11.929401313389574 ], [ 76.341402619288985, 11.929832162292545 ], [ 76.340617217741396, 11.931037524577079 ], [ 76.340537403885506, 11.931160014612303 ], [ 76.340340628327425, 11.931462006076536 ], [ 76.340048397944884, 11.931863441831661 ], [ 76.340067192728597, 11.932902044296874 ], [ 76.340069293604245, 11.933018147103503 ], [ 76.34008514893199, 11.933894303010018 ], [ 76.340489646022334, 11.934224237739933 ], [ 76.340689928610473, 11.934213120191524 ], [ 76.341533833491653, 11.934236295713976 ], [ 76.343351281326278, 11.934286198023953 ], [ 76.347158734636693, 11.934395241667037 ], [ 76.353550542710622, 11.934662629016991 ], [ 76.363251740723683, 11.945838658788738 ], [ 76.361674769412261, 11.945100941787338 ], [ 76.361369681136779, 11.944937952522766 ], [ 76.35928419960787, 11.943832940985905 ], [ 76.359299625582253, 11.943862839384948 ], [ 76.359787105293066, 11.944808613351793 ], [ 76.359964548211082, 11.945180488696545 ], [ 76.360336685454641, 11.945966655664073 ], [ 76.360731368133642, 11.946499883611247 ], [ 76.361274331437201, 11.947368451982619 ], [ 76.361756823440643, 11.948014886259571 ], [ 76.362068384998452, 11.948656274934644 ], [ 76.362307261097371, 11.949009778141308 ], [ 76.362308565369887, 11.949217353807706 ], [ 76.362297457741661, 11.949815931692511 ], [ 76.362291519497575, 11.950135929245583 ], [ 76.362213763382854, 11.951577405151417 ], [ 76.362577268414697, 11.953475647247474 ], [ 76.362591839442416, 11.953475414731479 ], [ 76.362798578960991, 11.954000528394102 ], [ 76.362829425922712, 11.954079267421358 ], [ 76.36286253547847, 11.954163891141208 ], [ 76.363013990035299, 11.954552212085757 ], [ 76.363378380506546, 11.955492779634065 ], [ 76.363634112080334, 11.956158533122222 ], [ 76.364172307979018, 11.957268967359466 ], [ 76.364376713718812, 11.957693532222692 ], [ 76.364893109888513, 11.958773202300314 ], [ 76.36533338372557, 11.959701695943016 ], [ 76.365442878891699, 11.959933106150862 ], [ 76.365576457411692, 11.960281717609606 ], [ 76.365643277030443, 11.960456097287608 ], [ 76.365769864576919, 11.96078640554285 ], [ 76.365804899859739, 11.960877813675941 ], [ 76.365810589430509, 11.960892657614737 ], [ 76.365941448763252, 11.961183194186297 ], [ 76.365960660472922, 11.961225848585055 ], [ 76.365990339319566, 11.961291741786193 ], [ 76.366041890200094, 11.96139866621686 ], [ 76.366090404998474, 11.96149929204514 ], [ 76.36618864936149, 11.961703065627685 ], [ 76.36621974924212, 11.961767572211816 ], [ 76.366244688726567, 11.96181930032439 ], [ 76.366349880623602, 11.962037482172885 ], [ 76.366377162209631, 11.962094066565966 ], [ 76.366427495072429, 11.962198464420592 ], [ 76.366493349221173, 11.962335055094158 ], [ 76.366495911195344, 11.96234036870141 ], [ 76.366568821298699, 11.962491594092995 ], [ 76.366604615702798, 11.962565835755713 ], [ 76.366705870139228, 11.962775849000918 ], [ 76.366725973514448, 11.962817546955076 ], [ 76.366744483647693, 11.962855938218443 ], [ 76.366836419213485, 11.963046623619634 ], [ 76.366838847587346, 11.963051661216777 ], [ 76.366938913746253, 11.963259208298904 ], [ 76.36694457964812, 11.963270961183632 ], [ 76.366991897224054, 11.963369101797268 ], [ 76.367027660333036, 11.963443278434456 ], [ 76.367059530824832, 11.963509382291711 ], [ 76.367115794621313, 11.963626078530902 ], [ 76.367144329265685, 11.963685263238856 ], [ 76.367149454196948, 11.963695892238571 ], [ 76.367233436187334, 11.963870079213937 ], [ 76.367247354172704, 11.963898947265514 ], [ 76.367349238828695, 11.964110265324621 ], [ 76.367349461535724, 11.964110728044998 ], [ 76.367442130161166, 11.964302931178755 ], [ 76.367497649568293, 11.964383445975042 ], [ 76.367930074059274, 11.965085393220312 ], [ 76.368235835767393, 11.965779656547438 ], [ 76.368305944055152, 11.965913090404344 ], [ 76.368318771931612, 11.965937503748354 ], [ 76.368442310433437, 11.966172628262573 ], [ 76.368500713790439, 11.966283785057113 ], [ 76.368577995648678, 11.966430870148246 ], [ 76.368599726002401, 11.966472228158798 ], [ 76.368739416560828, 11.966629826399764 ], [ 76.368931770361371, 11.966846838458736 ], [ 76.368963888854111, 11.966920616621675 ], [ 76.368990342283141, 11.966981380727566 ], [ 76.36906777961407, 11.967159257722479 ], [ 76.36933171488721, 11.96776552442059 ], [ 76.369676529839566, 11.968571248761593 ], [ 76.369906864511364, 11.969691340109666 ], [ 76.370258705971352, 11.971017274843746 ], [ 76.370458456795177, 11.97212888845538 ], [ 76.370733591982869, 11.973127237089123 ], [ 76.370896588515194, 11.974646084335044 ], [ 76.370972727898547, 11.975661519647126 ], [ 76.370874107042212, 11.977715382992178 ], [ 76.370782531789231, 11.978696544520306 ], [ 76.370734349073373, 11.979212783645719 ], [ 76.370663960384576, 11.980135639073097 ], [ 76.370694434489337, 11.980874661147622 ], [ 76.370631514078966, 11.981394076996056 ], [ 76.370360144156919, 11.982161813810887 ], [ 76.37022703015711, 11.982547353484824 ], [ 76.37015225922238, 11.982446012998578 ], [ 76.369752073428472, 11.982700366436333 ], [ 76.369597275416567, 11.983040276989312 ], [ 76.369495123766484, 11.98326458215786 ], [ 76.369467619661989, 11.983324975875286 ], [ 76.369373318892656, 11.983532043916185 ], [ 76.369336732719432, 11.983594659986972 ], [ 76.369282734764766, 11.983687076258796 ], [ 76.369274226310878, 11.983727113504784 ], [ 76.369209176342324, 11.984033225826799 ], [ 76.36918278349836, 11.984228104721332 ], [ 76.369178154790148, 11.984262282509377 ], [ 76.369156201354883, 11.984657051164705 ], [ 76.369152011003649, 11.984730094162106 ], [ 76.369148740728789, 11.98478708937105 ], [ 76.369143906538895, 11.984865943466206 ], [ 76.369124046380364, 11.985189931482301 ], [ 76.369121284360787, 11.985234987346441 ], [ 76.369103368137999, 11.985527247245233 ], [ 76.369098892941835, 11.985600258180508 ], [ 76.369090249671217, 11.985741258974926 ], [ 76.369085238146269, 11.985823008869051 ], [ 76.369083181971547, 11.985854697749993 ], [ 76.369084793497564, 11.985873067559021 ], [ 76.369104552644558, 11.986098283194373 ], [ 76.369117465324592, 11.986245467584716 ], [ 76.369118660833507, 11.986259097410137 ], [ 76.369128898208999, 11.98638037155183 ], [ 76.369132035243666, 11.986417531994508 ], [ 76.369145848279175, 11.986581176579687 ], [ 76.369164151971361, 11.986798001098515 ], [ 76.369178316627767, 11.98696580192062 ], [ 76.369189459509016, 11.987097809642814 ], [ 76.369199871568327, 11.9872216523726 ], [ 76.369205277849616, 11.987285950998151 ], [ 76.369207926284076, 11.987317449624614 ], [ 76.369213085413492, 11.987378809317516 ], [ 76.369214121569982, 11.98739434395805 ], [ 76.36922120998652, 11.987500658827837 ], [ 76.369223884230138, 11.987540734542421 ], [ 76.369227035317437, 11.987587957564429 ], [ 76.369232328092323, 11.987667257600693 ], [ 76.369236263992718, 11.987726244576903 ], [ 76.369239588890949, 11.987776064233076 ], [ 76.369235219493419, 11.987786999907691 ], [ 76.369226578644387, 11.987808626670544 ], [ 76.369086149296308, 11.988160107278505 ], [ 76.369090298451425, 11.988614519380505 ], [ 76.369099411266532, 11.989079844127364 ], [ 76.369100251197935, 11.98912275231484 ], [ 76.369065050408807, 11.989186881435645 ], [ 76.369055305416921, 11.989204634092498 ], [ 76.368991711222193, 11.989319916834415 ], [ 76.368945967998485, 11.989402839502562 ], [ 76.368891672339373, 11.989501265009544 ], [ 76.368788356772342, 11.990231774374953 ], [ 76.368781818511678, 11.990278106291854 ], [ 76.368775611868315, 11.990322089539459 ], [ 76.368767813633895, 11.990377345675233 ], [ 76.368801378652108, 11.991166024117195 ], [ 76.368805751724608, 11.991267807328049 ], [ 76.369556049462304, 11.991198301709465 ], [ 76.371046933797558, 11.990853897719544 ], [ 76.371724198070282, 11.990815534654745 ], [ 76.374085871886379, 11.990632961281372 ], [ 76.377905669789328, 11.99059135487448 ], [ 76.378712290907757, 11.990606324771976 ], [ 76.38010796873229, 11.990612774354926 ], [ 76.382004480256839, 11.990648563452181 ], [ 76.384211847696903, 11.990995557993996 ], [ 76.384440405872098, 11.991029722914947 ], [ 76.385703290114392, 11.991218489994866 ], [ 76.387535206050245, 11.991492298725621 ], [ 76.387472331876054, 11.991120020019187 ] ] ] } },
{ "type": "Feature", "properties": { "OBJECTID": 21790, "KGISVillageID": 27797, "KGISVillageCode": "2608040028", "KGISVillageName": "Nanjanathapura", "KGISHobliID": 462, "UniqueVillageCode": "2608040028_1", "Bhucode": "260501003040", "CensusVillageCode": "2957705573619079", "BhoomiVillageCode": "2608040028", "created_user": "SA", "created_date": 1556019584000.0, "last_edited_user": "SURESHBV2", "last_edited_date": 1724226098000.0, "LGDGPCode": "219442", "LGDGPCode_Secondary": null, "Category": "Cadastral data available and has bhoomi linkage", "SHAPE.STArea()": 1122318.93710022, "SHAPE.STLength()": 5905.4825105749705, "LGD_VillageCode": 619079.0, "_overlap_percent": 99.999999999999929, "_police_station": "Saragur PS", "_police_feature_index": "506", "_admin_layer": "Village", "_geometry_clipped": true }, "geometry": { "type": "Polygon", "coordinates": [ [ [ 76.340689928610473, 11.934213120191524 ], [ 76.340489646022334, 11.934224237739933 ], [ 76.340506179587507, 11.934237723397306 ], [ 76.340693805942934, 11.934390763020604 ], [ 76.34123088380062, 11.934808403885912 ], [ 76.347209631463613, 11.939457413726888 ], [ 76.347672758367708, 11.939814515968825 ], [ 76.348959546107338, 11.940426295639305 ], [ 76.349325582764578, 11.941170811237104 ], [ 76.358313072167476, 11.943444620952812 ], [ 76.358666687674884, 11.943532360098125 ], [ 76.358761937437563, 11.943556010493673 ], [ 76.35928419960787, 11.943832940985905 ], [ 76.361369681136779, 11.944937952522766 ], [ 76.361674769412261, 11.945100941787338 ], [ 76.363251740723683, 11.945838658788738 ], [ 76.353550542710622, 11.934662629016991 ], [ 76.347158734636693, 11.934395241667037 ], [ 76.343351281326278, 11.934286198023953 ], [ 76.341533833491653, 11.934236295713976 ], [ 76.340689928610473, 11.934213120191524 ] ] ] } },
{ "type": "Feature", "properties": { "OBJECTID": 21798, "KGISVillageID": 27805, "KGISVillageCode": "2608040031", "KGISVillageName": "Shingapatna", "KGISHobliID": 462, "UniqueVillageCode": "2608040031_1", "Bhucode": "260501003046", "CensusVillageCode": "2957705573619078", "BhoomiVillageCode": "2608040031", "created_user": null, "created_date": null, "last_edited_user": "SURESHBV2", "last_edited_date": 1724226112000.0, "LGDGPCode": "219442", "LGDGPCode_Secondary": null, "Category": "Cadastral data available and has bhoomi linkage", "SHAPE.STArea()": 3662590.5809315802, "SHAPE.STLength()": 11260.716535410946, "LGD_VillageCode": 619078.0, "_overlap_percent": 94.580412176297301, "_police_station": "Saragur PS", "_police_feature_index": "506", "_admin_layer": "Village", "_geometry_clipped": true }, "geometry": { "type": "Polygon", "coordinates": [ [ [ 76.317198418460663, 11.964852725148152 ], [ 76.317442397373156, 11.964557878977352 ], [ 76.317460222767167, 11.964262577197884 ], [ 76.317743467305348, 11.963906510222017 ], [ 76.317746560090981, 11.963904243536311 ], [ 76.318243957700446, 11.963539636590252 ], [ 76.31847007329155, 11.963353802993641 ], [ 76.318732327461547, 11.963191160128559 ], [ 76.319042467157246, 11.962910484214961 ], [ 76.31941966702685, 11.962570465501425 ], [ 76.319816497620636, 11.96227078452314 ], [ 76.320217163384001, 11.962144390405967 ], [ 76.32043359776462, 11.962109551985817 ], [ 76.320446240680454, 11.962107517012425 ], [ 76.320466997436696, 11.961917950151978 ], [ 76.320516954779706, 11.961548557480306 ], [ 76.320521942899774, 11.961458499924783 ], [ 76.320522094904248, 11.961455762438096 ], [ 76.320535949032816, 11.961205639335866 ], [ 76.320543579846671, 11.961067877914173 ], [ 76.320562874737021, 11.960719547190225 ], [ 76.320556045149672, 11.960711311136272 ], [ 76.32058794995929, 11.960566688082791 ], [ 76.320592962701966, 11.960543969279016 ], [ 76.320718019851668, 11.960523179339775 ], [ 76.321712618700403, 11.960357830272143 ], [ 76.321807502101677, 11.960342056927516 ], [ 76.321810007836262, 11.96035922250187 ], [ 76.321807759383802, 11.960359865067588 ], [ 76.321935923300984, 11.960332566588049 ], [ 76.32201058230055, 11.960316665086397 ], [ 76.32259371815752, 11.960192460987598 ], [ 76.322596309890869, 11.960192166692998 ], [ 76.322621745312034, 11.960177921809786 ], [ 76.322719431051581, 11.960123216239161 ], [ 76.323045962886695, 11.95994035019557 ], [ 76.323311044668799, 11.959791897625326 ], [ 76.323368110619526, 11.959663266316076 ], [ 76.323439897113957, 11.959501589670234 ], [ 76.32346079095575, 11.959454531228692 ], [ 76.323489559096245, 11.95937957613749 ], [ 76.323498984958434, 11.95935501832043 ], [ 76.323565812603249, 11.959207856253078 ], [ 76.323557443071607, 11.958366976167099 ], [ 76.323556736132034, 11.958295988954943 ], [ 76.323553937550741, 11.958014825556676 ], [ 76.323592939884861, 11.957558643706383 ], [ 76.323596187636724, 11.957520661714465 ], [ 76.323618588230545, 11.957471346722111 ], [ 76.323656079415684, 11.957388811062279 ], [ 76.324156516537712, 11.956287109707828 ], [ 76.324181883853669, 11.956244414221732 ], [ 76.324374479199165, 11.955920256329605 ], [ 76.324431943392057, 11.955813888768219 ], [ 76.324526230845976, 11.955639360492116 ], [ 76.324526441068471, 11.955638971633581 ], [ 76.324543701959598, 11.955607021838038 ], [ 76.324524162928924, 11.955551767427187 ], [ 76.324490672945657, 11.955363597340266 ], [ 76.324471060461363, 11.955253403561503 ], [ 76.324426046673082, 11.95500048505234 ], [ 76.324398420303353, 11.954845262321504 ], [ 76.324374284061065, 11.954709645226968 ], [ 76.324213332210221, 11.954377880762138 ], [ 76.324205397661203, 11.954303095061006 ], [ 76.324204576770384, 11.954295356052983 ], [ 76.324143255200084, 11.953717358632357 ], [ 76.324121485025429, 11.95355123076504 ], [ 76.324095164192101, 11.95335036908669 ], [ 76.324081764930526, 11.953248118473363 ], [ 76.324001546937993, 11.952635949291354 ], [ 76.324023936230716, 11.952389083334179 ], [ 76.324069744905756, 11.951883994434777 ], [ 76.324075613627613, 11.951817004066076 ], [ 76.324078974214402, 11.951507388763813 ], [ 76.324079850570868, 11.951426618729586 ], [ 76.324080831135845, 11.951336307030113 ], [ 76.324081177398028, 11.951304402635287 ], [ 76.32406599773276, 11.951222899986085 ], [ 76.324060609876113, 11.951189717065711 ], [ 76.324059433302864, 11.951182472475681 ], [ 76.323998428938978, 11.951118990602879 ], [ 76.323627212995405, 11.950732696039854 ], [ 76.323611821281034, 11.950708237068913 ], [ 76.323504385050697, 11.950594270761165 ], [ 76.323107382845834, 11.950173138114097 ], [ 76.323107508588379, 11.95017255978931 ], [ 76.323150435571876, 11.94997481105092 ], [ 76.323163254898461, 11.949962522461339 ], [ 76.323163504582368, 11.949961184092142 ], [ 76.323180617084688, 11.949869595718679 ], [ 76.323200422490913, 11.949763591128471 ], [ 76.323245946251305, 11.9495199352179 ], [ 76.323288573899319, 11.949291784134104 ], [ 76.323297152946949, 11.949245868686381 ], [ 76.323569302358663, 11.947789255846804 ], [ 76.323585414697135, 11.947706545206547 ], [ 76.323587856852541, 11.947694008026776 ], [ 76.323600773584175, 11.947627699610784 ], [ 76.323716149718393, 11.947034871745222 ], [ 76.323724118422291, 11.946990922915179 ], [ 76.32374308199374, 11.946886338125562 ], [ 76.323747220611267, 11.946863514919286 ], [ 76.323830499738094, 11.946404221218183 ], [ 76.323849659814542, 11.946379976502326 ], [ 76.324831053676448, 11.945138121436223 ], [ 76.325141786437769, 11.944639087142349 ], [ 76.325292389692535, 11.944397218608382 ], [ 76.325409882923424, 11.944256690669876 ], [ 76.325410042677802, 11.944256499147404 ], [ 76.324846684664124, 11.940787879794943 ], [ 76.32470017787206, 11.940270293198839 ], [ 76.32401810933824, 11.937860614555179 ], [ 76.324016108438428, 11.937846016101329 ], [ 76.324016684587079, 11.937841569637243 ], [ 76.324060363055466, 11.937616066249841 ], [ 76.324315776622356, 11.936297405755331 ], [ 76.324424664991128, 11.935735227275417 ], [ 76.324468162927857, 11.935510653242694 ], [ 76.324615718066042, 11.93374557925468 ], [ 76.324640422926905, 11.933399668507482 ], [ 76.324648595440237, 11.933285247037039 ], [ 76.324890032160255, 11.929904775429279 ], [ 76.324912767275492, 11.929586446878508 ], [ 76.324956703759312, 11.928971268044236 ], [ 76.325032579950616, 11.928013415440493 ], [ 76.325188731105058, 11.926708483554386 ], [ 76.325191651291391, 11.926693832093184 ], [ 76.325026700226246, 11.926689512052336 ], [ 76.323958589735085, 11.926661533679308 ], [ 76.323843872202985, 11.926658537187006 ], [ 76.323794264026262, 11.926657241614702 ], [ 76.323691823649185, 11.92665456524669 ], [ 76.323611843956868, 11.92665247578776 ], [ 76.323533382926698, 11.926653237092813 ], [ 76.323483146199209, 11.926653724635461 ], [ 76.323420750124967, 11.926654330815206 ], [ 76.323134956752938, 11.926657104609861 ], [ 76.322656466304565, 11.926653952055187 ], [ 76.32255598052879, 11.926652960412051 ], [ 76.322323295530992, 11.926651027443242 ], [ 76.322307704881851, 11.926650918046773 ], [ 76.32189785035699, 11.926654597903946 ], [ 76.321659071108982, 11.926656741661301 ], [ 76.321624141751002, 11.926657054836351 ], [ 76.320216996419163, 11.926669684724175 ], [ 76.3201375737397, 11.926670397154417 ], [ 76.319630612453039, 11.92667494499563 ], [ 76.319489646560939, 11.926671520969306 ], [ 76.319467766639761, 11.926670989475063 ], [ 76.319473827792066, 11.926796877578465 ], [ 76.319511928960196, 11.927588084691312 ], [ 76.319728498915879, 11.928768643461476 ], [ 76.319651916893449, 11.929070040047867 ], [ 76.319320300060383, 11.929170442473787 ], [ 76.318731555105231, 11.929650641800686 ], [ 76.31840193794369, 11.929799596237157 ], [ 76.318347362211469, 11.929859883727822 ], [ 76.318285815079889, 11.929942701273944 ], [ 76.318235268601413, 11.930039821134825 ], [ 76.318104678908938, 11.930162432437259 ], [ 76.317879209545481, 11.930256783030242 ], [ 76.317675517026643, 11.930333090075854 ], [ 76.317518934085641, 11.930355353083913 ], [ 76.31730172164697, 11.930210502330327 ], [ 76.317284078264052, 11.930151534827811 ], [ 76.317257363095223, 11.930062245714403 ], [ 76.317247401031722, 11.930028951898793 ], [ 76.316892014865815, 11.929882300932322 ], [ 76.316518832719922, 11.930103408971402 ], [ 76.316281576149478, 11.930243981636307 ], [ 76.315898327756813, 11.930364683380303 ], [ 76.315849816041393, 11.93037996206664 ], [ 76.315456726896301, 11.930435384675713 ], [ 76.315152862621872, 11.930750777114024 ], [ 76.31484333912671, 11.93116635473686 ], [ 76.314461706567243, 11.931678740794561 ], [ 76.314603492109782, 11.9318772370339 ], [ 76.315136354771838, 11.932623224931476 ], [ 76.315378604216392, 11.932962361248315 ], [ 76.315174421748438, 11.933514898981949 ], [ 76.315148788494483, 11.934092594671409 ], [ 76.315263537648875, 11.934255880896453 ], [ 76.31565891672264, 11.934205730260148 ], [ 76.31619734555602, 11.93449456997841 ], [ 76.316219908489785, 11.935022163154544 ], [ 76.316236351304198, 11.935406537474138 ], [ 76.316412527258336, 11.936006304863945 ], [ 76.316780894744696, 11.935901389527256 ], [ 76.317265572842601, 11.935763343602797 ], [ 76.31761571892585, 11.935745982815902 ], [ 76.317852241937857, 11.935813697536149 ], [ 76.317782442006447, 11.936050102704208 ], [ 76.317405768237037, 11.936228045351282 ], [ 76.316768005138698, 11.936529320746931 ], [ 76.316758689644786, 11.93654307375307 ], [ 76.316877127828221, 11.9365621385636 ], [ 76.316902320866518, 11.936584573055175 ], [ 76.317017419542594, 11.936687069799813 ], [ 76.31707536867097, 11.93686501462224 ], [ 76.317038743736845, 11.936919672175637 ], [ 76.316995773049726, 11.936983799384862 ], [ 76.316963125916288, 11.937007138477844 ], [ 76.316792367726833, 11.937129207957474 ], [ 76.316647148662639, 11.937233021089435 ], [ 76.316510240717463, 11.937305661268562 ], [ 76.31678050613435, 11.937722400629141 ], [ 76.316997216654045, 11.938224791538723 ], [ 76.317328717333197, 11.938727206874253 ], [ 76.317731241517549, 11.939041954718469 ], [ 76.317787734817344, 11.939342675063106 ], [ 76.317851431502532, 11.939681772354383 ], [ 76.31772375277167, 11.940347359016913 ], [ 76.317360235464946, 11.940808402612769 ], [ 76.317351923624031, 11.940824763060766 ], [ 76.317353453241836, 11.94087178082339 ], [ 76.317345344509206, 11.940953460166446 ], [ 76.317325653553254, 11.941151793923902 ], [ 76.317250372286082, 11.941363894079597 ], [ 76.317404667371179, 11.941439898448934 ], [ 76.317736241162777, 11.941603228558963 ], [ 76.317825455179559, 11.941917214415088 ], [ 76.317702232162262, 11.942623680875567 ], [ 76.317888998273915, 11.943009835734644 ], [ 76.318450070284683, 11.943575089423851 ], [ 76.318705075515794, 11.943964459507182 ], [ 76.318449796854111, 11.944893749757577 ], [ 76.317888427719595, 11.945735067535072 ], [ 76.317737579420694, 11.945711831682219 ], [ 76.317543157352119, 11.946004231305865 ], [ 76.317252758766983, 11.946238827926605 ], [ 76.31680994365442, 11.946354531192426 ], [ 76.316469829155793, 11.946356124472192 ], [ 76.316277118022086, 11.946250060321701 ], [ 76.316049631820007, 11.946124855837871 ], [ 76.315915890670894, 11.946114662394082 ], [ 76.315627626150231, 11.946092691827328 ], [ 76.315612247756349, 11.946091519737838 ], [ 76.315598353691499, 11.94609767765564 ], [ 76.315596961919539, 11.946098868570925 ], [ 76.315388344524152, 11.946277461705089 ], [ 76.315373914664661, 11.94629209278334 ], [ 76.315623401224485, 11.946902068671458 ], [ 76.315885594703772, 11.947543103633409 ], [ 76.316229783658329, 11.948384609470718 ], [ 76.316535810341421, 11.948761431748064 ], [ 76.317198934994167, 11.949289034766739 ], [ 76.317186131667953, 11.949527645561989 ], [ 76.316982972110097, 11.949872854954357 ], [ 76.316734579514801, 11.950156375503761 ], [ 76.316131344228694, 11.949738927763043 ], [ 76.316019393575331, 11.949812491096072 ], [ 76.316141060378627, 11.949963847774272 ], [ 76.316413707149806, 11.950124892119369 ], [ 76.316120391365843, 11.950474007894398 ], [ 76.316046246158066, 11.950549250879556 ], [ 76.316010481601793, 11.950598760872579 ], [ 76.315996160113073, 11.950586052703812 ], [ 76.315557451577433, 11.950208472490752 ], [ 76.315255112992233, 11.951218437522639 ], [ 76.315254310090111, 11.951258582514601 ], [ 76.315218710796927, 11.953038627280502 ], [ 76.314921961061216, 11.954242764304748 ], [ 76.314584389402611, 11.95561252858624 ], [ 76.314573865881854, 11.955628418068676 ], [ 76.314386893555522, 11.955910716658662 ], [ 76.313920785227438, 11.956614462505382 ], [ 76.313586815746461, 11.958475429999904 ], [ 76.312919520403412, 11.959314573397531 ], [ 76.314401526993578, 11.961358390417347 ], [ 76.315810728640898, 11.96330177224238 ], [ 76.31661756923603, 11.964414441125664 ], [ 76.317185927632707, 11.965041710752629 ], [ 76.317198418460663, 11.964852725148152 ] ] ] } },
{ "type": "Feature", "properties": { "OBJECTID": 21780, "KGISVillageID": 27787, "KGISVillageCode": "2608040032", "KGISVillageName": "Kitthuru", "KGISHobliID": 462, "UniqueVillageCode": "2608040032_1", "Bhucode": "260501003030", "CensusVillageCode": "2957705573619071", "BhoomiVillageCode": "2608040032", "created_user": "SURESHBV1", "created_date": 1692267586000.0, "last_edited_user": "SURESHBV2", "last_edited_date": 1724226098000.0, "LGDGPCode": "219442", "LGDGPCode_Secondary": null, "Category": "Cadastral data available and has bhoomi linkage", "SHAPE.STArea()": 12351940.16496007, "SHAPE.STLength()": 22537.997148790368, "LGD_VillageCode": 619071.0, "_overlap_percent": 99.590398213616112, "_police_station": "Saragur PS", "_police_feature_index": "506", "_admin_layer": "Village", "_geometry_clipped": true }, "geometry": { "type": "Polygon", "coordinates": [ [ [ 76.321106052424, 11.975132774665992 ], [ 76.32103203008198, 11.976597651652812 ], [ 76.321108735499053, 11.977739350757377 ], [ 76.321101609139404, 11.979106544135721 ], [ 76.321197008721796, 11.980134064972939 ], [ 76.321397217807032, 11.981105180846992 ], [ 76.321567869955516, 11.981570492809357 ], [ 76.322014297816594, 11.982482208881827 ], [ 76.322030809156217, 11.982515921515938 ], [ 76.322185064818584, 11.982830871253485 ], [ 76.322303347481352, 11.983072372771428 ], [ 76.322409906977754, 11.983289937853458 ], [ 76.322488660706711, 11.983585673051648 ], [ 76.322573992666179, 11.983906107500259 ], [ 76.322551025886568, 11.984772707278553 ], [ 76.322178929537088, 11.985421873328303 ], [ 76.321719067842423, 11.985958006116133 ], [ 76.321016192690763, 11.986777467720632 ], [ 76.320464792577127, 11.987736995224584 ], [ 76.320163306440037, 11.98826131945129 ], [ 76.320798067699414, 11.988866946424114 ], [ 76.321034615223482, 11.988897901871187 ], [ 76.32109207113578, 11.988905420790717 ], [ 76.321734964724172, 11.988989549584394 ], [ 76.32194972054883, 11.989164761437758 ], [ 76.322461940276796, 11.989582662592348 ], [ 76.322865698414276, 11.989593416408075 ], [ 76.323496809214362, 11.989610468255389 ], [ 76.325178281872368, 11.989292437253098 ], [ 76.326519745514162, 11.988472065597509 ], [ 76.327725219402552, 11.987734846980093 ], [ 76.329049386782231, 11.986652060139846 ], [ 76.330304674454396, 11.985369475446305 ], [ 76.331362567106169, 11.984288561171965 ], [ 76.332690548201839, 11.983558845719781 ], [ 76.334376743920771, 11.98353079933797 ], [ 76.336340764738281, 11.983597104996759 ], [ 76.337528739545277, 11.983757613482446 ], [ 76.337714483146343, 11.98378271109241 ], [ 76.338119974111549, 11.983837493773702 ], [ 76.339866452985419, 11.983465514868195 ], [ 76.341066671209376, 11.982978603130901 ], [ 76.341068806600347, 11.982977714721244 ], [ 76.341454533440228, 11.982739299674639 ], [ 76.341766810953487, 11.982546282275466 ], [ 76.341883546858568, 11.982474128575701 ], [ 76.342071258377175, 11.982358104706853 ], [ 76.342733991917001, 11.981949319776913 ], [ 76.343827579386286, 11.980986445860834 ], [ 76.344841794642832, 11.980097674023231 ], [ 76.345036187219137, 11.979927776598389 ], [ 76.34469976278362, 11.979512959896535 ], [ 76.344640995324525, 11.979459930893 ], [ 76.34426877896972, 11.979022104710264 ], [ 76.344134741581485, 11.979021527765619 ], [ 76.34407506967176, 11.978959190611414 ], [ 76.343942117757649, 11.97882047102931 ], [ 76.343739179224954, 11.978608729055678 ], [ 76.343707519547564, 11.978575695398767 ], [ 76.343483254658935, 11.978341700356184 ], [ 76.343402752722412, 11.978299749295482 ], [ 76.343269606984194, 11.978230363842881 ], [ 76.343179699395606, 11.978183510478168 ], [ 76.343160320837256, 11.97817341217509 ], [ 76.343121314081316, 11.978153057636824 ], [ 76.342676176010826, 11.97792077718676 ], [ 76.341991046420645, 11.977593880344161 ], [ 76.341947519261282, 11.977572839341436 ], [ 76.341872102948798, 11.977536383957212 ], [ 76.341369390019011, 11.976879398835353 ], [ 76.341323359337821, 11.976833349294242 ], [ 76.341226353320636, 11.976736304835939 ], [ 76.340806406611534, 11.976305640395184 ], [ 76.339766343469535, 11.975239023923173 ], [ 76.339733664290875, 11.975208756655736 ], [ 76.339156706978144, 11.974674387093657 ], [ 76.339047638493426, 11.974573369678419 ], [ 76.33904328549832, 11.974555796422484 ], [ 76.338916963021191, 11.974045881220855 ], [ 76.338875310071799, 11.97387774505048 ], [ 76.338842255348666, 11.973744317412077 ], [ 76.338830341411082, 11.97369622483313 ], [ 76.338815853755264, 11.973637744524744 ], [ 76.338744815323636, 11.973350987888734 ], [ 76.338733861045327, 11.9733062513092 ], [ 76.338710018208872, 11.973208872772195 ], [ 76.338706666224383, 11.973195218578683 ], [ 76.338702267487008, 11.973177296541905 ], [ 76.338641783584251, 11.972930877116161 ], [ 76.338218030298307, 11.972510769606753 ], [ 76.338216685939628, 11.972407601299542 ], [ 76.338216401408161, 11.972385800863819 ], [ 76.337943124211449, 11.97198066751756 ], [ 76.337662369519165, 11.97175626654689 ], [ 76.337435366361774, 11.971700774084189 ], [ 76.337375584090324, 11.971636075940365 ], [ 76.337236848346649, 11.971485932982722 ], [ 76.337166407082307, 11.971394995772647 ], [ 76.337380976248809, 11.971330993176732 ], [ 76.337613334523439, 11.971201112334862 ], [ 76.337917782129523, 11.971030936522396 ], [ 76.337922863746442, 11.971028095971308 ], [ 76.337984593165274, 11.970993591690403 ], [ 76.337986352363799, 11.970992608664931 ], [ 76.338006952639645, 11.970981093258548 ], [ 76.338023392421846, 11.970941081950862 ], [ 76.33802960019996, 11.970875232865584 ], [ 76.338032584959748, 11.970843571937909 ], [ 76.338044930391419, 11.970715165979236 ], [ 76.337950820665853, 11.970722305294759 ], [ 76.33798842217017, 11.970288261674238 ], [ 76.338017276928824, 11.969955184173104 ], [ 76.338052556499335, 11.969619597850111 ], [ 76.338038142308889, 11.969475726264655 ], [ 76.338034159697699, 11.969435969678687 ], [ 76.338034314456053, 11.969435135347711 ], [ 76.338116432323972, 11.969437423480832 ], [ 76.338122999953299, 11.969437808047893 ], [ 76.338123411779847, 11.969425578849609 ], [ 76.338146559605704, 11.96873759158599 ], [ 76.338149354792748, 11.968654524556092 ], [ 76.338107574030815, 11.968653624422156 ], [ 76.33808793830832, 11.968655472051005 ], [ 76.338070030640807, 11.968507035066857 ], [ 76.338042869497286, 11.968281884752658 ], [ 76.338017219083525, 11.968069260049646 ], [ 76.338012309020982, 11.968028563080995 ], [ 76.337990683375779, 11.967748524718195 ], [ 76.337987291008091, 11.967704606385217 ], [ 76.337947642017269, 11.967717021781647 ], [ 76.337865244094132, 11.967742822988034 ], [ 76.337771037616633, 11.967771533856155 ], [ 76.337589373013174, 11.967826898117631 ], [ 76.337586783730998, 11.967789419565657 ], [ 76.337584213261934, 11.967752218486794 ], [ 76.337582808382365, 11.967731882618752 ], [ 76.337434547837347, 11.967772645220403 ], [ 76.337432528976706, 11.967772920652987 ], [ 76.337412765163222, 11.967716771729938 ], [ 76.337410346604656, 11.967709900237516 ], [ 76.337403007076674, 11.967688106290828 ], [ 76.33730313698419, 11.967391534699601 ], [ 76.337180869354953, 11.96716069852376 ], [ 76.337046016790467, 11.966906100633725 ], [ 76.337038063770663, 11.966847100772412 ], [ 76.337014767080305, 11.966674283649029 ], [ 76.337010833952931, 11.966645107635138 ], [ 76.336930576240093, 11.966049740168151 ], [ 76.336946806125312, 11.965922560645112 ], [ 76.336955335336697, 11.965855727659859 ], [ 76.336812991505653, 11.965525620149362 ], [ 76.336768984742662, 11.965527779947825 ], [ 76.336649844695501, 11.965533626554286 ], [ 76.336522903133059, 11.965552771816963 ], [ 76.33655100884161, 11.965232808360744 ], [ 76.336475554111445, 11.965246002511963 ], [ 76.336587591139647, 11.964463320375055 ], [ 76.33657566947744, 11.963843699735344 ], [ 76.336575024428228, 11.963810152018763 ], [ 76.336571399145726, 11.963621728293134 ], [ 76.336571606137909, 11.963618815154321 ], [ 76.336576534158027, 11.963549398179055 ], [ 76.336576908114438, 11.963515607827183 ], [ 76.336584061349242, 11.962869527808532 ], [ 76.336608367877574, 11.962458266833934 ], [ 76.336617650457413, 11.962301203231529 ], [ 76.336657389768021, 11.961479869025201 ], [ 76.33667615988216, 11.961091929810689 ], [ 76.336687370050569, 11.961056798591775 ], [ 76.336694370548855, 11.961032808027706 ], [ 76.336714849180538, 11.960962630779887 ], [ 76.336720552878816, 11.960943082881059 ], [ 76.336731548503153, 11.960905403079305 ], [ 76.336806336279139, 11.960645995503658 ], [ 76.336929991893982, 11.960331871454171 ], [ 76.337029899138486, 11.96007807450564 ], [ 76.337110551095535, 11.959873193238492 ], [ 76.337284003046122, 11.959432569618384 ], [ 76.337305744017726, 11.95937733948691 ], [ 76.337407994158653, 11.959117590362995 ], [ 76.337555535232823, 11.958742786646226 ], [ 76.337558207174027, 11.958735652207638 ], [ 76.337628894312047, 11.95860715723423 ], [ 76.337649566034329, 11.958578589997996 ], [ 76.337746307631576, 11.958444897894871 ], [ 76.337898694388628, 11.958234306993276 ], [ 76.337957344757726, 11.958156418352637 ], [ 76.338226487939878, 11.957798989773547 ], [ 76.338682311678028, 11.957193643601469 ], [ 76.338710698362689, 11.957155945043436 ], [ 76.338881843016068, 11.956928658452751 ], [ 76.338953001118725, 11.956834896160338 ], [ 76.338979368363781, 11.956800153718477 ], [ 76.339097183804242, 11.95664491158109 ], [ 76.339186847395922, 11.956528252914874 ], [ 76.339459565785134, 11.956173425613486 ], [ 76.339585402942561, 11.956009701540461 ], [ 76.33966138632158, 11.955775865216838 ], [ 76.339692103373338, 11.95557322246718 ], [ 76.339724921084283, 11.955356721381078 ], [ 76.339816692160284, 11.954751288478436 ], [ 76.339928274334611, 11.95422209359773 ], [ 76.339929313176683, 11.954213574600171 ], [ 76.339929438182438, 11.954213600223142 ], [ 76.339938300341444, 11.954148905656558 ], [ 76.340017470255574, 11.953570967275258 ], [ 76.340065759900043, 11.953218447063634 ], [ 76.340127621680566, 11.952690492002064 ], [ 76.340139232638478, 11.952591397245003 ], [ 76.340142264924964, 11.952565519692499 ], [ 76.340162971106977, 11.952421305131015 ], [ 76.340167413655081, 11.952390362332469 ], [ 76.340180780104504, 11.952205772502177 ], [ 76.340188949939844, 11.952092951625776 ], [ 76.340261811624643, 11.951122137918691 ], [ 76.340262535409835, 11.950903470850131 ], [ 76.340268716680995, 11.949036380487819 ], [ 76.34026620927834, 11.948885993043259 ], [ 76.340254343676406, 11.948174191649141 ], [ 76.340253586935916, 11.948128806008331 ], [ 76.340231795124282, 11.946821552461435 ], [ 76.3402299767492, 11.946712462553794 ], [ 76.340210362463992, 11.945535800522784 ], [ 76.340210328569469, 11.945533762810376 ], [ 76.340209581203467, 11.945381792868069 ], [ 76.340188586768505, 11.941111920580548 ], [ 76.34018805759996, 11.941004276488648 ], [ 76.340178448958952, 11.939049494060633 ], [ 76.340151126243953, 11.937539855408634 ], [ 76.340135114321768, 11.93665516475957 ], [ 76.340133439419802, 11.936562640182267 ], [ 76.340114554523083, 11.93551919511277 ], [ 76.34009254684733, 11.934303106857202 ], [ 76.340088010927388, 11.934052438114181 ], [ 76.34008514893199, 11.933894303010018 ], [ 76.340069293604245, 11.933018147103503 ], [ 76.340067192728597, 11.932902044296874 ], [ 76.340048397944884, 11.931863441831661 ], [ 76.340340628327425, 11.931462006076536 ], [ 76.340537403885506, 11.931160014612303 ], [ 76.340617217741396, 11.931037524577079 ], [ 76.341402619288985, 11.929832162292545 ], [ 76.341683354592362, 11.929401313389574 ], [ 76.341991870425502, 11.928896354431281 ], [ 76.342061148756741, 11.92884678870694 ], [ 76.341579871905097, 11.928213805901111 ], [ 76.341574215373839, 11.928206366680715 ], [ 76.339792862252096, 11.92586346648371 ], [ 76.339792134059891, 11.925862508874264 ], [ 76.337800530435103, 11.923243014653934 ], [ 76.33777374677662, 11.923207786425424 ], [ 76.337702858455259, 11.923114547136819 ], [ 76.337050011810391, 11.922309780572107 ], [ 76.335728478085102, 11.922509155544448 ], [ 76.335048868514477, 11.922606136389705 ], [ 76.335008931182202, 11.92261183542959 ], [ 76.333686236172852, 11.922800581417343 ], [ 76.33256838067885, 11.922960312616327 ], [ 76.332382607220836, 11.922986856938758 ], [ 76.331510591579089, 11.923111456563769 ], [ 76.331449609573426, 11.923120169507476 ], [ 76.330110448849354, 11.923197398780534 ], [ 76.330027383096407, 11.923202188794759 ], [ 76.329947841057617, 11.923206775892714 ], [ 76.328048500387325, 11.923316298628761 ], [ 76.327598065802576, 11.923342270750529 ], [ 76.326918858860481, 11.923311115805406 ], [ 76.32537419839565, 11.923398179531809 ], [ 76.32571123884486, 11.925756904656126 ], [ 76.325792037289702, 11.926322359843619 ], [ 76.325818513968528, 11.926507647655946 ], [ 76.325838530471032, 11.926647725507058 ], [ 76.325199592237553, 11.926629901594261 ], [ 76.325199007358748, 11.926656931038051 ], [ 76.325191651291391, 11.926693832093184 ], [ 76.325188731105058, 11.926708483554386 ], [ 76.325032579950616, 11.928013415440493 ], [ 76.324956703759312, 11.928971268044236 ], [ 76.324912767275492, 11.929586446878508 ], [ 76.324890032160255, 11.929904775429279 ], [ 76.324648595440237, 11.933285247037039 ], [ 76.324640422926905, 11.933399668507482 ], [ 76.324615718066042, 11.93374557925468 ], [ 76.324468162927857, 11.935510653242694 ], [ 76.324424664991128, 11.935735227275417 ], [ 76.324315776622356, 11.936297405755331 ], [ 76.324060363055466, 11.937616066249841 ], [ 76.324016684587079, 11.937841569637243 ], [ 76.324016108438428, 11.937846016101329 ], [ 76.32401810933824, 11.937860614555179 ], [ 76.32470017787206, 11.940270293198839 ], [ 76.324846684664124, 11.940787879794943 ], [ 76.325410042677802, 11.944256499147404 ], [ 76.325409882923424, 11.944256690669876 ], [ 76.325292389692535, 11.944397218608382 ], [ 76.325141786437769, 11.944639087142349 ], [ 76.324831053676448, 11.945138121436223 ], [ 76.323849659814542, 11.946379976502326 ], [ 76.323830499738094, 11.946404221218183 ], [ 76.323747220611267, 11.946863514919286 ], [ 76.32374308199374, 11.946886338125562 ], [ 76.323724118422291, 11.946990922915179 ], [ 76.323716149718393, 11.947034871745222 ], [ 76.323600773584175, 11.947627699610784 ], [ 76.323587856852541, 11.947694008026776 ], [ 76.323585414697135, 11.947706545206547 ], [ 76.323569302358663, 11.947789255846804 ], [ 76.323297152946949, 11.949245868686381 ], [ 76.323288573899319, 11.949291784134104 ], [ 76.323245946251305, 11.9495199352179 ], [ 76.323200422490913, 11.949763591128471 ], [ 76.323180617084688, 11.949869595718679 ], [ 76.323163504582368, 11.949961184092142 ], [ 76.323163254898461, 11.949962522461339 ], [ 76.323150435571876, 11.94997481105092 ], [ 76.323107508588379, 11.95017255978931 ], [ 76.323107382845834, 11.950173138114097 ], [ 76.323504385050697, 11.950594270761165 ], [ 76.323611821281034, 11.950708237068913 ], [ 76.323627212995405, 11.950732696039854 ], [ 76.323998428938978, 11.951118990602879 ], [ 76.324059433302864, 11.951182472475681 ], [ 76.324060609876113, 11.951189717065711 ], [ 76.32406599773276, 11.951222899986085 ], [ 76.324081177398028, 11.951304402635287 ], [ 76.324080831135845, 11.951336307030113 ], [ 76.324079850570868, 11.951426618729586 ], [ 76.324078974214402, 11.951507388763813 ], [ 76.324075613627613, 11.951817004066076 ], [ 76.324069744905756, 11.951883994434777 ], [ 76.324023936230716, 11.952389083334179 ], [ 76.324001546937993, 11.952635949291354 ], [ 76.324081764930526, 11.953248118473363 ], [ 76.324095164192101, 11.95335036908669 ], [ 76.324121485025429, 11.95355123076504 ], [ 76.324143255200084, 11.953717358632357 ], [ 76.324204576770384, 11.954295356052983 ], [ 76.324205397661203, 11.954303095061006 ], [ 76.324213332210221, 11.954377880762138 ], [ 76.324374284061065, 11.954709645226968 ], [ 76.324398420303353, 11.954845262321504 ], [ 76.324426046673082, 11.95500048505234 ], [ 76.324471060461363, 11.955253403561503 ], [ 76.324490672945657, 11.955363597340266 ], [ 76.324524162928924, 11.955551767427187 ], [ 76.324543701959598, 11.955607021838038 ], [ 76.324526441068471, 11.955638971633581 ], [ 76.324526230845976, 11.955639360492116 ], [ 76.324431943392057, 11.955813888768219 ], [ 76.324374479199165, 11.955920256329605 ], [ 76.324181883853669, 11.956244414221732 ], [ 76.324156516537712, 11.956287109707828 ], [ 76.323656079415684, 11.957388811062279 ], [ 76.323618588230545, 11.957471346722111 ], [ 76.323596187636724, 11.957520661714465 ], [ 76.323592939884861, 11.957558643706383 ], [ 76.323553937550741, 11.958014825556676 ], [ 76.323556736132034, 11.958295988954943 ], [ 76.323557443071607, 11.958366976167099 ], [ 76.323565812603249, 11.959207856253078 ], [ 76.323498984958434, 11.95935501832043 ], [ 76.323489559096245, 11.95937957613749 ], [ 76.32346079095575, 11.959454531228692 ], [ 76.323439897113957, 11.959501589670234 ], [ 76.323368110619526, 11.959663266316076 ], [ 76.323311044668799, 11.959791897625326 ], [ 76.323045962886695, 11.95994035019557 ], [ 76.322719431051581, 11.960123216239161 ], [ 76.322621745312034, 11.960177921809786 ], [ 76.322596309890869, 11.960192166692998 ], [ 76.32259371815752, 11.960192460987598 ], [ 76.32201058230055, 11.960316665086397 ], [ 76.321935923300984, 11.960332566588049 ], [ 76.321807759383802, 11.960359865067588 ], [ 76.321810007836262, 11.96035922250187 ], [ 76.321807502101677, 11.960342056927516 ], [ 76.321712618700403, 11.960357830272143 ], [ 76.320718019851668, 11.960523179339775 ], [ 76.320592962701966, 11.960543969279016 ], [ 76.32058794995929, 11.960566688082791 ], [ 76.320556045149672, 11.960711311136272 ], [ 76.320562874737021, 11.960719547190225 ], [ 76.320543579846671, 11.961067877914173 ], [ 76.320535949032816, 11.961205639335866 ], [ 76.320522094904248, 11.961455762438096 ], [ 76.320521942899774, 11.961458499924783 ], [ 76.320516954779706, 11.961548557480306 ], [ 76.320466997436696, 11.961917950151978 ], [ 76.320446240680454, 11.962107517012425 ], [ 76.32043359776462, 11.962109551985817 ], [ 76.320217163384001, 11.962144390405967 ], [ 76.319816497620636, 11.96227078452314 ], [ 76.31941966702685, 11.962570465501425 ], [ 76.319042467157246, 11.962910484214961 ], [ 76.318732327461547, 11.963191160128559 ], [ 76.31847007329155, 11.963353802993641 ], [ 76.318243957700446, 11.963539636590252 ], [ 76.317746560090981, 11.963904243536311 ], [ 76.317743467305348, 11.963906510222017 ], [ 76.317460222767167, 11.964262577197884 ], [ 76.317442397373156, 11.964557878977352 ], [ 76.317198418460663, 11.964852725148152 ], [ 76.317185927632707, 11.965041710752629 ], [ 76.31749690942722, 11.965384926292991 ], [ 76.318735187551326, 11.966087801544509 ], [ 76.319861392477179, 11.966727058636488 ], [ 76.320832932384221, 11.96749362633579 ], [ 76.321311803206228, 11.968153979220137 ], [ 76.321819433312697, 11.968729444295578 ], [ 76.321991531692461, 11.970502746673141 ], [ 76.321799608069412, 11.972134496587792 ], [ 76.32142499209769, 11.973752311369152 ], [ 76.321421700082283, 11.973766527688218 ], [ 76.321406485523866, 11.973832233186272 ], [ 76.321106052424, 11.975132774665992 ] ], [ [ 76.327327953746988, 11.957769705346786 ], [ 76.327124434119511, 11.957330676362751 ], [ 76.32648647659758, 11.955932205753081 ], [ 76.326460963455062, 11.955876277236893 ], [ 76.326382396087411, 11.955704047556305 ], [ 76.326029405181274, 11.954985834325218 ], [ 76.326006289028541, 11.954938617366302 ], [ 76.325287142183555, 11.953928385725797 ], [ 76.325273782324118, 11.953909617768366 ], [ 76.325135803310431, 11.953715789103819 ], [ 76.325025104689431, 11.953490510269047 ], [ 76.324948483277893, 11.953334580224125 ], [ 76.324898699534188, 11.953233266177861 ], [ 76.324617947059252, 11.952661911102808 ], [ 76.324620906819987, 11.952661932150933 ], [ 76.324506136433982, 11.952498177895936 ], [ 76.32450076145517, 11.952490509182246 ], [ 76.325810247162281, 11.952556606535737 ], [ 76.326191131606905, 11.952575830365861 ], [ 76.326776517140559, 11.952667583701517 ], [ 76.326817366506745, 11.952673986313346 ], [ 76.327146424000958, 11.952745745101938 ], [ 76.328002175074374, 11.952932365017299 ], [ 76.328020827583515, 11.952939612852889 ], [ 76.328910973209034, 11.95328548584337 ], [ 76.329178709846815, 11.95338951627547 ], [ 76.330285229057225, 11.953832382341929 ], [ 76.330370347166323, 11.95386199229646 ], [ 76.331074478898046, 11.954106931562153 ], [ 76.331570431388997, 11.9542794524738 ], [ 76.332474772817577, 11.954594033112524 ], [ 76.331656505563828, 11.956623237809163 ], [ 76.331655560621073, 11.956636069726875 ], [ 76.331527068334154, 11.958774628117538 ], [ 76.331487280994651, 11.959436818198528 ], [ 76.331449192345232, 11.959438338995831 ], [ 76.331439894238642, 11.959564597491811 ], [ 76.33139132878992, 11.959562736570243 ], [ 76.331117301487353, 11.959559705146782 ], [ 76.330832192996056, 11.959560308090529 ], [ 76.330763465147257, 11.95956045393128 ], [ 76.33018767007276, 11.959603645307823 ], [ 76.329915892668453, 11.959601808146466 ], [ 76.329631899350261, 11.959447262602177 ], [ 76.329025500112166, 11.959215373870133 ], [ 76.328741615885207, 11.959188957708585 ], [ 76.328415163921463, 11.959056880159551 ], [ 76.328182654989789, 11.959017575083628 ], [ 76.32807032804125, 11.958982798798615 ], [ 76.328114583301144, 11.958861420515015 ], [ 76.328084233126347, 11.95884201704475 ], [ 76.327688686333374, 11.95816513561175 ], [ 76.327616301256342, 11.958001551873592 ], [ 76.327327953746988, 11.957769705346786 ] ] ] } },
{ "type": "Feature", "properties": { "OBJECTID": 21572, "KGISVillageID": 27566, "KGISVillageCode": "2605050023", "KGISVillageName": "Malaligaddhe", "KGISHobliID": 52, "UniqueVillageCode": "2605050023_1", "Bhucode": "260501001040", "CensusVillageCode": "2957705573619043", "BhoomiVillageCode": "2605050023", "created_user": null, "created_date": null, "last_edited_user": null, "last_edited_date": null, "LGDGPCode": "219442", "LGDGPCode_Secondary": null, "Category": "Cadastral data available and has bhoomi linkage", "SHAPE.STArea()": 373424.302921005, "SHAPE.STLength()": 2611.7799049386458, "LGD_VillageCode": 619043.0, "_overlap_percent": 3.8469258923239145, "_police_station": "Saragur PS", "_police_feature_index": "506", "_admin_layer": "Village", "_geometry_clipped": true }, "geometry": { "type": "MultiPolygon", "coordinates": [ [ [ [ 76.329631899350261, 11.959447262602177 ], [ 76.329915892668453, 11.959601808146466 ], [ 76.33018767007276, 11.959603645307823 ], [ 76.330724762074951, 11.959563356954215 ], [ 76.330763465147257, 11.95956045393128 ], [ 76.330832192996056, 11.959560308090529 ], [ 76.331117301487353, 11.959559705146782 ], [ 76.33139132878992, 11.959562736570243 ], [ 76.331439894238642, 11.959564597491811 ], [ 76.33144912396719, 11.959439273903998 ], [ 76.331449192818454, 11.959438338976938 ], [ 76.331439975389998, 11.959438707008898 ], [ 76.331174106590808, 11.959449318937507 ], [ 76.330830113275454, 11.959463049447088 ], [ 76.330268991755617, 11.959522134505981 ], [ 76.330003731129764, 11.959524962529324 ], [ 76.329726834512684, 11.959369933210047 ], [ 76.329352905931515, 11.95924583989639 ], [ 76.32905059612817, 11.959217709119329 ], [ 76.329025497086164, 11.959215373588556 ], [ 76.329631899350261, 11.959447262602177 ] ] ], [ [ [ 76.324620906627459, 11.952661932408271 ], [ 76.324617947059252, 11.952661911102808 ], [ 76.324898699534188, 11.953233266177861 ], [ 76.324948483277893, 11.953334580224125 ], [ 76.325025104689431, 11.953490510269047 ], [ 76.325135803310431, 11.953715789103819 ], [ 76.325273782324118, 11.953909617768366 ], [ 76.325287142183555, 11.953928385725797 ], [ 76.326006289028541, 11.954938617366302 ], [ 76.326029405181274, 11.954985834325218 ], [ 76.326036537114305, 11.955000345211358 ], [ 76.326146214117443, 11.955223500005967 ], [ 76.326382396087411, 11.955704047556305 ], [ 76.326460963455062, 11.955876277236893 ], [ 76.32648647659758, 11.955932205753081 ], [ 76.326601802848657, 11.956185013997121 ], [ 76.327124434119511, 11.957330676362751 ], [ 76.327327953746988, 11.957769705346786 ], [ 76.327616284228171, 11.958001537844179 ], [ 76.327616301024293, 11.958001551349184 ], [ 76.32759452325547, 11.957952335558037 ], [ 76.327289563998463, 11.957263156633314 ], [ 76.326557318025635, 11.955640239603262 ], [ 76.326191260381194, 11.95491583634487 ], [ 76.326167088892291, 11.954868000542326 ], [ 76.324821535434253, 11.952948188827445 ], [ 76.324620907002213, 11.952661932410935 ], [ 76.324620906627459, 11.952661932408271 ] ] ], [ [ [ 76.331656505563828, 11.956623237809163 ], [ 76.331656301151412, 11.956623744727459 ], [ 76.331655560621073, 11.956636069726875 ], [ 76.331656505563828, 11.956623237809163 ] ] ] ] } },
{ "type": "Feature", "properties": { "OBJECTID": 21801, "KGISVillageID": 27808, "KGISVillageCode": "2608040035", "KGISVillageName": "Vuyyamballi", "KGISHobliID": 462, "UniqueVillageCode": "2608040035_1", "Bhucode": "260501003049", "CensusVillageCode": "2957705573619072", "BhoomiVillageCode": "2608040035", "created_user": "SA", "created_date": 1556019584000.0, "last_edited_user": "SURESHBV2", "last_edited_date": 1724226112000.0, "LGDGPCode": "219442", "LGDGPCode_Secondary": null, "Category": "Cadastral data available and has bhoomi linkage", "SHAPE.STArea()": 3394138.3172492702, "SHAPE.STLength()": 12377.589512863306, "LGD_VillageCode": 619072.0, "_overlap_percent": 99.999999999999972, "_police_station": "Saragur PS", "_police_feature_index": "506", "_admin_layer": "Village", "_geometry_clipped": true }, "geometry": { "type": "Polygon", "coordinates": [ [ [ 76.34678722450127, 11.970624515539205 ], [ 76.346752680812259, 11.970440476054545 ], [ 76.346793032880925, 11.970401139759904 ], [ 76.346793285112653, 11.970400894439056 ], [ 76.346792611492788, 11.970400790083882 ], [ 76.346790838491529, 11.970370238749574 ], [ 76.346790480704684, 11.970370308275585 ], [ 76.346283569355805, 11.97046814323652 ], [ 76.346160825587674, 11.970320443615936 ], [ 76.346128452479107, 11.970281510628514 ], [ 76.346208073532353, 11.970211255245268 ], [ 76.34621617963252, 11.970204101896908 ], [ 76.346110975851275, 11.969519266194316 ], [ 76.346087997272406, 11.96917150978798 ], [ 76.345715875353747, 11.969198719476079 ], [ 76.345306547111946, 11.969162034532305 ], [ 76.345048769758193, 11.969019599966485 ], [ 76.34478136857247, 11.968791820644952 ], [ 76.34478088125303, 11.968774421546701 ], [ 76.344775813492959, 11.968590979009271 ], [ 76.344854787406646, 11.968487728857875 ], [ 76.345211269646427, 11.968021668296322 ], [ 76.345261892737199, 11.967005005450659 ], [ 76.345265276546414, 11.966938527091513 ], [ 76.345271058826398, 11.966857368025227 ], [ 76.345299955757866, 11.96645180602081 ], [ 76.345343069652401, 11.965846699929298 ], [ 76.345392361450536, 11.965794704140045 ], [ 76.345455161213224, 11.965728458976866 ], [ 76.345176649130224, 11.965457156584705 ], [ 76.345168878263692, 11.965449446500694 ], [ 76.344292334387745, 11.964579722145855 ], [ 76.343997911276333, 11.964284102492638 ], [ 76.343807068474334, 11.964092482923395 ], [ 76.343812352113929, 11.964029629970563 ], [ 76.343812799622327, 11.964024301703441 ], [ 76.343814573289791, 11.964003207508421 ], [ 76.343883688170138, 11.963181045898494 ], [ 76.343905310138851, 11.962923843620207 ], [ 76.343926834930386, 11.962667791835921 ], [ 76.343955139933243, 11.962537943344476 ], [ 76.344005566829935, 11.962306609029156 ], [ 76.344006746439277, 11.962246112853075 ], [ 76.344016870319138, 11.962204482454043 ], [ 76.343940939386044, 11.96143299636234 ], [ 76.343868996949183, 11.960702020620047 ], [ 76.344365013349758, 11.960554568372444 ], [ 76.344570900034299, 11.960493363105657 ], [ 76.344873716130365, 11.960404230083958 ], [ 76.345193515380743, 11.960336341572958 ], [ 76.345342686071632, 11.960304903263166 ], [ 76.345441637903932, 11.960284124530087 ], [ 76.345357404019794, 11.959770858860313 ], [ 76.345346070445842, 11.95969774068343 ], [ 76.345329140744809, 11.959588515584814 ], [ 76.345360343101547, 11.959579463283118 ], [ 76.345390700065764, 11.959570660947584 ], [ 76.345364819692719, 11.959409503157852 ], [ 76.34536945942132, 11.959233348178957 ], [ 76.345323751702821, 11.958893150071622 ], [ 76.345296536478799, 11.958690585805988 ], [ 76.345227265144629, 11.958175005175766 ], [ 76.34519167455332, 11.957859219269634 ], [ 76.345192262120619, 11.957798060509239 ], [ 76.345192365202806, 11.957787330917993 ], [ 76.345193249252773, 11.957704779446356 ], [ 76.345193321228024, 11.957698532591529 ], [ 76.34519633169252, 11.957471357307851 ], [ 76.345200805937139, 11.95735068212168 ], [ 76.345201206291335, 11.957340275682361 ], [ 76.345228009334491, 11.956951057237863 ], [ 76.345285833259226, 11.956111378179443 ], [ 76.345231657966636, 11.95555935897845 ], [ 76.345215744519336, 11.955397204026067 ], [ 76.345242974552136, 11.955394741896995 ], [ 76.345260606631413, 11.955251845695424 ], [ 76.345265217945354, 11.955214476543251 ], [ 76.345295796375979, 11.95481197665937 ], [ 76.345314529483886, 11.95456539159728 ], [ 76.345349990332892, 11.954098629340548 ], [ 76.345371107319252, 11.953820670106872 ], [ 76.345389039459192, 11.95358463172623 ], [ 76.345425952953633, 11.953098741428478 ], [ 76.34534791035334, 11.95308820437895 ], [ 76.345337930290285, 11.953087490913328 ], [ 76.345238161878086, 11.953080372357064 ], [ 76.34523688098956, 11.952844293973369 ], [ 76.345220725101242, 11.949865335417732 ], [ 76.344853749094185, 11.939292892692563 ], [ 76.347209631463613, 11.939457413726888 ], [ 76.34123088380062, 11.934808403885912 ], [ 76.340693805942934, 11.934390763020604 ], [ 76.340506179587507, 11.934237723397306 ], [ 76.340489646022334, 11.934224237739933 ], [ 76.34008514893199, 11.933894303010018 ], [ 76.340088010927388, 11.934052438114181 ], [ 76.34009254684733, 11.934303106857202 ], [ 76.340114554523083, 11.93551919511277 ], [ 76.340133439419802, 11.936562640182267 ], [ 76.340135114321768, 11.93665516475957 ], [ 76.340151126243953, 11.937539855408634 ], [ 76.340178448958952, 11.939049494060633 ], [ 76.34018805759996, 11.941004276488648 ], [ 76.340188586768505, 11.941111920580548 ], [ 76.340209581203467, 11.945381792868069 ], [ 76.340210328569469, 11.945533762810376 ], [ 76.340210362463992, 11.945535800522784 ], [ 76.3402299767492, 11.946712462553794 ], [ 76.340231795124282, 11.946821552461435 ], [ 76.340253586935916, 11.948128806008331 ], [ 76.340254343676406, 11.948174191649141 ], [ 76.34026620927834, 11.948885993043259 ], [ 76.340268716680995, 11.949036380487819 ], [ 76.340262535409835, 11.950903470850131 ], [ 76.340261811624643, 11.951122137918691 ], [ 76.340188949939844, 11.952092951625776 ], [ 76.340180780104504, 11.952205772502177 ], [ 76.340167413655081, 11.952390362332469 ], [ 76.340162971106977, 11.952421305131015 ], [ 76.340142264924964, 11.952565519692499 ], [ 76.340139232638478, 11.952591397245003 ], [ 76.340127621680566, 11.952690492002064 ], [ 76.340065759900043, 11.953218447063634 ], [ 76.340017470255574, 11.953570967275258 ], [ 76.339938300341444, 11.954148905656558 ], [ 76.339929438182438, 11.954213600223142 ], [ 76.339929313176683, 11.954213574600171 ], [ 76.339928274334611, 11.95422209359773 ], [ 76.339816692160284, 11.954751288478436 ], [ 76.339724921084283, 11.955356721381078 ], [ 76.339692103373338, 11.95557322246718 ], [ 76.33966138632158, 11.955775865216838 ], [ 76.339585402942561, 11.956009701540461 ], [ 76.339459565785134, 11.956173425613486 ], [ 76.339186847395922, 11.956528252914874 ], [ 76.339097183804242, 11.95664491158109 ], [ 76.338979368363781, 11.956800153718477 ], [ 76.338953001118725, 11.956834896160338 ], [ 76.338881843016068, 11.956928658452751 ], [ 76.338710698362689, 11.957155945043436 ], [ 76.338682311678028, 11.957193643601469 ], [ 76.338226487939878, 11.957798989773547 ], [ 76.337957344757726, 11.958156418352637 ], [ 76.337898694388628, 11.958234306993276 ], [ 76.337746307631576, 11.958444897894871 ], [ 76.337649566034329, 11.958578589997996 ], [ 76.337628894312047, 11.95860715723423 ], [ 76.337558207174027, 11.958735652207638 ], [ 76.337555535232823, 11.958742786646226 ], [ 76.337407994158653, 11.959117590362995 ], [ 76.337305744017726, 11.95937733948691 ], [ 76.337284003046122, 11.959432569618384 ], [ 76.337110551095535, 11.959873193238492 ], [ 76.337029899138486, 11.96007807450564 ], [ 76.336929991893982, 11.960331871454171 ], [ 76.336806336279139, 11.960645995503658 ], [ 76.336731548503153, 11.960905403079305 ], [ 76.336720552878816, 11.960943082881059 ], [ 76.336714849180538, 11.960962630779887 ], [ 76.336694370548855, 11.961032808027706 ], [ 76.336687370050569, 11.961056798591775 ], [ 76.33667615988216, 11.961091929810689 ], [ 76.336657389768021, 11.961479869025201 ], [ 76.336617650457413, 11.962301203231529 ], [ 76.336608367877574, 11.962458266833934 ], [ 76.336584061349242, 11.962869527808532 ], [ 76.336576908114438, 11.963515607827183 ], [ 76.336576534158027, 11.963549398179055 ], [ 76.336571606137909, 11.963618815154321 ], [ 76.336571399145726, 11.963621728293134 ], [ 76.336575024428228, 11.963810152018763 ], [ 76.33657566947744, 11.963843699735344 ], [ 76.336587591139647, 11.964463320375055 ], [ 76.336475554111445, 11.965246002511963 ], [ 76.33655100884161, 11.965232808360744 ], [ 76.336522903133059, 11.965552771816963 ], [ 76.336649844695501, 11.965533626554286 ], [ 76.336768984742662, 11.965527779947825 ], [ 76.336812991505653, 11.965525620149362 ], [ 76.336955335336697, 11.965855727659859 ], [ 76.336946806125312, 11.965922560645112 ], [ 76.336930576240093, 11.966049740168151 ], [ 76.337010833952931, 11.966645107635138 ], [ 76.337014767080305, 11.966674283649029 ], [ 76.337038063770663, 11.966847100772412 ], [ 76.337046016790467, 11.966906100633725 ], [ 76.337180869354953, 11.96716069852376 ], [ 76.33730313698419, 11.967391534699601 ], [ 76.337403007076674, 11.967688106290828 ], [ 76.337410346604656, 11.967709900237516 ], [ 76.337412765163222, 11.967716771729938 ], [ 76.337432528976706, 11.967772920652987 ], [ 76.337434547837347, 11.967772645220403 ], [ 76.337582808382365, 11.967731882618752 ], [ 76.337584213261934, 11.967752218486794 ], [ 76.337586783730998, 11.967789419565657 ], [ 76.337589373013174, 11.967826898117631 ], [ 76.337771037616633, 11.967771533856155 ], [ 76.337865244094132, 11.967742822988034 ], [ 76.337947642017269, 11.967717021781647 ], [ 76.337987291008091, 11.967704606385217 ], [ 76.337990683375779, 11.967748524718195 ], [ 76.338012309020982, 11.968028563080995 ], [ 76.338017219083525, 11.968069260049646 ], [ 76.338042869497286, 11.968281884752658 ], [ 76.338070030640807, 11.968507035066857 ], [ 76.33808793830832, 11.968655472051005 ], [ 76.338107574030815, 11.968653624422156 ], [ 76.338149354792748, 11.968654524556092 ], [ 76.338146559605704, 11.96873759158599 ], [ 76.338123411779847, 11.969425578849609 ], [ 76.338122999953299, 11.969437808047893 ], [ 76.338116432323972, 11.969437423480832 ], [ 76.338034314456053, 11.969435135347711 ], [ 76.338034159697699, 11.969435969678687 ], [ 76.338038142308889, 11.969475726264655 ], [ 76.338052556499335, 11.969619597850111 ], [ 76.338017276928824, 11.969955184173104 ], [ 76.33798842217017, 11.970288261674238 ], [ 76.337950820665853, 11.970722305294759 ], [ 76.338044930391419, 11.970715165979236 ], [ 76.338032584959748, 11.970843571937909 ], [ 76.33802960019996, 11.970875232865584 ], [ 76.338023392421846, 11.970941081950862 ], [ 76.338006952639645, 11.970981093258548 ], [ 76.337986352363799, 11.970992608664931 ], [ 76.337984593165274, 11.970993591690403 ], [ 76.337922863746442, 11.971028095971308 ], [ 76.337917782129523, 11.971030936522396 ], [ 76.337613334523439, 11.971201112334862 ], [ 76.337380976248809, 11.971330993176732 ], [ 76.337166407082307, 11.971394995772647 ], [ 76.337236848346649, 11.971485932982722 ], [ 76.337375584090324, 11.971636075940365 ], [ 76.337435366361774, 11.971700774084189 ], [ 76.337662369519165, 11.97175626654689 ], [ 76.337943124211449, 11.97198066751756 ], [ 76.338216401408161, 11.972385800863819 ], [ 76.338216685939628, 11.972407601299542 ], [ 76.338218030298307, 11.972510769606753 ], [ 76.338641783584251, 11.972930877116161 ], [ 76.338702267487008, 11.973177296541905 ], [ 76.338706666224383, 11.973195218578683 ], [ 76.338710018208872, 11.973208872772195 ], [ 76.338733861045327, 11.9733062513092 ], [ 76.338744815323636, 11.973350987888734 ], [ 76.338815853755264, 11.973637744524744 ], [ 76.338830341411082, 11.97369622483313 ], [ 76.338842255348666, 11.973744317412077 ], [ 76.338875310071799, 11.97387774505048 ], [ 76.338916963021191, 11.974045881220855 ], [ 76.33904328549832, 11.974555796422484 ], [ 76.339047638493426, 11.974573369678419 ], [ 76.339156706978144, 11.974674387093657 ], [ 76.339733664290875, 11.975208756655736 ], [ 76.339766343469535, 11.975239023923173 ], [ 76.340806406611534, 11.976305640395184 ], [ 76.341226353320636, 11.976736304835939 ], [ 76.341323359337821, 11.976833349294242 ], [ 76.341369390019011, 11.976879398835353 ], [ 76.341872102948798, 11.977536383957212 ], [ 76.341947519261282, 11.977572839341436 ], [ 76.341991046420645, 11.977593880344161 ], [ 76.342676176010826, 11.97792077718676 ], [ 76.343121314081316, 11.978153057636824 ], [ 76.343160320837256, 11.97817341217509 ], [ 76.343179699395606, 11.978183510478168 ], [ 76.343269606984194, 11.978230363842881 ], [ 76.343402752722412, 11.978299749295482 ], [ 76.343483254658935, 11.978341700356184 ], [ 76.343707519547564, 11.978575695398767 ], [ 76.343739179224954, 11.978608729055678 ], [ 76.343942117757649, 11.97882047102931 ], [ 76.34407506967176, 11.978959190611414 ], [ 76.344134741581485, 11.979021527765619 ], [ 76.34426877896972, 11.979022104710264 ], [ 76.344640995324525, 11.979459930893 ], [ 76.34469976278362, 11.979512959896535 ], [ 76.345036187219137, 11.979927776598389 ], [ 76.345077758683075, 11.979891443435502 ], [ 76.345461363757821, 11.979556670083939 ], [ 76.345556967021707, 11.979473236457919 ], [ 76.348401362734208, 11.976556040657782 ], [ 76.350247303018364, 11.974990143077658 ], [ 76.349973182734274, 11.974523325849947 ], [ 76.349962638018084, 11.974505409244498 ], [ 76.349533339435908, 11.974144937488131 ], [ 76.348988406773259, 11.973688661158269 ], [ 76.348947962567223, 11.973654851219235 ], [ 76.348922457650929, 11.973633532025044 ], [ 76.348868374723196, 11.973600418739702 ], [ 76.34856481408157, 11.973392945993496 ], [ 76.348347183941669, 11.973093403806368 ], [ 76.348278391386899, 11.972998884332553 ], [ 76.348214870837651, 11.972982702330864 ], [ 76.347849169521155, 11.972273603350786 ], [ 76.347829249433545, 11.972235154141952 ], [ 76.347605098195814, 11.97180344711299 ], [ 76.347576204663511, 11.971720716074373 ], [ 76.347551481848498, 11.971649994182634 ], [ 76.347253519864779, 11.971375311026838 ], [ 76.347067771352613, 11.971204242179168 ], [ 76.34690342612474, 11.97095597328301 ], [ 76.346873907534629, 11.970911427538674 ], [ 76.346798770825401, 11.970686030043659 ], [ 76.34678722450127, 11.970624515539205 ] ] ] } },
{ "type": "Feature", "properties": { "OBJECTID": 21762, "KGISVillageID": 27768, "KGISVillageCode": "2608040034", "KGISVillageName": "Bettadavare Hundi", "KGISHobliID": 462, "UniqueVillageCode": "2608040034_1", "Bhucode": "260501003009", "CensusVillageCode": "2957705573619073", "BhoomiVillageCode": "2608040034", "created_user": "SA", "created_date": 1556019584000.0, "last_edited_user": "SURESHBV2", "last_edited_date": 1724226098000.0, "LGDGPCode": "219442", "LGDGPCode_Secondary": null, "Category": "Cadastral data available and has bhoomi linkage", "SHAPE.STArea()": 177700.989655135, "SHAPE.STLength()": 1894.3649936513268, "LGD_VillageCode": 619073.0, "_overlap_percent": 99.999999999999986, "_police_station": "Saragur PS", "_police_feature_index": "506", "_admin_layer": "Village", "_geometry_clipped": true }, "geometry": { "type": "Polygon", "coordinates": [ [ [ 76.34664071969614, 11.965526593889749 ], [ 76.347326534149587, 11.965576287549919 ], [ 76.347040880920318, 11.964893426762877 ], [ 76.346984601853734, 11.963885281290612 ], [ 76.346969505191595, 11.963582291193314 ], [ 76.346882022677889, 11.962662587167431 ], [ 76.346878184746771, 11.962476959917472 ], [ 76.346855786746048, 11.961742103641155 ], [ 76.346801750246016, 11.961713179994632 ], [ 76.346072851258427, 11.960526423200497 ], [ 76.346009376557092, 11.960424753690164 ], [ 76.34593297080275, 11.960302786462924 ], [ 76.346023842212318, 11.959646110432731 ], [ 76.346046250172947, 11.959484181489179 ], [ 76.346048370837835, 11.959468856575407 ], [ 76.3459170249685, 11.959489178693941 ], [ 76.345443076172018, 11.959562507122559 ], [ 76.3454418650294, 11.959555825211158 ], [ 76.345390700065764, 11.959570660947584 ], [ 76.345360343101547, 11.959579463283118 ], [ 76.345329140744809, 11.959588515584814 ], [ 76.345346070445842, 11.95969774068343 ], [ 76.345357404019794, 11.959770858860313 ], [ 76.345441637903932, 11.960284124530087 ], [ 76.345342686071632, 11.960304903263166 ], [ 76.345193515380743, 11.960336341572958 ], [ 76.344873716130365, 11.960404230083958 ], [ 76.344570900034299, 11.960493363105657 ], [ 76.344365013349758, 11.960554568372444 ], [ 76.343868996949183, 11.960702020620047 ], [ 76.343940939386044, 11.96143299636234 ], [ 76.344016870319138, 11.962204482454043 ], [ 76.344006746439277, 11.962246112853075 ], [ 76.344005566829935, 11.962306609029156 ], [ 76.343955139933243, 11.962537943344476 ], [ 76.343926834930386, 11.962667791835921 ], [ 76.343905310138851, 11.962923843620207 ], [ 76.343883688170138, 11.963181045898494 ], [ 76.343814573289791, 11.964003207508421 ], [ 76.343812799622327, 11.964024301703441 ], [ 76.343812352113929, 11.964029629970563 ], [ 76.343807068474334, 11.964092482923395 ], [ 76.343997911276333, 11.964284102492638 ], [ 76.344292334387745, 11.964579722145855 ], [ 76.345168878263692, 11.965449446500694 ], [ 76.345176649130224, 11.965457156584705 ], [ 76.345455161213224, 11.965728458976866 ], [ 76.345823174244515, 11.965851685915577 ], [ 76.34664071969614, 11.965526593889749 ] ] ] } },
{ "type": "Feature", "properties": { "OBJECTID": 21577, "KGISVillageID": 27574, "KGISVillageCode": "2605050008", "KGISVillageName": "Beechanahalli", "KGISHobliID": 53, "UniqueVillageCode": "2605050008_1", "Bhucode": "260501001007", "CensusVillageCode": "2957705573619025", "BhoomiVillageCode": "2605050008", "created_user": null, "created_date": null, "last_edited_user": null, "last_edited_date": null, "LGDGPCode": "219440", "LGDGPCode_Secondary": null, "Category": "Cadastral data available and has bhoomi linkage", "SHAPE.STArea()": 3412747.79357462, "SHAPE.STLength()": 10518.718526899946, "LGD_VillageCode": 619025.0, "_overlap_percent": 0.31487240454002241, "_police_station": "Saragur PS", "_police_feature_index": "506", "_admin_layer": "Village", "_geometry_clipped": true }, "geometry": { "type": "MultiPolygon", "coordinates": [ [ [ [ 76.356606060061381, 11.97198704311862 ], [ 76.355387309445547, 11.97223892461148 ], [ 76.35413608512151, 11.972665554645168 ], [ 76.352537771845491, 11.973439496033096 ], [ 76.350247303018364, 11.974990143077658 ], [ 76.348401362734208, 11.976556040657782 ], [ 76.345556967021707, 11.979473236457919 ], [ 76.345461363757821, 11.979556670083939 ], [ 76.345077758683075, 11.979891443435502 ], [ 76.345036187219137, 11.979927776598389 ], [ 76.344841794642832, 11.980097674023231 ], [ 76.343827579386286, 11.980986445860834 ], [ 76.342733991917001, 11.981949319776913 ], [ 76.342071258377175, 11.982358104706853 ], [ 76.341883546858568, 11.982474128575701 ], [ 76.341766810953487, 11.982546282275466 ], [ 76.341454533440228, 11.982739299674639 ], [ 76.341068806600347, 11.982977714721244 ], [ 76.341066671209376, 11.982978603130901 ], [ 76.34112157935084, 11.982956327666306 ], [ 76.342137197588755, 11.982343348473083 ], [ 76.342806865967418, 11.981939166458503 ], [ 76.343909761714684, 11.980985303234489 ], [ 76.34492820167965, 11.980104474264911 ], [ 76.345164542920585, 11.979900066295896 ], [ 76.345643812550222, 11.979485547659049 ], [ 76.348460947195719, 11.976590325459528 ], [ 76.350264270690403, 11.975034561635272 ], [ 76.3524849653042, 11.973496886737472 ], [ 76.354046609435301, 11.972732991876743 ], [ 76.355320814331364, 11.972289765655741 ], [ 76.356604586960287, 11.972006886356558 ], [ 76.357388067277356, 11.971981889950047 ], [ 76.356606060061381, 11.97198704311862 ] ] ], [ [ [ 76.36138688822264, 11.981362148663251 ], [ 76.361633945171448, 11.98090724517885 ], [ 76.361786865621113, 11.980414603169086 ], [ 76.361633770692833, 11.980854657855817 ], [ 76.361370423531682, 11.981306950747511 ], [ 76.361346560573296, 11.981347935363393 ], [ 76.36138688822264, 11.981362148663251 ] ] ] ] } },
{ "type": "Feature", "properties": { "OBJECTID": 21604, "KGISVillageID": 27602, "KGISVillageCode": "2605050011", "KGISVillageName": "Machyari", "KGISHobliID": 53, "UniqueVillageCode": "2605050011_1", "Bhucode": "260501001036", "CensusVillageCode": "2957705573619027", "BhoomiVillageCode": "2605050011", "created_user": null, "created_date": null, "last_edited_user": null, "last_edited_date": null, "LGDGPCode": "219464", "LGDGPCode_Secondary": null, "Category": "Cadastral data available and has bhoomi linkage", "SHAPE.STArea()": 4512476.6301553501, "SHAPE.STLength()": 8749.7233373023009, "LGD_VillageCode": 619027.0, "_overlap_percent": 0.17793021764806358, "_police_station": "Saragur PS", "_police_feature_index": "506", "_admin_layer": "Village", "_geometry_clipped": true }, "geometry": { "type": "Polygon", "coordinates": [ [ [ 76.322865698414276, 11.989593416408075 ], [ 76.322461940276796, 11.989582662592348 ], [ 76.32194972054883, 11.989164761437758 ], [ 76.321734964724172, 11.988989549584394 ], [ 76.32109207113578, 11.988905420790717 ], [ 76.321034615223482, 11.988897901871187 ], [ 76.320798067699414, 11.988866946424114 ], [ 76.320163306440037, 11.98826131945129 ], [ 76.320464792577127, 11.987736995224584 ], [ 76.321016192690763, 11.986777467720632 ], [ 76.321719067842423, 11.985958006116133 ], [ 76.322178929537088, 11.985421873328303 ], [ 76.322551025886568, 11.984772707278553 ], [ 76.322573992666179, 11.983906107500259 ], [ 76.322488660706711, 11.983585673051648 ], [ 76.322409906977754, 11.983289937853458 ], [ 76.322303347481352, 11.983072372771428 ], [ 76.322185064818584, 11.982830871253485 ], [ 76.322030809156217, 11.982515921515938 ], [ 76.322014297816594, 11.982482208881827 ], [ 76.321567869955516, 11.981570492809357 ], [ 76.321519962636344, 11.981582889765624 ], [ 76.321950874439239, 11.982481741353268 ], [ 76.322338147220293, 11.983289565824263 ], [ 76.322496689671098, 11.983906116104077 ], [ 76.322467781135089, 11.984773881323646 ], [ 76.322094008988643, 11.985424637396784 ], [ 76.321634030963665, 11.985962190980912 ], [ 76.320931263559444, 11.986783472785127 ], [ 76.320378599216156, 11.987744648894772 ], [ 76.320076645763976, 11.988269792571334 ], [ 76.320704119872275, 11.988876585166963 ], [ 76.321633434090216, 11.988999385352123 ], [ 76.322351878532587, 11.98959375405193 ], [ 76.32275216883987, 11.989604291139083 ], [ 76.322863340248688, 11.989607217367666 ], [ 76.322865698414276, 11.989593416408075 ] ] ] } },
{ "type": "Feature", "properties": { "OBJECTID": 21802, "KGISVillageID": 27809, "KGISVillageCode": "2608040036", "KGISVillageName": "Bidarahalli", "KGISHobliID": 462, "UniqueVillageCode": "2608040036_1", "Bhucode": "260501003050", "CensusVillageCode": "2957705573619074", "BhoomiVillageCode": "2608040036", "created_user": "SA", "created_date": 1556019584000.0, "last_edited_user": "SURESHBV2", "last_edited_date": 1724226112000.0, "LGDGPCode": "219442", "LGDGPCode_Secondary": null, "Category": "Cadastral data available and has bhoomi linkage", "SHAPE.STArea()": 4227131.2808964197, "SHAPE.STLength()": 11577.659557095916, "LGD_VillageCode": 619074.0, "_overlap_percent": 99.975679682347263, "_police_station": "Saragur PS", "_police_feature_index": "506", "_admin_layer": "Village", "_geometry_clipped": true }, "geometry": { "type": "Polygon", "coordinates": [ [ [ 76.359460148480622, 11.97184183637053 ], [ 76.359557611086743, 11.971716476172528 ], [ 76.35987282230532, 11.970851418289657 ], [ 76.360088012066512, 11.970649739404035 ], [ 76.360170532354275, 11.970572787728374 ], [ 76.360338800179534, 11.97041587426849 ], [ 76.360709471336193, 11.970588175707551 ], [ 76.360722998774037, 11.970594463242923 ], [ 76.360769136138018, 11.970513755933109 ], [ 76.360798112275745, 11.970463067716578 ], [ 76.360811581247816, 11.970439506475385 ], [ 76.360824889259291, 11.970376074040187 ], [ 76.360947885373335, 11.969789797575414 ], [ 76.361072872193262, 11.969194035497091 ], [ 76.361106544029425, 11.968999643072621 ], [ 76.361515551576929, 11.968634320091244 ], [ 76.36169169446228, 11.968475582179499 ], [ 76.363047596566545, 11.967548601910382 ], [ 76.364211215650727, 11.966755937076925 ], [ 76.364242044230352, 11.966729310484006 ], [ 76.364268214341379, 11.966706692735691 ], [ 76.364246711506468, 11.966419273821153 ], [ 76.364243535401371, 11.966376829780847 ], [ 76.364223363366222, 11.96610720078564 ], [ 76.36422136144482, 11.966080446297855 ], [ 76.364200157985294, 11.96579702566261 ], [ 76.364198130438524, 11.965769920505462 ], [ 76.364197883393942, 11.96576661810667 ], [ 76.36417714069745, 11.965489365735722 ], [ 76.364176171234078, 11.965476408294329 ], [ 76.36414903507945, 11.965113697526142 ], [ 76.364147121745489, 11.965088123365149 ], [ 76.364126201029663, 11.964808478666136 ], [ 76.364117317061201, 11.964709805323192 ], [ 76.364115734917448, 11.964692227264745 ], [ 76.36411568143167, 11.96469163262355 ], [ 76.364093864388124, 11.964449307395931 ], [ 76.364090191543028, 11.964408503092129 ], [ 76.36406721643236, 11.964153313544612 ], [ 76.36406433421881, 11.964121300531291 ], [ 76.364041517660922, 11.963867865973405 ], [ 76.364037708746494, 11.963825557895939 ], [ 76.364036838711073, 11.963804221625299 ], [ 76.364027267202275, 11.963569478349294 ], [ 76.364024017370411, 11.963489773761427 ], [ 76.36401241474816, 11.963205208779868 ], [ 76.36400822895574, 11.963102550792867 ], [ 76.363998190627626, 11.962856357466807 ], [ 76.363988090585423, 11.962608651866175 ], [ 76.363993552792664, 11.96206117148453 ], [ 76.364006339597793, 11.961458104550749 ], [ 76.364009083240148, 11.960755473871627 ], [ 76.364002380983891, 11.959727221231317 ], [ 76.363982747281682, 11.957914007337822 ], [ 76.36397665468634, 11.957429797076815 ], [ 76.36378531533218, 11.957066087919056 ], [ 76.363289484143337, 11.957066397928452 ], [ 76.360664333911089, 11.957052722748218 ], [ 76.359900181312824, 11.957044660930842 ], [ 76.359185782604257, 11.957035204388438 ], [ 76.358676397822435, 11.957023816634559 ], [ 76.358619537988645, 11.95702254570544 ], [ 76.358148303002224, 11.956970829132841 ], [ 76.358046558525217, 11.956958257731387 ], [ 76.357564443303943, 11.956882382571129 ], [ 76.357309549707693, 11.956962764792257 ], [ 76.357035557185498, 11.95690878285836 ], [ 76.356386136961945, 11.956923434139958 ], [ 76.356318592278527, 11.956924143716154 ], [ 76.356249843845561, 11.956924865418465 ], [ 76.356166491611333, 11.95694619897071 ], [ 76.356023530455914, 11.956989153683427 ], [ 76.355757061704395, 11.957068598637798 ], [ 76.355162650320565, 11.957179695865488 ], [ 76.354887027389779, 11.957230224706693 ], [ 76.354499180323273, 11.95736903295742 ], [ 76.352727708656872, 11.958015825371552 ], [ 76.351537438979776, 11.958541611683897 ], [ 76.351524679490808, 11.958193812322536 ], [ 76.351531835476308, 11.958082312889481 ], [ 76.350256128687278, 11.949162058224188 ], [ 76.349325582764578, 11.941170811237104 ], [ 76.348959546107338, 11.940426295639305 ], [ 76.347672758367708, 11.939814515968825 ], [ 76.347209631463613, 11.939457413726888 ], [ 76.344853749094185, 11.939292892692563 ], [ 76.345220725101242, 11.949865335417732 ], [ 76.34523688098956, 11.952844293973369 ], [ 76.345238161878086, 11.953080372357064 ], [ 76.345337930290285, 11.953087490913328 ], [ 76.34534791035334, 11.95308820437895 ], [ 76.345425952953633, 11.953098741428478 ], [ 76.345389039459192, 11.95358463172623 ], [ 76.345371107319252, 11.953820670106872 ], [ 76.345349990332892, 11.954098629340548 ], [ 76.345314529483886, 11.95456539159728 ], [ 76.345295796375979, 11.95481197665937 ], [ 76.345265217945354, 11.955214476543251 ], [ 76.345260606631413, 11.955251845695424 ], [ 76.345242974552136, 11.955394741896995 ], [ 76.345215744519336, 11.955397204026067 ], [ 76.345231657966636, 11.95555935897845 ], [ 76.345285833259226, 11.956111378179443 ], [ 76.345228009334491, 11.956951057237863 ], [ 76.345201206291335, 11.957340275682361 ], [ 76.345200805937139, 11.95735068212168 ], [ 76.34519633169252, 11.957471357307851 ], [ 76.345193321228024, 11.957698532591529 ], [ 76.345193249252773, 11.957704779446356 ], [ 76.345192365202806, 11.957787330917993 ], [ 76.345192262120619, 11.957798060509239 ], [ 76.34519167455332, 11.957859219269634 ], [ 76.345227265144629, 11.958175005175766 ], [ 76.345296536478799, 11.958690585805988 ], [ 76.345323751702821, 11.958893150071622 ], [ 76.34536945942132, 11.959233348178957 ], [ 76.345364819692719, 11.959409503157852 ], [ 76.345390700065764, 11.959570660947584 ], [ 76.3454418650294, 11.959555825211158 ], [ 76.345443076172018, 11.959562507122559 ], [ 76.3459170249685, 11.959489178693941 ], [ 76.346048370837835, 11.959468856575407 ], [ 76.346046250172947, 11.959484181489179 ], [ 76.346023842212318, 11.959646110432731 ], [ 76.34593297080275, 11.960302786462924 ], [ 76.346009376557092, 11.960424753690164 ], [ 76.346072851258427, 11.960526423200497 ], [ 76.346801750246016, 11.961713179994632 ], [ 76.346855786746048, 11.961742103641155 ], [ 76.346878184746771, 11.962476959917472 ], [ 76.346882022677889, 11.962662587167431 ], [ 76.346969505191595, 11.963582291193314 ], [ 76.346984601853734, 11.963885281290612 ], [ 76.347040880920318, 11.964893426762877 ], [ 76.347326534149587, 11.965576287549919 ], [ 76.34664071969614, 11.965526593889749 ], [ 76.345823174244515, 11.965851685915577 ], [ 76.345455161213224, 11.965728458976866 ], [ 76.345392361450536, 11.965794704140045 ], [ 76.345343069652401, 11.965846699929298 ], [ 76.345299955757866, 11.96645180602081 ], [ 76.345271058826398, 11.966857368025227 ], [ 76.345265276546414, 11.966938527091513 ], [ 76.345261892737199, 11.967005005450659 ], [ 76.345211269646427, 11.968021668296322 ], [ 76.344854787406646, 11.968487728857875 ], [ 76.344775813492959, 11.968590979009271 ], [ 76.34478088125303, 11.968774421546701 ], [ 76.34478136857247, 11.968791820644952 ], [ 76.345048769758193, 11.969019599966485 ], [ 76.345306547111946, 11.969162034532305 ], [ 76.345715875353747, 11.969198719476079 ], [ 76.346087997272406, 11.96917150978798 ], [ 76.346110975851275, 11.969519266194316 ], [ 76.34621617963252, 11.970204101896908 ], [ 76.346208073532353, 11.970211255245268 ], [ 76.346128452479107, 11.970281510628514 ], [ 76.346160825587674, 11.970320443615936 ], [ 76.346283569355805, 11.97046814323652 ], [ 76.346790480704684, 11.970370308275585 ], [ 76.346790838491529, 11.970370238749574 ], [ 76.346792611492788, 11.970400790083882 ], [ 76.346793285112653, 11.970400894439056 ], [ 76.346793032880925, 11.970401139759904 ], [ 76.346752680812259, 11.970440476054545 ], [ 76.34678722450127, 11.970624515539205 ], [ 76.346798770825401, 11.970686030043659 ], [ 76.346873907534629, 11.970911427538674 ], [ 76.34690342612474, 11.97095597328301 ], [ 76.347067771352613, 11.971204242179168 ], [ 76.347253519864779, 11.971375311026838 ], [ 76.347551481848498, 11.971649994182634 ], [ 76.347576204663511, 11.971720716074373 ], [ 76.347605098195814, 11.97180344711299 ], [ 76.347829249433545, 11.972235154141952 ], [ 76.347849169521155, 11.972273603350786 ], [ 76.348214870837651, 11.972982702330864 ], [ 76.348278391386899, 11.972998884332553 ], [ 76.348347183941669, 11.973093403806368 ], [ 76.34856481408157, 11.973392945993496 ], [ 76.348868374723196, 11.973600418739702 ], [ 76.348922457650929, 11.973633532025044 ], [ 76.348947962567223, 11.973654851219235 ], [ 76.348988406773259, 11.973688661158269 ], [ 76.349533339435908, 11.974144937488131 ], [ 76.349962638018084, 11.974505409244498 ], [ 76.349973182734274, 11.974523325849947 ], [ 76.350247303018364, 11.974990143077658 ], [ 76.352537771845491, 11.973439496033096 ], [ 76.35413608512151, 11.972665554645168 ], [ 76.355387309445547, 11.97223892461148 ], [ 76.356606060061381, 11.97198704311862 ], [ 76.357388067277356, 11.971981889950047 ], [ 76.358079944361236, 11.971959816082373 ], [ 76.359076267024861, 11.972318303688471 ], [ 76.359082022991657, 11.97232717504205 ], [ 76.359460148480622, 11.97184183637053 ] ] ] } },
{ "type": "Feature", "properties": { "OBJECTID": 21820, "KGISVillageID": 27827, "KGISVillageCode": "2608030045", "KGISVillageName": "Hanchipura", "KGISHobliID": 881, "UniqueVillageCode": "2608030045_1", "Bhucode": "260501005018", "CensusVillageCode": "2957705573618991", "BhoomiVillageCode": "2608030045", "created_user": "SA", "created_date": 1556019584000.0, "last_edited_user": "SURESHBV2", "last_edited_date": 1724226113000.0, "LGDGPCode": "219448", "LGDGPCode_Secondary": null, "Category": "Cadastral data available and has bhoomi linkage", "SHAPE.STArea()": 773335.93759513495, "SHAPE.STLength()": 3846.4966937332729, "LGD_VillageCode": 618991.0, "_overlap_percent": 99.999999999999986, "_police_station": "Saragur PS", "_police_feature_index": "506", "_admin_layer": "Village", "_geometry_clipped": true }, "geometry": { "type": "Polygon", "coordinates": [ [ [ 76.395977043092401, 11.970690937729401 ], [ 76.396069064299766, 11.970691586386398 ], [ 76.396112652422744, 11.970691893829075 ], [ 76.396295217299638, 11.970541536694288 ], [ 76.39675839742057, 11.97016006763455 ], [ 76.398057995553586, 11.969227574905943 ], [ 76.398477300330157, 11.968926711329418 ], [ 76.398499174659904, 11.968901791273037 ], [ 76.398585348221332, 11.968803620235496 ], [ 76.398618465166905, 11.968762521440443 ], [ 76.399623520550037, 11.967519896248533 ], [ 76.399877751196414, 11.967205569703452 ], [ 76.400115248805449, 11.966911930742514 ], [ 76.400115858910297, 11.966909864559479 ], [ 76.400181645822343, 11.966830024988001 ], [ 76.400461875120811, 11.966007997338489 ], [ 76.400696654746213, 11.965319286910352 ], [ 76.400768782827214, 11.965107705636624 ], [ 76.400764116213963, 11.965109117614936 ], [ 76.400719367338894, 11.964892269318428 ], [ 76.400711873106758, 11.964844925958674 ], [ 76.400553969461441, 11.963847436021654 ], [ 76.400548073618424, 11.963810192425022 ], [ 76.400449137187607, 11.963185196069592 ], [ 76.400352632968506, 11.962575563372534 ], [ 76.40039962840136, 11.962469563650037 ], [ 76.400495617007351, 11.962253055459326 ], [ 76.400586631276951, 11.962047766541634 ], [ 76.400679176706873, 11.961839022661584 ], [ 76.400781935432832, 11.9616072430565 ], [ 76.400908339402449, 11.961275199113652 ], [ 76.400905498205702, 11.961095892887041 ], [ 76.400923417159689, 11.960942587825423 ], [ 76.400261003318462, 11.960953890264781 ], [ 76.398777192845841, 11.960901671541514 ], [ 76.398743499078591, 11.960960974350842 ], [ 76.397891939718306, 11.960729807177611 ], [ 76.397317654919036, 11.960604297515644 ], [ 76.396071973945752, 11.960328358699734 ], [ 76.395682050064977, 11.959971032925035 ], [ 76.395520528528436, 11.959917343352044 ], [ 76.393249283356951, 11.960204423297903 ], [ 76.393227335899155, 11.960206969654715 ], [ 76.393230748343171, 11.960304247829903 ], [ 76.393246120085848, 11.960418246660886 ], [ 76.393274425411633, 11.960630581211895 ], [ 76.393281859344114, 11.96068634326336 ], [ 76.393341158119995, 11.961283768849302 ], [ 76.393320258578484, 11.961825666936225 ], [ 76.393317794687277, 11.961877626660781 ], [ 76.393408279598106, 11.961888688460515 ], [ 76.39332479259069, 11.96298608296574 ], [ 76.393009102035847, 11.963875128597547 ], [ 76.392898935509081, 11.964713126872425 ], [ 76.392825796673463, 11.965725184877201 ], [ 76.392891673440531, 11.965846490324937 ], [ 76.393595158802057, 11.965846929565592 ], [ 76.393871982577835, 11.965914455758206 ], [ 76.393999788866012, 11.966108184968233 ], [ 76.394021181892313, 11.966541008895531 ], [ 76.393971867671524, 11.966878730675303 ], [ 76.393984095741402, 11.968010683041255 ], [ 76.394029217546915, 11.968992502497253 ], [ 76.393924643211278, 11.969004205738507 ], [ 76.393294544372367, 11.969075204233445 ], [ 76.393270143924241, 11.969238069681401 ], [ 76.393176750807669, 11.969705355525631 ], [ 76.393101531557292, 11.970081711293158 ], [ 76.393085889660426, 11.970149802202741 ], [ 76.393471102984776, 11.97025659099493 ], [ 76.395345699965162, 11.970776258279548 ], [ 76.395465606922187, 11.970809056321462 ], [ 76.39544123167299, 11.970912522731284 ], [ 76.395417929066042, 11.971011896396307 ], [ 76.395494477171539, 11.971049151206277 ], [ 76.395666861958389, 11.970921188838004 ], [ 76.395977043092401, 11.970690937729401 ] ] ] } },
{ "type": "Feature", "properties": { "OBJECTID": 21845, "KGISVillageID": 27852, "KGISVillageCode": "2608030047", "KGISVillageName": "Nalluru", "KGISHobliID": 881, "UniqueVillageCode": "2608030047_1", "Bhucode": "260501005043", "CensusVillageCode": "2957705573618990", "BhoomiVillageCode": "2608030047", "created_user": "SA", "created_date": 1556019584000.0, "last_edited_user": "SURESHBV2", "last_edited_date": 1724226113000.0, "LGDGPCode": "219448", "LGDGPCode_Secondary": null, "Category": "Cadastral data available and has bhoomi linkage", "SHAPE.STArea()": 1306207.1050097251, "SHAPE.STLength()": 5278.620690102116, "LGD_VillageCode": 618990.0, "_overlap_percent": 100.00000000000004, "_police_station": "Saragur PS", "_police_feature_index": "506", "_admin_layer": "Village", "_geometry_clipped": true }, "geometry": { "type": "Polygon", "coordinates": [ [ [ 76.392898935509081, 11.964713126872425 ], [ 76.393009102035847, 11.963875128597547 ], [ 76.39332479259069, 11.96298608296574 ], [ 76.393408279598106, 11.961888688460515 ], [ 76.393317794687277, 11.961877626660781 ], [ 76.393320258578484, 11.961825666936225 ], [ 76.393341158119995, 11.961283768849302 ], [ 76.393281859344114, 11.96068634326336 ], [ 76.393274425411633, 11.960630581211895 ], [ 76.393246120085848, 11.960418246660886 ], [ 76.393230748343171, 11.960304247829903 ], [ 76.393227335899155, 11.960206969654715 ], [ 76.391502094371901, 11.960417679057906 ], [ 76.390807232987171, 11.960484122390667 ], [ 76.38938723947966, 11.959873332775667 ], [ 76.38799077805254, 11.959436544427401 ], [ 76.387266955425389, 11.959421396110782 ], [ 76.387177754204785, 11.959319897146855 ], [ 76.387016305044028, 11.959315786418465 ], [ 76.386731273177801, 11.959275552521614 ], [ 76.386681365364964, 11.95926852645286 ], [ 76.38644003044719, 11.959132025098018 ], [ 76.386018152142441, 11.9586540202924 ], [ 76.386044240287703, 11.958746221600345 ], [ 76.38592102302141, 11.959482070219114 ], [ 76.38592101051772, 11.959524337758291 ], [ 76.385920928471421, 11.959575489305825 ], [ 76.385922810701615, 11.959932335557095 ], [ 76.385898069063785, 11.960074662330346 ], [ 76.385843344856639, 11.961661151208487 ], [ 76.385637283024735, 11.963808077832422 ], [ 76.385636382055338, 11.963817240789766 ], [ 76.385627581684361, 11.963906699495254 ], [ 76.385594597273766, 11.963907968045588 ], [ 76.38556818910439, 11.964302447738065 ], [ 76.385543410764328, 11.964672574742126 ], [ 76.385524601475339, 11.964953531862761 ], [ 76.385518216222806, 11.965034544315577 ], [ 76.385286765132491, 11.965016550750521 ], [ 76.385270295408091, 11.96523873901965 ], [ 76.385248836409559, 11.96551603316348 ], [ 76.3852428131827, 11.965593860502025 ], [ 76.385392394958913, 11.965927940191458 ], [ 76.385630752894357, 11.966306455383618 ], [ 76.385521298041041, 11.966464492338876 ], [ 76.385464035879394, 11.966546968383502 ], [ 76.385546238983196, 11.9666375861415 ], [ 76.385548832354573, 11.966751021301445 ], [ 76.385534391059409, 11.966896898223247 ], [ 76.385533802432164, 11.966902842858584 ], [ 76.385528718427082, 11.966953578791555 ], [ 76.38550143037304, 11.967174033959033 ], [ 76.385405863080962, 11.967296223574939 ], [ 76.385416974256813, 11.967318441156761 ], [ 76.385491722621254, 11.967468262563292 ], [ 76.385467593911287, 11.967582825982907 ], [ 76.385402911081059, 11.967889935483871 ], [ 76.385405248332177, 11.96790675462238 ], [ 76.385426117942231, 11.968035518013938 ], [ 76.385449250575604, 11.968178239436087 ], [ 76.385576969478748, 11.968509958565605 ], [ 76.386219469618311, 11.969143433781495 ], [ 76.386218886890191, 11.969563977438481 ], [ 76.38622227735442, 11.969575549402242 ], [ 76.386247891042558, 11.970249169544315 ], [ 76.386149772524519, 11.970329442763939 ], [ 76.386139770190113, 11.970337626349432 ], [ 76.386064396999629, 11.970399486420185 ], [ 76.385735937092647, 11.970670913451571 ], [ 76.385565276074956, 11.970898146022764 ], [ 76.385230939475576, 11.972160286139058 ], [ 76.385204658771784, 11.972259496858221 ], [ 76.38518357166906, 11.972317399940035 ], [ 76.385162607749933, 11.972645872517159 ], [ 76.385275750271106, 11.972839153079335 ], [ 76.385542821927871, 11.973295390183292 ], [ 76.385572216470806, 11.973345369013515 ], [ 76.386236768040575, 11.97447529635337 ], [ 76.38646111582969, 11.974856749470334 ], [ 76.386533480624294, 11.974998102505776 ], [ 76.386556654925684, 11.975043369957003 ], [ 76.38631051962227, 11.975157438942659 ], [ 76.386319335637566, 11.97519803993165 ], [ 76.386397422324109, 11.975645453876576 ], [ 76.386546309137714, 11.975975242776675 ], [ 76.387576036891218, 11.975847662966201 ], [ 76.387778996858387, 11.975758934998858 ], [ 76.387898231378585, 11.97570718567599 ], [ 76.389089110051358, 11.975198669421312 ], [ 76.389882139503968, 11.974634051536743 ], [ 76.390187681262177, 11.974274775624128 ], [ 76.390301687513201, 11.97414003274827 ], [ 76.390622637905523, 11.973763532104009 ], [ 76.39084607400487, 11.973496984447257 ], [ 76.391145942360808, 11.972915436043468 ], [ 76.391233074431781, 11.972516763492601 ], [ 76.391265398028239, 11.972367331622213 ], [ 76.391283281089059, 11.972282738949731 ], [ 76.391383434578302, 11.971808994438769 ], [ 76.39146324396178, 11.971730826461595 ], [ 76.391523825530555, 11.971671491226124 ], [ 76.391732644615288, 11.971466967823154 ], [ 76.392301841059805, 11.971123270419236 ], [ 76.392316373980975, 11.971114552425357 ], [ 76.392804437834926, 11.970821764083949 ], [ 76.393002914019377, 11.970438044535335 ], [ 76.393059073184816, 11.970242955861879 ], [ 76.393085889660426, 11.970149802202741 ], [ 76.393101531557292, 11.970081711293158 ], [ 76.393176750807669, 11.969705355525631 ], [ 76.393270143924241, 11.969238069681401 ], [ 76.393294544372367, 11.969075204233445 ], [ 76.393924643211278, 11.969004205738507 ], [ 76.394029217546915, 11.968992502497253 ], [ 76.393984095741402, 11.968010683041255 ], [ 76.393971867671524, 11.966878730675303 ], [ 76.394021181892313, 11.966541008895531 ], [ 76.393999788866012, 11.966108184968233 ], [ 76.393871982577835, 11.965914455758206 ], [ 76.393595158802057, 11.965846929565592 ], [ 76.392891673440531, 11.965846490324937 ], [ 76.392825796673463, 11.965725184877201 ], [ 76.392898935509081, 11.964713126872425 ] ] ] } },
{ "type": "Feature", "properties": { "OBJECTID": 21755, "KGISVillageID": 27761, "KGISVillageCode": "2608040037", "KGISVillageName": "Agathuru", "KGISHobliID": 462, "UniqueVillageCode": "2608040037_1", "Bhucode": "260501003001", "CensusVillageCode": "2957705573619075", "BhoomiVillageCode": "2608040037", "created_user": "SA", "created_date": 1556019584000.0, "last_edited_user": "SURESHBV2", "last_edited_date": 1724226098000.0, "LGDGPCode": "219465", "LGDGPCode_Secondary": null, "Category": "Cadastral data available and has bhoomi linkage", "SHAPE.STArea()": 2985590.66995299, "SHAPE.STLength()": 9004.7599372940513, "LGD_VillageCode": 619075.0, "_overlap_percent": 99.575010970057875, "_police_station": "Saragur PS", "_police_feature_index": "506", "_admin_layer": "Village", "_geometry_clipped": true }, "geometry": { "type": "Polygon", "coordinates": [ [ [ 76.361633945171448, 11.98090724517885 ], [ 76.36138688822264, 11.981362148663251 ], [ 76.361207308851434, 11.981685332508869 ], [ 76.36015464665148, 11.983493867383959 ], [ 76.359358689721361, 11.985459412508934 ], [ 76.359100316531894, 11.98651367580689 ], [ 76.359083707293834, 11.987192345419583 ], [ 76.359651429123588, 11.988000768444399 ], [ 76.360100503287043, 11.98849086738808 ], [ 76.361006066523444, 11.989260551866616 ], [ 76.361396115495893, 11.989537785140607 ], [ 76.361804895697134, 11.989895363977869 ], [ 76.362718623744428, 11.990679782449828 ], [ 76.364535790582167, 11.991269812361981 ], [ 76.36630375893624, 11.991604600068348 ], [ 76.367065514518913, 11.991637584752089 ], [ 76.368805751724608, 11.991267807328049 ], [ 76.368801378652108, 11.991166024117195 ], [ 76.368767813633895, 11.990377345675233 ], [ 76.368775611868315, 11.990322089539459 ], [ 76.368781818511678, 11.990278106291854 ], [ 76.368788356772342, 11.990231774374953 ], [ 76.368891672339373, 11.989501265009544 ], [ 76.368945967998485, 11.989402839502562 ], [ 76.368991711222193, 11.989319916834415 ], [ 76.369055305416921, 11.989204634092498 ], [ 76.369065050408807, 11.989186881435645 ], [ 76.369100251197935, 11.98912275231484 ], [ 76.369099411266532, 11.989079844127364 ], [ 76.369090298451425, 11.988614519380505 ], [ 76.369086149296308, 11.988160107278505 ], [ 76.369226578644387, 11.987808626670544 ], [ 76.369235219493419, 11.987786999907691 ], [ 76.369239588890949, 11.987776064233076 ], [ 76.369236263992718, 11.987726244576903 ], [ 76.369232328092323, 11.987667257600693 ], [ 76.369227035317437, 11.987587957564429 ], [ 76.369223884230138, 11.987540734542421 ], [ 76.36922120998652, 11.987500658827837 ], [ 76.369214121569982, 11.98739434395805 ], [ 76.369213085413492, 11.987378809317516 ], [ 76.369207926284076, 11.987317449624614 ], [ 76.369205277849616, 11.987285950998151 ], [ 76.369199871568327, 11.9872216523726 ], [ 76.369189459509016, 11.987097809642814 ], [ 76.369178316627767, 11.98696580192062 ], [ 76.369164151971361, 11.986798001098515 ], [ 76.369145848279175, 11.986581176579687 ], [ 76.369132035243666, 11.986417531994508 ], [ 76.369128898208999, 11.98638037155183 ], [ 76.369118660833507, 11.986259097410137 ], [ 76.369117465324592, 11.986245467584716 ], [ 76.369104552644558, 11.986098283194373 ], [ 76.369084793497564, 11.985873067559021 ], [ 76.369083181971547, 11.985854697749993 ], [ 76.369085238146269, 11.985823008869051 ], [ 76.369090249671217, 11.985741258974926 ], [ 76.369098892941835, 11.985600258180508 ], [ 76.369103368137999, 11.985527247245233 ], [ 76.369121284360787, 11.985234987346441 ], [ 76.369124046380364, 11.985189931482301 ], [ 76.369143906538895, 11.984865943466206 ], [ 76.369148740728789, 11.98478708937105 ], [ 76.369152011003649, 11.984730094162106 ], [ 76.369156201354883, 11.984657051164705 ], [ 76.369178154790148, 11.984262282509377 ], [ 76.36918278349836, 11.984228104721332 ], [ 76.369209176342324, 11.984033225826799 ], [ 76.369274226310878, 11.983727113504784 ], [ 76.369282734764766, 11.983687076258796 ], [ 76.369336732719432, 11.983594659986972 ], [ 76.369373318892656, 11.983532043916185 ], [ 76.369467619661989, 11.983324975875286 ], [ 76.369495123766484, 11.98326458215786 ], [ 76.369597275416567, 11.983040276989312 ], [ 76.369752073428472, 11.982700366436333 ], [ 76.37015225922238, 11.982446012998578 ], [ 76.37022703015711, 11.982547353484824 ], [ 76.370360144156919, 11.982161813810887 ], [ 76.370631514078966, 11.981394076996056 ], [ 76.370694434489337, 11.980874661147622 ], [ 76.370663960384576, 11.980135639073097 ], [ 76.370734349073373, 11.979212783645719 ], [ 76.370782531789231, 11.978696544520306 ], [ 76.370874107042212, 11.977715382992178 ], [ 76.370972727898547, 11.975661519647126 ], [ 76.370896588515194, 11.974646084335044 ], [ 76.370733591982869, 11.973127237089123 ], [ 76.370458456795177, 11.97212888845538 ], [ 76.370258705971352, 11.971017274843746 ], [ 76.369906864511364, 11.969691340109666 ], [ 76.369676529839566, 11.968571248761593 ], [ 76.36933171488721, 11.96776552442059 ], [ 76.36906777961407, 11.967159257722479 ], [ 76.368990342283141, 11.966981380727566 ], [ 76.368963888854111, 11.966920616621675 ], [ 76.368931770361371, 11.966846838458736 ], [ 76.368739416560828, 11.966629826399764 ], [ 76.368599726002401, 11.966472228158798 ], [ 76.368577995648678, 11.966430870148246 ], [ 76.368500713790439, 11.966283785057113 ], [ 76.368442310433437, 11.966172628262573 ], [ 76.368318771931612, 11.965937503748354 ], [ 76.368305944055152, 11.965913090404344 ], [ 76.368235835767393, 11.965779656547438 ], [ 76.367930074059274, 11.965085393220312 ], [ 76.367497649568293, 11.964383445975042 ], [ 76.367442130161166, 11.964302931178755 ], [ 76.367349461535724, 11.964110728044998 ], [ 76.367349238828695, 11.964110265324621 ], [ 76.367247354172704, 11.963898947265514 ], [ 76.367233436187334, 11.963870079213937 ], [ 76.367149454196948, 11.963695892238571 ], [ 76.367144329265685, 11.963685263238856 ], [ 76.367115794621313, 11.963626078530902 ], [ 76.367059530824832, 11.963509382291711 ], [ 76.367027660333036, 11.963443278434456 ], [ 76.366991897224054, 11.963369101797268 ], [ 76.36694457964812, 11.963270961183632 ], [ 76.366938913746253, 11.963259208298904 ], [ 76.366838847587346, 11.963051661216777 ], [ 76.366836419213485, 11.963046623619634 ], [ 76.366744483647693, 11.962855938218443 ], [ 76.366725973514448, 11.962817546955076 ], [ 76.366705870139228, 11.962775849000918 ], [ 76.366604615702798, 11.962565835755713 ], [ 76.366568821298699, 11.962491594092995 ], [ 76.366495911195344, 11.96234036870141 ], [ 76.366493349221173, 11.962335055094158 ], [ 76.366427495072429, 11.962198464420592 ], [ 76.366377162209631, 11.962094066565966 ], [ 76.366349880623602, 11.962037482172885 ], [ 76.366244688726567, 11.96181930032439 ], [ 76.36621974924212, 11.961767572211816 ], [ 76.36618864936149, 11.961703065627685 ], [ 76.366090404998474, 11.96149929204514 ], [ 76.366041890200094, 11.96139866621686 ], [ 76.365990339319566, 11.961291741786193 ], [ 76.365960660472922, 11.961225848585055 ], [ 76.365941448763252, 11.961183194186297 ], [ 76.365810589430509, 11.960892657614737 ], [ 76.365804899859739, 11.960877813675941 ], [ 76.365769864576919, 11.96078640554285 ], [ 76.365643277030443, 11.960456097287608 ], [ 76.365576457411692, 11.960281717609606 ], [ 76.365442878891699, 11.959933106150862 ], [ 76.36533338372557, 11.959701695943016 ], [ 76.364893109888513, 11.958773202300314 ], [ 76.364376713718812, 11.957693532222692 ], [ 76.364172307979018, 11.957268967359466 ], [ 76.36397665468634, 11.957429797076815 ], [ 76.363982747281682, 11.957914007337822 ], [ 76.364002380983891, 11.959727221231317 ], [ 76.364009083240148, 11.960755473871627 ], [ 76.364006339597793, 11.961458104550749 ], [ 76.363993552792664, 11.96206117148453 ], [ 76.363988090585423, 11.962608651866175 ], [ 76.363998190627626, 11.962856357466807 ], [ 76.36400822895574, 11.963102550792867 ], [ 76.36401241474816, 11.963205208779868 ], [ 76.364024017370411, 11.963489773761427 ], [ 76.364027267202275, 11.963569478349294 ], [ 76.364036838711073, 11.963804221625299 ], [ 76.364037708746494, 11.963825557895939 ], [ 76.364041517660922, 11.963867865973405 ], [ 76.36406433421881, 11.964121300531291 ], [ 76.36406721643236, 11.964153313544612 ], [ 76.364090191543028, 11.964408503092129 ], [ 76.364093864388124, 11.964449307395931 ], [ 76.36411568143167, 11.96469163262355 ], [ 76.364115734917448, 11.964692227264745 ], [ 76.364117317061201, 11.964709805323192 ], [ 76.364126201029663, 11.964808478666136 ], [ 76.364147121745489, 11.965088123365149 ], [ 76.36414903507945, 11.965113697526142 ], [ 76.364176171234078, 11.965476408294329 ], [ 76.36417714069745, 11.965489365735722 ], [ 76.364197883393942, 11.96576661810667 ], [ 76.364198130438524, 11.965769920505462 ], [ 76.364200157985294, 11.96579702566261 ], [ 76.36422136144482, 11.966080446297855 ], [ 76.364223363366222, 11.96610720078564 ], [ 76.364243535401371, 11.966376829780847 ], [ 76.364246711506468, 11.966419273821153 ], [ 76.364268214341379, 11.966706692735691 ], [ 76.364242044230352, 11.966729310484006 ], [ 76.364211215650727, 11.966755937076925 ], [ 76.363047596566545, 11.967548601910382 ], [ 76.36169169446228, 11.968475582179499 ], [ 76.361515551576929, 11.968634320091244 ], [ 76.361106544029425, 11.968999643072621 ], [ 76.361072872193262, 11.969194035497091 ], [ 76.360947885373335, 11.969789797575414 ], [ 76.360824889259291, 11.970376074040187 ], [ 76.360811581247816, 11.970439506475385 ], [ 76.360798112275745, 11.970463067716578 ], [ 76.360769136138018, 11.970513755933109 ], [ 76.360722998774037, 11.970594463242923 ], [ 76.360709471336193, 11.970588175707551 ], [ 76.360338800179534, 11.97041587426849 ], [ 76.360170532354275, 11.970572787728374 ], [ 76.360088012066512, 11.970649739404035 ], [ 76.35987282230532, 11.970851418289657 ], [ 76.359557611086743, 11.971716476172528 ], [ 76.359460148480622, 11.97184183637053 ], [ 76.359082022991657, 11.97232717504205 ], [ 76.359122446268287, 11.972389477204672 ], [ 76.359516919330247, 11.972997452894141 ], [ 76.35997669061625, 11.974450050656959 ], [ 76.360972976639403, 11.975751758442073 ], [ 76.361547742487247, 11.976874228500961 ], [ 76.362141662596599, 11.978204208847913 ], [ 76.362112861476433, 11.979477563610633 ], [ 76.361786865621113, 11.980414603169086 ], [ 76.361633945171448, 11.98090724517885 ] ] ] } },
{ "type": "Feature", "properties": { "OBJECTID": 21615, "KGISVillageID": 27613, "KGISVillageCode": "2605050010", "KGISVillageName": "Pura", "KGISHobliID": 53, "UniqueVillageCode": "2605050010_1", "Bhucode": "260501001048", "CensusVillageCode": "2957705573619024", "BhoomiVillageCode": "2605050010", "created_user": null, "created_date": null, "last_edited_user": null, "last_edited_date": null, "LGDGPCode": "219440", "LGDGPCode_Secondary": null, "Category": "Cadastral data available and has bhoomi linkage", "SHAPE.STArea()": 1395248.2809145851, "SHAPE.STLength()": 6008.1068361580938, "LGD_VillageCode": 619024.0, "_overlap_percent": 0.29963252474792879, "_police_station": "Saragur PS", "_police_feature_index": "506", "_admin_layer": "Village", "_geometry_clipped": true }, "geometry": { "type": "Polygon", "coordinates": [ [ [ 76.361804895697134, 11.989895363977869 ], [ 76.361396115495893, 11.989537785140607 ], [ 76.361006066523444, 11.989260551866616 ], [ 76.360100503287043, 11.98849086738808 ], [ 76.359651429123588, 11.988000768444399 ], [ 76.359083707293834, 11.987192345419583 ], [ 76.359100316531894, 11.98651367580689 ], [ 76.359358689721361, 11.985459412508934 ], [ 76.36015464665148, 11.983493867383959 ], [ 76.361207308851434, 11.981685332508869 ], [ 76.36138688822264, 11.981362148663251 ], [ 76.361346560573296, 11.981347935363393 ], [ 76.361183446938156, 11.981628082928308 ], [ 76.360131491816318, 11.983434775332041 ], [ 76.359334177134926, 11.985410330008678 ], [ 76.359065856516239, 11.986476163466708 ], [ 76.359046654971834, 11.987174150123606 ], [ 76.359631033553342, 11.988004222567914 ], [ 76.360090884120453, 11.988504159230732 ], [ 76.361010600246331, 11.989287086105195 ], [ 76.361404758444777, 11.989568815397885 ], [ 76.361789712687425, 11.989907215015041 ], [ 76.361804895697134, 11.989895363977869 ] ] ] } },
{ "type": "Feature", "properties": { "OBJECTID": 21606, "KGISVillageID": 27604, "KGISVillageCode": "2605050006", "KGISVillageName": "Magudlu", "KGISHobliID": 53, "UniqueVillageCode": "2605050006_1", "Bhucode": "260501001038", "CensusVillageCode": "2957705573619022", "BhoomiVillageCode": "2605050006", "created_user": null, "created_date": null, "last_edited_user": null, "last_edited_date": null, "LGDGPCode": "219440", "LGDGPCode_Secondary": null, "Category": "Cadastral data available and has bhoomi linkage", "SHAPE.STArea()": 4011537.94843172, "SHAPE.STLength()": 9455.5974056327268, "LGD_VillageCode": 619022.0, "_overlap_percent": 0.24308677951959573, "_police_station": "Saragur PS", "_police_feature_index": "506", "_admin_layer": "Village", "_geometry_clipped": true }, "geometry": { "type": "MultiPolygon", "coordinates": [ [ [ [ 76.371046933797558, 11.990853897719544 ], [ 76.369556049462304, 11.991198301709465 ], [ 76.369561233637199, 11.991235348939123 ], [ 76.369593834763108, 11.991231952031976 ], [ 76.371095408093879, 11.990864144376525 ], [ 76.371724198070282, 11.990815534654745 ], [ 76.371046933797558, 11.990853897719544 ] ] ], [ [ [ 76.382004480256839, 11.990648563452181 ], [ 76.38010796873229, 11.990612774354926 ], [ 76.378712290907757, 11.990606324771976 ], [ 76.380145081228903, 11.990632915600992 ], [ 76.382018274551214, 11.990667662249024 ], [ 76.384211847696903, 11.990995557993996 ], [ 76.382004480256839, 11.990648563452181 ] ] ], [ [ [ 76.391394687194961, 11.998978969531102 ], [ 76.392454804563684, 11.998455611488669 ], [ 76.39319214966595, 11.9980927671179 ], [ 76.393211133775779, 11.998083413813884 ], [ 76.393569408790981, 11.997768723834096 ], [ 76.393448675033426, 11.997261244780812 ], [ 76.393563497787127, 11.997753622364142 ], [ 76.393202066620987, 11.998073189351851 ], [ 76.393182937489115, 11.998082736852909 ], [ 76.392439573309673, 11.998453785951378 ], [ 76.391371554633977, 11.998986879619286 ], [ 76.390317166854047, 11.99951315873758 ], [ 76.391394687194961, 11.998978969531102 ] ] ], [ [ [ 76.373424034307533, 12.005008053921955 ], [ 76.374670133627859, 12.004441117542601 ], [ 76.377065354463653, 12.004356565819801 ], [ 76.377882741964157, 12.004660503426958 ], [ 76.379436112076547, 12.004893324163438 ], [ 76.381302919075381, 12.004715028264309 ], [ 76.383000045685023, 12.004198451507614 ], [ 76.383560916817885, 12.003967343167675 ], [ 76.383026344892571, 12.004181762080908 ], [ 76.381335332003871, 12.004675052716623 ], [ 76.379472068827241, 12.00482923080512 ], [ 76.377921953597863, 12.004582625694706 ], [ 76.377107755893945, 12.004274351794878 ], [ 76.374712133340779, 12.004351429783187 ], [ 76.373459518192092, 12.004921745265378 ], [ 76.37242610223916, 12.006062371426978 ], [ 76.372419443501926, 12.006118256833123 ], [ 76.373424034307533, 12.005008053921955 ] ] ] ] } },
{ "type": "Feature", "properties": { "OBJECTID": 21806, "KGISVillageID": 27813, "KGISVillageCode": "2608030001", "KGISVillageName": "Badagalu", "KGISHobliID": 881, "UniqueVillageCode": "2608030001_1", "Bhucode": "260501005004", "CensusVillageCode": "2957705573618988", "BhoomiVillageCode": "2608030001", "created_user": "SA", "created_date": 1556019584000.0, "last_edited_user": "SURESHBV2", "last_edited_date": 1724226112000.0, "LGDGPCode": "219465", "LGDGPCode_Secondary": null, "Category": "Cadastral data available and has bhoomi linkage", "SHAPE.STArea()": 4458798.4869845752, "SHAPE.STLength()": 8556.6103615119537, "LGD_VillageCode": 618988.0, "_overlap_percent": 99.902056431805491, "_police_station": "Saragur PS", "_police_feature_index": "506", "_admin_layer": "Village", "_geometry_clipped": true }, "geometry": { "type": "Polygon", "coordinates": [ [ [ 76.377254568309326, 12.014696591472266 ], [ 76.378418639183138, 12.01532763316979 ], [ 76.378895696670668, 12.016213907239024 ], [ 76.379951042821645, 12.017335101122198 ], [ 76.381491120213866, 12.019501281100784 ], [ 76.382363745480546, 12.019893238029328 ], [ 76.383084452532742, 12.020215749995208 ], [ 76.383252335513532, 12.02029075990345 ], [ 76.385019294536804, 12.02046755468996 ], [ 76.385303015068104, 12.020497042045115 ], [ 76.386925623025007, 12.020375294104024 ], [ 76.389098525890546, 12.020087014504483 ], [ 76.390942462428427, 12.019574944199412 ], [ 76.392221954602192, 12.018718316536221 ], [ 76.393176584850195, 12.017861971667326 ], [ 76.394210886703846, 12.016944891269649 ], [ 76.395020017755783, 12.016089062690256 ], [ 76.395550389453774, 12.015268330378362 ], [ 76.396169724405979, 12.013872199168334 ], [ 76.396589887127362, 12.012559789086163 ], [ 76.396975530787671, 12.010812134681688 ], [ 76.397240067531484, 12.009557493682353 ], [ 76.397706926098749, 12.008103417183751 ], [ 76.398083572027346, 12.006525300620494 ], [ 76.398478007485593, 12.005459979207455 ], [ 76.399007654205548, 12.004571156921884 ], [ 76.398563030288472, 12.004323129439745 ], [ 76.398526614144942, 12.004289564483528 ], [ 76.398189580725543, 12.00398017215934 ], [ 76.39818687341787, 12.003977694014488 ], [ 76.397951521620257, 12.003524485718291 ], [ 76.397118893090578, 12.002245698406657 ], [ 76.397081151393635, 12.002187732978255 ], [ 76.397054547721865, 12.002146873396896 ], [ 76.397034312946474, 12.002115276074214 ], [ 76.397032170159136, 12.002112202916573 ], [ 76.397032352053202, 12.002112213761649 ], [ 76.397025160257826, 12.002100981976348 ], [ 76.396905877484969, 12.002088209571573 ], [ 76.39686290231009, 12.002083607103087 ], [ 76.39577453236096, 12.001967059748129 ], [ 76.395784607508759, 12.001857790686079 ], [ 76.395776411634728, 12.001855769333122 ], [ 76.395571164626034, 12.001805179311187 ], [ 76.394967177337008, 12.001636808431355 ], [ 76.394882287126563, 12.001613177315498 ], [ 76.394877915496849, 12.001594038682068 ], [ 76.394680490819013, 12.000475346063181 ], [ 76.394665230981957, 12.000388864315875 ], [ 76.394150065557909, 11.999706984277175 ], [ 76.393926906219619, 11.999331760936242 ], [ 76.393950682071363, 11.999037475204377 ], [ 76.393971307493686, 11.998781530550037 ], [ 76.39392000958351, 11.998736154658831 ], [ 76.393635240616632, 11.998484330878233 ], [ 76.39319214966595, 11.9980927671179 ], [ 76.392454804563684, 11.998455611488669 ], [ 76.391394687194961, 11.998978969531102 ], [ 76.390317166854047, 11.99951315873758 ], [ 76.389116956648778, 12.000112222555101 ], [ 76.387775377913499, 12.00064346374319 ], [ 76.386507375850243, 12.001747116706388 ], [ 76.38537493443539, 12.002732769321943 ], [ 76.384294596456215, 12.003673061363369 ], [ 76.383560916817885, 12.003967343167675 ], [ 76.383000045685023, 12.004198451507614 ], [ 76.381302919075381, 12.004715028264309 ], [ 76.379436112076547, 12.004893324163438 ], [ 76.377882741964157, 12.004660503426958 ], [ 76.377065354463653, 12.004356565819801 ], [ 76.374670133627859, 12.004441117542601 ], [ 76.373424034307533, 12.005008053921955 ], [ 76.372419443501926, 12.006118256833123 ], [ 76.372128577338827, 12.008559436455769 ], [ 76.372132451129417, 12.008788553373549 ], [ 76.372144225281147, 12.009484278930469 ], [ 76.37247302823944, 12.010979439218579 ], [ 76.37333421532999, 12.011750145156308 ], [ 76.374759099473479, 12.012644160597917 ], [ 76.375964777937355, 12.013183652243693 ], [ 76.376587212135178, 12.013924965327433 ], [ 76.377254568309326, 12.014696591472266 ] ] ] } },
{ "type": "Feature", "properties": { "OBJECTID": 21612, "KGISVillageID": 27610, "KGISVillageCode": "2605050005", "KGISVillageName": "Nilavagilu", "KGISHobliID": 53, "UniqueVillageCode": "2605050005_1", "Bhucode": "260501001045", "CensusVillageCode": "2957705573619021", "BhoomiVillageCode": "2605050005", "created_user": null, "created_date": null, "last_edited_user": null, "last_edited_date": null, "LGDGPCode": "219467", "LGDGPCode_Secondary": null, "Category": "Cadastral data available and has bhoomi linkage", "SHAPE.STArea()": 5943341.2893077703, "SHAPE.STLength()": 11308.559058343419, "LGD_VillageCode": 619021.0, "_overlap_percent": 0.2289627275333406, "_police_station": "Saragur PS", "_police_feature_index": "506", "_admin_layer": "Village", "_geometry_clipped": true }, "geometry": { "type": "MultiPolygon", "coordinates": [ [ [ [ 76.350290180968472, 12.03678706983272 ], [ 76.350359556163525, 12.036720492501223 ], [ 76.350264704449131, 12.036650626157039 ], [ 76.350211487117463, 12.036727778261616 ], [ 76.350290180968472, 12.03678706983272 ] ] ], [ [ [ 76.381352883286382, 12.02170409753513 ], [ 76.38140612221261, 12.021638083056356 ], [ 76.381437129350331, 12.021635997697235 ], [ 76.381475903701485, 12.02159627621004 ], [ 76.381521069040303, 12.021573201873659 ], [ 76.381727876909324, 12.021514252011732 ], [ 76.381950496487661, 12.021450594831773 ], [ 76.382250062397148, 12.021375066685673 ], [ 76.382407378875499, 12.021335244120255 ], [ 76.382300013996414, 12.021018000252033 ], [ 76.382283459546073, 12.020959632383008 ], [ 76.382185833422128, 12.020616153130707 ], [ 76.382143985449076, 12.02042740508713 ], [ 76.382363745480546, 12.019893238029328 ], [ 76.381491120213866, 12.019501281100784 ], [ 76.379951042821645, 12.017335101122198 ], [ 76.378895696670668, 12.016213907239024 ], [ 76.378418639183138, 12.01532763316979 ], [ 76.377254568309326, 12.014696591472266 ], [ 76.376587212135178, 12.013924965327433 ], [ 76.377233101824146, 12.014694213673298 ], [ 76.378376162826939, 12.015326177272954 ], [ 76.378845924161496, 12.016189354294607 ], [ 76.379895051985415, 12.017299143184154 ], [ 76.381436026937834, 12.019483682197091 ], [ 76.382298641320261, 12.019884141221839 ], [ 76.382089351167949, 12.020420601679561 ], [ 76.382133128115484, 12.020610664693901 ], [ 76.382234199510435, 12.02095653272646 ], [ 76.3822513703862, 12.021015291735708 ], [ 76.382362026180104, 12.021334729860103 ], [ 76.382207177880261, 12.021373356729841 ], [ 76.381912495135921, 12.021446867148734 ], [ 76.381693754119098, 12.021509259275263 ], [ 76.381490643305071, 12.021567190902621 ], [ 76.38144641296546, 12.021590089737256 ], [ 76.381408678681197, 12.021629707532018 ], [ 76.381378144753555, 12.021631654029909 ], [ 76.381331562572839, 12.021691052910004 ], [ 76.381352883286382, 12.02170409753513 ] ] ], [ [ [ 76.380619875588309, 12.022250569588731 ], [ 76.381174640660362, 12.021630894397939 ], [ 76.381190604022038, 12.021613082846766 ], [ 76.38117015076655, 12.021600365390352 ], [ 76.381149974715683, 12.021623485211926 ], [ 76.380610203792287, 12.022242001349033 ], [ 76.379878503215906, 12.023080439979191 ], [ 76.380619875588309, 12.022250569588731 ] ] ], [ [ [ 76.380033912480656, 12.023187082980156 ], [ 76.38009327436383, 12.023120699411637 ], [ 76.380090683172412, 12.023120545091501 ], [ 76.379965366937768, 12.023263737389501 ], [ 76.380033912480656, 12.023187082980156 ] ] ], [ [ [ 76.379919012400521, 12.023315575620314 ], [ 76.379930599423446, 12.023302617864623 ], [ 76.379861914744296, 12.023291032074617 ], [ 76.379857971002394, 12.023305650222495 ], [ 76.379919012400521, 12.023315575620314 ] ] ], [ [ [ 76.378797308724572, 12.025609969633374 ], [ 76.378817155475275, 12.02560324553982 ], [ 76.378982163294012, 12.025547340738179 ], [ 76.379385027775783, 12.025412198936451 ], [ 76.379418309482759, 12.025404165323385 ], [ 76.379543579170559, 12.025261453485827 ], [ 76.379591615158915, 12.02520672883653 ], [ 76.37945297172746, 12.025361010700337 ], [ 76.37867310059616, 12.025548476748909 ], [ 76.378476485269417, 12.025610610182184 ], [ 76.378457619686188, 12.025652763176012 ], [ 76.378797308724572, 12.025609969633374 ] ] ], [ [ [ 76.37612385153669, 12.027219970496414 ], [ 76.377158774201604, 12.027216400618411 ], [ 76.377383340082446, 12.027209680532744 ], [ 76.377841025745099, 12.02719179195911 ], [ 76.377966177933573, 12.027189282210989 ], [ 76.378018076938545, 12.027188225106499 ], [ 76.378015224119906, 12.027135980275943 ], [ 76.377897334291205, 12.027140404670808 ], [ 76.377449997329123, 12.027166278801714 ], [ 76.377230637788031, 12.027177233366729 ], [ 76.376221982142937, 12.027199144763275 ], [ 76.374884231080912, 12.027292516645936 ], [ 76.37612385153669, 12.027219970496414 ] ] ], [ [ [ 76.373185796817722, 12.027708345865234 ], [ 76.373203642876589, 12.027703244729988 ], [ 76.372600217398386, 12.027787201403369 ], [ 76.372596711317428, 12.02778768967104 ], [ 76.37254846985185, 12.027801299035277 ], [ 76.373185796817722, 12.027708345865234 ] ] ], [ [ [ 76.366832191833907, 12.030471315222297 ], [ 76.366843851443306, 12.03045139777538 ], [ 76.367157055036401, 12.030040178621597 ], [ 76.367575346970938, 12.029490982457647 ], [ 76.367570710046564, 12.029437289875684 ], [ 76.368344180745794, 12.029083029083495 ], [ 76.368423526197574, 12.029046729417832 ], [ 76.369374898724772, 12.028716115127184 ], [ 76.369380640129123, 12.02871412236432 ], [ 76.371431203964804, 12.02811649008982 ], [ 76.369471542652292, 12.028669328695917 ], [ 76.369465730355031, 12.028671287452385 ], [ 76.368501614284554, 12.028996275884555 ], [ 76.368420929515523, 12.029032171672025 ], [ 76.367447554711902, 12.02946521763311 ], [ 76.36679759663194, 12.030517871706762 ], [ 76.366832191833907, 12.030471315222297 ] ] ], [ [ [ 76.365156072503524, 12.029990457496687 ], [ 76.365435932839233, 12.029940996333217 ], [ 76.365576169916721, 12.029916211711271 ], [ 76.365592157417524, 12.029913385959391 ], [ 76.36564714921002, 12.029903667344504 ], [ 76.365681166004677, 12.029897655054514 ], [ 76.365732379790458, 12.029888603819305 ], [ 76.365686133371511, 12.029750498329824 ], [ 76.365649589432721, 12.029729132345928 ], [ 76.365613963934365, 12.029708303421048 ], [ 76.365386142205054, 12.02979744078762 ], [ 76.364993372047621, 12.029899280552872 ], [ 76.365009396783307, 12.030039818972382 ], [ 76.365156072503524, 12.029990457496687 ] ] ], [ [ [ 76.3628454081732, 12.030815470072966 ], [ 76.362856762978197, 12.030859325954301 ], [ 76.363146485515983, 12.030834616507917 ], [ 76.363643421996059, 12.030791026134983 ], [ 76.363768337379454, 12.030740504198748 ], [ 76.364301669748215, 12.030527442887768 ], [ 76.364339202331465, 12.030512449409375 ], [ 76.364420234776162, 12.030480077190971 ], [ 76.364809150258296, 12.030324708882262 ], [ 76.365012149008095, 12.030243612298506 ], [ 76.365003860616184, 12.030188984508763 ], [ 76.363742765953859, 12.030674016731183 ], [ 76.363613223428388, 12.030723840683565 ], [ 76.363121969951123, 12.030768570440106 ], [ 76.36283991452737, 12.030794251743384 ], [ 76.3628454081732, 12.030815470072966 ] ] ], [ [ [ 76.359286842425462, 12.030824321720006 ], [ 76.359252534274262, 12.031203455170171 ], [ 76.359324366731457, 12.031190364828825 ], [ 76.359613353796846, 12.031050723996733 ], [ 76.360014463251289, 12.030856903586692 ], [ 76.360173174945047, 12.030780212053845 ], [ 76.360316246007827, 12.030711078090553 ], [ 76.360481213725492, 12.03063136334049 ], [ 76.360930761539024, 12.03070315515526 ], [ 76.360951291467785, 12.030706433714807 ], [ 76.361193278812038, 12.030745077956123 ], [ 76.361331343401858, 12.030767126710931 ], [ 76.36136499164644, 12.03076156334985 ], [ 76.362090735113711, 12.030641560973807 ], [ 76.362282676217617, 12.030609823593091 ], [ 76.362757279135337, 12.030565763360334 ], [ 76.362780245009802, 12.030563787916973 ], [ 76.362763025780566, 12.030492039280167 ], [ 76.362741093410932, 12.0304947926324 ], [ 76.362285691449472, 12.030551973493198 ], [ 76.361363992843408, 12.030724430420195 ], [ 76.3605393295216, 12.030593297717596 ], [ 76.359392398407465, 12.03114710137015 ], [ 76.359385112331097, 12.030992341804913 ], [ 76.359374777623202, 12.030772837105992 ], [ 76.359287512754975, 12.030816913312091 ], [ 76.359286842425462, 12.030824321720006 ] ] ], [ [ [ 76.355804451143911, 12.031911329666347 ], [ 76.356286993146838, 12.031857146324821 ], [ 76.356818254433762, 12.03179749154085 ], [ 76.356845025793859, 12.031794589449126 ], [ 76.357413050655268, 12.031733016290326 ], [ 76.357523984279041, 12.031721183741999 ], [ 76.35775042197703, 12.031593272483127 ], [ 76.357623020087246, 12.031657621068415 ], [ 76.35751460690571, 12.031667455082543 ], [ 76.356933800908962, 12.031720132695984 ], [ 76.355946041465458, 12.03180971960928 ], [ 76.35580441421618, 12.031911355142221 ], [ 76.355804451143911, 12.031911329666347 ] ] ] ] } },
{ "type": "Feature", "properties": { "OBJECTID": 21682, "KGISVillageID": 27683, "KGISVillageCode": "2605010053", "KGISVillageName": "Thoravalli", "KGISHobliID": 504, "UniqueVillageCode": "2605010053_1", "Bhucode": "260501004059", "CensusVillageCode": "2957705573618904", "BhoomiVillageCode": "2605010053", "created_user": null, "created_date": null, "last_edited_user": null, "last_edited_date": null, "LGDGPCode": "219467", "LGDGPCode_Secondary": null, "Category": "Cadastral data available and has bhoomi linkage", "SHAPE.STArea()": 1792843.647760795, "SHAPE.STLength()": 6084.8289678784786, "LGD_VillageCode": 618904.0, "_overlap_percent": 99.758323777366982, "_police_station": "Saragur PS", "_police_feature_index": "506", "_admin_layer": "Village", "_geometry_clipped": true }, "geometry": { "type": "Polygon", "coordinates": [ [ [ 76.390180721531436, 12.03335434612787 ], [ 76.390177149036234, 12.033280266359471 ], [ 76.390204334556245, 12.033276395158737 ], [ 76.390202383437952, 12.033221118859949 ], [ 76.390664329731848, 12.033157703108952 ], [ 76.390715166752258, 12.033150724305608 ], [ 76.39075796609302, 12.033144847711164 ], [ 76.390747963517683, 12.033097415690087 ], [ 76.390736748838208, 12.033044182591244 ], [ 76.390777290910648, 12.03304606567615 ], [ 76.390776383197988, 12.033041507917593 ], [ 76.39076582356995, 12.032988487634423 ], [ 76.39279542233146, 12.033090506577981 ], [ 76.393222020407535, 12.033111946514152 ], [ 76.393346061289108, 12.033118182218802 ], [ 76.393425062061922, 12.033063340826651 ], [ 76.393480137444158, 12.033025108558688 ], [ 76.39378028748564, 12.033062116213863 ], [ 76.394055512509865, 12.032924972814927 ], [ 76.394617595979611, 12.032563640584623 ], [ 76.394617606425939, 12.032563633737107 ], [ 76.394962378085197, 12.032337172383771 ], [ 76.395666090487396, 12.031874938841099 ], [ 76.395681644983327, 12.031879613928565 ], [ 76.395711450012925, 12.031860453670976 ], [ 76.395753449991986, 12.031873784248701 ], [ 76.396219439007083, 12.032021679492301 ], [ 76.396361094600749, 12.031983478791867 ], [ 76.397232121972309, 12.031743278675199 ], [ 76.397457322319681, 12.031756413172779 ], [ 76.398480804879213, 12.031810016489001 ], [ 76.398484415129801, 12.031762325592002 ], [ 76.399006586759228, 12.025613066744604 ], [ 76.399127145540447, 12.023477325976556 ], [ 76.39912991913755, 12.023427905413879 ], [ 76.398254076450741, 12.023501839465792 ], [ 76.398120744965084, 12.023513114473806 ], [ 76.398323435110328, 12.023103095280137 ], [ 76.398268627433396, 12.022751492498188 ], [ 76.398240638215285, 12.022572145472207 ], [ 76.398231455843188, 12.022513330670723 ], [ 76.397779378000124, 12.022374111834047 ], [ 76.397730239387684, 12.022376234565581 ], [ 76.397715693574241, 12.022376863352051 ], [ 76.396782466035617, 12.019982424947839 ], [ 76.395516392021676, 12.016874245308388 ], [ 76.39548934881617, 12.016808079721791 ], [ 76.395448057254811, 12.016744780716262 ], [ 76.395020017755783, 12.016089062690256 ], [ 76.394210886703846, 12.016944891269649 ], [ 76.393176584850195, 12.017861971667326 ], [ 76.392221954602192, 12.018718316536221 ], [ 76.390942462428427, 12.019574944199412 ], [ 76.389098525890546, 12.020087014504483 ], [ 76.386925623025007, 12.020375294104024 ], [ 76.387032938135818, 12.021262562473764 ], [ 76.387057725869028, 12.021333708222381 ], [ 76.387100989701381, 12.021458226725814 ], [ 76.387325966278027, 12.021621881694964 ], [ 76.387570105006645, 12.021748335483535 ], [ 76.387708443014432, 12.021820012962982 ], [ 76.387857351221115, 12.021918156726249 ], [ 76.387952652135084, 12.021981092802383 ], [ 76.388019230244851, 12.022110968662869 ], [ 76.388060321690602, 12.022283506904893 ], [ 76.388061749705642, 12.02243232983477 ], [ 76.388038754468965, 12.022442882742467 ], [ 76.388053180152212, 12.022507656256584 ], [ 76.388088471132775, 12.022666110404778 ], [ 76.388119873583094, 12.022765123460792 ], [ 76.388139596505596, 12.022827308444674 ], [ 76.388143401466465, 12.022855933019626 ], [ 76.388181354528996, 12.023141428840894 ], [ 76.388336189886559, 12.023153152175402 ], [ 76.388356268889382, 12.023681039141 ], [ 76.388357876162218, 12.023723296600304 ], [ 76.388384630259736, 12.023878650462919 ], [ 76.388442407033097, 12.024258730608846 ], [ 76.388440353051777, 12.024287674506631 ], [ 76.38844447827249, 12.024485790504965 ], [ 76.388427769417618, 12.024649732274973 ], [ 76.38841720612966, 12.024753373042618 ], [ 76.388406096305275, 12.024862375085705 ], [ 76.388368990938957, 12.02522642530111 ], [ 76.388338104595164, 12.025529458105927 ], [ 76.38833685762657, 12.025556193812713 ], [ 76.388321021091741, 12.025895747683782 ], [ 76.38820788050883, 12.026684063421378 ], [ 76.388219322740753, 12.026796331958545 ], [ 76.388213373047762, 12.026924367530153 ], [ 76.387953309508305, 12.026924177371669 ], [ 76.387840329576676, 12.026923482133689 ], [ 76.387799285997758, 12.027055783126421 ], [ 76.387620853932106, 12.027630642284944 ], [ 76.387601570624327, 12.027692766117999 ], [ 76.387648509925214, 12.028450038105337 ], [ 76.387661599062028, 12.02866119541231 ], [ 76.387667441761664, 12.028755457854938 ], [ 76.387610397772562, 12.028801534537783 ], [ 76.387528181772723, 12.028867944577289 ], [ 76.38751561681201, 12.028878093977458 ], [ 76.387525262443873, 12.029069706542908 ], [ 76.387533566365391, 12.029234662259597 ], [ 76.387580262072575, 12.029458118200642 ], [ 76.387594749215992, 12.029527443482896 ], [ 76.387632888893393, 12.029709954864552 ], [ 76.387649867503711, 12.029791203593435 ], [ 76.387579782565155, 12.030009321664773 ], [ 76.387555914934055, 12.030083602117367 ], [ 76.387519534608415, 12.030116272391851 ], [ 76.387409402498662, 12.03021516960761 ], [ 76.387374902516697, 12.030317203388947 ], [ 76.387347166436825, 12.030399232144289 ], [ 76.387263339653316, 12.030645792507505 ], [ 76.387414917908359, 12.030673106893117 ], [ 76.387478405558568, 12.030684547323331 ], [ 76.387472104520739, 12.03072943882457 ], [ 76.387447429873788, 12.030839255042061 ], [ 76.38743361805264, 12.030900723343576 ], [ 76.387420934097406, 12.0309571737487 ], [ 76.387390487163017, 12.031092671382348 ], [ 76.387342628354119, 12.03130566036165 ], [ 76.387333187872869, 12.031347674364781 ], [ 76.38732454659656, 12.031386132215122 ], [ 76.387316365955868, 12.031422534581246 ], [ 76.387095903900899, 12.031719007143955 ], [ 76.387093541715672, 12.031721005172798 ], [ 76.387092333595049, 12.031723808439139 ], [ 76.387046040923295, 12.031786061029839 ], [ 76.387040042361576, 12.031794126411555 ], [ 76.386674143895917, 12.032595476131357 ], [ 76.386709206291457, 12.032612547539886 ], [ 76.38680850065046, 12.032644260791971 ], [ 76.386901930096641, 12.032674100028148 ], [ 76.38722007886561, 12.032775710595734 ], [ 76.387192359543576, 12.032815023591594 ], [ 76.387228162076866, 12.032812353997747 ], [ 76.387303286318016, 12.032806748681983 ], [ 76.387365603541767, 12.032802098431205 ], [ 76.387340564427959, 12.032916093368776 ], [ 76.387295900006762, 12.033119432462497 ], [ 76.387290576586224, 12.033178188791698 ], [ 76.387500586574618, 12.033393320838739 ], [ 76.387523856032487, 12.033313940648741 ], [ 76.387611489966559, 12.033264948882087 ], [ 76.387610660087972, 12.033260762585366 ], [ 76.38756699266591, 12.033259162422489 ], [ 76.387682237455053, 12.033192362039751 ], [ 76.38981845354985, 12.033261978921182 ], [ 76.389808386470662, 12.033306030296 ], [ 76.389806374785493, 12.033318323305462 ], [ 76.389791923452975, 12.033406639153608 ], [ 76.389754511966757, 12.033769708047332 ], [ 76.389947734484281, 12.033731274067888 ], [ 76.39017509856977, 12.033443660954623 ], [ 76.390180721531436, 12.03335434612787 ] ] ] } },
{ "type": "Feature", "properties": { "OBJECTID": 21683, "KGISVillageID": 27684, "KGISVillageCode": "2605010054", "KGISVillageName": "Thumbasoge", "KGISHobliID": 504, "UniqueVillageCode": "2605010054_1", "Bhucode": "260501004060", "CensusVillageCode": "2957705573618903", "BhoomiVillageCode": "2605010054", "created_user": null, "created_date": null, "last_edited_user": null, "last_edited_date": null, "LGDGPCode": "219467", "LGDGPCode_Secondary": null, "Category": "Cadastral data available and has bhoomi linkage", "SHAPE.STArea()": 2868610.223507985, "SHAPE.STLength()": 8419.9750410819815, "LGD_VillageCode": 618903.0, "_overlap_percent": 99.78259000007435, "_police_station": "Saragur PS", "_police_feature_index": "506", "_admin_layer": "Village", "_geometry_clipped": true }, "geometry": { "type": "Polygon", "coordinates": [ [ [ 76.369380640129123, 12.02871412236432 ], [ 76.369374898724772, 12.028716115127184 ], [ 76.368423526197574, 12.029046729417832 ], [ 76.368344180745794, 12.029083029083495 ], [ 76.368397138541809, 12.029241442686788 ], [ 76.368552584139948, 12.029706425095899 ], [ 76.36861391194202, 12.02989000209036 ], [ 76.368712190393012, 12.030140774142412 ], [ 76.368948814142712, 12.030744552475767 ], [ 76.369016913524177, 12.030918319183614 ], [ 76.369112503659281, 12.031168760624094 ], [ 76.369168375588771, 12.031315142391076 ], [ 76.369235937654153, 12.031492292975615 ], [ 76.369309897468071, 12.031686215741914 ], [ 76.369375057230272, 12.031857064727131 ], [ 76.369390973449768, 12.031900202599045 ], [ 76.369485332373131, 12.032156026540269 ], [ 76.369616216107872, 12.03241185838311 ], [ 76.369699287949771, 12.032574410146411 ], [ 76.36989463517736, 12.032957155738922 ], [ 76.370103315713379, 12.033368529974886 ], [ 76.370270892626593, 12.033698875193629 ], [ 76.370704662717927, 12.034562882821005 ], [ 76.371514510251316, 12.036210195779699 ], [ 76.371572563661019, 12.036331628311645 ], [ 76.372181514213295, 12.037626732356962 ], [ 76.372240104081655, 12.037526538720702 ], [ 76.372316788738502, 12.037395280795316 ], [ 76.372482845631893, 12.037383652927836 ], [ 76.373340217056949, 12.037324563330332 ], [ 76.373535135342038, 12.037311377894751 ], [ 76.374044786510424, 12.037273930073889 ], [ 76.374608829164387, 12.037233205486165 ], [ 76.374921470741583, 12.037210276160859 ], [ 76.375190749821755, 12.037188802409629 ], [ 76.377570097931169, 12.036874056539668 ], [ 76.377632179733141, 12.036865843757083 ], [ 76.377768332684582, 12.036847832846146 ], [ 76.377764902999402, 12.037039981023565 ], [ 76.378109486386833, 12.037017413040635 ], [ 76.378486472700018, 12.036992720884475 ], [ 76.378855377874757, 12.036968558174289 ], [ 76.378959065721972, 12.036961766893045 ], [ 76.37911580397693, 12.036951500253771 ], [ 76.379125211032715, 12.036959921523428 ], [ 76.37917032139282, 12.036963721812391 ], [ 76.379216441916441, 12.037014841978856 ], [ 76.379233549549411, 12.037056909070355 ], [ 76.379300139024906, 12.037116521480804 ], [ 76.379334368025283, 12.037147164773851 ], [ 76.379726625348141, 12.037498321883733 ], [ 76.379805220801614, 12.037434835562877 ], [ 76.379872981239203, 12.037380100196328 ], [ 76.379902914096689, 12.037414082681632 ], [ 76.379959419770742, 12.037478231796374 ], [ 76.379994961363053, 12.037518580294295 ], [ 76.380015716451666, 12.037542098948322 ], [ 76.380263999765873, 12.037809737108889 ], [ 76.380405252880621, 12.037962001316041 ], [ 76.380519093178563, 12.038084715098615 ], [ 76.380685555905089, 12.038264152648019 ], [ 76.38071764662611, 12.038297254606443 ], [ 76.380960642180924, 12.038547908514088 ], [ 76.381134847972902, 12.038727604854275 ], [ 76.381152800428524, 12.038747435910544 ], [ 76.381340961016676, 12.038955292466785 ], [ 76.381374125318743, 12.038991927642439 ], [ 76.381479688981202, 12.039108541298789 ], [ 76.381602211338233, 12.039243888754022 ], [ 76.381696765344046, 12.039348337985718 ], [ 76.38187192814415, 12.039541835436628 ], [ 76.381944734165856, 12.039584523288172 ], [ 76.381941733408567, 12.039606264442618 ], [ 76.382524469194379, 12.039906323188395 ], [ 76.382581541081379, 12.039938002815962 ], [ 76.382761763494102, 12.04002850996228 ], [ 76.383589643539636, 12.040444263150448 ], [ 76.38415077091561, 12.040809043538305 ], [ 76.384174988993266, 12.040823334631195 ], [ 76.384492643298358, 12.041006461061304 ], [ 76.384993756660819, 12.041253878636926 ], [ 76.385339247063953, 12.04142445873037 ], [ 76.385300270918535, 12.041275281825971 ], [ 76.38513765176846, 12.040776064311061 ], [ 76.385077028608706, 12.040463528255234 ], [ 76.385046074371985, 12.040324513955673 ], [ 76.385032962243926, 12.040265636691588 ], [ 76.385028917427533, 12.040246334490924 ], [ 76.38482914326687, 12.039177679778502 ], [ 76.384714726705639, 12.038565618552187 ], [ 76.384673192759706, 12.038262696588401 ], [ 76.384537682115152, 12.037274358453725 ], [ 76.384519834084657, 12.037144182486887 ], [ 76.385498743556084, 12.037062450823576 ], [ 76.386258499175327, 12.036989054441987 ], [ 76.386615634077572, 12.03695455017022 ], [ 76.387141644907643, 12.036912779786951 ], [ 76.387535754388338, 12.036881483628532 ], [ 76.387547068189619, 12.036844388511453 ], [ 76.387611618402687, 12.036833499617625 ], [ 76.387633513818656, 12.036746347999136 ], [ 76.387634172367825, 12.036739238891304 ], [ 76.387649038537333, 12.036578762681298 ], [ 76.38768323884922, 12.036209572787298 ], [ 76.387690547749273, 12.036209480391273 ], [ 76.387735371007338, 12.036208912147604 ], [ 76.387741945014199, 12.036208263771226 ], [ 76.387761973655103, 12.036206288185518 ], [ 76.38776937408214, 12.036205575361103 ], [ 76.3877765991285, 12.036176817081985 ], [ 76.388024053043523, 12.036151101751363 ], [ 76.388020426251245, 12.03613389601427 ], [ 76.388022458636328, 12.036045277614251 ], [ 76.388037696968595, 12.035909392676091 ], [ 76.388084745053831, 12.035489827947471 ], [ 76.387822714935368, 12.035485681155881 ], [ 76.387758087856113, 12.03532241780659 ], [ 76.387715044205763, 12.034996046454859 ], [ 76.387657981045123, 12.034563378277284 ], [ 76.387645908595672, 12.034333567309595 ], [ 76.387664934437268, 12.034098768454729 ], [ 76.387582677559919, 12.034102893198323 ], [ 76.387531945860601, 12.033425444691897 ], [ 76.387500586574618, 12.033393320838739 ], [ 76.387290576586224, 12.033178188791698 ], [ 76.387295900006762, 12.033119432462497 ], [ 76.387340564427959, 12.032916093368776 ], [ 76.387365603541767, 12.032802098431205 ], [ 76.387303286318016, 12.032806748681983 ], [ 76.387228162076866, 12.032812353997747 ], [ 76.387192359543576, 12.032815023591594 ], [ 76.38722007886561, 12.032775710595734 ], [ 76.386901930096641, 12.032674100028148 ], [ 76.38680850065046, 12.032644260791971 ], [ 76.386709206291457, 12.032612547539886 ], [ 76.386674143895917, 12.032595476131357 ], [ 76.387040042361576, 12.031794126411555 ], [ 76.387046040923295, 12.031786061029839 ], [ 76.387092333595049, 12.031723808439139 ], [ 76.387093541715672, 12.031721005172798 ], [ 76.387095903900899, 12.031719007143955 ], [ 76.387316365955868, 12.031422534581246 ], [ 76.38732454659656, 12.031386132215122 ], [ 76.387333187872869, 12.031347674364781 ], [ 76.387342628354119, 12.03130566036165 ], [ 76.387390487163017, 12.031092671382348 ], [ 76.387420934097406, 12.0309571737487 ], [ 76.38743361805264, 12.030900723343576 ], [ 76.387447429873788, 12.030839255042061 ], [ 76.387472104520739, 12.03072943882457 ], [ 76.387478405558568, 12.030684547323331 ], [ 76.387414917908359, 12.030673106893117 ], [ 76.387263339653316, 12.030645792507505 ], [ 76.387347166436825, 12.030399232144289 ], [ 76.387374902516697, 12.030317203388947 ], [ 76.387409402498662, 12.03021516960761 ], [ 76.387519534608415, 12.030116272391851 ], [ 76.387555914934055, 12.030083602117367 ], [ 76.387579782565155, 12.030009321664773 ], [ 76.387649867503711, 12.029791203593435 ], [ 76.387632888893393, 12.029709954864552 ], [ 76.387594749215992, 12.029527443482896 ], [ 76.387580262072575, 12.029458118200642 ], [ 76.387533566365391, 12.029234662259597 ], [ 76.387525262443873, 12.029069706542908 ], [ 76.38751561681201, 12.028878093977458 ], [ 76.387528181772723, 12.028867944577289 ], [ 76.387610397772562, 12.028801534537783 ], [ 76.387667441761664, 12.028755457854938 ], [ 76.387661599062028, 12.02866119541231 ], [ 76.387648509925214, 12.028450038105337 ], [ 76.387601570624327, 12.027692766117999 ], [ 76.387620853932106, 12.027630642284944 ], [ 76.387799285997758, 12.027055783126421 ], [ 76.387840329576676, 12.026923482133689 ], [ 76.387953309508305, 12.026924177371669 ], [ 76.388213373047762, 12.026924367530153 ], [ 76.388219322740753, 12.026796331958545 ], [ 76.38820788050883, 12.026684063421378 ], [ 76.388321021091741, 12.025895747683782 ], [ 76.38833685762657, 12.025556193812713 ], [ 76.388338104595164, 12.025529458105927 ], [ 76.388368990938957, 12.02522642530111 ], [ 76.388406096305275, 12.024862375085705 ], [ 76.38841720612966, 12.024753373042618 ], [ 76.388427769417618, 12.024649732274973 ], [ 76.38844447827249, 12.024485790504965 ], [ 76.388440353051777, 12.024287674506631 ], [ 76.388442407033097, 12.024258730608846 ], [ 76.388384630259736, 12.023878650462919 ], [ 76.388357876162218, 12.023723296600304 ], [ 76.388356268889382, 12.023681039141 ], [ 76.388336189886559, 12.023153152175402 ], [ 76.388181354528996, 12.023141428840894 ], [ 76.388143401466465, 12.022855933019626 ], [ 76.388139596505596, 12.022827308444674 ], [ 76.388119873583094, 12.022765123460792 ], [ 76.388088471132775, 12.022666110404778 ], [ 76.388053180152212, 12.022507656256584 ], [ 76.388038754468965, 12.022442882742467 ], [ 76.388061749705642, 12.02243232983477 ], [ 76.388060321690602, 12.022283506904893 ], [ 76.388019230244851, 12.022110968662869 ], [ 76.387952652135084, 12.021981092802383 ], [ 76.387857351221115, 12.021918156726249 ], [ 76.387708443014432, 12.021820012962982 ], [ 76.387570105006645, 12.021748335483535 ], [ 76.387325966278027, 12.021621881694964 ], [ 76.387100989701381, 12.021458226725814 ], [ 76.387057725869028, 12.021333708222381 ], [ 76.387032938135818, 12.021262562473764 ], [ 76.386925623025007, 12.020375294104024 ], [ 76.385303015068104, 12.020497042045115 ], [ 76.385019294536804, 12.02046755468996 ], [ 76.383252335513532, 12.02029075990345 ], [ 76.383084452532742, 12.020215749995208 ], [ 76.382363745480546, 12.019893238029328 ], [ 76.382143985449076, 12.02042740508713 ], [ 76.382185833422128, 12.020616153130707 ], [ 76.382283459546073, 12.020959632383008 ], [ 76.382300013996414, 12.021018000252033 ], [ 76.382407378875499, 12.021335244120255 ], [ 76.382250062397148, 12.021375066685673 ], [ 76.381950496487661, 12.021450594831773 ], [ 76.381727876909324, 12.021514252011732 ], [ 76.381521069040303, 12.021573201873659 ], [ 76.381475903701485, 12.02159627621004 ], [ 76.381437129350331, 12.021635997697235 ], [ 76.38140612221261, 12.021638083056356 ], [ 76.381352883286382, 12.02170409753513 ], [ 76.381331562572839, 12.021691052910004 ], [ 76.38132646201862, 12.021697556839266 ], [ 76.381190604022038, 12.021613082846766 ], [ 76.381174640660362, 12.021630894397939 ], [ 76.380619875588309, 12.022250569588731 ], [ 76.379878503215906, 12.023080439979191 ], [ 76.379866577785094, 12.023094105052301 ], [ 76.380028134695195, 12.023104608238395 ], [ 76.380100512500178, 12.023109313633464 ], [ 76.380090683172412, 12.023120545091501 ], [ 76.38009327436383, 12.023120699411637 ], [ 76.380033912480656, 12.023187082980156 ], [ 76.379965366937768, 12.023263737389501 ], [ 76.37993124498449, 12.023302726758407 ], [ 76.379930599423446, 12.023302617864623 ], [ 76.379919012400521, 12.023315575620314 ], [ 76.379857971002394, 12.023305650222495 ], [ 76.379744891227759, 12.02372479957654 ], [ 76.379743129409121, 12.023785479454713 ], [ 76.379734067850649, 12.024097907489228 ], [ 76.379847424870164, 12.024365700457741 ], [ 76.379960781043025, 12.024557616198127 ], [ 76.379932869329679, 12.024826979398547 ], [ 76.379765823645386, 12.025012870319744 ], [ 76.379591615158915, 12.02520672883653 ], [ 76.379543579170559, 12.025261453485827 ], [ 76.379418309482759, 12.025404165323385 ], [ 76.379385027775783, 12.025412198936451 ], [ 76.378982163294012, 12.025547340738179 ], [ 76.378817155475275, 12.02560324553982 ], [ 76.378797308724572, 12.025609969633374 ], [ 76.378457619686188, 12.025652763176012 ], [ 76.378328508654562, 12.02594124704914 ], [ 76.378042865442993, 12.026579493964144 ], [ 76.378070475300618, 12.027133906109468 ], [ 76.378019707587981, 12.027135812011782 ], [ 76.378015224119906, 12.027135980275943 ], [ 76.378018076938545, 12.027188225106499 ], [ 76.377966177933573, 12.027189282210989 ], [ 76.377841025745099, 12.02719179195911 ], [ 76.377383340082446, 12.027209680532744 ], [ 76.377158774201604, 12.027216400618411 ], [ 76.37612385153669, 12.027219970496414 ], [ 76.374884231080912, 12.027292516645936 ], [ 76.374732558372472, 12.027303103044808 ], [ 76.374714361022654, 12.027308035871142 ], [ 76.373312228207126, 12.027688136877471 ], [ 76.373203642876589, 12.027703244729988 ], [ 76.373185796817722, 12.027708345865234 ], [ 76.37254846985185, 12.027801299035277 ], [ 76.371431203964804, 12.02811649008982 ], [ 76.369380640129123, 12.02871412236432 ] ] ] } },
{ "type": "Feature", "properties": { "OBJECTID": 21610, "KGISVillageID": 27608, "KGISVillageCode": "2605050007", "KGISVillageName": "Nerale", "KGISHobliID": 53, "UniqueVillageCode": "2605050007_1", "Bhucode": "260501001043", "CensusVillageCode": "2957705573619023", "BhoomiVillageCode": "2605050007", "created_user": null, "created_date": null, "last_edited_user": null, "last_edited_date": null, "LGDGPCode": "219440", "LGDGPCode_Secondary": null, "Category": "Cadastral data available and has bhoomi linkage", "SHAPE.STArea()": 6978477.6812694455, "SHAPE.STLength()": 11429.422767734015, "LGD_VillageCode": 619023.0, "_overlap_percent": 0.066201070259605851, "_police_station": "Saragur PS", "_police_feature_index": "506", "_admin_layer": "Village", "_geometry_clipped": true }, "geometry": { "type": "Polygon", "coordinates": [ [ [ 76.369556049462304, 11.991198301709465 ], [ 76.368805751724608, 11.991267807328049 ], [ 76.367065514518913, 11.991637584752089 ], [ 76.36630375893624, 11.991604600068348 ], [ 76.364535790582167, 11.991269812361981 ], [ 76.362718623744428, 11.990679782449828 ], [ 76.361804895697134, 11.989895363977869 ], [ 76.361789712687425, 11.989907215015041 ], [ 76.361816952230797, 11.989931160331201 ], [ 76.362734643549587, 11.99072517822494 ], [ 76.364550816378724, 11.991326396597559 ], [ 76.366320035006694, 11.991665565678259 ], [ 76.367087223990112, 11.991696416313886 ], [ 76.368838968388133, 11.991310606094121 ], [ 76.369561233637199, 11.991235348939123 ], [ 76.369556049462304, 11.991198301709465 ] ] ] } },
{ "type": "Feature", "properties": { "OBJECTID": 21639, "KGISVillageID": 27637, "KGISVillageCode": "2605010055", "KGISVillageName": "Chowdahalli", "KGISHobliID": 504, "UniqueVillageCode": "2605010055_1", "Bhucode": "260501004014", "CensusVillageCode": "2957705573618897", "BhoomiVillageCode": "2605010055", "created_user": null, "created_date": null, "last_edited_user": null, "last_edited_date": null, "LGDGPCode": "219467", "LGDGPCode_Secondary": null, "Category": "Cadastral data available and has bhoomi linkage", "SHAPE.STArea()": 2524988.2075083898, "SHAPE.STLength()": 7224.7248602406144, "LGD_VillageCode": 618897.0, "_overlap_percent": 99.275461459475395, "_police_station": "Saragur PS", "_police_feature_index": "506", "_admin_layer": "Village", "_geometry_clipped": true }, "geometry": { "type": "Polygon", "coordinates": [ [ [ 76.350442098755764, 12.041469896652 ], [ 76.350895714200746, 12.041533325779572 ], [ 76.351183985323317, 12.04157363423791 ], [ 76.351230189389469, 12.041601094134979 ], [ 76.351262505431251, 12.041620299913722 ], [ 76.351301175426315, 12.041643282095491 ], [ 76.351432895746413, 12.041721565131615 ], [ 76.351907764962306, 12.042003784155726 ], [ 76.352037318919841, 12.042082823253441 ], [ 76.352056461572261, 12.042094502818181 ], [ 76.352173290673335, 12.042165713398711 ], [ 76.353757829668638, 12.042385980821123 ], [ 76.353771605227124, 12.042387896667245 ], [ 76.354269824890849, 12.042413138462759 ], [ 76.354744813597122, 12.042296638325954 ], [ 76.354864321218301, 12.042267326397237 ], [ 76.354942558748036, 12.042248136514223 ], [ 76.354942548801517, 12.042247984673145 ], [ 76.355008407728647, 12.042231985808845 ], [ 76.355007693146561, 12.042330372017547 ], [ 76.355007494738572, 12.042357667866707 ], [ 76.355001578883872, 12.043172783880543 ], [ 76.355901567169838, 12.043195274978393 ], [ 76.356398780779912, 12.043068863447257 ], [ 76.356576925155409, 12.043023568590568 ], [ 76.357091215346898, 12.043009661659614 ], [ 76.357362662209923, 12.043002320453105 ], [ 76.357721192892697, 12.042992623050019 ], [ 76.358649766666119, 12.042967506227418 ], [ 76.358736756521125, 12.04302812477072 ], [ 76.359804680174449, 12.042843379645751 ], [ 76.36034255081475, 12.042791571213282 ], [ 76.36118379690474, 12.042713980171261 ], [ 76.361769026470398, 12.042662651269373 ], [ 76.362349271381817, 12.042539636736544 ], [ 76.362489660233464, 12.042440693514683 ], [ 76.362449175177943, 12.042333850071349 ], [ 76.362365938927823, 12.04103614020179 ], [ 76.362736437857279, 12.04095078449825 ], [ 76.362827529157002, 12.041016898811936 ], [ 76.362938829761873, 12.04100050591458 ], [ 76.363086221888622, 12.041033138982597 ], [ 76.363343268084392, 12.040995180969871 ], [ 76.363519059181613, 12.040969221294498 ], [ 76.363992263460972, 12.040899341051293 ], [ 76.364398455450001, 12.040821703596013 ], [ 76.364919342523194, 12.040689885303788 ], [ 76.364921850554765, 12.040687433771019 ], [ 76.365139739345764, 12.040474466495047 ], [ 76.365296907764275, 12.040450496387157 ], [ 76.365815422564054, 12.040371414173803 ], [ 76.366425863352674, 12.04025520875587 ], [ 76.366801616265349, 12.040207317877554 ], [ 76.367836695623538, 12.040075390147999 ], [ 76.36816473599913, 12.040028012463194 ], [ 76.368166736085072, 12.040020304251064 ], [ 76.368421994918833, 12.039036541711845 ], [ 76.368537075668669, 12.039074187352551 ], [ 76.36854601429755, 12.0390425849056 ], [ 76.368596172975302, 12.039060678531566 ], [ 76.370771129438211, 12.039744668321729 ], [ 76.371550617191588, 12.039961766768242 ], [ 76.371550439439318, 12.03996568097075 ], [ 76.371602993367176, 12.039907430667247 ], [ 76.37162031004938, 12.039888237426265 ], [ 76.371664293168507, 12.039313544705495 ], [ 76.37167562401298, 12.039165490878084 ], [ 76.371689711370877, 12.038981427742272 ], [ 76.371711813991254, 12.038692624327563 ], [ 76.37173350235426, 12.038409252055308 ], [ 76.371734821988994, 12.038392003515224 ], [ 76.371747792902312, 12.03822251721102 ], [ 76.371748511352891, 12.038213139087 ], [ 76.372141408201415, 12.03769523687544 ], [ 76.372181514213295, 12.037626732356962 ], [ 76.371572563661019, 12.036331628311645 ], [ 76.371514510251316, 12.036210195779699 ], [ 76.370704662717927, 12.034562882821005 ], [ 76.370270892626593, 12.033698875193629 ], [ 76.370103315713379, 12.033368529974886 ], [ 76.36989463517736, 12.032957155738922 ], [ 76.369699287949771, 12.032574410146411 ], [ 76.369616216107872, 12.03241185838311 ], [ 76.369485332373131, 12.032156026540269 ], [ 76.369390973449768, 12.031900202599045 ], [ 76.369375057230272, 12.031857064727131 ], [ 76.369309897468071, 12.031686215741914 ], [ 76.369235937654153, 12.031492292975615 ], [ 76.369168375588771, 12.031315142391076 ], [ 76.369112503659281, 12.031168760624094 ], [ 76.369016913524177, 12.030918319183614 ], [ 76.368948814142712, 12.030744552475767 ], [ 76.368712190393012, 12.030140774142412 ], [ 76.36861391194202, 12.02989000209036 ], [ 76.368552584139948, 12.029706425095899 ], [ 76.368397138541809, 12.029241442686788 ], [ 76.368344180745794, 12.029083029083495 ], [ 76.367570710046564, 12.029437289875684 ], [ 76.367575346970938, 12.029490982457647 ], [ 76.367157055036401, 12.030040178621597 ], [ 76.366843851443306, 12.03045139777538 ], [ 76.366832191833907, 12.030471315222297 ], [ 76.36679759663194, 12.030517871706762 ], [ 76.366472492004945, 12.03104440214082 ], [ 76.366471198993878, 12.031049172173496 ], [ 76.366124128164671, 12.031018505644493 ], [ 76.365994946100017, 12.030672704502827 ], [ 76.365732379790458, 12.029888603819305 ], [ 76.365681166004677, 12.029897655054514 ], [ 76.36564714921002, 12.029903667344504 ], [ 76.365592157417524, 12.029913385959391 ], [ 76.365576169916721, 12.029916211711271 ], [ 76.365435932839233, 12.029940996333217 ], [ 76.365156072503524, 12.029990457496687 ], [ 76.365009396783307, 12.030039818972382 ], [ 76.36502545806124, 12.030180677870819 ], [ 76.365003860616184, 12.030188984508763 ], [ 76.365012149008095, 12.030243612298506 ], [ 76.364809150258296, 12.030324708882262 ], [ 76.364420234776162, 12.030480077190971 ], [ 76.364339202331465, 12.030512449409375 ], [ 76.364301669748215, 12.030527442887768 ], [ 76.363768337379454, 12.030740504198748 ], [ 76.363643421996059, 12.030791026134983 ], [ 76.363146485515983, 12.030834616507917 ], [ 76.362856762978197, 12.030859325954301 ], [ 76.3628454081732, 12.030815470072966 ], [ 76.36283991452737, 12.030794251743384 ], [ 76.362835648130712, 12.030794640201172 ], [ 76.362780245009802, 12.030563787916973 ], [ 76.362757279135337, 12.030565763360334 ], [ 76.362282676217617, 12.030609823593091 ], [ 76.362090735113711, 12.030641560973807 ], [ 76.36136499164644, 12.03076156334985 ], [ 76.361331343401858, 12.030767126710931 ], [ 76.361193278812038, 12.030745077956123 ], [ 76.360951291467785, 12.030706433714807 ], [ 76.360930761539024, 12.03070315515526 ], [ 76.360481213725492, 12.03063136334049 ], [ 76.360316246007827, 12.030711078090553 ], [ 76.360173174945047, 12.030780212053845 ], [ 76.360014463251289, 12.030856903586692 ], [ 76.359613353796846, 12.031050723996733 ], [ 76.359324366731457, 12.031190364828825 ], [ 76.359252534274262, 12.031203455170171 ], [ 76.359286842425462, 12.030824321720006 ], [ 76.359287512754975, 12.030816913312091 ], [ 76.359252342864494, 12.030834677108366 ], [ 76.35775042197703, 12.031593272483127 ], [ 76.357523984279041, 12.031721183741999 ], [ 76.357413050655268, 12.031733016290326 ], [ 76.356845025793859, 12.031794589449126 ], [ 76.356818254433762, 12.03179749154085 ], [ 76.356286993146838, 12.031857146324821 ], [ 76.355804451143911, 12.031911329666347 ], [ 76.35580441421618, 12.031911355142221 ], [ 76.354598943864318, 12.032776433171174 ], [ 76.354557388073971, 12.032806254174156 ], [ 76.354411423079696, 12.03294276971617 ], [ 76.354315591617649, 12.033032402850237 ], [ 76.352802465377081, 12.034447608981628 ], [ 76.352726968238755, 12.034520306876617 ], [ 76.351339803343492, 12.035856006576802 ], [ 76.350407789772433, 12.036756020651055 ], [ 76.350359556163525, 12.036720492501223 ], [ 76.350290180968472, 12.03678706983272 ], [ 76.350211487117463, 12.036727778261616 ], [ 76.349999103081714, 12.037035683126859 ], [ 76.34964982027013, 12.037420975576415 ], [ 76.349262143904767, 12.037938485312488 ], [ 76.34908111679978, 12.038313055523469 ], [ 76.349070174327053, 12.038716672320444 ], [ 76.349016407873947, 12.039090658859932 ], [ 76.349047087350073, 12.039336210308965 ], [ 76.349204384815167, 12.03992554503929 ], [ 76.349301467577618, 12.040410369606137 ], [ 76.349507472045431, 12.041089102346261 ], [ 76.349586746421437, 12.04135028972938 ], [ 76.350442098755764, 12.041469896652 ] ] ] } },
{ "type": "Feature", "properties": { "OBJECTID": 21650, "KGISVillageID": 27649, "KGISVillageCode": "2605010051", "KGISVillageName": "Hulikura Kaval", "KGISHobliID": 504, "UniqueVillageCode": "2605010051_1", "Bhucode": "260501004026", "CensusVillageCode": "2957705573618902", "BhoomiVillageCode": "2605010051", "created_user": null, "created_date": null, "last_edited_user": null, "last_edited_date": null, "LGDGPCode": "219449", "LGDGPCode_Secondary": null, "Category": "Cadastral data available and has bhoomi linkage", "SHAPE.STArea()": 956577.20416444005, "SHAPE.STLength()": 4193.8547443957568, "LGD_VillageCode": 618902.0, "_overlap_percent": 0.028883242927525914, "_police_station": "Saragur PS", "_police_feature_index": "506", "_admin_layer": "Village", "_geometry_clipped": true }, "geometry": { "type": "Polygon", "coordinates": [ [ [ 76.387761973655103, 12.036206288185518 ], [ 76.387741945014199, 12.036208263771226 ], [ 76.387735371007338, 12.036208912147604 ], [ 76.387690547749273, 12.036209480391273 ], [ 76.38768323884922, 12.036209572787298 ], [ 76.387649038537333, 12.036578762681298 ], [ 76.387634172367825, 12.036739238891304 ], [ 76.387633513818656, 12.036746347999136 ], [ 76.38776937408214, 12.036205575361103 ], [ 76.387761973655103, 12.036206288185518 ] ] ] } },
{ "type": "Feature", "properties": { "OBJECTID": 31624, "KGISVillageID": 27648, "KGISVillageCode": "2605010050", "KGISVillageName": "Hulikura", "KGISHobliID": 504, "UniqueVillageCode": "2605010050_1", "Bhucode": "260501004025", "CensusVillageCode": "2957705573618901", "BhoomiVillageCode": "2605010050", "created_user": "SA", "created_date": 1556019584000.0, "last_edited_user": "SURESHBV2", "last_edited_date": 1724226134000.0, "LGDGPCode": "219449", "LGDGPCode_Secondary": null, "Category": "Cadastral data available and has bhoomi linkage", "SHAPE.STArea()": 2224460.1321152551, "SHAPE.STLength()": 7288.718328107354, "LGD_VillageCode": 618901.0, "_overlap_percent": 0.361902202373593, "_police_station": "Saragur PS", "_police_feature_index": "506", "_admin_layer": "Village", "_geometry_clipped": true }, "geometry": { "type": "MultiPolygon", "coordinates": [ [ [ [ 76.387523856032487, 12.033313940648741 ], [ 76.387567760222495, 12.033315857881197 ], [ 76.38767929445774, 12.033899074302886 ], [ 76.387664933518792, 12.034098768459296 ], [ 76.38764590859104, 12.034333566405527 ], [ 76.387657981040476, 12.034563377373217 ], [ 76.387758086937652, 12.035322417811161 ], [ 76.388086894179594, 12.035470654115148 ], [ 76.38802245771322, 12.036045276714754 ], [ 76.388020425332783, 12.036133896018837 ], [ 76.388024052576213, 12.036151101799927 ], [ 76.388034724403937, 12.036149992787049 ], [ 76.388035172812408, 12.036138040263076 ], [ 76.388043553833086, 12.036137994963134 ], [ 76.38803652775087, 12.036101927688767 ], [ 76.388039882257516, 12.036012495358884 ], [ 76.388115353308507, 12.035433195252974 ], [ 76.387793306015567, 12.03528796673363 ], [ 76.387726291773831, 12.034532949548916 ], [ 76.387705283829888, 12.034296259472427 ], [ 76.387717476545518, 12.0340554651963 ], [ 76.387727795153523, 12.03385164677681 ], [ 76.387611489966559, 12.033264948882087 ], [ 76.387523856032487, 12.033313940648741 ] ] ], [ [ [ 76.390177149036234, 12.033280266359471 ], [ 76.390180721531436, 12.03335434612787 ], [ 76.39017509856977, 12.033443660954623 ], [ 76.39019554135831, 12.033417801047852 ], [ 76.390204988230948, 12.033294914137663 ], [ 76.390204334556245, 12.033276395158737 ], [ 76.390177149036234, 12.033280266359471 ] ] ], [ [ [ 76.390736748838208, 12.033044182591244 ], [ 76.390747963517683, 12.033097415690087 ], [ 76.39075796609302, 12.033144847711164 ], [ 76.39079592607807, 12.033139635587952 ], [ 76.39077729089405, 12.03304606559279 ], [ 76.390736748838208, 12.033044182591244 ] ] ], [ [ [ 76.395666090487396, 12.031874938841099 ], [ 76.394617606425939, 12.032563633737107 ], [ 76.394617595977692, 12.032563640585854 ], [ 76.394687788069106, 12.032518517990541 ], [ 76.395681644983327, 12.031879613928565 ], [ 76.395666090487396, 12.031874938841099 ] ] ], [ [ [ 76.397232121972309, 12.031743278675199 ], [ 76.396361125707003, 12.031983470403347 ], [ 76.397244441632182, 12.031745263875996 ], [ 76.397457322319681, 12.031756413172779 ], [ 76.397232121972309, 12.031743278675199 ] ] ], [ [ [ 76.401163368171822, 12.035763357253128 ], [ 76.400987746451321, 12.035495039498352 ], [ 76.400767385873763, 12.035157755881558 ], [ 76.400980644353936, 12.035487169804268 ], [ 76.401155323204961, 12.0357569885639 ], [ 76.401434646486507, 12.036140891105743 ], [ 76.401442117603295, 12.036142107548145 ], [ 76.401163368171822, 12.035763357253128 ] ] ], [ [ [ 76.407656749483621, 12.044903995425308 ], [ 76.407580131338506, 12.044673879335702 ], [ 76.407238793780635, 12.043648694922803 ], [ 76.40640435670899, 12.042812517348201 ], [ 76.405722508288065, 12.042126117966291 ], [ 76.40491206825628, 12.041669478563277 ], [ 76.403861388740054, 12.040782817969793 ], [ 76.403322697637066, 12.040029387093233 ], [ 76.402876163839238, 12.038494218338544 ], [ 76.402894167991064, 12.03736080223343 ], [ 76.402890229738119, 12.036262948329124 ], [ 76.402879945630161, 12.036263127828144 ], [ 76.40287871145965, 12.037364846167742 ], [ 76.402854552589346, 12.038511927758869 ], [ 76.403291726285204, 12.040065224467662 ], [ 76.403825937426021, 12.040829892236816 ], [ 76.404870018254201, 12.041737888263386 ], [ 76.405680376073803, 12.042206592307872 ], [ 76.406375431524722, 12.04288480469372 ], [ 76.407218869516441, 12.043707801470752 ], [ 76.407644903075749, 12.044954537513869 ], [ 76.407654943727707, 12.044955408379314 ], [ 76.407656749483621, 12.044903995425308 ] ] ] ] } },
{ "type": "Feature", "properties": { "OBJECTID": 21690, "KGISVillageID": 27691, "KGISVillageCode": "2605010058", "KGISVillageName": "Yarehalli Kaval", "KGISHobliID": 504, "UniqueVillageCode": "2605010058_1", "Bhucode": "260501004066", "CensusVillageCode": "2957705573618898", "BhoomiVillageCode": "2605010058", "created_user": null, "created_date": null, "last_edited_user": null, "last_edited_date": null, "LGDGPCode": "219452", "LGDGPCode_Secondary": null, "Category": "Cadastral data available and has bhoomi linkage", "SHAPE.STArea()": 928447.69020647497, "SHAPE.STLength()": 6381.7064227507053, "LGD_VillageCode": 618895.0, "_overlap_percent": 0.71511360434164295, "_police_station": "Saragur PS", "_police_feature_index": "506", "_admin_layer": "Village", "_geometry_clipped": true }, "geometry": { "type": "MultiPolygon", "coordinates": [ [ [ [ 76.37907837501659, 12.050611448419291 ], [ 76.379140422805676, 12.05062332232751 ], [ 76.37961193887476, 12.050713554932406 ], [ 76.379705819733459, 12.050731520796742 ], [ 76.379303018350029, 12.050620995382635 ], [ 76.378861755540981, 12.050569993769681 ], [ 76.37907837501659, 12.050611448419291 ] ] ], [ [ [ 76.375145399419807, 12.049741272901048 ], [ 76.375238303010519, 12.049751951286481 ], [ 76.375470490773026, 12.049778638421536 ], [ 76.375867152051441, 12.049824230220043 ], [ 76.376017556236206, 12.049841517382657 ], [ 76.37659334809922, 12.050550031692101 ], [ 76.376702160382422, 12.050537811540339 ], [ 76.376577324506727, 12.050391716890095 ], [ 76.376080456795393, 12.049810241633541 ], [ 76.375141376770912, 12.049740810539689 ], [ 76.375145399419807, 12.049741272901048 ] ] ], [ [ [ 76.37373175456456, 12.049636507649517 ], [ 76.373737403184208, 12.049640396362571 ], [ 76.373784973523925, 12.049626765590544 ], [ 76.373563902644221, 12.049520939658581 ], [ 76.37373175456456, 12.049636507649517 ] ] ], [ [ [ 76.372531138340676, 12.047570828138465 ], [ 76.372511285583244, 12.047696757198683 ], [ 76.372792004708216, 12.048396780973613 ], [ 76.372817391591539, 12.048460088326896 ], [ 76.372891501852351, 12.048644894230305 ], [ 76.372770771471153, 12.048761097381329 ], [ 76.372800516950164, 12.04881158758643 ], [ 76.373048860413832, 12.049233151122934 ], [ 76.373158508725808, 12.04930485240568 ], [ 76.372849255604265, 12.048809579188569 ], [ 76.3729288208025, 12.048727749963081 ], [ 76.372917741613051, 12.048699970990725 ], [ 76.37252618236802, 12.047718256533217 ], [ 76.372545314577977, 12.04758989719001 ], [ 76.372531185032358, 12.047560673993488 ], [ 76.37252601095004, 12.047560345408666 ], [ 76.372531138340676, 12.047570828138465 ] ] ], [ [ [ 76.372205498909025, 12.047515260274626 ], [ 76.372215102815289, 12.047516077300291 ], [ 76.372038981753818, 12.046990962769661 ], [ 76.372025925063141, 12.046986216939843 ], [ 76.372205498909025, 12.047515260274626 ] ] ], [ [ [ 76.371402367165359, 12.046733460271225 ], [ 76.371438531548733, 12.046747419896601 ], [ 76.371545996584928, 12.046597016275095 ], [ 76.371519971311486, 12.046576391130715 ], [ 76.371402367165359, 12.046733460271225 ] ] ], [ [ [ 76.367052673896524, 12.043939541853822 ], [ 76.368457833062109, 12.043944236296317 ], [ 76.369374035662176, 12.043952684448648 ], [ 76.369375469262806, 12.04393069212861 ], [ 76.367086167145246, 12.043843351414354 ], [ 76.367052673896524, 12.043939541853822 ] ] ], [ [ [ 76.363992263460972, 12.040899341051293 ], [ 76.363519059181613, 12.040969221294498 ], [ 76.363343268084392, 12.040995180969871 ], [ 76.363086221888622, 12.041033138982597 ], [ 76.362938829761873, 12.04100050591458 ], [ 76.362827529157002, 12.041016898811936 ], [ 76.363029684650257, 12.041163623820101 ], [ 76.363326997499499, 12.041089885473758 ], [ 76.363914324015198, 12.040944218313346 ], [ 76.364299436196717, 12.040846761904305 ], [ 76.364398455450001, 12.040821703596013 ], [ 76.363992263460972, 12.040899341051293 ] ] ], [ [ [ 76.366801616265349, 12.040207317877554 ], [ 76.366425863352674, 12.04025520875587 ], [ 76.365815422564054, 12.040371414173803 ], [ 76.366322055767881, 12.040294144103337 ], [ 76.367836695623538, 12.040075390147999 ], [ 76.366801616265349, 12.040207317877554 ] ] ], [ [ [ 76.368596172975302, 12.039060678531566 ], [ 76.36854601429755, 12.0390425849056 ], [ 76.368537075668669, 12.039074187352551 ], [ 76.369529992883827, 12.039398994105941 ], [ 76.370771129438211, 12.039744668321729 ], [ 76.368596172975302, 12.039060678531566 ] ] ], [ [ [ 76.371537578317401, 12.040330940608529 ], [ 76.371540668539666, 12.040278873786107 ], [ 76.371546932629855, 12.040044414914137 ], [ 76.37154703105044, 12.040040733074797 ], [ 76.371521682244449, 12.04059879117067 ], [ 76.371537578317401, 12.040330940608529 ] ] ], [ [ [ 76.376502726053175, 12.046261708547666 ], [ 76.376471497511162, 12.046252998033587 ], [ 76.376598176212923, 12.044917911859081 ], [ 76.376582475530384, 12.044915994323702 ], [ 76.376467112715702, 12.046274145684968 ], [ 76.376500653700816, 12.046282816761282 ], [ 76.376502726053175, 12.046261708547666 ] ] ], [ [ [ 76.380821198137383, 12.047552015956628 ], [ 76.380488985000767, 12.047541737715836 ], [ 76.380215514943814, 12.047543689113169 ], [ 76.379463742796929, 12.047497869445825 ], [ 76.379303012361632, 12.047511793831776 ], [ 76.379097750792226, 12.047529576455023 ], [ 76.37904757869272, 12.04753392285939 ], [ 76.378884452790246, 12.04754805504424 ], [ 76.378842988219702, 12.047551646829534 ], [ 76.378495724735771, 12.047568736161928 ], [ 76.378053399099258, 12.047590503460409 ], [ 76.377958786346312, 12.047262436377219 ], [ 76.377796373641672, 12.04661386972346 ], [ 76.377786134752625, 12.04643736223623 ], [ 76.377769166353005, 12.046437763173323 ], [ 76.377779349677411, 12.046610111431086 ], [ 76.377945059230598, 12.047263232913267 ], [ 76.378041426935738, 12.04759375137272 ], [ 76.378846692748795, 12.047561739004491 ], [ 76.379480167566896, 12.047512166007136 ], [ 76.380245910219557, 12.047562211824257 ], [ 76.38096487135266, 12.047556460474826 ], [ 76.380821198137383, 12.047552015956628 ] ] ], [ [ [ 76.381815370512342, 12.047600138650738 ], [ 76.381819921907905, 12.047582911188185 ], [ 76.381793013767179, 12.047582079041135 ], [ 76.381812252942666, 12.047611937300911 ], [ 76.381815370512342, 12.047600138650738 ] ] ] ] } },
{ "type": "Feature", "properties": { "OBJECTID": 21646, "KGISVillageID": 27644, "KGISVillageCode": "2605010049", "KGISVillageName": "Heggadahalli", "KGISHobliID": 504, "UniqueVillageCode": "2605010049_1", "Bhucode": "260501004021", "CensusVillageCode": "2957705573618899", "BhoomiVillageCode": "2605010049", "created_user": null, "created_date": null, "last_edited_user": null, "last_edited_date": null, "LGDGPCode": "219449", "LGDGPCode_Secondary": null, "Category": "Cadastral data available and has bhoomi linkage", "SHAPE.STArea()": 5003326.1155295502, "SHAPE.STLength()": 13698.502488741875, "LGD_VillageCode": 618899.0, "_overlap_percent": 99.458252160926691, "_police_station": "Saragur PS", "_police_feature_index": "506", "_admin_layer": "Village", "_geometry_clipped": true }, "geometry": { "type": "Polygon", "coordinates": [ [ [ 76.379826021843044, 12.069966606558307 ], [ 76.380319621559835, 12.068663378109477 ], [ 76.380339129258488, 12.068596833246522 ], [ 76.380376325069776, 12.068617403147872 ], [ 76.380378486601174, 12.068609323421217 ], [ 76.380539371794015, 12.068703769651355 ], [ 76.380728158401922, 12.068728716972593 ], [ 76.381254303136217, 12.068798243487086 ], [ 76.381317597431845, 12.06880621724077 ], [ 76.381313464630082, 12.06883818676984 ], [ 76.381340963467423, 12.068842327389186 ], [ 76.382903089927922, 12.069077582383432 ], [ 76.382945715003814, 12.069084001235378 ], [ 76.383116967476539, 12.067633728769874 ], [ 76.383122405576927, 12.067587675325633 ], [ 76.3831225624659, 12.067586044463214 ], [ 76.383138164003995, 12.06744562652252 ], [ 76.383196969765976, 12.06721469591437 ], [ 76.383489854505783, 12.066102636642976 ], [ 76.383508295340633, 12.066032617097363 ], [ 76.383461711067568, 12.065965385204541 ], [ 76.383420105662978, 12.065905326945989 ], [ 76.383567878402744, 12.065495955676697 ], [ 76.383684202219484, 12.065174233258931 ], [ 76.38371830508278, 12.065102620620728 ], [ 76.383833848083555, 12.064828403954552 ], [ 76.383844553593818, 12.064806067592865 ], [ 76.383881192633439, 12.064692204057275 ], [ 76.383952068233626, 12.064471941350222 ], [ 76.383975979339965, 12.064458188804378 ], [ 76.384006638943617, 12.064407478689862 ], [ 76.384023319545406, 12.064379888783076 ], [ 76.38411383632203, 12.064230172381642 ], [ 76.384381336925415, 12.063822904455638 ], [ 76.384409611955718, 12.063782261475597 ], [ 76.384507418250578, 12.063641671718059 ], [ 76.384575003562603, 12.063544521920369 ], [ 76.384624937039888, 12.06347274551864 ], [ 76.38463440032875, 12.063459143417015 ], [ 76.384655003804625, 12.063429526894991 ], [ 76.384695712362088, 12.063387196516423 ], [ 76.384701582042567, 12.063381093641819 ], [ 76.384738141453099, 12.063343082845691 ], [ 76.384749510759292, 12.063331262269989 ], [ 76.384823604466703, 12.063254225945549 ], [ 76.384908090669029, 12.063166384656729 ], [ 76.384913892728292, 12.063160352634009 ], [ 76.384929761122038, 12.063143853605983 ], [ 76.384953883052745, 12.063118773481005 ], [ 76.384976416812421, 12.063094064697331 ], [ 76.384989380803361, 12.063102667587591 ], [ 76.385003354128671, 12.063088115617077 ], [ 76.385081351664496, 12.063147230518082 ], [ 76.385256034217036, 12.063279622514317 ], [ 76.385323192737147, 12.063324189758893 ], [ 76.385451480729557, 12.063409323659698 ], [ 76.385682105644847, 12.0635623690586 ], [ 76.38590923929938, 12.063713098151934 ], [ 76.386008089282541, 12.06336316579883 ], [ 76.386129168667907, 12.0629345373526 ], [ 76.386263465496327, 12.062459119646832 ], [ 76.38627077039321, 12.062433259723171 ], [ 76.386278221443149, 12.062406882835731 ], [ 76.386399336220492, 12.061978127585189 ], [ 76.38643119006035, 12.061865363532927 ], [ 76.386575287157626, 12.061355246764522 ], [ 76.386610689090006, 12.061229919867397 ], [ 76.387037999871083, 12.06126218755738 ], [ 76.387082564442011, 12.061265552858481 ], [ 76.387140534096616, 12.061263111930993 ], [ 76.387141909215728, 12.061254614569947 ], [ 76.387158859957708, 12.061188900363712 ], [ 76.387161980629656, 12.061176800739156 ], [ 76.387253570910715, 12.060821728382304 ], [ 76.387467652184469, 12.059991787717395 ], [ 76.387597697104255, 12.060007771622756 ], [ 76.387652472504541, 12.060011103355288 ], [ 76.387664309880009, 12.059964815520317 ], [ 76.387665986544661, 12.059958257932045 ], [ 76.387930997323011, 12.059975154251429 ], [ 76.387963721571978, 12.059595034234778 ], [ 76.387775678413519, 12.059213821712252 ], [ 76.387770084823742, 12.059202489672176 ], [ 76.387747174519902, 12.059074551948376 ], [ 76.387796689243046, 12.059028652304798 ], [ 76.387759538676875, 12.058813070595228 ], [ 76.387745670563959, 12.058732596908188 ], [ 76.387766486803443, 12.058608366924602 ], [ 76.387826678019692, 12.058249155557782 ], [ 76.387854940341995, 12.058080488562947 ], [ 76.387861016664047, 12.058044225032734 ], [ 76.387866028827361, 12.058014303578449 ], [ 76.387864886480145, 12.057926842065251 ], [ 76.387864319528063, 12.057883396076113 ], [ 76.387861178972159, 12.057644922412754 ], [ 76.387859397355001, 12.057509592452732 ], [ 76.387861457766931, 12.057500852284806 ], [ 76.387906267238449, 12.057310778967494 ], [ 76.387920467176997, 12.057250546388905 ], [ 76.387924909871117, 12.057200449359671 ], [ 76.387937495621784, 12.057058529333343 ], [ 76.387947411589721, 12.056946715281015 ], [ 76.387950426047766, 12.05691272180557 ], [ 76.38795227710105, 12.056891849776386 ], [ 76.387957832602169, 12.056829153213016 ], [ 76.38805354054783, 12.056591046929547 ], [ 76.388118334650372, 12.056429849260464 ], [ 76.3881392201057, 12.056377890161217 ], [ 76.388212301900438, 12.056196074077004 ], [ 76.388240671534433, 12.056125494997783 ], [ 76.388310966961583, 12.055973635374668 ], [ 76.388317743221492, 12.055958996925536 ], [ 76.38835009555207, 12.055889105900134 ], [ 76.388356362400941, 12.055874901239939 ], [ 76.388681308944797, 12.055138378093737 ], [ 76.388729700221404, 12.05502870305242 ], [ 76.388099793732636, 12.054071293230882 ], [ 76.388013789417613, 12.053885821415044 ], [ 76.387778701129506, 12.053379361965971 ], [ 76.387465147736663, 12.052824318176533 ], [ 76.387451463709823, 12.052800111435026 ], [ 76.38658893545184, 12.051144336234493 ], [ 76.386637555545803, 12.050958044904966 ], [ 76.386540393387492, 12.05047062496989 ], [ 76.386442556138931, 12.049972926065484 ], [ 76.386347262128055, 12.049466687931844 ], [ 76.386261298944518, 12.048952368648571 ], [ 76.386189063203872, 12.048501131887457 ], [ 76.386117859924681, 12.048104773256973 ], [ 76.386101587089016, 12.04802494103482 ], [ 76.386154187076414, 12.047530735901095 ], [ 76.38624759706731, 12.047019835428895 ], [ 76.386318294296586, 12.046633152624404 ], [ 76.386366554117856, 12.046369188948225 ], [ 76.386414362726185, 12.046107702013032 ], [ 76.3864032662959, 12.045941832717249 ], [ 76.386376668877119, 12.045544161563162 ], [ 76.386337863626849, 12.045138998284035 ], [ 76.386329809300122, 12.04505490166661 ], [ 76.386204735018381, 12.044469495098822 ], [ 76.386183865705689, 12.044371820306619 ], [ 76.38612946615558, 12.044027656702477 ], [ 76.385994749119575, 12.043416209325436 ], [ 76.385888497011791, 12.042933947224691 ], [ 76.385690351584387, 12.042301393085671 ], [ 76.385552860088708, 12.041862470797293 ], [ 76.385510464927876, 12.04169310607042 ], [ 76.385390221947873, 12.041619559485097 ], [ 76.385339247063953, 12.04142445873037 ], [ 76.384993756660819, 12.041253878636926 ], [ 76.384492643298358, 12.041006461061304 ], [ 76.384174988993266, 12.040823334631195 ], [ 76.38415077091561, 12.040809043538305 ], [ 76.383589643539636, 12.040444263150448 ], [ 76.382761763494102, 12.04002850996228 ], [ 76.382581541081379, 12.039938002815962 ], [ 76.382524469194379, 12.039906323188395 ], [ 76.381941733408567, 12.039606264442618 ], [ 76.381944734165856, 12.039584523288172 ], [ 76.38187192814415, 12.039541835436628 ], [ 76.381696765344046, 12.039348337985718 ], [ 76.381602211338233, 12.039243888754022 ], [ 76.381479688981202, 12.039108541298789 ], [ 76.381374125318743, 12.038991927642439 ], [ 76.381340961016676, 12.038955292466785 ], [ 76.381152800428524, 12.038747435910544 ], [ 76.381134847972902, 12.038727604854275 ], [ 76.380960642180924, 12.038547908514088 ], [ 76.38071764662611, 12.038297254606443 ], [ 76.380685555905089, 12.038264152648019 ], [ 76.380519093178563, 12.038084715098615 ], [ 76.380405252880621, 12.037962001316041 ], [ 76.380263999765873, 12.037809737108889 ], [ 76.380015716451666, 12.037542098948322 ], [ 76.379994961363053, 12.037518580294295 ], [ 76.379959419770742, 12.037478231796374 ], [ 76.379902914096689, 12.037414082681632 ], [ 76.379872981239203, 12.037380100196328 ], [ 76.379805220801614, 12.037434835562877 ], [ 76.379726625348141, 12.037498321883733 ], [ 76.379334368025283, 12.037147164773851 ], [ 76.379300139024906, 12.037116521480804 ], [ 76.379233549549411, 12.037056909070355 ], [ 76.379216441916441, 12.037014841978856 ], [ 76.37917032139282, 12.036963721812391 ], [ 76.379125211032715, 12.036959921523428 ], [ 76.37911580397693, 12.036951500253771 ], [ 76.378959065721972, 12.036961766893045 ], [ 76.378855377874757, 12.036968558174289 ], [ 76.378486472700018, 12.036992720884475 ], [ 76.378109486386833, 12.037017413040635 ], [ 76.377764902999402, 12.037039981023565 ], [ 76.377768332684582, 12.036847832846146 ], [ 76.377632179733141, 12.036865843757083 ], [ 76.377570097931169, 12.036874056539668 ], [ 76.375190749821755, 12.037188802409629 ], [ 76.374921470741583, 12.037210276160859 ], [ 76.374608829164387, 12.037233205486165 ], [ 76.374044786510424, 12.037273930073889 ], [ 76.373535135342038, 12.037311377894751 ], [ 76.373340217056949, 12.037324563330332 ], [ 76.372482845631893, 12.037383652927836 ], [ 76.372316788738502, 12.037395280795316 ], [ 76.372240104081655, 12.037526538720702 ], [ 76.372181514213295, 12.037626732356962 ], [ 76.372141408201415, 12.03769523687544 ], [ 76.371748511352891, 12.038213139087 ], [ 76.371747792902312, 12.03822251721102 ], [ 76.371734821988994, 12.038392003515224 ], [ 76.37173350235426, 12.038409252055308 ], [ 76.371711813991254, 12.038692624327563 ], [ 76.371689711370877, 12.038981427742272 ], [ 76.37167562401298, 12.039165490878084 ], [ 76.371664293168507, 12.039313544705495 ], [ 76.37162031004938, 12.039888237426265 ], [ 76.371602993367176, 12.039907430667247 ], [ 76.371550439439318, 12.03996568097075 ], [ 76.371547493328293, 12.040030555952498 ], [ 76.37154703105044, 12.040040733074797 ], [ 76.371546932629855, 12.040044414914137 ], [ 76.371540668539666, 12.040278873786107 ], [ 76.371537578317401, 12.040330940608529 ], [ 76.371521682244449, 12.04059879117067 ], [ 76.371466733685239, 12.041808492658243 ], [ 76.372898252064999, 12.042229451754283 ], [ 76.373196084331838, 12.043075722480811 ], [ 76.373120940635957, 12.043455460636368 ], [ 76.373117052237973, 12.043475107728792 ], [ 76.373106744977534, 12.04353484244702 ], [ 76.373043001718216, 12.043904253927007 ], [ 76.372993100715178, 12.044193438193844 ], [ 76.373289476603077, 12.044655854998066 ], [ 76.373736544715015, 12.045005180631762 ], [ 76.374144365303621, 12.045081996108095 ], [ 76.374295105752097, 12.045084838986655 ], [ 76.375249469775426, 12.045022920565188 ], [ 76.375323852429858, 12.045018094760827 ], [ 76.375339349945619, 12.044992311260675 ], [ 76.375563678117743, 12.044664064905547 ], [ 76.37556501746316, 12.044662106355856 ], [ 76.376590840949277, 12.044817509338793 ], [ 76.376582475530384, 12.044915994323702 ], [ 76.376598176212923, 12.044917911859081 ], [ 76.376471497511162, 12.046252998033587 ], [ 76.376502726053175, 12.046261708547666 ], [ 76.376500653700816, 12.046282816761282 ], [ 76.377091396293594, 12.046435536607978 ], [ 76.377120595029581, 12.046440666004367 ], [ 76.37774688211428, 12.046433023037931 ], [ 76.377768870404495, 12.046432754375905 ], [ 76.377769166353005, 12.046437763173323 ], [ 76.377786134752625, 12.04643736223623 ], [ 76.377796373641672, 12.04661386972346 ], [ 76.377958786346312, 12.047262436377219 ], [ 76.378053399099258, 12.047590503460409 ], [ 76.378495724735771, 12.047568736161928 ], [ 76.378842988219702, 12.047551646829534 ], [ 76.378884452790246, 12.04754805504424 ], [ 76.37904757869272, 12.04753392285939 ], [ 76.379097750792226, 12.047529576455023 ], [ 76.379303012361632, 12.047511793831776 ], [ 76.379463742796929, 12.047497869445825 ], [ 76.380215514943814, 12.047543689113169 ], [ 76.380488985000767, 12.047541737715836 ], [ 76.380821198137383, 12.047552015956628 ], [ 76.38096487135266, 12.047556460474826 ], [ 76.38177234432186, 12.047550001072521 ], [ 76.381793013767179, 12.047582079041135 ], [ 76.381819921907905, 12.047582911188185 ], [ 76.381815370512342, 12.047600138650738 ], [ 76.381812252942666, 12.047611937300911 ], [ 76.38271256234458, 12.049009173477341 ], [ 76.382935990612722, 12.04939417196511 ], [ 76.38292399864973, 12.049452932427235 ], [ 76.382910521025693, 12.049518974594184 ], [ 76.382899767418053, 12.049571668775027 ], [ 76.382457524069693, 12.050385870105204 ], [ 76.381992252289066, 12.051285362509965 ], [ 76.381094452643111, 12.051058968916474 ], [ 76.380916945151782, 12.051014207835587 ], [ 76.379936063807975, 12.050794697892771 ], [ 76.379705819733459, 12.050731520796742 ], [ 76.37961193887476, 12.050713554932406 ], [ 76.379140422805676, 12.05062332232751 ], [ 76.37907837501659, 12.050611448419291 ], [ 76.378861755540981, 12.050569993769681 ], [ 76.378607399956266, 12.050540595087492 ], [ 76.37829774723869, 12.050504804300944 ], [ 76.37790641429757, 12.050484594848694 ], [ 76.377775118630012, 12.050559208711155 ], [ 76.377574186356313, 12.050554471557652 ], [ 76.37720488176123, 12.050597105328404 ], [ 76.376757531700633, 12.050602612250255 ], [ 76.376702160382422, 12.050537811540339 ], [ 76.37659334809922, 12.050550031692101 ], [ 76.376017556236206, 12.049841517382657 ], [ 76.375867152051441, 12.049824230220043 ], [ 76.375470490773026, 12.049778638421536 ], [ 76.375238303010519, 12.049751951286481 ], [ 76.375145399419807, 12.049741272901048 ], [ 76.375141376770912, 12.049740810539689 ], [ 76.374613322543809, 12.049701768731062 ], [ 76.374456810972688, 12.049659670055693 ], [ 76.374422623864163, 12.049754180045968 ], [ 76.374395163292718, 12.049849533950718 ], [ 76.374362378740329, 12.04998115480373 ], [ 76.374209513145601, 12.050594864937288 ], [ 76.374199771631837, 12.050633975346999 ], [ 76.374143274023666, 12.050860797803626 ], [ 76.374093397019848, 12.051061038829442 ], [ 76.374085238640433, 12.051117758656039 ], [ 76.374077806826932, 12.051169422810412 ], [ 76.374066386102541, 12.051246249548004 ], [ 76.373866507051304, 12.052590788929223 ], [ 76.373862050287784, 12.052620769938876 ], [ 76.373862076167256, 12.052635605128883 ], [ 76.373862276545267, 12.052823745693237 ], [ 76.373841231307409, 12.05291830218445 ], [ 76.373643264160094, 12.053793791395192 ], [ 76.373645418996944, 12.054240250687046 ], [ 76.373647045559963, 12.054577269898937 ], [ 76.373647386153735, 12.054647820281906 ], [ 76.373646702041768, 12.054687218747622 ], [ 76.373654762241372, 12.054896235923167 ], [ 76.37366708472463, 12.055215756048154 ], [ 76.373571395328909, 12.055740760894276 ], [ 76.373572669016127, 12.055875360992159 ], [ 76.37357523310709, 12.056146216501675 ], [ 76.373578082259655, 12.056447271031621 ], [ 76.373578093696352, 12.056448435451221 ], [ 76.373583117172004, 12.056979281529316 ], [ 76.373583405395919, 12.057009746342661 ], [ 76.373588247028252, 12.05752125738988 ], [ 76.373588906309834, 12.057590879490386 ], [ 76.373590215736982, 12.057729229584261 ], [ 76.37359229833632, 12.05794928807537 ], [ 76.373593339536697, 12.0580592960738 ], [ 76.37359278074095, 12.058072592658503 ], [ 76.373592767178948, 12.058131293879752 ], [ 76.37263560632374, 12.058181912241208 ], [ 76.372284953207242, 12.058200454916875 ], [ 76.371952380029839, 12.058218041999254 ], [ 76.371776732387417, 12.058238706618404 ], [ 76.37144054071247, 12.058243261179697 ], [ 76.370497748239856, 12.058256030169426 ], [ 76.370351696586127, 12.058258007991412 ], [ 76.370335655206389, 12.058260300122924 ], [ 76.370350764129242, 12.058400003764076 ], [ 76.370361483811138, 12.058499123271917 ], [ 76.370367359348108, 12.058553459546504 ], [ 76.370378446273463, 12.058655975746445 ], [ 76.370431614289373, 12.059446990917371 ], [ 76.37036667823412, 12.059460946853237 ], [ 76.370147434523176, 12.059513236042747 ], [ 76.370021932822141, 12.059506386341598 ], [ 76.369854260320409, 12.059497235988271 ], [ 76.369905795354001, 12.059612497276785 ], [ 76.369773461807185, 12.059649018067335 ], [ 76.369670511936121, 12.059677429229888 ], [ 76.368829819216131, 12.059962148150266 ], [ 76.368515234635282, 12.060068686664994 ], [ 76.368584715072544, 12.060869357829496 ], [ 76.368662697677806, 12.061767989487407 ], [ 76.368731271210606, 12.061926258356094 ], [ 76.368797575050849, 12.062079286449617 ], [ 76.368821587037885, 12.062134706249678 ], [ 76.368969485744955, 12.062115595423569 ], [ 76.369052783197404, 12.062121717191019 ], [ 76.369140960863874, 12.063264517628143 ], [ 76.369158445347765, 12.063491122329934 ], [ 76.369162563250697, 12.063544485416935 ], [ 76.369198722123073, 12.064013107419219 ], [ 76.369176918907357, 12.064013398150188 ], [ 76.369114219841421, 12.064014232595973 ], [ 76.368863409784012, 12.064017571210059 ], [ 76.368095937524373, 12.064027787075839 ], [ 76.368044027535831, 12.064032465842045 ], [ 76.367580818723553, 12.064074215722963 ], [ 76.367204123968961, 12.064108168097832 ], [ 76.3669325639964, 12.064132643409657 ], [ 76.367001959914404, 12.06430079047688 ], [ 76.367142463713776, 12.064669410282066 ], [ 76.367089726849585, 12.065163821122812 ], [ 76.36710919917077, 12.065492193347813 ], [ 76.367111597530496, 12.065537299675929 ], [ 76.367120211013344, 12.065540152306951 ], [ 76.367146917086259, 12.065657506900131 ], [ 76.367410841069741, 12.065755837072469 ], [ 76.367517385572796, 12.065858480414727 ], [ 76.36749936077473, 12.066068466088755 ], [ 76.367463900868216, 12.066481548024244 ], [ 76.367606772310111, 12.066492242437345 ], [ 76.367613767568145, 12.066565807958673 ], [ 76.367564297902419, 12.066614164317032 ], [ 76.367522384013824, 12.066828880934025 ], [ 76.367464775165928, 12.066837506903061 ], [ 76.367049541714621, 12.066899679395721 ], [ 76.367046883646495, 12.066915701308158 ], [ 76.367012201302259, 12.067124759798363 ], [ 76.367011120055537, 12.067131274612036 ], [ 76.367002340255979, 12.067180252922718 ], [ 76.366991151729479, 12.067242669843445 ], [ 76.367059611392634, 12.067246697751743 ], [ 76.367049901990484, 12.067314526547323 ], [ 76.367032452165361, 12.067662105853044 ], [ 76.367101661508585, 12.067782127584714 ], [ 76.367243241936734, 12.067858953315589 ], [ 76.367431648261146, 12.067954912772016 ], [ 76.367791384735781, 12.068097062624378 ], [ 76.368012395616816, 12.068152045434374 ], [ 76.368213009986334, 12.068193393633992 ], [ 76.368313919822725, 12.068209436320247 ], [ 76.368729518831955, 12.068222429324907 ], [ 76.368988020959904, 12.06823380746712 ], [ 76.369242779494812, 12.068244773429459 ], [ 76.3694915324661, 12.068256161982248 ], [ 76.369544406373564, 12.068258266987606 ], [ 76.369655742301774, 12.068258901798387 ], [ 76.369817538177728, 12.068259682464193 ], [ 76.370028604327231, 12.0682625847785 ], [ 76.370133420036169, 12.068241179772436 ], [ 76.37050393090712, 12.068176291633135 ], [ 76.370565134310979, 12.068162589802938 ], [ 76.370709201575494, 12.068142172996305 ], [ 76.370945726703866, 12.068111447071086 ], [ 76.371092597412954, 12.068091016265889 ], [ 76.371192204139717, 12.068077504881435 ], [ 76.371322880443273, 12.06806588367634 ], [ 76.371617471455579, 12.068027562448254 ], [ 76.371694443957324, 12.068023508951903 ], [ 76.371888851260508, 12.067985686478051 ], [ 76.371946698436247, 12.067974432008979 ], [ 76.371971508883988, 12.067965901645721 ], [ 76.372059975739418, 12.067889420321331 ], [ 76.37206403100474, 12.06788591414055 ], [ 76.372073219835542, 12.067877970670041 ], [ 76.372077504662371, 12.067874266264766 ], [ 76.372194657367331, 12.067772984304087 ], [ 76.372216389698167, 12.067754195850137 ], [ 76.372329197116571, 12.067715156955154 ], [ 76.372615881511976, 12.067662488627784 ], [ 76.372711338671792, 12.067645200883584 ], [ 76.37321413380657, 12.067715144775843 ], [ 76.373638682956255, 12.067742132381015 ], [ 76.373644193131298, 12.067771240575999 ], [ 76.373648052224297, 12.067791624258627 ], [ 76.373648883358285, 12.067796015019852 ], [ 76.373742539488191, 12.067802148213685 ], [ 76.373753366564401, 12.067858123393329 ], [ 76.373775579250776, 12.067972959578182 ], [ 76.373790797213886, 12.068051640238441 ], [ 76.373818895113601, 12.068064713127621 ], [ 76.373803391693244, 12.068120761725856 ], [ 76.373825935594965, 12.068129859145335 ], [ 76.37399294560862, 12.068197253432919 ], [ 76.37412756235878, 12.068251576072601 ], [ 76.374152206002464, 12.068261520626798 ], [ 76.374150261153787, 12.068272362281556 ], [ 76.374244638239546, 12.068310385463924 ], [ 76.374213787701308, 12.06859320224557 ], [ 76.374273183500691, 12.068632030138946 ], [ 76.374266413616667, 12.068668491366273 ], [ 76.374615618639226, 12.068924622390833 ], [ 76.374550264282846, 12.069052786317107 ], [ 76.374571830745595, 12.069122019051385 ], [ 76.374603228538007, 12.069222813036296 ], [ 76.374727646380194, 12.06938705444805 ], [ 76.374941304989818, 12.069669099347863 ], [ 76.375405972407776, 12.069768016238243 ], [ 76.376601106920191, 12.069895163818469 ], [ 76.376747354687808, 12.069911907604462 ], [ 76.376885206022294, 12.069927688396822 ], [ 76.378207411638911, 12.070064106477474 ], [ 76.378292010862452, 12.070072834296431 ], [ 76.379816654465628, 12.069987510526573 ], [ 76.379826021843044, 12.069966606558307 ] ] ] } },
{ "type": "Feature", "properties": { "OBJECTID": 21654, "KGISVillageID": 27653, "KGISVillageCode": "2605010057", "KGISVillageName": "Jakkahalli", "KGISHobliID": 504, "UniqueVillageCode": "2605010057_1", "Bhucode": "260501004030", "CensusVillageCode": "2957705573618898", "BhoomiVillageCode": "2605010057", "created_user": null, "created_date": null, "last_edited_user": null, "last_edited_date": null, "LGDGPCode": "219467", "LGDGPCode_Secondary": null, "Category": "Cadastral data available and has bhoomi linkage", "SHAPE.STArea()": 4176983.0192881599, "SHAPE.STLength()": 11217.453430415373, "LGD_VillageCode": 618898.0, "_overlap_percent": 99.225952036307234, "_police_station": "Saragur PS", "_police_feature_index": "506", "_admin_layer": "Village", "_geometry_clipped": true }, "geometry": { "type": "Polygon", "coordinates": [ [ [ 76.363469963718458, 12.063266472552913 ], [ 76.363800823299869, 12.0644035952782 ], [ 76.364134018426654, 12.065226116417906 ], [ 76.364194054999075, 12.065219129248931 ], [ 76.364592595191269, 12.066889253784057 ], [ 76.364724527794948, 12.067024956950332 ], [ 76.364750657354108, 12.067157791040856 ], [ 76.364805800274908, 12.067148320620907 ], [ 76.365382323108875, 12.067154923583628 ], [ 76.366039438337111, 12.067139652171477 ], [ 76.366844099546654, 12.067115791041774 ], [ 76.367012201302259, 12.067124759798363 ], [ 76.367046883646495, 12.066915701308158 ], [ 76.367049541714621, 12.066899679395721 ], [ 76.367464775165928, 12.066837506903061 ], [ 76.367522384013824, 12.066828880934025 ], [ 76.367564297902419, 12.066614164317032 ], [ 76.367613767568145, 12.066565807958673 ], [ 76.367606772310111, 12.066492242437345 ], [ 76.367463900868216, 12.066481548024244 ], [ 76.36749936077473, 12.066068466088755 ], [ 76.367517385572796, 12.065858480414727 ], [ 76.367410841069741, 12.065755837072469 ], [ 76.367146917086259, 12.065657506900131 ], [ 76.367120211013344, 12.065540152306951 ], [ 76.367111597530496, 12.065537299675929 ], [ 76.36710919917077, 12.065492193347813 ], [ 76.367089726849585, 12.065163821122812 ], [ 76.367142463713776, 12.064669410282066 ], [ 76.367001959914404, 12.06430079047688 ], [ 76.3669325639964, 12.064132643409657 ], [ 76.367204123968961, 12.064108168097832 ], [ 76.367580818723553, 12.064074215722963 ], [ 76.368044027535831, 12.064032465842045 ], [ 76.368095937524373, 12.064027787075839 ], [ 76.368863409784012, 12.064017571210059 ], [ 76.369114219841421, 12.064014232595973 ], [ 76.369176918907357, 12.064013398150188 ], [ 76.369198722123073, 12.064013107419219 ], [ 76.369162563250697, 12.063544485416935 ], [ 76.369158445347765, 12.063491122329934 ], [ 76.369140960863874, 12.063264517628143 ], [ 76.369052783197404, 12.062121717191019 ], [ 76.368969485744955, 12.062115595423569 ], [ 76.368821587037885, 12.062134706249678 ], [ 76.368797575050849, 12.062079286449617 ], [ 76.368731271210606, 12.061926258356094 ], [ 76.368662697677806, 12.061767989487407 ], [ 76.368584715072544, 12.060869357829496 ], [ 76.368515234635282, 12.060068686664994 ], [ 76.368829819216131, 12.059962148150266 ], [ 76.369670511936121, 12.059677429229888 ], [ 76.369773461807185, 12.059649018067335 ], [ 76.369905795354001, 12.059612497276785 ], [ 76.369854260320409, 12.059497235988271 ], [ 76.370021932822141, 12.059506386341598 ], [ 76.370147434523176, 12.059513236042747 ], [ 76.37036667823412, 12.059460946853237 ], [ 76.370431614289373, 12.059446990917371 ], [ 76.370378446273463, 12.058655975746445 ], [ 76.370367359348108, 12.058553459546504 ], [ 76.370361483811138, 12.058499123271917 ], [ 76.370350764129242, 12.058400003764076 ], [ 76.370335655206389, 12.058260300122924 ], [ 76.370351696586127, 12.058258007991412 ], [ 76.370497748239856, 12.058256030169426 ], [ 76.37144054071247, 12.058243261179697 ], [ 76.371776732387417, 12.058238706618404 ], [ 76.371952380029839, 12.058218041999254 ], [ 76.372284953207242, 12.058200454916875 ], [ 76.37263560632374, 12.058181912241208 ], [ 76.373592767178948, 12.058131293879752 ], [ 76.37359278074095, 12.058072592658503 ], [ 76.373593339536697, 12.0580592960738 ], [ 76.37359229833632, 12.05794928807537 ], [ 76.373590215736982, 12.057729229584261 ], [ 76.373588906309834, 12.057590879490386 ], [ 76.373588247028252, 12.05752125738988 ], [ 76.373583405395919, 12.057009746342661 ], [ 76.373583117172004, 12.056979281529316 ], [ 76.373578093696352, 12.056448435451221 ], [ 76.373578082259655, 12.056447271031621 ], [ 76.37357523310709, 12.056146216501675 ], [ 76.373572669016127, 12.055875360992159 ], [ 76.373571395328909, 12.055740760894276 ], [ 76.37366708472463, 12.055215756048154 ], [ 76.373654762241372, 12.054896235923167 ], [ 76.373646702041768, 12.054687218747622 ], [ 76.373647386153735, 12.054647820281906 ], [ 76.373647045559963, 12.054577269898937 ], [ 76.373645418996944, 12.054240250687046 ], [ 76.373643264160094, 12.053793791395192 ], [ 76.373841231307409, 12.05291830218445 ], [ 76.373862276545267, 12.052823745693237 ], [ 76.373862076167256, 12.052635605128883 ], [ 76.373862050287784, 12.052620769938876 ], [ 76.373866507051304, 12.052590788929223 ], [ 76.374066386102541, 12.051246249548004 ], [ 76.374077806826932, 12.051169422810412 ], [ 76.374085238640433, 12.051117758656039 ], [ 76.374093397019848, 12.051061038829442 ], [ 76.374143274023666, 12.050860797803626 ], [ 76.374199771631837, 12.050633975346999 ], [ 76.374209513145601, 12.050594864937288 ], [ 76.374362378740329, 12.04998115480373 ], [ 76.374395163292718, 12.049849533950718 ], [ 76.374422623864163, 12.049754180045968 ], [ 76.374456810972688, 12.049659670055693 ], [ 76.374449126583869, 12.049657603099313 ], [ 76.374249620341459, 12.049603938495208 ], [ 76.37383862471161, 12.049652448244657 ], [ 76.373784973523925, 12.049626765590544 ], [ 76.373737403184208, 12.049640396362571 ], [ 76.37373175456456, 12.049636507649517 ], [ 76.373563902644221, 12.049520939658581 ], [ 76.373178125867739, 12.049336269533978 ], [ 76.373158508725808, 12.04930485240568 ], [ 76.373048860413832, 12.049233151122934 ], [ 76.372800516950164, 12.04881158758643 ], [ 76.372770771471153, 12.048761097381329 ], [ 76.372891501852351, 12.048644894230305 ], [ 76.372817391591539, 12.048460088326896 ], [ 76.372792004708216, 12.048396780973613 ], [ 76.372511285583244, 12.047696757198683 ], [ 76.372531138340676, 12.047570828138465 ], [ 76.37252601095004, 12.047560345408666 ], [ 76.372223506926247, 12.047541134614514 ], [ 76.372215102815289, 12.047516077300291 ], [ 76.372205498909025, 12.047515260274626 ], [ 76.372025925063141, 12.046986216939843 ], [ 76.371504516113603, 12.046796695858223 ], [ 76.371424186156688, 12.046767497114205 ], [ 76.371438531548733, 12.046747419896601 ], [ 76.371402367165359, 12.046733460271225 ], [ 76.371519971311486, 12.046576391130715 ], [ 76.37132773810707, 12.046424045465507 ], [ 76.370971716180847, 12.046141893040412 ], [ 76.370665541866074, 12.045811026391537 ], [ 76.370591168395507, 12.045730655077255 ], [ 76.369760470787952, 12.044121554818963 ], [ 76.369451081744728, 12.043952153375692 ], [ 76.369414612407226, 12.0439321855052 ], [ 76.369375469262806, 12.04393069212861 ], [ 76.369374035662176, 12.043952684448648 ], [ 76.368457833062109, 12.043944236296317 ], [ 76.367052673896524, 12.043939541853822 ], [ 76.367086167145246, 12.043843351414354 ], [ 76.367085728122547, 12.043843334664903 ], [ 76.36699751582789, 12.043346603705391 ], [ 76.365830139510919, 12.043389677145406 ], [ 76.365168842299809, 12.043412278567775 ], [ 76.365142427149124, 12.042826209310798 ], [ 76.364432169076565, 12.042971420238707 ], [ 76.36435416116835, 12.042968626607671 ], [ 76.364044862633506, 12.042957549702553 ], [ 76.364036139984123, 12.042764038026734 ], [ 76.363670858702719, 12.042396032452032 ], [ 76.362558114897482, 12.042621349149439 ], [ 76.362533828370815, 12.042557255821185 ], [ 76.36249721381904, 12.042460628057988 ], [ 76.362489660233464, 12.042440693514683 ], [ 76.362349271381817, 12.042539636736544 ], [ 76.361769026470398, 12.042662651269373 ], [ 76.36118379690474, 12.042713980171261 ], [ 76.36034255081475, 12.042791571213282 ], [ 76.359804680174449, 12.042843379645751 ], [ 76.358736756521125, 12.04302812477072 ], [ 76.358649766666119, 12.042967506227418 ], [ 76.357721192892697, 12.042992623050019 ], [ 76.357362662209923, 12.043002320453105 ], [ 76.357091215346898, 12.043009661659614 ], [ 76.356576925155409, 12.043023568590568 ], [ 76.356398780779912, 12.043068863447257 ], [ 76.355901567169838, 12.043195274978393 ], [ 76.355001578883872, 12.043172783880543 ], [ 76.355007494738572, 12.042357667866707 ], [ 76.355007693146561, 12.042330372017547 ], [ 76.355008407728647, 12.042231985808845 ], [ 76.354942548801517, 12.042247984673145 ], [ 76.354942558748036, 12.042248136514223 ], [ 76.354864321218301, 12.042267326397237 ], [ 76.354744813597122, 12.042296638325954 ], [ 76.354269824890849, 12.042413138462759 ], [ 76.353771605227124, 12.042387896667245 ], [ 76.353757829668638, 12.042385980821123 ], [ 76.352173290673335, 12.042165713398711 ], [ 76.352056461572261, 12.042094502818181 ], [ 76.352037318919841, 12.042082823253441 ], [ 76.351907764962306, 12.042003784155726 ], [ 76.351432895746413, 12.041721565131615 ], [ 76.351301175426315, 12.041643282095491 ], [ 76.351262505431251, 12.041620299913722 ], [ 76.351230189389469, 12.041601094134979 ], [ 76.351183985323317, 12.04157363423791 ], [ 76.350895714200746, 12.041533325779572 ], [ 76.350442098755764, 12.041469896652 ], [ 76.349586746421437, 12.04135028972938 ], [ 76.349596371604633, 12.041382002074998 ], [ 76.349607228067683, 12.041417772019296 ], [ 76.349657087026003, 12.04177287768168 ], [ 76.349672489137916, 12.042241405498253 ], [ 76.34975944466116, 12.042673301705682 ], [ 76.349846565379551, 12.043106018877229 ], [ 76.350067314429737, 12.043468673832924 ], [ 76.350591930671825, 12.04433051536107 ], [ 76.350595319162736, 12.044338972223761 ], [ 76.350642272380739, 12.044395117599722 ], [ 76.351000264571567, 12.045210179094449 ], [ 76.351001214108123, 12.045229789046582 ], [ 76.351035036977933, 12.045928101219285 ], [ 76.351363440264038, 12.0458321585877 ], [ 76.351980612166088, 12.045778160378431 ], [ 76.352019068263743, 12.045896662046829 ], [ 76.352106928630036, 12.046167395896695 ], [ 76.352114401785229, 12.046188887329656 ], [ 76.352195753019643, 12.046422838507075 ], [ 76.352212216939662, 12.046470184364969 ], [ 76.352251985381358, 12.046584552375815 ], [ 76.352281143353281, 12.046694063449459 ], [ 76.352296210235011, 12.046750650210154 ], [ 76.35289562041288, 12.048597678989447 ], [ 76.353116992583679, 12.049295768973648 ], [ 76.353197603572923, 12.049631447541524 ], [ 76.353379989652467, 12.050390950426074 ], [ 76.353465214198735, 12.051036882100899 ], [ 76.353474945742093, 12.051110631396757 ], [ 76.353459212542603, 12.051142158228588 ], [ 76.353494430620145, 12.0511383967399 ], [ 76.353391033875198, 12.051339581712845 ], [ 76.353368932708875, 12.051382520016746 ], [ 76.353259367534733, 12.051581111196601 ], [ 76.353243828870873, 12.051658031818739 ], [ 76.353240171812715, 12.051676123506965 ], [ 76.353226533153403, 12.051743598775875 ], [ 76.35321073846805, 12.051749801149494 ], [ 76.353203313066572, 12.051790374094461 ], [ 76.352785923439541, 12.052029099824587 ], [ 76.352977599274894, 12.0535137997541 ], [ 76.352979795470631, 12.053534678404924 ], [ 76.352997906236226, 12.053741036157149 ], [ 76.353019568378414, 12.053858196875257 ], [ 76.353031520668765, 12.053934429814909 ], [ 76.353054912874612, 12.054083628034704 ], [ 76.353133903097358, 12.054587434082721 ], [ 76.353153740863434, 12.054713961059681 ], [ 76.353165957300234, 12.05479821334783 ], [ 76.354147746120248, 12.054710467545535 ], [ 76.354115284665781, 12.054570690669767 ], [ 76.35397856393179, 12.053981981866771 ], [ 76.353892516440141, 12.053580471770612 ], [ 76.35386360888424, 12.053445580761146 ], [ 76.353838122625092, 12.0533151918337 ], [ 76.353814037359882, 12.053191978291551 ], [ 76.353776998796761, 12.053002493602087 ], [ 76.353721784231311, 12.052720021549645 ], [ 76.353701967841133, 12.052618648467766 ], [ 76.353749425690978, 12.052613571651129 ], [ 76.353733763162879, 12.052518838350499 ], [ 76.354547469033136, 12.052459748429245 ], [ 76.355304610659843, 12.052404762797755 ], [ 76.355477149133165, 12.052403801739967 ], [ 76.355691382721687, 12.053205650736423 ], [ 76.355954011906718, 12.054069149321515 ], [ 76.356073168055488, 12.054357480783986 ], [ 76.3561230382752, 12.054478153799264 ], [ 76.357112937819522, 12.054093450242869 ], [ 76.357121866050989, 12.054107121282524 ], [ 76.357195821977825, 12.054072832710059 ], [ 76.357337326960263, 12.054267233412848 ], [ 76.357521642814945, 12.054520446163364 ], [ 76.357402519870178, 12.054587487182177 ], [ 76.357422793304039, 12.054624625438418 ], [ 76.357298711505152, 12.054679092573515 ], [ 76.357044434239143, 12.054789508474503 ], [ 76.357050106185241, 12.054813482028948 ], [ 76.357318362674363, 12.055947418430865 ], [ 76.357552629372023, 12.056937669138769 ], [ 76.357583592717589, 12.057072092014199 ], [ 76.357625755508209, 12.057255119066484 ], [ 76.357697762811185, 12.05730755417361 ], [ 76.358703367407799, 12.058039795840809 ], [ 76.358943780844768, 12.058179611558822 ], [ 76.359591261268051, 12.058556159659355 ], [ 76.359633574280679, 12.058696468531547 ], [ 76.359456971993723, 12.059682066170089 ], [ 76.359454557336477, 12.059703342513023 ], [ 76.359423796209441, 12.059974388391652 ], [ 76.359415115183168, 12.060050893283396 ], [ 76.359413602356483, 12.060064220785032 ], [ 76.359409250363143, 12.060102565053102 ], [ 76.359408854400229, 12.060106053002697 ], [ 76.35951998950101, 12.060208684111679 ], [ 76.359494139122447, 12.060272726436251 ], [ 76.359495561915793, 12.06027330007846 ], [ 76.359470405879804, 12.060338280335392 ], [ 76.359466915102246, 12.060347283844282 ], [ 76.359537478664421, 12.060348386311663 ], [ 76.359629844520995, 12.060362828747719 ], [ 76.359713386778068, 12.0603758910315 ], [ 76.359761525848342, 12.060159062565385 ], [ 76.359841451128787, 12.060157623654375 ], [ 76.359864823450167, 12.060157202891173 ], [ 76.359896736574001, 12.060094816212372 ], [ 76.361239768373096, 12.060100878702391 ], [ 76.361316282360406, 12.060091507190537 ], [ 76.361411393164872, 12.06008506537064 ], [ 76.361430766111198, 12.060123610488729 ], [ 76.361446941545353, 12.060122588093822 ], [ 76.361513976829031, 12.060118349321307 ], [ 76.361540535520845, 12.060123379211046 ], [ 76.361571741520081, 12.060193985179556 ], [ 76.361575239931057, 12.060201900654754 ], [ 76.361937000123319, 12.061020422135122 ], [ 76.362053755636339, 12.061189171076075 ], [ 76.362180672344451, 12.061418252377678 ], [ 76.362354710627287, 12.061732384140855 ], [ 76.362367737633207, 12.061762497465512 ], [ 76.362393508172829, 12.061822068217952 ], [ 76.362405126309312, 12.061841795612027 ], [ 76.362586102714872, 12.061909418659946 ], [ 76.362620624653388, 12.061978230166394 ], [ 76.362680248612705, 12.061978814234349 ], [ 76.36274028844268, 12.062107363724587 ], [ 76.363229891264638, 12.063155643519561 ], [ 76.363446876714434, 12.063245213577986 ], [ 76.363450740410016, 12.063258352269067 ], [ 76.363469963718458, 12.063266472552913 ] ] ] } },
{ "type": "Feature", "properties": { "OBJECTID": 21644, "KGISVillageID": 27642, "KGISVillageCode": "2605010048", "KGISVillageName": "Hebbalakuppe", "KGISHobliID": 504, "UniqueVillageCode": "2605010048_1", "Bhucode": "260501004019", "CensusVillageCode": "2957705573618900", "BhoomiVillageCode": "2605010048", "created_user": null, "created_date": null, "last_edited_user": null, "last_edited_date": null, "LGDGPCode": "219449", "LGDGPCode_Secondary": null, "Category": "Cadastral data available and has bhoomi linkage", "SHAPE.STArea()": 3996809.60687233, "SHAPE.STLength()": 9871.2682576705374, "LGD_VillageCode": 618900.0, "_overlap_percent": 0.41534255441315027, "_police_station": "Saragur PS", "_police_feature_index": "506", "_admin_layer": "Village", "_geometry_clipped": true }, "geometry": { "type": "MultiPolygon", "coordinates": [ [ [ [ 76.384976416812421, 12.063094064697331 ], [ 76.384953883052745, 12.063118773481005 ], [ 76.384929761122038, 12.063143853605983 ], [ 76.384913892728292, 12.063160352634009 ], [ 76.384908090669029, 12.063166384656729 ], [ 76.384823604466703, 12.063254225945549 ], [ 76.384749510759292, 12.063331262269989 ], [ 76.384738141453099, 12.063343082845691 ], [ 76.384701582042567, 12.063381093641819 ], [ 76.384695712362088, 12.063387196516423 ], [ 76.384655003804625, 12.063429526894991 ], [ 76.38463440032875, 12.063459143417015 ], [ 76.384624937039888, 12.06347274551864 ], [ 76.384575003562603, 12.063544521920369 ], [ 76.384507418250578, 12.063641671718059 ], [ 76.384409611955718, 12.063782261475597 ], [ 76.384381336925415, 12.063822904455638 ], [ 76.38411383632203, 12.064230172381642 ], [ 76.384023319545406, 12.064379888783076 ], [ 76.384006638943617, 12.064407478689862 ], [ 76.383975979339965, 12.064458188804378 ], [ 76.383952068233626, 12.064471941350222 ], [ 76.383881192633439, 12.064692204057275 ], [ 76.383844553593818, 12.064806067592865 ], [ 76.383833848083555, 12.064828403954552 ], [ 76.38371830508278, 12.065102620620728 ], [ 76.383684202219484, 12.065174233258931 ], [ 76.383567878402744, 12.065495955676697 ], [ 76.383420105662978, 12.065905326945989 ], [ 76.383461711067568, 12.065965385204541 ], [ 76.383508295340633, 12.066032617097363 ], [ 76.383489854505783, 12.066102636642976 ], [ 76.383196969765976, 12.06721469591437 ], [ 76.383138164003995, 12.06744562652252 ], [ 76.3831225624659, 12.067586044463214 ], [ 76.383122405576927, 12.067587675325633 ], [ 76.383133844934605, 12.067490799250827 ], [ 76.38319490733241, 12.067255855015063 ], [ 76.383521114781757, 12.066051681277179 ], [ 76.383475278460068, 12.065983059697508 ], [ 76.383434335431659, 12.065921762256497 ], [ 76.383587505529277, 12.065504813184015 ], [ 76.383707794036482, 12.065177372565627 ], [ 76.383742781561935, 12.065104518730823 ], [ 76.384088355406902, 12.064448559520418 ], [ 76.384421462783649, 12.06380358343387 ], [ 76.384700159376393, 12.063403865750683 ], [ 76.384741460590121, 12.06336085435078 ], [ 76.384989380803361, 12.063102667587591 ], [ 76.384976416812421, 12.063094064697331 ] ] ], [ [ [ 76.387037999871083, 12.06126218755738 ], [ 76.386610689090006, 12.061229919867397 ], [ 76.386575287157626, 12.061355246764522 ], [ 76.38643119006035, 12.061865363532927 ], [ 76.386399336220492, 12.061978127585189 ], [ 76.386278221443149, 12.062406882835731 ], [ 76.38627077039321, 12.062433259723171 ], [ 76.386263465496327, 12.062459119646832 ], [ 76.386129168667907, 12.0629345373526 ], [ 76.386008089282541, 12.06336316579883 ], [ 76.38590923929938, 12.063713098151934 ], [ 76.385682105644847, 12.0635623690586 ], [ 76.385451480729557, 12.063409323659698 ], [ 76.385323192737147, 12.063324189758893 ], [ 76.385256034217036, 12.063279622514317 ], [ 76.385969450645135, 12.063820321191358 ], [ 76.386016437284255, 12.063674773624145 ], [ 76.386790201783285, 12.06127786336913 ], [ 76.387082564442011, 12.061265552858481 ], [ 76.387037999871083, 12.06126218755738 ] ] ], [ [ [ 76.387597697104255, 12.060007771622756 ], [ 76.387467652184469, 12.059991787717395 ], [ 76.387253570910715, 12.060821728382304 ], [ 76.387161980629656, 12.061176800739156 ], [ 76.387158859957708, 12.061188900363712 ], [ 76.387141909215728, 12.061254614569947 ], [ 76.387140534096616, 12.061263111930993 ], [ 76.387334378099723, 12.061254949744088 ], [ 76.387341027201927, 12.061228949320263 ], [ 76.387455189220987, 12.060782542606677 ], [ 76.387652472504541, 12.060011103355288 ], [ 76.387597697104255, 12.060007771622756 ] ] ], [ [ [ 76.386189063203872, 12.048501131887457 ], [ 76.386261298944518, 12.048952368648571 ], [ 76.386347262128055, 12.049466687931844 ], [ 76.386442556138931, 12.049972926065484 ], [ 76.386540393387492, 12.05047062496989 ], [ 76.386637555545803, 12.050958044904966 ], [ 76.38658893545184, 12.051144336234493 ], [ 76.387451463709823, 12.052800111435026 ], [ 76.387465147736663, 12.052824318176533 ], [ 76.387778701129506, 12.053379361965971 ], [ 76.388013789417613, 12.053885821415044 ], [ 76.388099793732636, 12.054071293230882 ], [ 76.388729700221404, 12.05502870305242 ], [ 76.388681308944797, 12.055138378093737 ], [ 76.388356362400941, 12.055874901239939 ], [ 76.38835009555207, 12.055889105900134 ], [ 76.388317743221492, 12.055958996925536 ], [ 76.388310966961583, 12.055973635374668 ], [ 76.388240671534433, 12.056125494997783 ], [ 76.388212301900438, 12.056196074077004 ], [ 76.3881392201057, 12.056377890161217 ], [ 76.388118334650372, 12.056429849260464 ], [ 76.38805354054783, 12.056591046929547 ], [ 76.387957832602169, 12.056829153213016 ], [ 76.38795227710105, 12.056891849776386 ], [ 76.387950426047766, 12.05691272180557 ], [ 76.387947411589721, 12.056946715281015 ], [ 76.387937495621784, 12.057058529333343 ], [ 76.387924909871117, 12.057200449359671 ], [ 76.387920467176997, 12.057250546388905 ], [ 76.387906267238449, 12.057310778967494 ], [ 76.387861457766931, 12.057500852284806 ], [ 76.387859397355001, 12.057509592452732 ], [ 76.387861178972159, 12.057644922412754 ], [ 76.387864319528063, 12.057883396076113 ], [ 76.387864886480145, 12.057926842065251 ], [ 76.387866028827361, 12.058014303578449 ], [ 76.387861016664047, 12.058044225032734 ], [ 76.387854940341995, 12.058080488562947 ], [ 76.387826678019692, 12.058249155557782 ], [ 76.387766486803443, 12.058608366924602 ], [ 76.387745670563959, 12.058732596908188 ], [ 76.387759538676875, 12.058813070595228 ], [ 76.387796689243046, 12.059028652304798 ], [ 76.387747174519902, 12.059074551948376 ], [ 76.387770084823742, 12.059202489672176 ], [ 76.387775678413519, 12.059213821712252 ], [ 76.387963721571978, 12.059595034234778 ], [ 76.387930997323011, 12.059975154251429 ], [ 76.387955591445603, 12.059976722301426 ], [ 76.387994856852799, 12.059979225369448 ], [ 76.388030232398705, 12.059548718966127 ], [ 76.387840852110173, 12.059168826799491 ], [ 76.387835222900137, 12.059157534718334 ], [ 76.387780898101084, 12.058861459644032 ], [ 76.387921678243643, 12.058007121814601 ], [ 76.387926569451565, 12.057977437834367 ], [ 76.387925130825536, 12.057890597101613 ], [ 76.387924417578191, 12.057847462849649 ], [ 76.387918273186287, 12.057476430034288 ], [ 76.38797822427172, 12.057219732941007 ], [ 76.38800870172679, 12.056864159369574 ], [ 76.388014028625022, 12.056802024481703 ], [ 76.388293031278408, 12.056106008636091 ], [ 76.388401112061374, 12.055872250792357 ], [ 76.38840730070811, 12.055858201120552 ], [ 76.388728336836181, 12.055129365014055 ], [ 76.388776167860243, 12.055020778572041 ], [ 76.388151183547308, 12.054069399052935 ], [ 76.388066080564414, 12.05388522917945 ], [ 76.387833627584229, 12.053382179552431 ], [ 76.387523629826873, 12.052830539219102 ], [ 76.387510105415345, 12.052806470916579 ], [ 76.386653412846186, 12.051151515851494 ], [ 76.386700710810004, 12.050964092840468 ], [ 76.386600704002575, 12.050473490219479 ], [ 76.386498463510918, 12.049971923842955 ], [ 76.386394330565821, 12.049461086276585 ], [ 76.386288323884926, 12.048941039804349 ], [ 76.386195597915702, 12.048486144807363 ], [ 76.386117859924681, 12.048104773256973 ], [ 76.386189063203872, 12.048501131887457 ] ] ] ] } },
{ "type": "Feature", "properties": { "OBJECTID": 21633, "KGISVillageID": 27631, "KGISVillageCode": "2605010047", "KGISVillageName": "Bhoppanahalli", "KGISHobliID": 504, "UniqueVillageCode": "2605010047_1", "Bhucode": "260501004008", "CensusVillageCode": "2957705573618883", "BhoomiVillageCode": "2605010047", "created_user": null, "created_date": null, "last_edited_user": null, "last_edited_date": null, "LGDGPCode": "219449", "LGDGPCode_Secondary": null, "Category": "Cadastral data available and has bhoomi linkage", "SHAPE.STArea()": 2187211.8317794451, "SHAPE.STLength()": 7579.3560739501763, "LGD_VillageCode": 618883.0, "_overlap_percent": 0.29846252046855742, "_police_station": "Saragur PS", "_police_feature_index": "506", "_admin_layer": "Village", "_geometry_clipped": true }, "geometry": { "type": "MultiPolygon", "coordinates": [ [ [ [ 76.367002340255979, 12.067180252922718 ], [ 76.367011120055537, 12.067131274612036 ], [ 76.367012201302259, 12.067124759798363 ], [ 76.366844099546654, 12.067115791041774 ], [ 76.366039438337111, 12.067139652171477 ], [ 76.365382323108875, 12.067154923583628 ], [ 76.364805800274908, 12.067148320620907 ], [ 76.364750657354108, 12.067157791040856 ], [ 76.364751652110755, 12.067162848212304 ], [ 76.364830523365086, 12.067150619696147 ], [ 76.365399820521915, 12.067174294874581 ], [ 76.36605007134132, 12.067201337249848 ], [ 76.366863690364198, 12.067235170497595 ], [ 76.366991151729479, 12.067242669843445 ], [ 76.367002340255979, 12.067180252922718 ] ] ], [ [ [ 76.367243241936734, 12.067858953315589 ], [ 76.367101661508585, 12.067782127584714 ], [ 76.367133319358047, 12.067837028118888 ], [ 76.367431648261146, 12.067954912772016 ], [ 76.367243241936734, 12.067858953315589 ] ] ], [ [ [ 76.373648052224297, 12.067791624258627 ], [ 76.373644193131298, 12.067771240575999 ], [ 76.373638682956255, 12.067742132381015 ], [ 76.37321413380657, 12.067715144775843 ], [ 76.372711338671792, 12.067645200883584 ], [ 76.372615881511976, 12.067662488627784 ], [ 76.372329197116571, 12.067715156955154 ], [ 76.372216389698167, 12.067754195850137 ], [ 76.372194657367331, 12.067772984304087 ], [ 76.372077504662371, 12.067874266264766 ], [ 76.372073219835542, 12.067877970670041 ], [ 76.37206403100474, 12.06788591414055 ], [ 76.372059975739418, 12.067889420321331 ], [ 76.371971508883988, 12.067965901645721 ], [ 76.371946698436247, 12.067974432008979 ], [ 76.371888851260508, 12.067985686478051 ], [ 76.371694443957324, 12.068023508951903 ], [ 76.371617471455579, 12.068027562448254 ], [ 76.371322880443273, 12.06806588367634 ], [ 76.371192204139717, 12.068077504881435 ], [ 76.371092597412954, 12.068091016265889 ], [ 76.370945726703866, 12.068111447071086 ], [ 76.370709201575494, 12.068142172996305 ], [ 76.370565134310979, 12.068162589802938 ], [ 76.37050393090712, 12.068176291633135 ], [ 76.370133420036169, 12.068241179772436 ], [ 76.370028604327231, 12.0682625847785 ], [ 76.369817538177728, 12.068259682464193 ], [ 76.369655742301774, 12.068258901798387 ], [ 76.369544406373564, 12.068258266987606 ], [ 76.3694915324661, 12.068256161982248 ], [ 76.369242779494812, 12.068244773429459 ], [ 76.368988020959904, 12.06823380746712 ], [ 76.368729518831955, 12.068222429324907 ], [ 76.368313919822725, 12.068209436320247 ], [ 76.368213009986334, 12.068193393633992 ], [ 76.368012395616816, 12.068152045434374 ], [ 76.368228496425104, 12.068205806722629 ], [ 76.368695544494912, 12.068252378228893 ], [ 76.369106200252588, 12.06825935378882 ], [ 76.36940456006036, 12.068264423819826 ], [ 76.369835854087, 12.068271750633214 ], [ 76.370143838933842, 12.068276983161434 ], [ 76.37097185875119, 12.068144409214964 ], [ 76.371803794788747, 12.068039893007455 ], [ 76.372080414719761, 12.068005141526601 ], [ 76.372338358760743, 12.067848267955055 ], [ 76.372459758134525, 12.067774435011463 ], [ 76.372745475201782, 12.067722838148747 ], [ 76.372839553229682, 12.067705850086615 ], [ 76.373329598402492, 12.067775106228035 ], [ 76.373648883358285, 12.067796015019852 ], [ 76.373648052224297, 12.067791624258627 ] ] ], [ [ [ 76.374152206002464, 12.068261520626798 ], [ 76.37412756235878, 12.068251576072601 ], [ 76.37399294560862, 12.068197253432919 ], [ 76.373825935594965, 12.068129859145335 ], [ 76.373803391693244, 12.068120761725856 ], [ 76.373800442110905, 12.06813142517637 ], [ 76.374150261153787, 12.068272362281556 ], [ 76.374152206002464, 12.068261520626798 ] ] ], [ [ [ 76.374571830745595, 12.069122019051385 ], [ 76.374550264282846, 12.069052786317107 ], [ 76.37451975364462, 12.069112619561681 ], [ 76.374603228538007, 12.069222813036296 ], [ 76.374571830745595, 12.069122019051385 ] ] ], [ [ [ 76.380339129258488, 12.068596833246522 ], [ 76.380319621559835, 12.068663378109477 ], [ 76.379826021843044, 12.069966606558307 ], [ 76.379816654465628, 12.069987510526573 ], [ 76.379983452083849, 12.069978176016161 ], [ 76.380114331714907, 12.069596724886569 ], [ 76.380376325069776, 12.068617403147872 ], [ 76.380339129258488, 12.068596833246522 ] ] ], [ [ [ 76.381317597431845, 12.06880621724077 ], [ 76.381254303136217, 12.068798243487086 ], [ 76.380728158401922, 12.068728716972593 ], [ 76.380539371794015, 12.068703769651355 ], [ 76.380567649703252, 12.068720369947975 ], [ 76.381278784586939, 12.068832964845154 ], [ 76.381313464630082, 12.06883818676984 ], [ 76.381317597431845, 12.06880621724077 ] ] ] ] } },
{ "type": "Feature", "properties": { "OBJECTID": 21689, "KGISVillageID": 27690, "KGISVillageCode": "2605010059", "KGISVillageName": "Yarehalli", "KGISHobliID": 504, "UniqueVillageCode": "2605010059_1", "Bhucode": "260501004065", "CensusVillageCode": "2957705573618884", "BhoomiVillageCode": "2605010059", "created_user": null, "created_date": null, "last_edited_user": null, "last_edited_date": null, "LGDGPCode": "", "LGDGPCode_Secondary": null, "Category": "Cadastral data available and has bhoomi linkage", "SHAPE.STArea()": 5081407.8395861397, "SHAPE.STLength()": 12371.601521143069, "LGD_VillageCode": 618884.0, "_overlap_percent": 0.066822354705214485, "_police_station": "Saragur PS", "_police_feature_index": "506", "_admin_layer": "Village", "_geometry_clipped": true }, "geometry": { "type": "MultiPolygon", "coordinates": [ [ [ [ 76.359841451128787, 12.060157623654375 ], [ 76.359761525848342, 12.060159062565385 ], [ 76.359713386778068, 12.0603758910315 ], [ 76.359786074869916, 12.060387256207838 ], [ 76.359825476618838, 12.06023412165788 ], [ 76.359864823450167, 12.060157202891173 ], [ 76.359841451128787, 12.060157623654375 ] ] ], [ [ [ 76.362393508172829, 12.061822068217952 ], [ 76.362367737633207, 12.061762497465512 ], [ 76.362354710627287, 12.061732384140855 ], [ 76.362180672344451, 12.061418252377678 ], [ 76.362053755636339, 12.061189171076075 ], [ 76.361937000123319, 12.061020422135122 ], [ 76.361575239931057, 12.060201900654754 ], [ 76.361571741520081, 12.060193985179556 ], [ 76.361540535520845, 12.060123379211046 ], [ 76.361513976829031, 12.060118349321307 ], [ 76.361446941545353, 12.060122588093822 ], [ 76.361430766111198, 12.060123610488729 ], [ 76.361746340399606, 12.060751488562186 ], [ 76.362016008010457, 12.061183329831891 ], [ 76.362283658719321, 12.061726215817213 ], [ 76.362326080069124, 12.061812259454145 ], [ 76.362405126309312, 12.061841795612027 ], [ 76.362393508172829, 12.061822068217952 ] ] ], [ [ [ 76.36274028844268, 12.062107363724587 ], [ 76.362680248612705, 12.061978814234349 ], [ 76.362620624653388, 12.061978230166394 ], [ 76.363206468678015, 12.063145974841525 ], [ 76.363229891264638, 12.063155643519561 ], [ 76.36274028844268, 12.062107363724587 ] ] ], [ [ [ 76.364750657354108, 12.067157791040856 ], [ 76.364724527794948, 12.067024956950332 ], [ 76.364592595191269, 12.066889253784057 ], [ 76.364194054999075, 12.065219129248931 ], [ 76.364134018426654, 12.065226116417906 ], [ 76.363800823299869, 12.0644035952782 ], [ 76.363469963718458, 12.063266472552913 ], [ 76.363450740410016, 12.063258352269067 ], [ 76.363788061298067, 12.064405428909645 ], [ 76.364177546484783, 12.065339300688478 ], [ 76.364414563054183, 12.066275750486311 ], [ 76.36462328970741, 12.067100428276699 ], [ 76.364674605539122, 12.067174793822323 ], [ 76.364751652110755, 12.067162848212304 ], [ 76.364750657354108, 12.067157791040856 ] ] ] ] } },
{ "type": "Feature", "properties": { "OBJECTID": 22619, "KGISVillageID": 28647, "KGISVillageCode": "2606050054", "KGISVillageName": "Katuru", "KGISHobliID": 382, "UniqueVillageCode": "2606050054_1", "Bhucode": "260601004037", "CensusVillageCode": "2957705574619135", "BhoomiVillageCode": "2606050054", "created_user": "SA", "created_date": 1556019584000.0, "last_edited_user": "SURESHBV2", "last_edited_date": 1724226117000.0, "LGDGPCode": "219578", "LGDGPCode_Secondary": null, "Category": "Cadastral data available and has bhoomi linkage", "SHAPE.STArea()": 8734419.6539493408, "SHAPE.STLength()": 14462.046336052197, "LGD_VillageCode": 619135.0, "_overlap_percent": 0.11810683670288301, "_police_station": "Saragur PS", "_police_feature_index": "506", "_admin_layer": "Village", "_geometry_clipped": true }, "geometry": { "type": "MultiPolygon", "coordinates": [ [ [ [ 76.4341755924994, 12.058848833472899 ], [ 76.434155941464681, 12.058852213715468 ], [ 76.434144229972645, 12.058855511496997 ], [ 76.43406136717627, 12.059155932613789 ], [ 76.434034939691315, 12.059251745966282 ], [ 76.433998747757116, 12.05938296070677 ], [ 76.43396661747407, 12.059499448860027 ], [ 76.433881487850343, 12.059808087003299 ], [ 76.433799516758839, 12.060105271429412 ], [ 76.433738210032928, 12.060327539115736 ], [ 76.433724675821651, 12.060376606910635 ], [ 76.433615559388485, 12.06077220846519 ], [ 76.433610017895347, 12.060791087846953 ], [ 76.433607981553195, 12.060798023539494 ], [ 76.433576443186666, 12.060905467879987 ], [ 76.433538676151557, 12.061019331563219 ], [ 76.433488573807168, 12.061170384554774 ], [ 76.433482531052476, 12.061200037660839 ], [ 76.43347388207259, 12.061229295538046 ], [ 76.433473439024539, 12.061230794965866 ], [ 76.433444602756111, 12.061328341144559 ], [ 76.433426009002204, 12.061391238383857 ], [ 76.43314081522017, 12.062355975015034 ], [ 76.433113703151349, 12.062447688256267 ], [ 76.432366911511764, 12.06497386020143 ], [ 76.432354208003503, 12.065016832941089 ], [ 76.43222735988472, 12.06544591805118 ], [ 76.432292804454477, 12.065488130211408 ], [ 76.433513151267263, 12.061183428624934 ], [ 76.433518316313439, 12.061153339751458 ], [ 76.433597919341111, 12.060884411745407 ], [ 76.433635464545347, 12.060751970465523 ], [ 76.434190948882659, 12.058846170655489 ], [ 76.4341755924994, 12.058848833472899 ] ] ], [ [ [ 76.436048932594773, 12.057957104398486 ], [ 76.436008949494251, 12.057973421987816 ], [ 76.436017399053597, 12.05814673306149 ], [ 76.436087887534796, 12.058102137657084 ], [ 76.436071093906705, 12.05794806011715 ], [ 76.436048932594773, 12.057957104398486 ] ] ], [ [ [ 76.437436070998814, 12.057238956021413 ], [ 76.437427269677357, 12.057251584323176 ], [ 76.437296924252195, 12.057283002490207 ], [ 76.437306120575229, 12.057431828836819 ], [ 76.437306429226439, 12.057436824140062 ], [ 76.437401598261502, 12.057406325987444 ], [ 76.437403799146765, 12.057406161844487 ], [ 76.437403469793026, 12.057404858061545 ], [ 76.437389358207739, 12.057342087811291 ], [ 76.437470834594933, 12.057227769560496 ], [ 76.437436070998814, 12.057238956021413 ] ] ], [ [ [ 76.439875848383338, 12.056603086948623 ], [ 76.439756858993903, 12.056625256716968 ], [ 76.439630670753601, 12.056648768208339 ], [ 76.439627322490708, 12.056649425591489 ], [ 76.439184721820382, 12.056736340954673 ], [ 76.439203523624755, 12.056740073040391 ], [ 76.439676216094966, 12.05664571127155 ], [ 76.439887383100896, 12.056603555850819 ], [ 76.439875848383338, 12.056603086948623 ] ] ], [ [ [ 76.44067088272142, 12.054525246821308 ], [ 76.440632376659039, 12.054531257259278 ], [ 76.440628493906843, 12.054549140899415 ], [ 76.440624338178864, 12.054568197628621 ], [ 76.44061222965567, 12.054623727782689 ], [ 76.440596054662308, 12.054697485169722 ], [ 76.440655478247891, 12.055125331320918 ], [ 76.440685974765387, 12.055509337533399 ], [ 76.440689179125684, 12.055592042687252 ], [ 76.440653819120968, 12.056400116340036 ], [ 76.440650456816527, 12.056476964505833 ], [ 76.440649742795117, 12.056488264581725 ], [ 76.44064273073667, 12.056599283747707 ], [ 76.440733928335291, 12.056599454205339 ], [ 76.440735452888546, 12.056449863939674 ], [ 76.440759508138001, 12.055539902842497 ], [ 76.440724979376, 12.055104138558329 ], [ 76.440668343753828, 12.054678758794767 ], [ 76.440685455759152, 12.054605369039475 ], [ 76.440702750071026, 12.054531201743048 ], [ 76.440705394216536, 12.05451985966215 ], [ 76.44067088272142, 12.054525246821308 ] ] ], [ [ [ 76.449034380347484, 12.051084778714664 ], [ 76.448980223543685, 12.051112373079285 ], [ 76.448480450475628, 12.051377196851476 ], [ 76.447726042585373, 12.051776946847447 ], [ 76.447605215828958, 12.051840970486213 ], [ 76.446975915151583, 12.052174424389181 ], [ 76.446891733307822, 12.052219030652566 ], [ 76.446511136988192, 12.052421502697543 ], [ 76.445913310882474, 12.052738908416762 ], [ 76.445405072390727, 12.05300815143913 ], [ 76.445242152087246, 12.053094349633506 ], [ 76.443451267570751, 12.054031828942941 ], [ 76.443421198913583, 12.054047209243766 ], [ 76.443297863797511, 12.054110296750821 ], [ 76.442405489569438, 12.054253967619307 ], [ 76.442300383785152, 12.054270888864483 ], [ 76.441168390694585, 12.054447587884821 ], [ 76.442350332833556, 12.054278971321173 ], [ 76.443314450850153, 12.054141424821152 ], [ 76.443488824985806, 12.054048050544276 ], [ 76.445363326630286, 12.053044280336968 ], [ 76.445526100239633, 12.052957117292133 ], [ 76.446034030749473, 12.052685122774433 ], [ 76.446631612107026, 12.052365119795301 ], [ 76.447012097596598, 12.052161368919338 ], [ 76.449036169763417, 12.051088332473542 ], [ 76.449034380347484, 12.051084778714664 ] ] ], [ [ [ 76.465651805987264, 12.061897128848186 ], [ 76.465190972162006, 12.061703879040389 ], [ 76.463773571336958, 12.060798736612519 ], [ 76.461915833923655, 12.059612378040326 ], [ 76.461401140978239, 12.059269388792526 ], [ 76.460595711993193, 12.058734691699151 ], [ 76.460542497167296, 12.058702970411838 ], [ 76.460373849531834, 12.058602436517841 ], [ 76.45838836995415, 12.058979792448982 ], [ 76.460437663504138, 12.058666597989497 ], [ 76.460659052062169, 12.058802413994178 ], [ 76.461463594850301, 12.059345229494145 ], [ 76.461976882739876, 12.059690779955776 ], [ 76.465269948771464, 12.061788014246565 ], [ 76.465727101800923, 12.061980185738806 ], [ 76.465730452819471, 12.061929801849873 ], [ 76.465651805987264, 12.061897128848186 ] ] ] ] } },
{ "type": "Feature", "properties": { "OBJECTID": 22632, "KGISVillageID": 28660, "KGISVillageCode": "2606050058", "KGISVillageName": "Mottha", "KGISHobliID": 382, "UniqueVillageCode": "2606050058_1", "Bhucode": "260601004050", "CensusVillageCode": "2957705574619133", "BhoomiVillageCode": "2606050058", "created_user": "SA", "created_date": 1556019584000.0, "last_edited_user": "SURESHBV2", "last_edited_date": 1724226170000.0, "LGDGPCode": "219598", "LGDGPCode_Secondary": null, "Category": "Cadastral data available and has bhoomi linkage", "SHAPE.STArea()": 6377705.1570255002, "SHAPE.STLength()": 13581.07206180391, "LGD_VillageCode": 619133.0, "_overlap_percent": 0.11401310064167477, "_police_station": "Saragur PS", "_police_feature_index": "506", "_admin_layer": "Village", "_geometry_clipped": true }, "geometry": { "type": "Polygon", "coordinates": [ [ [ 76.467778496777811, 12.060552840974582 ], [ 76.46730075239438, 12.060728585385471 ], [ 76.467124042796556, 12.060793583481873 ], [ 76.465699895111115, 12.061318200529863 ], [ 76.465651805987264, 12.061897128848186 ], [ 76.465730452819471, 12.061929801849873 ], [ 76.465765581935202, 12.061401621704727 ], [ 76.467160975343901, 12.060874587308067 ], [ 76.467334091347212, 12.060809201286522 ], [ 76.467802296265816, 12.060632359820001 ], [ 76.47382877748862, 12.058937112715427 ], [ 76.473850147617725, 12.058898527812207 ], [ 76.467778496777811, 12.060552840974582 ] ] ] } }
]
}
