{
"type": "FeatureCollection",
"name": "wards_in_police_area.writing_20260805_172659",
"crs": { "type": "name", "properties": { "name": "urn:ogc:def:crs:OGC:1.3:CRS84" } },
"features": [
{ "type": "Feature", "properties": { "KGISWardID": 2575, "KGISWardCode": "1301017", "KGISWardName": " ", "SHAPE.STArea()": 1364867.334649405, "SHAPE.STLength()": 6425.7553912608491, "OBJECTID": 17574, "KGISWardNo": "17", "KGISTownCode": "1301", "LGD_WardCode": 61471, "created_user": "SA", "created_date": 1634898537000, "last_edited_user": "SURESHBV1", "last_edited_date": 1692253993000, "_overlap_percent": 100.00000000000007, "_police_station": "Challakere PS", "_police_feature_index": "170", "_admin_layer": "Ward", "_geometry_clipped": true }, "geometry": { "type": "Polygon", "coordinates": [ [ [ 76.650508670297242, 14.308204109529532 ], [ 76.650697570069667, 14.308044365460885 ], [ 76.650930190158434, 14.30792065487994 ], [ 76.650957836407812, 14.307676536819377 ], [ 76.650775216727752, 14.307655409696608 ], [ 76.650778721007981, 14.307623124421921 ], [ 76.650829265302121, 14.307157484859042 ], [ 76.650950243658414, 14.306197977885773 ], [ 76.651089364001919, 14.305192321098001 ], [ 76.651164360126543, 14.304463600338941 ], [ 76.651182125617424, 14.304268879123017 ], [ 76.651154314423877, 14.303728170720994 ], [ 76.651174297080658, 14.303106260642769 ], [ 76.651179053015255, 14.302890002556484 ], [ 76.651071766067176, 14.302890747584748 ], [ 76.651083621645583, 14.302415368331863 ], [ 76.65109254659717, 14.302210241960347 ], [ 76.651144613709988, 14.302203900570378 ], [ 76.651070758633807, 14.30132556401027 ], [ 76.651023160832452, 14.300852391628791 ], [ 76.651754776886662, 14.300702529436659 ], [ 76.651694179087826, 14.300388577654774 ], [ 76.651650080732608, 14.300058866586028 ], [ 76.651477710196758, 14.300074413119141 ], [ 76.651352433617575, 14.299374594195854 ], [ 76.651792841968955, 14.299235224151504 ], [ 76.651602300753979, 14.298087173568732 ], [ 76.651331392474276, 14.29810504275822 ], [ 76.650804695969398, 14.298137380761125 ], [ 76.650277220548418, 14.298179617415888 ], [ 76.649692430608752, 14.298238493485535 ], [ 76.649119888559341, 14.298267711179772 ], [ 76.649097464414865, 14.298024240319414 ], [ 76.648599081347271, 14.298083149966772 ], [ 76.648590555387273, 14.295797859217149 ], [ 76.648564257415529, 14.291744438597259 ], [ 76.648528122693236, 14.289623848047105 ], [ 76.645434612244486, 14.290788966925028 ], [ 76.639907835925385, 14.292960490004649 ], [ 76.641066505717689, 14.296968625133555 ], [ 76.641092066995597, 14.297050385451961 ], [ 76.64112250008688, 14.297176366433165 ], [ 76.64116316255209, 14.297286557073871 ], [ 76.641653232245616, 14.298742611543361 ], [ 76.642919637559928, 14.299681768996916 ], [ 76.6433382190895, 14.299992182454229 ], [ 76.64347431656428, 14.300092228935972 ], [ 76.643416760571313, 14.300114135569347 ], [ 76.643416723721131, 14.300114166554847 ], [ 76.643397158879068, 14.300131105204887 ], [ 76.643534045274677, 14.300339174145154 ], [ 76.643762617878394, 14.300576737212619 ], [ 76.643776568132381, 14.300648100834566 ], [ 76.64387851197219, 14.301169610700011 ], [ 76.644431473070625, 14.301836585402514 ], [ 76.644265787125946, 14.302321996627711 ], [ 76.644185825848595, 14.30296106299336 ], [ 76.644156016311356, 14.30324585016414 ], [ 76.64401199119861, 14.303337720748868 ], [ 76.643687835630416, 14.303614976668468 ], [ 76.64400146822139, 14.303914129441415 ], [ 76.644389209760988, 14.303612518419486 ], [ 76.644662775452787, 14.303393005906457 ], [ 76.644822823953874, 14.303279022643117 ], [ 76.64486983925012, 14.303269131971581 ], [ 76.645197354326555, 14.30325156021008 ], [ 76.645411110667496, 14.303238602170927 ], [ 76.645630627131823, 14.303208385782908 ], [ 76.645736579888151, 14.303209565875713 ], [ 76.645801724135566, 14.303264595812292 ], [ 76.645908638806844, 14.303397776051225 ], [ 76.646020881047946, 14.303454393318598 ], [ 76.646200174194718, 14.303558375164499 ], [ 76.646275099648591, 14.303609511240021 ], [ 76.646366946384603, 14.303828886983666 ], [ 76.646434735790066, 14.30397764359186 ], [ 76.646530876436529, 14.304167008898077 ], [ 76.64668868984711, 14.304500345561323 ], [ 76.646846904319787, 14.304807744308391 ], [ 76.646927404257724, 14.304950673228863 ], [ 76.646965610421177, 14.305111889796928 ], [ 76.647010542427054, 14.305354547854904 ], [ 76.646806954715771, 14.305417179382692 ], [ 76.64629217221443, 14.305583362251609 ], [ 76.64582881455641, 14.305806582346012 ], [ 76.646019228068297, 14.306090322862401 ], [ 76.646143925545701, 14.306240597970048 ], [ 76.646338096979065, 14.306501354412699 ], [ 76.646509671764633, 14.306737428552461 ], [ 76.646539963338284, 14.306799671830973 ], [ 76.646561310765577, 14.306843536777935 ], [ 76.646600660305637, 14.307013061748513 ], [ 76.647188315594235, 14.306877657805712 ], [ 76.64720931461207, 14.306797638479436 ], [ 76.647334538797139, 14.306733995860739 ], [ 76.648386379067574, 14.306052027523519 ], [ 76.648640653633635, 14.305885053832593 ], [ 76.649375042578072, 14.307116820790222 ], [ 76.649510140341548, 14.307348186091692 ], [ 76.649514118310549, 14.307354998789377 ], [ 76.649758749988436, 14.307787312230648 ], [ 76.64992790504472, 14.308282359111557 ], [ 76.650431635260617, 14.308236331449736 ], [ 76.650508670297242, 14.308204109529532 ] ] ] } },
{ "type": "Feature", "properties": { "KGISWardID": 2598, "KGISWardCode": "1301029", "KGISWardName": " ", "SHAPE.STArea()": 3831743.612518135, "SHAPE.STLength()": 9764.5524548415215, "OBJECTID": 17586, "KGISWardNo": "29", "KGISTownCode": "1301", "LGD_WardCode": 1886526, "created_user": "SA", "created_date": 1634898537000, "last_edited_user": "SURESHBV1", "last_edited_date": 1692253993000, "_overlap_percent": 99.999999999999972, "_police_station": "Challakere PS", "_police_feature_index": "170", "_admin_layer": "Ward", "_geometry_clipped": true }, "geometry": { "type": "Polygon", "coordinates": [ [ [ 76.618187946830091, 14.30434962866236 ], [ 76.618143744461094, 14.304464389590118 ], [ 76.618488683752801, 14.30453419480763 ], [ 76.619333829847221, 14.304743670966978 ], [ 76.619915142093987, 14.304857370414815 ], [ 76.620555594249112, 14.304907531740112 ], [ 76.620851814543443, 14.304920630283904 ], [ 76.621399017634886, 14.304944827233054 ], [ 76.622438365287678, 14.305012349892811 ], [ 76.622480113728727, 14.305014587641537 ], [ 76.622794598910914, 14.305031441147221 ], [ 76.623054646793904, 14.305051687476739 ], [ 76.623760427258418, 14.305106634578504 ], [ 76.624499474464741, 14.30515754609613 ], [ 76.625397577446634, 14.305227455146966 ], [ 76.626838783610381, 14.305315169246089 ], [ 76.627234890215121, 14.305354069061332 ], [ 76.627890077882569, 14.305406978272401 ], [ 76.628563077512581, 14.305481287100299 ], [ 76.629196721386208, 14.305607518929738 ], [ 76.630189433728589, 14.30582252013501 ], [ 76.630461504276056, 14.30587500296317 ], [ 76.630448097442994, 14.305921526757208 ], [ 76.634443498066162, 14.306814421927372 ], [ 76.635365245443481, 14.307021848628207 ], [ 76.635466623155054, 14.306844432892936 ], [ 76.636038883412368, 14.306054019955527 ], [ 76.636442821780577, 14.305510347295819 ], [ 76.636851668039284, 14.304982667409078 ], [ 76.637253867640297, 14.304450274890373 ], [ 76.637634855415598, 14.303948633244799 ], [ 76.637987495347843, 14.303482846041463 ], [ 76.638317894663928, 14.303009106865547 ], [ 76.63849774381184, 14.30278508023909 ], [ 76.638548741809416, 14.302716545960099 ], [ 76.638658329038449, 14.302576925915702 ], [ 76.638763897913861, 14.302430382016126 ], [ 76.638767171204023, 14.302425836590452 ], [ 76.638950955845331, 14.30217071725143 ], [ 76.639056418238809, 14.30204213981613 ], [ 76.639259011739767, 14.301795337122909 ], [ 76.63951540559988, 14.301433143941692 ], [ 76.639671194427962, 14.301233586147827 ], [ 76.641846768556604, 14.302364352563888 ], [ 76.642026836334338, 14.302102601820645 ], [ 76.64231686067437, 14.302325872292139 ], [ 76.642568041556174, 14.302508733883638 ], [ 76.642750850449332, 14.3027188955848 ], [ 76.642893707699571, 14.302938877801978 ], [ 76.643263333087106, 14.303577885882829 ], [ 76.643747965038116, 14.304459367828223 ], [ 76.644133551321573, 14.305210003622475 ], [ 76.644350302538342, 14.305507434047582 ], [ 76.644487098708652, 14.305424581130426 ], [ 76.64463064844314, 14.305334626892511 ], [ 76.644806410107705, 14.305222926395038 ], [ 76.644879500102604, 14.305156417233473 ], [ 76.645008512216179, 14.305090956417121 ], [ 76.645215288812039, 14.304994824027213 ], [ 76.645322239935709, 14.304930950131673 ], [ 76.645399941782401, 14.304891670757959 ], [ 76.645485073163755, 14.304862384393468 ], [ 76.645621264723445, 14.304772480556677 ], [ 76.645734935825999, 14.30462103322783 ], [ 76.645852624088164, 14.304516071829987 ], [ 76.645987434909856, 14.304438613406996 ], [ 76.646161467246259, 14.304358968097056 ], [ 76.646530876436529, 14.304167008898077 ], [ 76.646434735790066, 14.30397764359186 ], [ 76.646366946384603, 14.303828886983666 ], [ 76.646275099648591, 14.303609511240021 ], [ 76.646200174194718, 14.303558375164499 ], [ 76.646020881047946, 14.303454393318598 ], [ 76.645908638806844, 14.303397776051225 ], [ 76.645801724135566, 14.303264595812292 ], [ 76.645736579888151, 14.303209565875713 ], [ 76.645630627131823, 14.303208385782908 ], [ 76.645411110667496, 14.303238602170927 ], [ 76.645197354326555, 14.30325156021008 ], [ 76.64486983925012, 14.303269131971581 ], [ 76.644822823953874, 14.303279022643117 ], [ 76.644662775452787, 14.303393005906457 ], [ 76.644389209760988, 14.303612518419486 ], [ 76.64400146822139, 14.303914129441415 ], [ 76.643687835630416, 14.303614976668468 ], [ 76.64401199119861, 14.303337720748868 ], [ 76.644156016311356, 14.30324585016414 ], [ 76.644185825848595, 14.30296106299336 ], [ 76.644265787125946, 14.302321996627711 ], [ 76.644431473070625, 14.301836585402514 ], [ 76.64387851197219, 14.301169610700011 ], [ 76.643776568132381, 14.300648100834566 ], [ 76.643762617878394, 14.300576737212619 ], [ 76.643534045274677, 14.300339174145154 ], [ 76.643397158879068, 14.300131105204887 ], [ 76.643416723721131, 14.300114166554847 ], [ 76.643416760571313, 14.300114135569347 ], [ 76.64347431656428, 14.300092228935972 ], [ 76.6433382190895, 14.299992182454229 ], [ 76.642919637559928, 14.299681768996916 ], [ 76.641653232245616, 14.298742611543361 ], [ 76.64116316255209, 14.297286557073871 ], [ 76.64112250008688, 14.297176366433165 ], [ 76.641092066995597, 14.297050385451961 ], [ 76.641066505717689, 14.296968625133555 ], [ 76.639907835925385, 14.292960490004649 ], [ 76.639913488781204, 14.292903707317926 ], [ 76.638865269923983, 14.292815223993532 ], [ 76.637827880312173, 14.292737558245939 ], [ 76.636821184611748, 14.292668463984251 ], [ 76.636337540537426, 14.292638294006398 ], [ 76.63586538633605, 14.292608839422405 ], [ 76.634988781067378, 14.292558640790091 ], [ 76.634563420985131, 14.292539687461753 ], [ 76.633960581469196, 14.292519921308571 ], [ 76.633696109731076, 14.292520989926697 ], [ 76.633370110093082, 14.292689950137664 ], [ 76.629719386946874, 14.292938543009127 ], [ 76.62647722119894, 14.293196950031813 ], [ 76.624314924610175, 14.293197876127934 ], [ 76.622395358506438, 14.293200328924879 ], [ 76.618832383674132, 14.293204840291706 ], [ 76.618446381439242, 14.293204479142005 ], [ 76.617486092212843, 14.29443186752264 ], [ 76.615326524945615, 14.297381915039409 ], [ 76.612722075522512, 14.300807142858924 ], [ 76.613015689126712, 14.300999814977818 ], [ 76.613362842459722, 14.300915722066465 ], [ 76.613046818902546, 14.30122042595262 ], [ 76.613661683481538, 14.302307205360654 ], [ 76.614317636941891, 14.302944443659129 ], [ 76.615162865698494, 14.303356753010195 ], [ 76.615294661595968, 14.303027177344616 ], [ 76.615607581386087, 14.303170849225456 ], [ 76.615557869551409, 14.303554944855909 ], [ 76.615953315630918, 14.303716230209824 ], [ 76.617944012593014, 14.304280487800568 ], [ 76.618187946830091, 14.30434962866236 ] ] ] } },
{ "type": "Feature", "properties": { "KGISWardID": 2583, "KGISWardCode": "1301021", "KGISWardName": " ", "SHAPE.STArea()": 924542.14810031001, "SHAPE.STLength()": 7082.5633405702083, "OBJECTID": 17578, "KGISWardNo": "21", "KGISTownCode": "1301", "LGD_WardCode": 61475, "created_user": "SA", "created_date": 1634898537000, "last_edited_user": "SURESHBV1", "last_edited_date": 1692253993000, "_overlap_percent": 100.00000000000003, "_police_station": "Challakere PS", "_police_feature_index": "170", "_admin_layer": "Ward", "_geometry_clipped": true }, "geometry": { "type": "Polygon", "coordinates": [ [ [ 76.651780852786345, 14.289892477478706 ], [ 76.648528122693236, 14.289623848047105 ], [ 76.648564257415529, 14.291744438597259 ], [ 76.648590555387273, 14.295797859217149 ], [ 76.648599081347271, 14.298083149966772 ], [ 76.649097464414865, 14.298024240319414 ], [ 76.649119888559341, 14.298267711179772 ], [ 76.649692430608752, 14.298238493485535 ], [ 76.650277220548418, 14.298179617415888 ], [ 76.650804695969398, 14.298137380761125 ], [ 76.651331392474276, 14.29810504275822 ], [ 76.651602300753979, 14.298087173568732 ], [ 76.651792841968955, 14.299235224151504 ], [ 76.651352433617575, 14.299374594195854 ], [ 76.651477710196758, 14.300074413119141 ], [ 76.651650080732608, 14.300058866586028 ], [ 76.651694179087826, 14.300388577654774 ], [ 76.651754776886662, 14.300702529436659 ], [ 76.651023160832452, 14.300852391628791 ], [ 76.651070758633807, 14.30132556401027 ], [ 76.651144613709988, 14.302203900570378 ], [ 76.65109254659717, 14.302210241960347 ], [ 76.651083621645583, 14.302415368331863 ], [ 76.651071766067176, 14.302890747584748 ], [ 76.651179053015255, 14.302890002556484 ], [ 76.651174297080658, 14.303106260642769 ], [ 76.651154314423877, 14.303728170720994 ], [ 76.651182125617424, 14.304268879123017 ], [ 76.651164360126543, 14.304463600338941 ], [ 76.651089364001919, 14.305192321098001 ], [ 76.650950243658414, 14.306197977885773 ], [ 76.650829265302121, 14.307157484859042 ], [ 76.650778721007981, 14.307623124421921 ], [ 76.650775216727752, 14.307655409696608 ], [ 76.650957836407812, 14.307676536819377 ], [ 76.650930190158434, 14.30792065487994 ], [ 76.651186524768804, 14.307927842273838 ], [ 76.651186240128737, 14.307931257169008 ], [ 76.651167607239259, 14.308154667897938 ], [ 76.651264013207793, 14.308160313331026 ], [ 76.651221543596748, 14.308692855409799 ], [ 76.651215440967519, 14.309284179438313 ], [ 76.65117457796849, 14.309565455078621 ], [ 76.651101874443881, 14.310104030650351 ], [ 76.650971284019604, 14.310798101779028 ], [ 76.651227982634239, 14.310836894617445 ], [ 76.651425695553513, 14.310868334855945 ], [ 76.651340030733806, 14.311478612096741 ], [ 76.651202544024926, 14.312263955327223 ], [ 76.651100412904157, 14.312249360189529 ], [ 76.651077848665025, 14.312383436900383 ], [ 76.651014573675681, 14.31258475598794 ], [ 76.650297959088405, 14.312429468773308 ], [ 76.650237903188923, 14.312802948708043 ], [ 76.650118396910571, 14.313364329649444 ], [ 76.650104614713655, 14.313516293887158 ], [ 76.650084789823978, 14.313734886335569 ], [ 76.650074818148113, 14.313844830575368 ], [ 76.650055861235316, 14.31412591334176 ], [ 76.650050032572736, 14.314212326132026 ], [ 76.649999129615196, 14.314495824382767 ], [ 76.650938007694819, 14.314636615411201 ], [ 76.651593628357944, 14.314761560688677 ], [ 76.651895446017988, 14.31329670107505 ], [ 76.651926501132365, 14.313145976150716 ], [ 76.652075327231799, 14.312169067311872 ], [ 76.652253432031003, 14.310999957592786 ], [ 76.652375815205232, 14.310196616039324 ], [ 76.652469076802205, 14.309568199050029 ], [ 76.652691061685218, 14.308072415928692 ], [ 76.65273108603327, 14.30780271976756 ], [ 76.653141810554203, 14.304228667917201 ], [ 76.653438064431668, 14.301564288561638 ], [ 76.653484699809752, 14.301144870662041 ], [ 76.653774381856479, 14.299111848542649 ], [ 76.653976814125315, 14.297618191133417 ], [ 76.654238156242471, 14.295629098354706 ], [ 76.654416995670985, 14.294214044078062 ], [ 76.654386668424308, 14.29421080048593 ], [ 76.65426700125343, 14.294198000853175 ], [ 76.65441163505308, 14.293298967770765 ], [ 76.654712817300052, 14.291426821800837 ], [ 76.654844299239642, 14.290469677913388 ], [ 76.654885482895352, 14.290169871896778 ], [ 76.654886116236426, 14.290163830714748 ], [ 76.653083517153647, 14.290000045921129 ], [ 76.652867981582489, 14.289982248712322 ], [ 76.651780852786345, 14.289892477478706 ] ] ] } },
{ "type": "Feature", "properties": { "KGISWardID": 2578, "KGISWardCode": "1301018", "KGISWardName": " ", "SHAPE.STArea()": 49109.216224554999, "SHAPE.STLength()": 1187.5236995711839, "OBJECTID": 17575, "KGISWardNo": "18", "KGISTownCode": "1301", "LGD_WardCode": 61472, "created_user": "SA", "created_date": 1634898537000, "last_edited_user": "SURESHBV1", "last_edited_date": 1692253993000, "_overlap_percent": 100.0, "_police_station": "Challakere PS", "_police_feature_index": "170", "_admin_layer": "Ward", "_geometry_clipped": true }, "geometry": { "type": "Polygon", "coordinates": [ [ [ 76.646561310765577, 14.306843536777935 ], [ 76.646539963338284, 14.306799671830973 ], [ 76.646509671764633, 14.306737428552461 ], [ 76.646338096979065, 14.306501354412699 ], [ 76.646143925545701, 14.306240597970048 ], [ 76.646019228068297, 14.306090322862401 ], [ 76.64582881455641, 14.305806582346012 ], [ 76.64629217221443, 14.305583362251609 ], [ 76.646806954715771, 14.305417179382692 ], [ 76.647010542427054, 14.305354547854904 ], [ 76.646965610421177, 14.305111889796928 ], [ 76.646927404257724, 14.304950673228863 ], [ 76.646846904319787, 14.304807744308391 ], [ 76.64668868984711, 14.304500345561323 ], [ 76.646530876436529, 14.304167008898077 ], [ 76.646161467246259, 14.304358968097056 ], [ 76.645987434909856, 14.304438613406996 ], [ 76.645852624088164, 14.304516071829987 ], [ 76.645734935825999, 14.30462103322783 ], [ 76.645621264723445, 14.304772480556677 ], [ 76.645485073163755, 14.304862384393468 ], [ 76.645399941782401, 14.304891670757959 ], [ 76.645322239935709, 14.304930950131673 ], [ 76.645215288812039, 14.304994824027213 ], [ 76.645008512216179, 14.305090956417121 ], [ 76.644879500102604, 14.305156417233473 ], [ 76.644806410107705, 14.305222926395038 ], [ 76.64463064844314, 14.305334626892511 ], [ 76.644487098708652, 14.305424581130426 ], [ 76.644350302538342, 14.305507434047582 ], [ 76.644550899991017, 14.305733232155964 ], [ 76.644962474252424, 14.306178778766757 ], [ 76.645407313443087, 14.306645616642756 ], [ 76.645696638675616, 14.306973631855248 ], [ 76.645956406171692, 14.307283915357862 ], [ 76.646116254209616, 14.30751238644463 ], [ 76.646206079675011, 14.307723406417878 ], [ 76.646214892808231, 14.30775140801525 ], [ 76.646564525595338, 14.307666406342307 ], [ 76.646578631823346, 14.307751204227923 ], [ 76.646741581558913, 14.307732140346726 ], [ 76.646674070712777, 14.307386090435022 ], [ 76.646612961847026, 14.307066060353241 ], [ 76.646600660305637, 14.307013061748513 ], [ 76.646561310765577, 14.306843536777935 ] ] ] } },
{ "type": "Feature", "properties": { "KGISWardID": 2579, "KGISWardCode": "1301019", "KGISWardName": " ", "SHAPE.STArea()": 636681.98590579501, "SHAPE.STLength()": 3425.7180998039112, "OBJECTID": 17576, "KGISWardNo": "19", "KGISTownCode": "1301", "LGD_WardCode": 61473, "created_user": "SA", "created_date": 1634898537000, "last_edited_user": "SURESHBV1", "last_edited_date": 1692253993000, "_overlap_percent": 99.999999999999929, "_police_station": "Challakere PS", "_police_feature_index": "170", "_admin_layer": "Ward", "_geometry_clipped": true }, "geometry": { "type": "Polygon", "coordinates": [ [ [ 76.646279954446996, 14.309279715568904 ], [ 76.646410499971324, 14.30902053802251 ], [ 76.646453400723516, 14.308903890475255 ], [ 76.646489859981557, 14.308804758900875 ], [ 76.646488866931577, 14.308668453963644 ], [ 76.646479878301918, 14.308630751711636 ], [ 76.646454714749567, 14.308525204893199 ], [ 76.646337885083966, 14.308142189334209 ], [ 76.646214892808231, 14.30775140801525 ], [ 76.646206079675011, 14.307723406417878 ], [ 76.646116254209616, 14.30751238644463 ], [ 76.645956406171692, 14.307283915357862 ], [ 76.645696638675616, 14.306973631855248 ], [ 76.645407313443087, 14.306645616642756 ], [ 76.644962474252424, 14.306178778766757 ], [ 76.644550899991017, 14.305733232155964 ], [ 76.644350302538342, 14.305507434047582 ], [ 76.644133551321573, 14.305210003622475 ], [ 76.643747965038116, 14.304459367828223 ], [ 76.643263333087106, 14.303577885882829 ], [ 76.642893707699571, 14.302938877801978 ], [ 76.642750850449332, 14.3027188955848 ], [ 76.642568041556174, 14.302508733883638 ], [ 76.64231686067437, 14.302325872292139 ], [ 76.642026836334338, 14.302102601820645 ], [ 76.641846768556604, 14.302364352563888 ], [ 76.639671194427962, 14.301233586147827 ], [ 76.63951540559988, 14.301433143941692 ], [ 76.639259011739767, 14.301795337122909 ], [ 76.639056418238809, 14.30204213981613 ], [ 76.638950955845331, 14.30217071725143 ], [ 76.638767171204023, 14.302425836590452 ], [ 76.638763897913861, 14.302430382016126 ], [ 76.638658329038449, 14.302576925915702 ], [ 76.638548741809416, 14.302716545960099 ], [ 76.63849774381184, 14.30278508023909 ], [ 76.638317894663928, 14.303009106865547 ], [ 76.637987495347843, 14.303482846041463 ], [ 76.637634855415598, 14.303948633244799 ], [ 76.637253867640297, 14.304450274890373 ], [ 76.636851668039284, 14.304982667409078 ], [ 76.636442821780577, 14.305510347295819 ], [ 76.636038883412368, 14.306054019955527 ], [ 76.635466623155054, 14.306844432892936 ], [ 76.635365245443481, 14.307021848628207 ], [ 76.636789426390663, 14.307342333232857 ], [ 76.637840057781659, 14.307645983768179 ], [ 76.638906031120655, 14.30837400392374 ], [ 76.639324795916252, 14.308628196163598 ], [ 76.639674907687336, 14.308715460165605 ], [ 76.640723551595713, 14.308744095589109 ], [ 76.641324856567707, 14.308805708007302 ], [ 76.642148135157356, 14.309039165130061 ], [ 76.643046419302337, 14.309469394449112 ], [ 76.64345763621337, 14.309754495481746 ], [ 76.643755081561224, 14.309960716577841 ], [ 76.644183998380896, 14.310387277821471 ], [ 76.644650592926425, 14.310851309372264 ], [ 76.644691780580402, 14.31090130715368 ], [ 76.645382346559018, 14.310290334886595 ], [ 76.645718501082811, 14.309975925295516 ], [ 76.645970623349186, 14.309741013966137 ], [ 76.646131041898315, 14.309542610361467 ], [ 76.646262863095288, 14.309309889567428 ], [ 76.646279954446996, 14.309279715568904 ] ] ] } },
{ "type": "Feature", "properties": { "KGISWardID": 2594, "KGISWardCode": "1301027", "KGISWardName": " ", "SHAPE.STArea()": 3307173.692872325, "SHAPE.STLength()": 11584.726391489077, "OBJECTID": 17584, "KGISWardNo": "27", "KGISTownCode": "1301", "LGD_WardCode": 1886524, "created_user": "SA", "created_date": 1634898537000, "last_edited_user": "SURESHBV1", "last_edited_date": 1692253993000, "_overlap_percent": 100.00000000000003, "_police_station": "Challakere PS", "_police_feature_index": "170", "_admin_layer": "Ward", "_geometry_clipped": true }, "geometry": { "type": "Polygon", "coordinates": [ [ [ 76.676027723710632, 14.311218610875088 ], [ 76.674421785463366, 14.310472824356765 ], [ 76.672587931975585, 14.309621176501352 ], [ 76.669204158353068, 14.308133357646982 ], [ 76.669227236831674, 14.308047065285443 ], [ 76.66989761818796, 14.305566455069258 ], [ 76.669930739996161, 14.30544389163307 ], [ 76.669943652737004, 14.305396111756043 ], [ 76.6699637454239, 14.305321763758078 ], [ 76.669981799060366, 14.305254960855823 ], [ 76.67001395481013, 14.304973035078707 ], [ 76.670027934322775, 14.304850471433543 ], [ 76.670189973632944, 14.30342976977974 ], [ 76.669954022032826, 14.303554792841114 ], [ 76.668818616745, 14.304114190171745 ], [ 76.664709328760836, 14.306138709001511 ], [ 76.664559888229448, 14.306309106969115 ], [ 76.66435432712197, 14.306120213940824 ], [ 76.663438124550964, 14.306041381186869 ], [ 76.663237044829643, 14.306023758705408 ], [ 76.662999486724686, 14.306002826496647 ], [ 76.662588239359906, 14.305962954135794 ], [ 76.66257469139903, 14.305961640704876 ], [ 76.662572197146574, 14.305961645495438 ], [ 76.662572507823739, 14.305955367055507 ], [ 76.662555868676449, 14.305958845711773 ], [ 76.662199868203004, 14.306033280917545 ], [ 76.661787924131332, 14.306119412839079 ], [ 76.661693686558436, 14.306103334273574 ], [ 76.66104984769099, 14.306012077420712 ], [ 76.659928564962783, 14.305843770845229 ], [ 76.659580423596765, 14.305787299984969 ], [ 76.659514954517306, 14.305776534927379 ], [ 76.659548361898146, 14.305604458837925 ], [ 76.659923029358566, 14.303622077690315 ], [ 76.660111972815031, 14.302479352179869 ], [ 76.660269247407527, 14.301528157542741 ], [ 76.663155412681704, 14.299076613303514 ], [ 76.66412673239428, 14.297750615121771 ], [ 76.66423937232905, 14.297600944623385 ], [ 76.664980159267316, 14.296616619462283 ], [ 76.665458139063162, 14.295981494635679 ], [ 76.665861543647011, 14.295445459582286 ], [ 76.666949955254523, 14.293999188552229 ], [ 76.666848423129167, 14.294009065787796 ], [ 76.666731546713137, 14.294020413472664 ], [ 76.663702771041798, 14.294307888738887 ], [ 76.660379592518851, 14.294751203289081 ], [ 76.659917814794738, 14.29534007759624 ], [ 76.659834943057461, 14.295443213916601 ], [ 76.659136612968695, 14.296287728024367 ], [ 76.658947749380047, 14.296516124844505 ], [ 76.658750424068415, 14.296749069943537 ], [ 76.658639219070395, 14.296655297160294 ], [ 76.658601891155371, 14.296625545356171 ], [ 76.657588758537017, 14.295818020095965 ], [ 76.657192157411032, 14.295236365613775 ], [ 76.656781994933368, 14.294610178318644 ], [ 76.656481182374549, 14.293820713096382 ], [ 76.655493858894516, 14.294024894685784 ], [ 76.654523906765547, 14.2942254798707 ], [ 76.654416995670985, 14.294214044078062 ], [ 76.654238156242471, 14.295629098354706 ], [ 76.653976814125315, 14.297618191133417 ], [ 76.653774381856479, 14.299111848542649 ], [ 76.653484699809752, 14.301144870662041 ], [ 76.653438064431668, 14.301564288561638 ], [ 76.653141810554203, 14.304228667917201 ], [ 76.65273108603327, 14.30780271976756 ], [ 76.652691061685218, 14.308072415928692 ], [ 76.654010179743793, 14.308227098052113 ], [ 76.65556650239111, 14.308426708239155 ], [ 76.655132416326481, 14.310865707781149 ], [ 76.654721654741877, 14.310693791192456 ], [ 76.654651101969591, 14.311338453257163 ], [ 76.654568104271476, 14.312061241583912 ], [ 76.654502646987282, 14.312606872919684 ], [ 76.654475648246745, 14.312831924416594 ], [ 76.654412584594084, 14.313597617632709 ], [ 76.654418942593679, 14.313674596157556 ], [ 76.654447775882261, 14.314023684631749 ], [ 76.6543892336814, 14.314116000449573 ], [ 76.653681117705545, 14.315308004332454 ], [ 76.65364900511733, 14.315362250562746 ], [ 76.653410810426408, 14.315818744039428 ], [ 76.653457284110047, 14.315891991632519 ], [ 76.653587490488775, 14.315922173971918 ], [ 76.654016820964316, 14.315940708481138 ], [ 76.654463284377186, 14.315954339754581 ], [ 76.654760254477324, 14.315983360010325 ], [ 76.654922360070273, 14.316015710065344 ], [ 76.655138576239736, 14.316069207130401 ], [ 76.654998357766971, 14.316413113645638 ], [ 76.654926839049779, 14.316556929687639 ], [ 76.654868196700392, 14.316712668990226 ], [ 76.654662608366422, 14.317105696353712 ], [ 76.654552474996137, 14.31732247826435 ], [ 76.654540294003411, 14.317524431866214 ], [ 76.654536484907737, 14.317615752841446 ], [ 76.65453517009405, 14.31767972333485 ], [ 76.654972271410912, 14.317708340948986 ], [ 76.65554631697799, 14.31772825471667 ], [ 76.655826245891461, 14.317774132214613 ], [ 76.656023212354796, 14.317877981734528 ], [ 76.656521270645896, 14.318238004368379 ], [ 76.657236128561649, 14.318730433680191 ], [ 76.657625160188374, 14.318938164087331 ], [ 76.657782257617541, 14.318956198395398 ], [ 76.657924363262239, 14.318971181930687 ], [ 76.658098593323302, 14.318989552877113 ], [ 76.658165154824488, 14.318996571117696 ], [ 76.658445501854601, 14.319047006786899 ], [ 76.65865140692587, 14.31908405004318 ], [ 76.658829067677175, 14.31911477910157 ], [ 76.659103255421556, 14.319162202901115 ], [ 76.659328775151664, 14.319146279047205 ], [ 76.659538982674349, 14.319049153368869 ], [ 76.660050691714162, 14.318595991972037 ], [ 76.66094216497828, 14.31775754734603 ], [ 76.661745819636991, 14.316984282824549 ], [ 76.662520250167006, 14.316239916611851 ], [ 76.663178387541009, 14.315690067933472 ], [ 76.664416788078114, 14.315007017318093 ], [ 76.665912522614519, 14.314300633672508 ], [ 76.666266473832565, 14.314188677854222 ], [ 76.666995678567361, 14.31394037615482 ], [ 76.668397828767525, 14.313462920693725 ], [ 76.66888653394345, 14.313311453674556 ], [ 76.670489923064295, 14.312814499130711 ], [ 76.671811590314903, 14.312452470978611 ], [ 76.674442735904819, 14.311740438383886 ], [ 76.676021845670689, 14.311302397115361 ], [ 76.676027723710632, 14.311218610875088 ] ] ] } },
{ "type": "Feature", "properties": { "KGISWardID": 2574, "KGISWardCode": "1301016", "KGISWardName": " ", "SHAPE.STArea()": 46630.247213920004, "SHAPE.STLength()": 1080.4212839542322, "OBJECTID": 17573, "KGISWardNo": "16", "KGISTownCode": "1301", "LGD_WardCode": 61470, "created_user": "SA", "created_date": 1634898537000, "last_edited_user": "SURESHBV1", "last_edited_date": 1692253993000, "_overlap_percent": 99.999999999999972, "_police_station": "Challakere PS", "_police_feature_index": "170", "_admin_layer": "Ward", "_geometry_clipped": true }, "geometry": { "type": "Polygon", "coordinates": [ [ [ 76.64843442674929, 14.30760761001306 ], [ 76.648857136992476, 14.307393036326111 ], [ 76.649153523104516, 14.307234964692064 ], [ 76.649273952145663, 14.307475445964354 ], [ 76.649510140341548, 14.307348186091692 ], [ 76.649375042578072, 14.307116820790222 ], [ 76.648640653633635, 14.305885053832593 ], [ 76.648386379067574, 14.306052027523519 ], [ 76.647334538797139, 14.306733995860739 ], [ 76.64720931461207, 14.306797638479436 ], [ 76.647188315594235, 14.306877657805712 ], [ 76.646600660305637, 14.307013061748513 ], [ 76.646612961847026, 14.307066060353241 ], [ 76.646674070712777, 14.307386090435022 ], [ 76.646741581558913, 14.307732140346726 ], [ 76.646578631823346, 14.307751204227923 ], [ 76.646564525595338, 14.307666406342307 ], [ 76.646214892808231, 14.30775140801525 ], [ 76.646337885083966, 14.308142189334209 ], [ 76.646454714749567, 14.308525204893199 ], [ 76.646479878301918, 14.308630751711636 ], [ 76.647254339778058, 14.308218430567779 ], [ 76.647877307817865, 14.307887682941377 ], [ 76.64843442674929, 14.30760761001306 ] ] ] } },
{ "type": "Feature", "properties": { "KGISWardID": 2607, "KGISWardCode": "1301023", "KGISWardName": " ", "SHAPE.STArea()": 78259.002594945006, "SHAPE.STLength()": 1329.0767459924039, "OBJECTID": 17580, "KGISWardNo": "23", "KGISTownCode": "1301", "LGD_WardCode": 61477, "created_user": "SA", "created_date": 1634898537000, "last_edited_user": "SURESHBV1", "last_edited_date": 1692253993000, "_overlap_percent": 100.0, "_police_station": "Challakere PS", "_police_feature_index": "170", "_admin_layer": "Ward", "_geometry_clipped": true }, "geometry": { "type": "Polygon", "coordinates": [ [ [ 76.64998092942264, 14.309914523405217 ], [ 76.650086518991884, 14.309260930356078 ], [ 76.650178467956124, 14.308754504766732 ], [ 76.650264787833564, 14.308484869625545 ], [ 76.650348199934498, 14.308271229783625 ], [ 76.650431635260617, 14.308236331449736 ], [ 76.64992790504472, 14.308282359111557 ], [ 76.649758749988436, 14.307787312230648 ], [ 76.649514118310549, 14.307354998789377 ], [ 76.649510140341548, 14.307348186091692 ], [ 76.649273952145663, 14.307475445964354 ], [ 76.649153523104516, 14.307234964692064 ], [ 76.648857136992476, 14.307393036326111 ], [ 76.64843442674929, 14.30760761001306 ], [ 76.647877307817865, 14.307887682941377 ], [ 76.647254339778058, 14.308218430567779 ], [ 76.646479878301918, 14.308630751711636 ], [ 76.646488866931577, 14.308668453963644 ], [ 76.646489859981557, 14.308804758900875 ], [ 76.646453400723516, 14.308903890475255 ], [ 76.646634734637701, 14.308919650977325 ], [ 76.64677789632924, 14.308911006237567 ], [ 76.647093647828711, 14.308893513472528 ], [ 76.647172997024597, 14.308872069358079 ], [ 76.647365173500418, 14.309066673229529 ], [ 76.647660871960852, 14.309258927823318 ], [ 76.647968048701017, 14.309343486891866 ], [ 76.648309136573502, 14.309375629530876 ], [ 76.648273141561759, 14.309562578461822 ], [ 76.649029678630498, 14.310412901613214 ], [ 76.649162172978336, 14.310300354608142 ], [ 76.64917080691454, 14.310309958609775 ], [ 76.649443247821537, 14.310526924093288 ], [ 76.649846138699672, 14.310635547160121 ], [ 76.64998092942264, 14.309914523405217 ] ] ] } },
{ "type": "Feature", "properties": { "KGISWardID": 2570, "KGISWardCode": "1301014", "KGISWardName": " ", "SHAPE.STArea()": 34451.280834570003, "SHAPE.STLength()": 822.26951912073935, "OBJECTID": 17571, "KGISWardNo": "14", "KGISTownCode": "1301", "LGD_WardCode": 61468, "created_user": "SA", "created_date": 1634898537000, "last_edited_user": "SURESHBV1", "last_edited_date": 1692253993000, "_overlap_percent": 100.0, "_police_station": "Challakere PS", "_police_feature_index": "170", "_admin_layer": "Ward", "_geometry_clipped": true }, "geometry": { "type": "Polygon", "coordinates": [ [ [ 76.650930190158434, 14.30792065487994 ], [ 76.650697570069667, 14.308044365460885 ], [ 76.650508670297242, 14.308204109529532 ], [ 76.650431635260617, 14.308236331449736 ], [ 76.650348199934498, 14.308271229783625 ], [ 76.650264787833564, 14.308484869625545 ], [ 76.650178467956124, 14.308754504766732 ], [ 76.650086518991884, 14.309260930356078 ], [ 76.64998092942264, 14.309914523405217 ], [ 76.649846138699672, 14.310635547160121 ], [ 76.649853130347964, 14.310637431946514 ], [ 76.650368661902647, 14.31070703038613 ], [ 76.650971284019604, 14.310798101779028 ], [ 76.651101874443881, 14.310104030650351 ], [ 76.65117457796849, 14.309565455078621 ], [ 76.651215440967519, 14.309284179438313 ], [ 76.651221543596748, 14.308692855409799 ], [ 76.651264013207793, 14.308160313331026 ], [ 76.651167607239259, 14.308154667897938 ], [ 76.651186240128737, 14.307931257169008 ], [ 76.651186524768804, 14.307927842273838 ], [ 76.650930190158434, 14.30792065487994 ] ] ] } },
{ "type": "Feature", "properties": { "KGISWardID": 2582, "KGISWardCode": "1301020", "KGISWardName": " ", "SHAPE.STArea()": 32270.655318854999, "SHAPE.STLength()": 818.44659729266732, "OBJECTID": 17577, "KGISWardNo": "20", "KGISTownCode": "1301", "LGD_WardCode": 61474, "created_user": "SA", "created_date": 1634898537000, "last_edited_user": "SURESHBV1", "last_edited_date": 1692253993000, "_overlap_percent": 99.999999999999972, "_police_station": "Challakere PS", "_police_feature_index": "170", "_admin_layer": "Ward", "_geometry_clipped": true }, "geometry": { "type": "Polygon", "coordinates": [ [ [ 76.648273141561759, 14.309562578461822 ], [ 76.648309136573502, 14.309375629530876 ], [ 76.647968048701017, 14.309343486891866 ], [ 76.647660871960852, 14.309258927823318 ], [ 76.647365173500418, 14.309066673229529 ], [ 76.647172997024597, 14.308872069358079 ], [ 76.647093647828711, 14.308893513472528 ], [ 76.64677789632924, 14.308911006237567 ], [ 76.646634734637701, 14.308919650977325 ], [ 76.646453400723516, 14.308903890475255 ], [ 76.646410499971324, 14.30902053802251 ], [ 76.646279954446996, 14.309279715568904 ], [ 76.646262863095288, 14.309309889567428 ], [ 76.64677507717478, 14.309709263176867 ], [ 76.646811610278931, 14.309739326853052 ], [ 76.647315412242762, 14.310153912167243 ], [ 76.648019516164794, 14.310859285397006 ], [ 76.648181487736736, 14.311054547913624 ], [ 76.64821654184307, 14.311096807235721 ], [ 76.648480716010496, 14.310886660140541 ], [ 76.648833168954624, 14.310579825166071 ], [ 76.649029678630498, 14.310412901613214 ], [ 76.648273141561759, 14.309562578461822 ] ] ] } },
{ "type": "Feature", "properties": { "KGISWardID": 2606, "KGISWardCode": "1301011", "KGISWardName": " ", "SHAPE.STArea()": 2222869.6526159402, "SHAPE.STLength()": 7288.0881556015611, "OBJECTID": 17568, "KGISWardNo": "11", "KGISTownCode": "1301", "LGD_WardCode": 61465, "created_user": "SA", "created_date": 1634898537000, "last_edited_user": "SURESHBV1", "last_edited_date": 1692253993000, "_overlap_percent": 99.999999999999957, "_police_station": "Challakere PS", "_police_feature_index": "170", "_admin_layer": "Ward", "_geometry_clipped": true }, "geometry": { "type": "Polygon", "coordinates": [ [ [ 76.636355543774997, 14.314472497974874 ], [ 76.636858342229431, 14.314476208426282 ], [ 76.63740288542671, 14.314486804885512 ], [ 76.638109044540755, 14.314462806377446 ], [ 76.638795480450881, 14.314424592312632 ], [ 76.63905293272019, 14.31441564165279 ], [ 76.639386375316136, 14.314401384134145 ], [ 76.639514040453022, 14.31441963499036 ], [ 76.639698267250367, 14.314459017885921 ], [ 76.639938522585282, 14.314491159123273 ], [ 76.641008717455492, 14.314524583182521 ], [ 76.642468530241572, 14.314635083791606 ], [ 76.642678886196137, 14.313826885745284 ], [ 76.642791687716553, 14.313352601723373 ], [ 76.642926046561143, 14.312903546864444 ], [ 76.642578631629135, 14.312802823272476 ], [ 76.642305058323046, 14.312737010599935 ], [ 76.641256236566193, 14.311741732917028 ], [ 76.641652374957161, 14.311338703868872 ], [ 76.64345763621337, 14.309754495481746 ], [ 76.643046419302337, 14.309469394449112 ], [ 76.642148135157356, 14.309039165130061 ], [ 76.641324856567707, 14.308805708007302 ], [ 76.640723551595713, 14.308744095589109 ], [ 76.639674907687336, 14.308715460165605 ], [ 76.639324795916252, 14.308628196163598 ], [ 76.638906031120655, 14.30837400392374 ], [ 76.637840057781659, 14.307645983768179 ], [ 76.636789426390663, 14.307342333232857 ], [ 76.635365245443481, 14.307021848628207 ], [ 76.634443498066162, 14.306814421927372 ], [ 76.630448097442994, 14.305921526757208 ], [ 76.630461504276056, 14.30587500296317 ], [ 76.630189433728589, 14.30582252013501 ], [ 76.629196721386208, 14.305607518929738 ], [ 76.628563077512581, 14.305481287100299 ], [ 76.627890077882569, 14.305406978272401 ], [ 76.627234890215121, 14.305354069061332 ], [ 76.626838783610381, 14.305315169246089 ], [ 76.625397577446634, 14.305227455146966 ], [ 76.624499474464741, 14.30515754609613 ], [ 76.623760427258418, 14.305106634578504 ], [ 76.623054646793904, 14.305051687476739 ], [ 76.622794598910914, 14.305031441147221 ], [ 76.622480113728727, 14.305014587641537 ], [ 76.622438365287678, 14.305012349892811 ], [ 76.621399017634886, 14.304944827233054 ], [ 76.620851814543443, 14.304920630283904 ], [ 76.620555594249112, 14.304907531740112 ], [ 76.619915142093987, 14.304857370414815 ], [ 76.619333829847221, 14.304743670966978 ], [ 76.618488683752801, 14.30453419480763 ], [ 76.618143744461094, 14.304464389590118 ], [ 76.618091870746838, 14.304599068622855 ], [ 76.618148051498025, 14.305157524554216 ], [ 76.618257270854613, 14.306243198588197 ], [ 76.618181762516343, 14.30649728272458 ], [ 76.617774374876646, 14.307868118004135 ], [ 76.617371686838467, 14.309226193719066 ], [ 76.617016711390249, 14.310423347832865 ], [ 76.616961472512912, 14.310726476396393 ], [ 76.620535970562145, 14.311477817039284 ], [ 76.621232943866531, 14.311624309980125 ], [ 76.622529529091025, 14.311897746732988 ], [ 76.623430667359003, 14.312087783067414 ], [ 76.624092383766893, 14.312227326968486 ], [ 76.624074542493304, 14.312654102029061 ], [ 76.624059392757047, 14.313016485212149 ], [ 76.624046938534477, 14.313314386108386 ], [ 76.624044874953242, 14.313363745283754 ], [ 76.624043557303722, 14.313395273528359 ], [ 76.624041515046258, 14.31343302796088 ], [ 76.624038247795568, 14.313493407934661 ], [ 76.624040240036607, 14.313511750713062 ], [ 76.624054752256569, 14.313498332312671 ], [ 76.624095909498038, 14.313460277988712 ], [ 76.624178785657847, 14.313383652094148 ], [ 76.624348149711594, 14.313436364117431 ], [ 76.624635187043651, 14.313448750401612 ], [ 76.624819428922038, 14.313490536684245 ], [ 76.625402306591923, 14.313716129221071 ], [ 76.625846368942717, 14.313737006174064 ], [ 76.626032942352495, 14.313762035227267 ], [ 76.62613618615957, 14.313794808332901 ], [ 76.6263010153354, 14.313865424543522 ], [ 76.626559037157364, 14.313935401773469 ], [ 76.626782776465475, 14.314012787320522 ], [ 76.628116254437288, 14.31433666856446 ], [ 76.628711798004247, 14.314535257006066 ], [ 76.629516297291133, 14.314883675120541 ], [ 76.631284529877604, 14.315729144867319 ], [ 76.631865890097657, 14.31559666613601 ], [ 76.63380139686997, 14.315006627061203 ], [ 76.635310282627884, 14.314637950715172 ], [ 76.636012376691312, 14.314498775261381 ], [ 76.636355543774997, 14.314472497974874 ] ] ] } },
{ "type": "Feature", "properties": { "KGISWardID": 2591, "KGISWardCode": "1301026", "KGISWardName": " ", "SHAPE.STArea()": 135825.67740117499, "SHAPE.STLength()": 1574.2618146566867, "OBJECTID": 17583, "KGISWardNo": "26", "KGISTownCode": "1301", "LGD_WardCode": 1886523, "created_user": "SA", "created_date": 1634898537000, "last_edited_user": "SURESHBV1", "last_edited_date": 1692253993000, "_overlap_percent": 99.999999999999972, "_police_station": "Challakere PS", "_police_feature_index": "170", "_admin_layer": "Ward", "_geometry_clipped": true }, "geometry": { "type": "Polygon", "coordinates": [ [ [ 76.654721654741877, 14.310693791192456 ], [ 76.655132416326481, 14.310865707781149 ], [ 76.65556650239111, 14.308426708239155 ], [ 76.654010179743793, 14.308227098052113 ], [ 76.652691061685218, 14.308072415928692 ], [ 76.652469076802205, 14.309568199050029 ], [ 76.652375815205232, 14.310196616039324 ], [ 76.652253432031003, 14.310999957592786 ], [ 76.652075327231799, 14.312169067311872 ], [ 76.653082395166919, 14.312370977190454 ], [ 76.653263275102788, 14.312455809897338 ], [ 76.653344570610997, 14.312505463626364 ], [ 76.654020474318827, 14.312564706727565 ], [ 76.654502646987282, 14.312606872919684 ], [ 76.654568104271476, 14.312061241583912 ], [ 76.654651101969591, 14.311338453257163 ], [ 76.654721654741877, 14.310693791192456 ] ] ] } },
{ "type": "Feature", "properties": { "KGISWardID": 2595, "KGISWardCode": "1301028", "KGISWardName": " ", "SHAPE.STArea()": 47297.706439804999, "SHAPE.STLength()": 907.95746983116237, "OBJECTID": 17585, "KGISWardNo": "28", "KGISTownCode": "1301", "LGD_WardCode": 1886525, "created_user": "SA", "created_date": 1634898537000, "last_edited_user": "SURESHBV1", "last_edited_date": 1692253993000, "_overlap_percent": 100.00000000000003, "_police_station": "Challakere PS", "_police_feature_index": "170", "_admin_layer": "Ward", "_geometry_clipped": true }, "geometry": { "type": "Polygon", "coordinates": [ [ [ 76.650368661902647, 14.31070703038613 ], [ 76.649853130347964, 14.310637431946514 ], [ 76.649846138699672, 14.310635547160121 ], [ 76.649443247821537, 14.310526924093288 ], [ 76.64917080691454, 14.310309958609775 ], [ 76.649162172978336, 14.310300354608142 ], [ 76.649029678630498, 14.310412901613214 ], [ 76.648833168954624, 14.310579825166071 ], [ 76.648480716010496, 14.310886660140541 ], [ 76.648726536082975, 14.311151434715965 ], [ 76.64897603804215, 14.311418941057376 ], [ 76.649342061989216, 14.311837291842572 ], [ 76.649593433740463, 14.312118961204385 ], [ 76.649723853018244, 14.312265098747128 ], [ 76.649794816846011, 14.312310521395853 ], [ 76.650297959088405, 14.312429468773308 ], [ 76.651014573675681, 14.31258475598794 ], [ 76.651077848665025, 14.312383436900383 ], [ 76.651100412904157, 14.312249360189529 ], [ 76.651202544024926, 14.312263955327223 ], [ 76.651340030733806, 14.311478612096741 ], [ 76.651425695553513, 14.310868334855945 ], [ 76.651227982634239, 14.310836894617445 ], [ 76.650971284019604, 14.310798101779028 ], [ 76.650368661902647, 14.31070703038613 ] ] ] } },
{ "type": "Feature", "properties": { "KGISWardID": 2571, "KGISWardCode": "1301015", "KGISWardName": " ", "SHAPE.STArea()": 34256.66101915, "SHAPE.STLength()": 735.53917038744578, "OBJECTID": 17572, "KGISWardNo": "15", "KGISTownCode": "1301", "LGD_WardCode": 61469, "created_user": "SA", "created_date": 1634898537000, "last_edited_user": "SURESHBV1", "last_edited_date": 1692253993000, "_overlap_percent": 99.999999999999972, "_police_station": "Challakere PS", "_police_feature_index": "170", "_admin_layer": "Ward", "_geometry_clipped": true }, "geometry": { "type": "Polygon", "coordinates": [ [ [ 76.649342061989216, 14.311837291842572 ], [ 76.64897603804215, 14.311418941057376 ], [ 76.648726536082975, 14.311151434715965 ], [ 76.648480716010496, 14.310886660140541 ], [ 76.64821654184307, 14.311096807235721 ], [ 76.648181487736736, 14.311054547913624 ], [ 76.647924322539652, 14.311329263863865 ], [ 76.647548939131866, 14.311752990205751 ], [ 76.647527828720754, 14.31177681913818 ], [ 76.647529167510413, 14.31177800474063 ], [ 76.647244806407969, 14.312137777087258 ], [ 76.64753965025551, 14.312388943668525 ], [ 76.648033459138929, 14.312842282338538 ], [ 76.64851095125438, 14.313075721616936 ], [ 76.64865425503281, 14.313220604400083 ], [ 76.648997023304858, 14.312804508770871 ], [ 76.649290986761613, 14.312422230837614 ], [ 76.649593433740463, 14.312118961204385 ], [ 76.649342061989216, 14.311837291842572 ] ] ] } },
{ "type": "Feature", "properties": { "KGISWardID": 2566, "KGISWardCode": "1301012", "KGISWardName": " ", "SHAPE.STArea()": 233361.96223962499, "SHAPE.STLength()": 2201.1821633774198, "OBJECTID": 17569, "KGISWardNo": "12", "KGISTownCode": "1301", "LGD_WardCode": 61466, "created_user": "SA", "created_date": 1634898537000, "last_edited_user": "SURESHBV1", "last_edited_date": 1692253993000, "_overlap_percent": 99.999999999999972, "_police_station": "Challakere PS", "_police_feature_index": "170", "_admin_layer": "Ward", "_geometry_clipped": true }, "geometry": { "type": "Polygon", "coordinates": [ [ [ 76.642305058323046, 14.312737010599935 ], [ 76.642578631629135, 14.312802823272476 ], [ 76.642926046561143, 14.312903546864444 ], [ 76.642791687716553, 14.313352601723373 ], [ 76.642678886196137, 14.313826885745284 ], [ 76.642468530241572, 14.314635083791606 ], [ 76.642785571213565, 14.314659080856664 ], [ 76.644466744595491, 14.315069358302202 ], [ 76.644576177944643, 14.315086942586055 ], [ 76.645470791931075, 14.315132022612724 ], [ 76.64572114754381, 14.315158985672875 ], [ 76.64576547800894, 14.315318691950845 ], [ 76.645853400346397, 14.31553556187613 ], [ 76.647614234160685, 14.315595314741685 ], [ 76.647681074755184, 14.315542378426573 ], [ 76.648155642291457, 14.315106407691101 ], [ 76.648083833023748, 14.315018505223193 ], [ 76.647310345936688, 14.314049361889037 ], [ 76.646586568346734, 14.313169548648295 ], [ 76.645473321772883, 14.31185001581245 ], [ 76.644691780580402, 14.31090130715368 ], [ 76.644650592926425, 14.310851309372264 ], [ 76.644183998380896, 14.310387277821471 ], [ 76.643755081561224, 14.309960716577841 ], [ 76.64345763621337, 14.309754495481746 ], [ 76.641652374957161, 14.311338703868872 ], [ 76.641256236566193, 14.311741732917028 ], [ 76.642305058323046, 14.312737010599935 ] ] ] } },
{ "type": "Feature", "properties": { "KGISWardID": 2586, "KGISWardCode": "1301022", "KGISWardName": " ", "SHAPE.STArea()": 18266.452725849998, "SHAPE.STLength()": 579.99349649772887, "OBJECTID": 17579, "KGISWardNo": "22", "KGISTownCode": "1301", "LGD_WardCode": 61476, "created_user": "SA", "created_date": 1634898537000, "last_edited_user": "SURESHBV1", "last_edited_date": 1692253993000, "_overlap_percent": 100.00000000000003, "_police_station": "Challakere PS", "_police_feature_index": "170", "_admin_layer": "Ward", "_geometry_clipped": true }, "geometry": { "type": "Polygon", "coordinates": [ [ [ 76.650084789823978, 14.313734886335569 ], [ 76.650104614713655, 14.313516293887158 ], [ 76.650118396910571, 14.313364329649444 ], [ 76.650237903188923, 14.312802948708043 ], [ 76.650297959088405, 14.312429468773308 ], [ 76.649794816846011, 14.312310521395853 ], [ 76.649723853018244, 14.312265098747128 ], [ 76.649593433740463, 14.312118961204385 ], [ 76.649290986761613, 14.312422230837614 ], [ 76.648997023304858, 14.312804508770871 ], [ 76.64865425503281, 14.313220604400083 ], [ 76.649197020035018, 14.313324452358366 ], [ 76.649134000012168, 14.313529341351112 ], [ 76.650084789823978, 14.313734886335569 ] ] ] } },
{ "type": "Feature", "properties": { "KGISWardID": 2567, "KGISWardCode": "1301013", "KGISWardName": " ", "SHAPE.STArea()": 211772.82991668, "SHAPE.STLength()": 2654.0183508020459, "OBJECTID": 17570, "KGISWardNo": "13", "KGISTownCode": "1301", "LGD_WardCode": 61467, "created_user": "SA", "created_date": 1634898537000, "last_edited_user": "SURESHBV1", "last_edited_date": 1692253993000, "_overlap_percent": 99.999999999999929, "_police_station": "Challakere PS", "_police_feature_index": "170", "_admin_layer": "Ward", "_geometry_clipped": true }, "geometry": { "type": "Polygon", "coordinates": [ [ [ 76.651593628357944, 14.314761560688677 ], [ 76.650938007694819, 14.314636615411201 ], [ 76.649999129615196, 14.314495824382767 ], [ 76.650050032572736, 14.314212326132026 ], [ 76.650055861235316, 14.31412591334176 ], [ 76.650074818148113, 14.313844830575368 ], [ 76.650084789823978, 14.313734886335569 ], [ 76.649134000012168, 14.313529341351112 ], [ 76.649197020035018, 14.313324452358366 ], [ 76.64865425503281, 14.313220604400083 ], [ 76.64851095125438, 14.313075721616936 ], [ 76.648033459138929, 14.312842282338538 ], [ 76.64753965025551, 14.312388943668525 ], [ 76.647244806407969, 14.312137777087258 ], [ 76.647529167510413, 14.31177800474063 ], [ 76.647527828720754, 14.31177681913818 ], [ 76.647548939131866, 14.311752990205751 ], [ 76.647924322539652, 14.311329263863865 ], [ 76.648181487736736, 14.311054547913624 ], [ 76.648019516164794, 14.310859285397006 ], [ 76.647315412242762, 14.310153912167243 ], [ 76.646811610278931, 14.309739326853052 ], [ 76.64677507717478, 14.309709263176867 ], [ 76.646262863095288, 14.309309889567428 ], [ 76.646131041898315, 14.309542610361467 ], [ 76.645970623349186, 14.309741013966137 ], [ 76.645718501082811, 14.309975925295516 ], [ 76.645382346559018, 14.310290334886595 ], [ 76.644691780580402, 14.31090130715368 ], [ 76.645473321772883, 14.31185001581245 ], [ 76.646586568346734, 14.313169548648295 ], [ 76.647310345936688, 14.314049361889037 ], [ 76.648083833023748, 14.315018505223193 ], [ 76.648155642291457, 14.315106407691101 ], [ 76.649055135929231, 14.316207479309305 ], [ 76.649413226022091, 14.316545771820779 ], [ 76.650362173933374, 14.317190845007564 ], [ 76.650756224293787, 14.317415292838483 ], [ 76.651087180690794, 14.317491033356264 ], [ 76.651102853707656, 14.317137411089105 ], [ 76.651358064784347, 14.315904850004767 ], [ 76.651400029982312, 14.315701174389865 ], [ 76.651593628357944, 14.314761560688677 ] ] ] } },
{ "type": "Feature", "properties": { "KGISWardID": 2590, "KGISWardCode": "1301025", "KGISWardName": " ", "SHAPE.STArea()": 97868.640878780003, "SHAPE.STLength()": 1280.7008741285151, "OBJECTID": 17582, "KGISWardNo": "25", "KGISTownCode": "1301", "LGD_WardCode": 1886522, "created_user": "SA", "created_date": 1634898537000, "last_edited_user": "SURESHBV1", "last_edited_date": 1692253993000, "_overlap_percent": 99.999999999999986, "_police_station": "Challakere PS", "_police_feature_index": "170", "_admin_layer": "Ward", "_geometry_clipped": true }, "geometry": { "type": "Polygon", "coordinates": [ [ [ 76.652615487458263, 14.315713071646694 ], [ 76.652982238027462, 14.315726064463771 ], [ 76.653202044990877, 14.315767580536516 ], [ 76.653410810426408, 14.315818744039428 ], [ 76.65364900511733, 14.315362250562746 ], [ 76.653681117705545, 14.315308004332454 ], [ 76.6543892336814, 14.314116000449573 ], [ 76.654447775882261, 14.314023684631749 ], [ 76.654418942593679, 14.313674596157556 ], [ 76.654412584594084, 14.313597617632709 ], [ 76.654475648246745, 14.312831924416594 ], [ 76.654502646987282, 14.312606872919684 ], [ 76.654020474318827, 14.312564706727565 ], [ 76.653344570610997, 14.312505463626364 ], [ 76.653263275102788, 14.312455809897338 ], [ 76.653082395166919, 14.312370977190454 ], [ 76.652075327231799, 14.312169067311872 ], [ 76.651926501132365, 14.313145976150716 ], [ 76.651895446017988, 14.31329670107505 ], [ 76.651593628357944, 14.314761560688677 ], [ 76.651400029982312, 14.315701174389865 ], [ 76.65155730629121, 14.315725611977532 ], [ 76.652573500443381, 14.315840508305978 ], [ 76.652615487458263, 14.315713071646694 ] ] ] } },
{ "type": "Feature", "properties": { "KGISWardID": 2587, "KGISWardCode": "1301024", "KGISWardName": " ", "SHAPE.STArea()": 84694.979294855002, "SHAPE.STLength()": 1275.1801821448744, "OBJECTID": 17581, "KGISWardNo": "24", "KGISTownCode": "1301", "LGD_WardCode": 1886521, "created_user": "SA", "created_date": 1634898537000, "last_edited_user": "SURESHBV1", "last_edited_date": 1692253993000, "_overlap_percent": 99.999999999999943, "_police_station": "Challakere PS", "_police_feature_index": "170", "_admin_layer": "Ward", "_geometry_clipped": true }, "geometry": { "type": "Polygon", "coordinates": [ [ [ 76.654662608366422, 14.317105696353712 ], [ 76.654868196700392, 14.316712668990226 ], [ 76.654926839049779, 14.316556929687639 ], [ 76.654998357766971, 14.316413113645638 ], [ 76.655138576239736, 14.316069207130401 ], [ 76.654922360070273, 14.316015710065344 ], [ 76.654760254477324, 14.315983360010325 ], [ 76.654463284377186, 14.315954339754581 ], [ 76.654016820964316, 14.315940708481138 ], [ 76.653587490488775, 14.315922173971918 ], [ 76.653457284110047, 14.315891991632519 ], [ 76.653410810426408, 14.315818744039428 ], [ 76.653202044990877, 14.315767580536516 ], [ 76.652982238027462, 14.315726064463771 ], [ 76.652615487458263, 14.315713071646694 ], [ 76.652573500443381, 14.315840508305978 ], [ 76.65155730629121, 14.315725611977532 ], [ 76.651400029982312, 14.315701174389865 ], [ 76.651358064784347, 14.315904850004767 ], [ 76.651102853707656, 14.317137411089105 ], [ 76.651087180690794, 14.317491033356264 ], [ 76.651066795539009, 14.317950975919418 ], [ 76.65179265362184, 14.317895650565415 ], [ 76.65199872837367, 14.317882730537375 ], [ 76.652254760551926, 14.317866678108471 ], [ 76.652743120114096, 14.317840323117345 ], [ 76.652958991246052, 14.317846473892185 ], [ 76.653029746537214, 14.317863199737809 ], [ 76.653112694551353, 14.317937234758253 ], [ 76.653161828572664, 14.317948371623856 ], [ 76.653238106582364, 14.317915317761647 ], [ 76.653398762723796, 14.31788358911103 ], [ 76.653404383460156, 14.317612840817734 ], [ 76.65424596437461, 14.317660788261135 ], [ 76.65453517009405, 14.31767972333485 ], [ 76.654536484907737, 14.317615752841446 ], [ 76.654540294003411, 14.317524431866214 ], [ 76.654552474996137, 14.31732247826435 ], [ 76.654662608366422, 14.317105696353712 ] ] ] } },
{ "type": "Feature", "properties": { "KGISWardID": 2563, "KGISWardCode": "1301010", "KGISWardName": " ", "SHAPE.STArea()": 902235.63673527003, "SHAPE.STLength()": 5326.6024242180983, "OBJECTID": 17567, "KGISWardNo": "10", "KGISTownCode": "1301", "LGD_WardCode": 61464, "created_user": "SA", "created_date": 1634898537000, "last_edited_user": "SURESHBV1", "last_edited_date": 1692253993000, "_overlap_percent": 100.00000000000004, "_police_station": "Challakere PS", "_police_feature_index": "170", "_admin_layer": "Ward", "_geometry_clipped": true }, "geometry": { "type": "Polygon", "coordinates": [ [ [ 76.639938522585282, 14.314491159123273 ], [ 76.639698267250367, 14.314459017885921 ], [ 76.639514040453022, 14.31441963499036 ], [ 76.639386375316136, 14.314401384134145 ], [ 76.63905293272019, 14.31441564165279 ], [ 76.638795480450881, 14.314424592312632 ], [ 76.638109044540755, 14.314462806377446 ], [ 76.63740288542671, 14.314486804885512 ], [ 76.636858342229431, 14.314476208426282 ], [ 76.636355543774997, 14.314472497974874 ], [ 76.636012376691312, 14.314498775261381 ], [ 76.635310282627884, 14.314637950715172 ], [ 76.63380139686997, 14.315006627061203 ], [ 76.631865890097657, 14.31559666613601 ], [ 76.631284529877604, 14.315729144867319 ], [ 76.629516297291133, 14.314883675120541 ], [ 76.628711798004247, 14.314535257006066 ], [ 76.628116254437288, 14.31433666856446 ], [ 76.626782776465475, 14.314012787320522 ], [ 76.626559037157364, 14.313935401773469 ], [ 76.6263010153354, 14.313865424543522 ], [ 76.62613618615957, 14.313794808332901 ], [ 76.626032942352495, 14.313762035227267 ], [ 76.625846368942717, 14.313737006174064 ], [ 76.625402306591923, 14.313716129221071 ], [ 76.624819428922038, 14.313490536684245 ], [ 76.624635187043651, 14.313448750401612 ], [ 76.624348149711594, 14.313436364117431 ], [ 76.624178785657847, 14.313383652094148 ], [ 76.624095909498038, 14.313460277988712 ], [ 76.624054752256569, 14.313498332312671 ], [ 76.624040240036607, 14.313511750713062 ], [ 76.624048240576712, 14.313585387343458 ], [ 76.624064104382299, 14.313808850202603 ], [ 76.624172076188714, 14.315327475372836 ], [ 76.624163110011636, 14.315410148112568 ], [ 76.624124540239762, 14.315595134441416 ], [ 76.623994128989963, 14.316271914261545 ], [ 76.623593895851329, 14.317950917904104 ], [ 76.623449940068994, 14.318550292735551 ], [ 76.623403611047408, 14.318743190161175 ], [ 76.6266994321537, 14.31945032035752 ], [ 76.629607264495107, 14.319588861019508 ], [ 76.632213921500394, 14.320163012234786 ], [ 76.636004000067558, 14.320285528537848 ], [ 76.636133082637087, 14.319279071918205 ], [ 76.638778149171316, 14.318880504559996 ], [ 76.638784768604111, 14.318872200422115 ], [ 76.639062002100516, 14.318469031951881 ], [ 76.639099977740571, 14.318413461583036 ], [ 76.639102751414029, 14.31840940314269 ], [ 76.638678986538537, 14.318044784873301 ], [ 76.638293057432861, 14.317670795765915 ], [ 76.638296152427614, 14.317252272327883 ], [ 76.638145131971086, 14.316763448246652 ], [ 76.637859767223944, 14.316684325214117 ], [ 76.637543710798738, 14.316644654013333 ], [ 76.637203888657638, 14.316709771296129 ], [ 76.637014424294946, 14.316332290669699 ], [ 76.637227333552957, 14.315750061107106 ], [ 76.637625372632542, 14.315718360177977 ], [ 76.637835756306927, 14.315703056587262 ], [ 76.638004962448136, 14.315690750078627 ], [ 76.638329738033462, 14.315667125555333 ], [ 76.639036828570823, 14.315738971607157 ], [ 76.639919418832889, 14.315919610656394 ], [ 76.640699570223887, 14.315916248729444 ], [ 76.640718340442945, 14.31591617784923 ], [ 76.640815258737362, 14.315915813088132 ], [ 76.64088813173467, 14.315921032938542 ], [ 76.641008717455492, 14.314524583182521 ], [ 76.639938522585282, 14.314491159123273 ] ] ] } },
{ "type": "Feature", "properties": { "KGISWardID": 2559, "KGISWardCode": "1301008", "KGISWardName": " ", "SHAPE.STArea()": 179212.24843353999, "SHAPE.STLength()": 2034.4011193541955, "OBJECTID": 17565, "KGISWardNo": "8", "KGISTownCode": "1301", "LGD_WardCode": 61462, "created_user": "SA", "created_date": 1634898537000, "last_edited_user": "SURESHBV1", "last_edited_date": 1692253993000, "_overlap_percent": 100.00000000000003, "_police_station": "Challakere PS", "_police_feature_index": "170", "_admin_layer": "Ward", "_geometry_clipped": true }, "geometry": { "type": "Polygon", "coordinates": [ [ [ 76.651049041052687, 14.318351571861294 ], [ 76.651066795539009, 14.317950975919418 ], [ 76.651087180690794, 14.317491033356264 ], [ 76.650756224293787, 14.317415292838483 ], [ 76.650362173933374, 14.317190845007564 ], [ 76.649413226022091, 14.316545771820779 ], [ 76.649055135929231, 14.316207479309305 ], [ 76.648155642291457, 14.315106407691101 ], [ 76.647681074755184, 14.315542378426573 ], [ 76.647614234160685, 14.315595314741685 ], [ 76.647570616897838, 14.315729792215432 ], [ 76.647521887818471, 14.316531247424813 ], [ 76.647518890914554, 14.316580544065184 ], [ 76.645889251260854, 14.316550494722618 ], [ 76.645692661642713, 14.316546150685124 ], [ 76.64549396213323, 14.31653135365263 ], [ 76.645473524763304, 14.31652983123184 ], [ 76.645380152221165, 14.317188962653308 ], [ 76.645267486940924, 14.317883258062475 ], [ 76.645245165308538, 14.318859116686243 ], [ 76.645248210618774, 14.319064507336186 ], [ 76.645250966332569, 14.319250375099228 ], [ 76.645252410778681, 14.31934774007699 ], [ 76.645252517191736, 14.319354966495299 ], [ 76.645254809343299, 14.319509520092739 ], [ 76.64526603216089, 14.319652280803819 ], [ 76.645316366200319, 14.320292572955012 ], [ 76.645440176217875, 14.320257311225111 ], [ 76.646139458128815, 14.319960711318187 ], [ 76.647127698437686, 14.319479993583954 ], [ 76.64729040742003, 14.31939692977183 ], [ 76.647374358051081, 14.319357971147062 ], [ 76.647589659255701, 14.319235952695209 ], [ 76.647674399037868, 14.31919501992564 ], [ 76.648177889543817, 14.318983927014411 ], [ 76.648400195106589, 14.318879330625936 ], [ 76.64873281117525, 14.318574747387407 ], [ 76.648815990238106, 14.318510430867105 ], [ 76.648943711024415, 14.318350087939812 ], [ 76.649138345624806, 14.318194165689652 ], [ 76.649506806328915, 14.318272915361472 ], [ 76.650002586355399, 14.318322083899201 ], [ 76.651047212603189, 14.318392838726483 ], [ 76.651049041052687, 14.318351571861294 ] ] ] } },
{ "type": "Feature", "properties": { "KGISWardID": 2551, "KGISWardCode": "1301003", "KGISWardName": " ", "SHAPE.STArea()": 86411.026477420004, "SHAPE.STLength()": 1709.5308813548197, "OBJECTID": 17560, "KGISWardNo": "3", "KGISTownCode": "1301", "LGD_WardCode": 61457, "created_user": "SA", "created_date": 1634898537000, "last_edited_user": "SURESHBV1", "last_edited_date": 1692253993000, "_overlap_percent": 99.999999999999972, "_police_station": "Challakere PS", "_police_feature_index": "170", "_admin_layer": "Ward", "_geometry_clipped": true }, "geometry": { "type": "Polygon", "coordinates": [ [ [ 76.656658377981842, 14.3192153782967 ], [ 76.656990719771599, 14.319138315049138 ], [ 76.657402694951301, 14.319042786080235 ], [ 76.657424933728919, 14.319032328010769 ], [ 76.657486037226093, 14.319003591502851 ], [ 76.657518604629132, 14.318988275509442 ], [ 76.657625160188374, 14.318938164087331 ], [ 76.657236128561649, 14.318730433680191 ], [ 76.656521270645896, 14.318238004368379 ], [ 76.656023212354796, 14.317877981734528 ], [ 76.655826245891461, 14.317774132214613 ], [ 76.65554631697799, 14.31772825471667 ], [ 76.654972271410912, 14.317708340948986 ], [ 76.65453517009405, 14.31767972333485 ], [ 76.65424596437461, 14.317660788261135 ], [ 76.653404383460156, 14.317612840817734 ], [ 76.653398762723796, 14.31788358911103 ], [ 76.653238106582364, 14.317915317761647 ], [ 76.653161828572664, 14.317948371623856 ], [ 76.653112694551353, 14.317937234758253 ], [ 76.653029746537214, 14.317863199737809 ], [ 76.652958991246052, 14.317846473892185 ], [ 76.652743120114096, 14.317840323117345 ], [ 76.652254760551926, 14.317866678108471 ], [ 76.65199872837367, 14.317882730537375 ], [ 76.65179265362184, 14.317895650565415 ], [ 76.651066795539009, 14.317950975919418 ], [ 76.651049041052687, 14.318351571861294 ], [ 76.651047212603189, 14.318392838726483 ], [ 76.65104570628209, 14.318426816561491 ], [ 76.651043905675905, 14.318467454157522 ], [ 76.651034692455553, 14.318694383062274 ], [ 76.651628267213468, 14.318698408213413 ], [ 76.652118758066138, 14.318694997130128 ], [ 76.652514062463567, 14.318671322396741 ], [ 76.652881755386915, 14.318644850143253 ], [ 76.653348108897376, 14.318614986312905 ], [ 76.653457841442858, 14.318607958850112 ], [ 76.654253984968349, 14.318657437844928 ], [ 76.654298128972414, 14.318657130402647 ], [ 76.654320048335862, 14.319016953903596 ], [ 76.654361374260716, 14.31969532358719 ], [ 76.654425341639765, 14.319681370998781 ], [ 76.655029582000509, 14.319640510514956 ], [ 76.655595925325471, 14.319574643962664 ], [ 76.655902243361481, 14.31954757970777 ], [ 76.656246472664279, 14.319449196075118 ], [ 76.656683933047205, 14.319336774905237 ], [ 76.656658377981842, 14.3192153782967 ] ] ] } },
{ "type": "Feature", "properties": { "KGISWardID": 2554, "KGISWardCode": "1301004", "KGISWardName": " ", "SHAPE.STArea()": 68598.870479175006, "SHAPE.STLength()": 1087.9094742040745, "OBJECTID": 17561, "KGISWardNo": "4", "KGISTownCode": "1301", "LGD_WardCode": 61458, "created_user": "SA", "created_date": 1634898537000, "last_edited_user": "SURESHBV1", "last_edited_date": 1692253993000, "_overlap_percent": 99.999999999999972, "_police_station": "Challakere PS", "_police_feature_index": "170", "_admin_layer": "Ward", "_geometry_clipped": true }, "geometry": { "type": "Polygon", "coordinates": [ [ [ 76.654320048335862, 14.319016953903596 ], [ 76.654298128972414, 14.318657130402647 ], [ 76.654253984968349, 14.318657437844928 ], [ 76.653457841442858, 14.318607958850112 ], [ 76.653348108897376, 14.318614986312905 ], [ 76.652881755386915, 14.318644850143253 ], [ 76.652514062463567, 14.318671322396741 ], [ 76.652118758066138, 14.318694997130128 ], [ 76.651628267213468, 14.318698408213413 ], [ 76.651034692455553, 14.318694383062274 ], [ 76.650966251386834, 14.320380145598943 ], [ 76.651702150064509, 14.320416731411257 ], [ 76.652652525992167, 14.320416098168884 ], [ 76.653253600566345, 14.320441807648612 ], [ 76.65347387105291, 14.32040065609065 ], [ 76.653486279091183, 14.320398338118173 ], [ 76.653585231811533, 14.320343829863308 ], [ 76.653678644130409, 14.320292373560429 ], [ 76.653810364762464, 14.320282654765538 ], [ 76.654389216933851, 14.320239944302523 ], [ 76.654363721860733, 14.320015758322723 ], [ 76.654361964368334, 14.319775870839194 ], [ 76.654361374260716, 14.31969532358719 ], [ 76.654320048335862, 14.319016953903596 ] ] ] } },
{ "type": "Feature", "properties": { "KGISWardID": 2599, "KGISWardCode": "1301030", "KGISWardName": " ", "SHAPE.STArea()": 1096150.7364868301, "SHAPE.STLength()": 7949.3017634538519, "OBJECTID": 17587, "KGISWardNo": "30", "KGISTownCode": "1301", "LGD_WardCode": 1886527, "created_user": "SA", "created_date": 1634898537000, "last_edited_user": "SURESHBV1", "last_edited_date": 1692253993000, "_overlap_percent": 100.00000000000004, "_police_station": "Challakere PS", "_police_feature_index": "170", "_admin_layer": "Ward", "_geometry_clipped": true }, "geometry": { "type": "Polygon", "coordinates": [ [ [ 76.63835715381812, 14.322204817126416 ], [ 76.63824357231934, 14.321611532407722 ], [ 76.638144275264622, 14.321181914720913 ], [ 76.638171918403259, 14.320946809155721 ], [ 76.63817419634772, 14.32092744022691 ], [ 76.638208155434228, 14.320638617824638 ], [ 76.639999053810939, 14.320363955738237 ], [ 76.640621175314436, 14.320288262313545 ], [ 76.640622585840148, 14.32028809078118 ], [ 76.640976736816199, 14.320244999898764 ], [ 76.641075949260809, 14.321077866458564 ], [ 76.641091555964891, 14.321208878925237 ], [ 76.641473693690315, 14.321101810144933 ], [ 76.641917017756867, 14.321004717450371 ], [ 76.642324423808006, 14.320915490876631 ], [ 76.64317032872944, 14.320685924976015 ], [ 76.643674496443282, 14.32053895058878 ], [ 76.644144659237355, 14.320437646974023 ], [ 76.644701975134481, 14.320365010927148 ], [ 76.645044252249505, 14.320341008671411 ], [ 76.645203444864691, 14.320324734024268 ], [ 76.645316366200319, 14.320292572955012 ], [ 76.64526603216089, 14.319652280803819 ], [ 76.645254809343299, 14.319509520092739 ], [ 76.645252517191736, 14.319354966495299 ], [ 76.645252410778681, 14.31934774007699 ], [ 76.645250966332569, 14.319250375099228 ], [ 76.645248210618774, 14.319064507336186 ], [ 76.645245165308538, 14.318859116686243 ], [ 76.645267486940924, 14.317883258062475 ], [ 76.645380152221165, 14.317188962653308 ], [ 76.645473524763304, 14.31652983123184 ], [ 76.64549396213323, 14.31653135365263 ], [ 76.645692661642713, 14.316546150685124 ], [ 76.645889251260854, 14.316550494722618 ], [ 76.647518890914554, 14.316580544065184 ], [ 76.647521887818471, 14.316531247424813 ], [ 76.647570616897838, 14.315729792215432 ], [ 76.647614234160685, 14.315595314741685 ], [ 76.645853400346397, 14.31553556187613 ], [ 76.64576547800894, 14.315318691950845 ], [ 76.64572114754381, 14.315158985672875 ], [ 76.645470791931075, 14.315132022612724 ], [ 76.644576177944643, 14.315086942586055 ], [ 76.644466744595491, 14.315069358302202 ], [ 76.642785571213565, 14.314659080856664 ], [ 76.642468530241572, 14.314635083791606 ], [ 76.641008717455492, 14.314524583182521 ], [ 76.64088813173467, 14.315921032938542 ], [ 76.640815258737362, 14.315915813088132 ], [ 76.640718340442945, 14.31591617784923 ], [ 76.640699570223887, 14.315916248729444 ], [ 76.639919418832889, 14.315919610656394 ], [ 76.639036828570823, 14.315738971607157 ], [ 76.638329738033462, 14.315667125555333 ], [ 76.638004962448136, 14.315690750078627 ], [ 76.637835756306927, 14.315703056587262 ], [ 76.637625372632542, 14.315718360177977 ], [ 76.637227333552957, 14.315750061107106 ], [ 76.637014424294946, 14.316332290669699 ], [ 76.637203888657638, 14.316709771296129 ], [ 76.637543710798738, 14.316644654013333 ], [ 76.637859767223944, 14.316684325214117 ], [ 76.638145131971086, 14.316763448246652 ], [ 76.638296152427614, 14.317252272327883 ], [ 76.638293057432861, 14.317670795765915 ], [ 76.638678986538537, 14.318044784873301 ], [ 76.639102751414029, 14.31840940314269 ], [ 76.639099977740571, 14.318413461583036 ], [ 76.639062002100516, 14.318469031951881 ], [ 76.638784768604111, 14.318872200422115 ], [ 76.638778149171316, 14.318880504559996 ], [ 76.636133082637087, 14.319279071918205 ], [ 76.636004000067558, 14.320285528537848 ], [ 76.632213921500394, 14.320163012234786 ], [ 76.629607264495107, 14.319588861019508 ], [ 76.6266994321537, 14.31945032035752 ], [ 76.623403611047408, 14.318743190161175 ], [ 76.623210169675559, 14.319548600666296 ], [ 76.623107246876287, 14.319977127579682 ], [ 76.622997882492641, 14.32043883743596 ], [ 76.622979884315257, 14.320514926738717 ], [ 76.623082109510378, 14.320542673382997 ], [ 76.623278597519544, 14.320596013739328 ], [ 76.623581832277878, 14.320678332117543 ], [ 76.626357394669782, 14.321695836107949 ], [ 76.627893359981002, 14.32244985194461 ], [ 76.628660840570092, 14.322826607456191 ], [ 76.62872367130241, 14.322877079701827 ], [ 76.628677992357339, 14.323016627890794 ], [ 76.628066927243992, 14.323461507925023 ], [ 76.627731523588139, 14.323705693730204 ], [ 76.626856102511994, 14.32434302739537 ], [ 76.626261207950762, 14.324709685238039 ], [ 76.627401620974709, 14.324496254982115 ], [ 76.629180734238105, 14.324500675428213 ], [ 76.630483803444662, 14.324397489979633 ], [ 76.631402863746075, 14.324142898197719 ], [ 76.632003497185536, 14.323976512251459 ], [ 76.634451300538871, 14.32337070428358 ], [ 76.634517824940147, 14.323349633169425 ], [ 76.635531323570802, 14.323041222571788 ], [ 76.635617776355872, 14.323018667174436 ], [ 76.636495988288672, 14.322900945034299 ], [ 76.636659962677086, 14.322865771455129 ], [ 76.637336599997283, 14.322720625309859 ], [ 76.637736383733042, 14.322634867110114 ], [ 76.638053386254157, 14.322448197842981 ], [ 76.638335456044729, 14.322282097669913 ], [ 76.638368383388425, 14.322262708002093 ], [ 76.63835715381812, 14.322204817126416 ] ] ] } },
{ "type": "Feature", "properties": { "KGISWardID": 2562, "KGISWardCode": "1301009", "KGISWardName": " ", "SHAPE.STArea()": 246104.75159882999, "SHAPE.STLength()": 3673.0622257015275, "OBJECTID": 17566, "KGISWardNo": "9", "KGISTownCode": "1301", "LGD_WardCode": 61463, "created_user": "SA", "created_date": 1634898537000, "last_edited_user": "SURESHBV1", "last_edited_date": 1692253993000, "_overlap_percent": 100.00000000000003, "_police_station": "Challakere PS", "_police_feature_index": "170", "_admin_layer": "Ward", "_geometry_clipped": true }, "geometry": { "type": "Polygon", "coordinates": [ [ [ 76.643912246917026, 14.321803098167793 ], [ 76.643915111914012, 14.321897271816685 ], [ 76.644236124533194, 14.321697557161182 ], [ 76.644755626253513, 14.321784937341308 ], [ 76.6447529681639, 14.321310993161532 ], [ 76.644778307662065, 14.321082045103964 ], [ 76.644793510487588, 14.320944685313171 ], [ 76.644808195783867, 14.320811996568947 ], [ 76.645073947251802, 14.320782462080205 ], [ 76.645771986254971, 14.320988072030007 ], [ 76.646037273443881, 14.321043627726581 ], [ 76.646193953872626, 14.321004278330815 ], [ 76.646456206181895, 14.320643746589349 ], [ 76.64678813901439, 14.320421433845661 ], [ 76.647189962023575, 14.320366035414636 ], [ 76.647524371191068, 14.320483287416193 ], [ 76.648259294184612, 14.321037782161627 ], [ 76.648446800455758, 14.321189532429285 ], [ 76.648662618321595, 14.321188034318247 ], [ 76.64881898387415, 14.321105639802051 ], [ 76.649117767309932, 14.321046171134334 ], [ 76.649402254937314, 14.321044196425156 ], [ 76.649671539387526, 14.320975365662862 ], [ 76.65061539900708, 14.320586179646261 ], [ 76.650806657629261, 14.32058006718553 ], [ 76.650957072239123, 14.320581425865553 ], [ 76.650960771547815, 14.320515091444378 ], [ 76.650966251386834, 14.320380145598943 ], [ 76.651034692455553, 14.318694383062274 ], [ 76.651043905675905, 14.318467454157522 ], [ 76.65104570628209, 14.318426816561491 ], [ 76.651047212603189, 14.318392838726483 ], [ 76.650002586355399, 14.318322083899201 ], [ 76.649506806328915, 14.318272915361472 ], [ 76.649138345624806, 14.318194165689652 ], [ 76.648943711024415, 14.318350087939812 ], [ 76.648815990238106, 14.318510430867105 ], [ 76.64873281117525, 14.318574747387407 ], [ 76.648400195106589, 14.318879330625936 ], [ 76.648177889543817, 14.318983927014411 ], [ 76.647674399037868, 14.31919501992564 ], [ 76.647589659255701, 14.319235952695209 ], [ 76.647374358051081, 14.319357971147062 ], [ 76.64729040742003, 14.31939692977183 ], [ 76.647127698437686, 14.319479993583954 ], [ 76.646139458128815, 14.319960711318187 ], [ 76.645440176217875, 14.320257311225111 ], [ 76.645316366200319, 14.320292572955012 ], [ 76.645203444864691, 14.320324734024268 ], [ 76.645044252249505, 14.320341008671411 ], [ 76.644701975134481, 14.320365010927148 ], [ 76.644144659237355, 14.320437646974023 ], [ 76.643674496443282, 14.32053895058878 ], [ 76.64317032872944, 14.320685924976015 ], [ 76.642324423808006, 14.320915490876631 ], [ 76.641917017756867, 14.321004717450371 ], [ 76.641473693690315, 14.321101810144933 ], [ 76.641091555964891, 14.321208878925237 ], [ 76.641075949260809, 14.321077866458564 ], [ 76.640976736816199, 14.320244999898764 ], [ 76.640622585840148, 14.32028809078118 ], [ 76.640621175314436, 14.320288262313545 ], [ 76.639999053810939, 14.320363955738237 ], [ 76.638208155434228, 14.320638617824638 ], [ 76.63817419634772, 14.32092744022691 ], [ 76.638171918403259, 14.320946809155721 ], [ 76.638144275264622, 14.321181914720913 ], [ 76.63824357231934, 14.321611532407722 ], [ 76.63835715381812, 14.322204817126416 ], [ 76.638368383388425, 14.322262708002093 ], [ 76.638381940554197, 14.322258382648808 ], [ 76.638579184834683, 14.322195456083893 ], [ 76.638604040706937, 14.322187526843527 ], [ 76.639394075426068, 14.321935479959315 ], [ 76.639499494311934, 14.321901847595479 ], [ 76.639899264084789, 14.32171753225383 ], [ 76.639978826365265, 14.321676197587047 ], [ 76.640111691943218, 14.322122777093613 ], [ 76.640430336894113, 14.322939643301099 ], [ 76.64217801725097, 14.322368283774729 ], [ 76.642239659155877, 14.322348131031804 ], [ 76.642390060386148, 14.322299121907401 ], [ 76.642431029202129, 14.322285771640603 ], [ 76.643912246917026, 14.321803098167793 ] ] ] } },
{ "type": "Feature", "properties": { "KGISWardID": 2550, "KGISWardCode": "1301002", "KGISWardName": " ", "SHAPE.STArea()": 258002.91508154501, "SHAPE.STLength()": 2313.8848292441653, "OBJECTID": 17559, "KGISWardNo": "2", "KGISTownCode": "1301", "LGD_WardCode": 61456, "created_user": "SA", "created_date": 1634898537000, "last_edited_user": "SURESHBV1", "last_edited_date": 1692253993000, "_overlap_percent": 100.00000000000004, "_police_station": "Challakere PS", "_police_feature_index": "170", "_admin_layer": "Ward", "_geometry_clipped": true }, "geometry": { "type": "Polygon", "coordinates": [ [ [ 76.651097996237212, 14.325074624032913 ], [ 76.651382015644273, 14.325007737465896 ], [ 76.651425013824536, 14.324999259523141 ], [ 76.651498215871385, 14.324984825754715 ], [ 76.651730715272876, 14.324938981595594 ], [ 76.653134175144515, 14.324662246091082 ], [ 76.653266948183401, 14.3244119857612 ], [ 76.653299318696313, 14.324350906442273 ], [ 76.653360528300254, 14.324212984060127 ], [ 76.653543430719111, 14.323926633004897 ], [ 76.653813962362207, 14.32350258754253 ], [ 76.654013125845424, 14.323222848464978 ], [ 76.654311940993864, 14.323099304026458 ], [ 76.655081343842312, 14.322740195063203 ], [ 76.655231097247395, 14.322670299293268 ], [ 76.655375344646941, 14.322602973481295 ], [ 76.655496378222367, 14.322574511938853 ], [ 76.65550408104103, 14.32257396383762 ], [ 76.655627412288183, 14.322565187256588 ], [ 76.655736331558771, 14.322524891093469 ], [ 76.65604118677966, 14.322412107068621 ], [ 76.656775500096714, 14.322271398024961 ], [ 76.656773073502109, 14.322248941838941 ], [ 76.656756418182269, 14.322117503901714 ], [ 76.656728409149252, 14.321896468719643 ], [ 76.656715258031198, 14.321792217379036 ], [ 76.656670339339271, 14.321344909506497 ], [ 76.656645333067189, 14.321096719106706 ], [ 76.65677653237266, 14.321098423209827 ], [ 76.656869943149232, 14.321099637072724 ], [ 76.656963842884409, 14.321090049292618 ], [ 76.657044895426438, 14.32105148447628 ], [ 76.656683933047205, 14.319336774905237 ], [ 76.656246472664279, 14.319449196075118 ], [ 76.655902243361481, 14.31954757970777 ], [ 76.655595925325471, 14.319574643962664 ], [ 76.655029582000509, 14.319640510514956 ], [ 76.654425341639765, 14.319681370998781 ], [ 76.654361374260716, 14.31969532358719 ], [ 76.654361964368334, 14.319775870839194 ], [ 76.654363721860733, 14.320015758322723 ], [ 76.654389216933851, 14.320239944302523 ], [ 76.653810364762464, 14.320282654765538 ], [ 76.653678644130409, 14.320292373560429 ], [ 76.653585231811533, 14.320343829863308 ], [ 76.653486279091183, 14.320398338118173 ], [ 76.65347387105291, 14.32040065609065 ], [ 76.653253600566345, 14.320441807648612 ], [ 76.652652525992167, 14.320416098168884 ], [ 76.651702150064509, 14.320416731411257 ], [ 76.650966251386834, 14.320380145598943 ], [ 76.650960771547815, 14.320515091444378 ], [ 76.650957072239123, 14.320581425865553 ], [ 76.650856691651441, 14.322381127407114 ], [ 76.65082079114687, 14.324179727957633 ], [ 76.650922599737925, 14.324686002332276 ], [ 76.65105700797217, 14.325084276496773 ], [ 76.65108003443487, 14.325078854196162 ], [ 76.651097996237212, 14.325074624032913 ] ] ] } },
{ "type": "Feature", "properties": { "KGISWardID": 2558, "KGISWardCode": "1301006", "KGISWardName": " ", "SHAPE.STArea()": 420455.41210478498, "SHAPE.STLength()": 3058.0307924982744, "OBJECTID": 17563, "KGISWardNo": "6", "KGISTownCode": "1301", "LGD_WardCode": 61460, "created_user": "SA", "created_date": 1634898537000, "last_edited_user": "SURESHBV1", "last_edited_date": 1692253993000, "_overlap_percent": 100.0, "_police_station": "Challakere PS", "_police_feature_index": "170", "_admin_layer": "Ward", "_geometry_clipped": true }, "geometry": { "type": "Polygon", "coordinates": [ [ [ 76.651451211195536, 14.326237978208114 ], [ 76.651436517923145, 14.326196858828453 ], [ 76.651404317828721, 14.326106742754838 ], [ 76.651363830459985, 14.325993434751496 ], [ 76.651261775182817, 14.32569103252877 ], [ 76.651235463682951, 14.325643776392118 ], [ 76.651234499131959, 14.32563978178516 ], [ 76.651209375157705, 14.32553576233857 ], [ 76.65105700797217, 14.325084276496773 ], [ 76.650922599737925, 14.324686002332276 ], [ 76.65082079114687, 14.324179727957633 ], [ 76.650856691651441, 14.322381127407114 ], [ 76.650957072239123, 14.320581425865553 ], [ 76.650806657629261, 14.32058006718553 ], [ 76.65061539900708, 14.320586179646261 ], [ 76.649671539387526, 14.320975365662862 ], [ 76.649402254937314, 14.321044196425156 ], [ 76.649117767309932, 14.321046171134334 ], [ 76.64881898387415, 14.321105639802051 ], [ 76.648662618321595, 14.321188034318247 ], [ 76.648446800455758, 14.321189532429285 ], [ 76.648259294184612, 14.321037782161627 ], [ 76.647524371191068, 14.320483287416193 ], [ 76.647189962023575, 14.320366035414636 ], [ 76.64678813901439, 14.320421433845661 ], [ 76.646456206181895, 14.320643746589349 ], [ 76.646193953872626, 14.321004278330815 ], [ 76.646037273443881, 14.321043627726581 ], [ 76.645771986254971, 14.320988072030007 ], [ 76.645073947251802, 14.320782462080205 ], [ 76.644808195783867, 14.320811996568947 ], [ 76.644793510487588, 14.320944685313171 ], [ 76.644778307662065, 14.321082045103964 ], [ 76.6447529681639, 14.321310993161532 ], [ 76.644755626253513, 14.321784937341308 ], [ 76.644767167081568, 14.323842385790291 ], [ 76.644358101205313, 14.323775141923859 ], [ 76.64439714278997, 14.324408486837855 ], [ 76.644413726717417, 14.32467752205593 ], [ 76.644473792705767, 14.324681364976108 ], [ 76.645105994064934, 14.32472181362083 ], [ 76.645480587121497, 14.32475229145393 ], [ 76.645544788267046, 14.32475751544113 ], [ 76.6459430231927, 14.324780622319798 ], [ 76.647043549540598, 14.324852650265825 ], [ 76.646983550350868, 14.325230214876845 ], [ 76.646941520359292, 14.325678119513702 ], [ 76.646918514217674, 14.325923295273954 ], [ 76.646892438259698, 14.326201175369967 ], [ 76.646880605724604, 14.326327270645486 ], [ 76.646865978732563, 14.326483152543124 ], [ 76.646861574089669, 14.326530089048012 ], [ 76.646854160058211, 14.326643037070415 ], [ 76.646993193100471, 14.326633395671504 ], [ 76.647144876441956, 14.326622692983396 ], [ 76.648088300790775, 14.326556123997335 ], [ 76.648071074603664, 14.326680291748179 ], [ 76.648002465483032, 14.326997458038491 ], [ 76.647902952365115, 14.327457486329852 ], [ 76.647878068695604, 14.327538181683856 ], [ 76.647973052805312, 14.327552218845909 ], [ 76.648774890821613, 14.327705853437667 ], [ 76.649166448758308, 14.327763943334226 ], [ 76.64926350916943, 14.327787708073465 ], [ 76.649343620403101, 14.32777988729476 ], [ 76.649629729075542, 14.327765558210759 ], [ 76.649813180929414, 14.327756370179562 ], [ 76.649896505337281, 14.327748458194081 ], [ 76.65008440494141, 14.327568119712899 ], [ 76.650176997771609, 14.327479253711793 ], [ 76.650552981734307, 14.327118398731846 ], [ 76.650729847749673, 14.326948649151772 ], [ 76.650801688596388, 14.326879699728499 ], [ 76.651480202795568, 14.326480596772255 ], [ 76.651527883962231, 14.326452550538166 ], [ 76.651451211195536, 14.326237978208114 ] ] ] } },
{ "type": "Feature", "properties": { "KGISWardID": 2603, "KGISWardCode": "1301007", "KGISWardName": " ", "SHAPE.STArea()": 2344343.978077855, "SHAPE.STLength()": 7855.0049096573148, "OBJECTID": 17564, "KGISWardNo": "7", "KGISTownCode": "1301", "LGD_WardCode": 61461, "created_user": "SA", "created_date": 1634898537000, "last_edited_user": "SURESHBV1", "last_edited_date": 1692253993000, "_overlap_percent": 100.0, "_police_station": "Challakere PS", "_police_feature_index": "170", "_admin_layer": "Ward", "_geometry_clipped": true }, "geometry": { "type": "Polygon", "coordinates": [ [ [ 76.641448579325512, 14.334384204886831 ], [ 76.642199215874996, 14.33439694624532 ], [ 76.642651667198393, 14.333375064920141 ], [ 76.642899953493441, 14.333115071146 ], [ 76.643358268587008, 14.331888681161887 ], [ 76.643535059819285, 14.331410366238167 ], [ 76.643542907810001, 14.331332979714599 ], [ 76.643559087320625, 14.331173448183639 ], [ 76.643576040976626, 14.330837420856126 ], [ 76.644495518062698, 14.329209579396617 ], [ 76.644306424516003, 14.32749918561397 ], [ 76.645877403839577, 14.326978118976147 ], [ 76.646218253293668, 14.326781207467057 ], [ 76.646854160058211, 14.326643037070415 ], [ 76.646861574089669, 14.326530089048012 ], [ 76.646865978732563, 14.326483152543124 ], [ 76.646880605724604, 14.326327270645486 ], [ 76.646892438259698, 14.326201175369967 ], [ 76.646918514217674, 14.325923295273954 ], [ 76.646941520359292, 14.325678119513702 ], [ 76.646983550350868, 14.325230214876845 ], [ 76.647043549540598, 14.324852650265825 ], [ 76.6459430231927, 14.324780622319798 ], [ 76.645544788267046, 14.32475751544113 ], [ 76.645480587121497, 14.32475229145393 ], [ 76.645105994064934, 14.32472181362083 ], [ 76.644473792705767, 14.324681364976108 ], [ 76.644413726717417, 14.32467752205593 ], [ 76.64439714278997, 14.324408486837855 ], [ 76.644358101205313, 14.323775141923859 ], [ 76.644767167081568, 14.323842385790291 ], [ 76.644755626253513, 14.321784937341308 ], [ 76.644236124533194, 14.321697557161182 ], [ 76.643915111914012, 14.321897271816685 ], [ 76.643912246917026, 14.321803098167793 ], [ 76.642431029202129, 14.322285771640603 ], [ 76.642390060386148, 14.322299121907401 ], [ 76.642239659155877, 14.322348131031804 ], [ 76.64217801725097, 14.322368283774729 ], [ 76.640430336894113, 14.322939643301099 ], [ 76.640111691943218, 14.322122777093613 ], [ 76.639978826365265, 14.321676197587047 ], [ 76.639899264084789, 14.32171753225383 ], [ 76.639499494311934, 14.321901847595479 ], [ 76.639394075426068, 14.321935479959315 ], [ 76.638604040706937, 14.322187526843527 ], [ 76.638579184834683, 14.322195456083893 ], [ 76.638381940554197, 14.322258382648808 ], [ 76.638368383388425, 14.322262708002093 ], [ 76.638335456044729, 14.322282097669913 ], [ 76.638053386254157, 14.322448197842981 ], [ 76.637736383733042, 14.322634867110114 ], [ 76.637336599997283, 14.322720625309859 ], [ 76.636659962677086, 14.322865771455129 ], [ 76.636495988288672, 14.322900945034299 ], [ 76.635617776355872, 14.323018667174436 ], [ 76.635531323570802, 14.323041222571788 ], [ 76.634517824940147, 14.323349633169425 ], [ 76.634451300538871, 14.32337070428358 ], [ 76.632003497185536, 14.323976512251459 ], [ 76.631402863746075, 14.324142898197719 ], [ 76.630483803444662, 14.324397489979633 ], [ 76.629180734238105, 14.324500675428213 ], [ 76.627401620974709, 14.324496254982115 ], [ 76.626261207950762, 14.324709685238039 ], [ 76.626289794656969, 14.325071259520495 ], [ 76.62633385718587, 14.325628581066987 ], [ 76.626392318301185, 14.326332958484878 ], [ 76.626583765851066, 14.327587337691195 ], [ 76.626656550393861, 14.32806422438831 ], [ 76.626757005352871, 14.328722399723107 ], [ 76.625588461474166, 14.32954139286297 ], [ 76.625613835643108, 14.329541135029613 ], [ 76.628740751205427, 14.32955328854686 ], [ 76.629069846119592, 14.32954694474404 ], [ 76.629269674150606, 14.329542933967714 ], [ 76.629658810147362, 14.329534873868704 ], [ 76.631472654102168, 14.329507911520274 ], [ 76.632257047957921, 14.329542425723131 ], [ 76.631722817298879, 14.331414538605275 ], [ 76.630875706770141, 14.334383026929929 ], [ 76.634272946907075, 14.334644597907955 ], [ 76.634027542638663, 14.335608952085792 ], [ 76.633851818772001, 14.336316264053144 ], [ 76.633846659919257, 14.336336882043982 ], [ 76.633974313839474, 14.336361586418771 ], [ 76.635274812846745, 14.336610332961742 ], [ 76.637749306713829, 14.3370619264231 ], [ 76.641230045570538, 14.337705651505505 ], [ 76.641485477918195, 14.335915661678095 ], [ 76.641532070744262, 14.335012826695239 ], [ 76.641540293602148, 14.334853486704088 ], [ 76.641448579325512, 14.334384204886831 ] ] ] } },
{ "type": "Feature", "properties": { "KGISWardID": 2547, "KGISWardCode": "1301001", "KGISWardName": " ", "SHAPE.STArea()": 9885779.5543034151, "SHAPE.STLength()": 12989.599007366642, "OBJECTID": 17558, "KGISWardNo": "1", "KGISTownCode": "1301", "LGD_WardCode": 61455, "created_user": "SA", "created_date": 1634898537000, "last_edited_user": "SURESHBV1", "last_edited_date": 1692253993000, "_overlap_percent": 99.999999999999972, "_police_station": "Challakere PS", "_police_feature_index": "170", "_admin_layer": "Ward", "_geometry_clipped": true }, "geometry": { "type": "Polygon", "coordinates": [ [ [ 76.674442735904819, 14.311740438383886 ], [ 76.671811590314903, 14.312452470978611 ], [ 76.670489923064295, 14.312814499130711 ], [ 76.66888653394345, 14.313311453674556 ], [ 76.668397828767525, 14.313462920693725 ], [ 76.666995678567361, 14.31394037615482 ], [ 76.666266473832565, 14.314188677854222 ], [ 76.665912522614519, 14.314300633672508 ], [ 76.664416788078114, 14.315007017318093 ], [ 76.663178387541009, 14.315690067933472 ], [ 76.662520250167006, 14.316239916611851 ], [ 76.661745819636991, 14.316984282824549 ], [ 76.66094216497828, 14.31775754734603 ], [ 76.660050691714162, 14.318595991972037 ], [ 76.659538982674349, 14.319049153368869 ], [ 76.659328775151664, 14.319146279047205 ], [ 76.659103255421556, 14.319162202901115 ], [ 76.658829067677175, 14.31911477910157 ], [ 76.65865140692587, 14.31908405004318 ], [ 76.658445501854601, 14.319047006786899 ], [ 76.658165154824488, 14.318996571117696 ], [ 76.658098593323302, 14.318989552877113 ], [ 76.657924363262239, 14.318971181930687 ], [ 76.657782257617541, 14.318956198395398 ], [ 76.657625160188374, 14.318938164087331 ], [ 76.657518604629132, 14.318988275509442 ], [ 76.657486037226093, 14.319003591502851 ], [ 76.657424933728919, 14.319032328010769 ], [ 76.657402694951301, 14.319042786080235 ], [ 76.656990719771599, 14.319138315049138 ], [ 76.656658377981842, 14.3192153782967 ], [ 76.656683933047205, 14.319336774905237 ], [ 76.657044895426438, 14.32105148447628 ], [ 76.656963842884409, 14.321090049292618 ], [ 76.656869943149232, 14.321099637072724 ], [ 76.65677653237266, 14.321098423209827 ], [ 76.656645333067189, 14.321096719106706 ], [ 76.656670339339271, 14.321344909506497 ], [ 76.656715258031198, 14.321792217379036 ], [ 76.656728409149252, 14.321896468719643 ], [ 76.656756418182269, 14.322117503901714 ], [ 76.656773073502109, 14.322248941838941 ], [ 76.656775500096714, 14.322271398024961 ], [ 76.65604118677966, 14.322412107068621 ], [ 76.655736331558771, 14.322524891093469 ], [ 76.655627412288183, 14.322565187256588 ], [ 76.65550408104103, 14.32257396383762 ], [ 76.655496378222367, 14.322574511938853 ], [ 76.655375344646941, 14.322602973481295 ], [ 76.655231097247395, 14.322670299293268 ], [ 76.655081343842312, 14.322740195063203 ], [ 76.654311940993864, 14.323099304026458 ], [ 76.654013125845424, 14.323222848464978 ], [ 76.653813962362207, 14.32350258754253 ], [ 76.653543430719111, 14.323926633004897 ], [ 76.653360528300254, 14.324212984060127 ], [ 76.653299318696313, 14.324350906442273 ], [ 76.653266948183401, 14.3244119857612 ], [ 76.653134175144515, 14.324662246091082 ], [ 76.651730715272876, 14.324938981595594 ], [ 76.651498215871385, 14.324984825754715 ], [ 76.651425013824536, 14.324999259523141 ], [ 76.651382015644273, 14.325007737465896 ], [ 76.651097996237212, 14.325074624032913 ], [ 76.65108003443487, 14.325078854196162 ], [ 76.65105700797217, 14.325084276496773 ], [ 76.651209375157705, 14.32553576233857 ], [ 76.651234499131959, 14.32563978178516 ], [ 76.651235463682951, 14.325643776392118 ], [ 76.651261775182817, 14.32569103252877 ], [ 76.651363830459985, 14.325993434751496 ], [ 76.651404317828721, 14.326106742754838 ], [ 76.651436517923145, 14.326196858828453 ], [ 76.651451211195536, 14.326237978208114 ], [ 76.651527883962231, 14.326452550538166 ], [ 76.652004840605628, 14.327787324861299 ], [ 76.652636121540141, 14.329590845977801 ], [ 76.652736079446029, 14.329912866106611 ], [ 76.652458737891607, 14.329915647602405 ], [ 76.652550355745475, 14.330248713891166 ], [ 76.652830866480414, 14.331268479638791 ], [ 76.652970724402167, 14.331776912104131 ], [ 76.653034290285774, 14.331973512424554 ], [ 76.652990421598048, 14.332334517958961 ], [ 76.652972407579227, 14.332482759689563 ], [ 76.65292964211838, 14.3328346811494 ], [ 76.652948919974932, 14.333137017705157 ], [ 76.652969670557624, 14.333462451620226 ], [ 76.653338271785728, 14.339243081086989 ], [ 76.653546117544053, 14.342502395217299 ], [ 76.653681865106705, 14.344631006352508 ], [ 76.653722679922993, 14.34527099919146 ], [ 76.653730721751828, 14.345561420474109 ], [ 76.65376272174467, 14.346300854744168 ], [ 76.653873120528459, 14.348851771363442 ], [ 76.653902677649725, 14.349534706116348 ], [ 76.653923767104587, 14.350021995778125 ], [ 76.653924388430227, 14.35008466375939 ], [ 76.653925491073011, 14.350195851071291 ], [ 76.653926360442782, 14.350275637871796 ], [ 76.653928365349415, 14.350352373517264 ], [ 76.654067394812799, 14.350355900053311 ], [ 76.654296018711747, 14.350374315693626 ], [ 76.655966156178096, 14.3505308589931 ], [ 76.656108083001953, 14.350549926389876 ], [ 76.657323520741571, 14.350713209963123 ], [ 76.659317338397059, 14.350988529596455 ], [ 76.66001047326624, 14.351038441874088 ], [ 76.660649109200534, 14.351070961743391 ], [ 76.660774463854551, 14.351077701040689 ], [ 76.661560765663694, 14.351144861861881 ], [ 76.662347472196828, 14.35121256852614 ], [ 76.663135715037768, 14.35127285570872 ], [ 76.663876199568548, 14.351341730212036 ], [ 76.663926405163394, 14.351312632164635 ], [ 76.664702779773023, 14.350870301686117 ], [ 76.66546114926615, 14.350462359880769 ], [ 76.666226142117054, 14.35003893274436 ], [ 76.666269096805749, 14.349972658036089 ], [ 76.666240996654054, 14.349872190843959 ], [ 76.66757125065115, 14.347694917387152 ], [ 76.6683068016563, 14.346427098591725 ], [ 76.668845576027323, 14.345514515498136 ], [ 76.669123965500361, 14.345412847687221 ], [ 76.672814155951784, 14.344065148776625 ], [ 76.672984466128113, 14.344027864500937 ], [ 76.673882561936026, 14.343827539073571 ], [ 76.673978038491796, 14.343567447877476 ], [ 76.678125081250101, 14.342702269139407 ], [ 76.678223697566736, 14.342548239943476 ], [ 76.678270813005255, 14.342474558816088 ], [ 76.678382748316807, 14.342299284764524 ], [ 76.678732918762321, 14.341718693383589 ], [ 76.679085428576258, 14.341153202561744 ], [ 76.679436841241653, 14.340587374779494 ], [ 76.679795567229291, 14.340027986154354 ], [ 76.680143604291885, 14.339448383657478 ], [ 76.680507574270464, 14.338879840186697 ], [ 76.68053607343036, 14.338828903562398 ], [ 76.680838042038957, 14.338288833988319 ], [ 76.680803766238128, 14.338184611189206 ], [ 76.679382467430628, 14.336188081998349 ], [ 76.679345464928531, 14.336136207296677 ], [ 76.679590718009578, 14.334054646826326 ], [ 76.679690246600686, 14.333141752266402 ], [ 76.679698829379291, 14.333095390038187 ], [ 76.679714544422851, 14.332909946355375 ], [ 76.679760797526981, 14.332297312912639 ], [ 76.679824275309514, 14.331588337446286 ], [ 76.679819813351898, 14.331356340110244 ], [ 76.679813790477041, 14.331079035702734 ], [ 76.679802188316643, 14.330544890992051 ], [ 76.679795109558668, 14.330268929898276 ], [ 76.679776694968226, 14.329667877506184 ], [ 76.679771412545222, 14.329567202733671 ], [ 76.679715168336571, 14.328609904269523 ], [ 76.679622564071281, 14.327604261185058 ], [ 76.679614225366052, 14.327161769743501 ], [ 76.679583991142835, 14.326060012746654 ], [ 76.679544751059638, 14.325634178736903 ], [ 76.679511871714297, 14.325633361978197 ], [ 76.679487773698014, 14.325490537173962 ], [ 76.679419926979449, 14.324765713507913 ], [ 76.679377896160901, 14.324378943759761 ], [ 76.67935867432216, 14.324220795192314 ], [ 76.67933517180829, 14.324037603683765 ], [ 76.679262823115536, 14.323515747297556 ], [ 76.679229245517192, 14.323399833263435 ], [ 76.67901465051817, 14.322675576902451 ], [ 76.678787384682408, 14.321962165348452 ], [ 76.678740399793966, 14.321812921326849 ], [ 76.678121335057753, 14.320309633752659 ], [ 76.678108097414551, 14.32027772527076 ], [ 76.677823774761123, 14.318985077076666 ], [ 76.677657537774977, 14.318229285482102 ], [ 76.67763648507038, 14.318133833912821 ], [ 76.677254800357318, 14.316433706003505 ], [ 76.676940099360394, 14.315029916605447 ], [ 76.676900527093338, 14.31485339607149 ], [ 76.676120447460036, 14.311692892058424 ], [ 76.676063940512947, 14.311463948956089 ], [ 76.676034921608121, 14.311354495910365 ], [ 76.676021845670689, 14.311302397115361 ], [ 76.674442735904819, 14.311740438383886 ] ] ] } },
{ "type": "Feature", "properties": { "KGISWardID": 2602, "KGISWardCode": "1301031", "KGISWardName": " ", "SHAPE.STArea()": 2708756.8876388199, "SHAPE.STLength()": 8259.7177536475829, "OBJECTID": 17588, "KGISWardNo": "31", "KGISTownCode": "1301", "LGD_WardCode": 1886528, "created_user": "SA", "created_date": 1634898537000, "last_edited_user": "SURESHBV1", "last_edited_date": 1692253993000, "_overlap_percent": 99.999999999999972, "_police_station": "Challakere PS", "_police_feature_index": "170", "_admin_layer": "Ward", "_geometry_clipped": true }, "geometry": { "type": "Polygon", "coordinates": [ [ [ 76.636658086205443, 14.34534460138017 ], [ 76.636595262149967, 14.346256311674356 ], [ 76.636558100416281, 14.346795607705955 ], [ 76.636514213177549, 14.347432509681362 ], [ 76.63644220524894, 14.348477507757273 ], [ 76.636422097297867, 14.348769162785795 ], [ 76.636348060721758, 14.349836372411241 ], [ 76.639728679841184, 14.349871458244522 ], [ 76.639645753251088, 14.352711542007096 ], [ 76.639642751322697, 14.352825419383667 ], [ 76.641003341228014, 14.35282939888493 ], [ 76.641097374418052, 14.35283017046229 ], [ 76.641359872590144, 14.352365291872866 ], [ 76.641628111586201, 14.351811014634517 ], [ 76.641896741482995, 14.351310540412612 ], [ 76.642133329020965, 14.350957361686419 ], [ 76.642501217777266, 14.350445438148393 ], [ 76.642936795295753, 14.349865478128443 ], [ 76.643029438122625, 14.349742125512686 ], [ 76.643500307649447, 14.349141005124272 ], [ 76.644443828003119, 14.347998892578953 ], [ 76.644850581501672, 14.347536917028826 ], [ 76.645116975786507, 14.347202181928118 ], [ 76.645388585523207, 14.346775579816025 ], [ 76.645698656747527, 14.346241575160764 ], [ 76.646077025092907, 14.345655440518902 ], [ 76.646404473604662, 14.345083051245455 ], [ 76.646569125086131, 14.344786297674135 ], [ 76.646691118985416, 14.344566426562679 ], [ 76.646884752374163, 14.344211151054132 ], [ 76.647215757611704, 14.343588994166323 ], [ 76.647635818093036, 14.342801688899158 ], [ 76.647654379730412, 14.342766439289248 ], [ 76.648086768286376, 14.341945295602613 ], [ 76.648318829260688, 14.341478790108603 ], [ 76.648341754171483, 14.34143159928945 ], [ 76.64863390924333, 14.34083019668928 ], [ 76.648662933060294, 14.340770450649615 ], [ 76.649089909516775, 14.339856827770648 ], [ 76.649504957752498, 14.338965939466558 ], [ 76.649533731911617, 14.338906339709624 ], [ 76.649827257882777, 14.33829836202076 ], [ 76.650200599276815, 14.337525057430957 ], [ 76.650939716845073, 14.335963099178324 ], [ 76.651288223085956, 14.335322164160797 ], [ 76.652266351949805, 14.334246389569534 ], [ 76.652969670557624, 14.333462451620226 ], [ 76.652948919974932, 14.333137017705157 ], [ 76.65292964211838, 14.3328346811494 ], [ 76.652972407579227, 14.332482759689563 ], [ 76.652990421598048, 14.332334517958961 ], [ 76.653034290285774, 14.331973512424554 ], [ 76.652970724402167, 14.331776912104131 ], [ 76.652830866480414, 14.331268479638791 ], [ 76.652550355745475, 14.330248713891166 ], [ 76.652458737891607, 14.329915647602405 ], [ 76.652736079446029, 14.329912866106611 ], [ 76.652636121540141, 14.329590845977801 ], [ 76.652004840605628, 14.327787324861299 ], [ 76.651527883962231, 14.326452550538166 ], [ 76.651480202795568, 14.326480596772255 ], [ 76.650801688596388, 14.326879699728499 ], [ 76.650729847749673, 14.326948649151772 ], [ 76.650552981734307, 14.327118398731846 ], [ 76.650176997771609, 14.327479253711793 ], [ 76.65008440494141, 14.327568119712899 ], [ 76.649896505337281, 14.327748458194081 ], [ 76.649813180929414, 14.327756370179562 ], [ 76.649629729075542, 14.327765558210759 ], [ 76.649343620403101, 14.32777988729476 ], [ 76.64926350916943, 14.327787708073465 ], [ 76.649166448758308, 14.327763943334226 ], [ 76.648774890821613, 14.327705853437667 ], [ 76.647973052805312, 14.327552218845909 ], [ 76.647878068695604, 14.327538181683856 ], [ 76.647902952365115, 14.327457486329852 ], [ 76.648002465483032, 14.326997458038491 ], [ 76.648071074603664, 14.326680291748179 ], [ 76.648088300790775, 14.326556123997335 ], [ 76.647144876441956, 14.326622692983396 ], [ 76.646993193100471, 14.326633395671504 ], [ 76.646854160058211, 14.326643037070415 ], [ 76.646218253293668, 14.326781207467057 ], [ 76.645877403839577, 14.326978118976147 ], [ 76.644306424516003, 14.32749918561397 ], [ 76.644495518062698, 14.329209579396617 ], [ 76.643576040976626, 14.330837420856126 ], [ 76.643559087320625, 14.331173448183639 ], [ 76.643542907810001, 14.331332979714599 ], [ 76.643535059819285, 14.331410366238167 ], [ 76.643358268587008, 14.331888681161887 ], [ 76.642899953493441, 14.333115071146 ], [ 76.642651667198393, 14.333375064920141 ], [ 76.642199215874996, 14.33439694624532 ], [ 76.641448579325512, 14.334384204886831 ], [ 76.641540293602148, 14.334853486704088 ], [ 76.641532070744262, 14.335012826695239 ], [ 76.641485477918195, 14.335915661678095 ], [ 76.641230045570538, 14.337705651505505 ], [ 76.637749306713829, 14.3370619264231 ], [ 76.637431053447926, 14.338790523752804 ], [ 76.637088066712323, 14.340653445273013 ], [ 76.636904265430118, 14.342254515031035 ], [ 76.636894698487893, 14.342404455340981 ], [ 76.636771450847647, 14.343767533338422 ], [ 76.636767398881148, 14.343946825099216 ], [ 76.636704501513421, 14.34461361754248 ], [ 76.636690551256606, 14.344761505627774 ], [ 76.636688531674324, 14.34490099596575 ], [ 76.636672069933979, 14.345140803742575 ], [ 76.636658086205443, 14.34534460138017 ] ] ] } },
{ "type": "Feature", "properties": { "KGISWardID": 2555, "KGISWardCode": "1301005", "KGISWardName": " ", "SHAPE.STArea()": 1505548.09316545, "SHAPE.STLength()": 6130.6363013950213, "OBJECTID": 17562, "KGISWardNo": "5", "KGISTownCode": "1301", "LGD_WardCode": 61459, "created_user": "SA", "created_date": 1634898537000, "last_edited_user": "SURESHBV1", "last_edited_date": 1692253993000, "_overlap_percent": 100.00000000000003, "_police_station": "Challakere PS", "_police_feature_index": "170", "_admin_layer": "Ward", "_geometry_clipped": true }, "geometry": { "type": "Polygon", "coordinates": [ [ [ 76.653928365349415, 14.350352373517264 ], [ 76.653926360442782, 14.350275637871796 ], [ 76.653925491073011, 14.350195851071291 ], [ 76.653924388430227, 14.35008466375939 ], [ 76.653923767104587, 14.350021995778125 ], [ 76.653902677649725, 14.349534706116348 ], [ 76.653873120528459, 14.348851771363442 ], [ 76.65376272174467, 14.346300854744168 ], [ 76.653730721751828, 14.345561420474109 ], [ 76.653722679922993, 14.34527099919146 ], [ 76.653681865106705, 14.344631006352508 ], [ 76.653546117544053, 14.342502395217299 ], [ 76.653338271785728, 14.339243081086989 ], [ 76.652969670557624, 14.333462451620226 ], [ 76.652266351949805, 14.334246389569534 ], [ 76.651288223085956, 14.335322164160797 ], [ 76.650939716845073, 14.335963099178324 ], [ 76.650200599276815, 14.337525057430957 ], [ 76.649827257882777, 14.33829836202076 ], [ 76.649533731911617, 14.338906339709624 ], [ 76.649504957752498, 14.338965939466558 ], [ 76.649089909516775, 14.339856827770648 ], [ 76.648662933060294, 14.340770450649615 ], [ 76.64863390924333, 14.34083019668928 ], [ 76.648341754171483, 14.34143159928945 ], [ 76.648318829260688, 14.341478790108603 ], [ 76.648086768286376, 14.341945295602613 ], [ 76.647654379730412, 14.342766439289248 ], [ 76.647635818093036, 14.342801688899158 ], [ 76.647215757611704, 14.343588994166323 ], [ 76.646884752374163, 14.344211151054132 ], [ 76.646691118985416, 14.344566426562679 ], [ 76.646569125086131, 14.344786297674135 ], [ 76.646404473604662, 14.345083051245455 ], [ 76.646077025092907, 14.345655440518902 ], [ 76.645698656747527, 14.346241575160764 ], [ 76.645388585523207, 14.346775579816025 ], [ 76.645116975786507, 14.347202181928118 ], [ 76.644850581501672, 14.347536917028826 ], [ 76.644443828003119, 14.347998892578953 ], [ 76.643500307649447, 14.349141005124272 ], [ 76.643029438122625, 14.349742125512686 ], [ 76.642936795295753, 14.349865478128443 ], [ 76.642501217777266, 14.350445438148393 ], [ 76.642133329020965, 14.350957361686419 ], [ 76.641896741482995, 14.351310540412612 ], [ 76.641628111586201, 14.351811014634517 ], [ 76.641359872590144, 14.352365291872866 ], [ 76.641097374418052, 14.35283017046229 ], [ 76.646909461217604, 14.352860606839299 ], [ 76.647051292368971, 14.352861212931135 ], [ 76.647064844206909, 14.352861271505279 ], [ 76.650871192527575, 14.352989680861329 ], [ 76.650996927321415, 14.352993965968059 ], [ 76.653053545013037, 14.353073514497598 ], [ 76.654071658246423, 14.3531128876841 ], [ 76.654295216757802, 14.353142317340907 ], [ 76.654187793860572, 14.351828476373079 ], [ 76.654067394812799, 14.350355900053311 ], [ 76.653928365349415, 14.350352373517264 ] ] ] } }
]
}
