police_station,folder,hobli_count,village_count,ward_count
Cowlbazar PS,H:\KGIS_Police_Admin_Areas\Police_Stations_Hierarchy_20260805_172659\Police_Stations\Cowlbazar_PS,1,3,19
Bruceept PS,H:\KGIS_Police_Admin_Areas\Police_Stations_Hierarchy_20260805_172659\Police_Stations\Bruceept_PS,1,2,19
Gandhinagar PS,H:\KGIS_Police_Admin_Areas\Police_Stations_Hierarchy_20260805_172659\Police_Stations\Gandhinagar_PS,1,3,18
Moka PS,H:\KGIS_Police_Admin_Areas\Police_Stations_Hierarchy_20260805_172659\Police_Stations\Moka_PS,2,32,0
P.D. Halli PS,H:\KGIS_Police_Admin_Areas\Police_Stations_Hierarchy_20260805_172659\Police_Stations\P.D._Halli_PS,2,26,0
Siruguppa PS,H:\KGIS_Police_Admin_Areas\Police_Stations_Hierarchy_20260805_172659\Police_Stations\Siruguppa_PS,3,37,31
Hatcholli PS,H:\KGIS_Police_Admin_Areas\Police_Stations_Hierarchy_20260805_172659\Police_Stations\Hatcholli_PS,2,32,0
T.Kota PS,H:\KGIS_Police_Admin_Areas\Police_Stations_Hierarchy_20260805_172659\Police_Stations\T.Kota_PS,3,21,20
Sirigere PS,H:\KGIS_Police_Admin_Areas\Police_Stations_Hierarchy_20260805_172659\Police_Stations\Sirigere_PS,6,40,1
Kurugodu PS,H:\KGIS_Police_Admin_Areas\Police_Stations_Hierarchy_20260805_172659\Police_Stations\Kurugodu_PS,5,43,26
Kuduthini PS,H:\KGIS_Police_Admin_Areas\Police_Stations_Hierarchy_20260805_172659\Police_Stations\Kuduthini_PS,7,24,24
Hospet Town PS,H:\KGIS_Police_Admin_Areas\Police_Stations_Hierarchy_20260805_172659\Police_Stations\Hospet_Town_PS,3,10,15
Chitwadigi PS,H:\KGIS_Police_Admin_Areas\Police_Stations_Hierarchy_20260805_172659\Police_Stations\Chitwadigi_PS,1,9,8
Hospet Rural PS,H:\KGIS_Police_Admin_Areas\Police_Stations_Hierarchy_20260805_172659\Police_Stations\Hospet_Rural_PS,5,36,23
Kampli PS,H:\KGIS_Police_Admin_Areas\Police_Stations_Hierarchy_20260805_172659\Police_Stations\Kampli_PS,10,65,24
Kamalapur PS,H:\KGIS_Police_Admin_Areas\Police_Stations_Hierarchy_20260805_172659\Police_Stations\Kamalapur_PS,3,29,19
H.B. Halli PS,H:\KGIS_Police_Admin_Areas\Police_Stations_Hierarchy_20260805_172659\Police_Stations\H.B._Halli_PS,5,42,23
TB Halli PS,H:\KGIS_Police_Admin_Areas\Police_Stations_Hierarchy_20260805_172659\Police_Stations\TB_Halli_PS,5,31,0
Hadagali PS,H:\KGIS_Police_Admin_Areas\Police_Stations_Hierarchy_20260805_172659\Police_Stations\Hadagali_PS,4,33,23
Hirehadagali PS,H:\KGIS_Police_Admin_Areas\Police_Stations_Hierarchy_20260805_172659\Police_Stations\Hirehadagali_PS,2,55,0
Ittigi PS,H:\KGIS_Police_Admin_Areas\Police_Stations_Hierarchy_20260805_172659\Police_Stations\Ittigi_PS,3,22,0
Sandur PS,H:\KGIS_Police_Admin_Areas\Police_Stations_Hierarchy_20260805_172659\Police_Stations\Sandur_PS,5,54,23
Torangal PS,H:\KGIS_Police_Admin_Areas\Police_Stations_Hierarchy_20260805_172659\Police_Stations\Torangal_PS,2,59,12
Gadiganur PS,H:\KGIS_Police_Admin_Areas\Police_Stations_Hierarchy_20260805_172659\Police_Stations\Gadiganur_PS,3,41,23
MM Halli PS,H:\KGIS_Police_Admin_Areas\Police_Stations_Hierarchy_20260805_172659\Police_Stations\MM_Halli_PS,5,33,18
Kudligi PS,H:\KGIS_Police_Admin_Areas\Police_Stations_Hierarchy_20260805_172659\Police_Stations\Kudligi_PS,5,43,20
Gudekota PS,H:\KGIS_Police_Admin_Areas\Police_Stations_Hierarchy_20260805_172659\Police_Stations\Gudekota_PS,5,72,0
Kottur PS,H:\KGIS_Police_Admin_Areas\Police_Stations_Hierarchy_20260805_172659\Police_Stations\Kottur_PS,2,40,20
Hosahalli PS,H:\KGIS_Police_Admin_Areas\Police_Stations_Hierarchy_20260805_172659\Police_Stations\Hosahalli_PS,4,63,0
Ballari Rural PS,H:\KGIS_Police_Admin_Areas\Police_Stations_Hierarchy_20260805_172659\Police_Stations\Ballari_Rural_PS,2,46,11
Gangavathi Rural PS,H:\KGIS_Police_Admin_Areas\Police_Stations_Hierarchy_20260805_172659\Police_Stations\Gangavathi_Rural_PS,9,92,5
Kanakagiri PS,H:\KGIS_Police_Admin_Areas\Police_Stations_Hierarchy_20260805_172659\Police_Stations\Kanakagiri_PS,9,98,18
Karatagi PS,H:\KGIS_Police_Admin_Areas\Police_Stations_Hierarchy_20260805_172659\Police_Stations\Karatagi_PS,7,50,24
Gangavathi Town PS,H:\KGIS_Police_Admin_Areas\Police_Stations_Hierarchy_20260805_172659\Police_Stations\Gangavathi_Town_PS,3,10,35
Hanumasagar PS,H:\KGIS_Police_Admin_Areas\Police_Stations_Hierarchy_20260805_172659\Police_Stations\Hanumasagar_PS,6,102,0
Kushtagi PS,H:\KGIS_Police_Admin_Areas\Police_Stations_Hierarchy_20260805_172659\Police_Stations\Kushtagi_PS,3,100,23
Tavaregera PS,H:\KGIS_Police_Admin_Areas\Police_Stations_Hierarchy_20260805_172659\Police_Stations\Tavaregera_PS,7,77,18
Alwandi PS,H:\KGIS_Police_Admin_Areas\Police_Stations_Hierarchy_20260805_172659\Police_Stations\Alwandi_PS,5,68,2
Koppal Rural PS,H:\KGIS_Police_Admin_Areas\Police_Stations_Hierarchy_20260805_172659\Police_Stations\Koppal_Rural_PS,8,121,12
Munirabad PS,H:\KGIS_Police_Admin_Areas\Police_Stations_Hierarchy_20260805_172659\Police_Stations\Munirabad_PS,7,56,0
Koppal Town PS,H:\KGIS_Police_Admin_Areas\Police_Stations_Hierarchy_20260805_172659\Police_Stations\Koppal_Town_PS,1,6,50
Kuknoor PS,H:\KGIS_Police_Admin_Areas\Police_Stations_Hierarchy_20260805_172659\Police_Stations\Kuknoor_PS,6,77,19
Yelburga PS,H:\KGIS_Police_Admin_Areas\Police_Stations_Hierarchy_20260805_172659\Police_Stations\Yelburga_PS,3,75,16
Devadurga PS,H:\KGIS_Police_Admin_Areas\Police_Stations_Hierarchy_20260805_172659\Police_Stations\Devadurga_PS,6,98,27
Gabbur PS,H:\KGIS_Police_Admin_Areas\Police_Stations_Hierarchy_20260805_172659\Police_Stations\Gabbur_PS,7,94,1
Jalhalli PS,H:\KGIS_Police_Admin_Areas\Police_Stations_Hierarchy_20260805_172659\Police_Stations\Jalhalli_PS,7,83,0
Hutti PS,H:\KGIS_Police_Admin_Areas\Police_Stations_Hierarchy_20260805_172659\Police_Stations\Hutti_PS,7,60,22
Lingasugur PS,H:\KGIS_Police_Admin_Areas\Police_Stations_Hierarchy_20260805_172659\Police_Stations\Lingasugur_PS,6,78,25
Maski PS,H:\KGIS_Police_Admin_Areas\Police_Stations_Hierarchy_20260805_172659\Police_Stations\Maski_PS,10,75,28
Mudgal PS,H:\KGIS_Police_Admin_Areas\Police_Stations_Hierarchy_20260805_172659\Police_Stations\Mudgal_PS,7,94,24
Netajinagar PS,H:\KGIS_Police_Admin_Areas\Police_Stations_Hierarchy_20260805_172659\Police_Stations\Netajinagar_PS,1,1,5
Sadar Bazar PS,H:\KGIS_Police_Admin_Areas\Police_Stations_Hierarchy_20260805_172659\Police_Stations\Sadar_Bazar_PS,1,4,21
Raichur Rural PS,H:\KGIS_Police_Admin_Areas\Police_Stations_Hierarchy_20260805_172659\Police_Stations\Raichur_Rural_PS,7,75,17
Shakti Nagar PS,H:\KGIS_Police_Admin_Areas\Police_Stations_Hierarchy_20260805_172659\Police_Stations\Shakti_Nagar_PS,1,7,0
Yapaladinni PS,H:\KGIS_Police_Admin_Areas\Police_Stations_Hierarchy_20260805_172659\Police_Stations\Yapaladinni_PS,3,40,0
Raichur APMC Yard PS,H:\KGIS_Police_Admin_Areas\Police_Stations_Hierarchy_20260805_172659\Police_Stations\Raichur_APMC_Yard_PS,1,2,18
Raichur West PS,H:\KGIS_Police_Admin_Areas\Police_Stations_Hierarchy_20260805_172659\Police_Stations\Raichur_West_PS,1,12,11
Idapanur PS,H:\KGIS_Police_Admin_Areas\Police_Stations_Hierarchy_20260805_172659\Police_Stations\Idapanur_PS,2,39,0
Yeregera PS,H:\KGIS_Police_Admin_Areas\Police_Stations_Hierarchy_20260805_172659\Police_Stations\Yeregera_PS,6,77,7
Kowthal PS,H:\KGIS_Police_Admin_Areas\Police_Stations_Hierarchy_20260805_172659\Police_Stations\Kowthal_PS,7,86,16
Manvi PS,H:\KGIS_Police_Admin_Areas\Police_Stations_Hierarchy_20260805_172659\Police_Stations\Manvi_PS,10,91,27
Sirwar PS,H:\KGIS_Police_Admin_Areas\Police_Stations_Hierarchy_20260805_172659\Police_Stations\Sirwar_PS,8,80,20
Balagaor PS,H:\KGIS_Police_Admin_Areas\Police_Stations_Hierarchy_20260805_172659\Police_Stations\Balagaor_PS,12,96,13
Sindanur Rural PS,H:\KGIS_Police_Admin_Areas\Police_Stations_Hierarchy_20260805_172659\Police_Stations\Sindanur_Rural_PS,19,88,11
Sindhanur Town PS,H:\KGIS_Police_Admin_Areas\Police_Stations_Hierarchy_20260805_172659\Police_Stations\Sindhanur_Town_PS,8,25,31
Turvihal PS,H:\KGIS_Police_Admin_Areas\Police_Stations_Hierarchy_20260805_172659\Police_Stations\Turvihal_PS,13,85,17
Bagewadi PS,H:\KGIS_Police_Admin_Areas\Police_Stations_Hierarchy_20260805_172659\Police_Stations\Bagewadi_PS,2,29,2
Belagavi Rural PS,H:\KGIS_Police_Admin_Areas\Police_Stations_Hierarchy_20260805_172659\Police_Stations\Belagavi_Rural_PS,2,53,4
Kakati PS,H:\KGIS_Police_Admin_Areas\Police_Stations_Hierarchy_20260805_172659\Police_Stations\Kakati_PS,3,48,3
Marihal PS,H:\KGIS_Police_Admin_Areas\Police_Stations_Hierarchy_20260805_172659\Police_Stations\Marihal_PS,2,33,2
Belagavi Camp PS,H:\KGIS_Police_Admin_Areas\Police_Stations_Hierarchy_20260805_172659\Police_Stations\Belagavi_Camp_PS,1,3,12
Khadebazar PS,H:\KGIS_Police_Admin_Areas\Police_Stations_Hierarchy_20260805_172659\Police_Stations\Khadebazar_PS,1,1,15
Thilakwadi PS,H:\KGIS_Police_Admin_Areas\Police_Stations_Hierarchy_20260805_172659\Police_Stations\Thilakwadi_PS,1,9,16
Udyambag PS,H:\KGIS_Police_Admin_Areas\Police_Stations_Hierarchy_20260805_172659\Police_Stations\Udyambag_PS,1,6,7
Kangarali KH APMC Yard PS,H:\KGIS_Police_Admin_Areas\Police_Stations_Hierarchy_20260805_172659\Police_Stations\Kangarali_KH_APMC_Yard_PS,2,4,10
Malamaruthi PS,H:\KGIS_Police_Admin_Areas\Police_Stations_Hierarchy_20260805_172659\Police_Stations\Malamaruthi_PS,3,10,20
Belagavi Market PS,H:\KGIS_Police_Admin_Areas\Police_Stations_Hierarchy_20260805_172659\Police_Stations\Belagavi_Market_PS,1,3,20
Shahapura PS,H:\KGIS_Police_Admin_Areas\Police_Stations_Hierarchy_20260805_172659\Police_Stations\Shahapura_PS,1,12,18
Chikkaballapura Town PS,H:\KGIS_Police_Admin_Areas\Police_Stations_Hierarchy_20260805_172659\Police_Stations\Chikkaballapura_Town_PS,2,20,31
Chikkaballapura Rural PS,H:\KGIS_Police_Admin_Areas\Police_Stations_Hierarchy_20260805_172659\Police_Stations\Chikkaballapura_Rural_PS,5,174,16
Nandi Girighama PS,H:\KGIS_Police_Admin_Areas\Police_Stations_Hierarchy_20260805_172659\Police_Stations\Nandi_Girighama_PS,4,90,2
Gowribidanur Town PS,H:\KGIS_Police_Admin_Areas\Police_Stations_Hierarchy_20260805_172659\Police_Stations\Gowribidanur_Town_PS,1,19,31
Gowribidanur Rural PS,H:\KGIS_Police_Admin_Areas\Police_Stations_Hierarchy_20260805_172659\Police_Stations\Gowribidanur_Rural_PS,7,163,9
ManchenahalliPS,H:\KGIS_Police_Admin_Areas\Police_Stations_Hierarchy_20260805_172659\Police_Stations\ManchenahalliPS,5,150,0
GudibandePS,H:\KGIS_Police_Admin_Areas\Police_Stations_Hierarchy_20260805_172659\Police_Stations\GudibandePS,5,221,11
Bagepalli PS,H:\KGIS_Police_Admin_Areas\Police_Stations_Hierarchy_20260805_172659\Police_Stations\Bagepalli_PS,4,138,23
Pathapalya PS,H:\KGIS_Police_Admin_Areas\Police_Stations_Hierarchy_20260805_172659\Police_Stations\Pathapalya_PS,10,93,0
Chelur PS,H:\KGIS_Police_Admin_Areas\Police_Stations_Hierarchy_20260805_172659\Police_Stations\Chelur_PS,5,74,0
Chinthamani TownPS,H:\KGIS_Police_Admin_Areas\Police_Stations_Hierarchy_20260805_172659\Police_Stations\Chinthamani_TownPS,5,263,12
KencharlahalliPS,H:\KGIS_Police_Admin_Areas\Police_Stations_Hierarchy_20260805_172659\Police_Stations\KencharlahalliPS,7,171,0
Batalahalli PS,H:\KGIS_Police_Admin_Areas\Police_Stations_Hierarchy_20260805_172659\Police_Stations\Batalahalli_PS,6,134,0
Shidlagatta Town PS,H:\KGIS_Police_Admin_Areas\Police_Stations_Hierarchy_20260805_172659\Police_Stations\Shidlagatta_Town_PS,1,11,31
Shidlagatta Rural PS,H:\KGIS_Police_Admin_Areas\Police_Stations_Hierarchy_20260805_172659\Police_Stations\Shidlagatta_Rural_PS,5,244,6
Dibburahalli PS,H:\KGIS_Police_Admin_Areas\Police_Stations_Hierarchy_20260805_172659\Police_Stations\Dibburahalli_PS,11,187,0
Bangarpet PS,H:\KGIS_Police_Admin_Areas\Police_Stations_Hierarchy_20260805_172659\Police_Stations\Bangarpet_PS,5,168,27
Bethamangala PS,H:\KGIS_Police_Admin_Areas\Police_Stations_Hierarchy_20260805_172659\Police_Stations\Bethamangala_PS,5,131,0
Kamasamudram PS,H:\KGIS_Police_Admin_Areas\Police_Stations_Hierarchy_20260805_172659\Police_Stations\Kamasamudram_PS,4,103,1
Champion Reefs PS,H:\KGIS_Police_Admin_Areas\Police_Stations_Hierarchy_20260805_172659\Police_Stations\Champion_Reefs_PS,2,9,4
Marikuppam PS,H:\KGIS_Police_Admin_Areas\Police_Stations_Hierarchy_20260805_172659\Police_Stations\Marikuppam_PS,2,25,2
BEML Nagar PS,H:\KGIS_Police_Admin_Areas\Police_Stations_Hierarchy_20260805_172659\Police_Stations\BEML_Nagar_PS,4,27,13
Oorgaum PS,H:\KGIS_Police_Admin_Areas\Police_Stations_Hierarchy_20260805_172659\Police_Stations\Oorgaum_PS,3,24,26
Andersonpet PS,H:\KGIS_Police_Admin_Areas\Police_Stations_Hierarchy_20260805_172659\Police_Stations\Andersonpet_PS,2,72,17
Robertsonpet PS,H:\KGIS_Police_Admin_Areas\Police_Stations_Hierarchy_20260805_172659\Police_Stations\Robertsonpet_PS,2,11,13
Kolar Rural PS,H:\KGIS_Police_Admin_Areas\Police_Stations_Hierarchy_20260805_172659\Police_Stations\Kolar_Rural_PS,14,302,16
Sugatoor PS,H:\KGIS_Police_Admin_Areas\Police_Stations_Hierarchy_20260805_172659\Police_Stations\Sugatoor_PS,8,75,0
Vemagal PS,H:\KGIS_Police_Admin_Areas\Police_Stations_Hierarchy_20260805_172659\Police_Stations\Vemagal_PS,6,130,0
NarasapuraPS,H:\KGIS_Police_Admin_Areas\Police_Stations_Hierarchy_20260805_172659\Police_Stations\NarasapuraPS,3,54,0
Gulpet PS,H:\KGIS_Police_Admin_Areas\Police_Stations_Hierarchy_20260805_172659\Police_Stations\Gulpet_PS,1,11,19
Kolar Town PS,H:\KGIS_Police_Admin_Areas\Police_Stations_Hierarchy_20260805_172659\Police_Stations\Kolar_Town_PS,1,17,30
LakkurPS,H:\KGIS_Police_Admin_Areas\Police_Stations_Hierarchy_20260805_172659\Police_Stations\LakkurPS,5,93,0
Masti PS,H:\KGIS_Police_Admin_Areas\Police_Stations_Hierarchy_20260805_172659\Police_Stations\Masti_PS,3,117,0
TekalPS,H:\KGIS_Police_Admin_Areas\Police_Stations_Hierarchy_20260805_172659\Police_Stations\TekalPS,4,117,0
Mulbagal Rural PS,H:\KGIS_Police_Admin_Areas\Police_Stations_Hierarchy_20260805_172659\Police_Stations\Mulbagal_Rural_PS,5,245,6
TailurPS,H:\KGIS_Police_Admin_Areas\Police_Stations_Hierarchy_20260805_172659\Police_Stations\TailurPS,2,73,0
Mulbagal Town PS,H:\KGIS_Police_Admin_Areas\Police_Stations_Hierarchy_20260805_172659\Police_Stations\Mulbagal_Town_PS,1,11,31
Nangli PS,H:\KGIS_Police_Admin_Areas\Police_Stations_Hierarchy_20260805_172659\Police_Stations\Nangli_PS,3,176,0
Gownapalli PS,H:\KGIS_Police_Admin_Areas\Police_Stations_Hierarchy_20260805_172659\Police_Stations\Gownapalli_PS,3,86,0
Rayalpad PS,H:\KGIS_Police_Admin_Areas\Police_Stations_Hierarchy_20260805_172659\Police_Stations\Rayalpad_PS,2,119,0
Srinivasapura PS,H:\KGIS_Police_Admin_Areas\Police_Stations_Hierarchy_20260805_172659\Police_Stations\Srinivasapura_PS,8,215,23
YeldurPS,H:\KGIS_Police_Admin_Areas\Police_Stations_Hierarchy_20260805_172659\Police_Stations\YeldurPS,6,69,0
Akkur PS,H:\KGIS_Police_Admin_Areas\Police_Stations_Hierarchy_20260805_172659\Police_Stations\Akkur_PS,9,89,0
Bidadi PS,H:\KGIS_Police_Admin_Areas\Police_Stations_Hierarchy_20260805_172659\Police_Stations\Bidadi_PS,8,79,23
Channapatna East PS,H:\KGIS_Police_Admin_Areas\Police_Stations_Hierarchy_20260805_172659\Police_Stations\Channapatna_East_PS,1,11,23
Channapatna Rural PS,H:\KGIS_Police_Admin_Areas\Police_Stations_Hierarchy_20260805_172659\Police_Stations\Channapatna_Rural_PS,4,77,9
Channapatna Town PS,H:\KGIS_Police_Admin_Areas\Police_Stations_Hierarchy_20260805_172659\Police_Stations\Channapatna_Town_PS,1,13,26
Harohalli PS,H:\KGIS_Police_Admin_Areas\Police_Stations_Hierarchy_20260805_172659\Police_Stations\Harohalli_PS,10,99,0
Ijoor PS,H:\KGIS_Police_Admin_Areas\Police_Stations_Hierarchy_20260805_172659\Police_Stations\Ijoor_PS,2,13,9
Kaggalipura PS,H:\KGIS_Police_Admin_Areas\Police_Stations_Hierarchy_20260805_172659\Police_Stations\Kaggalipura_PS,8,62,2
Kanakapura Rural PS,H:\KGIS_Police_Admin_Areas\Police_Stations_Hierarchy_20260805_172659\Police_Stations\Kanakapura_Rural_PS,6,81,13
Kanakapura Town PS,H:\KGIS_Police_Admin_Areas\Police_Stations_Hierarchy_20260805_172659\Police_Stations\Kanakapura_Town_PS,1,11,31
Kodihalli PS,H:\KGIS_Police_Admin_Areas\Police_Stations_Hierarchy_20260805_172659\Police_Stations\Kodihalli_PS,3,79,0
Kudur PS,H:\KGIS_Police_Admin_Areas\Police_Stations_Hierarchy_20260805_172659\Police_Stations\Kudur_PS,9,206,0
M.K. Doddi PS,H:\KGIS_Police_Admin_Areas\Police_Stations_Hierarchy_20260805_172659\Police_Stations\M.K._Doddi_PS,3,57,0
Magadi PS,H:\KGIS_Police_Admin_Areas\Police_Stations_Hierarchy_20260805_172659\Police_Stations\Magadi_PS,5,170,23
Ramanagara Rural PS,H:\KGIS_Police_Admin_Areas\Police_Stations_Hierarchy_20260805_172659\Police_Stations\Ramanagara_Rural_PS,16,141,10
Ramanagara Town PS,H:\KGIS_Police_Admin_Areas\Police_Stations_Hierarchy_20260805_172659\Police_Stations\Ramanagara_Town_PS,3,12,26
Sathanuru PS,H:\KGIS_Police_Admin_Areas\Police_Stations_Hierarchy_20260805_172659\Police_Stations\Sathanuru_PS,3,91,0
Tavarekere PS,H:\KGIS_Police_Admin_Areas\Police_Stations_Hierarchy_20260805_172659\Police_Stations\Tavarekere_PS,13,122,0
Chikkanayakanahalli PS,H:\KGIS_Police_Admin_Areas\Police_Stations_Hierarchy_20260805_172659\Police_Stations\Chikkanayakanahalli_PS,2,106,23
Handanakere PS,H:\KGIS_Police_Admin_Areas\Police_Stations_Hierarchy_20260805_172659\Police_Stations\Handanakere_PS,3,94,0
Huliyar PS,H:\KGIS_Police_Admin_Areas\Police_Stations_Hierarchy_20260805_172659\Police_Stations\Huliyar_PS,8,131,17
Honnavalli PS,H:\KGIS_Police_Admin_Areas\Police_Stations_Hierarchy_20260805_172659\Police_Stations\Honnavalli_PS,4,117,0
K.B. Cross PS,H:\KGIS_Police_Admin_Areas\Police_Stations_Hierarchy_20260805_172659\Police_Stations\K.B._Cross_PS,1,56,0
Nonavinakere PS,H:\KGIS_Police_Admin_Areas\Police_Stations_Hierarchy_20260805_172659\Police_Stations\Nonavinakere_PS,4,106,0
Tiptur Rural PS,H:\KGIS_Police_Admin_Areas\Police_Stations_Hierarchy_20260805_172659\Police_Stations\Tiptur_Rural_PS,2,78,6
Tiptur Town PS,H:\KGIS_Police_Admin_Areas\Police_Stations_Hierarchy_20260805_172659\Police_Stations\Tiptur_Town_PS,1,15,31
Kodigenahalli PS,H:\KGIS_Police_Admin_Areas\Police_Stations_Hierarchy_20260805_172659\Police_Stations\Kodigenahalli_PS,2,114,0
Madhugiri PS,H:\KGIS_Police_Admin_Areas\Police_Stations_Hierarchy_20260805_172659\Police_Stations\Madhugiri_PS,5,91,23
Medigeshi PS,H:\KGIS_Police_Admin_Areas\Police_Stations_Hierarchy_20260805_172659\Police_Stations\Medigeshi_PS,2,99,0
Koratagere PS,H:\KGIS_Police_Admin_Areas\Police_Stations_Hierarchy_20260805_172659\Police_Stations\Koratagere_PS,5,215,15
Y. N. Hosakote PS,H:\KGIS_Police_Admin_Areas\Police_Stations_Hierarchy_20260805_172659\Police_Stations\Y._N._Hosakote_PS,2,50,0
Thirumani PS,H:\KGIS_Police_Admin_Areas\Police_Stations_Hierarchy_20260805_172659\Police_Stations\Thirumani_PS,2,35,0
Badavanahalli PS,H:\KGIS_Police_Admin_Areas\Police_Stations_Hierarchy_20260805_172659\Police_Stations\Badavanahalli_PS,1,107,0
Pavagada PS,H:\KGIS_Police_Admin_Areas\Police_Stations_Hierarchy_20260805_172659\Police_Stations\Pavagada_PS,4,58,23
kunigal PS,H:\KGIS_Police_Admin_Areas\Police_Stations_Hierarchy_20260805_172659\Police_Stations\kunigal_PS,7,196,23
Amruthur PS,H:\KGIS_Police_Admin_Areas\Police_Stations_Hierarchy_20260805_172659\Police_Stations\Amruthur_PS,7,165,0
Huliyurdurga PS,H:\KGIS_Police_Admin_Areas\Police_Stations_Hierarchy_20260805_172659\Police_Stations\Huliyurdurga_PS,7,107,0
Turuvkere PS,H:\KGIS_Police_Admin_Areas\Police_Stations_Hierarchy_20260805_172659\Police_Stations\Turuvkere_PS,6,243,14
Dandinashivara PS,H:\KGIS_Police_Admin_Areas\Police_Stations_Hierarchy_20260805_172659\Police_Stations\Dandinashivara_PS,2,93,0
Kyathasadra PS,H:\KGIS_Police_Admin_Areas\Police_Stations_Hierarchy_20260805_172659\Police_Stations\Kyathasadra_PS,4,127,5
Tumakur Town PS,H:\KGIS_Police_Admin_Areas\Police_Stations_Hierarchy_20260805_172659\Police_Stations\Tumakur_Town_PS,3,16,12
Tumakur Rural PS,H:\KGIS_Police_Admin_Areas\Police_Stations_Hierarchy_20260805_172659\Police_Stations\Tumakur_Rural_PS,6,203,29
Bellavi PS,H:\KGIS_Police_Admin_Areas\Police_Stations_Hierarchy_20260805_172659\Police_Stations\Bellavi_PS,1,78,0
Thilak Park PS,H:\KGIS_Police_Admin_Areas\Police_Stations_Hierarchy_20260805_172659\Police_Stations\Thilak_Park_PS,2,8,6
Patanayakanahalli PS,H:\KGIS_Police_Admin_Areas\Police_Stations_Hierarchy_20260805_172659\Police_Stations\Patanayakanahalli_PS,3,60,0
Tavarekere PS,H:\KGIS_Police_Admin_Areas\Police_Stations_Hierarchy_20260805_172659\Police_Stations\Tavarekere_PS_2,4,70,0
Kallambella PS,H:\KGIS_Police_Admin_Areas\Police_Stations_Hierarchy_20260805_172659\Police_Stations\Kallambella_PS,6,111,0
Chelur PS,H:\KGIS_Police_Admin_Areas\Police_Stations_Hierarchy_20260805_172659\Police_Stations\Chelur_PS_2,2,108,0
Gubbi PS,H:\KGIS_Police_Admin_Areas\Police_Stations_Hierarchy_20260805_172659\Police_Stations\Gubbi_PS,9,348,19
Sira PS,H:\KGIS_Police_Admin_Areas\Police_Stations_Hierarchy_20260805_172659\Police_Stations\Sira_PS,4,110,31
Challakere PS,H:\KGIS_Police_Admin_Areas\Police_Stations_Hierarchy_20260805_172659\Police_Stations\Challakere_PS,5,90,31
Parasurampura PS,H:\KGIS_Police_Admin_Areas\Police_Stations_Hierarchy_20260805_172659\Police_Stations\Parasurampura_PS,3,90,0
Thalak PS,H:\KGIS_Police_Admin_Areas\Police_Stations_Hierarchy_20260805_172659\Police_Stations\Thalak_PS,2,61,0
Rampura PS,H:\KGIS_Police_Admin_Areas\Police_Stations_Hierarchy_20260805_172659\Police_Stations\Rampura_PS,4,67,0
Bharamasagara PS,H:\KGIS_Police_Admin_Areas\Police_Stations_Hierarchy_20260805_172659\Police_Stations\Bharamasagara_PS,4,112,0
Chitradurga Rural PS,H:\KGIS_Police_Admin_Areas\Police_Stations_Hierarchy_20260805_172659\Police_Stations\Chitradurga_Rural_PS,4,106,5
Turuvanur PS,H:\KGIS_Police_Admin_Areas\Police_Stations_Hierarchy_20260805_172659\Police_Stations\Turuvanur_PS,6,55,0
Chitradurga Kote PS,H:\KGIS_Police_Admin_Areas\Police_Stations_Hierarchy_20260805_172659\Police_Stations\Chitradurga_Kote_PS,1,25,20
Kelagote Extension PS,H:\KGIS_Police_Admin_Areas\Police_Stations_Hierarchy_20260805_172659\Police_Stations\Kelagote_Extension_PS,1,6,10
Chikkajajur PS,H:\KGIS_Police_Admin_Areas\Police_Stations_Hierarchy_20260805_172659\Police_Stations\Chikkajajur_PS,5,91,0
Chitrahalli Gate PS,H:\KGIS_Police_Admin_Areas\Police_Stations_Hierarchy_20260805_172659\Police_Stations\Chitrahalli_Gate_PS,4,94,0
Holalkere PS,H:\KGIS_Police_Admin_Areas\Police_Stations_Hierarchy_20260805_172659\Police_Stations\Holalkere_PS,5,113,16
Hiriyur Rural PS,H:\KGIS_Police_Admin_Areas\Police_Stations_Hierarchy_20260805_172659\Police_Stations\Hiriyur_Rural_PS,6,109,18
Hiriyur Town PS,H:\KGIS_Police_Admin_Areas\Police_Stations_Hierarchy_20260805_172659\Police_Stations\Hiriyur_Town_PS,1,4,30
Hosadurga PS,H:\KGIS_Police_Admin_Areas\Police_Stations_Hierarchy_20260805_172659\Police_Stations\Hosadurga_PS,6,167,23
Srirampura PS,H:\KGIS_Police_Admin_Areas\Police_Stations_Hierarchy_20260805_172659\Police_Stations\Srirampura_PS,4,135,0
Davanagere Extention PS,H:\KGIS_Police_Admin_Areas\Police_Stations_Hierarchy_20260805_172659\Police_Stations\Davanagere_Extention_PS,1,4,16
K.T.J Nagar PS,H:\KGIS_Police_Admin_Areas\Police_Stations_Hierarchy_20260805_172659\Police_Stations\K.T.J_Nagar_PS,1,5,16
Vidyanagar PS,H:\KGIS_Police_Admin_Areas\Police_Stations_Hierarchy_20260805_172659\Police_Stations\Vidyanagar_PS,2,14,16
Azad Nagar PS,H:\KGIS_Police_Admin_Areas\Police_Stations_Hierarchy_20260805_172659\Police_Stations\Azad_Nagar_PS,1,4,11
Basavanagara PS,H:\KGIS_Police_Admin_Areas\Police_Stations_Hierarchy_20260805_172659\Police_Stations\Basavanagara_PS,1,2,14
Gandhi Nagar PS,H:\KGIS_Police_Admin_Areas\Police_Stations_Hierarchy_20260805_172659\Police_Stations\Gandhi_Nagar_PS,1,7,14
Davanagere RMC Yard PS,H:\KGIS_Police_Admin_Areas\Police_Stations_Hierarchy_20260805_172659\Police_Stations\Davanagere_RMC_Yard_PS,1,6,9
Basavapatna PS,H:\KGIS_Police_Admin_Areas\Police_Stations_Hierarchy_20260805_172659\Police_Stations\Basavapatna_PS,5,81,0
Channagiri PS,H:\KGIS_Police_Admin_Areas\Police_Stations_Hierarchy_20260805_172659\Police_Stations\Channagiri_PS,8,170,23
Santhebennur PS,H:\KGIS_Police_Admin_Areas\Police_Stations_Hierarchy_20260805_172659\Police_Stations\Santhebennur_PS,3,68,0
Davanagere Rural PS,H:\KGIS_Police_Admin_Areas\Police_Stations_Hierarchy_20260805_172659\Police_Stations\Davanagere_Rural_PS,4,108,14
Hadadi PS,H:\KGIS_Police_Admin_Areas\Police_Stations_Hierarchy_20260805_172659\Police_Stations\Hadadi_PS,3,66,3
Mayakonda PS,H:\KGIS_Police_Admin_Areas\Police_Stations_Hierarchy_20260805_172659\Police_Stations\Mayakonda_PS,4,75,0
Harihara Rural PS,H:\KGIS_Police_Admin_Areas\Police_Stations_Hierarchy_20260805_172659\Police_Stations\Harihara_Rural_PS,4,72,16
Harihara Town PS,H:\KGIS_Police_Admin_Areas\Police_Stations_Hierarchy_20260805_172659\Police_Stations\Harihara_Town_PS,1,10,29
Malebennur PS,H:\KGIS_Police_Admin_Areas\Police_Stations_Hierarchy_20260805_172659\Police_Stations\Malebennur_PS,3,68,23
Honnali PS,H:\KGIS_Police_Admin_Areas\Police_Stations_Hierarchy_20260805_172659\Police_Stations\Honnali_PS,10,134,18
Nyamathi PS,H:\KGIS_Police_Admin_Areas\Police_Stations_Hierarchy_20260805_172659\Police_Stations\Nyamathi_PS,7,107,11
Arasikere PS,H:\KGIS_Police_Admin_Areas\Police_Stations_Hierarchy_20260805_172659\Police_Stations\Arasikere_PS,4,44,0
Chigateri PS,H:\KGIS_Police_Admin_Areas\Police_Stations_Hierarchy_20260805_172659\Police_Stations\Chigateri_PS,3,31,4
Halavagilu PS,H:\KGIS_Police_Admin_Areas\Police_Stations_Hierarchy_20260805_172659\Police_Stations\Halavagilu_PS,4,57,0
Harapanahalli PS,H:\KGIS_Police_Admin_Areas\Police_Stations_Hierarchy_20260805_172659\Police_Stations\Harapanahalli_PS,4,72,27
Bilichodu PS,H:\KGIS_Police_Admin_Areas\Police_Stations_Hierarchy_20260805_172659\Police_Stations\Bilichodu_PS,6,94,0
Jagalur PS,H:\KGIS_Police_Admin_Areas\Police_Stations_Hierarchy_20260805_172659\Police_Stations\Jagalur_PS,5,129,18
Byadagi PS,H:\KGIS_Police_Admin_Areas\Police_Stations_Hierarchy_20260805_172659\Police_Stations\Byadagi_PS,3,53,23
Kaginele PS,H:\KGIS_Police_Admin_Areas\Police_Stations_Hierarchy_20260805_172659\Police_Stations\Kaginele_PS,3,50,0
Guttal PS,H:\KGIS_Police_Admin_Areas\Police_Stations_Hierarchy_20260805_172659\Police_Stations\Guttal_PS,4,57,18
Haveri Rural PS,H:\KGIS_Police_Admin_Areas\Police_Stations_Hierarchy_20260805_172659\Police_Stations\Haveri_Rural_PS,3,76,9
Haveri Town PS,H:\KGIS_Police_Admin_Areas\Police_Stations_Hierarchy_20260805_172659\Police_Stations\Haveri_Town_PS,1,12,31
Hansabhavi PS,H:\KGIS_Police_Admin_Areas\Police_Stations_Hierarchy_20260805_172659\Police_Stations\Hansabhavi_PS,5,77,0
Hirekerur PS,H:\KGIS_Police_Admin_Areas\Police_Stations_Hierarchy_20260805_172659\Police_Stations\Hirekerur_PS,9,61,21
Rattihalli PS,H:\KGIS_Police_Admin_Areas\Police_Stations_Hierarchy_20260805_172659\Police_Stations\Rattihalli_PS,5,71,15
Halageri PS,H:\KGIS_Police_Admin_Areas\Police_Stations_Hierarchy_20260805_172659\Police_Stations\Halageri_PS,4,76,6
Kumarapattanam PS,H:\KGIS_Police_Admin_Areas\Police_Stations_Hierarchy_20260805_172659\Police_Stations\Kumarapattanam_PS,3,22,5
Ranebennur Rural PS,H:\KGIS_Police_Admin_Areas\Police_Stations_Hierarchy_20260805_172659\Police_Stations\Ranebennur_Rural_PS,5,67,5
Ranebennur Town PS,H:\KGIS_Police_Admin_Areas\Police_Stations_Hierarchy_20260805_172659\Police_Stations\Ranebennur_Town_PS,1,8,35
Adur PS,H:\KGIS_Police_Admin_Areas\Police_Stations_Hierarchy_20260805_172659\Police_Stations\Adur_PS,5,107,0
Hanagal PS,H:\KGIS_Police_Admin_Areas\Police_Stations_Hierarchy_20260805_172659\Police_Stations\Hanagal_PS,5,118,23
Savanoor PS,H:\KGIS_Police_Admin_Areas\Police_Stations_Hierarchy_20260805_172659\Police_Stations\Savanoor_PS,6,96,27
Bankapura PS,H:\KGIS_Police_Admin_Areas\Police_Stations_Hierarchy_20260805_172659\Police_Stations\Bankapura_PS,6,63,23
Shiggaon PS,H:\KGIS_Police_Admin_Areas\Police_Stations_Hierarchy_20260805_172659\Police_Stations\Shiggaon_PS,4,52,23
Tadas PS,H:\KGIS_Police_Admin_Areas\Police_Stations_Hierarchy_20260805_172659\Police_Stations\Tadas_PS,4,50,0
Dharwad Sub Urban PS,H:\KGIS_Police_Admin_Areas\Police_Stations_Hierarchy_20260805_172659\Police_Stations\Dharwad_Sub_Urban_PS,2,23,15
Dharwad Town PS,H:\KGIS_Police_Admin_Areas\Police_Stations_Hierarchy_20260805_172659\Police_Stations\Dharwad_Town_PS,1,9,10
Vidyagiri PS,H:\KGIS_Police_Admin_Areas\Police_Stations_Hierarchy_20260805_172659\Police_Stations\Vidyagiri_PS,2,16,14
Navanagar APMC PS,H:\KGIS_Police_Admin_Areas\Police_Stations_Hierarchy_20260805_172659\Police_Stations\Navanagar_APMC_PS,2,5,6
Ashoknagar PS,H:\KGIS_Police_Admin_Areas\Police_Stations_Hierarchy_20260805_172659\Police_Stations\Ashoknagar_PS,1,4,8
Gokul Road PS,H:\KGIS_Police_Admin_Areas\Police_Stations_Hierarchy_20260805_172659\Police_Stations\Gokul_Road_PS,3,9,13
Hubli SubUrban PS,H:\KGIS_Police_Admin_Areas\Police_Stations_Hierarchy_20260805_172659\Police_Stations\Hubli_SubUrban_PS,1,4,8
Kamaripeth PS,H:\KGIS_Police_Admin_Areas\Police_Stations_Hierarchy_20260805_172659\Police_Stations\Kamaripeth_PS,1,2,6
Keshavapur PS,H:\KGIS_Police_Admin_Areas\Police_Stations_Hierarchy_20260805_172659\Police_Stations\Keshavapur_PS,1,8,11
Vidyanagar PS,H:\KGIS_Police_Admin_Areas\Police_Stations_Hierarchy_20260805_172659\Police_Stations\Vidyanagar_PS_2,1,3,12
Bendigeri PS,H:\KGIS_Police_Admin_Areas\Police_Stations_Hierarchy_20260805_172659\Police_Stations\Bendigeri_PS,2,7,9
Ghantikeri PS,H:\KGIS_Police_Admin_Areas\Police_Stations_Hierarchy_20260805_172659\Police_Stations\Ghantikeri_PS,1,2,9
Hubli Town PS,H:\KGIS_Police_Admin_Areas\Police_Stations_Hierarchy_20260805_172659\Police_Stations\Hubli_Town_PS,1,4,8
Kasabapeth PS,H:\KGIS_Police_Admin_Areas\Police_Stations_Hierarchy_20260805_172659\Police_Stations\Kasabapeth_PS,2,7,14
Old Hubli PS,H:\KGIS_Police_Admin_Areas\Police_Stations_Hierarchy_20260805_172659\Police_Stations\Old_Hubli_PS,4,8,16
Aurad PS,H:\KGIS_Police_Admin_Areas\Police_Stations_Hierarchy_20260805_172659\Police_Stations\Aurad_PS,3,30,20
Chintaki PS,H:\KGIS_Police_Admin_Areas\Police_Stations_Hierarchy_20260805_172659\Police_Stations\Chintaki_PS,3,39,1
Hokrana PS,H:\KGIS_Police_Admin_Areas\Police_Stations_Hierarchy_20260805_172659\Police_Stations\Hokrana_PS,4,29,0
Shanthapur PS,H:\KGIS_Police_Admin_Areas\Police_Stations_Hierarchy_20260805_172659\Police_Stations\Shanthapur_PS,4,57,0
Bhalki Rural PS,H:\KGIS_Police_Admin_Areas\Police_Stations_Hierarchy_20260805_172659\Police_Stations\Bhalki_Rural_PS,5,57,5
Dhannura PS,H:\KGIS_Police_Admin_Areas\Police_Stations_Hierarchy_20260805_172659\Police_Stations\Dhannura_PS,1,49,0
Khataka Chincholi PS,H:\KGIS_Police_Admin_Areas\Police_Stations_Hierarchy_20260805_172659\Police_Stations\Khataka_Chincholi_PS,7,42,0
Mehakar PS,H:\KGIS_Police_Admin_Areas\Police_Stations_Hierarchy_20260805_172659\Police_Stations\Mehakar_PS,2,29,0
Bhalki Town PS,H:\KGIS_Police_Admin_Areas\Police_Stations_Hierarchy_20260805_172659\Police_Stations\Bhalki_Town_PS,1,10,26
Kamalanagar PS,H:\KGIS_Police_Admin_Areas\Police_Stations_Hierarchy_20260805_172659\Police_Stations\Kamalanagar_PS,5,43,0
Kushnoor PS,H:\KGIS_Police_Admin_Areas\Police_Stations_Hierarchy_20260805_172659\Police_Stations\Kushnoor_PS,5,43,0
Gandhi Gunj PS,H:\KGIS_Police_Admin_Areas\Police_Stations_Hierarchy_20260805_172659\Police_Stations\Gandhi_Gunj_PS,6,46,18
Mangalapet Market PS,H:\KGIS_Police_Admin_Areas\Police_Stations_Hierarchy_20260805_172659\Police_Stations\Mangalapet_Market_PS,4,20,17
Bagdal PS,H:\KGIS_Police_Admin_Areas\Police_Stations_Hierarchy_20260805_172659\Police_Stations\Bagdal_PS,4,41,0
Bidar Rural PS,H:\KGIS_Police_Admin_Areas\Police_Stations_Hierarchy_20260805_172659\Police_Stations\Bidar_Rural_PS,7,66,2
Janwada PS,H:\KGIS_Police_Admin_Areas\Police_Stations_Hierarchy_20260805_172659\Police_Stations\Janwada_PS,4,74,0
Mannalli PS,H:\KGIS_Police_Admin_Areas\Police_Stations_Hierarchy_20260805_172659\Police_Stations\Mannalli_PS,4,31,0
Bidar Town PS,H:\KGIS_Police_Admin_Areas\Police_Stations_Hierarchy_20260805_172659\Police_Stations\Bidar_Town_PS,2,25,15
Bidar New Town PS,H:\KGIS_Police_Admin_Areas\Police_Stations_Hierarchy_20260805_172659\Police_Stations\Bidar_New_Town_PS,6,22,9
Basava Kalyana Town PS,H:\KGIS_Police_Admin_Areas\Police_Stations_Hierarchy_20260805_172659\Police_Stations\Basava_Kalyana_Town_PS,3,24,13
Hulsoor PS,H:\KGIS_Police_Admin_Areas\Police_Stations_Hierarchy_20260805_172659\Police_Stations\Hulsoor_PS,2,23,1
Chitaguppa PS,H:\KGIS_Police_Admin_Areas\Police_Stations_Hierarchy_20260805_172659\Police_Stations\Chitaguppa_PS,4,40,27
Bemalkhed PS,H:\KGIS_Police_Admin_Areas\Police_Stations_Hierarchy_20260805_172659\Police_Stations\Bemalkhed_PS,3,23,0
Manna Ekhelli PS,H:\KGIS_Police_Admin_Areas\Police_Stations_Hierarchy_20260805_172659\Police_Stations\Manna_Ekhelli_PS,7,34,0
Hallikhed PS,H:\KGIS_Police_Admin_Areas\Police_Stations_Hierarchy_20260805_172659\Police_Stations\Hallikhed_PS,3,31,23
Humnabad PS,H:\KGIS_Police_Admin_Areas\Police_Stations_Hierarchy_20260805_172659\Police_Stations\Humnabad_PS,9,43,27
Matala PS,H:\KGIS_Police_Admin_Areas\Police_Stations_Hierarchy_20260805_172659\Police_Stations\Matala_PS,3,44,0
Mudbi PS,H:\KGIS_Police_Admin_Areas\Police_Stations_Hierarchy_20260805_172659\Police_Stations\Mudbi_PS,5,44,0
Afzalpur PS,H:\KGIS_Police_Admin_Areas\Police_Stations_Hierarchy_20260805_172659\Police_Stations\Afzalpur_PS,4,70,23
Devalagangapur PS,H:\KGIS_Police_Admin_Areas\Police_Stations_Hierarchy_20260805_172659\Police_Stations\Devalagangapur_PS,3,44,0
Revoor PS,H:\KGIS_Police_Admin_Areas\Police_Stations_Hierarchy_20260805_172659\Police_Stations\Revoor_PS,3,37,0
Alland PS,H:\KGIS_Police_Admin_Areas\Police_Stations_Hierarchy_20260805_172659\Police_Stations\Alland_PS,6,64,27
Madanahipparga PS,H:\KGIS_Police_Admin_Areas\Police_Stations_Hierarchy_20260805_172659\Police_Stations\Madanahipparga_PS,2,29,0
Narona PS,H:\KGIS_Police_Admin_Areas\Police_Stations_Hierarchy_20260805_172659\Police_Stations\Narona_PS,5,59,0
Nimbarga PS,H:\KGIS_Police_Admin_Areas\Police_Stations_Hierarchy_20260805_172659\Police_Stations\Nimbarga_PS,2,36,0
Chincholi PS,H:\KGIS_Police_Admin_Areas\Police_Stations_Hierarchy_20260805_172659\Police_Stations\Chincholi_PS,6,69,23
Kunchavaram PS,H:\KGIS_Police_Admin_Areas\Police_Stations_Hierarchy_20260805_172659\Police_Stations\Kunchavaram_PS,1,24,0
Miryan PS,H:\KGIS_Police_Admin_Areas\Police_Stations_Hierarchy_20260805_172659\Police_Stations\Miryan_PS,2,20,1
Mudhol PS,H:\KGIS_Police_Admin_Areas\Police_Stations_Hierarchy_20260805_172659\Police_Stations\Mudhol_PS,4,75,3
Kurakunta PS,H:\KGIS_Police_Admin_Areas\Police_Stations_Hierarchy_20260805_172659\Police_Stations\Kurakunta_PS,1,12,2
Malkhed PS,H:\KGIS_Police_Admin_Areas\Police_Stations_Hierarchy_20260805_172659\Police_Stations\Malkhed_PS,5,38,3
Sedam PS,H:\KGIS_Police_Admin_Areas\Police_Stations_Hierarchy_20260805_172659\Police_Stations\Sedam_PS,6,79,23
Ratkal PS,H:\KGIS_Police_Admin_Areas\Police_Stations_Hierarchy_20260805_172659\Police_Stations\Ratkal_PS,5,56,2
Sulepet PS,H:\KGIS_Police_Admin_Areas\Police_Stations_Hierarchy_20260805_172659\Police_Stations\Sulepet_PS,4,64,0
Mahagoan PS,H:\KGIS_Police_Admin_Areas\Police_Stations_Hierarchy_20260805_172659\Police_Stations\Mahagoan_PS,3,39,0
Jewargi PS,H:\KGIS_Police_Admin_Areas\Police_Stations_Hierarchy_20260805_172659\Police_Stations\Jewargi_PS,8,80,23
Nelogi PS,H:\KGIS_Police_Admin_Areas\Police_Stations_Hierarchy_20260805_172659\Police_Stations\Nelogi_PS,7,81,0
Yedrami PS,H:\KGIS_Police_Admin_Areas\Police_Stations_Hierarchy_20260805_172659\Police_Stations\Yedrami_PS,7,96,11
Chittapura PS,H:\KGIS_Police_Admin_Areas\Police_Stations_Hierarchy_20260805_172659\Police_Stations\Chittapura_PS,5,85,23
Wadi PS,H:\KGIS_Police_Admin_Areas\Police_Stations_Hierarchy_20260805_172659\Police_Stations\Wadi_PS,8,82,27
Kalagi PS,H:\KGIS_Police_Admin_Areas\Police_Stations_Hierarchy_20260805_172659\Police_Stations\Kalagi_PS,3,49,11
Madbool PS,H:\KGIS_Police_Admin_Areas\Police_Stations_Hierarchy_20260805_172659\Police_Stations\Madbool_PS,3,45,1
Shahabad Town PS,H:\KGIS_Police_Admin_Areas\Police_Stations_Hierarchy_20260805_172659\Police_Stations\Shahabad_Town_PS,4,32,29
B. Gudi PS,H:\KGIS_Police_Admin_Areas\Police_Stations_Hierarchy_20260805_172659\Police_Stations\B._Gudi_PS,5,46,5
Gogi PS,H:\KGIS_Police_Admin_Areas\Police_Stations_Hierarchy_20260805_172659\Police_Stations\Gogi_PS,8,53,3
Gurmitkal PS,H:\KGIS_Police_Admin_Areas\Police_Stations_Hierarchy_20260805_172659\Police_Stations\Gurmitkal_PS,7,81,23
Hunsagi PS,H:\KGIS_Police_Admin_Areas\Police_Stations_Hierarchy_20260805_172659\Police_Stations\Hunsagi_PS,5,55,19
Kodekal PS,H:\KGIS_Police_Admin_Areas\Police_Stations_Hierarchy_20260805_172659\Police_Stations\Kodekal_PS,5,54,23
Kembhavi PS,H:\KGIS_Police_Admin_Areas\Police_Stations_Hierarchy_20260805_172659\Police_Stations\Kembhavi_PS,6,85,23
Narayanpur PS,H:\KGIS_Police_Admin_Areas\Police_Stations_Hierarchy_20260805_172659\Police_Stations\Narayanpur_PS,3,39,0
Saidapur PS,H:\KGIS_Police_Admin_Areas\Police_Stations_Hierarchy_20260805_172659\Police_Stations\Saidapur_PS,6,70,0
Shahapur PS,H:\KGIS_Police_Admin_Areas\Police_Stations_Hierarchy_20260805_172659\Police_Stations\Shahapur_PS,7,81,32
Shorapur PS,H:\KGIS_Police_Admin_Areas\Police_Stations_Hierarchy_20260805_172659\Police_Stations\Shorapur_PS,8,100,33
Wadagera PS,H:\KGIS_Police_Admin_Areas\Police_Stations_Hierarchy_20260805_172659\Police_Stations\Wadagera_PS,10,91,5
Yadgir Town PS,H:\KGIS_Police_Admin_Areas\Police_Stations_Hierarchy_20260805_172659\Police_Stations\Yadgir_Town_PS,1,15,31
Yadgir Rural PS,H:\KGIS_Police_Admin_Areas\Police_Stations_Hierarchy_20260805_172659\Police_Stations\Yadgir_Rural_PS,6,91,9
Alanahally PS,H:\KGIS_Police_Admin_Areas\Police_Stations_Hierarchy_20260805_172659\Police_Stations\Alanahally_PS,2,14,5
Devaraja PS,H:\KGIS_Police_Admin_Areas\Police_Stations_Hierarchy_20260805_172659\Police_Stations\Devaraja_PS,1,3,10
Lashkar PS,H:\KGIS_Police_Admin_Areas\Police_Stations_Hierarchy_20260805_172659\Police_Stations\Lashkar_PS,1,1,5
Nazarbad PS,H:\KGIS_Police_Admin_Areas\Police_Stations_Hierarchy_20260805_172659\Police_Stations\Nazarbad_PS,1,8,14
Udayagiri PS,H:\KGIS_Police_Admin_Areas\Police_Stations_Hierarchy_20260805_172659\Police_Stations\Udayagiri_PS,1,6,15
Ashokpuram PS,H:\KGIS_Police_Admin_Areas\Police_Stations_Hierarchy_20260805_172659\Police_Stations\Ashokpuram_PS,1,5,11
Krishnaraja PS,H:\KGIS_Police_Admin_Areas\Police_Stations_Hierarchy_20260805_172659\Police_Stations\Krishnaraja_PS,2,6,8
Kuvempunagar PS,H:\KGIS_Police_Admin_Areas\Police_Stations_Hierarchy_20260805_172659\Police_Stations\Kuvempunagar_PS,2,11,9
Laxmipuram PS,H:\KGIS_Police_Admin_Areas\Police_Stations_Hierarchy_20260805_172659\Police_Stations\Laxmipuram_PS,1,2,7
Saraswathipuram PS,H:\KGIS_Police_Admin_Areas\Police_Stations_Hierarchy_20260805_172659\Police_Stations\Saraswathipuram_PS,1,8,8
Vidyaranyarpuram PS,H:\KGIS_Police_Admin_Areas\Police_Stations_Hierarchy_20260805_172659\Police_Stations\Vidyaranyarpuram_PS,1,6,10
Hebbal PS,H:\KGIS_Police_Admin_Areas\Police_Stations_Hierarchy_20260805_172659\Police_Stations\Hebbal_PS,3,10,9
Jayalakshmipuram PS,H:\KGIS_Police_Admin_Areas\Police_Stations_Hierarchy_20260805_172659\Police_Stations\Jayalakshmipuram_PS,1,6,7
Mandi PS,H:\KGIS_Police_Admin_Areas\Police_Stations_Hierarchy_20260805_172659\Police_Stations\Mandi_PS,1,5,11
Metagalli PS,H:\KGIS_Police_Admin_Areas\Police_Stations_Hierarchy_20260805_172659\Police_Stations\Metagalli_PS,1,14,5
Narasimharaja PS,H:\KGIS_Police_Admin_Areas\Police_Stations_Hierarchy_20260805_172659\Police_Stations\Narasimharaja_PS,1,10,15
V.V. Puram PS,H:\KGIS_Police_Admin_Areas\Police_Stations_Hierarchy_20260805_172659\Police_Stations\V.V._Puram_PS,1,6,8
Vijayanagar PS,H:\KGIS_Police_Admin_Areas\Police_Stations_Hierarchy_20260805_172659\Police_Stations\Vijayanagar_PS,2,11,5
Badami PS,H:\KGIS_Police_Admin_Areas\Police_Stations_Hierarchy_20260805_172659\Police_Stations\Badami_PS,7,108,23
Guledagudda PS,H:\KGIS_Police_Admin_Areas\Police_Stations_Hierarchy_20260805_172659\Police_Stations\Guledagudda_PS,4,44,24
Kerur PS,H:\KGIS_Police_Admin_Areas\Police_Stations_Hierarchy_20260805_172659\Police_Stations\Kerur_PS,6,77,23
Bagalkot Rural PS,H:\KGIS_Police_Admin_Areas\Police_Stations_Hierarchy_20260805_172659\Police_Stations\Bagalkot_Rural_PS,10,111,19
Kaladagi PS,H:\KGIS_Police_Admin_Areas\Police_Stations_Hierarchy_20260805_172659\Police_Stations\Kaladagi_PS,3,48,9
Amengad PS,H:\KGIS_Police_Admin_Areas\Police_Stations_Hierarchy_20260805_172659\Police_Stations\Amengad_PS,5,75,32
Hungunda PS,H:\KGIS_Police_Admin_Areas\Police_Stations_Hierarchy_20260805_172659\Police_Stations\Hungunda_PS,6,94,27
Ilakal Town PS,H:\KGIS_Police_Admin_Areas\Police_Stations_Hierarchy_20260805_172659\Police_Stations\Ilakal_Town_PS,5,100,31
Banahatti PS,H:\KGIS_Police_Admin_Areas\Police_Stations_Hierarchy_20260805_172659\Police_Stations\Banahatti_PS,2,17,35
Teradal PS,H:\KGIS_Police_Admin_Areas\Police_Stations_Hierarchy_20260805_172659\Police_Stations\Teradal_PS,3,19,39
Bilagi PS,H:\KGIS_Police_Admin_Areas\Police_Stations_Hierarchy_20260805_172659\Police_Stations\Bilagi_PS,7,108,18
Jamakhandi Rural PS,H:\KGIS_Police_Admin_Areas\Police_Stations_Hierarchy_20260805_172659\Police_Stations\Jamakhandi_Rural_PS,2,52,7
Jamakhandi Town PS,H:\KGIS_Police_Admin_Areas\Police_Stations_Hierarchy_20260805_172659\Police_Stations\Jamakhandi_Town_PS,1,14,30
Savalgi PS,H:\KGIS_Police_Admin_Areas\Police_Stations_Hierarchy_20260805_172659\Police_Stations\Savalgi_PS,3,43,0
Lokapur PS,H:\KGIS_Police_Admin_Areas\Police_Stations_Hierarchy_20260805_172659\Police_Stations\Lokapur_PS,4,52,15
Mahalingapur PS,H:\KGIS_Police_Admin_Areas\Police_Stations_Hierarchy_20260805_172659\Police_Stations\Mahalingapur_PS,2,26,41
Mudhol PS,H:\KGIS_Police_Admin_Areas\Police_Stations_Hierarchy_20260805_172659\Police_Stations\Mudhol_PS_2,3,58,31
Kagawad PS,H:\KGIS_Police_Admin_Areas\Police_Stations_Hierarchy_20260805_172659\Police_Stations\Kagawad_PS,1,24,58
Aigali PS,H:\KGIS_Police_Admin_Areas\Police_Stations_Hierarchy_20260805_172659\Police_Stations\Aigali_PS,1,22,0
Raibag PS,H:\KGIS_Police_Admin_Areas\Police_Stations_Hierarchy_20260805_172659\Police_Stations\Raibag_PS,1,34,36
KudachiI PS,H:\KGIS_Police_Admin_Areas\Police_Stations_Hierarchy_20260805_172659\Police_Stations\KudachiI_PS,2,13,42
Harugeri PS,H:\KGIS_Police_Admin_Areas\Police_Stations_Hierarchy_20260805_172659\Police_Stations\Harugeri_PS,3,26,46
Bailhongal PS,H:\KGIS_Police_Admin_Areas\Police_Stations_Hierarchy_20260805_172659\Police_Stations\Bailhongal_PS,1,50,27
Nesaragi PS,H:\KGIS_Police_Admin_Areas\Police_Stations_Hierarchy_20260805_172659\Police_Stations\Nesaragi_PS,2,29,0
Khanapur PS,H:\KGIS_Police_Admin_Areas\Police_Stations_Hierarchy_20260805_172659\Police_Stations\Khanapur_PS,2,148,23
Nandgad PS,H:\KGIS_Police_Admin_Areas\Police_Stations_Hierarchy_20260805_172659\Police_Stations\Nandgad_PS,2,99,3
Doddawad PS,H:\KGIS_Police_Admin_Areas\Police_Stations_Hierarchy_20260805_172659\Police_Stations\Doddawad_PS,0,22,0
Kittur PS,H:\KGIS_Police_Admin_Areas\Police_Stations_Hierarchy_20260805_172659\Police_Stations\Kittur_PS,1,47,32
Ankali PS,H:\KGIS_Police_Admin_Areas\Police_Stations_Hierarchy_20260805_172659\Police_Stations\Ankali_PS,1,11,0
Chikkodi PS,H:\KGIS_Police_Admin_Areas\Police_Stations_Hierarchy_20260805_172659\Police_Stations\Chikkodi_PS,1,33,42
Sadalaga PS,H:\KGIS_Police_Admin_Areas\Police_Stations_Hierarchy_20260805_172659\Police_Stations\Sadalaga_PS,2,20,57
Basaweshwar Chowk PS,H:\KGIS_Police_Admin_Areas\Police_Stations_Hierarchy_20260805_172659\Police_Stations\Basaweshwar_Chowk_PS,1,5,1
Khadakalat PS,H:\KGIS_Police_Admin_Areas\Police_Stations_Hierarchy_20260805_172659\Police_Stations\Khadakalat_PS,1,13,0
Nippani Rural PS,H:\KGIS_Police_Admin_Areas\Police_Stations_Hierarchy_20260805_172659\Police_Stations\Nippani_Rural_PS,1,23,1
Nippani Town PS,H:\KGIS_Police_Admin_Areas\Police_Stations_Hierarchy_20260805_172659\Police_Stations\Nippani_Town_PS,1,4,30
Gokak Rural PS,H:\KGIS_Police_Admin_Areas\Police_Stations_Hierarchy_20260805_172659\Police_Stations\Gokak_Rural_PS,0,30,22
Gokak Town PS,H:\KGIS_Police_Admin_Areas\Police_Stations_Hierarchy_20260805_172659\Police_Stations\Gokak_Town_PS,1,0,39
Hukkeri PS,H:\KGIS_Police_Admin_Areas\Police_Stations_Hierarchy_20260805_172659\Police_Stations\Hukkeri_PS,1,32,23
Sankeshwar PS,H:\KGIS_Police_Admin_Areas\Police_Stations_Hierarchy_20260805_172659\Police_Stations\Sankeshwar_PS,1,33,23
Yamakanmardi PS,H:\KGIS_Police_Admin_Areas\Police_Stations_Hierarchy_20260805_172659\Police_Stations\Yamakanmardi_PS,2,67,0
Ghataprabha PS,H:\KGIS_Police_Admin_Areas\Police_Stations_Hierarchy_20260805_172659\Police_Stations\Ghataprabha_PS,2,23,57
Kulgod PS,H:\KGIS_Police_Admin_Areas\Police_Stations_Hierarchy_20260805_172659\Police_Stations\Kulgod_PS,2,46,0
Mudalgi PS,H:\KGIS_Police_Admin_Areas\Police_Stations_Hierarchy_20260805_172659\Police_Stations\Mudalgi_PS,0,16,40
Katkol PS,H:\KGIS_Police_Admin_Areas\Police_Stations_Hierarchy_20260805_172659\Police_Stations\Katkol_PS,3,66,0
Ramadurga PS,H:\KGIS_Police_Admin_Areas\Police_Stations_Hierarchy_20260805_172659\Police_Stations\Ramadurga_PS,2,67,28
Murgod PS,H:\KGIS_Police_Admin_Areas\Police_Stations_Hierarchy_20260805_172659\Police_Stations\Murgod_PS,0,56,0
Soundatti PS,H:\KGIS_Police_Admin_Areas\Police_Stations_Hierarchy_20260805_172659\Police_Stations\Soundatti_PS,5,85,50
Alnavar PS,H:\KGIS_Police_Admin_Areas\Police_Stations_Hierarchy_20260805_172659\Police_Stations\Alnavar_PS,4,49,18
Dharwad Rural PS,H:\KGIS_Police_Admin_Areas\Police_Stations_Hierarchy_20260805_172659\Police_Stations\Dharwad_Rural_PS,6,140,13
Garag PS,H:\KGIS_Police_Admin_Areas\Police_Stations_Hierarchy_20260805_172659\Police_Stations\Garag_PS,3,62,0
Gudageri PS,H:\KGIS_Police_Admin_Areas\Police_Stations_Hierarchy_20260805_172659\Police_Stations\Gudageri_PS,3,47,0
Hubli Rural PS,H:\KGIS_Police_Admin_Areas\Police_Stations_Hierarchy_20260805_172659\Police_Stations\Hubli_Rural_PS,10,103,13
Kalaghatagi PS,H:\KGIS_Police_Admin_Areas\Police_Stations_Hierarchy_20260805_172659\Police_Stations\Kalaghatagi_PS,10,126,17
Kundagol PS,H:\KGIS_Police_Admin_Areas\Police_Stations_Hierarchy_20260805_172659\Police_Stations\Kundagol_PS,4,56,19
Navalgund PS,H:\KGIS_Police_Admin_Areas\Police_Stations_Hierarchy_20260805_172659\Police_Stations\Navalgund_PS,5,62,23
Annigeri PS,H:\KGIS_Police_Admin_Areas\Police_Stations_Hierarchy_20260805_172659\Police_Stations\Annigeri_PS,6,38,23
Betageri PS,H:\KGIS_Police_Admin_Areas\Police_Stations_Hierarchy_20260805_172659\Police_Stations\Betageri_PS,1,10,15
Betageri Extention PS,H:\KGIS_Police_Admin_Areas\Police_Stations_Hierarchy_20260805_172659\Police_Stations\Betageri_Extention_PS,2,3,13
Gadag Rural PS,H:\KGIS_Police_Admin_Areas\Police_Stations_Hierarchy_20260805_172659\Police_Stations\Gadag_Rural_PS,6,75,8
Mulagund PS,H:\KGIS_Police_Admin_Areas\Police_Stations_Hierarchy_20260805_172659\Police_Stations\Mulagund_PS,2,28,19
Gadag Town PS,H:\KGIS_Police_Admin_Areas\Police_Stations_Hierarchy_20260805_172659\Police_Stations\Gadag_Town_PS,1,2,21
Shirahatti PS,H:\KGIS_Police_Admin_Areas\Police_Stations_Hierarchy_20260805_172659\Police_Stations\Shirahatti_PS,3,73,18
Mundargi PS,H:\KGIS_Police_Admin_Areas\Police_Stations_Hierarchy_20260805_172659\Police_Stations\Mundargi_PS,3,83,23
Naragund PS,H:\KGIS_Police_Admin_Areas\Police_Stations_Hierarchy_20260805_172659\Police_Stations\Naragund_PS,5,58,23
Gajendragad PS,H:\KGIS_Police_Admin_Areas\Police_Stations_Hierarchy_20260805_172659\Police_Stations\Gajendragad_PS,2,59,23
Naregal PS,H:\KGIS_Police_Admin_Areas\Police_Stations_Hierarchy_20260805_172659\Police_Stations\Naregal_PS,3,28,20
Ron PS,H:\KGIS_Police_Admin_Areas\Police_Stations_Hierarchy_20260805_172659\Police_Stations\Ron_PS,7,74,23
Alamatti PS,H:\KGIS_Police_Admin_Areas\Police_Stations_Hierarchy_20260805_172659\Police_Stations\Alamatti_PS,1,7,0
Basavan Bagewadi PS,H:\KGIS_Police_Admin_Areas\Police_Stations_Hierarchy_20260805_172659\Police_Stations\Basavan_Bagewadi_PS,7,79,23
Kolhar PS,H:\KGIS_Police_Admin_Areas\Police_Stations_Hierarchy_20260805_172659\Police_Stations\Kolhar_PS,4,41,17
Managoli PS,H:\KGIS_Police_Admin_Areas\Police_Stations_Hierarchy_20260805_172659\Police_Stations\Managoli_PS,3,31,20
Nidagundi PS,H:\KGIS_Police_Admin_Areas\Police_Stations_Hierarchy_20260805_172659\Police_Stations\Nidagundi_PS,3,47,16
Muddebihal PS,H:\KGIS_Police_Admin_Areas\Police_Stations_Hierarchy_20260805_172659\Police_Stations\Muddebihal_PS,11,141,37
Talikot PS,H:\KGIS_Police_Admin_Areas\Police_Stations_Hierarchy_20260805_172659\Police_Stations\Talikot_PS,10,88,23
Babaleshwar PS,H:\KGIS_Police_Admin_Areas\Police_Stations_Hierarchy_20260805_172659\Police_Stations\Babaleshwar_PS,3,64,0
Bijapur Rural PS,H:\KGIS_Police_Admin_Areas\Police_Stations_Hierarchy_20260805_172659\Police_Stations\Bijapur_Rural_PS,3,66,13
Tikota PS,H:\KGIS_Police_Admin_Areas\Police_Stations_Hierarchy_20260805_172659\Police_Stations\Tikota_PS,1,28,0
Gandhi Chowk PS,H:\KGIS_Police_Admin_Areas\Police_Stations_Hierarchy_20260805_172659\Police_Stations\Gandhi_Chowk_PS,1,1,21
Adarsh Nagar PS,H:\KGIS_Police_Admin_Areas\Police_Stations_Hierarchy_20260805_172659\Police_Stations\Adarsh_Nagar_PS,2,3,10
Vijayapura APMC PS,H:\KGIS_Police_Admin_Areas\Police_Stations_Hierarchy_20260805_172659\Police_Stations\Vijayapura_APMC_PS,1,2,11
Golgumbaz PS,H:\KGIS_Police_Admin_Areas\Police_Stations_Hierarchy_20260805_172659\Police_Stations\Golgumbaz_PS,1,1,15
Jalanagar PS,H:\KGIS_Police_Admin_Areas\Police_Stations_Hierarchy_20260805_172659\Police_Stations\Jalanagar_PS,1,3,11
Chadachan PS,H:\KGIS_Police_Admin_Areas\Police_Stations_Hierarchy_20260805_172659\Police_Stations\Chadachan_PS,2,32,16
Zalaki PS,H:\KGIS_Police_Admin_Areas\Police_Stations_Hierarchy_20260805_172659\Police_Stations\Zalaki_PS,2,36,0
Hortti PS,H:\KGIS_Police_Admin_Areas\Police_Stations_Hierarchy_20260805_172659\Police_Stations\Hortti_PS,2,39,0
Indi PS,H:\KGIS_Police_Admin_Areas\Police_Stations_Hierarchy_20260805_172659\Police_Stations\Indi_PS,4,68,23
Almel PS,H:\KGIS_Police_Admin_Areas\Police_Stations_Hierarchy_20260805_172659\Police_Stations\Almel_PS,5,59,22
Devara Hipparagi PS,H:\KGIS_Police_Admin_Areas\Police_Stations_Hierarchy_20260805_172659\Police_Stations\Devara_Hipparagi_PS,1,44,17
Kalkeri PS,H:\KGIS_Police_Admin_Areas\Police_Stations_Hierarchy_20260805_172659\Police_Stations\Kalkeri_PS,4,58,0
Sindagi PS,H:\KGIS_Police_Admin_Areas\Police_Stations_Hierarchy_20260805_172659\Police_Stations\Sindagi_PS,4,71,23
Chamarajanagar East PS,H:\KGIS_Police_Admin_Areas\Police_Stations_Hierarchy_20260805_172659\Police_Stations\Chamarajanagar_East_PS,9,118,13
Chamarajanagar Rural PS,H:\KGIS_Police_Admin_Areas\Police_Stations_Hierarchy_20260805_172659\Police_Stations\Chamarajanagar_Rural_PS,13,143,4
Kuderu PS,H:\KGIS_Police_Admin_Areas\Police_Stations_Hierarchy_20260805_172659\Police_Stations\Kuderu_PS,6,44,0
Santemaralli PS,H:\KGIS_Police_Admin_Areas\Police_Stations_Hierarchy_20260805_172659\Police_Stations\Santemaralli_PS,5,36,0
Chamarajanagar Town PS,H:\KGIS_Police_Admin_Areas\Police_Stations_Hierarchy_20260805_172659\Police_Stations\Chamarajanagar_Town_PS,1,21,31
Begur PS,H:\KGIS_Police_Admin_Areas\Police_Stations_Hierarchy_20260805_172659\Police_Stations\Begur_PS,4,63,0
Gundlupete PS,H:\KGIS_Police_Admin_Areas\Police_Stations_Hierarchy_20260805_172659\Police_Stations\Gundlupete_PS,4,126,23
Terakambi PS,H:\KGIS_Police_Admin_Areas\Police_Stations_Hierarchy_20260805_172659\Police_Stations\Terakambi_PS,3,90,0
Hanur PS,H:\KGIS_Police_Admin_Areas\Police_Stations_Hierarchy_20260805_172659\Police_Stations\Hanur_PS,6,50,13
Kollegala Rural PS,H:\KGIS_Police_Admin_Areas\Police_Stations_Hierarchy_20260805_172659\Police_Stations\Kollegala_Rural_PS,7,62,8
Kollegala Town PS,H:\KGIS_Police_Admin_Areas\Police_Stations_Hierarchy_20260805_172659\Police_Stations\Kollegala_Town_PS,1,14,31
M.M. Hills PS,H:\KGIS_Police_Admin_Areas\Police_Stations_Hierarchy_20260805_172659\Police_Stations\M.M._Hills_PS,15,15,0
Ramapura PS,H:\KGIS_Police_Admin_Areas\Police_Stations_Hierarchy_20260805_172659\Police_Stations\Ramapura_PS,35,51,0
Mambali PS,H:\KGIS_Police_Admin_Areas\Police_Stations_Hierarchy_20260805_172659\Police_Stations\Mambali_PS,2,14,1
Yelandur PS,H:\KGIS_Police_Admin_Areas\Police_Stations_Hierarchy_20260805_172659\Police_Stations\Yelandur_PS,5,46,11
Arasikere Rural PS,H:\KGIS_Police_Admin_Areas\Police_Stations_Hierarchy_20260805_172659\Police_Stations\Arasikere_Rural_PS,6,110,3
Banavara PS,H:\KGIS_Police_Admin_Areas\Police_Stations_Hierarchy_20260805_172659\Police_Stations\Banavara_PS,4,188,3
Gandasi PS,H:\KGIS_Police_Admin_Areas\Police_Stations_Hierarchy_20260805_172659\Police_Stations\Gandasi_PS,4,104,0
Javagal PS,H:\KGIS_Police_Admin_Areas\Police_Stations_Hierarchy_20260805_172659\Police_Stations\Javagal_PS,7,110,0
Arasikere Town PS,H:\KGIS_Police_Admin_Areas\Police_Stations_Hierarchy_20260805_172659\Police_Stations\Arasikere_Town_PS,1,10,31
Belur PS,H:\KGIS_Police_Admin_Areas\Police_Stations_Hierarchy_20260805_172659\Police_Stations\Belur_PS,6,149,23
Halebeedu PS,H:\KGIS_Police_Admin_Areas\Police_Stations_Hierarchy_20260805_172659\Police_Stations\Halebeedu_PS,4,177,0
Hassan City PS,H:\KGIS_Police_Admin_Areas\Police_Stations_Hierarchy_20260805_172659\Police_Stations\Hassan_City_PS,2,23,30
Hassan Extention PS,H:\KGIS_Police_Admin_Areas\Police_Stations_Hierarchy_20260805_172659\Police_Stations\Hassan_Extention_PS,2,31,11
Pension Mohalla PS,H:\KGIS_Police_Admin_Areas\Police_Stations_Hierarchy_20260805_172659\Police_Stations\Pension_Mohalla_PS,1,19,15
Dudda PS,H:\KGIS_Police_Admin_Areas\Police_Stations_Hierarchy_20260805_172659\Police_Stations\Dudda_PS,4,107,0
Goruru PS,H:\KGIS_Police_Admin_Areas\Police_Stations_Hierarchy_20260805_172659\Police_Stations\Goruru_PS,4,111,0
Hassan Rural PS,H:\KGIS_Police_Admin_Areas\Police_Stations_Hierarchy_20260805_172659\Police_Stations\Hassan_Rural_PS,6,187,0
Shanthigrama PS,H:\KGIS_Police_Admin_Areas\Police_Stations_Hierarchy_20260805_172659\Police_Stations\Shanthigrama_PS,5,121,0
Arakalagud PS,H:\KGIS_Police_Admin_Areas\Police_Stations_Hierarchy_20260805_172659\Police_Stations\Arakalagud_PS,9,245,17
Konanur PS,H:\KGIS_Police_Admin_Areas\Police_Stations_Hierarchy_20260805_172659\Police_Stations\Konanur_PS,10,171,0
Channarayapatna Rural PS,H:\KGIS_Police_Admin_Areas\Police_Stations_Hierarchy_20260805_172659\Police_Stations\Channarayapatna_Rural_PS,6,212,3
Channarayapatna Town PS,H:\KGIS_Police_Admin_Areas\Police_Stations_Hierarchy_20260805_172659\Police_Stations\Channarayapatna_Town_PS,2,99,23
Hirisave PS,H:\KGIS_Police_Admin_Areas\Police_Stations_Hierarchy_20260805_172659\Police_Stations\Hirisave_PS,4,93,0
Nuggehalli PS,H:\KGIS_Police_Admin_Areas\Police_Stations_Hierarchy_20260805_172659\Police_Stations\Nuggehalli_PS,4,95,0
Shravanabelagola PS,H:\KGIS_Police_Admin_Areas\Police_Stations_Hierarchy_20260805_172659\Police_Stations\Shravanabelagola_PS,3,102,0
Hallymysore PS,H:\KGIS_Police_Admin_Areas\Police_Stations_Hierarchy_20260805_172659\Police_Stations\Hallymysore_PS,3,138,0
Holenarasipura Rural PS,H:\KGIS_Police_Admin_Areas\Police_Stations_Hierarchy_20260805_172659\Police_Stations\Holenarasipura_Rural_PS,5,151,3
Holenarasipura Town PS,H:\KGIS_Police_Admin_Areas\Police_Stations_Hierarchy_20260805_172659\Police_Stations\Holenarasipura_Town_PS,5,135,23
Alur PS,H:\KGIS_Police_Admin_Areas\Police_Stations_Hierarchy_20260805_172659\Police_Stations\Alur_PS,11,343,11
Sakaleshpura Rural PS,H:\KGIS_Police_Admin_Areas\Police_Stations_Hierarchy_20260805_172659\Police_Stations\Sakaleshpura_Rural_PS,7,123,0
Sakaleshpura Town PS,H:\KGIS_Police_Admin_Areas\Police_Stations_Hierarchy_20260805_172659\Police_Stations\Sakaleshpura_Town_PS,4,88,23
Yeslur PS,H:\KGIS_Police_Admin_Areas\Police_Stations_Hierarchy_20260805_172659\Police_Stations\Yeslur_PS,9,145,0
Bhagamandala PS,H:\KGIS_Police_Admin_Areas\Police_Stations_Hierarchy_20260805_172659\Police_Stations\Bhagamandala_PS,1,22,0
Madikeri Rural PS,H:\KGIS_Police_Admin_Areas\Police_Stations_Hierarchy_20260805_172659\Police_Stations\Madikeri_Rural_PS,4,71,3
Napoklu PS,H:\KGIS_Police_Admin_Areas\Police_Stations_Hierarchy_20260805_172659\Police_Stations\Napoklu_PS,1,30,0
Madikeri Town PS,H:\KGIS_Police_Admin_Areas\Police_Stations_Hierarchy_20260805_172659\Police_Stations\Madikeri_Town_PS,0,3,23
Siddapura PS,H:\KGIS_Police_Admin_Areas\Police_Stations_Hierarchy_20260805_172659\Police_Stations\Siddapura_PS,5,42,0
Kushalanagar Rural PS,H:\KGIS_Police_Admin_Areas\Police_Stations_Hierarchy_20260805_172659\Police_Stations\Kushalanagar_Rural_PS,4,70,0
Kushalnagar PS,H:\KGIS_Police_Admin_Areas\Police_Stations_Hierarchy_20260805_172659\Police_Stations\Kushalnagar_PS,1,7,16
Sunticoppa PS,H:\KGIS_Police_Admin_Areas\Police_Stations_Hierarchy_20260805_172659\Police_Stations\Sunticoppa_PS,1,29,0
Shanivarasanthe PS,H:\KGIS_Police_Admin_Areas\Police_Stations_Hierarchy_20260805_172659\Police_Stations\Shanivarasanthe_PS,6,194,0
Somwarpet PS,H:\KGIS_Police_Admin_Areas\Police_Stations_Hierarchy_20260805_172659\Police_Stations\Somwarpet_PS,5,103,11
Gonikoppa PS,H:\KGIS_Police_Admin_Areas\Police_Stations_Hierarchy_20260805_172659\Police_Stations\Gonikoppa_PS,4,25,0
Ponnampet PS,H:\KGIS_Police_Admin_Areas\Police_Stations_Hierarchy_20260805_172659\Police_Stations\Ponnampet_PS,7,46,0
Kutta PS,H:\KGIS_Police_Admin_Areas\Police_Stations_Hierarchy_20260805_172659\Police_Stations\Kutta_PS,2,15,0
Virajpet Town PS,H:\KGIS_Police_Admin_Areas\Police_Stations_Hierarchy_20260805_172659\Police_Stations\Virajpet_Town_PS,1,12,18
Virajpet Rural PS,H:\KGIS_Police_Admin_Areas\Police_Stations_Hierarchy_20260805_172659\Police_Stations\Virajpet_Rural_PS,4,54,7
Halagur PS,H:\KGIS_Police_Admin_Areas\Police_Stations_Hierarchy_20260805_172659\Police_Stations\Halagur_PS,13,101,0
K.M. Doddi PS,H:\KGIS_Police_Admin_Areas\Police_Stations_Hierarchy_20260805_172659\Police_Stations\K.M._Doddi_PS,12,64,0
Besagaraghalli PS,H:\KGIS_Police_Admin_Areas\Police_Stations_Hierarchy_20260805_172659\Police_Stations\Besagaraghalli_PS,7,38,0
Kesthur PS,H:\KGIS_Police_Admin_Areas\Police_Stations_Hierarchy_20260805_172659\Police_Stations\Kesthur_PS,5,50,1
Koppa PS,H:\KGIS_Police_Admin_Areas\Police_Stations_Hierarchy_20260805_172659\Police_Stations\Koppa_PS,7,46,0
Maddur PS,H:\KGIS_Police_Admin_Areas\Police_Stations_Hierarchy_20260805_172659\Police_Stations\Maddur_PS,10,78,23
Belakavadi PS,H:\KGIS_Police_Admin_Areas\Police_Stations_Hierarchy_20260805_172659\Police_Stations\Belakavadi_PS,6,76,0
Kirugavalu PS,H:\KGIS_Police_Admin_Areas\Police_Stations_Hierarchy_20260805_172659\Police_Stations\Kirugavalu_PS,11,57,0
Malavalli Rural PS,H:\KGIS_Police_Admin_Areas\Police_Stations_Hierarchy_20260805_172659\Police_Stations\Malavalli_Rural_PS,11,76,5
Malavalli Town PS,H:\KGIS_Police_Admin_Areas\Police_Stations_Hierarchy_20260805_172659\Police_Stations\Malavalli_Town_PS,2,8,23
Basaralu PS,H:\KGIS_Police_Admin_Areas\Police_Stations_Hierarchy_20260805_172659\Police_Stations\Basaralu_PS,5,68,0
Keragodu PS,H:\KGIS_Police_Admin_Areas\Police_Stations_Hierarchy_20260805_172659\Police_Stations\Keragodu_PS,13,68,0
Mandya Rural PS,H:\KGIS_Police_Admin_Areas\Police_Stations_Hierarchy_20260805_172659\Police_Stations\Mandya_Rural_PS,15,89,10
Shivalli PS,H:\KGIS_Police_Admin_Areas\Police_Stations_Hierarchy_20260805_172659\Police_Stations\Shivalli_PS,6,66,0
Mandya Central PS,H:\KGIS_Police_Admin_Areas\Police_Stations_Hierarchy_20260805_172659\Police_Stations\Mandya_Central_PS,3,19,1
Mandya East PS,H:\KGIS_Police_Admin_Areas\Police_Stations_Hierarchy_20260805_172659\Police_Stations\Mandya_East_PS,2,11,18
Mandya West PS,H:\KGIS_Police_Admin_Areas\Police_Stations_Hierarchy_20260805_172659\Police_Stations\Mandya_West_PS,2,5,28
K.R. Pet Rural PS,H:\KGIS_Police_Admin_Areas\Police_Stations_Hierarchy_20260805_172659\Police_Stations\K.R._Pet_Rural_PS,8,171,4
K.R. Pet Town PS,H:\KGIS_Police_Admin_Areas\Police_Stations_Hierarchy_20260805_172659\Police_Stations\K.R._Pet_Town_PS,7,161,23
Kikkeri PS,H:\KGIS_Police_Admin_Areas\Police_Stations_Hierarchy_20260805_172659\Police_Stations\Kikkeri_PS,6,124,0
Bellur PS,H:\KGIS_Police_Admin_Areas\Police_Stations_Hierarchy_20260805_172659\Police_Stations\Bellur_PS,8,129,13
Bindiganavile PS,H:\KGIS_Police_Admin_Areas\Police_Stations_Hierarchy_20260805_172659\Police_Stations\Bindiganavile_PS,4,119,0
Nagamangala Rural  PS,H:\KGIS_Police_Admin_Areas\Police_Stations_Hierarchy_20260805_172659\Police_Stations\Nagamangala_Rural_PS,9,239,0
Nagamangala Town PS,H:\KGIS_Police_Admin_Areas\Police_Stations_Hierarchy_20260805_172659\Police_Stations\Nagamangala_Town_PS,3,41,23
Pandavapura PS,H:\KGIS_Police_Admin_Areas\Police_Stations_Hierarchy_20260805_172659\Police_Stations\Pandavapura_PS,8,112,23
Arakere PS,H:\KGIS_Police_Admin_Areas\Police_Stations_Hierarchy_20260805_172659\Police_Stations\Arakere_PS,6,67,0
K.R. Sagar PS,H:\KGIS_Police_Admin_Areas\Police_Stations_Hierarchy_20260805_172659\Police_Stations\K.R._Sagar_PS,4,40,0
Melukote PS,H:\KGIS_Police_Admin_Areas\Police_Stations_Hierarchy_20260805_172659\Police_Stations\Melukote_PS,3,75,0
Srirangapatna PS,H:\KGIS_Police_Admin_Areas\Police_Stations_Hierarchy_20260805_172659\Police_Stations\Srirangapatna_PS,5,26,23
Beechanahalli PS,H:\KGIS_Police_Admin_Areas\Police_Stations_Hierarchy_20260805_172659\Police_Stations\Beechanahalli_PS,2,68,2
H.D. Kote PS,H:\KGIS_Police_Admin_Areas\Police_Stations_Hierarchy_20260805_172659\Police_Stations\H.D._Kote_PS,9,185,23
Saragur PS,H:\KGIS_Police_Admin_Areas\Police_Stations_Hierarchy_20260805_172659\Police_Stations\Saragur_PS,7,136,13
Bilikere PS,H:\KGIS_Police_Admin_Areas\Police_Stations_Hierarchy_20260805_172659\Police_Stations\Bilikere_PS,11,182,0
Hunusur Rural PS,H:\KGIS_Police_Admin_Areas\Police_Stations_Hierarchy_20260805_172659\Police_Stations\Hunusur_Rural_PS,9,204,25
Hunusur Town PS,H:\KGIS_Police_Admin_Areas\Police_Stations_Hierarchy_20260805_172659\Police_Stations\Hunusur_Town_PS,1,20,16
Bettadapura PS,H:\KGIS_Police_Admin_Areas\Police_Stations_Hierarchy_20260805_172659\Police_Stations\Bettadapura_PS,8,131,0
Bylakuppe PS,H:\KGIS_Police_Admin_Areas\Police_Stations_Hierarchy_20260805_172659\Police_Stations\Bylakuppe_PS,5,46,7
Periyapatna PS,H:\KGIS_Police_Admin_Areas\Police_Stations_Hierarchy_20260805_172659\Police_Stations\Periyapatna_PS,9,149,23
K.R. Nagar PS,H:\KGIS_Police_Admin_Areas\Police_Stations_Hierarchy_20260805_172659\Police_Stations\K.R._Nagar_PS,13,178,23
Saligrama PS,H:\KGIS_Police_Admin_Areas\Police_Stations_Hierarchy_20260805_172659\Police_Stations\Saligrama_PS,5,121,0
Jayapura PS,H:\KGIS_Police_Admin_Areas\Police_Stations_Hierarchy_20260805_172659\Police_Stations\Jayapura_PS,5,79,1
Mysore South PS,H:\KGIS_Police_Admin_Areas\Police_Stations_Hierarchy_20260805_172659\Police_Stations\Mysore_South_PS,5,58,3
Varuna PS,H:\KGIS_Police_Admin_Areas\Police_Stations_Hierarchy_20260805_172659\Police_Stations\Varuna_PS,6,61,0
Yelawala PS,H:\KGIS_Police_Admin_Areas\Police_Stations_Hierarchy_20260805_172659\Police_Stations\Yelawala_PS,7,67,0
Biligere PS,H:\KGIS_Police_Admin_Areas\Police_Stations_Hierarchy_20260805_172659\Police_Stations\Biligere_PS,5,57,1
Hullahalli PS,H:\KGIS_Police_Admin_Areas\Police_Stations_Hierarchy_20260805_172659\Police_Stations\Hullahalli_PS,8,105,0
Kowlande PS,H:\KGIS_Police_Admin_Areas\Police_Stations_Hierarchy_20260805_172659\Police_Stations\Kowlande_PS,6,69,0
Nanjanagudu Rural PS,H:\KGIS_Police_Admin_Areas\Police_Stations_Hierarchy_20260805_172659\Police_Stations\Nanjanagudu_Rural_PS,7,101,25
Nanjanagudu Town PS,H:\KGIS_Police_Admin_Areas\Police_Stations_Hierarchy_20260805_172659\Police_Stations\Nanjanagudu_Town_PS,1,12,23
Bannur PS,H:\KGIS_Police_Admin_Areas\Police_Stations_Hierarchy_20260805_172659\Police_Stations\Bannur_PS,9,92,24
T. Narasipura PS,H:\KGIS_Police_Admin_Areas\Police_Stations_Hierarchy_20260805_172659\Police_Stations\T._Narasipura_PS,10,110,23
Talakadu PS,H:\KGIS_Police_Admin_Areas\Police_Stations_Hierarchy_20260805_172659\Police_Stations\Talakadu_PS,5,47,0
Aldur PS,H:\KGIS_Police_Admin_Areas\Police_Stations_Hierarchy_20260805_172659\Police_Stations\Aldur_PS,9,97,0
Chickmagalur Rural PS,H:\KGIS_Police_Admin_Areas\Police_Stations_Hierarchy_20260805_172659\Police_Stations\Chickmagalur_Rural_PS,9,187,7
Mallanduru PS,H:\KGIS_Police_Admin_Areas\Police_Stations_Hierarchy_20260805_172659\Police_Stations\Mallanduru_PS,6,65,0
Basavanahalli PS,H:\KGIS_Police_Admin_Areas\Police_Stations_Hierarchy_20260805_172659\Police_Stations\Basavanahalli_PS,1,17,29
Chickmagalur Town PS,H:\KGIS_Police_Admin_Areas\Police_Stations_Hierarchy_20260805_172659\Police_Stations\Chickmagalur_Town_PS,2,17,19
Balur PS,H:\KGIS_Police_Admin_Areas\Police_Stations_Hierarchy_20260805_172659\Police_Stations\Balur_PS,4,33,0
Banakal PS,H:\KGIS_Police_Admin_Areas\Police_Stations_Hierarchy_20260805_172659\Police_Stations\Banakal_PS,4,35,0
Gonibeedu PS,H:\KGIS_Police_Admin_Areas\Police_Stations_Hierarchy_20260805_172659\Police_Stations\Gonibeedu_PS,6,75,0
Mudigere PS,H:\KGIS_Police_Admin_Areas\Police_Stations_Hierarchy_20260805_172659\Police_Stations\Mudigere_PS,5,66,11
Hariharapura PS,H:\KGIS_Police_Admin_Areas\Police_Stations_Hierarchy_20260805_172659\Police_Stations\Hariharapura_PS,9,60,0
Jayapura PS,H:\KGIS_Police_Admin_Areas\Police_Stations_Hierarchy_20260805_172659\Police_Stations\Jayapura_PS_2,5,49,0
Koppa PS,H:\KGIS_Police_Admin_Areas\Police_Stations_Hierarchy_20260805_172659\Police_Stations\Koppa_PS_2,5,48,11
Kalasa PS,H:\KGIS_Police_Admin_Areas\Police_Stations_Hierarchy_20260805_172659\Police_Stations\Kalasa_PS,4,28,0
Kuduremukh PS,H:\KGIS_Police_Admin_Areas\Police_Stations_Hierarchy_20260805_172659\Police_Stations\Kuduremukh_PS,1,8,1
Balehonnur PS,H:\KGIS_Police_Admin_Areas\Police_Stations_Hierarchy_20260805_172659\Police_Stations\Balehonnur_PS,6,43,0
N.R. Pura PS,H:\KGIS_Police_Admin_Areas\Police_Stations_Hierarchy_20260805_172659\Police_Stations\N.R._Pura_PS,9,90,11
Sringeri PS,H:\KGIS_Police_Admin_Areas\Police_Stations_Hierarchy_20260805_172659\Police_Stations\Sringeri_PS,13,73,11
Birur PS,H:\KGIS_Police_Admin_Areas\Police_Stations_Hierarchy_20260805_172659\Police_Stations\Birur_PS,3,77,23
Kadur PS,H:\KGIS_Police_Admin_Areas\Police_Stations_Hierarchy_20260805_172659\Police_Stations\Kadur_PS,7,125,23
Panchanahalli PS,H:\KGIS_Police_Admin_Areas\Police_Stations_Hierarchy_20260805_172659\Police_Stations\Panchanahalli_PS,4,59,0
Sakkaraya Patna PS,H:\KGIS_Police_Admin_Areas\Police_Stations_Hierarchy_20260805_172659\Police_Stations\Sakkaraya_Patna_PS,5,109,0
Singatagere PS,H:\KGIS_Police_Admin_Areas\Police_Stations_Hierarchy_20260805_172659\Police_Stations\Singatagere_PS,3,42,0
Ajjampura PS,H:\KGIS_Police_Admin_Areas\Police_Stations_Hierarchy_20260805_172659\Police_Stations\Ajjampura_PS,7,182,0
Lakkavalli PS,H:\KGIS_Police_Admin_Areas\Police_Stations_Hierarchy_20260805_172659\Police_Stations\Lakkavalli_PS,6,53,0
Lingadahalli PS,H:\KGIS_Police_Admin_Areas\Police_Stations_Hierarchy_20260805_172659\Police_Stations\Lingadahalli_PS,5,44,1
Tarikere Town PS,H:\KGIS_Police_Admin_Areas\Police_Stations_Hierarchy_20260805_172659\Police_Stations\Tarikere_Town_PS,6,98,23
Buntwala Rural PS,H:\KGIS_Police_Admin_Areas\Police_Stations_Hierarchy_20260805_172659\Police_Stations\Buntwala_Rural_PS,5,68,4
Bantwal Town PS,H:\KGIS_Police_Admin_Areas\Police_Stations_Hierarchy_20260805_172659\Police_Stations\Bantwal_Town_PS,3,25,27
Vitla PS,H:\KGIS_Police_Admin_Areas\Police_Stations_Hierarchy_20260805_172659\Police_Stations\Vitla_PS,4,33,18
Belthangadi PS,H:\KGIS_Police_Admin_Areas\Police_Stations_Hierarchy_20260805_172659\Police_Stations\Belthangadi_PS,5,40,11
Dharmasthala PS,H:\KGIS_Police_Admin_Areas\Police_Stations_Hierarchy_20260805_172659\Police_Stations\Dharmasthala_PS,8,38,0
Punjalkatte PS,H:\KGIS_Police_Admin_Areas\Police_Stations_Hierarchy_20260805_172659\Police_Stations\Punjalkatte_PS,4,41,0
VenoorPS,H:\KGIS_Police_Admin_Areas\Police_Stations_Hierarchy_20260805_172659\Police_Stations\VenoorPS,4,44,2
Puttur Rural PS,H:\KGIS_Police_Admin_Areas\Police_Stations_Hierarchy_20260805_172659\Police_Stations\Puttur_Rural_PS,2,38,6
Uppinangadi PS,H:\KGIS_Police_Admin_Areas\Police_Stations_Hierarchy_20260805_172659\Police_Stations\Uppinangadi_PS,8,53,0
Bellare PS,H:\KGIS_Police_Admin_Areas\Police_Stations_Hierarchy_20260805_172659\Police_Stations\Bellare_PS,5,43,5
Sullia PS,H:\KGIS_Police_Admin_Areas\Police_Stations_Hierarchy_20260805_172659\Police_Stations\Sullia_PS,2,41,20
Kapu PS,H:\KGIS_Police_Admin_Areas\Police_Stations_Hierarchy_20260805_172659\Police_Stations\Kapu_PS,2,25,24
Padubidri PS,H:\KGIS_Police_Admin_Areas\Police_Stations_Hierarchy_20260805_172659\Police_Stations\Padubidri_PS,3,25,5
Shirva PS,H:\KGIS_Police_Admin_Areas\Police_Stations_Hierarchy_20260805_172659\Police_Stations\Shirva_PS,3,27,3
Ajekar PS,H:\KGIS_Police_Admin_Areas\Police_Stations_Hierarchy_20260805_172659\Police_Stations\Ajekar_PS,3,19,0
Hebri PS,H:\KGIS_Police_Admin_Areas\Police_Stations_Hierarchy_20260805_172659\Police_Stations\Hebri_PS,4,31,0
Karkala Rural PS,H:\KGIS_Police_Admin_Areas\Police_Stations_Hierarchy_20260805_172659\Police_Stations\Karkala_Rural_PS,5,41,4
Karkala Town PS,H:\KGIS_Police_Admin_Areas\Police_Stations_Hierarchy_20260805_172659\Police_Stations\Karkala_Town_PS,3,26,23
Byndoor PS,H:\KGIS_Police_Admin_Areas\Police_Stations_Hierarchy_20260805_172659\Police_Stations\Byndoor_PS,1,29,20
Gangolli PS,H:\KGIS_Police_Admin_Areas\Police_Stations_Hierarchy_20260805_172659\Police_Stations\Gangolli_PS,2,24,1
Kollur PS,H:\KGIS_Police_Admin_Areas\Police_Stations_Hierarchy_20260805_172659\Police_Stations\Kollur_PS,3,24,0
Udupi DCB. Special PS,H:\KGIS_Police_Admin_Areas\Police_Stations_Hierarchy_20260805_172659\Police_Stations\Udupi_DCB._Special_PS,1,16,27
Amasebailu PS,H:\KGIS_Police_Admin_Areas\Police_Stations_Hierarchy_20260805_172659\Police_Stations\Amasebailu_PS,5,21,0
Kundapura PS,H:\KGIS_Police_Admin_Areas\Police_Stations_Hierarchy_20260805_172659\Police_Stations\Kundapura_PS,2,23,23
Kundapura Rural PS,H:\KGIS_Police_Admin_Areas\Police_Stations_Hierarchy_20260805_172659\Police_Stations\Kundapura_Rural_PS,3,35,0
Shankaranarayana PS,H:\KGIS_Police_Admin_Areas\Police_Stations_Hierarchy_20260805_172659\Police_Stations\Shankaranarayana_PS,6,39,0
Brahmavar PS,H:\KGIS_Police_Admin_Areas\Police_Stations_Hierarchy_20260805_172659\Police_Stations\Brahmavar_PS,3,46,6
Hiriadka PS,H:\KGIS_Police_Admin_Areas\Police_Stations_Hierarchy_20260805_172659\Police_Stations\Hiriadka_PS,4,27,1
Kota PS,H:\KGIS_Police_Admin_Areas\Police_Stations_Hierarchy_20260805_172659\Police_Stations\Kota_PS,3,51,16
Manipal PS,H:\KGIS_Police_Admin_Areas\Police_Stations_Hierarchy_20260805_172659\Police_Stations\Manipal_PS,1,16,13
Malpe PS,H:\KGIS_Police_Admin_Areas\Police_Stations_Hierarchy_20260805_172659\Police_Stations\Malpe_PS,5,15,13
Bhatkal Rural PS,H:\KGIS_Police_Admin_Areas\Police_Stations_Hierarchy_20260805_172659\Police_Stations\Bhatkal_Rural_PS,3,61,23
Bhatkal Town PS,H:\KGIS_Police_Admin_Areas\Police_Stations_Hierarchy_20260805_172659\Police_Stations\Bhatkal_Town_PS,1,17,36
Murudeshwar PS,H:\KGIS_Police_Admin_Areas\Police_Stations_Hierarchy_20260805_172659\Police_Stations\Murudeshwar_PS,3,22,1
Honnavara PS,H:\KGIS_Police_Admin_Areas\Police_Stations_Hierarchy_20260805_172659\Police_Stations\Honnavara_PS,6,99,21
Manki PS,H:\KGIS_Police_Admin_Areas\Police_Stations_Hierarchy_20260805_172659\Police_Stations\Manki_PS,3,49,0
Gokarna PS,H:\KGIS_Police_Admin_Areas\Police_Stations_Hierarchy_20260805_172659\Police_Stations\Gokarna_PS,5,42,0
Kumta PS,H:\KGIS_Police_Admin_Areas\Police_Stations_Hierarchy_20260805_172659\Police_Stations\Kumta_PS,8,131,23
Dandeli Rural PS,H:\KGIS_Police_Admin_Areas\Police_Stations_Hierarchy_20260805_172659\Police_Stations\Dandeli_Rural_PS,4,46,3
Dandeli Town PS,H:\KGIS_Police_Admin_Areas\Police_Stations_Hierarchy_20260805_172659\Police_Stations\Dandeli_Town_PS,1,7,31
Ambikanagar PS,H:\KGIS_Police_Admin_Areas\Police_Stations_Hierarchy_20260805_172659\Police_Stations\Ambikanagar_PS,6,32,0
Haliyal PS,H:\KGIS_Police_Admin_Areas\Police_Stations_Hierarchy_20260805_172659\Police_Stations\Haliyal_PS,6,135,23
Joida PS,H:\KGIS_Police_Admin_Areas\Police_Stations_Hierarchy_20260805_172659\Police_Stations\Joida_PS,2,81,0
Ramnagar PS,H:\KGIS_Police_Admin_Areas\Police_Stations_Hierarchy_20260805_172659\Police_Stations\Ramnagar_PS,5,89,0
Ankola PS,H:\KGIS_Police_Admin_Areas\Police_Stations_Hierarchy_20260805_172659\Police_Stations\Ankola_PS,11,119,23
Chittakula PS,H:\KGIS_Police_Admin_Areas\Police_Stations_Hierarchy_20260805_172659\Police_Stations\Chittakula_PS,7,33,1
Kadra PS,H:\KGIS_Police_Admin_Areas\Police_Stations_Hierarchy_20260805_172659\Police_Stations\Kadra_PS,2,21,0
Mallapura PS,H:\KGIS_Police_Admin_Areas\Police_Stations_Hierarchy_20260805_172659\Police_Stations\Mallapura_PS,5,37,0
Karwar Rural PS,H:\KGIS_Police_Admin_Areas\Police_Stations_Hierarchy_20260805_172659\Police_Stations\Karwar_Rural_PS,5,25,4
Karwar Town PS,H:\KGIS_Police_Admin_Areas\Police_Stations_Hierarchy_20260805_172659\Police_Stations\Karwar_Town_PS,2,11,31
Mundgod PS,H:\KGIS_Police_Admin_Areas\Police_Stations_Hierarchy_20260805_172659\Police_Stations\Mundgod_PS,7,140,19
Siddapura PS,H:\KGIS_Police_Admin_Areas\Police_Stations_Hierarchy_20260805_172659\Police_Stations\Siddapura_PS_2,6,242,15
Banavasi PS,H:\KGIS_Police_Admin_Areas\Police_Stations_Hierarchy_20260805_172659\Police_Stations\Banavasi_PS,5,114,0
Sirsi Rural PS,H:\KGIS_Police_Admin_Areas\Police_Stations_Hierarchy_20260805_172659\Police_Stations\Sirsi_Rural_PS,8,194,17
Sirsi Town PS,H:\KGIS_Police_Admin_Areas\Police_Stations_Hierarchy_20260805_172659\Police_Stations\Sirsi_Town_PS,1,6,31
Doddapete PS,H:\KGIS_Police_Admin_Areas\Police_Stations_Hierarchy_20260805_172659\Police_Stations\Doddapete_PS,2,5,16
Tunganagara PS,H:\KGIS_Police_Admin_Areas\Police_Stations_Hierarchy_20260805_172659\Police_Stations\Tunganagara_PS,7,87,13
Kote PS,H:\KGIS_Police_Admin_Areas\Police_Stations_Hierarchy_20260805_172659\Police_Stations\Kote_PS,3,6,13
Jayanagar PS,H:\KGIS_Police_Admin_Areas\Police_Stations_Hierarchy_20260805_172659\Police_Stations\Jayanagar_PS,2,5,10
Shimogga Rural PS,H:\KGIS_Police_Admin_Areas\Police_Stations_Hierarchy_20260805_172659\Police_Stations\Shimogga_Rural_PS,14,98,11
Vibanagara PS,H:\KGIS_Police_Admin_Areas\Police_Stations_Hierarchy_20260805_172659\Police_Stations\Vibanagara_PS,3,22,10
Paper Town PS,H:\KGIS_Police_Admin_Areas\Police_Stations_Hierarchy_20260805_172659\Police_Stations\Paper_Town_PS,4,15,11
Jannapura New Town PS,H:\KGIS_Police_Admin_Areas\Police_Stations_Hierarchy_20260805_172659\Police_Stations\Jannapura_New_Town_PS,3,16,18
Old Town Bhadravathi PS,H:\KGIS_Police_Admin_Areas\Police_Stations_Hierarchy_20260805_172659\Police_Stations\Old_Town_Bhadravathi_PS,1,11,16
Hosamane PS,H:\KGIS_Police_Admin_Areas\Police_Stations_Hierarchy_20260805_172659\Police_Stations\Hosamane_PS,2,11,14
Holehonnur PS,H:\KGIS_Police_Admin_Areas\Police_Stations_Hierarchy_20260805_172659\Police_Stations\Holehonnur_PS,12,112,16
Kumsi PS,H:\KGIS_Police_Admin_Areas\Police_Stations_Hierarchy_20260805_172659\Police_Stations\Kumsi_PS,10,123,0
Shikaripura Rural PS,H:\KGIS_Police_Admin_Areas\Police_Stations_Hierarchy_20260805_172659\Police_Stations\Shikaripura_Rural_PS,7,127,8
Shikaripura Town PS,H:\KGIS_Police_Admin_Areas\Police_Stations_Hierarchy_20260805_172659\Police_Stations\Shikaripura_Town_PS,3,17,23
Shiralakoppa PS,H:\KGIS_Police_Admin_Areas\Police_Stations_Hierarchy_20260805_172659\Police_Stations\Shiralakoppa_PS,6,113,23
Anavatti PS,H:\KGIS_Police_Admin_Areas\Police_Stations_Hierarchy_20260805_172659\Police_Stations\Anavatti_PS,5,175,20
Soraba PS,H:\KGIS_Police_Admin_Areas\Police_Stations_Hierarchy_20260805_172659\Police_Stations\Soraba_PS,6,258,28
Kargal PS,H:\KGIS_Police_Admin_Areas\Police_Stations_Hierarchy_20260805_172659\Police_Stations\Kargal_PS,7,94,13
Joga PS,H:\KGIS_Police_Admin_Areas\Police_Stations_Hierarchy_20260805_172659\Police_Stations\Joga_PS,1,4,6
Sagara Town PS,H:\KGIS_Police_Admin_Areas\Police_Stations_Hierarchy_20260805_172659\Police_Stations\Sagara_Town_PS,2,20,31
Nagara PS,H:\KGIS_Police_Admin_Areas\Police_Stations_Hierarchy_20260805_172659\Police_Stations\Nagara_PS,10,88,0
Sagara Rural PS,H:\KGIS_Police_Admin_Areas\Police_Stations_Hierarchy_20260805_172659\Police_Stations\Sagara_Rural_PS,18,308,14
Agumbe PS,H:\KGIS_Police_Admin_Areas\Police_Stations_Hierarchy_20260805_172659\Police_Stations\Agumbe_PS,7,56,0
Rippanpete PS,H:\KGIS_Police_Admin_Areas\Police_Stations_Hierarchy_20260805_172659\Police_Stations\Rippanpete_PS,7,106,0
Hosanagara PS,H:\KGIS_Police_Admin_Areas\Police_Stations_Hierarchy_20260805_172659\Police_Stations\Hosanagara_PS,8,131,11
Thirthahalli PS,H:\KGIS_Police_Admin_Areas\Police_Stations_Hierarchy_20260805_172659\Police_Stations\Thirthahalli_PS,8,184,15
Bannerghatta PS,H:\KGIS_Police_Admin_Areas\Police_Stations_Hierarchy_20260805_172659\Police_Stations\Bannerghatta_PS,8,44,3
Sarjapura PS,H:\KGIS_Police_Admin_Areas\Police_Stations_Hierarchy_20260805_172659\Police_Stations\Sarjapura_PS,2,57,0
Hosakote PS,H:\KGIS_Police_Admin_Areas\Police_Stations_Hierarchy_20260805_172659\Police_Stations\Hosakote_PS,3,110,31
Anugondanahalli PS,H:\KGIS_Police_Admin_Areas\Police_Stations_Hierarchy_20260805_172659\Police_Stations\Anugondanahalli_PS,4,57,1
Nandagudi PS,H:\KGIS_Police_Admin_Areas\Police_Stations_Hierarchy_20260805_172659\Police_Stations\Nandagudi_PS,4,103,0
Sulibele PS,H:\KGIS_Police_Admin_Areas\Police_Stations_Hierarchy_20260805_172659\Police_Stations\Sulibele_PS,2,115,0
Vijayapura PS,H:\KGIS_Police_Admin_Areas\Police_Stations_Hierarchy_20260805_172659\Police_Stations\Vijayapura_PS,3,99,24
Doddabelavangala PS,H:\KGIS_Police_Admin_Areas\Police_Stations_Hierarchy_20260805_172659\Police_Stations\Doddabelavangala_PS,7,198,0
Nelamangala Town PS,H:\KGIS_Police_Admin_Areas\Police_Stations_Hierarchy_20260805_172659\Police_Stations\Nelamangala_Town_PS,1,17,16
Nelamangala Rural PS,H:\KGIS_Police_Admin_Areas\Police_Stations_Hierarchy_20260805_172659\Police_Stations\Nelamangala_Rural_PS,5,128,24
Panambur PS,H:\KGIS_Police_Admin_Areas\Police_Stations_Hierarchy_20260805_172659\Police_Stations\Panambur_PS,5,15,12
Kavoor PS,H:\KGIS_Police_Admin_Areas\Police_Stations_Hierarchy_20260805_172659\Police_Stations\Kavoor_PS,6,20,18
Bajpe PS,H:\KGIS_Police_Admin_Areas\Police_Stations_Hierarchy_20260805_172659\Police_Stations\Bajpe_PS,6,47,25
Surathkal PS,H:\KGIS_Police_Admin_Areas\Police_Stations_Hierarchy_20260805_172659\Police_Stations\Surathkal_PS,1,25,16
Mulki PS,H:\KGIS_Police_Admin_Areas\Police_Stations_Hierarchy_20260805_172659\Police_Stations\Mulki_PS,4,41,33
Moodabidre PS,H:\KGIS_Police_Admin_Areas\Police_Stations_Hierarchy_20260805_172659\Police_Stations\Moodabidre_PS,5,51,23
Mangaluru North PS,H:\KGIS_Police_Admin_Areas\Police_Stations_Hierarchy_20260805_172659\Police_Stations\Mangaluru_North_PS,2,5,12
Barke PS,H:\KGIS_Police_Admin_Areas\Police_Stations_Hierarchy_20260805_172659\Police_Stations\Barke_PS,1,3,12
Mangaluru East PS,H:\KGIS_Police_Admin_Areas\Police_Stations_Hierarchy_20260805_172659\Police_Stations\Mangaluru_East_PS,3,9,10
Urva PS,H:\KGIS_Police_Admin_Areas\Police_Stations_Hierarchy_20260805_172659\Police_Stations\Urva_PS,3,6,11
Mangaluru South PS,H:\KGIS_Police_Admin_Areas\Police_Stations_Hierarchy_20260805_172659\Police_Stations\Mangaluru_South_PS,5,7,17
Mangaluru Rural PS,H:\KGIS_Police_Admin_Areas\Police_Stations_Hierarchy_20260805_172659\Police_Stations\Mangaluru_Rural_PS,4,24,13
Kankanady Town PS,H:\KGIS_Police_Admin_Areas\Police_Stations_Hierarchy_20260805_172659\Police_Stations\Kankanady_Town_PS,5,15,17
Konaje PS,H:\KGIS_Police_Admin_Areas\Police_Stations_Hierarchy_20260805_172659\Police_Stations\Konaje_PS,6,24,4
Ullal PS,H:\KGIS_Police_Admin_Areas\Police_Stations_Hierarchy_20260805_172659\Police_Stations\Ullal_PS,3,12,72
Lakshmeshwar PS,H:\KGIS_Police_Admin_Areas\Police_Stations_Hierarchy_20260805_172659\Police_Stations\Lakshmeshwar_PS,5,76,23
Bagalkot Town PS,H:\KGIS_Police_Admin_Areas\Police_Stations_Hierarchy_20260805_172659\Police_Stations\Bagalkot_Town_PS,1,5,22
Imangala PS,H:\KGIS_Police_Admin_Areas\Police_Stations_Hierarchy_20260805_172659\Police_Stations\Imangala_PS,2,56,0
Molakalmuru PS,H:\KGIS_Police_Admin_Areas\Police_Stations_Hierarchy_20260805_172659\Police_Stations\Molakalmuru_PS,2,56,16
Chitradurga Town PS,H:\KGIS_Police_Admin_Areas\Police_Stations_Hierarchy_20260805_172659\Police_Stations\Chitradurga_Town_PS,1,4,23
Abbinahole PS,H:\KGIS_Police_Admin_Areas\Police_Stations_Hierarchy_20260805_172659\Police_Stations\Abbinahole_PS,4,69,0
Ankalgi PS,H:\KGIS_Police_Admin_Areas\Police_Stations_Hierarchy_20260805_172659\Police_Stations\Ankalgi_PS,1,24,0
Athani PS,H:\KGIS_Police_Admin_Areas\Police_Stations_Hierarchy_20260805_172659\Police_Stations\Athani_PS,2,55,27
Basava Kalyana Rural PS,H:\KGIS_Police_Admin_Areas\Police_Stations_Hierarchy_20260805_172659\Police_Stations\Basava_Kalyana_Rural_PS,6,55,28
Srimangala PS,H:\KGIS_Police_Admin_Areas\Police_Stations_Hierarchy_20260805_172659\Police_Stations\Srimangala_PS,4,33,0
Bevoor PS,H:\KGIS_Police_Admin_Areas\Police_Stations_Hierarchy_20260805_172659\Police_Stations\Bevoor_PS,5,82,0
Arehalli PS,H:\KGIS_Police_Admin_Areas\Police_Stations_Hierarchy_20260805_172659\Police_Stations\Arehalli_PS,8,251,0
HebburuPS,H:\KGIS_Police_Admin_Areas\Police_Stations_Hierarchy_20260805_172659\Police_Stations\HebburuPS,6,118,0
Attibele PS,H:\KGIS_Police_Admin_Areas\Police_Stations_Hierarchy_20260805_172659\Police_Stations\Attibele_PS,2,32,23
Hosahalli PS,H:\KGIS_Police_Admin_Areas\Police_Stations_Hierarchy_20260805_172659\Police_Stations\Hosahalli_PS_2,4,52,0
Dobbespet PS,H:\KGIS_Police_Admin_Areas\Police_Stations_Hierarchy_20260805_172659\Police_Stations\Dobbespet_PS,7,118,0
Thyamagondlu PS,H:\KGIS_Police_Admin_Areas\Police_Stations_Hierarchy_20260805_172659\Police_Stations\Thyamagondlu_PS,6,120,0
Malur PS,H:\KGIS_Police_Admin_Areas\Police_Stations_Hierarchy_20260805_172659\Police_Stations\Malur_PS,7,189,27
Bhadravathi Rural PS,H:\KGIS_Police_Admin_Areas\Police_Stations_Hierarchy_20260805_172659\Police_Stations\Bhadravathi_Rural_PS,18,134,17
MaluruPS,H:\KGIS_Police_Admin_Areas\Police_Stations_Hierarchy_20260805_172659\Police_Stations\MaluruPS,7,104,0
Kolala PS,H:\KGIS_Police_Admin_Areas\Police_Stations_Hierarchy_20260805_172659\Police_Stations\Kolala_PS,3,124,0
Arsikere PS,H:\KGIS_Police_Admin_Areas\Police_Stations_Hierarchy_20260805_172659\Police_Stations\Arsikere_PS,2,43,0
C S Pura PS,H:\KGIS_Police_Admin_Areas\Police_Stations_Hierarchy_20260805_172659\Police_Stations\C_S_Pura_PS,2,61,0
Jayanagara PS,H:\KGIS_Police_Admin_Areas\Police_Stations_Hierarchy_20260805_172659\Police_Stations\Jayanagara_PS,4,26,13
Kora PS,H:\KGIS_Police_Admin_Areas\Police_Stations_Hierarchy_20260805_172659\Police_Stations\Kora_PS,4,118,0
Nayakanahatti PS,H:\KGIS_Police_Admin_Areas\Police_Stations_Hierarchy_20260805_172659\Police_Stations\Nayakanahatti_PS,3,58,16
Ballari APMC Yard PS,H:\KGIS_Police_Admin_Areas\Police_Stations_Hierarchy_20260805_172659\Police_Stations\Ballari_APMC_Yard_PS,1,7,7
Hampi PS,H:\KGIS_Police_Admin_Areas\Police_Stations_Hierarchy_20260805_172659\Police_Stations\Hampi_PS,4,19,4
Hospete extension PS,H:\KGIS_Police_Admin_Areas\Police_Stations_Hierarchy_20260805_172659\Police_Stations\Hospete_extension_PS,1,2,21
TB Dam Ballari PS,H:\KGIS_Police_Admin_Areas\Police_Stations_Hierarchy_20260805_172659\Police_Stations\TB_Dam_Ballari_PS,3,9,2
Doddaballapura Town PS,H:\KGIS_Police_Admin_Areas\Police_Stations_Hierarchy_20260805_172659\Police_Stations\Doddaballapura_Town_PS,2,110,50
Chinthamani Rural PS,H:\KGIS_Police_Admin_Areas\Police_Stations_Hierarchy_20260805_172659\Police_Stations\Chinthamani_Rural_PS,1,10,31
Kamalapur PS,H:\KGIS_Police_Admin_Areas\Police_Stations_Hierarchy_20260805_172659\Police_Stations\Kamalapur_PS_2,1,37,12
ChannarayapatnaPS,H:\KGIS_Police_Admin_Areas\Police_Stations_Hierarchy_20260805_172659\Police_Stations\ChannarayapatnaPS,2,79,0
YagathiPS,H:\KGIS_Police_Admin_Areas\Police_Stations_Hierarchy_20260805_172659\Police_Stations\YagathiPS,4,96,0
Kadaba PS,H:\KGIS_Police_Admin_Areas\Police_Stations_Hierarchy_20260805_172659\Police_Stations\Kadaba_PS,7,40,13
Puttur Town PS,H:\KGIS_Police_Admin_Areas\Police_Stations_Hierarchy_20260805_172659\Police_Stations\Puttur_Town_PS,3,25,30
Subramanya PS,H:\KGIS_Police_Admin_Areas\Police_Stations_Hierarchy_20260805_172659\Police_Stations\Subramanya_PS,9,33,2
Doddaballapura Rural PS,H:\KGIS_Police_Admin_Areas\Police_Stations_Hierarchy_20260805_172659\Police_Stations\Doddaballapura_Rural_PS,6,106,0
YellapuraPS,H:\KGIS_Police_Admin_Areas\Police_Stations_Hierarchy_20260805_172659\Police_Stations\YellapuraPS,10,178,19
Vishwanathapura PS,H:\KGIS_Police_Admin_Areas\Police_Stations_Hierarchy_20260805_172659\Police_Stations\Vishwanathapura_PS,5,102,5
Anekal PS,H:\KGIS_Police_Admin_Areas\Police_Stations_Hierarchy_20260805_172659\Police_Stations\Anekal_PS,4,67,27
Surya City PS,H:\KGIS_Police_Admin_Areas\Police_Stations_Hierarchy_20260805_172659\Police_Stations\Surya_City_PS,2,25,26
Thimmashettyhalli PS,H:\KGIS_Police_Admin_Areas\Police_Stations_Hierarchy_20260805_172659\Police_Stations\Thimmashettyhalli_PS,3,67,1
Jigani PS,H:\KGIS_Police_Admin_Areas\Police_Stations_Hierarchy_20260805_172659\Police_Stations\Jigani_PS,2,21,22
Ashoknagar PS,H:\KGIS_Police_Admin_Areas\Police_Stations_Hierarchy_20260805_172659\Police_Stations\Ashoknagar_PS_2,1,3,12
Brahmapur PS,H:\KGIS_Police_Admin_Areas\Police_Stations_Hierarchy_20260805_172659\Police_Stations\Brahmapur_PS,1,4,13
Station Bazar PS,H:\KGIS_Police_Admin_Areas\Police_Stations_Hierarchy_20260805_172659\Police_Stations\Station_Bazar_PS,1,11,12
Roza PS,H:\KGIS_Police_Admin_Areas\Police_Stations_Hierarchy_20260805_172659\Police_Stations\Roza_PS,1,3,14
Kalaburagi Sub Urban PS,H:\KGIS_Police_Admin_Areas\Police_Stations_Hierarchy_20260805_172659\Police_Stations\Kalaburagi_Sub_Urban_PS,5,59,17
Ferhatabad PS,H:\KGIS_Police_Admin_Areas\Police_Stations_Hierarchy_20260805_172659\Police_Stations\Ferhatabad_PS,3,56,2
MB Nagar KalburgiPS,H:\KGIS_Police_Admin_Areas\Police_Stations_Hierarchy_20260805_172659\Police_Stations\MB_Nagar_KalburgiPS,1,4,9
Chowka PS,H:\KGIS_Police_Admin_Areas\Police_Stations_Hierarchy_20260805_172659\Police_Stations\Chowka_PS,2,9,19
University PS,H:\KGIS_Police_Admin_Areas\Police_Stations_Hierarchy_20260805_172659\Police_Stations\University_PS,2,42,10
University PS,H:\KGIS_Police_Admin_Areas\Police_Stations_Hierarchy_20260805_172659\Police_Stations\University_PS_2,2,5,3
Ragavendra nagar PS,H:\KGIS_Police_Admin_Areas\Police_Stations_Hierarchy_20260805_172659\Police_Stations\Ragavendra_nagar_PS,1,7,17
Ragavendra nagar PS,H:\KGIS_Police_Admin_Areas\Police_Stations_Hierarchy_20260805_172659\Police_Stations\Ragavendra_nagar_PS_2,1,3,3
Avalahally PS,H:\KGIS_Police_Admin_Areas\Police_Stations_Hierarchy_20260805_172659\Police_Stations\Avalahally_PS,6,66,3
H.A.L. PS,H:\KGIS_Police_Admin_Areas\Police_Stations_Hierarchy_20260805_172659\Police_Stations\H.A.L._PS,4,19,9
Marathahalli PS,H:\KGIS_Police_Admin_Areas\Police_Stations_Hierarchy_20260805_172659\Police_Stations\Marathahalli_PS,4,21,6
K.R. Puram PS,H:\KGIS_Police_Admin_Areas\Police_Stations_Hierarchy_20260805_172659\Police_Stations\K.R._Puram_PS,4,18,7
Kadugodi PS,H:\KGIS_Police_Admin_Areas\Police_Stations_Hierarchy_20260805_172659\Police_Stations\Kadugodi_PS,4,35,4
Whitefield PS,H:\KGIS_Police_Admin_Areas\Police_Stations_Hierarchy_20260805_172659\Police_Stations\Whitefield_PS,3,34,6
Bellanduru PS,H:\KGIS_Police_Admin_Areas\Police_Stations_Hierarchy_20260805_172659\Police_Stations\Bellanduru_PS,3,30,4
Mahadevapura PS,H:\KGIS_Police_Admin_Areas\Police_Stations_Hierarchy_20260805_172659\Police_Stations\Mahadevapura_PS,5,12,8
Banaswadi PS,H:\KGIS_Police_Admin_Areas\Police_Stations_Hierarchy_20260805_172659\Police_Stations\Banaswadi_PS,4,8,9
Kadugondana Halli PS,H:\KGIS_Police_Admin_Areas\Police_Stations_Hierarchy_20260805_172659\Police_Stations\Kadugondana_Halli_PS,2,6,8
Ramamurthy Nagar PS,H:\KGIS_Police_Admin_Areas\Police_Stations_Hierarchy_20260805_172659\Police_Stations\Ramamurthy_Nagar_PS,4,11,8
Byappanahalli PS,H:\KGIS_Police_Admin_Areas\Police_Stations_Hierarchy_20260805_172659\Police_Stations\Byappanahalli_PS,6,13,9
Halasur PS,H:\KGIS_Police_Admin_Areas\Police_Stations_Hierarchy_20260805_172659\Police_Stations\Halasur_PS,1,7,8
Indiranagar PS,H:\KGIS_Police_Admin_Areas\Police_Stations_Hierarchy_20260805_172659\Police_Stations\Indiranagar_PS,4,9,7
Bharathi Nagar PS,H:\KGIS_Police_Admin_Areas\Police_Stations_Hierarchy_20260805_172659\Police_Stations\Bharathi_Nagar_PS,1,1,6
Govindapura PS,H:\KGIS_Police_Admin_Areas\Police_Stations_Hierarchy_20260805_172659\Police_Stations\Govindapura_PS,2,5,4
Hennur PS,H:\KGIS_Police_Admin_Areas\Police_Stations_Hierarchy_20260805_172659\Police_Stations\Hennur_PS,4,12,5
Jeevan Bheemanagar PS,H:\KGIS_Police_Admin_Areas\Police_Stations_Hierarchy_20260805_172659\Police_Stations\Jeevan_Bheemanagar_PS,4,14,8
Pulakeshinagar PS,H:\KGIS_Police_Admin_Areas\Police_Stations_Hierarchy_20260805_172659\Police_Stations\Pulakeshinagar_PS,3,13,7
Shivajinagar PS,H:\KGIS_Police_Admin_Areas\Police_Stations_Hierarchy_20260805_172659\Police_Stations\Shivajinagar_PS,1,2,3
Commercial Street PS,H:\KGIS_Police_Admin_Areas\Police_Stations_Hierarchy_20260805_172659\Police_Stations\Commercial_Street_PS,1,1,6
Malleshwarm PS,H:\KGIS_Police_Admin_Areas\Police_Stations_Hierarchy_20260805_172659\Police_Stations\Malleshwarm_PS,2,11,5
Srirampura PS,H:\KGIS_Police_Admin_Areas\Police_Stations_Hierarchy_20260805_172659\Police_Stations\Srirampura_PS_2,2,8,5
Subramanya Nagar PS,H:\KGIS_Police_Admin_Areas\Police_Stations_Hierarchy_20260805_172659\Police_Stations\Subramanya_Nagar_PS,2,3,9
Rajgopal Nagar PS,H:\KGIS_Police_Admin_Areas\Police_Stations_Hierarchy_20260805_172659\Police_Stations\Rajgopal_Nagar_PS,2,10,9
Nandini Layout PS,H:\KGIS_Police_Admin_Areas\Police_Stations_Hierarchy_20260805_172659\Police_Stations\Nandini_Layout_PS,3,3,8
Yeshwanthapura PS,H:\KGIS_Police_Admin_Areas\Police_Stations_Hierarchy_20260805_172659\Police_Stations\Yeshwanthapura_PS,4,11,5
Yeshwanthpura RMC Yard PS,H:\KGIS_Police_Admin_Areas\Police_Stations_Hierarchy_20260805_172659\Police_Stations\Yeshwanthpura_RMC_Yard_PS,4,6,8
Peenya PS,H:\KGIS_Police_Admin_Areas\Police_Stations_Hierarchy_20260805_172659\Police_Stations\Peenya_PS,4,12,6
Bagalgunte PS,H:\KGIS_Police_Admin_Areas\Police_Stations_Hierarchy_20260805_172659\Police_Stations\Bagalgunte_PS,3,12,5
Jalahalli PS,H:\KGIS_Police_Admin_Areas\Police_Stations_Hierarchy_20260805_172659\Police_Stations\Jalahalli_PS,5,14,8
R.T. Nagar PS,H:\KGIS_Police_Admin_Areas\Police_Stations_Hierarchy_20260805_172659\Police_Stations\R.T._Nagar_PS,2,8,9
Hebbal PS,H:\KGIS_Police_Admin_Areas\Police_Stations_Hierarchy_20260805_172659\Police_Stations\Hebbal_PS_2,3,6,6
Sanjay Nagara PS,H:\KGIS_Police_Admin_Areas\Police_Stations_Hierarchy_20260805_172659\Police_Stations\Sanjay_Nagara_PS,3,11,7
Gangammagudi PS,H:\KGIS_Police_Admin_Areas\Police_Stations_Hierarchy_20260805_172659\Police_Stations\Gangammagudi_PS,6,20,8
Rajaji Nagar PS,H:\KGIS_Police_Admin_Areas\Police_Stations_Hierarchy_20260805_172659\Police_Stations\Rajaji_Nagar_PS,3,4,7
J.C. NagarPS,H:\KGIS_Police_Admin_Areas\Police_Stations_Hierarchy_20260805_172659\Police_Stations\J.C._NagarPS,3,12,6
Amruthahalli PS,H:\KGIS_Police_Admin_Areas\Police_Stations_Hierarchy_20260805_172659\Police_Stations\Amruthahalli_PS,6,15,4
Sampigehalli PS,H:\KGIS_Police_Admin_Areas\Police_Stations_Hierarchy_20260805_172659\Police_Stations\Sampigehalli_PS,4,17,5
Kodigehalli PS,H:\KGIS_Police_Admin_Areas\Police_Stations_Hierarchy_20260805_172659\Police_Stations\Kodigehalli_PS,6,10,7
Yelahanka New Town PS,H:\KGIS_Police_Admin_Areas\Police_Stations_Hierarchy_20260805_172659\Police_Stations\Yelahanka_New_Town_PS,4,22,5
Yelahanka PS,H:\KGIS_Police_Admin_Areas\Police_Stations_Hierarchy_20260805_172659\Police_Stations\Yelahanka_PS,4,40,7
Kempegowda international Airport PS,H:\KGIS_Police_Admin_Areas\Police_Stations_Hierarchy_20260805_172659\Police_Stations\Kempegowda_international_Airport_PS,4,21,0
Vidhyaranyapura  PS,H:\KGIS_Police_Admin_Areas\Police_Stations_Hierarchy_20260805_172659\Police_Stations\Vidhyaranyapura_PS,5,15,5
Cubbon Park PS,H:\KGIS_Police_Admin_Areas\Police_Stations_Hierarchy_20260805_172659\Police_Stations\Cubbon_Park_PS,1,2,3
Viveknagar PS,H:\KGIS_Police_Admin_Areas\Police_Stations_Hierarchy_20260805_172659\Police_Stations\Viveknagar_PS,2,15,5
Sampangiramanagar PS,H:\KGIS_Police_Admin_Areas\Police_Stations_Hierarchy_20260805_172659\Police_Stations\Sampangiramanagar_PS,1,6,4
High Grounds PS,H:\KGIS_Police_Admin_Areas\Police_Stations_Hierarchy_20260805_172659\Police_Stations\High_Grounds_PS,1,7,6
Sadashivanagar PS,H:\KGIS_Police_Admin_Areas\Police_Stations_Hierarchy_20260805_172659\Police_Stations\Sadashivanagar_PS,2,21,9
Seshadripuram PS,H:\KGIS_Police_Admin_Areas\Police_Stations_Hierarchy_20260805_172659\Police_Stations\Seshadripuram_PS,1,12,5
Ashokanagara  PS,H:\KGIS_Police_Admin_Areas\Police_Stations_Hierarchy_20260805_172659\Police_Stations\Ashokanagara_PS,2,8,5
S.J. Park PS,H:\KGIS_Police_Admin_Areas\Police_Stations_Hierarchy_20260805_172659\Police_Stations\S.J._Park_PS,1,5,3
Vidhana Soudha PS,H:\KGIS_Police_Admin_Areas\Police_Stations_Hierarchy_20260805_172659\Police_Stations\Vidhana_Soudha_PS,1,2,2
Banashankari PS,H:\KGIS_Police_Admin_Areas\Police_Stations_Hierarchy_20260805_172659\Police_Stations\Banashankari_PS,4,8,9
Basavanagudi PS,H:\KGIS_Police_Admin_Areas\Police_Stations_Hierarchy_20260805_172659\Police_Stations\Basavanagudi_PS,2,9,5
Jayanagar PS,H:\KGIS_Police_Admin_Areas\Police_Stations_Hierarchy_20260805_172659\Police_Stations\Jayanagar_PS_2,5,12,9
Jayaprakash Nagar PS,H:\KGIS_Police_Admin_Areas\Police_Stations_Hierarchy_20260805_172659\Police_Stations\Jayaprakash_Nagar_PS,4,8,6
Siddapura PS,H:\KGIS_Police_Admin_Areas\Police_Stations_Hierarchy_20260805_172659\Police_Stations\Siddapura_PS_3,3,11,9
Kumaraswamy Layout PS,H:\KGIS_Police_Admin_Areas\Police_Stations_Hierarchy_20260805_172659\Police_Stations\Kumaraswamy_Layout_PS,3,7,6
Subramanyapura PS,H:\KGIS_Police_Admin_Areas\Police_Stations_Hierarchy_20260805_172659\Police_Stations\Subramanyapura_PS,3,16,6
V.V. Puram PS,H:\KGIS_Police_Admin_Areas\Police_Stations_Hierarchy_20260805_172659\Police_Stations\V.V._Puram_PS_2,1,9,6
C.K.Acchukattu PS,H:\KGIS_Police_Admin_Areas\Police_Stations_Hierarchy_20260805_172659\Police_Stations\C.K.Acchukattu_PS,4,9,9
K.G.Nagar PS,H:\KGIS_Police_Admin_Areas\Police_Stations_Hierarchy_20260805_172659\Police_Stations\K.G.Nagar_PS,1,6,6
Girinagar PS,H:\KGIS_Police_Admin_Areas\Police_Stations_Hierarchy_20260805_172659\Police_Stations\Girinagar_PS,3,8,7
Parappana Agrahara,H:\KGIS_Police_Admin_Areas\Police_Stations_Hierarchy_20260805_172659\Police_Stations\Parappana_Agrahara,4,22,8
Electronic City PS,H:\KGIS_Police_Admin_Areas\Police_Stations_Hierarchy_20260805_172659\Police_Stations\Electronic_City_PS,2,17,5
Adugodi PS,H:\KGIS_Police_Admin_Areas\Police_Stations_Hierarchy_20260805_172659\Police_Stations\Adugodi_PS,2,6,8
H.S.R.Layout PS,H:\KGIS_Police_Admin_Areas\Police_Stations_Hierarchy_20260805_172659\Police_Stations\H.S.R.Layout_PS,2,11,6
Bommanahalli PS,H:\KGIS_Police_Admin_Areas\Police_Stations_Hierarchy_20260805_172659\Police_Stations\Bommanahalli_PS,3,8,5
Madiwala PS,H:\KGIS_Police_Admin_Areas\Police_Stations_Hierarchy_20260805_172659\Police_Stations\Madiwala_PS,1,7,7
Tilak Nagar PS,H:\KGIS_Police_Admin_Areas\Police_Stations_Hierarchy_20260805_172659\Police_Stations\Tilak_Nagar_PS,3,3,6
Chamarajpet PS,H:\KGIS_Police_Admin_Areas\Police_Stations_Hierarchy_20260805_172659\Police_Stations\Chamarajpet_PS,1,8,7
City Market PS,H:\KGIS_Police_Admin_Areas\Police_Stations_Hierarchy_20260805_172659\Police_Stations\City_Market_PS,1,2,4
Cottonpet PS,H:\KGIS_Police_Admin_Areas\Police_Stations_Hierarchy_20260805_172659\Police_Stations\Cottonpet_PS,1,6,7
Kalasipalya PS,H:\KGIS_Police_Admin_Areas\Police_Stations_Hierarchy_20260805_172659\Police_Stations\Kalasipalya_PS,1,5,5
Upparpet PS,H:\KGIS_Police_Admin_Areas\Police_Stations_Hierarchy_20260805_172659\Police_Stations\Upparpet_PS,1,4,4
Annapoorneshwari Nagar PS,H:\KGIS_Police_Admin_Areas\Police_Stations_Hierarchy_20260805_172659\Police_Stations\Annapoorneshwari_Nagar_PS,1,8,5
Byatarayanapura PS,H:\KGIS_Police_Admin_Areas\Police_Stations_Hierarchy_20260805_172659\Police_Stations\Byatarayanapura_PS,3,11,10
Chandra Layout PS,H:\KGIS_Police_Admin_Areas\Police_Stations_Hierarchy_20260805_172659\Police_Stations\Chandra_Layout_PS,3,6,8
Jagajeevanram Nagar PS,H:\KGIS_Police_Admin_Areas\Police_Stations_Hierarchy_20260805_172659\Police_Stations\Jagajeevanram_Nagar_PS,1,5,11
Jnanabharathi PS,H:\KGIS_Police_Admin_Areas\Police_Stations_Hierarchy_20260805_172659\Police_Stations\Jnanabharathi_PS,3,14,7
Kengeri PS,H:\KGIS_Police_Admin_Areas\Police_Stations_Hierarchy_20260805_172659\Police_Stations\Kengeri_PS,4,18,5
Rajarajeshwari Nagar PS,H:\KGIS_Police_Admin_Areas\Police_Stations_Hierarchy_20260805_172659\Police_Stations\Rajarajeshwari_Nagar_PS,2,13,3
Kamakshipalya PS,H:\KGIS_Police_Admin_Areas\Police_Stations_Hierarchy_20260805_172659\Police_Stations\Kamakshipalya_PS,2,9,11
Kempapura Agrahara PS,H:\KGIS_Police_Admin_Areas\Police_Stations_Hierarchy_20260805_172659\Police_Stations\Kempapura_Agrahara_PS,1,5,11
Magadi Road PS,H:\KGIS_Police_Admin_Areas\Police_Stations_Hierarchy_20260805_172659\Police_Stations\Magadi_Road_PS,3,8,12
Govindarajanagar PS,H:\KGIS_Police_Admin_Areas\Police_Stations_Hierarchy_20260805_172659\Police_Stations\Govindarajanagar_PS,2,7,10
Byadarahalli PS,H:\KGIS_Police_Admin_Areas\Police_Stations_Hierarchy_20260805_172659\Police_Stations\Byadarahalli_PS,2,14,5
Shankarapuram PS,H:\KGIS_Police_Admin_Areas\Police_Stations_Hierarchy_20260805_172659\Police_Stations\Shankarapuram_PS,1,4,3
Hanumathanagar PS,H:\KGIS_Police_Admin_Areas\Police_Stations_Hierarchy_20260805_172659\Police_Stations\Hanumathanagar_PS,3,12,10
Vijayanagar PS,H:\KGIS_Police_Admin_Areas\Police_Stations_Hierarchy_20260805_172659\Police_Stations\Vijayanagar_PS_2,1,1,9
Begur PS,H:\KGIS_Police_Admin_Areas\Police_Stations_Hierarchy_20260805_172659\Police_Stations\Begur_PS_2,2,7,7
Suddaguntepalya  PS,H:\KGIS_Police_Admin_Areas\Police_Stations_Hierarchy_20260805_172659\Police_Stations\Suddaguntepalya_PS,2,5,7
Chikkabanvara PS,H:\KGIS_Police_Admin_Areas\Police_Stations_Hierarchy_20260805_172659\Police_Stations\Chikkabanvara_PS,4,18,26
Kumbalagudu PS,H:\KGIS_Police_Admin_Areas\Police_Stations_Hierarchy_20260805_172659\Police_Stations\Kumbalagudu_PS,4,29,2
Rajanukunte PS,H:\KGIS_Police_Admin_Areas\Police_Stations_Hierarchy_20260805_172659\Police_Stations\Rajanukunte_PS,6,75,2
Varthur PS,H:\KGIS_Police_Admin_Areas\Police_Stations_Hierarchy_20260805_172659\Police_Stations\Varthur_PS,3,27,4
Soladevanahalli PS,H:\KGIS_Police_Admin_Areas\Police_Stations_Hierarchy_20260805_172659\Police_Stations\Soladevanahalli_PS,8,52,6
Chikkajala PS,H:\KGIS_Police_Admin_Areas\Police_Stations_Hierarchy_20260805_172659\Police_Stations\Chikkajala_PS,5,49,2
Bagalur PS,H:\KGIS_Police_Admin_Areas\Police_Stations_Hierarchy_20260805_172659\Police_Stations\Bagalur_PS,5,45,2
Devanahalli PS,H:\KGIS_Police_Admin_Areas\Police_Stations_Hierarchy_20260805_172659\Police_Stations\Devanahalli_PS,1,54,23
Kothanur PS,H:\KGIS_Police_Admin_Areas\Police_Stations_Hierarchy_20260805_172659\Police_Stations\Kothanur_PS,3,21,5
Puttenahalli PS,H:\KGIS_Police_Admin_Areas\Police_Stations_Hierarchy_20260805_172659\Police_Stations\Puttenahalli_PS,2,13,9
Thalaghattapura PS,H:\KGIS_Police_Admin_Areas\Police_Stations_Hierarchy_20260805_172659\Police_Stations\Thalaghattapura_PS,6,31,6
Hulimavu PS,H:\KGIS_Police_Admin_Areas\Police_Stations_Hierarchy_20260805_172659\Police_Stations\Hulimavu_PS,2,16,5
Mico layout Bangalore PS,H:\KGIS_Police_Admin_Areas\Police_Stations_Hierarchy_20260805_172659\Police_Stations\Mico_layout_Bangalore_PS,3,8,6
Konanakunte PS,H:\KGIS_Police_Admin_Areas\Police_Stations_Hierarchy_20260805_172659\Police_Stations\Konanakunte_PS,2,14,7
Hebbagodi PS,H:\KGIS_Police_Admin_Areas\Police_Stations_Hierarchy_20260805_172659\Police_Stations\Hebbagodi_PS,1,19,53
Devarajeevanahalli PS,H:\KGIS_Police_Admin_Areas\Police_Stations_Hierarchy_20260805_172659\Police_Stations\Devarajeevanahalli_PS,3,10,7
Mahalakshmi Layout PS,H:\KGIS_Police_Admin_Areas\Police_Stations_Hierarchy_20260805_172659\Police_Stations\Mahalakshmi_Layout_PS,4,5,7
Halasurgate PS,H:\KGIS_Police_Admin_Areas\Police_Stations_Hierarchy_20260805_172659\Police_Stations\Halasurgate_PS,1,2,3
Wilsongarden PS,H:\KGIS_Police_Admin_Areas\Police_Stations_Hierarchy_20260805_172659\Police_Stations\Wilsongarden_PS,2,8,5
Vyalikaval PS,H:\KGIS_Police_Admin_Areas\Police_Stations_Hierarchy_20260805_172659\Police_Stations\Vyalikaval_PS,1,12,5
Koramangala PS,H:\KGIS_Police_Admin_Areas\Police_Stations_Hierarchy_20260805_172659\Police_Stations\Koramangala_PS,1,9,9
Basaveshwara Nagar PS,H:\KGIS_Police_Admin_Areas\Police_Stations_Hierarchy_20260805_172659\Police_Stations\Basaveshwara_Nagar_PS,3,5,12
Bandepalya PS,H:\KGIS_Police_Admin_Areas\Police_Stations_Hierarchy_20260805_172659\Police_Stations\Bandepalya_PS,4,7,6
Madhanayakanahally PS,H:\KGIS_Police_Admin_Areas\Police_Stations_Hierarchy_20260805_172659\Police_Stations\Madhanayakanahally_PS,7,116,7
Srirangapatna Rural PS,H:\KGIS_Police_Admin_Areas\Police_Stations_Hierarchy_20260805_172659\Police_Stations\Srirangapatna_Rural_PS,9,49,3
Kyathanalli PS,H:\KGIS_Police_Admin_Areas\Police_Stations_Hierarchy_20260805_172659\Police_Stations\Kyathanalli_PS,5,65,1
