{
"type": "FeatureCollection",
"name": "hoblis_in_police_area.writing_20260805_172659",
"crs": { "type": "name", "properties": { "name": "urn:ogc:def:crs:OGC:1.3:CRS84" } },
"features": [
{ "type": "Feature", "properties": { "OBJECTID": 678, "KGISHobliID": 1199, "KGISHobliCode": "080202", "KGISHobliName": "Naregalla", "BhuCodeHobli": null, "SHAPE.STArea()": 144777556.49353161, "SHAPE.STLength()": 72089.137943582376, "KGISTalukCode": "0802", "created_user": null, "created_date": null, "last_edited_user": "SURESHBV2", "last_edited_date": 1722600417000.0, "_overlap_percent": 99.758356702558132, "_police_station": "Naregal PS", "_police_feature_index": "392", "_admin_layer": "Hobli", "_geometry_clipped": true }, "geometry": { "type": "Polygon", "coordinates": [ [ [ 75.799120921758643, 15.666884923721412 ], [ 75.799087938428983, 15.666807109013105 ], [ 75.7989478897575, 15.666476643647501 ], [ 75.798865006217596, 15.66657665379114 ], [ 75.798378430473917, 15.664763512996865 ], [ 75.798332811489757, 15.664659211982451 ], [ 75.79804991389716, 15.664209368034873 ], [ 75.798057775984134, 15.664096008401609 ], [ 75.79797855071412, 15.663723980909262 ], [ 75.797958310277906, 15.663364289522139 ], [ 75.797944773583069, 15.663094229998856 ], [ 75.797924299905119, 15.66265780210327 ], [ 75.797925349754834, 15.662635493133259 ], [ 75.797981273476964, 15.661560364676866 ], [ 75.798038216100537, 15.660653381636072 ], [ 75.798063471111959, 15.660347124021078 ], [ 75.79806798427532, 15.659742511818193 ], [ 75.798074459687683, 15.659294437101519 ], [ 75.798081422886952, 15.658845349925462 ], [ 75.798114933507847, 15.658092503516924 ], [ 75.798110333521635, 15.657945766754056 ], [ 75.798105734560195, 15.657412655602226 ], [ 75.798105418763328, 15.657082643689851 ], [ 75.798125596630584, 15.655944053481877 ], [ 75.798147698777484, 15.655743379326861 ], [ 75.798167416735566, 15.655565937469358 ], [ 75.798159558458039, 15.655168778056696 ], [ 75.798298167046852, 15.65395377100967 ], [ 75.798309093285951, 15.6538592881857 ], [ 75.798489336596433, 15.651904060523876 ], [ 75.798511343276317, 15.650747317317787 ], [ 75.798433880295192, 15.649432914433817 ], [ 75.798370535111502, 15.648476806227608 ], [ 75.798345361917029, 15.647933718059035 ], [ 75.798255911020533, 15.64594074997337 ], [ 75.798195455747774, 15.643850311049789 ], [ 75.798230150750285, 15.642589895820098 ], [ 75.798214475471326, 15.641359440518542 ], [ 75.798204231942378, 15.641030945923188 ], [ 75.798167141157307, 15.639492859084935 ], [ 75.798159928612051, 15.639040300769835 ], [ 75.798140151336, 15.638382331606726 ], [ 75.798121484941376, 15.637664784123464 ], [ 75.798118115682186, 15.63751779942049 ], [ 75.798065687661122, 15.634977771359837 ], [ 75.798098532603177, 15.633896926292378 ], [ 75.798107123462529, 15.632871038316294 ], [ 75.798111693790958, 15.631986767765161 ], [ 75.798144563511741, 15.631175051113457 ], [ 75.798136335490184, 15.630380526036253 ], [ 75.798063250640396, 15.62944514099545 ], [ 75.797865692144356, 15.628531282366493 ], [ 75.797765486343465, 15.628065558610604 ], [ 75.797664810972165, 15.627599376342365 ], [ 75.797526633064976, 15.626942497437577 ], [ 75.797472963828099, 15.626665067778344 ], [ 75.797316314484604, 15.625973618196488 ], [ 75.797244757760907, 15.625708835240603 ], [ 75.797220034396261, 15.625575743678711 ], [ 75.797197850127944, 15.625456596083554 ], [ 75.797051826303345, 15.624823084520296 ], [ 75.796989972482095, 15.624556479891773 ], [ 75.796860084823223, 15.623791007273862 ], [ 75.79683750909426, 15.623671106189366 ], [ 75.796831926376456, 15.623628488519735 ], [ 75.796823208115143, 15.623531988626548 ], [ 75.796731035860404, 15.622764814995133 ], [ 75.796513006709276, 15.622020187980148 ], [ 75.796501839756445, 15.621982544457024 ], [ 75.796297990725279, 15.621516682908823 ], [ 75.796235654802302, 15.621390389112904 ], [ 75.796010651665952, 15.620939628379093 ], [ 75.795919654608909, 15.620731869769912 ], [ 75.795762764026463, 15.620376155790314 ], [ 75.795548031687431, 15.619966243237494 ], [ 75.795471357289628, 15.619820860772627 ], [ 75.795169440108069, 15.61926943267096 ], [ 75.795041635355446, 15.618958378674341 ], [ 75.794939847281384, 15.618711140340732 ], [ 75.794710132459699, 15.61815401428818 ], [ 75.794483043875118, 15.617597364763755 ], [ 75.794259313500319, 15.617040637690335 ], [ 75.794090431027456, 15.616607415124491 ], [ 75.794071774771723, 15.616559226247935 ], [ 75.79404231951554, 15.616482987378459 ], [ 75.793840984292686, 15.615922729994004 ], [ 75.793645404946218, 15.61535888708419 ], [ 75.793607435487544, 15.615259171323165 ], [ 75.793403470057299, 15.614913938043617 ], [ 75.793356694682942, 15.614829883269405 ], [ 75.793076606555601, 15.614295194245628 ], [ 75.792813067027424, 15.613753725621775 ], [ 75.792746665838862, 15.613610411178781 ], [ 75.792687084578887, 15.613480717960345 ], [ 75.792525112354298, 15.613123507813045 ], [ 75.792263631098038, 15.612383166506131 ], [ 75.792209638480884, 15.612227122179005 ], [ 75.792125756709609, 15.611982746482996 ], [ 75.79210086718507, 15.61177582315392 ], [ 75.792088968284958, 15.611676167614078 ], [ 75.792044522370375, 15.611264537282484 ], [ 75.79203953293262, 15.611217903491525 ], [ 75.791989589359048, 15.61084344731165 ], [ 75.791978510372147, 15.61076003727873 ], [ 75.791928347341127, 15.610301356241436 ], [ 75.791888758371272, 15.609840411404162 ], [ 75.791886278535458, 15.609595766490671 ], [ 75.791884057084431, 15.609377368260928 ], [ 75.791877898183785, 15.609311813443949 ], [ 75.791848298015438, 15.608997243378486 ], [ 75.791841357716152, 15.608923487579203 ], [ 75.791836146638119, 15.608679525965323 ], [ 75.791831443549142, 15.608459525731284 ], [ 75.791832606073896, 15.608329784968532 ], [ 75.791834572331325, 15.608110984706807 ], [ 75.791835188872312, 15.608043395870171 ], [ 75.791835592512768, 15.60799811308296 ], [ 75.791846231158587, 15.607772836948737 ], [ 75.791857293053752, 15.607538994794002 ], [ 75.791867666336401, 15.607350314411688 ], [ 75.791882580546456, 15.60707975779332 ], [ 75.79190805833052, 15.60697230066171 ], [ 75.791992733623559, 15.606614952729478 ], [ 75.792023612808421, 15.606503802262585 ], [ 75.792120318176771, 15.606155329781723 ], [ 75.792149926760572, 15.606045626661924 ], [ 75.79215802363484, 15.606015601864232 ], [ 75.792244324613705, 15.605695352641662 ], [ 75.792284888931974, 15.605538392301241 ], [ 75.792349635901999, 15.605287582828865 ], [ 75.792352449239061, 15.605276677682047 ], [ 75.792394968634127, 15.605111737900911 ], [ 75.79241249053301, 15.604892063387798 ], [ 75.79289755348762, 15.603702161861749 ], [ 75.792962964736645, 15.603581620690433 ], [ 75.793153226226977, 15.603125481059196 ], [ 75.793298767007585, 15.602959915283762 ], [ 75.79351749750559, 15.60254837810176 ], [ 75.793803362303876, 15.601800684687539 ], [ 75.793899191771985, 15.601364438111725 ], [ 75.794430700781376, 15.600381629401419 ], [ 75.794799219932727, 15.599575750290049 ], [ 75.794685583392251, 15.599582828123271 ], [ 75.793430994926638, 15.599656434627754 ], [ 75.790837160910201, 15.599778185820192 ], [ 75.79066708667159, 15.599772863759924 ], [ 75.790431957160536, 15.599764559068458 ], [ 75.790268331092264, 15.599758779592161 ], [ 75.789663593818261, 15.599738717111242 ], [ 75.789405550133594, 15.599736393138812 ], [ 75.788481502237275, 15.599732384431841 ], [ 75.787551436767401, 15.599725115489566 ], [ 75.787443926625741, 15.599723312954048 ], [ 75.786622244282526, 15.599709535330279 ], [ 75.785238979767158, 15.5995510573443 ], [ 75.785145260988756, 15.599351970294819 ], [ 75.783085625104547, 15.598779041786774 ], [ 75.782554137946605, 15.598665788945699 ], [ 75.779827788613886, 15.597406023426341 ], [ 75.776988825273136, 15.595973067293059 ], [ 75.77701150292279, 15.595891066384072 ], [ 75.777225172763679, 15.595121363369723 ], [ 75.777468551358126, 15.594231298284885 ], [ 75.777596808053787, 15.593761838857038 ], [ 75.778200243627467, 15.591699310887103 ], [ 75.778363619112454, 15.591165425019769 ], [ 75.778571447793979, 15.589758890074581 ], [ 75.778582610635326, 15.588962665817567 ], [ 75.778586751958613, 15.588708239271611 ], [ 75.778605820042728, 15.58766883712971 ], [ 75.778609895080322, 15.587460184107817 ], [ 75.778601656613517, 15.586440722288353 ], [ 75.778600787699261, 15.586331141136077 ], [ 75.778598863689595, 15.586083351498473 ], [ 75.779894628670817, 15.586079903528152 ], [ 75.780161871211959, 15.586079181076332 ], [ 75.781071350281678, 15.586024116595894 ], [ 75.781156423488753, 15.584633905891135 ], [ 75.781168537629512, 15.584410216974854 ], [ 75.781214537910387, 15.583563474379568 ], [ 75.781224124482577, 15.58338693096448 ], [ 75.781226396936717, 15.583345101889977 ], [ 75.781288990612509, 15.582347487212948 ], [ 75.781291207552243, 15.582312196085288 ], [ 75.781302963088478, 15.582125197382767 ], [ 75.781392134877308, 15.581346362863229 ], [ 75.781458953727693, 15.58076878823408 ], [ 75.781462067738047, 15.580729519012383 ], [ 75.781540211247517, 15.57977559905793 ], [ 75.781532286525035, 15.579646561694618 ], [ 75.781524160783093, 15.579507518626333 ], [ 75.781518226218523, 15.579372272726099 ], [ 75.781506568229389, 15.579100879781819 ], [ 75.780828897182559, 15.579373925773591 ], [ 75.780797745048858, 15.577909587985173 ], [ 75.780792254493377, 15.577542514058299 ], [ 75.780788858101772, 15.577271864603745 ], [ 75.780782303398027, 15.577206133316814 ], [ 75.780759707691544, 15.576977231061338 ], [ 75.78061898722278, 15.575357374219612 ], [ 75.780473471029794, 15.573619320931559 ], [ 75.780472915038274, 15.57361285565557 ], [ 75.780364792494581, 15.572350707278938 ], [ 75.780365970703983, 15.572131991877136 ], [ 75.780373911431013, 15.570519596596649 ], [ 75.780380711130462, 15.570330454732733 ], [ 75.780422040474903, 15.56913344766695 ], [ 75.780429897581328, 15.568376303195626 ], [ 75.780430368245092, 15.568275832245041 ], [ 75.780415116315964, 15.565807551592876 ], [ 75.780413778807812, 15.56561113774427 ], [ 75.780330101343381, 15.564523813078008 ], [ 75.7801397015362, 15.563011156596575 ], [ 75.780125276189565, 15.562895043910324 ], [ 75.780108025136784, 15.562730672769765 ], [ 75.780050318656961, 15.561801743146326 ], [ 75.780014715205184, 15.561214495315312 ], [ 75.779885334748911, 15.560066474938633 ], [ 75.779849476999829, 15.559197524343341 ], [ 75.779742993764742, 15.558457190596251 ], [ 75.779726241448387, 15.558340342955658 ], [ 75.779328273430082, 15.556153337057196 ], [ 75.779326609289214, 15.556143793927253 ], [ 75.779429236809904, 15.554401508125492 ], [ 75.779392197970722, 15.554078895944716 ], [ 75.779339265623548, 15.55408633177038 ], [ 75.776992119875814, 15.554415954194564 ], [ 75.776117443923837, 15.554530281296106 ], [ 75.775129404990281, 15.55466498133849 ], [ 75.774472654866983, 15.55475450602907 ], [ 75.773648690098952, 15.554864577205739 ], [ 75.77231696452165, 15.554990155330623 ], [ 75.771928093310905, 15.555026825526889 ], [ 75.770962829274893, 15.555126116785363 ], [ 75.77019687249873, 15.555177795746181 ], [ 75.769713128757459, 15.555210432662458 ], [ 75.769099714914248, 15.555253516693103 ], [ 75.768657641207909, 15.55528455947119 ], [ 75.767563388944481, 15.555177362840375 ], [ 75.767359958448679, 15.55515613096777 ], [ 75.766746448723126, 15.555092122677712 ], [ 75.766400196926526, 15.555038817131134 ], [ 75.765901215725179, 15.555076509596372 ], [ 75.765752886220611, 15.555074810200885 ], [ 75.765739076332352, 15.555072083781136 ], [ 75.765523470052045, 15.555029472925327 ], [ 75.765067328479688, 15.554939330708994 ], [ 75.764557907523965, 15.554838650823063 ], [ 75.76435122323106, 15.554706055354988 ], [ 75.763399586285331, 15.554710137444825 ], [ 75.763310795346968, 15.554706685205629 ], [ 75.763119040579483, 15.554702752241484 ], [ 75.762671367714645, 15.554709804672934 ], [ 75.762420714381989, 15.554714026687771 ], [ 75.761463112448325, 15.554722677258889 ], [ 75.760911822248715, 15.554726088257333 ], [ 75.760924466448287, 15.554640355206978 ], [ 75.760787965578444, 15.554635256985328 ], [ 75.761126532601821, 15.552511466500665 ], [ 75.761578872307325, 15.549943373673562 ], [ 75.761414066800114, 15.549943878015309 ], [ 75.759508240885907, 15.549946178896271 ], [ 75.759168369206492, 15.549955483833767 ], [ 75.758589047532041, 15.549970842026443 ], [ 75.758321446150546, 15.549926600136063 ], [ 75.75782741970842, 15.549844612877381 ], [ 75.757435595682878, 15.549779297703214 ], [ 75.757432615850419, 15.549778672421757 ], [ 75.756228250273494, 15.549525588835891 ], [ 75.755506350394882, 15.549381654846007 ], [ 75.7550883220961, 15.549297920124141 ], [ 75.754165554023103, 15.549127099922925 ], [ 75.754042600777865, 15.549128023113841 ], [ 75.753091551456919, 15.548950854032219 ], [ 75.753081829798404, 15.549871711274445 ], [ 75.753071520455208, 15.550185805924409 ], [ 75.753068339485992, 15.55050655312688 ], [ 75.753067065538161, 15.550687383219172 ], [ 75.752475478027918, 15.550744247466515 ], [ 75.752144097211612, 15.550781782428492 ], [ 75.751425572203871, 15.550863164765591 ], [ 75.75046397128439, 15.550977701692567 ], [ 75.750088984734475, 15.551000763734523 ], [ 75.749866952597472, 15.551041084096678 ], [ 75.749674120982917, 15.551085092745094 ], [ 75.748687050432082, 15.551310358767498 ], [ 75.746405674885665, 15.551420703416845 ], [ 75.745399909602739, 15.551637143529604 ], [ 75.745259063366319, 15.551667453071946 ], [ 75.745031094422188, 15.551723294271209 ], [ 75.744227876807017, 15.551937987725253 ], [ 75.744012400835715, 15.55198948266254 ], [ 75.743108903399332, 15.552202130254994 ], [ 75.742407136025889, 15.55236557016322 ], [ 75.741980125739303, 15.552462313517502 ], [ 75.741037305356272, 15.552698474672097 ], [ 75.740895722293004, 15.552733333853215 ], [ 75.74040645750847, 15.552846176013798 ], [ 75.740407133190573, 15.552801421609596 ], [ 75.740235470629273, 15.552841986155768 ], [ 75.740258361550502, 15.552273337351336 ], [ 75.740333681064044, 15.551581170670266 ], [ 75.740379414710063, 15.551003558638174 ], [ 75.740421270787778, 15.550474759149861 ], [ 75.740469070430862, 15.549911981312258 ], [ 75.740576722152355, 15.548693328625889 ], [ 75.740654932832598, 15.547787060785923 ], [ 75.74069832525953, 15.547284239147357 ], [ 75.740802271725244, 15.545922559241484 ], [ 75.740826033017854, 15.545713688010078 ], [ 75.740861978021698, 15.54533736502604 ], [ 75.74087616661167, 15.545197169005394 ], [ 75.741085053586033, 15.543390165240249 ], [ 75.741090647083695, 15.543293250619598 ], [ 75.741153640232, 15.542165361112527 ], [ 75.741190181090872, 15.541459186212103 ], [ 75.741191041141064, 15.541442577488382 ], [ 75.741197039680557, 15.541360119387619 ], [ 75.741229093024018, 15.540922581392721 ], [ 75.741247364661604, 15.540655068817882 ], [ 75.741335631751184, 15.539675059550612 ], [ 75.74136816213921, 15.539017608077028 ], [ 75.741402948498205, 15.538637220306017 ], [ 75.741473179566285, 15.53786923028586 ], [ 75.741520381858393, 15.537216458301085 ], [ 75.741548223248188, 15.536658891633122 ], [ 75.74160812869809, 15.53582687501495 ], [ 75.741610856990292, 15.535792168867742 ], [ 75.741615244246304, 15.535736373720251 ], [ 75.741528864029647, 15.535726561686356 ], [ 75.741531235630902, 15.535660943060737 ], [ 75.741560067786281, 15.534863609370024 ], [ 75.74156411285297, 15.534751751102311 ], [ 75.741564579605196, 15.534738858286929 ], [ 75.74160350205743, 15.534699144594171 ], [ 75.741604027998349, 15.534686650853958 ], [ 75.741604561727655, 15.534673974776894 ], [ 75.741647240565086, 15.534631536108128 ], [ 75.741661507857401, 15.534617385587424 ], [ 75.741549840330876, 15.533702484078818 ], [ 75.741483626938262, 15.533159995870873 ], [ 75.741454430918211, 15.532920787732612 ], [ 75.741020310895735, 15.532927293045192 ], [ 75.740284633573168, 15.532925714039159 ], [ 75.739053510735957, 15.532906372369405 ], [ 75.739037863612495, 15.532469413925556 ], [ 75.73899332004838, 15.531225240436751 ], [ 75.738968347994117, 15.530774668833232 ], [ 75.7389155473264, 15.529821942053381 ], [ 75.738850655645251, 15.529219310297854 ], [ 75.738851085961556, 15.528836377863859 ], [ 75.738851375672979, 15.528578651126766 ], [ 75.738868811685634, 15.528482430828536 ], [ 75.738887610249009, 15.528378697215116 ], [ 75.737491217945163, 15.527932374483578 ], [ 75.737109755800546, 15.527486950897812 ], [ 75.737081747016958, 15.52745424672772 ], [ 75.735901643177968, 15.526678236006292 ], [ 75.73575113321067, 15.526857299868777 ], [ 75.735742227897745, 15.526867894786248 ], [ 75.735548482437835, 15.526818746320245 ], [ 75.734525077573366, 15.526559129478951 ], [ 75.73371837292423, 15.526403205187107 ], [ 75.733179123123378, 15.526600051046463 ], [ 75.733004888848427, 15.526730245749896 ], [ 75.73300092158793, 15.526733206921325 ], [ 75.73297280555218, 15.526802973744301 ], [ 75.732915548581857, 15.526989202338534 ], [ 75.732836332335211, 15.527195604630181 ], [ 75.732764766774793, 15.527481030521171 ], [ 75.732735726666348, 15.527519149858051 ], [ 75.732124047354418, 15.527308978669778 ], [ 75.731306794308068, 15.526964356223909 ], [ 75.731050582648422, 15.526797667011257 ], [ 75.730661912323328, 15.526226118869273 ], [ 75.730639912688432, 15.526151209686747 ], [ 75.730607355007095, 15.526103130720147 ], [ 75.730444541398143, 15.525547630706207 ], [ 75.73003964891852, 15.525099041017764 ], [ 75.729323017721214, 15.524536939265603 ], [ 75.729271443705898, 15.524464150898071 ], [ 75.728579188428498, 15.52348723977941 ], [ 75.728302508908186, 15.52302492396219 ], [ 75.727780652837865, 15.522292228683353 ], [ 75.727359183990501, 15.521953931761281 ], [ 75.726851774160039, 15.521734646994849 ], [ 75.726504036413814, 15.521764737108061 ], [ 75.72611258324595, 15.522090280639329 ], [ 75.725785930822596, 15.522218963055552 ], [ 75.725384643221091, 15.522269637471451 ], [ 75.724500450339121, 15.522136236075404 ], [ 75.723828248729944, 15.522241540298724 ], [ 75.722741311969671, 15.522311446591747 ], [ 75.722018639968681, 15.522082925290348 ], [ 75.720770993967591, 15.521688382240665 ], [ 75.719948541256159, 15.521661751543773 ], [ 75.718985039518316, 15.522009904409593 ], [ 75.718801079693122, 15.52212378808562 ], [ 75.7186555716507, 15.522327515738768 ], [ 75.718640932310819, 15.522323557307757 ], [ 75.718597692144272, 15.522383162990673 ], [ 75.718476294338615, 15.522350785028543 ], [ 75.718454077670543, 15.522374940885157 ], [ 75.718428587031653, 15.522456153245392 ], [ 75.718375473683224, 15.522490152639522 ], [ 75.71836894598863, 15.522510687899757 ], [ 75.718133140569307, 15.522659316371975 ], [ 75.717878478777749, 15.5228198295822 ], [ 75.717852204726725, 15.522836390075337 ], [ 75.71798997941751, 15.52291993796568 ], [ 75.718287345215515, 15.52310851386293 ], [ 75.718388241403645, 15.523161335628465 ], [ 75.718513686380007, 15.52326674563268 ], [ 75.718575240679286, 15.523382627735286 ], [ 75.718595593598835, 15.523420939831638 ], [ 75.718502240945455, 15.523550610619026 ], [ 75.717720276400598, 15.524613016383158 ], [ 75.717473997665863, 15.52514802365404 ], [ 75.717989633883988, 15.526623463330013 ], [ 75.717925474337818, 15.526638358462368 ], [ 75.71792813862487, 15.526645864235011 ], [ 75.717662545920291, 15.526707217562235 ], [ 75.71748868769086, 15.526731806109572 ], [ 75.716729335965695, 15.526839208697179 ], [ 75.716654734987031, 15.526830222665488 ], [ 75.7166299510356, 15.526827243017372 ], [ 75.71598052236493, 15.526749005568002 ], [ 75.715972578511312, 15.526748047759268 ], [ 75.71596744989823, 15.526747430675185 ], [ 75.715954406380462, 15.526746138645839 ], [ 75.714390729214387, 15.526591342125096 ], [ 75.711855189565739, 15.526374795233844 ], [ 75.711734257624812, 15.526363375939297 ], [ 75.711662897342123, 15.526356622439144 ], [ 75.711521468201497, 15.526337133824123 ], [ 75.710679311729095, 15.526221020285394 ], [ 75.709439620753869, 15.52604858620855 ], [ 75.708730984673565, 15.525978834473081 ], [ 75.706883512383698, 15.525731971782594 ], [ 75.705794257587129, 15.525627062862037 ], [ 75.705638166279542, 15.525612029838104 ], [ 75.704475236652684, 15.525502608237179 ], [ 75.704284634029094, 15.525466513992429 ], [ 75.70251871972647, 15.525228727988944 ], [ 75.702309886842329, 15.525200605641228 ], [ 75.702202067407157, 15.525186091000853 ], [ 75.700869359785443, 15.525029324904333 ], [ 75.700104703293661, 15.524930777163032 ], [ 75.698698522350298, 15.524749543758965 ], [ 75.698625054551741, 15.524739661819124 ], [ 75.698625034809396, 15.524739659394532 ], [ 75.698250418855977, 15.524689270661625 ], [ 75.697782986370925, 15.524626397677977 ], [ 75.697707816222874, 15.524616286425625 ], [ 75.697561250658367, 15.524596572227615 ], [ 75.69685283461969, 15.524501281533782 ], [ 75.695620158229147, 15.52436611825261 ], [ 75.693407516221839, 15.524123485246024 ], [ 75.693407511072451, 15.524123484827074 ], [ 75.69340750971287, 15.524123484532266 ], [ 75.693340118167029, 15.524116094537259 ], [ 75.692817281640274, 15.524057380450801 ], [ 75.692619078588194, 15.52403512327591 ], [ 75.691303802479979, 15.523674203256931 ], [ 75.690108387308896, 15.52330379529074 ], [ 75.689917263353991, 15.523244574191571 ], [ 75.6887254850581, 15.523105000655937 ], [ 75.688303077705285, 15.523050666975115 ], [ 75.687819376123755, 15.522992254645844 ], [ 75.686687511361043, 15.522909255205423 ], [ 75.686558218517803, 15.522899528568155 ], [ 75.686549988081993, 15.52307909076735 ], [ 75.686514525959765, 15.523858390801141 ], [ 75.68650826310251, 15.523999116295515 ], [ 75.686465676714704, 15.525002686252517 ], [ 75.68631133542759, 15.526440058039126 ], [ 75.686109145619056, 15.528691024034755 ], [ 75.685774371939786, 15.52870545743883 ], [ 75.684938461691203, 15.528827296526647 ], [ 75.684216019141871, 15.528898921043355 ], [ 75.683943137450328, 15.528940135834057 ], [ 75.68394310797639, 15.528940141500939 ], [ 75.683943078528614, 15.528940144733321 ], [ 75.682158494451926, 15.529209680072229 ], [ 75.680865004819651, 15.52929363401813 ], [ 75.680750194706576, 15.529310090642012 ], [ 75.680453050467761, 15.529309162682834 ], [ 75.680458140418992, 15.52944440996084 ], [ 75.680410111338333, 15.529688713545269 ], [ 75.679940374976965, 15.530370766489646 ], [ 75.679306481460372, 15.531087632055526 ], [ 75.678929030121878, 15.531534424216417 ], [ 75.678883409871574, 15.531598564124192 ], [ 75.67784023555059, 15.533052909530234 ], [ 75.676406514491831, 15.534834758605969 ], [ 75.676378120558724, 15.534869002439814 ], [ 75.676335048493002, 15.534915509166117 ], [ 75.675125841853117, 15.536207000393901 ], [ 75.675115235535188, 15.536224657730559 ], [ 75.675038944863019, 15.536352102923725 ], [ 75.674979907613007, 15.53645086210787 ], [ 75.674493550436395, 15.537582131034894 ], [ 75.673956734921802, 15.538864713497023 ], [ 75.673233412826121, 15.54028939283771 ], [ 75.673227065773531, 15.54030187691334 ], [ 75.673223569506476, 15.540310386328095 ], [ 75.673180269679861, 15.540415389054363 ], [ 75.671854958900454, 15.540408181849958 ], [ 75.671690275697983, 15.54042351393174 ], [ 75.671269100829889, 15.540462698239386 ], [ 75.671077052307467, 15.540480568477212 ], [ 75.670185651723784, 15.540468124429543 ], [ 75.669207053619232, 15.540477719326807 ], [ 75.669120118869458, 15.540478025546619 ], [ 75.668715954181124, 15.540479449177242 ], [ 75.668350189241593, 15.540480736735915 ], [ 75.668326825342348, 15.540405758879544 ], [ 75.66829979116018, 15.540319004065433 ], [ 75.668229724032841, 15.540323169216 ], [ 75.668204802923583, 15.540247900444186 ], [ 75.668179263177578, 15.54017167107909 ], [ 75.668008215978389, 15.540254547424775 ], [ 75.667413973134032, 15.540257879448649 ], [ 75.666959924926616, 15.540334975860457 ], [ 75.666554780386065, 15.540556851692848 ], [ 75.666504514977802, 15.540408429503593 ], [ 75.666377957539623, 15.540482625665783 ], [ 75.666328915561081, 15.540350785808828 ], [ 75.665446029528283, 15.540435994242602 ], [ 75.665441344053249, 15.540473571593324 ], [ 75.665264442478815, 15.540714668527952 ], [ 75.665239915108742, 15.54087831800736 ], [ 75.665225980368717, 15.541001407114038 ], [ 75.665043173330986, 15.542597812305118 ], [ 75.66503444436016, 15.54267403451135 ], [ 75.664869498207196, 15.542703523046702 ], [ 75.664567258320218, 15.542757551863314 ], [ 75.664206158582346, 15.543441976273014 ], [ 75.664048090725004, 15.544137393869686 ], [ 75.664038966315303, 15.544699501724944 ], [ 75.66418083798149, 15.545781221401553 ], [ 75.664298890905016, 15.546681417185335 ], [ 75.664209242027439, 15.547584014994468 ], [ 75.664224181703261, 15.548271614010471 ], [ 75.664492555708648, 15.549223187030444 ], [ 75.664562340969837, 15.549240277939242 ], [ 75.664762883940512, 15.549296947922711 ], [ 75.66483638695361, 15.549317717767606 ], [ 75.665451689741815, 15.549491586895872 ], [ 75.665844168961129, 15.550817099681 ], [ 75.665591189899814, 15.55127992572694 ], [ 75.665568744884069, 15.551320987451691 ], [ 75.665527373072422, 15.551323716442621 ], [ 75.665517819414148, 15.551341289227214 ], [ 75.665495195021748, 15.551382836044423 ], [ 75.664687776252606, 15.551428620154377 ], [ 75.664352143617535, 15.551447026289258 ], [ 75.664286543962206, 15.551449173061116 ], [ 75.664096097873539, 15.551455309863005 ], [ 75.663890943455186, 15.55170404902073 ], [ 75.663331913086068, 15.552041176281636 ], [ 75.663301167718487, 15.552043131794843 ], [ 75.663230991904555, 15.552084373283265 ], [ 75.662989936322276, 15.552095198843094 ], [ 75.662564658410929, 15.553297110514691 ], [ 75.66244722290709, 15.554334367016789 ], [ 75.661803848149574, 15.555988089367609 ], [ 75.661242988078172, 15.556825218708472 ], [ 75.659996840615932, 15.558256206559186 ], [ 75.659655353061069, 15.558740977528583 ], [ 75.659542494401592, 15.558928539715893 ], [ 75.659056405256152, 15.560110505944568 ], [ 75.658334203782985, 15.561333283058895 ], [ 75.657700086433621, 15.562313364123526 ], [ 75.657260682004718, 15.563060536932991 ], [ 75.656975805078801, 15.563691426614973 ], [ 75.656707489445168, 15.564360941577133 ], [ 75.656526872861207, 15.565126368398245 ], [ 75.656110355809489, 15.565794029567055 ], [ 75.654547532547369, 15.567656255725943 ], [ 75.65468730731277, 15.567745467965983 ], [ 75.654877124186996, 15.567971904591683 ], [ 75.655032646312222, 15.568158633346444 ], [ 75.655535809484419, 15.568963087153188 ], [ 75.65578980045305, 15.569250353602413 ], [ 75.655914194571025, 15.569395143470233 ], [ 75.656028036476698, 15.569326186078115 ], [ 75.65602691787943, 15.569489321786492 ], [ 75.65594805997641, 15.569564855641504 ], [ 75.656038729552378, 15.569667253131907 ], [ 75.656150082948869, 15.569607300857518 ], [ 75.656154377454499, 15.569762499355159 ], [ 75.655936124819775, 15.569957169801755 ], [ 75.655918495718893, 15.569817860398016 ], [ 75.655795905979474, 15.569967026369424 ], [ 75.655507207352017, 15.570745435920408 ], [ 75.65550658315091, 15.570747117458669 ], [ 75.655460516024277, 15.571018658524553 ], [ 75.655356315517039, 15.571632867317117 ], [ 75.654885412469739, 15.572640028811794 ], [ 75.654375526799143, 15.572826985869742 ], [ 75.653947515737414, 15.573182840044019 ], [ 75.652717485520483, 15.574205519162634 ], [ 75.651012872727364, 15.575429266195078 ], [ 75.649097859342803, 15.577030576630763 ], [ 75.647712997702214, 15.578471500452618 ], [ 75.647277762875945, 15.579375187314351 ], [ 75.646297108905515, 15.580803933356581 ], [ 75.645499433687093, 15.581719919937902 ], [ 75.644478559651873, 15.582689202716772 ], [ 75.642956839528594, 15.583400138668511 ], [ 75.642954947531905, 15.583400536552439 ], [ 75.642835596433741, 15.583457631025849 ], [ 75.640868436585251, 15.583914791488773 ], [ 75.640863699725244, 15.58419531419745 ], [ 75.640860472061462, 15.584386774824678 ], [ 75.640781284044252, 15.58563382861543 ], [ 75.64077403898817, 15.585747912601432 ], [ 75.640747787110868, 15.586161302022971 ], [ 75.640689347081207, 15.587389635178674 ], [ 75.64068848643133, 15.587839486833268 ], [ 75.640682668899089, 15.590880728933447 ], [ 75.640717287494809, 15.591402388781345 ], [ 75.640733698122318, 15.5916496627214 ], [ 75.640745244724954, 15.593513696189408 ], [ 75.640772541554455, 15.595307635878713 ], [ 75.640798905043795, 15.597040307618217 ], [ 75.640800348813613, 15.597135259588311 ], [ 75.640848519506136, 15.599801742381192 ], [ 75.640857097086297, 15.600165042611293 ], [ 75.640887814198635, 15.601466264569513 ], [ 75.640889336799972, 15.602151481698273 ], [ 75.640892042861068, 15.602198679310767 ], [ 75.640998048716767, 15.604047468408758 ], [ 75.641020129578948, 15.604338209986514 ], [ 75.641112472544549, 15.605554113210859 ], [ 75.641278510078138, 15.606432308694007 ], [ 75.641379547093251, 15.608009041270353 ], [ 75.641396249538616, 15.608269736830543 ], [ 75.641533517341642, 15.609225614560284 ], [ 75.641593463063785, 15.60962298987463 ], [ 75.64187039171631, 15.611458708147484 ], [ 75.641969211996582, 15.612113763107194 ], [ 75.642235513229906, 15.613972930994036 ], [ 75.642262189041915, 15.61415916428486 ], [ 75.64236266416286, 15.614860622069672 ], [ 75.64242793878509, 15.615239618716247 ], [ 75.642529957745538, 15.615831972353716 ], [ 75.642756534606946, 15.617276609781996 ], [ 75.642770291132152, 15.61735018600454 ], [ 75.642861704338372, 15.617839107514811 ], [ 75.643290642885418, 15.619640640407866 ], [ 75.643524827957719, 15.62062420005792 ], [ 75.643965765302426, 15.622345931808933 ], [ 75.644065674189861, 15.622736043960291 ], [ 75.644540182112962, 15.624167633128838 ], [ 75.644652848131898, 15.624507553120479 ], [ 75.644922694056604, 15.625324319210694 ], [ 75.64558041769719, 15.626627739599638 ], [ 75.64685698876869, 15.626574998557743 ], [ 75.646890020722822, 15.626880411644377 ], [ 75.647154057237472, 15.626877254300718 ], [ 75.647232054687663, 15.627653618562462 ], [ 75.647282847395601, 15.62814325459953 ], [ 75.647412022201038, 15.62938855228067 ], [ 75.647383488871, 15.631141734631758 ], [ 75.6476222100207, 15.631181882000803 ], [ 75.650026075944965, 15.6315068647 ], [ 75.650428770401888, 15.631079761434423 ], [ 75.650679019715298, 15.629886579542092 ], [ 75.651019213171324, 15.628390261518003 ], [ 75.651436812234607, 15.626620584672736 ], [ 75.651810692272178, 15.625002107951483 ], [ 75.651922982371346, 15.62453520328655 ], [ 75.652241199083136, 15.623367475601208 ], [ 75.652467157142283, 15.622544268780352 ], [ 75.653061559105524, 15.622479408815323 ], [ 75.653158732457385, 15.622472957015171 ], [ 75.653242382667855, 15.622464067486499 ], [ 75.652982489751125, 15.622050165717761 ], [ 75.652898514253025, 15.621487584845928 ], [ 75.653450659813018, 15.620476938706279 ], [ 75.653831911828888, 15.620230835430529 ], [ 75.653926297505407, 15.619979305810585 ], [ 75.654528024186675, 15.619362343998286 ], [ 75.655183733353653, 15.619081886405514 ], [ 75.655646210769191, 15.618502494245053 ], [ 75.656139041441136, 15.617507916141976 ], [ 75.656186371031865, 15.616588061606192 ], [ 75.656226685663597, 15.615814006948442 ], [ 75.656067759274521, 15.615504722187397 ], [ 75.655989232659692, 15.61516317760268 ], [ 75.656085200819533, 15.614331952605346 ], [ 75.656652868182064, 15.613514314715953 ], [ 75.657531211780451, 15.612881576503135 ], [ 75.657842798884445, 15.612484645736359 ], [ 75.658284638055775, 15.612177584689418 ], [ 75.658167581779367, 15.61212993172474 ], [ 75.658124142016646, 15.612097207522101 ], [ 75.658069941700077, 15.61207707136456 ], [ 75.657950968334603, 15.611994757629668 ], [ 75.65786932940884, 15.611791932541365 ], [ 75.657882042619178, 15.611669879499338 ], [ 75.657963682154133, 15.611487965407367 ], [ 75.658121533732924, 15.611362791748396 ], [ 75.658180782932604, 15.611315811205078 ], [ 75.658372930789426, 15.611210405023035 ], [ 75.658673213744251, 15.611191309634853 ], [ 75.658840640765135, 15.611152256456689 ], [ 75.658993083029202, 15.611083730880003 ], [ 75.659194642001779, 15.611041282599174 ], [ 75.659218700412097, 15.611049799365389 ], [ 75.659289138091154, 15.611033953081384 ], [ 75.659332323543182, 15.611050788984052 ], [ 75.659621919768981, 15.610542965171751 ], [ 75.659964558980008, 15.610063996890217 ], [ 75.66007649440418, 15.609988348439105 ], [ 75.66008436872454, 15.609976900562652 ], [ 75.660791932909618, 15.60947194119421 ], [ 75.66137170501834, 15.609227877243102 ], [ 75.66235698615904, 15.608677703853569 ], [ 75.663366345888846, 15.608043058573266 ], [ 75.664392302861458, 15.60755088578318 ], [ 75.665361250675033, 15.606845487644277 ], [ 75.66568536019183, 15.606282108886052 ], [ 75.665873200726807, 15.605824716067193 ], [ 75.665914905420806, 15.605419515779237 ], [ 75.665886970983138, 15.604750374134611 ], [ 75.666105420983101, 15.604233422744265 ], [ 75.666605208698371, 15.603961553421858 ], [ 75.667205773890458, 15.603690007185428 ], [ 75.667505019151079, 15.60355470372375 ], [ 75.667627670728493, 15.603473540875243 ], [ 75.667878334159852, 15.603311040300392 ], [ 75.668098179461239, 15.60312623256706 ], [ 75.668438528435431, 15.602600819290585 ], [ 75.668842583026034, 15.601858231211516 ], [ 75.669495609248614, 15.601304468360661 ], [ 75.669986266093119, 15.601075586726017 ], [ 75.670650383406013, 15.600531448073939 ], [ 75.671042151617797, 15.600443453783081 ], [ 75.671872838502424, 15.599835248563515 ], [ 75.672348093474, 15.599897018180211 ], [ 75.672644406138204, 15.599880297651449 ], [ 75.673064893725694, 15.599750217469561 ], [ 75.672971324825454, 15.599600346993569 ], [ 75.672947409763239, 15.599491312128247 ], [ 75.67296441356666, 15.599380125183265 ], [ 75.673235603691751, 15.598888589639401 ], [ 75.673306966771349, 15.598644136306669 ], [ 75.674000372805011, 15.597721634336908 ], [ 75.673989632724883, 15.597168203135721 ], [ 75.6736965997585, 15.59716799563212 ], [ 75.673799524019287, 15.596877747177393 ], [ 75.674175192951807, 15.596284559557976 ], [ 75.67423274807436, 15.596193679948735 ], [ 75.67497114716403, 15.596360416569588 ], [ 75.675443180096295, 15.595561840420407 ], [ 75.675587519075961, 15.595298236555976 ], [ 75.675563785829752, 15.594739679807672 ], [ 75.675553004646119, 15.594485965149282 ], [ 75.675608105166035, 15.594409503741982 ], [ 75.675623281896307, 15.594388443149139 ], [ 75.676017929161603, 15.594194907067211 ], [ 75.676394719152071, 15.594193868630054 ], [ 75.676683479110636, 15.594192802131424 ], [ 75.676757004992098, 15.594192529754118 ], [ 75.677052811673121, 15.594191436563207 ], [ 75.677222753944818, 15.594188110787982 ], [ 75.678263939020255, 15.594107192158106 ], [ 75.679014757746103, 15.594130466014349 ], [ 75.679233965812983, 15.594125632333096 ], [ 75.679341321774174, 15.594112244838486 ], [ 75.679397852437091, 15.593473953958467 ], [ 75.679575416603683, 15.591139091074229 ], [ 75.679784954637014, 15.591138768067818 ], [ 75.679885420552765, 15.59113861301182 ], [ 75.679909193953037, 15.591138576378583 ], [ 75.679915562803558, 15.591040373957549 ], [ 75.680115576749756, 15.59103638535148 ], [ 75.680211494238662, 15.591034404532216 ], [ 75.680585532035792, 15.591026229493666 ], [ 75.681223771531606, 15.591008343707154 ], [ 75.68170105282195, 15.590993285589853 ], [ 75.682500154329801, 15.590964512973594 ], [ 75.682690503427793, 15.590953255676498 ], [ 75.682991184821873, 15.591970052297727 ], [ 75.682997701529558, 15.591992828726321 ], [ 75.683030612758813, 15.591996769290953 ], [ 75.683495120875548, 15.592050054599406 ], [ 75.683695576029166, 15.592072332143728 ], [ 75.685906700062105, 15.59215416212794 ], [ 75.686109044253158, 15.592158462375856 ], [ 75.6863000193229, 15.592161885761211 ], [ 75.687499829266145, 15.592338368953651 ], [ 75.688758627712446, 15.592329383031014 ], [ 75.689249502048284, 15.592328990522722 ], [ 75.689782620847382, 15.592326194431132 ], [ 75.691415745344969, 15.592276019705844 ], [ 75.692002737404891, 15.59230282721896 ], [ 75.692419488214341, 15.592320424819562 ], [ 75.69409004415779, 15.59238263189707 ], [ 75.694929246801109, 15.592423035519408 ], [ 75.695001070956337, 15.592445912529866 ], [ 75.697647135881397, 15.592068136555039 ], [ 75.697647371433987, 15.592068070319078 ], [ 75.697921697918119, 15.591981893626558 ], [ 75.698963383418246, 15.59173260232755 ], [ 75.700256990122625, 15.591378338852381 ], [ 75.700275794977188, 15.591373189361615 ], [ 75.700381842026943, 15.591344146424239 ], [ 75.700445175446944, 15.591413532332727 ], [ 75.700453563410875, 15.59141149599299 ], [ 75.700472382988082, 15.591406838223826 ], [ 75.700578504619529, 15.591380539549984 ], [ 75.700718517595064, 15.591539604574612 ], [ 75.701287223150132, 15.592188914492811 ], [ 75.701152270524858, 15.59310913753268 ], [ 75.701094603742206, 15.593466166613824 ], [ 75.701097028412391, 15.595061584599403 ], [ 75.701087132768365, 15.596971809311659 ], [ 75.701086165175823, 15.597153330754139 ], [ 75.701158291554037, 15.599477660200892 ], [ 75.701255198850802, 15.600464025035786 ], [ 75.701434987203498, 15.601716678863189 ], [ 75.701661867746594, 15.604516414908209 ], [ 75.701662549083863, 15.604524492825183 ], [ 75.702253276135735, 15.604507566761441 ], [ 75.703136370093134, 15.604468007511976 ], [ 75.703694527756198, 15.604428091426112 ], [ 75.704404478333757, 15.604372650964228 ], [ 75.704477846390446, 15.6043666208611 ], [ 75.704499897407175, 15.604364311119248 ], [ 75.704504755496913, 15.604364409208038 ], [ 75.704699350548935, 15.604348415486998 ], [ 75.705813578036185, 15.604390835401768 ], [ 75.706132557660609, 15.604397275860347 ], [ 75.70631036409678, 15.604400864754115 ], [ 75.708169423127501, 15.604461929179362 ], [ 75.708165394987986, 15.604488522659684 ], [ 75.708331934072561, 15.604495746248217 ], [ 75.708326622703467, 15.604536483800485 ], [ 75.707929635132672, 15.607647676702477 ], [ 75.707941103330342, 15.607647075858225 ], [ 75.707934579456477, 15.60769646168635 ], [ 75.70817304762511, 15.607683411998384 ], [ 75.708171193563516, 15.607700529888069 ], [ 75.710730839281666, 15.607647237394119 ], [ 75.710989662269697, 15.607641847429301 ], [ 75.712107748181253, 15.607747761485577 ], [ 75.712432843961423, 15.607778554469041 ], [ 75.712705334487879, 15.607802339255093 ], [ 75.712964169658875, 15.607824762511509 ], [ 75.71460519868694, 15.608024655178772 ], [ 75.714715910621777, 15.610272826155919 ], [ 75.714769602084971, 15.611388750433907 ], [ 75.714850189503508, 15.61201341425166 ], [ 75.715033717755091, 15.613607630186991 ], [ 75.715308974259727, 15.61658283549651 ], [ 75.715323211923646, 15.616738253042467 ], [ 75.715334270874479, 15.616859078055811 ], [ 75.715436295259508, 15.616993110875091 ], [ 75.716133708713556, 15.619206588736223 ], [ 75.716171858007229, 15.6194748374702 ], [ 75.716227385053529, 15.619865184126771 ], [ 75.716518075808509, 15.621927864312809 ], [ 75.716693764602653, 15.623211464805792 ], [ 75.716722054493999, 15.623727432912396 ], [ 75.716805722494428, 15.625345776108459 ], [ 75.716856148106999, 15.626541614915437 ], [ 75.716938229691337, 15.628310148487055 ], [ 75.717426535340365, 15.628526684673721 ], [ 75.71800034292238, 15.629137365969374 ], [ 75.718772489293755, 15.63045328109223 ], [ 75.719371739189128, 15.631425286659175 ], [ 75.71981192879899, 15.631895396625225 ], [ 75.720292378806917, 15.632381485621886 ], [ 75.721343138580934, 15.632885512377957 ], [ 75.721631325746742, 15.632985322960018 ], [ 75.722686169144481, 15.63368544497088 ], [ 75.723414004273934, 15.634137876634819 ], [ 75.724326666466439, 15.634571117702656 ], [ 75.724463098047522, 15.634654599064014 ], [ 75.72454345058172, 15.634703776216693 ], [ 75.724624606580534, 15.634707622792398 ], [ 75.724880996947931, 15.634719776340789 ], [ 75.726418686354563, 15.634792660025223 ], [ 75.726536684813709, 15.634803080226048 ], [ 75.726621983240051, 15.634805698782248 ], [ 75.727149245823526, 15.63484426063847 ], [ 75.729271479465979, 15.635005566032062 ], [ 75.730632867196604, 15.634943178777249 ], [ 75.732018620073305, 15.634889340506451 ], [ 75.73227303255932, 15.63492184934417 ], [ 75.734136215227167, 15.635394996769817 ], [ 75.734498118136969, 15.6355141422231 ], [ 75.734567781229231, 15.635532332642461 ], [ 75.734573726499917, 15.635533054119261 ], [ 75.735765657902036, 15.635646331024601 ], [ 75.735780989066114, 15.635647536173895 ], [ 75.736231190182551, 15.635682954412585 ], [ 75.736960184765096, 15.635740298553191 ], [ 75.739488788726874, 15.635897165551988 ], [ 75.739557120404086, 15.635901403700148 ], [ 75.739965162316892, 15.635911177700557 ], [ 75.741515786350476, 15.636003559007813 ], [ 75.741556181858812, 15.636005965426413 ], [ 75.742798800752468, 15.636176922424173 ], [ 75.744373078622843, 15.63637621137009 ], [ 75.744699666425845, 15.636371255447367 ], [ 75.744955982587896, 15.636405341234704 ], [ 75.745066205638494, 15.636425165989442 ], [ 75.746966459221994, 15.636766910968879 ], [ 75.747150853198505, 15.636800071986617 ], [ 75.747276091469303, 15.636822594452836 ], [ 75.747450746584221, 15.636840271141674 ], [ 75.74855436034386, 15.636973276623793 ], [ 75.749929954683381, 15.637063956786529 ], [ 75.750378967186151, 15.637093052522673 ], [ 75.751225361342733, 15.637159270233667 ], [ 75.751847681410382, 15.637153314116235 ], [ 75.752383322707715, 15.637187385456457 ], [ 75.754897314490677, 15.637349755647222 ], [ 75.754911713924443, 15.637728696139506 ], [ 75.754965890063033, 15.639200048793679 ], [ 75.755009491432972, 15.639879222197283 ], [ 75.755016171606073, 15.64000254138465 ], [ 75.755147224004517, 15.641715165908806 ], [ 75.755448387637117, 15.642041945756109 ], [ 75.75604792205695, 15.642802349333808 ], [ 75.756256991741765, 15.643062442387818 ], [ 75.756549509110869, 15.643416803233613 ], [ 75.757165349470284, 15.644169105963623 ], [ 75.75717523729304, 15.644181650114758 ], [ 75.757768858439434, 15.644934721012275 ], [ 75.757924489101129, 15.645130624669392 ], [ 75.758364865655608, 15.64568495952445 ], [ 75.758607220929662, 15.645998695874226 ], [ 75.759018178693651, 15.646609258716824 ], [ 75.75941302703248, 15.647195895993102 ], [ 75.759741821942001, 15.647728976707795 ], [ 75.759836514845233, 15.647873202213756 ], [ 75.761080461081377, 15.649733179194639 ], [ 75.761616364523476, 15.650554561311232 ], [ 75.763454956137807, 15.651439642936104 ], [ 75.763505610526806, 15.651563107625231 ], [ 75.763507641314561, 15.651568051765045 ], [ 75.764262175711323, 15.652323411403932 ], [ 75.765126188300954, 15.653203070269932 ], [ 75.765471157099938, 15.653554091366541 ], [ 75.765982749449634, 15.654086098914584 ], [ 75.766330789235539, 15.654379605211302 ], [ 75.767054624810271, 15.654989333271139 ], [ 75.767173933254668, 15.655087134141583 ], [ 75.767586842899561, 15.655427082866186 ], [ 75.767892351767401, 15.655678603618398 ], [ 75.76912421203231, 15.656632115184715 ], [ 75.769985931864511, 15.657299151148743 ], [ 75.770051609332754, 15.65734957774516 ], [ 75.771274809843675, 15.658288709590275 ], [ 75.772053262469768, 15.658687767264446 ], [ 75.772842669779081, 15.659098252420092 ], [ 75.773077456707995, 15.659207814932458 ], [ 75.77321625386304, 15.659272584765015 ], [ 75.774253403297067, 15.659459105815204 ], [ 75.775288901821909, 15.659645323971397 ], [ 75.775379283763883, 15.659661578897291 ], [ 75.777414886013617, 15.660219245716354 ], [ 75.777435235536174, 15.660223543423736 ], [ 75.779193609899522, 15.66059494006212 ], [ 75.779307570802402, 15.660619799590306 ], [ 75.781098397243426, 15.661008176943877 ], [ 75.781460163036257, 15.66106704132649 ], [ 75.783279017042148, 15.661442384199155 ], [ 75.783281297777961, 15.661443231224421 ], [ 75.783388983968351, 15.661483255680736 ], [ 75.783963274741296, 15.661560853082973 ], [ 75.783958234341128, 15.661684152028398 ], [ 75.784055112222205, 15.661696163636966 ], [ 75.783932335385842, 15.665104899446709 ], [ 75.784285850681911, 15.665109659641635 ], [ 75.78449028547368, 15.665112411419178 ], [ 75.784618764146671, 15.665114140628287 ], [ 75.784608983158606, 15.665249338896155 ], [ 75.784721875473394, 15.665248875216589 ], [ 75.784592682993633, 15.667121561758258 ], [ 75.784693512678814, 15.667097889315434 ], [ 75.784707325276358, 15.667094645999613 ], [ 75.784781232701093, 15.667225119553327 ], [ 75.784802636084706, 15.667219742910225 ], [ 75.784816354621881, 15.667216300141275 ], [ 75.784934628465194, 15.667421196286572 ], [ 75.784964927552849, 15.667515602383665 ], [ 75.785258181364483, 15.667229508234858 ], [ 75.785623544610431, 15.666856230526349 ], [ 75.786009516244931, 15.666649037231982 ], [ 75.786380723045539, 15.666449771919327 ], [ 75.786941733557398, 15.66614861084528 ], [ 75.787769159665899, 15.666023760995589 ], [ 75.787726905589011, 15.665839365014557 ], [ 75.787695504998439, 15.66460746121933 ], [ 75.789949897352955, 15.664841330822428 ], [ 75.79008024957723, 15.664857457045258 ], [ 75.792081101520594, 15.664955444600327 ], [ 75.792111913726899, 15.664131507292788 ], [ 75.792162718300474, 15.663338191866416 ], [ 75.792186927548002, 15.662189344562904 ], [ 75.792215666734805, 15.661808941664965 ], [ 75.792260508850333, 15.661811146136097 ], [ 75.794143921029232, 15.66190371187694 ], [ 75.794151104918001, 15.661994434373707 ], [ 75.794276678925385, 15.663247076325842 ], [ 75.794877673453513, 15.665173475739941 ], [ 75.794807010072347, 15.665170881915541 ], [ 75.793671463389359, 15.665129212882292 ], [ 75.793631012949533, 15.66512812913842 ], [ 75.793717956978753, 15.666430828912288 ], [ 75.793810067118329, 15.667661577996689 ], [ 75.793796004497395, 15.667847685459911 ], [ 75.793787851329768, 15.667955316992487 ], [ 75.795004536165024, 15.667696566413841 ], [ 75.795738124274934, 15.667540552725116 ], [ 75.796272524336914, 15.667788482969685 ], [ 75.796739451102241, 15.668005104379754 ], [ 75.797356994144366, 15.668134508648476 ], [ 75.797688800950411, 15.667969339185882 ], [ 75.798158337433307, 15.667583127190273 ], [ 75.798466285678685, 15.667329831894493 ], [ 75.798769562308578, 15.667080371701552 ], [ 75.798869551535361, 15.667056447064191 ], [ 75.799025984800465, 15.666864609391306 ], [ 75.799064010140498, 15.666956721207473 ], [ 75.799120921758643, 15.666884923721412 ] ] ] } },
{ "type": "Feature", "properties": { "OBJECTID": 162, "KGISHobliID": 849, "KGISHobliCode": "080201", "KGISHobliName": "Rona", "BhuCodeHobli": null, "SHAPE.STArea()": 330583527.02839822, "SHAPE.STLength()": 111892.74509769731, "KGISTalukCode": "0802", "created_user": null, "created_date": null, "last_edited_user": null, "last_edited_date": null, "_overlap_percent": 3.6555467262702623, "_police_station": "Naregal PS", "_police_feature_index": "392", "_admin_layer": "Hobli", "_geometry_clipped": true }, "geometry": { "type": "MultiPolygon", "coordinates": [ [ [ [ 75.657842798884445, 15.612484645736359 ], [ 75.657531211780451, 15.612881576503135 ], [ 75.656652868182064, 15.613514314715953 ], [ 75.656085200819533, 15.614331952605346 ], [ 75.655989232659692, 15.61516317760268 ], [ 75.656067759274521, 15.615504722187397 ], [ 75.656226685663597, 15.615814006948442 ], [ 75.656186371031865, 15.616588061606192 ], [ 75.656139041441136, 15.617507916141976 ], [ 75.655646210769191, 15.618502494245053 ], [ 75.655183733353653, 15.619081886405514 ], [ 75.654528024186675, 15.619362343998286 ], [ 75.653926297505407, 15.619979305810585 ], [ 75.653831911828888, 15.620230835430529 ], [ 75.653450659813018, 15.620476938706279 ], [ 75.652898514253025, 15.621487584845928 ], [ 75.652982489751125, 15.622050165717761 ], [ 75.653242382667855, 15.622464067486499 ], [ 75.653158732457385, 15.622472957015171 ], [ 75.653061559105524, 15.622479408815323 ], [ 75.652467157142283, 15.622544268780352 ], [ 75.652241199083136, 15.623367475601208 ], [ 75.651922982371346, 15.62453520328655 ], [ 75.651810692272178, 15.625002107951483 ], [ 75.651436812234607, 15.626620584672736 ], [ 75.651019213171324, 15.628390261518003 ], [ 75.650679019715298, 15.629886579542092 ], [ 75.650428770401888, 15.631079761434423 ], [ 75.650026075944965, 15.6315068647 ], [ 75.65002883744603, 15.631547404608447 ], [ 75.65002886313242, 15.631547780457765 ], [ 75.650162105559033, 15.631564234099017 ], [ 75.650580415626067, 15.631156283003873 ], [ 75.65086824069175, 15.630029305854666 ], [ 75.65123699373089, 15.628600634878557 ], [ 75.651665836831071, 15.6268818731859 ], [ 75.652035396199679, 15.625262806010952 ], [ 75.652145816286549, 15.624786130716597 ], [ 75.652462182454144, 15.623589314123709 ], [ 75.65268400333477, 15.622750148960042 ], [ 75.65327176625344, 15.622694318533501 ], [ 75.653367835709162, 15.622689506202208 ], [ 75.653450498758502, 15.622682006299227 ], [ 75.653190015798373, 15.622258165938524 ], [ 75.653101494915532, 15.621687699355759 ], [ 75.653636805876985, 15.620680689112863 ], [ 75.654011035222211, 15.620440688691643 ], [ 75.65410243165978, 15.620188794547685 ], [ 75.654692933843165, 15.619576696822472 ], [ 75.655338813759812, 15.619304692642723 ], [ 75.655793422713614, 15.618725044321311 ], [ 75.656277126150883, 15.617722251223082 ], [ 75.656320651923735, 15.61678597746333 ], [ 75.656357343667182, 15.6159966240249 ], [ 75.656200054608291, 15.615678127018137 ], [ 75.656122072752225, 15.615326991905743 ], [ 75.656215568492001, 15.614472038258549 ], [ 75.656772907620834, 15.613629562183075 ], [ 75.657635072996399, 15.612974484725191 ], [ 75.657942005191046, 15.612558819244729 ], [ 75.658396468955544, 15.612223110432078 ], [ 75.658284638055775, 15.612177584689418 ], [ 75.657842798884445, 15.612484645736359 ] ] ], [ [ [ 75.659194642001779, 15.611041282599174 ], [ 75.658993083029202, 15.611083730880003 ], [ 75.658840640765135, 15.611152256456689 ], [ 75.658673213744251, 15.611191309634853 ], [ 75.658372930789426, 15.611210405023035 ], [ 75.658180782932604, 15.611315811205078 ], [ 75.658121533732924, 15.611362791748396 ], [ 75.657963682154133, 15.611487965407367 ], [ 75.657882042619178, 15.611669879499338 ], [ 75.65786932940884, 15.611791932541365 ], [ 75.657950968334603, 15.611994757629668 ], [ 75.658069941700077, 15.61207707136456 ], [ 75.658124142016646, 15.612097207522101 ], [ 75.658051507056129, 15.61204248988512 ], [ 75.657973078056798, 15.611828030403956 ], [ 75.657986710571308, 15.611699125732985 ], [ 75.658068884439658, 15.611506947545198 ], [ 75.658225745763403, 15.61137460517199 ], [ 75.658284695116691, 15.611324870944369 ], [ 75.658475486081059, 15.611213161377915 ], [ 75.658771822900036, 15.611193093203202 ], [ 75.658937595225183, 15.611151747793715 ], [ 75.659089283968541, 15.611078914034515 ], [ 75.659218700412097, 15.611049799365389 ], [ 75.659194642001779, 15.611041282599174 ] ] ], [ [ [ 75.659964558980008, 15.610063996890217 ], [ 75.659621919768981, 15.610542965171751 ], [ 75.659332323543182, 15.611050788984052 ], [ 75.659405740852776, 15.611079410814327 ], [ 75.659725686141329, 15.610498361934418 ], [ 75.66007649440418, 15.609988348439105 ], [ 75.659964558980008, 15.610063996890217 ] ] ], [ [ [ 75.667627670728493, 15.603473540875243 ], [ 75.667505019151079, 15.60355470372375 ], [ 75.667685608836038, 15.603473050268432 ], [ 75.667878334159852, 15.603311040300392 ], [ 75.667627670728493, 15.603473540875243 ] ] ], [ [ [ 75.697647135881397, 15.592068136555039 ], [ 75.695001070956337, 15.592445912529866 ], [ 75.694929246801109, 15.592423035519408 ], [ 75.69409004415779, 15.59238263189707 ], [ 75.692419488214341, 15.592320424819562 ], [ 75.692002737404891, 15.59230282721896 ], [ 75.691415745344969, 15.592276019705844 ], [ 75.689782620847382, 15.592326194431132 ], [ 75.689249502048284, 15.592328990522722 ], [ 75.688758627712446, 15.592329383031014 ], [ 75.687499829266145, 15.592338368953651 ], [ 75.6863000193229, 15.592161885761211 ], [ 75.686109044253158, 15.592158462375856 ], [ 75.685906700062105, 15.59215416212794 ], [ 75.683695576029166, 15.592072332143728 ], [ 75.683495120875548, 15.592050054599406 ], [ 75.683030612758813, 15.591996769290953 ], [ 75.682997701529558, 15.591992828726321 ], [ 75.682991184821873, 15.591970052297727 ], [ 75.682690503427793, 15.590953255676498 ], [ 75.682500154329801, 15.590964512973594 ], [ 75.68170105282195, 15.590993285589853 ], [ 75.681223771531606, 15.591008343707154 ], [ 75.680585532035792, 15.591026229493666 ], [ 75.680211494238662, 15.591034404532216 ], [ 75.680115576749756, 15.59103638535148 ], [ 75.679915562803558, 15.591040373957549 ], [ 75.679909193953037, 15.591138576378583 ], [ 75.680277039219447, 15.591138009553358 ], [ 75.680944557519894, 15.591134906940169 ], [ 75.681442940187353, 15.591132589483175 ], [ 75.682275452575468, 15.591128714812777 ], [ 75.682473481855467, 15.591124225774099 ], [ 75.682742664504829, 15.592075048400185 ], [ 75.682748672386111, 15.592096272406414 ], [ 75.682780512647341, 15.592100431489524 ], [ 75.683221880463108, 15.59215809053563 ], [ 75.683410064905871, 15.592182673739222 ], [ 75.68545721532378, 15.592325953119571 ], [ 75.685642142629504, 15.592338894451858 ], [ 75.68581606120685, 15.592351065381438 ], [ 75.687289554266215, 15.592432294752143 ], [ 75.688678395402249, 15.592409670695794 ], [ 75.689200900192745, 15.59241167523111 ], [ 75.689761670574498, 15.592413826099392 ], [ 75.691457920361799, 15.592389417349466 ], [ 75.692069876767988, 15.592428072890534 ], [ 75.69250510660784, 15.592455564501995 ], [ 75.694286171228029, 15.59257215037316 ], [ 75.694617240103014, 15.592593820180333 ], [ 75.694699821517474, 15.592612006714429 ], [ 75.69744333440822, 15.592132166339875 ], [ 75.697647371433987, 15.592068070319078 ], [ 75.697647135881397, 15.592068136555039 ] ] ], [ [ [ 75.704404478333757, 15.604372650964228 ], [ 75.703694527756198, 15.604428091426112 ], [ 75.703136370093134, 15.604468007511976 ], [ 75.702253276135735, 15.604507566761441 ], [ 75.701662549083863, 15.604524492825183 ], [ 75.701661867746594, 15.604516414908209 ], [ 75.701434987203498, 15.601716678863189 ], [ 75.701255198850802, 15.600464025035786 ], [ 75.701158291554037, 15.599477660200892 ], [ 75.701086165175823, 15.597153330754139 ], [ 75.701087132768365, 15.596971809311659 ], [ 75.701097028412391, 15.595061584599403 ], [ 75.701094603742206, 15.593466166613824 ], [ 75.701152270524858, 15.59310913753268 ], [ 75.701287223150132, 15.592188914492811 ], [ 75.700718517595064, 15.591539604574612 ], [ 75.700578504619529, 15.591380539549984 ], [ 75.700472382988082, 15.591406838223826 ], [ 75.700453563410875, 15.59141149599299 ], [ 75.700445175446944, 15.591413532332727 ], [ 75.70051812536984, 15.591493453749795 ], [ 75.701074169376682, 15.592102632786426 ], [ 75.700942004988136, 15.593016345160873 ], [ 75.700890000566247, 15.593375879266212 ], [ 75.700929853762005, 15.59498183999102 ], [ 75.70097792447973, 15.596918894686111 ], [ 75.700982503805008, 15.597103430518324 ], [ 75.701111825172575, 15.599474047696186 ], [ 75.701217328093108, 15.600489108444027 ], [ 75.701350343172237, 15.601768834963066 ], [ 75.701463820604346, 15.604650303579183 ], [ 75.701464150244306, 15.604658646592112 ], [ 75.702050358659903, 15.604606693124159 ], [ 75.702930844625456, 15.604528658171546 ], [ 75.703489883897618, 15.604470103500649 ], [ 75.704203088748088, 15.604395400451324 ], [ 75.704477846390446, 15.6043666208611 ], [ 75.704404478333757, 15.604372650964228 ] ] ], [ [ [ 75.704699350548935, 15.604348415486998 ], [ 75.704504755496913, 15.604364409208038 ], [ 75.705813578036185, 15.604390835401768 ], [ 75.704699350548935, 15.604348415486998 ] ] ], [ [ [ 75.708326622703467, 15.604536483800485 ], [ 75.708331934072561, 15.604495746248217 ], [ 75.708165394987986, 15.604488522659684 ], [ 75.708163238042033, 15.604502762657972 ], [ 75.707684942788688, 15.60766049667585 ], [ 75.707929635132672, 15.607647676702477 ], [ 75.708326622703467, 15.604536483800485 ] ] ], [ [ [ 75.70817304762511, 15.607683411998384 ], [ 75.707934579456477, 15.60769646168635 ], [ 75.707933387995837, 15.607705481062244 ], [ 75.708171193563516, 15.607700529888069 ], [ 75.70817304762511, 15.607683411998384 ] ] ], [ [ [ 75.716856148106999, 15.626541614915437 ], [ 75.716805722494428, 15.625345776108459 ], [ 75.716722054493999, 15.623727432912396 ], [ 75.716693764602653, 15.623211464805792 ], [ 75.716518075808509, 15.621927864312809 ], [ 75.716227385053529, 15.619865184126771 ], [ 75.716171858007229, 15.6194748374702 ], [ 75.716133708713556, 15.619206588736223 ], [ 75.715436295259508, 15.616993110875091 ], [ 75.715334270874479, 15.616859078055811 ], [ 75.715323211923646, 15.616738253042467 ], [ 75.715308974259727, 15.61658283549651 ], [ 75.715033717755091, 15.613607630186991 ], [ 75.714850189503508, 15.61201341425166 ], [ 75.714769602084971, 15.611388750433907 ], [ 75.714715910621777, 15.610272826155919 ], [ 75.71460519868694, 15.608024655178772 ], [ 75.712964169658875, 15.607824762511509 ], [ 75.712705334487879, 15.607802339255093 ], [ 75.712432843961423, 15.607778554469041 ], [ 75.712594731091386, 15.607793888373756 ], [ 75.71286068186339, 15.607819091117941 ], [ 75.714546930731714, 15.608040261720427 ], [ 75.714634199984417, 15.610289307249463 ], [ 75.714677265331233, 15.611399290607274 ], [ 75.714753482987561, 15.612019588744719 ], [ 75.714925653497829, 15.613597673488858 ], [ 75.715180454839142, 15.616527324623084 ], [ 75.715193719659666, 15.616679841662288 ], [ 75.715204028973844, 15.616798372935607 ], [ 75.715307513818018, 15.616930721408504 ], [ 75.716004239237719, 15.619099910827028 ], [ 75.716041151428854, 15.619361724349476 ], [ 75.716094846615164, 15.619742555069251 ], [ 75.716378594348512, 15.621752048030306 ], [ 75.71655540881217, 15.623004198973366 ], [ 75.71658474749691, 15.623508277753116 ], [ 75.716676619172205, 15.625086733714253 ], [ 75.716728220877968, 15.626258872822596 ], [ 75.7168179693506, 15.628297459728236 ], [ 75.716896649394073, 15.628291709955723 ], [ 75.716938229691337, 15.628310148487055 ], [ 75.716856148106999, 15.626541614915437 ] ] ], [ [ [ 75.724463098047522, 15.634654599064014 ], [ 75.724326666466439, 15.634571117702656 ], [ 75.723414004273934, 15.634137876634819 ], [ 75.722686169144481, 15.63368544497088 ], [ 75.723241371222301, 15.634053944405011 ], [ 75.724144123886475, 15.634514949423219 ], [ 75.724278743034162, 15.634602767995716 ], [ 75.724424968235795, 15.634698159011648 ], [ 75.724510865565293, 15.6347022317747 ], [ 75.72454345058172, 15.634703776216693 ], [ 75.724463098047522, 15.634654599064014 ] ] ], [ [ [ 75.734567781229231, 15.635532332642461 ], [ 75.734498118136969, 15.6355141422231 ], [ 75.734136215227167, 15.635394996769817 ], [ 75.73227303255932, 15.63492184934417 ], [ 75.732018620073305, 15.634889340506451 ], [ 75.730632867196604, 15.634943178777249 ], [ 75.729271479465979, 15.635005566032062 ], [ 75.727149245823526, 15.63484426063847 ], [ 75.726621983240051, 15.634805698782248 ], [ 75.726536684813709, 15.634803080226048 ], [ 75.726940201528066, 15.634838713955762 ], [ 75.729033953603818, 15.63502359584689 ], [ 75.730377022921246, 15.634966210548642 ], [ 75.73174816190668, 15.634907614211931 ], [ 75.731999870479385, 15.634938718517565 ], [ 75.733872250469503, 15.635380208092029 ], [ 75.734239008658676, 15.635491395126385 ], [ 75.734309693072646, 15.635507961324915 ], [ 75.734573726499917, 15.635533054119261 ], [ 75.734567781229231, 15.635532332642461 ] ] ], [ [ [ 75.755009491432972, 15.639879222197283 ], [ 75.754965890063033, 15.639200048793679 ], [ 75.754911713924443, 15.637728696139506 ], [ 75.754897314490677, 15.637349755647222 ], [ 75.752383322707715, 15.637187385456457 ], [ 75.751847681410382, 15.637153314116235 ], [ 75.751225361342733, 15.637159270233667 ], [ 75.750378967186151, 15.637093052522673 ], [ 75.749929954683381, 15.637063956786529 ], [ 75.74855436034386, 15.636973276623793 ], [ 75.749865605517897, 15.637131305458635 ], [ 75.750308478429702, 15.637184676767593 ], [ 75.751134160126512, 15.637296387371473 ], [ 75.751732064972572, 15.637324112495046 ], [ 75.752280813511675, 15.637349558338538 ], [ 75.754845466175126, 15.637469539213772 ], [ 75.754867930413994, 15.637846127760232 ], [ 75.754955250843551, 15.639309954408544 ], [ 75.755014905823742, 15.63998599983425 ], [ 75.755016171606073, 15.64000254138465 ], [ 75.755009491432972, 15.639879222197283 ] ] ], [ [ [ 75.75604792205695, 15.642802349333808 ], [ 75.755448387637117, 15.642041945756109 ], [ 75.755147224004517, 15.641715165908806 ], [ 75.755151496007585, 15.641770993480959 ], [ 75.755501315405041, 15.642136836544516 ], [ 75.756113213379962, 15.64288826667287 ], [ 75.756256991741765, 15.643062442387818 ], [ 75.75604792205695, 15.642802349333808 ] ] ], [ [ [ 75.766330789235539, 15.654379605211302 ], [ 75.765982749449634, 15.654086098914584 ], [ 75.765471157099938, 15.653554091366541 ], [ 75.765126188300954, 15.653203070269932 ], [ 75.764262175711323, 15.652323411403932 ], [ 75.763507641314561, 15.651568051765045 ], [ 75.763505610526806, 15.651563107625231 ], [ 75.763454956137807, 15.651439642936104 ], [ 75.761616364523476, 15.650554561311232 ], [ 75.761080461081377, 15.649733179194639 ], [ 75.759836514845233, 15.647873202213756 ], [ 75.759741821942001, 15.647728976707795 ], [ 75.759850615013278, 15.647905364743343 ], [ 75.761037092369591, 15.649756044627026 ], [ 75.761569398111178, 15.650577669873657 ], [ 75.763452482527171, 15.651469240415091 ], [ 75.763501597925227, 15.651592567633292 ], [ 75.763503569912629, 15.651597505649962 ], [ 75.764263165203047, 15.652353694697432 ], [ 75.765132909359565, 15.653234879381941 ], [ 75.76548056041824, 15.653587112399922 ], [ 75.765997040897716, 15.654122396107407 ], [ 75.766342720774702, 15.654405763225421 ], [ 75.767054624810271, 15.654989333271139 ], [ 75.766330789235539, 15.654379605211302 ] ] ], [ [ [ 75.784055112222205, 15.661696163636966 ], [ 75.783958234341128, 15.661684152028398 ], [ 75.783819905330674, 15.665067974851944 ], [ 75.783818458767087, 15.66510336606213 ], [ 75.783932335385842, 15.665104899446709 ], [ 75.784055112222205, 15.661696163636966 ] ] ], [ [ [ 75.784721875473394, 15.665248875216589 ], [ 75.784608983158606, 15.665249338896155 ], [ 75.784477117591734, 15.667072058248772 ], [ 75.78454405187891, 15.667132979202242 ], [ 75.784592682993633, 15.667121561758258 ], [ 75.784721875473394, 15.665248875216589 ] ] ], [ [ [ 75.784934628465194, 15.667421196286572 ], [ 75.784816354621881, 15.667216300141275 ], [ 75.784802636084706, 15.667219742910225 ], [ 75.784781232701093, 15.667225119553327 ], [ 75.784825401629618, 15.667303093817623 ], [ 75.78490927245447, 15.66756989868729 ], [ 75.784964927552849, 15.667515602383665 ], [ 75.784934628465194, 15.667421196286572 ] ] ], [ [ [ 75.793796004497395, 15.667847685459911 ], [ 75.793810067118329, 15.667661577996689 ], [ 75.793717956978753, 15.666430828912288 ], [ 75.793631012949533, 15.66512812913842 ], [ 75.793671463389359, 15.665129212882292 ], [ 75.794807010072347, 15.665170881915541 ], [ 75.794877673453513, 15.665173475739941 ], [ 75.794276678925385, 15.663247076325842 ], [ 75.794151104918001, 15.661994434373707 ], [ 75.794243591336198, 15.663162408858105 ], [ 75.794817838674504, 15.665091183542968 ], [ 75.794746925868566, 15.665088745186186 ], [ 75.793607616103913, 15.665049580866595 ], [ 75.793567033532071, 15.665048586180497 ], [ 75.793639340048358, 15.666353357677167 ], [ 75.793718637688755, 15.66758983396832 ], [ 75.793702688897739, 15.667777288890681 ], [ 75.793685693110419, 15.667977042831097 ], [ 75.793787851329768, 15.667955316992487 ], [ 75.793796004497395, 15.667847685459911 ] ] ], [ [ [ 75.834279123540625, 15.686636491096086 ], [ 75.833090612332398, 15.686406408054816 ], [ 75.832250824293993, 15.686227772855995 ], [ 75.832037362334006, 15.686180333823266 ], [ 75.831841495295706, 15.686186504513259 ], [ 75.830527090819132, 15.685829606636201 ], [ 75.829364165409658, 15.685438298300122 ], [ 75.829315764117894, 15.685367795526496 ], [ 75.827860054118617, 15.68501765433909 ], [ 75.827529654179855, 15.684919423510271 ], [ 75.827117106368519, 15.684786692080344 ], [ 75.826300251731439, 15.684493184750158 ], [ 75.824362576889968, 15.683762077104705 ], [ 75.823765812257022, 15.683405702478462 ], [ 75.823214387852886, 15.683064012548609 ], [ 75.820336969555484, 15.682743636875154 ], [ 75.820203242986324, 15.682726732877789 ], [ 75.81976703276294, 15.682670247706261 ], [ 75.819735132679767, 15.682082922303183 ], [ 75.819691262626037, 15.681266421930079 ], [ 75.81906636816737, 15.681206329986995 ], [ 75.817448376761774, 15.680929589823148 ], [ 75.817451894033098, 15.680349041461849 ], [ 75.817470484341186, 15.679436231728271 ], [ 75.817437826107309, 15.678359239263244 ], [ 75.817430627594874, 15.678121809962988 ], [ 75.816842177449331, 15.678076472802218 ], [ 75.816852133731885, 15.677763996233006 ], [ 75.816882074858455, 15.676824337875244 ], [ 75.814738315806025, 15.676404610121487 ], [ 75.813483888237968, 15.676123218760454 ], [ 75.813371704015267, 15.676088926116542 ], [ 75.8133837051261, 15.675926505047254 ], [ 75.813371834410972, 15.67592484695054 ], [ 75.813395015838736, 15.675119101491616 ], [ 75.813303219466434, 15.67510825212344 ], [ 75.811993229195934, 15.67495575386933 ], [ 75.810989015328332, 15.674866223213611 ], [ 75.810214239182855, 15.674798597589525 ], [ 75.810114585589531, 15.674798865207222 ], [ 75.80826978049663, 15.67469063999657 ], [ 75.808233062993324, 15.675429924674042 ], [ 75.807444693213782, 15.675402007528907 ], [ 75.80632249135364, 15.675363695021579 ], [ 75.805393721258824, 15.675333240302439 ], [ 75.805285870931357, 15.675330844711889 ], [ 75.80410717725627, 15.675305749746528 ], [ 75.80297326798113, 15.675283092139315 ], [ 75.801884504597467, 15.675262260165866 ], [ 75.801850022885205, 15.675244179189304 ], [ 75.80191079981806, 15.673943905484002 ], [ 75.801599495414692, 15.672828857488696 ], [ 75.801192137783133, 15.671570569271788 ], [ 75.800905484238299, 15.670698685813967 ], [ 75.800589385801985, 15.670050939688705 ], [ 75.800083810297622, 15.669186114469388 ], [ 75.799862925270958, 15.668832219071437 ], [ 75.799661227119572, 15.668303673281807 ], [ 75.79916211117407, 15.667098792011389 ], [ 75.799194666842766, 15.667058914665018 ], [ 75.799120921758643, 15.666884923721412 ], [ 75.799064010140498, 15.666956721207473 ], [ 75.799098090265133, 15.667039276213476 ], [ 75.799065171800805, 15.667078478683116 ], [ 75.7995538397752, 15.668288880169985 ], [ 75.799751709848536, 15.668819959483031 ], [ 75.799725065101754, 15.668829668963212 ], [ 75.799238817758763, 15.669006847143988 ], [ 75.798691473078577, 15.669208034839238 ], [ 75.798328517486581, 15.669325773906847 ], [ 75.797162274981531, 15.669629144705898 ], [ 75.796349612410211, 15.669827517482227 ], [ 75.79617742024395, 15.669878354249441 ], [ 75.796190379521974, 15.669968193017443 ], [ 75.796047203924886, 15.670914231308563 ], [ 75.796048651056125, 15.671464107249514 ], [ 75.796072279227431, 15.672230994729267 ], [ 75.796197696611998, 15.673520617639284 ], [ 75.796338276740272, 15.67543371168448 ], [ 75.796383497486929, 15.676049101381047 ], [ 75.796432694290033, 15.676718588673065 ], [ 75.796455237421441, 15.678347908764772 ], [ 75.796455805505332, 15.67838877169638 ], [ 75.796487582698489, 15.679504399270126 ], [ 75.796487623772677, 15.679505606855011 ], [ 75.796498402504497, 15.679819708731264 ], [ 75.79649481075586, 15.679971946956348 ], [ 75.796486934960996, 15.680306033491087 ], [ 75.796504147457426, 15.680626601686328 ], [ 75.796499777443373, 15.680699428783042 ], [ 75.796482627909711, 15.680985260478767 ], [ 75.796462616017479, 15.68122814395187 ], [ 75.796403991678417, 15.68193964407922 ], [ 75.796392321607726, 15.682267432696658 ], [ 75.796368643052475, 15.682495805041512 ], [ 75.796352660262883, 15.683059907572259 ], [ 75.796356417442354, 15.68344231708636 ], [ 75.796356579587652, 15.683458861367049 ], [ 75.796343442339889, 15.683868860745523 ], [ 75.796331304656391, 15.684247636188536 ], [ 75.796341550514356, 15.684975889535918 ], [ 75.79636362482492, 15.686545053063366 ], [ 75.796384816516735, 15.688910791186526 ], [ 75.796384321806016, 15.689629578750392 ], [ 75.796277490941634, 15.691033823894241 ], [ 75.796269670599727, 15.691136627211204 ], [ 75.796123357379045, 15.693195515937202 ], [ 75.79609870364169, 15.693542461916513 ], [ 75.796001158850601, 15.69439348503133 ], [ 75.795794664645811, 15.69543318535186 ], [ 75.795777369139756, 15.69552026564045 ], [ 75.795771187862101, 15.695558297373065 ], [ 75.795439851299506, 15.697103057168205 ], [ 75.795260599117341, 15.697854571097562 ], [ 75.795189996369217, 15.698158908108645 ], [ 75.795204931166708, 15.698334403507976 ], [ 75.795108160637511, 15.698715778022414 ], [ 75.794912387581618, 15.699505558968715 ], [ 75.794857914932805, 15.699794207195955 ], [ 75.794836694996633, 15.699906657737481 ], [ 75.794820959684657, 15.699990035853965 ], [ 75.794721453510604, 15.700470383712435 ], [ 75.794664321053446, 15.70082701809992 ], [ 75.794644874135727, 15.700948411689696 ], [ 75.794643890937081, 15.700956702153899 ], [ 75.794587637777084, 15.701431470531338 ], [ 75.794562809462874, 15.701627892362236 ], [ 75.79452656885195, 15.701914611985814 ], [ 75.794453757036095, 15.702390738644771 ], [ 75.794389475448298, 15.70288831671397 ], [ 75.794288274557474, 15.703748396568084 ], [ 75.793994820740636, 15.705826559180371 ], [ 75.793989255811994, 15.705871347756752 ], [ 75.794963105127138, 15.706000699608653 ], [ 75.796161372023633, 15.706300073700545 ], [ 75.796247113104243, 15.706321495887751 ], [ 75.797091351630314, 15.706532414636873 ], [ 75.797493749630817, 15.706676496773317 ], [ 75.79896999651551, 15.706993600737073 ], [ 75.799420705814427, 15.707034236143073 ], [ 75.799820306813089, 15.707070264767435 ], [ 75.800348226111083, 15.707117859239043 ], [ 75.801965138005997, 15.707208867408145 ], [ 75.802222208270138, 15.707223333912614 ], [ 75.80239250194677, 15.707232918188494 ], [ 75.805949222925349, 15.708119203743573 ], [ 75.806078520905544, 15.708151422157783 ], [ 75.806177853365526, 15.708176172940226 ], [ 75.806346861061016, 15.708218286153672 ], [ 75.80754162400136, 15.708416400681564 ], [ 75.808897360872137, 15.708521228478469 ], [ 75.808926242011268, 15.70852345924841 ], [ 75.809056912590123, 15.708432045895469 ], [ 75.809446889906141, 15.707180499684771 ], [ 75.809576662959813, 15.706764018878308 ], [ 75.809716445274447, 15.706315406616786 ], [ 75.809716829573688, 15.706314177576669 ], [ 75.810805668526143, 15.706252019428549 ], [ 75.811696938027794, 15.706391841142048 ], [ 75.812003135452898, 15.706439873047975 ], [ 75.812049448313701, 15.706447138927789 ], [ 75.813209660568432, 15.706456767575965 ], [ 75.81337989889947, 15.706458178682739 ], [ 75.813499242365083, 15.706453304808974 ], [ 75.81509583172037, 15.706388096012057 ], [ 75.817036705745963, 15.706258419587567 ], [ 75.817918743444764, 15.706199482591339 ], [ 75.819454397545627, 15.706278670460289 ], [ 75.81960778610356, 15.706286578104455 ], [ 75.819683948925899, 15.705924551444193 ], [ 75.819752272141017, 15.705599780324418 ], [ 75.819768587358666, 15.705522242066021 ], [ 75.819905142574285, 15.704973971868478 ], [ 75.819918873649371, 15.704918841363803 ], [ 75.819942773967199, 15.704822880317151 ], [ 75.820061580935359, 15.704345872779596 ], [ 75.820365732928337, 15.703006769006537 ], [ 75.820376751814663, 15.702963984454049 ], [ 75.820674582141976, 15.701807640323626 ], [ 75.820687950592045, 15.70175573294264 ], [ 75.820729671058984, 15.701535834352303 ], [ 75.82074591597268, 15.701450211033004 ], [ 75.820839473717697, 15.700957104808587 ], [ 75.820848435006184, 15.700918355221141 ], [ 75.820893110259675, 15.700725182706757 ], [ 75.821103042267822, 15.699817461584672 ], [ 75.821508833559179, 15.698062828583524 ], [ 75.821496568121688, 15.697937545989239 ], [ 75.822416459530004, 15.698057285774359 ], [ 75.823114735195887, 15.698298681269174 ], [ 75.823588831594734, 15.698676444850513 ], [ 75.824020158219582, 15.69889814984373 ], [ 75.82458841535437, 15.69930657545879 ], [ 75.825910116185128, 15.699888064729963 ], [ 75.826189566780101, 15.700130269228371 ], [ 75.82636734443156, 15.700370029216881 ], [ 75.826487346210726, 15.7005318652312 ], [ 75.826718639330437, 15.700646117494131 ], [ 75.826769296501794, 15.700661793521032 ], [ 75.82695930769124, 15.700720596642675 ], [ 75.827128928612439, 15.700722918026015 ], [ 75.828132759961363, 15.700879942791197 ], [ 75.828340530666452, 15.700898849619595 ], [ 75.829483873583612, 15.701053647917062 ], [ 75.83002823604356, 15.701120190862966 ], [ 75.830737839218145, 15.701206931282327 ], [ 75.832786780719687, 15.701279470277493 ], [ 75.83311136661105, 15.701262332993458 ], [ 75.833504460312625, 15.701274645198639 ], [ 75.833540225792945, 15.701275763519794 ], [ 75.833621865485938, 15.701278321371307 ], [ 75.834434243558988, 15.701303763486747 ], [ 75.834387030139141, 15.700918579999829 ], [ 75.834364528709969, 15.700735008043036 ], [ 75.834337320899948, 15.70051304287032 ], [ 75.83431993234224, 15.70037117565696 ], [ 75.83430006109235, 15.70020901353567 ], [ 75.834252095638533, 15.699817743594618 ], [ 75.83425594950026, 15.699740379504009 ], [ 75.834273230143467, 15.697039677658362 ], [ 75.834274614658057, 15.696822535392801 ], [ 75.834362061566893, 15.69606243914124 ], [ 75.834539834368201, 15.693936302956663 ], [ 75.834546565607596, 15.693661767966045 ], [ 75.83455911725224, 15.693149847064062 ], [ 75.834590033302561, 15.691889260220689 ], [ 75.834490226549988, 15.690428020199098 ], [ 75.834480162343823, 15.690280626852816 ], [ 75.834545174057737, 15.688447826480315 ], [ 75.834549907242618, 15.688193846560974 ], [ 75.834564815151083, 15.686690590797127 ], [ 75.834279123540625, 15.686636491096086 ] ] ] ] } },
{ "type": "Feature", "properties": { "OBJECTID": 683, "KGISHobliID": 775, "KGISHobliCode": "080602", "KGISHobliName": "Naregalla", "BhuCodeHobli": null, "SHAPE.STArea()": 448828631.89798433, "SHAPE.STLength()": 184087.0136030085, "KGISTalukCode": "0806", "created_user": null, "created_date": null, "last_edited_user": "SURESHBV2", "last_edited_date": 1775283516000.0, "_overlap_percent": 38.267042762102243, "_police_station": "Naregal PS", "_police_feature_index": "392", "_admin_layer": "Hobli", "_geometry_clipped": true }, "geometry": { "type": "Polygon", "coordinates": [ [ [ 75.857741898590263, 15.514343812884899 ], [ 75.857292423782297, 15.51449442650949 ], [ 75.857115595546489, 15.514553679747653 ], [ 75.85614007762463, 15.514874699566013 ], [ 75.855898812262879, 15.514968321952178 ], [ 75.855817913205115, 15.514999714717682 ], [ 75.855623715294698, 15.51507479161948 ], [ 75.855578748965755, 15.515087432774566 ], [ 75.854920399460909, 15.515271773207983 ], [ 75.854920397851345, 15.515271773767202 ], [ 75.854783595101935, 15.515336807167001 ], [ 75.854344189887328, 15.515545689091411 ], [ 75.853923104688107, 15.515662801747515 ], [ 75.853348515156128, 15.515712620303407 ], [ 75.853072115734975, 15.515711207364113 ], [ 75.852387709891261, 15.515707702300796 ], [ 75.849824628804214, 15.51571062271827 ], [ 75.849790173760098, 15.515612658194129 ], [ 75.849345441490584, 15.514348216906949 ], [ 75.848911405426733, 15.512971141438323 ], [ 75.848890813094656, 15.513053780707661 ], [ 75.848547518531007, 15.513056645369138 ], [ 75.84677578817606, 15.513071432832438 ], [ 75.846627009921107, 15.513059537825978 ], [ 75.844524791128535, 15.512891431144583 ], [ 75.844522977063946, 15.512891268127721 ], [ 75.843079575063385, 15.512756856736374 ], [ 75.842746066837378, 15.512695053677859 ], [ 75.842590617517786, 15.512666247699206 ], [ 75.842037529677455, 15.512563751249203 ], [ 75.840197666263734, 15.511829512080759 ], [ 75.838781844587217, 15.511439622124003 ], [ 75.838522891869303, 15.511358682017958 ], [ 75.838331728396099, 15.511329479664088 ], [ 75.838275198729789, 15.511320842195396 ], [ 75.838082004251703, 15.511278128033608 ], [ 75.837024471212587, 15.51102197333457 ], [ 75.836039099148337, 15.510776589922763 ], [ 75.836015893960834, 15.51077146805182 ], [ 75.836003633922971, 15.510766054961747 ], [ 75.835350750487393, 15.510535051411344 ], [ 75.834394164702189, 15.510164010631579 ], [ 75.834340252462155, 15.510146607335148 ], [ 75.833726262667625, 15.50997599854599 ], [ 75.832286908900116, 15.509903118484685 ], [ 75.832224158799036, 15.509899941328172 ], [ 75.831876462725077, 15.508572389160854 ], [ 75.831569174583478, 15.507388606251146 ], [ 75.831517487022452, 15.507124696262176 ], [ 75.831517487001065, 15.507124695862531 ], [ 75.831350643272927, 15.507126787526966 ], [ 75.831227550027037, 15.507128329915753 ], [ 75.830614016308758, 15.507136015489007 ], [ 75.829808114925214, 15.507146114031286 ], [ 75.828267730596721, 15.507172113155265 ], [ 75.827765808745497, 15.507205787399023 ], [ 75.82710463981924, 15.507250147920686 ], [ 75.825170605190863, 15.507429932551862 ], [ 75.823692506054414, 15.507582739185617 ], [ 75.823078867782726, 15.507695548712688 ], [ 75.822374903978314, 15.507824953891358 ], [ 75.821142604897943, 15.508068055284651 ], [ 75.820767915506423, 15.508141972588179 ], [ 75.819863500069417, 15.508229920002742 ], [ 75.819612113273308, 15.508259820352476 ], [ 75.818821182881123, 15.508353901146743 ], [ 75.81859749130146, 15.508301197575845 ], [ 75.818418740950349, 15.509324713884684 ], [ 75.817562435565236, 15.510569693765047 ], [ 75.816430281435586, 15.511175633770215 ], [ 75.815846950602477, 15.512857795903779 ], [ 75.814919232025829, 15.514214169190046 ], [ 75.815120543815851, 15.514874349045984 ], [ 75.814987605901507, 15.51521861542283 ], [ 75.814255360189875, 15.515630282048134 ], [ 75.813908641870526, 15.516170922182919 ], [ 75.81364291833988, 15.516800379159504 ], [ 75.813181644266706, 15.518394228125787 ], [ 75.813057895130839, 15.519092966058011 ], [ 75.813084762124873, 15.520422219989969 ], [ 75.813567879515205, 15.522018469902296 ], [ 75.813698295509269, 15.522609550292232 ], [ 75.813785089943238, 15.522759635583776 ], [ 75.81329582894287, 15.523674282486684 ], [ 75.813247246911118, 15.523816683574655 ], [ 75.813257565372766, 15.524501157772605 ], [ 75.813245299834747, 15.524513335565398 ], [ 75.813009011417421, 15.52470526428805 ], [ 75.812901051884339, 15.524802850755558 ], [ 75.812318955856185, 15.525263668645101 ], [ 75.812245264909109, 15.525354331863644 ], [ 75.812132125572973, 15.525535361877569 ], [ 75.812007850167689, 15.525980123889413 ], [ 75.811984199549883, 15.525975269067111 ], [ 75.811951106614544, 15.526101619863134 ], [ 75.811706377395424, 15.526047843075325 ], [ 75.811418011886374, 15.526408784681873 ], [ 75.810813247985251, 15.526377869647451 ], [ 75.810636244840907, 15.526387774870534 ], [ 75.810073898653528, 15.526451582526574 ], [ 75.809599088223194, 15.526514142051001 ], [ 75.809313547278251, 15.526551397090161 ], [ 75.809069540386389, 15.52658315598339 ], [ 75.806600312550671, 15.526902396883136 ], [ 75.806626804990657, 15.526960319228978 ], [ 75.806653658226409, 15.527019030124876 ], [ 75.80696004082084, 15.5287470384936 ], [ 75.807052366495029, 15.529267756463666 ], [ 75.80702357194204, 15.529273133418407 ], [ 75.807027877491564, 15.529298227735373 ], [ 75.806821282193098, 15.529332380514262 ], [ 75.805588146627016, 15.529541172440203 ], [ 75.804041632565173, 15.52982995440969 ], [ 75.803869131365303, 15.531025917538344 ], [ 75.80386634939704, 15.531057061547219 ], [ 75.803708681918053, 15.532819354739948 ], [ 75.803657102244316, 15.533328095037094 ], [ 75.803590004956092, 15.533434518187258 ], [ 75.802853073191216, 15.53325398173989 ], [ 75.802537733469663, 15.533224914307258 ], [ 75.802493937919863, 15.533220876293269 ], [ 75.800605489878279, 15.533736827401531 ], [ 75.800250497091341, 15.533833814758442 ], [ 75.800233668692726, 15.535066377365425 ], [ 75.800219617447681, 15.536448790069812 ], [ 75.800233074459982, 15.537708077896452 ], [ 75.800234357976677, 15.537827792233992 ], [ 75.799919171385739, 15.539840407257795 ], [ 75.799939074254937, 15.540162364593295 ], [ 75.80003917085368, 15.541782302717664 ], [ 75.799788590781773, 15.541813817447606 ], [ 75.798972498149823, 15.541916453385353 ], [ 75.797712149848579, 15.542061852867997 ], [ 75.797464447127567, 15.542091807828653 ], [ 75.795386599325028, 15.542343075661419 ], [ 75.794082112765864, 15.542492463035563 ], [ 75.793922624709026, 15.542539497608017 ], [ 75.793670439482128, 15.542560282517023 ], [ 75.792488570163641, 15.542898801697593 ], [ 75.792030613885473, 15.543029967170504 ], [ 75.790614493384453, 15.543401539121149 ], [ 75.78927401639622, 15.543744648209282 ], [ 75.789164664222966, 15.543787751075282 ], [ 75.787551372978754, 15.544623987699193 ], [ 75.78651285184219, 15.545213994643097 ], [ 75.786487666482728, 15.546025024265166 ], [ 75.786486308887248, 15.546793070418333 ], [ 75.784721848967735, 15.547547749569327 ], [ 75.784719989022634, 15.547548586378818 ], [ 75.783724085590606, 15.548012168123194 ], [ 75.783698400386896, 15.548017855677365 ], [ 75.783677531908651, 15.548027462136625 ], [ 75.783371717475802, 15.548093691580888 ], [ 75.781521866907752, 15.548277182197346 ], [ 75.779715725554027, 15.548476427184058 ], [ 75.779711600156475, 15.548480199469079 ], [ 75.779622817946162, 15.548561374102725 ], [ 75.779560722488796, 15.550271379954141 ], [ 75.77954966235788, 15.550632349033853 ], [ 75.779534776375954, 15.551125983712849 ], [ 75.779532254960941, 15.552043923324749 ], [ 75.779507180124881, 15.553218756313221 ], [ 75.779496809257566, 15.553461310720698 ], [ 75.779475087437376, 15.553967493562062 ], [ 75.779474014631859, 15.553992418092413 ], [ 75.779430945830512, 15.553999058662898 ], [ 75.779429857744702, 15.554048844112476 ], [ 75.779429315221265, 15.554073681790824 ], [ 75.779392197970722, 15.554078895944716 ], [ 75.779429236809904, 15.554401508125492 ], [ 75.779326609289214, 15.556143793927253 ], [ 75.779328273430082, 15.556153337057196 ], [ 75.779726241448387, 15.558340342955658 ], [ 75.779742993764742, 15.558457190596251 ], [ 75.779849476999829, 15.559197524343341 ], [ 75.779885334748911, 15.560066474938633 ], [ 75.780014715205184, 15.561214495315312 ], [ 75.780050318656961, 15.561801743146326 ], [ 75.780108025136784, 15.562730672769765 ], [ 75.780125276189565, 15.562895043910324 ], [ 75.7801397015362, 15.563011156596575 ], [ 75.780330101343381, 15.564523813078008 ], [ 75.780413778807812, 15.56561113774427 ], [ 75.780415116315964, 15.565807551592876 ], [ 75.780430368245092, 15.568275832245041 ], [ 75.780429897581328, 15.568376303195626 ], [ 75.780422040474903, 15.56913344766695 ], [ 75.780380711130462, 15.570330454732733 ], [ 75.780373911431013, 15.570519596596649 ], [ 75.780365970703983, 15.572131991877136 ], [ 75.780364792494581, 15.572350707278938 ], [ 75.780472915038274, 15.57361285565557 ], [ 75.780473471029794, 15.573619320931559 ], [ 75.78061898722278, 15.575357374219612 ], [ 75.780759707691544, 15.576977231061338 ], [ 75.780782303398027, 15.577206133316814 ], [ 75.780788858101772, 15.577271864603745 ], [ 75.780792254493377, 15.577542514058299 ], [ 75.780797745048858, 15.577909587985173 ], [ 75.780828897182559, 15.579373925773591 ], [ 75.781506568229389, 15.579100879781819 ], [ 75.781518226218523, 15.579372272726099 ], [ 75.781524160783093, 15.579507518626333 ], [ 75.781532286525035, 15.579646561694618 ], [ 75.781540211247517, 15.57977559905793 ], [ 75.781462067738047, 15.580729519012383 ], [ 75.781458953727693, 15.58076878823408 ], [ 75.781392134877308, 15.581346362863229 ], [ 75.781302963088478, 15.582125197382767 ], [ 75.781291207552243, 15.582312196085288 ], [ 75.781288990612509, 15.582347487212948 ], [ 75.781226396936717, 15.583345101889977 ], [ 75.781224124482577, 15.58338693096448 ], [ 75.781214537910387, 15.583563474379568 ], [ 75.781168537629512, 15.584410216974854 ], [ 75.781156423488753, 15.584633905891135 ], [ 75.781071350281678, 15.586024116595894 ], [ 75.780161871211959, 15.586079181076332 ], [ 75.779894628670817, 15.586079903528152 ], [ 75.778598863689595, 15.586083351498473 ], [ 75.778600787699261, 15.586331141136077 ], [ 75.778601656613517, 15.586440722288353 ], [ 75.778609895080322, 15.587460184107817 ], [ 75.778605820042728, 15.58766883712971 ], [ 75.778586751958613, 15.588708239271611 ], [ 75.778582610635326, 15.588962665817567 ], [ 75.778571447793979, 15.589758890074581 ], [ 75.778363619112454, 15.591165425019769 ], [ 75.778200243627467, 15.591699310887103 ], [ 75.777596808053787, 15.593761838857038 ], [ 75.777468551358126, 15.594231298284885 ], [ 75.777225172763679, 15.595121363369723 ], [ 75.77701150292279, 15.595891066384072 ], [ 75.776988825273136, 15.595973067293059 ], [ 75.779827788613886, 15.597406023426341 ], [ 75.782554137946605, 15.598665788945699 ], [ 75.783085625104547, 15.598779041786774 ], [ 75.785145260988756, 15.599351970294819 ], [ 75.785238979767158, 15.5995510573443 ], [ 75.786622244282526, 15.599709535330279 ], [ 75.787551436767401, 15.599725115489566 ], [ 75.788481502237275, 15.599732384431841 ], [ 75.789405550133594, 15.599736393138812 ], [ 75.789663593818261, 15.599738717111242 ], [ 75.790268331092264, 15.599758779592161 ], [ 75.79066708667159, 15.599772863759924 ], [ 75.790837160910201, 15.599778185820192 ], [ 75.793430994926638, 15.599656434627754 ], [ 75.794685583392251, 15.599582828123271 ], [ 75.794799219932727, 15.599575750290049 ], [ 75.794430700781376, 15.600381629401419 ], [ 75.793899191771985, 15.601364438111725 ], [ 75.793803362303876, 15.601800684687539 ], [ 75.79351749750559, 15.60254837810176 ], [ 75.793298767007585, 15.602959915283762 ], [ 75.793153226226977, 15.603125481059196 ], [ 75.792962964736645, 15.603581620690433 ], [ 75.79289755348762, 15.603702161861749 ], [ 75.79241249053301, 15.604892063387798 ], [ 75.792394968634127, 15.605111737900911 ], [ 75.792352449239061, 15.605276677682047 ], [ 75.792349635901999, 15.605287582828865 ], [ 75.792284888931974, 15.605538392301241 ], [ 75.792244324613705, 15.605695352641662 ], [ 75.79215802363484, 15.606015601864232 ], [ 75.792149926760572, 15.606045626661924 ], [ 75.792120318176771, 15.606155329781723 ], [ 75.792023612808421, 15.606503802262585 ], [ 75.791992733623559, 15.606614952729478 ], [ 75.79190805833052, 15.60697230066171 ], [ 75.791882580546456, 15.60707975779332 ], [ 75.791867666336401, 15.607350314411688 ], [ 75.791857293053752, 15.607538994794002 ], [ 75.791846231158587, 15.607772836948737 ], [ 75.791835592512768, 15.60799811308296 ], [ 75.791835188872312, 15.608043395870171 ], [ 75.791834572331325, 15.608110984706807 ], [ 75.791832606073896, 15.608329784968532 ], [ 75.791831443549142, 15.608459525731284 ], [ 75.791836146638119, 15.608679525965323 ], [ 75.791841357716152, 15.608923487579203 ], [ 75.791848298015438, 15.608997243378486 ], [ 75.791877898183785, 15.609311813443949 ], [ 75.791884057084431, 15.609377368260928 ], [ 75.791886278535458, 15.609595766490671 ], [ 75.791888758371272, 15.609840411404162 ], [ 75.791928347341127, 15.610301356241436 ], [ 75.791978510372147, 15.61076003727873 ], [ 75.791989589359048, 15.61084344731165 ], [ 75.79203953293262, 15.611217903491525 ], [ 75.792044522370375, 15.611264537282484 ], [ 75.792088968284958, 15.611676167614078 ], [ 75.79210086718507, 15.61177582315392 ], [ 75.792125756709609, 15.611982746482996 ], [ 75.792209638480884, 15.612227122179005 ], [ 75.792263631098038, 15.612383166506131 ], [ 75.792525112354298, 15.613123507813045 ], [ 75.792687084578887, 15.613480717960345 ], [ 75.792746665838862, 15.613610411178781 ], [ 75.792813067027424, 15.613753725621775 ], [ 75.793076606555601, 15.614295194245628 ], [ 75.793356694682942, 15.614829883269405 ], [ 75.793403470057299, 15.614913938043617 ], [ 75.793607435487544, 15.615259171323165 ], [ 75.793645404946218, 15.61535888708419 ], [ 75.793840984292686, 15.615922729994004 ], [ 75.79404231951554, 15.616482987378459 ], [ 75.794071774771723, 15.616559226247935 ], [ 75.794090431027456, 15.616607415124491 ], [ 75.794259313500319, 15.617040637690335 ], [ 75.794483043875118, 15.617597364763755 ], [ 75.794710132459699, 15.61815401428818 ], [ 75.794939847281384, 15.618711140340732 ], [ 75.795041635355446, 15.618958378674341 ], [ 75.795169440108069, 15.61926943267096 ], [ 75.795471357289628, 15.619820860772627 ], [ 75.795548031687431, 15.619966243237494 ], [ 75.795762764026463, 15.620376155790314 ], [ 75.795919654608909, 15.620731869769912 ], [ 75.796010651665952, 15.620939628379093 ], [ 75.796235654802302, 15.621390389112904 ], [ 75.796297990725279, 15.621516682908823 ], [ 75.796501839756445, 15.621982544457024 ], [ 75.796513006709276, 15.622020187980148 ], [ 75.796731035860404, 15.622764814995133 ], [ 75.796823208115143, 15.623531988626548 ], [ 75.796831926376456, 15.623628488519735 ], [ 75.79683750909426, 15.623671106189366 ], [ 75.796860084823223, 15.623791007273862 ], [ 75.796989972482095, 15.624556479891773 ], [ 75.797051826303345, 15.624823084520296 ], [ 75.797197850127944, 15.625456596083554 ], [ 75.797220034396261, 15.625575743678711 ], [ 75.797244757760907, 15.625708835240603 ], [ 75.797316314484604, 15.625973618196488 ], [ 75.797472963828099, 15.626665067778344 ], [ 75.797526633064976, 15.626942497437577 ], [ 75.797664810972165, 15.627599376342365 ], [ 75.797765486343465, 15.628065558610604 ], [ 75.797865692144356, 15.628531282366493 ], [ 75.798063250640396, 15.62944514099545 ], [ 75.798136335490184, 15.630380526036253 ], [ 75.798144563511741, 15.631175051113457 ], [ 75.798111693790958, 15.631986767765161 ], [ 75.798107123462529, 15.632871038316294 ], [ 75.798098532603177, 15.633896926292378 ], [ 75.798065687661122, 15.634977771359837 ], [ 75.798118115682186, 15.63751779942049 ], [ 75.798121484941376, 15.637664784123464 ], [ 75.798140151336, 15.638382331606726 ], [ 75.798159928612051, 15.639040300769835 ], [ 75.798167141157307, 15.639492859084935 ], [ 75.798204231942378, 15.641030945923188 ], [ 75.798214475471326, 15.641359440518542 ], [ 75.798230150750285, 15.642589895820098 ], [ 75.798195455747774, 15.643850311049789 ], [ 75.798255911020533, 15.64594074997337 ], [ 75.798345361917029, 15.647933718059035 ], [ 75.798370535111502, 15.648476806227608 ], [ 75.798433880295192, 15.649432914433817 ], [ 75.798511343276317, 15.650747317317787 ], [ 75.798489336596433, 15.651904060523876 ], [ 75.798309093285951, 15.6538592881857 ], [ 75.798298167046852, 15.65395377100967 ], [ 75.798159558458039, 15.655168778056696 ], [ 75.798167416735566, 15.655565937469358 ], [ 75.798147698777484, 15.655743379326861 ], [ 75.798125596630584, 15.655944053481877 ], [ 75.798105418763328, 15.657082643689851 ], [ 75.798105734560195, 15.657412655602226 ], [ 75.798110333521635, 15.657945766754056 ], [ 75.798114933507847, 15.658092503516924 ], [ 75.798081422886952, 15.658845349925462 ], [ 75.798074459687683, 15.659294437101519 ], [ 75.79806798427532, 15.659742511818193 ], [ 75.798063471111959, 15.660347124021078 ], [ 75.798038216100537, 15.660653381636072 ], [ 75.798009745295047, 15.661106873614957 ], [ 75.797999385372691, 15.661271885741773 ], [ 75.797981273476964, 15.661560364676866 ], [ 75.797925349754834, 15.662635493133259 ], [ 75.797924299905119, 15.66265780210327 ], [ 75.797944773583069, 15.663094229998856 ], [ 75.797958310277906, 15.663364289522139 ], [ 75.79797855071412, 15.663723980909262 ], [ 75.798057775984134, 15.664096008401609 ], [ 75.79804991389716, 15.664209368034873 ], [ 75.798332811489757, 15.664659211982451 ], [ 75.798378430473917, 15.664763512996865 ], [ 75.798865006217596, 15.66657665379114 ], [ 75.7989478897575, 15.666476643647501 ], [ 75.799087938428983, 15.666807109013105 ], [ 75.799120921758643, 15.666884923721412 ], [ 75.799194666842766, 15.667058914665018 ], [ 75.79916211117407, 15.667098792011389 ], [ 75.799661227119572, 15.668303673281807 ], [ 75.799862925270958, 15.668832219071437 ], [ 75.800083810297622, 15.669186114469388 ], [ 75.800589385801985, 15.670050939688705 ], [ 75.800905484238299, 15.670698685813967 ], [ 75.801192137783133, 15.671570569271788 ], [ 75.801599495414692, 15.672828857488696 ], [ 75.80191079981806, 15.673943905484002 ], [ 75.801850022885205, 15.675244179189304 ], [ 75.801884504597467, 15.675262260165866 ], [ 75.80297326798113, 15.675283092139315 ], [ 75.80410717725627, 15.675305749746528 ], [ 75.805285870931357, 15.675330844711889 ], [ 75.805393721258824, 15.675333240302439 ], [ 75.80632249135364, 15.675363695021579 ], [ 75.807444693213782, 15.675402007528907 ], [ 75.808233062993324, 15.675429924674042 ], [ 75.80826978049663, 15.67469063999657 ], [ 75.810114585589531, 15.674798865207222 ], [ 75.810214239182855, 15.674798597589525 ], [ 75.810989015328332, 15.674866223213611 ], [ 75.811993229195934, 15.67495575386933 ], [ 75.813303219466434, 15.67510825212344 ], [ 75.813395015838736, 15.675119101491616 ], [ 75.813371834410972, 15.67592484695054 ], [ 75.8133837051261, 15.675926505047254 ], [ 75.813371704015267, 15.676088926116542 ], [ 75.813483888237968, 15.676123218760454 ], [ 75.814738315806025, 15.676404610121487 ], [ 75.816882074858455, 15.676824337875244 ], [ 75.816852133731885, 15.677763996233006 ], [ 75.816842177449331, 15.678076472802218 ], [ 75.817430627594874, 15.678121809962988 ], [ 75.817437826107309, 15.678359239263244 ], [ 75.817470484341186, 15.679436231728271 ], [ 75.817451894033098, 15.680349041461849 ], [ 75.817448376761774, 15.680929589823148 ], [ 75.81906636816737, 15.681206329986995 ], [ 75.819691262626037, 15.681266421930079 ], [ 75.819735132679767, 15.682082922303183 ], [ 75.81976703276294, 15.682670247706261 ], [ 75.820203242986324, 15.682726732877789 ], [ 75.820336969555484, 15.682743636875154 ], [ 75.823214387852886, 15.683064012548609 ], [ 75.823765812257022, 15.683405702478462 ], [ 75.824362576889968, 15.683762077104705 ], [ 75.826300251731439, 15.684493184750158 ], [ 75.827117106368519, 15.684786692080344 ], [ 75.827529654179855, 15.684919423510271 ], [ 75.827860054118617, 15.68501765433909 ], [ 75.829315764117894, 15.685367795526496 ], [ 75.829364165409658, 15.685438298300122 ], [ 75.830527090819132, 15.685829606636201 ], [ 75.831841495295706, 15.686186504513259 ], [ 75.832037362334006, 15.686180333823266 ], [ 75.832250824293993, 15.686227772855995 ], [ 75.833090612332398, 15.686406408054816 ], [ 75.834279123540625, 15.686636491096086 ], [ 75.834564815151083, 15.686690590797127 ], [ 75.834565414758643, 15.686630128693052 ], [ 75.835834227314237, 15.6869597427358 ], [ 75.836371702717287, 15.686993611594378 ], [ 75.83632575079514, 15.688137822118632 ], [ 75.836307763974347, 15.688585619904551 ], [ 75.836421461077094, 15.689276245864752 ], [ 75.836424421873033, 15.68929271869448 ], [ 75.836631821210105, 15.690255706333172 ], [ 75.836655326979738, 15.690364861986387 ], [ 75.837122457551644, 15.693500881197583 ], [ 75.837148533619441, 15.693623218732185 ], [ 75.837803773330023, 15.696697184590793 ], [ 75.837829987327353, 15.696820169600075 ], [ 75.838009083481836, 15.697627137075113 ], [ 75.838303479053394, 15.698806431324185 ], [ 75.838304188685754, 15.698809272533529 ], [ 75.838497727386056, 15.698744334709035 ], [ 75.839590412373596, 15.698404950601885 ], [ 75.840674717636503, 15.698420842352505 ], [ 75.840854906460393, 15.698376505878592 ], [ 75.840963396709085, 15.698349810629608 ], [ 75.84154716893481, 15.698206170137064 ], [ 75.841765316158103, 15.698119062201286 ], [ 75.842372550854904, 15.697731364233206 ], [ 75.842833247705101, 15.69742109715412 ], [ 75.842968452234956, 15.697369916629537 ], [ 75.843945435017389, 15.697000097372259 ], [ 75.844781107686671, 15.696687357777435 ], [ 75.846667889539617, 15.695981246909341 ], [ 75.847703985196858, 15.695593488830458 ], [ 75.848455954549706, 15.695454829845403 ], [ 75.848496034201091, 15.695447439728646 ], [ 75.848571297820939, 15.69542830230249 ], [ 75.849606982730364, 15.695150980970521 ], [ 75.849701569757542, 15.695127039342978 ], [ 75.849710871941539, 15.695125112059852 ], [ 75.851557492089881, 15.69474232299182 ], [ 75.851681504150193, 15.694716615242667 ], [ 75.852838214317146, 15.694476828867074 ], [ 75.852912862927539, 15.694453387622405 ], [ 75.852949119531402, 15.694448811246849 ], [ 75.853572785262713, 15.694370097538277 ], [ 75.855102998079232, 15.694133194404536 ], [ 75.855104453798461, 15.69413296904384 ], [ 75.855374708028478, 15.694083894258316 ], [ 75.856358197687129, 15.693905299529836 ], [ 75.856819776020387, 15.693846362306189 ], [ 75.856900710936657, 15.693843122546541 ], [ 75.857891188525727, 15.693803460623567 ], [ 75.858120789288378, 15.693794266482952 ], [ 75.86015588652765, 15.693804585051211 ], [ 75.860184313822643, 15.693804729037454 ], [ 75.860149303550045, 15.691018242167988 ], [ 75.860148072179129, 15.690920150783407 ], [ 75.860146856839052, 15.690823434287539 ], [ 75.860150577314101, 15.689263145662821 ], [ 75.860151193608871, 15.689006077671964 ], [ 75.860154773383812, 15.687506468082336 ], [ 75.860166969653761, 15.687339534620584 ], [ 75.860188935033008, 15.687039053070636 ], [ 75.860222051754263, 15.68658595305407 ], [ 75.860277078053684, 15.68606561200286 ], [ 75.860347940378929, 15.685395495122437 ], [ 75.860391258707821, 15.684821563324549 ], [ 75.860439404366801, 15.684183627912486 ], [ 75.860578502454189, 15.682561166304808 ], [ 75.860937834328979, 15.682647356337922 ], [ 75.862366733273475, 15.683102813344743 ], [ 75.862367558327236, 15.683103080382368 ], [ 75.862996046253471, 15.683303405322521 ], [ 75.863324095940257, 15.683393132668195 ], [ 75.86470265240682, 15.683770185144535 ], [ 75.864854750375798, 15.683788227556031 ], [ 75.86681327330804, 15.683881783929079 ], [ 75.868224324280717, 15.683953806544373 ], [ 75.868809039421492, 15.683960578232714 ], [ 75.870746107676354, 15.683982955498651 ], [ 75.870759762638428, 15.683824951818478 ], [ 75.87076070445454, 15.683739171607932 ], [ 75.870729736002744, 15.683336446913232 ], [ 75.870729704182679, 15.683335764536604 ], [ 75.87068338475477, 15.682733691708863 ], [ 75.870577640627474, 15.682237991350066 ], [ 75.870578349021883, 15.682225707086584 ], [ 75.870629308302341, 15.681342511257446 ], [ 75.870647551550519, 15.681103132173833 ], [ 75.870727165357877, 15.68005831299231 ], [ 75.870737679472555, 15.679920339459805 ], [ 75.87078504103016, 15.678341698425635 ], [ 75.870816544999599, 15.677291454847536 ], [ 75.870816688576227, 15.677253865152174 ], [ 75.870816834351658, 15.677187227810309 ], [ 75.870817329865801, 15.676961202328554 ], [ 75.870818689623007, 15.675650319771414 ], [ 75.870803155436889, 15.675485567322704 ], [ 75.87064771678773, 15.674051041116435 ], [ 75.870633273917207, 15.673929281118481 ], [ 75.870587844673864, 15.673546281535474 ], [ 75.870584746198361, 15.673520569338121 ], [ 75.870573183992349, 15.673424845111422 ], [ 75.870570720139241, 15.67340445030395 ], [ 75.870582495423264, 15.673399622328043 ], [ 75.870582273790689, 15.673397963504668 ], [ 75.870566796140139, 15.673281899960612 ], [ 75.870580322710779, 15.673276177312921 ], [ 75.870672875664752, 15.673236988732638 ], [ 75.870756744327451, 15.673201477694823 ], [ 75.871061462667882, 15.673145798800943 ], [ 75.872064185198212, 15.672960736725749 ], [ 75.87210794696081, 15.67294984842697 ], [ 75.872177404107475, 15.672932567858579 ], [ 75.872491743369935, 15.672854064804913 ], [ 75.873423308675839, 15.672629862262781 ], [ 75.873605119129067, 15.672584851773621 ], [ 75.87519395199169, 15.672191501462514 ], [ 75.875372422677586, 15.672170913004267 ], [ 75.87541604847506, 15.672165867915359 ], [ 75.876156073258088, 15.672080289150646 ], [ 75.877998711419323, 15.671866232824934 ], [ 75.878326231353753, 15.671828109023608 ], [ 75.878430142527648, 15.671828567131184 ], [ 75.878519373735912, 15.671828961161646 ], [ 75.880526353788298, 15.67183705897963 ], [ 75.880677253580259, 15.671840185386495 ], [ 75.881267390416809, 15.671852409695482 ], [ 75.881437316567514, 15.671855877523161 ], [ 75.883063280081871, 15.671887876463307 ], [ 75.883906108279689, 15.671903350873659 ], [ 75.884333476129129, 15.671924198030247 ], [ 75.884445831482452, 15.671929678719239 ], [ 75.884467047898696, 15.671930713929061 ], [ 75.884550685174645, 15.671934739482477 ], [ 75.885163944656298, 15.671301889373455 ], [ 75.885727739269839, 15.67037279614641 ], [ 75.886020882562889, 15.669654078326252 ], [ 75.886919222332523, 15.669022600102517 ], [ 75.887084073338102, 15.668609351455784 ], [ 75.887001815910054, 15.668315503005966 ], [ 75.887199772974526, 15.668431380727373 ], [ 75.887208620865152, 15.668436552679033 ], [ 75.887244291189234, 15.668457405683723 ], [ 75.887232945671585, 15.66838093283434 ], [ 75.887116909862002, 15.668213607942114 ], [ 75.887115430193006, 15.668211474226732 ], [ 75.887119375021754, 15.668189633559772 ], [ 75.887138885701859, 15.668081776204573 ], [ 75.887274496826137, 15.66733211745297 ], [ 75.887293767713842, 15.667225588091467 ], [ 75.88738227528961, 15.666455450722269 ], [ 75.887397230614482, 15.666325314336003 ], [ 75.887436713769546, 15.665836756116581 ], [ 75.887464769445273, 15.665489603404206 ], [ 75.887466403846403, 15.665469446256216 ], [ 75.887477584047787, 15.665365019765996 ], [ 75.887601252573845, 15.664209884698179 ], [ 75.887617831693447, 15.664055029715673 ], [ 75.88762131330256, 15.664010852767284 ], [ 75.887733793577397, 15.662618384240591 ], [ 75.887761964337869, 15.662148499051812 ], [ 75.887803276844494, 15.661459390684893 ], [ 75.887905619787844, 15.660607007337722 ], [ 75.887918274243333, 15.660501609380939 ], [ 75.887988364834698, 15.659681661184347 ], [ 75.888000912492629, 15.659611398493166 ], [ 75.888267534201916, 15.658118353708577 ], [ 75.888300457893408, 15.657933981727574 ], [ 75.888388125408824, 15.656856653351438 ], [ 75.888394317360053, 15.656780561350891 ], [ 75.888519816396297, 15.65593694176596 ], [ 75.88853326837129, 15.655846515796835 ], [ 75.888535750895812, 15.655806946488882 ], [ 75.888541903743459, 15.655635002742246 ], [ 75.888550364114153, 15.655398527990071 ], [ 75.888554748306831, 15.655275878583046 ], [ 75.888570055559526, 15.654847987980887 ], [ 75.888678177465394, 15.65388297049082 ], [ 75.88867980749022, 15.653820150170887 ], [ 75.888453696847876, 15.653818090221403 ], [ 75.888384240322509, 15.653817457890177 ], [ 75.888319260264623, 15.652847528429445 ], [ 75.88826688831972, 15.652188402727326 ], [ 75.888259783175045, 15.652098998397873 ], [ 75.888229867614527, 15.651722470509204 ], [ 75.888229478292672, 15.651551238098966 ], [ 75.888256080156552, 15.65039335657678 ], [ 75.888270488864109, 15.649765972588112 ], [ 75.888192795205413, 15.648565287150307 ], [ 75.888182742429606, 15.648410001128763 ], [ 75.887792074348766, 15.64635501933896 ], [ 75.887701322898721, 15.645823858112353 ], [ 75.887685967290906, 15.645733964598678 ], [ 75.88767253418105, 15.645663691358797 ], [ 75.887508076020126, 15.644803283422787 ], [ 75.887310098189545, 15.643743431618431 ], [ 75.887149886073701, 15.642895067713056 ], [ 75.886998102470486, 15.642091311509189 ], [ 75.886755725816627, 15.640844468742253 ], [ 75.886677130657532, 15.640212622083583 ], [ 75.886584922058873, 15.639471308003941 ], [ 75.886528530609283, 15.639017894433769 ], [ 75.886343017582831, 15.637611499974698 ], [ 75.886301539040133, 15.637093712423715 ], [ 75.886191979266044, 15.635900798742391 ], [ 75.886175419141381, 15.635724620579039 ], [ 75.886179958906411, 15.635530414104915 ], [ 75.886009880812864, 15.633859438607487 ], [ 75.886075374001308, 15.633838529939885 ], [ 75.886269368910291, 15.633776596706115 ], [ 75.886454605195894, 15.633717329273406 ], [ 75.886557695104543, 15.63368429083571 ], [ 75.887534167685757, 15.633368474714736 ], [ 75.887794543187297, 15.633284261563025 ], [ 75.887932360823285, 15.633250378673258 ], [ 75.888520292774231, 15.63315637390547 ], [ 75.889167929664595, 15.633052820074512 ], [ 75.889557951108259, 15.632987244654947 ], [ 75.890599338375694, 15.63281214907194 ], [ 75.891981033430511, 15.632554453842832 ], [ 75.892196652671075, 15.632531060872804 ], [ 75.893902287760966, 15.632427606155494 ], [ 75.893923685873233, 15.632426308548947 ], [ 75.893932282460014, 15.632423559784502 ], [ 75.894532774145176, 15.632231557427238 ], [ 75.894195702821165, 15.630188207463984 ], [ 75.894194534394757, 15.630167028423291 ], [ 75.89419094312322, 15.630097862585089 ], [ 75.894178703485167, 15.629862128078987 ], [ 75.894120028815479, 15.629166164133748 ], [ 75.893939231027474, 15.627870892212666 ], [ 75.893927653688479, 15.627787933448078 ], [ 75.893899442789092, 15.627585832210011 ], [ 75.893593312483517, 15.62621383475012 ], [ 75.893726253174663, 15.625107298471763 ], [ 75.893835496373839, 15.625086372218016 ], [ 75.893924811253243, 15.625069262499265 ], [ 75.893926057098483, 15.624992829536131 ], [ 75.895642231043851, 15.624608992558388 ], [ 75.895927855510294, 15.624545108994765 ], [ 75.896278208692578, 15.624504321358536 ], [ 75.897663360419585, 15.624376069247862 ], [ 75.897972574879702, 15.624342755819894 ], [ 75.898187691801652, 15.624319579402441 ], [ 75.898212933126004, 15.624280947432764 ], [ 75.898376656386674, 15.624030352246429 ], [ 75.898533291493564, 15.623042431948104 ], [ 75.898586033307112, 15.622709825577887 ], [ 75.89860848742245, 15.622568176310276 ], [ 75.898843080436365, 15.621367865488491 ], [ 75.898933313849355, 15.620906174919178 ], [ 75.898948031793353, 15.620830858576012 ], [ 75.899015494436298, 15.620485676262861 ], [ 75.899015646804116, 15.62048489369888 ], [ 75.898955907957998, 15.620333504299618 ], [ 75.898921862038819, 15.620247249708095 ], [ 75.898741170607877, 15.619393527688461 ], [ 75.898718783908222, 15.619287746423717 ], [ 75.898646609656595, 15.61894674886639 ], [ 75.897989922686207, 15.615844007223583 ], [ 75.897822144340111, 15.614125169483435 ], [ 75.897827936987667, 15.613973662639134 ], [ 75.897918863442129, 15.611596462960668 ], [ 75.897926897324794, 15.611259952361642 ], [ 75.897962636475356, 15.609762442663742 ], [ 75.897987167966946, 15.609638075242064 ], [ 75.897995929370467, 15.609593695690409 ], [ 75.897902959527869, 15.608693322964386 ], [ 75.897833353591423, 15.608019163757731 ], [ 75.897741721581809, 15.607131732079594 ], [ 75.897622436441154, 15.606678379797088 ], [ 75.897612733668808, 15.606640352904387 ], [ 75.897593297875687, 15.606564204322595 ], [ 75.897496706359789, 15.606185724340328 ], [ 75.89748980745297, 15.606174074020789 ], [ 75.89746610003769, 15.606134024262918 ], [ 75.895001279838354, 15.60618150667236 ], [ 75.894884703308293, 15.606183752359387 ], [ 75.894794515092642, 15.604410068821132 ], [ 75.894777530430616, 15.604076032699355 ], [ 75.894741534877568, 15.603351015258918 ], [ 75.894736203176393, 15.603243375747978 ], [ 75.894697197741763, 15.602457573356169 ], [ 75.893768667898271, 15.602350378729044 ], [ 75.892336927547504, 15.602185090103088 ], [ 75.892335384030389, 15.60218491014991 ], [ 75.891357570116043, 15.602160133132466 ], [ 75.890401307474505, 15.602135899038986 ], [ 75.890262553835214, 15.602108782138224 ], [ 75.889344274182108, 15.601929333412443 ], [ 75.888107419304504, 15.601469865700141 ], [ 75.887908332730888, 15.601395908108099 ], [ 75.887744318860172, 15.601334983293553 ], [ 75.887052485096305, 15.601045323216512 ], [ 75.887032953205747, 15.601037160444871 ], [ 75.886986843653119, 15.601025623692937 ], [ 75.885018927458503, 15.600533215069856 ], [ 75.884712691869495, 15.600456587018391 ], [ 75.884577362823777, 15.600420929006731 ], [ 75.884578214468078, 15.600362815832272 ], [ 75.884459809125673, 15.600334401041493 ], [ 75.882203385519801, 15.599684280375421 ], [ 75.882176188342399, 15.59967644442486 ], [ 75.882113643153104, 15.599658424132793 ], [ 75.882080594348253, 15.599648904933504 ], [ 75.882076257408727, 15.599649175451496 ], [ 75.882012948015301, 15.599653134004404 ], [ 75.881917671435431, 15.599646401030357 ], [ 75.882449963022381, 15.598394839413178 ], [ 75.882697345818258, 15.596899230930234 ], [ 75.882748736398767, 15.59658852113696 ], [ 75.882687655401853, 15.595846152998632 ], [ 75.882681821534305, 15.595775273464108 ], [ 75.882587144990552, 15.595764046395981 ], [ 75.880140510863598, 15.595473891599337 ], [ 75.879409672637465, 15.595387213087736 ], [ 75.879006977810633, 15.595320211004864 ], [ 75.878965052181783, 15.595623201239048 ], [ 75.878963366384767, 15.595635381015844 ], [ 75.878670246026687, 15.597269315279686 ], [ 75.878661115846967, 15.597320208956011 ], [ 75.875536825629112, 15.597135010153819 ], [ 75.875469911337404, 15.597128507591771 ], [ 75.875455527641336, 15.597127110358445 ], [ 75.875445132003094, 15.597126100420661 ], [ 75.875188924908358, 15.597101202359397 ], [ 75.873351736838643, 15.596810423874949 ], [ 75.873293040624105, 15.596801229378521 ], [ 75.871846059300083, 15.596576876464979 ], [ 75.871757285418525, 15.596563111853769 ], [ 75.871743865170899, 15.596560366329145 ], [ 75.869538348344207, 15.596115324044296 ], [ 75.869479294018433, 15.596103407124556 ], [ 75.869211945249319, 15.596050750323839 ], [ 75.869136096930163, 15.596035811688806 ], [ 75.866666939130056, 15.595568199759002 ], [ 75.866428119109358, 15.59552814522659 ], [ 75.866449062377839, 15.595265127536599 ], [ 75.866410582487148, 15.595256696770301 ], [ 75.866158815116123, 15.595201537619646 ], [ 75.866364609130741, 15.593423177782359 ], [ 75.866424441526618, 15.592906111564885 ], [ 75.866648122001905, 15.591037056242445 ], [ 75.866709447449594, 15.59052465220484 ], [ 75.866887024480761, 15.589567732087989 ], [ 75.866948415024808, 15.589277331349923 ], [ 75.867348062729064, 15.587386859467795 ], [ 75.867422446428577, 15.586345701899763 ], [ 75.86756669420032, 15.585023646969811 ], [ 75.867569130267, 15.585000751139818 ], [ 75.867668761342259, 15.584064428553413 ], [ 75.86773290869634, 15.583319101786239 ], [ 75.867733618569275, 15.583310244438893 ], [ 75.867971485801775, 15.580342266810908 ], [ 75.86797188901491, 15.580337231822684 ], [ 75.867973920244253, 15.580311892296155 ], [ 75.86797489506435, 15.580299724406384 ], [ 75.867975174946281, 15.580288193856195 ], [ 75.867975267957192, 15.580284356969816 ], [ 75.86797538405223, 15.580279576230287 ], [ 75.867975490599008, 15.580275186954646 ], [ 75.867980860600554, 15.580049445718849 ], [ 75.868005907712131, 15.578763188921181 ], [ 75.868006935873282, 15.578710408308169 ], [ 75.868018809028825, 15.577204232570951 ], [ 75.868018586790186, 15.577093740028207 ], [ 75.868014802456685, 15.576580312957667 ], [ 75.867909908491228, 15.57651517577178 ], [ 75.867800834878949, 15.576447442488123 ], [ 75.867631430634091, 15.576406740233596 ], [ 75.867428517174929, 15.57635798610503 ], [ 75.867467456968001, 15.575169105804385 ], [ 75.86747278701786, 15.575006377045721 ], [ 75.867523052312933, 15.573629150528321 ], [ 75.86745634106893, 15.573133708318707 ], [ 75.867454740417827, 15.572775810650882 ], [ 75.867454339371378, 15.572678395836183 ], [ 75.867452926821286, 15.572283277537588 ], [ 75.867452214282764, 15.572083775738623 ], [ 75.867449844263959, 15.570978545547547 ], [ 75.867449794963818, 15.570933426544029 ], [ 75.867325934253927, 15.569686591720888 ], [ 75.867302622380592, 15.569451903473439 ], [ 75.86728001662442, 15.569224353938122 ], [ 75.86719482820169, 15.569123742931538 ], [ 75.867144620907681, 15.569064441979451 ], [ 75.86724844431582, 15.567517393150087 ], [ 75.867210304022421, 15.566869028750189 ], [ 75.867162331208775, 15.566053347711337 ], [ 75.867149877508496, 15.564648653538763 ], [ 75.867148888403193, 15.564537666675287 ], [ 75.867332004540316, 15.563728917730415 ], [ 75.867517431335983, 15.562909958940523 ], [ 75.867530334161714, 15.562852976759631 ], [ 75.867575964709516, 15.562402767632538 ], [ 75.867492819243026, 15.56120269596367 ], [ 75.867482377211104, 15.561051973522654 ], [ 75.867451186865239, 15.56072921158133 ], [ 75.867436502204399, 15.56057724928985 ], [ 75.867391566216412, 15.56011224100437 ], [ 75.86734444009862, 15.559624565655787 ], [ 75.867333069607582, 15.559517945199261 ], [ 75.867303449513145, 15.559240197426293 ], [ 75.867251713469344, 15.558659468195396 ], [ 75.867247232688428, 15.558609169827296 ], [ 75.867099228902163, 15.556947829695178 ], [ 75.867069376912355, 15.556599568871551 ], [ 75.867065067974181, 15.556549304161805 ], [ 75.867007618463632, 15.555879093216168 ], [ 75.867006732780553, 15.555864667230644 ], [ 75.866975772895799, 15.555360365046832 ], [ 75.866870982968607, 15.554536466800869 ], [ 75.866815362767369, 15.554001292645854 ], [ 75.866570866360519, 15.551662685798799 ], [ 75.866559369969039, 15.551539313857301 ], [ 75.866559088449478, 15.551536415218946 ], [ 75.86630170877423, 15.549024169647293 ], [ 75.866296481469135, 15.54899212115863 ], [ 75.866282983082442, 15.548909040608054 ], [ 75.866274577919654, 15.548857386223734 ], [ 75.866072690115089, 15.547616045196026 ], [ 75.865976720069398, 15.547227392883794 ], [ 75.865883688162199, 15.546850664338553 ], [ 75.86570029425792, 15.546092077267796 ], [ 75.865599940687616, 15.545676952264936 ], [ 75.865545729770091, 15.54534516208882 ], [ 75.865512237788806, 15.545140184544335 ], [ 75.865480057083332, 15.544992177621307 ], [ 75.865459465620376, 15.544949647059527 ], [ 75.865300037926403, 15.544620287400111 ], [ 75.865041324224691, 15.544085807566711 ], [ 75.864984313920246, 15.543747168646915 ], [ 75.864972747033818, 15.543678460133592 ], [ 75.864936115465284, 15.543460875026483 ], [ 75.864898646400576, 15.54336256027508 ], [ 75.864881344152366, 15.543286530227952 ], [ 75.864692940696585, 15.542818663917849 ], [ 75.864627896362933, 15.542686363204423 ], [ 75.864629637513758, 15.542659111741902 ], [ 75.864623356401907, 15.54264752297586 ], [ 75.864555404751385, 15.542522157294774 ], [ 75.864617269310997, 15.542168251120987 ], [ 75.8646201626986, 15.542151694041213 ], [ 75.864631087685879, 15.542089194266643 ], [ 75.864392189803482, 15.540619560698001 ], [ 75.86399176994297, 15.539126779494007 ], [ 75.863947145328936, 15.53895690003853 ], [ 75.863919210008845, 15.538849050339174 ], [ 75.863843937741549, 15.538553182340898 ], [ 75.86382786785687, 15.538488722015209 ], [ 75.863786006157184, 15.538320800577903 ], [ 75.863646414308008, 15.53688260567052 ], [ 75.863637316999004, 15.536802139975103 ], [ 75.863629857793015, 15.536755878504119 ], [ 75.863497209587663, 15.535922177914642 ], [ 75.863346352905324, 15.535307006141689 ], [ 75.86288321868571, 15.533418372945727 ], [ 75.862823339429852, 15.532454854476237 ], [ 75.862790337663569, 15.531923914654405 ], [ 75.862813803658526, 15.530987489137972 ], [ 75.862826732892259, 15.530110127270678 ], [ 75.862612119395067, 15.52955247188812 ], [ 75.862285319359145, 15.528703313025767 ], [ 75.861895526324275, 15.527565084914986 ], [ 75.861770042433903, 15.527198647123081 ], [ 75.861331498201636, 15.52579637453934 ], [ 75.861160652309565, 15.525250065945233 ], [ 75.860999145876477, 15.524806832831771 ], [ 75.860793539727268, 15.52426572897267 ], [ 75.860608106338574, 15.523783181895409 ], [ 75.86046297238471, 15.523416223884428 ], [ 75.860389733257918, 15.523231032574532 ], [ 75.860289986809732, 15.522995495384642 ], [ 75.860243959290173, 15.522779194640135 ], [ 75.860208965607853, 15.522374798669903 ], [ 75.86017336135609, 15.521857670801161 ], [ 75.860106869787558, 15.520763168944086 ], [ 75.860091633990265, 15.520535233999357 ], [ 75.860064191284479, 15.520124698395342 ], [ 75.860030225723094, 15.519616220622407 ], [ 75.860010291614898, 15.519006247477394 ], [ 75.859993114229127, 15.518468411261381 ], [ 75.859957835860371, 15.517363669001416 ], [ 75.859931546375478, 15.516565862480237 ], [ 75.859907759452639, 15.515813029768841 ], [ 75.859906510052326, 15.5157733909014 ], [ 75.85988182264694, 15.515254914731182 ], [ 75.85986664185053, 15.514866193308551 ], [ 75.859855524597336, 15.514548699789142 ], [ 75.859833387842627, 15.513916336630283 ], [ 75.85978909688896, 15.513754246628862 ], [ 75.857741898590263, 15.514343812884899 ] ] ] } }
]
}
