{
"type": "FeatureCollection",
"name": "hoblis_in_police_area.writing_20260805_172659",
"crs": { "type": "name", "properties": { "name": "urn:ogc:def:crs:OGC:1.3:CRS84" } },
"features": [
{ "type": "Feature", "properties": { "OBJECTID": 525, "KGISHobliID": 968, "KGISHobliCode": "270103", "KGISHobliName": "Terakanambi", "BhuCodeHobli": null, "SHAPE.STArea()": 206549686.52648637, "SHAPE.STLength()": 111319.81189308529, "KGISTalukCode": "2701", "created_user": null, "created_date": null, "last_edited_user": "SA", "last_edited_date": 1630480009000.0, "_overlap_percent": 96.832112057760725, "_police_station": "Terakambi PS", "_police_feature_index": "424", "_admin_layer": "Hobli", "_geometry_clipped": true }, "geometry": { "type": "Polygon", "coordinates": [ [ [ 76.825004044015159, 11.790831240124673 ], [ 76.826377282401808, 11.791133454200137 ], [ 76.827417246585739, 11.791533976878959 ], [ 76.827682750186895, 11.790948313793912 ], [ 76.828146961467695, 11.789924320856491 ], [ 76.828977492864581, 11.789256020544489 ], [ 76.828845176901154, 11.788594154132442 ], [ 76.82863820052728, 11.787481611778954 ], [ 76.828422561198636, 11.786452277807234 ], [ 76.828153885551274, 11.784900112392478 ], [ 76.828009433399032, 11.784132559608782 ], [ 76.827949999074619, 11.783816751843561 ], [ 76.828580120298568, 11.783692055823277 ], [ 76.829396869347349, 11.783530425147166 ], [ 76.832480690737555, 11.782910495021191 ], [ 76.835449316977773, 11.782337344581606 ], [ 76.837008708478947, 11.782008374382613 ], [ 76.837479485280639, 11.781804324205996 ], [ 76.837479496640796, 11.781804319065976 ], [ 76.837479497893312, 11.781804318739249 ], [ 76.837515243050248, 11.78178882561053 ], [ 76.83838397129071, 11.78156837993332 ], [ 76.838561794590404, 11.781521993365054 ], [ 76.839019606369064, 11.781267683721282 ], [ 76.839419621289693, 11.781047366445186 ], [ 76.839306058509621, 11.780597488274902 ], [ 76.839272922075409, 11.780466219529469 ], [ 76.838877822366925, 11.779758955970246 ], [ 76.838328504651031, 11.778775620186583 ], [ 76.83783025615287, 11.777883695992452 ], [ 76.837564650773174, 11.777408226720025 ], [ 76.836969734681645, 11.776343239383035 ], [ 76.836920875509506, 11.776255774418706 ], [ 76.836625505838327, 11.775727015942806 ], [ 76.836494109604544, 11.775491794250007 ], [ 76.836464307166153, 11.775435670995879 ], [ 76.836232922023981, 11.775301204288626 ], [ 76.83479920245216, 11.774666184886298 ], [ 76.834698153344036, 11.774632704033349 ], [ 76.834693731677575, 11.77459445037357 ], [ 76.834688394147335, 11.774548273379825 ], [ 76.834681430266144, 11.77448830482534 ], [ 76.834656810554307, 11.774422539210532 ], [ 76.834652388217407, 11.774410734405699 ], [ 76.834634911013168, 11.77436410046634 ], [ 76.834631759946902, 11.774355709734843 ], [ 76.834609229002552, 11.774295715782079 ], [ 76.834587976616035, 11.774239126814068 ], [ 76.83456240578063, 11.774171039701129 ], [ 76.834489315278319, 11.773976861802005 ], [ 76.834504180210928, 11.773890813626464 ], [ 76.834520631873829, 11.773795436666914 ], [ 76.834526019801956, 11.773764161407696 ], [ 76.834535523525631, 11.773708992400177 ], [ 76.834593456476952, 11.773371701961825 ], [ 76.834571296554643, 11.773221292274147 ], [ 76.834451701930647, 11.773174803324064 ], [ 76.834445412664934, 11.772976400550156 ], [ 76.834354081708739, 11.772703118149664 ], [ 76.834331972538223, 11.772636963884851 ], [ 76.834297247844688, 11.772452089232896 ], [ 76.834177941043876, 11.772479538041665 ], [ 76.833536160507705, 11.772671971018909 ], [ 76.833339069836825, 11.772708966071324 ], [ 76.833304142454267, 11.772572266910339 ], [ 76.833238356058047, 11.772587440379166 ], [ 76.833215373441803, 11.772494106032116 ], [ 76.8331052869584, 11.772041654474807 ], [ 76.833093426851747, 11.771938843193858 ], [ 76.833093329518874, 11.771937999553044 ], [ 76.833063374472729, 11.771675325118155 ], [ 76.833060240086112, 11.771647564015748 ], [ 76.833050904854716, 11.771613710568936 ], [ 76.832949902213997, 11.771247447298474 ], [ 76.832927809149894, 11.771194744398734 ], [ 76.832910822699787, 11.771101028194874 ], [ 76.832832117317949, 11.770762015508435 ], [ 76.832643688111318, 11.770751848208338 ], [ 76.832631695308024, 11.770681724603859 ], [ 76.8320897959223, 11.77070978509092 ], [ 76.831947202939233, 11.77071716851669 ], [ 76.831946346830236, 11.770318700515062 ], [ 76.830991764360277, 11.769681629837748 ], [ 76.83086398802115, 11.769666556337922 ], [ 76.830776528286748, 11.769681961357305 ], [ 76.830749688498045, 11.769686688668374 ], [ 76.830653198608033, 11.769638453943594 ], [ 76.83054484995661, 11.769581577877185 ], [ 76.830519085719459, 11.769568053385322 ], [ 76.830427683719435, 11.769327744684841 ], [ 76.830391338776877, 11.769259406173155 ], [ 76.830393152674816, 11.76923695771676 ], [ 76.830385792629357, 11.769217607123135 ], [ 76.83037424286681, 11.7691286480537 ], [ 76.830370289185822, 11.76909819481668 ], [ 76.830356472833401, 11.768974337002939 ], [ 76.830345812151606, 11.768862923176878 ], [ 76.830272628102222, 11.768622813737968 ], [ 76.830253030108395, 11.768628877492747 ], [ 76.830063259439399, 11.768684017385311 ], [ 76.829972884889841, 11.768714475002543 ], [ 76.829915337021248, 11.768726997822107 ], [ 76.829897401033804, 11.768732209314619 ], [ 76.829465882306778, 11.768857591988535 ], [ 76.828891084252703, 11.769033246366881 ], [ 76.828601973698241, 11.769185118204545 ], [ 76.828519746772528, 11.769185112462967 ], [ 76.828341272992915, 11.769185101362391 ], [ 76.828293186027679, 11.769185098733786 ], [ 76.82827459572151, 11.769329407413787 ], [ 76.82819115843111, 11.769417806329047 ], [ 76.828172089341336, 11.76943800909989 ], [ 76.828164426602001, 11.769482337523893 ], [ 76.828036965704186, 11.769594057934988 ], [ 76.828037001368486, 11.769610086374392 ], [ 76.828037378539975, 11.769778803133221 ], [ 76.828027939005025, 11.77024847718531 ], [ 76.828026418082274, 11.770324169265734 ], [ 76.828029113478905, 11.770371656133538 ], [ 76.827950825067276, 11.770368797524046 ], [ 76.827818062836883, 11.770363949146361 ], [ 76.827810313539317, 11.770447564129491 ], [ 76.827522950416096, 11.770430323419315 ], [ 76.826763943764632, 11.770272277549875 ], [ 76.826543030175429, 11.770256202172858 ], [ 76.826500829852293, 11.770255301556272 ], [ 76.825514459077084, 11.770352086294897 ], [ 76.825506270909102, 11.770352889913818 ], [ 76.82523748052391, 11.770379263626531 ], [ 76.82519697699135, 11.770383238202365 ], [ 76.825128627684833, 11.770413695069333 ], [ 76.825085482914247, 11.770677480935436 ], [ 76.825078490870339, 11.77072023691859 ], [ 76.825077942036202, 11.770736769183504 ], [ 76.825075142234553, 11.770740713651435 ], [ 76.825054367878451, 11.770867747753442 ], [ 76.824915535779709, 11.771080296615766 ], [ 76.824652521654954, 11.77119059335244 ], [ 76.824629943130915, 11.771205194095602 ], [ 76.824404160563788, 11.771355370300917 ], [ 76.824382028162901, 11.77155004411248 ], [ 76.824278847612931, 11.771669441382464 ], [ 76.82366631312388, 11.771977986927075 ], [ 76.823490778385676, 11.772074298799181 ], [ 76.823497380746716, 11.772139096389584 ], [ 76.823506193976712, 11.772225583202665 ], [ 76.823506253428135, 11.772225555704264 ], [ 76.823506280308152, 11.77222643234489 ], [ 76.823509270170234, 11.772323841557633 ], [ 76.823542781518398, 11.773415435032328 ], [ 76.823545977110015, 11.773519543753535 ], [ 76.823553341242459, 11.77375941422539 ], [ 76.82356243931244, 11.774055768285121 ], [ 76.823673134138133, 11.774857987650758 ], [ 76.823949524757055, 11.775568558484713 ], [ 76.824184813072051, 11.776293325231501 ], [ 76.824364698994302, 11.776737288097706 ], [ 76.824427063389777, 11.776831066374367 ], [ 76.824454270379093, 11.77687601627728 ], [ 76.824369987285721, 11.776899854943712 ], [ 76.822768893726661, 11.777496761486729 ], [ 76.822041240513229, 11.777765079743654 ], [ 76.821046969261118, 11.778163635801009 ], [ 76.819419171866073, 11.778792291385026 ], [ 76.819304299065379, 11.778836655366545 ], [ 76.813431892985989, 11.781121695297083 ], [ 76.813374111927658, 11.781144535725124 ], [ 76.813269726051317, 11.78118579894911 ], [ 76.812891142086499, 11.781335448971602 ], [ 76.812860946502482, 11.780432787348087 ], [ 76.812871695778696, 11.780425843580735 ], [ 76.812871508554451, 11.780363021016028 ], [ 76.812461670700756, 11.7775528774824 ], [ 76.812460655554489, 11.77622992476314 ], [ 76.81246049201981, 11.776015599997354 ], [ 76.812460298494187, 11.775761702932606 ], [ 76.81245287505655, 11.774354979736909 ], [ 76.81282400475564, 11.773897881852486 ], [ 76.812824448726673, 11.77389733503632 ], [ 76.812824872211579, 11.773891656353108 ], [ 76.8128242706035, 11.77388091419717 ], [ 76.812805197124263, 11.773813874971909 ], [ 76.812785116993069, 11.773743300530118 ], [ 76.812724142122008, 11.773673140865263 ], [ 76.812723553527263, 11.773672501912243 ], [ 76.812002778892875, 11.772890554493594 ], [ 76.811910588747125, 11.77279053962042 ], [ 76.811890418417008, 11.772774376596383 ], [ 76.811284641809053, 11.772273994600635 ], [ 76.810771067339047, 11.771863996400015 ], [ 76.809786926109425, 11.771078327840527 ], [ 76.809594352314875, 11.770920556446081 ], [ 76.809225081197013, 11.770618020364576 ], [ 76.809146348158094, 11.770546565912648 ], [ 76.809023958057693, 11.770436141941625 ], [ 76.809007279837914, 11.770422950382756 ], [ 76.80871826822289, 11.770194356770917 ], [ 76.808314545950282, 11.769854198138113 ], [ 76.807629745548212, 11.769277215483449 ], [ 76.80743288999625, 11.769118648695537 ], [ 76.807481365570581, 11.769105141056443 ], [ 76.807577652303763, 11.769078378552402 ], [ 76.807840041399828, 11.76900544688907 ], [ 76.809462408497069, 11.768564763161743 ], [ 76.809539226942846, 11.768544430414332 ], [ 76.80958346814468, 11.76853271200673 ], [ 76.809595162422113, 11.768529613184084 ], [ 76.809664494303064, 11.768514972122592 ], [ 76.809675895851228, 11.768512563955627 ], [ 76.811319387427218, 11.768165482664308 ], [ 76.811476481856261, 11.768131329701653 ], [ 76.811683598817595, 11.768086301632918 ], [ 76.811933551335102, 11.768031960849164 ], [ 76.812528259898244, 11.767902668091812 ], [ 76.812824095992113, 11.767845856303786 ], [ 76.813361109837075, 11.767742728080936 ], [ 76.813426582329825, 11.767730154509458 ], [ 76.813473198367049, 11.767725858913765 ], [ 76.813649408889532, 11.767699632743714 ], [ 76.813698299684305, 11.767672737813186 ], [ 76.81380817377827, 11.767610982336945 ], [ 76.814011226731068, 11.767496854615866 ], [ 76.814629771591001, 11.767172146017007 ], [ 76.814868090896866, 11.767030691643274 ], [ 76.815067001654171, 11.76689669315113 ], [ 76.81548781469678, 11.766759014179543 ], [ 76.815691032281975, 11.766591766586371 ], [ 76.815800152584401, 11.766501960751867 ], [ 76.815849368971101, 11.766508398729215 ], [ 76.815861689367608, 11.766510010604144 ], [ 76.815867297715229, 11.766510744292718 ], [ 76.815979014823569, 11.766399781380098 ], [ 76.816140532629404, 11.766542868872543 ], [ 76.81615805778921, 11.766541146875536 ], [ 76.816411790169482, 11.766516326192351 ], [ 76.816543593418686, 11.76650343324366 ], [ 76.816571528066007, 11.766500700709988 ], [ 76.81662936298882, 11.766447659904953 ], [ 76.816679383094083, 11.766402120927074 ], [ 76.816964756115809, 11.766053862201977 ], [ 76.817369718273298, 11.765677698506211 ], [ 76.817393387361435, 11.76565617952415 ], [ 76.817443009978504, 11.765611062407071 ], [ 76.817565647790531, 11.765497867341416 ], [ 76.817799503507658, 11.765374882174296 ], [ 76.817810017362618, 11.765369352663207 ], [ 76.817870709735189, 11.765337434647208 ], [ 76.817902156173133, 11.765283458213229 ], [ 76.817944790833195, 11.76521027867912 ], [ 76.818015745590543, 11.765088047380216 ], [ 76.818114086705037, 11.764423643806804 ], [ 76.818128031734048, 11.764331260556993 ], [ 76.818247426477456, 11.763540275188982 ], [ 76.818160796437624, 11.763542631767814 ], [ 76.818101029703769, 11.763438029097049 ], [ 76.818084705538908, 11.763433694903764 ], [ 76.818036218962305, 11.763420818388969 ], [ 76.817855658810686, 11.763372857094717 ], [ 76.817838159598864, 11.763248829638909 ], [ 76.817820517668025, 11.763123461651087 ], [ 76.81787976708496, 11.763106298767985 ], [ 76.817946340828229, 11.763087013744165 ], [ 76.818016416033132, 11.763066714765776 ], [ 76.81799837182875, 11.762989620322523 ], [ 76.817982061950573, 11.762919855663872 ], [ 76.817989922992112, 11.762469168400058 ], [ 76.817991886883533, 11.762451527364673 ], [ 76.817993071285429, 11.762440916671469 ], [ 76.818010570594922, 11.762284168765198 ], [ 76.818012482230586, 11.762267092117611 ], [ 76.818013906829194, 11.762241508943537 ], [ 76.818014473954776, 11.762231477087621 ], [ 76.817918119101535, 11.762240719430665 ], [ 76.817936178873012, 11.761923287402741 ], [ 76.817943017710874, 11.761803083893886 ], [ 76.817947624365772, 11.761722114491906 ], [ 76.817959972898151, 11.761505062747091 ], [ 76.817987935996143, 11.76101355039251 ], [ 76.81793464770989, 11.760850950601242 ], [ 76.817913629361584, 11.760786816697124 ], [ 76.817746528394309, 11.760488015968056 ], [ 76.817708625078751, 11.760469954943126 ], [ 76.817321098704937, 11.759749298997569 ], [ 76.817104888648743, 11.759167981564074 ], [ 76.817175552013282, 11.758882203627584 ], [ 76.817154249022451, 11.758864498096633 ], [ 76.817092568158742, 11.758814960724477 ], [ 76.817003447977015, 11.758743386358315 ], [ 76.817004110681694, 11.758739713785364 ], [ 76.816952572011076, 11.758696878507674 ], [ 76.817041184516384, 11.758152491766932 ], [ 76.817070264030264, 11.757973846385754 ], [ 76.817047893029596, 11.757891531091968 ], [ 76.816961845176408, 11.757574914823001 ], [ 76.81693349081759, 11.757470583032031 ], [ 76.816791252682947, 11.757513376768831 ], [ 76.816603085725674, 11.757502149622333 ], [ 76.816481574216738, 11.757494900075892 ], [ 76.816337083545918, 11.757409221361073 ], [ 76.816302370651982, 11.75738863741981 ], [ 76.816215833417047, 11.757337323326366 ], [ 76.815863944832344, 11.757255637640343 ], [ 76.815641097952323, 11.757208256231714 ], [ 76.815527576312661, 11.757184119612276 ], [ 76.815270570289371, 11.757155127100431 ], [ 76.814871150400336, 11.757110068113406 ], [ 76.81484221226826, 11.757106803699005 ], [ 76.814234664874405, 11.756831547241994 ], [ 76.813790425205596, 11.757109974479292 ], [ 76.813513318338877, 11.757295337764184 ], [ 76.81347014619854, 11.757310709364889 ], [ 76.81345408901359, 11.757320773206459 ], [ 76.813348162816581, 11.757354142000512 ], [ 76.812550997123594, 11.757637975802449 ], [ 76.811858824538106, 11.757827486625823 ], [ 76.81114035381249, 11.758069022647518 ], [ 76.810754880824021, 11.758280806362299 ], [ 76.810520707061485, 11.758276603426623 ], [ 76.810522039840805, 11.758275733514891 ], [ 76.810516280159788, 11.758276524860436 ], [ 76.809033270869989, 11.758480176674324 ], [ 76.809030780611735, 11.758443079455322 ], [ 76.808923987569941, 11.758458481903705 ], [ 76.808820691543971, 11.757585785359078 ], [ 76.808759331517919, 11.756710214894529 ], [ 76.808825174922859, 11.756552904481588 ], [ 76.808933592448156, 11.755914805028413 ], [ 76.80854637942403, 11.755101352390586 ], [ 76.808408408270566, 11.754911564583116 ], [ 76.808238846495016, 11.754619726963927 ], [ 76.808216717913197, 11.754320494246917 ], [ 76.807957464036349, 11.754382495981591 ], [ 76.80730857066095, 11.754537680311088 ], [ 76.807252319632539, 11.754586848407666 ], [ 76.80713898286173, 11.754685912109492 ], [ 76.805707168076509, 11.754839914647285 ], [ 76.805670207116023, 11.754835725264858 ], [ 76.805419961588754, 11.754865597028099 ], [ 76.805241800159109, 11.754848650023654 ], [ 76.805176044808874, 11.754445502024854 ], [ 76.805185395369165, 11.754412659675268 ], [ 76.805209117967621, 11.754329856521835 ], [ 76.805035154886326, 11.754353849723701 ], [ 76.80401917081889, 11.754507874062631 ], [ 76.803470644816514, 11.754586394885786 ], [ 76.802502080948329, 11.754537254510291 ], [ 76.802193584794125, 11.754517867441219 ], [ 76.80219391581663, 11.754641660124021 ], [ 76.802193923631009, 11.754644694605904 ], [ 76.801955720570561, 11.75463110049933 ], [ 76.800388022429829, 11.754290286098437 ], [ 76.79806647979396, 11.753750501978887 ], [ 76.796930216970651, 11.753483451958848 ], [ 76.796280075862683, 11.753369220602769 ], [ 76.79494874700778, 11.753114681049917 ], [ 76.79332019357426, 11.752803306084386 ], [ 76.793047617234834, 11.752754104113032 ], [ 76.792937176147163, 11.752734168506327 ], [ 76.792486901279304, 11.752736361283562 ], [ 76.792315892052017, 11.752692930489248 ], [ 76.792267257632915, 11.752570484782847 ], [ 76.792222782719833, 11.752550637535823 ], [ 76.792667350033085, 11.755339954786788 ], [ 76.792991088515222, 11.757371126259276 ], [ 76.793037513485373, 11.757662393015039 ], [ 76.793176509802066, 11.758867924712572 ], [ 76.793320375808449, 11.760115665010295 ], [ 76.793327746453087, 11.760179589053855 ], [ 76.79328398140521, 11.760167902332523 ], [ 76.792557365061072, 11.760038483732075 ], [ 76.792502374150857, 11.760028689792124 ], [ 76.791971335796973, 11.759934105078226 ], [ 76.79180730003975, 11.759912838934714 ], [ 76.791140344205758, 11.760248790014716 ], [ 76.789989971670977, 11.760767333303422 ], [ 76.789930311925787, 11.76079854679128 ], [ 76.789103166390376, 11.760832606313972 ], [ 76.788180388644832, 11.761004245490286 ], [ 76.788124035509583, 11.761018787189608 ], [ 76.78809778388765, 11.760820606729988 ], [ 76.788086789620664, 11.760821445825146 ], [ 76.78683472911726, 11.760916905680524 ], [ 76.786823511624149, 11.760915995179211 ], [ 76.786515303714665, 11.760890990210806 ], [ 76.784609195343066, 11.761912879412218 ], [ 76.783266609984594, 11.76185918060599 ], [ 76.783223881625176, 11.76184978638644 ], [ 76.78214046676537, 11.761611581465925 ], [ 76.781344104213574, 11.761689045770142 ], [ 76.781339265251518, 11.761689675316157 ], [ 76.781263092152102, 11.761699584752336 ], [ 76.780820736186854, 11.761757130519218 ], [ 76.780643469968211, 11.76178019170205 ], [ 76.780525363431536, 11.761788911942357 ], [ 76.780525256388046, 11.76171634705214 ], [ 76.780468803549169, 11.761118177361634 ], [ 76.780327087432838, 11.76092767125937 ], [ 76.780133315504742, 11.760773913790981 ], [ 76.779877576225488, 11.760779380682997 ], [ 76.779344427801121, 11.76089972676875 ], [ 76.778272879302889, 11.761172634089798 ], [ 76.777939806692203, 11.761323182190967 ], [ 76.77789693805174, 11.761215625142775 ], [ 76.77788477725899, 11.761185113929249 ], [ 76.777771373262652, 11.761212391655535 ], [ 76.777568351747988, 11.760565576754404 ], [ 76.777969691500019, 11.760339544846238 ], [ 76.777970269860759, 11.76022059018497 ], [ 76.777973588810184, 11.759538298078075 ], [ 76.777922768168906, 11.759459700752736 ], [ 76.77679241729038, 11.759591229620472 ], [ 76.776735676481778, 11.759425485392487 ], [ 76.776571073026417, 11.758598668020129 ], [ 76.776478891061714, 11.758524236650594 ], [ 76.776283382780534, 11.758366379261792 ], [ 76.776041805478229, 11.758151860405636 ], [ 76.775952080031544, 11.758086925827344 ], [ 76.77591741985141, 11.758027578333387 ], [ 76.775893334041768, 11.75792279468836 ], [ 76.775853314552393, 11.757700499593486 ], [ 76.775793435723301, 11.757579004089083 ], [ 76.775672649809707, 11.757514306126195 ], [ 76.775529945938729, 11.757465857491756 ], [ 76.775365243628215, 11.757379600432575 ], [ 76.775116190235892, 11.757234370832979 ], [ 76.7749516852993, 11.757245299939115 ], [ 76.77367263483778, 11.75730457540705 ], [ 76.77330201679122, 11.757313259578254 ], [ 76.773231009206995, 11.757108076647292 ], [ 76.773186812368962, 11.756980364070255 ], [ 76.773109459391804, 11.756756844933935 ], [ 76.77308598007582, 11.756618207631107 ], [ 76.77300395689862, 11.756323606971574 ], [ 76.772934309971802, 11.755790409173711 ], [ 76.772917336738331, 11.755660465405644 ], [ 76.772846759429868, 11.755389924566297 ], [ 76.772843701961506, 11.755378202096782 ], [ 76.77268775257464, 11.754780407689106 ], [ 76.772628061107952, 11.754341751172712 ], [ 76.772592958845522, 11.75408378164826 ], [ 76.772637864763013, 11.7539820753356 ], [ 76.772626909257042, 11.753920270394213 ], [ 76.772600025420786, 11.753768606424037 ], [ 76.772511906805903, 11.753271482308241 ], [ 76.772481636909305, 11.753100719783347 ], [ 76.772327216281042, 11.752043870643282 ], [ 76.77232370878518, 11.752019864394391 ], [ 76.77229468530679, 11.751703695588674 ], [ 76.772194979200066, 11.751561470826196 ], [ 76.772225802960648, 11.751533888681045 ], [ 76.772288724767535, 11.751477586526253 ], [ 76.772225656682267, 11.751402283657503 ], [ 76.772158705981383, 11.751322344084411 ], [ 76.771977069500963, 11.751105471262456 ], [ 76.771950381904759, 11.751073606195803 ], [ 76.77182314932675, 11.750420130316192 ], [ 76.771782356222886, 11.750210617059343 ], [ 76.771768023107995, 11.750137000211849 ], [ 76.771701013081312, 11.749792836444245 ], [ 76.771682135124777, 11.749599208825725 ], [ 76.77162326629967, 11.748995425426539 ], [ 76.771059447307408, 11.749066725213364 ], [ 76.771037585652294, 11.74873999582765 ], [ 76.770958681742826, 11.747560736944523 ], [ 76.771034294537387, 11.747413921952857 ], [ 76.771081027953358, 11.747360351077758 ], [ 76.771178268154927, 11.747273499599679 ], [ 76.771365818896712, 11.747105588720542 ], [ 76.771514216386365, 11.746712748014076 ], [ 76.771562445195016, 11.746714779166876 ], [ 76.771757810439155, 11.746723005102346 ], [ 76.77329227233102, 11.746787606844558 ], [ 76.773603787519875, 11.746991792574635 ], [ 76.773909571629872, 11.747148125604079 ], [ 76.773897394435295, 11.747742194392917 ], [ 76.773967368382003, 11.747779299933942 ], [ 76.773966421321504, 11.747810784230218 ], [ 76.774266466198029, 11.747815134354461 ], [ 76.774497428321808, 11.747752941390429 ], [ 76.774573312568378, 11.747744850284086 ], [ 76.776442437386578, 11.747545543527716 ], [ 76.777906859977207, 11.74727722192611 ], [ 76.777934822333009, 11.747272097748972 ], [ 76.779409457608793, 11.74694660166252 ], [ 76.77987204092824, 11.746844493280868 ], [ 76.780906291097537, 11.746652351486848 ], [ 76.780932492442986, 11.746318568468217 ], [ 76.780986958874834, 11.746312428979836 ], [ 76.782252039957939, 11.746169816570896 ], [ 76.782261593357831, 11.74617067625679 ], [ 76.782272566738555, 11.74617166447932 ], [ 76.783805042396082, 11.746309593953768 ], [ 76.783806391483282, 11.746309825072174 ], [ 76.784972581305382, 11.746508947519448 ], [ 76.785017807460775, 11.746519546522807 ], [ 76.78547755603887, 11.746631283630897 ], [ 76.785751894033069, 11.747110777214901 ], [ 76.785757673684856, 11.747113953700651 ], [ 76.785764007267588, 11.747126789939704 ], [ 76.787200995462385, 11.748011138197228 ], [ 76.787542607675761, 11.748141168432058 ], [ 76.787519963979207, 11.748363448314613 ], [ 76.78736513310956, 11.749357277705938 ], [ 76.787678277256305, 11.749566199788672 ], [ 76.788375008394411, 11.749910607577851 ], [ 76.789013256484367, 11.750216715423237 ], [ 76.789330006063295, 11.750408153026983 ], [ 76.789885704650089, 11.750604030810271 ], [ 76.789914539950416, 11.750614195659853 ], [ 76.789952533499843, 11.750634040392457 ], [ 76.789971543326843, 11.750639307798625 ], [ 76.790441390824157, 11.750769487852153 ], [ 76.791984084444309, 11.751196913214612 ], [ 76.79198643662258, 11.751671874283577 ], [ 76.792161168888939, 11.752321551427455 ], [ 76.792417888289435, 11.751645274284554 ], [ 76.792491879798106, 11.751344150168721 ], [ 76.792842116506151, 11.750374778835202 ], [ 76.793798477149821, 11.747717301693875 ], [ 76.793985541832669, 11.747223948703096 ], [ 76.79403208080339, 11.747093193420913 ], [ 76.794131192237401, 11.746815121714736 ], [ 76.79419596481047, 11.746633535981285 ], [ 76.794197507637946, 11.746592262981796 ], [ 76.794214893556074, 11.746079597640534 ], [ 76.794220451229521, 11.745900195517848 ], [ 76.797149863457747, 11.744575621144799 ], [ 76.803569487164864, 11.741643523408873 ], [ 76.804962948235072, 11.741007038170537 ], [ 76.806482835652929, 11.740312793854825 ], [ 76.809193738292706, 11.741684797284261 ], [ 76.809650738157913, 11.741916082791024 ], [ 76.810440714946751, 11.742299503475195 ], [ 76.810901388171544, 11.74252041794661 ], [ 76.81113502188623, 11.742477551499263 ], [ 76.811654110463024, 11.74238289097746 ], [ 76.811780673332592, 11.74235948531379 ], [ 76.811782188081978, 11.742359534859096 ], [ 76.811856347815208, 11.742346011157444 ], [ 76.812386267289028, 11.742360375186413 ], [ 76.813234403365385, 11.742422108377777 ], [ 76.813571588167648, 11.742446950026869 ], [ 76.813839766906085, 11.742466856996899 ], [ 76.81405595067362, 11.742382882675633 ], [ 76.814055983613414, 11.742382869811307 ], [ 76.814363665497538, 11.742263352134328 ], [ 76.815545609429179, 11.741773690960922 ], [ 76.81682428236374, 11.741243949825929 ], [ 76.818068964304402, 11.740728284530482 ], [ 76.81942809697199, 11.740165193683138 ], [ 76.819882085726846, 11.739977103768492 ], [ 76.819962316354946, 11.740020640636025 ], [ 76.820084361490501, 11.739967186107652 ], [ 76.822470073611257, 11.741295502073466 ], [ 76.826105777971833, 11.743313963556371 ], [ 76.826172584014714, 11.743282716850851 ], [ 76.832304776997191, 11.74025026536677 ], [ 76.832379199723306, 11.740215681867035 ], [ 76.832626067957094, 11.740117268515721 ], [ 76.832751545039571, 11.740068158489068 ], [ 76.832790119325921, 11.740053204091177 ], [ 76.832821063349471, 11.740150477040691 ], [ 76.832884240070797, 11.740123946337832 ], [ 76.832923139128638, 11.740107610443943 ], [ 76.833032448292713, 11.740451866031929 ], [ 76.833057940046402, 11.740532149175301 ], [ 76.833455987696595, 11.740489022831326 ], [ 76.833648749499716, 11.74044138239864 ], [ 76.833742952365128, 11.740418211127924 ], [ 76.83378209072643, 11.740451812869992 ], [ 76.833802868812057, 11.74046571723183 ], [ 76.833881583958885, 11.740442688071797 ], [ 76.83392097137947, 11.740474970266568 ], [ 76.833929029088196, 11.740480029051643 ], [ 76.83427317102462, 11.740354539364576 ], [ 76.834648078715446, 11.740270070503794 ], [ 76.8351223376131, 11.740139523131541 ], [ 76.835635902002295, 11.739973841459236 ], [ 76.8365267030495, 11.739686457872624 ], [ 76.836892406532414, 11.739636937008258 ], [ 76.837464126822141, 11.739336557149191 ], [ 76.837693470509819, 11.739041720263348 ], [ 76.837919266493842, 11.738831580190704 ], [ 76.838547637384494, 11.738347520048009 ], [ 76.838827521337379, 11.738123993133916 ], [ 76.839038485644807, 11.737955649538474 ], [ 76.839073165878247, 11.737962498887653 ], [ 76.839087538699971, 11.737951244434305 ], [ 76.839135176273118, 11.737961149505738 ], [ 76.839427090192288, 11.737907102884634 ], [ 76.839419945926977, 11.737736880123386 ], [ 76.839416966395135, 11.73766602163337 ], [ 76.840021003500823, 11.737418258752298 ], [ 76.84072271497115, 11.737297819885654 ], [ 76.840683855847075, 11.737077439182677 ], [ 76.840563265118362, 11.736703464227105 ], [ 76.840310569315093, 11.736200218220494 ], [ 76.840117109728197, 11.735682278562598 ], [ 76.840027491764587, 11.735244461065809 ], [ 76.839971755899953, 11.734972188017158 ], [ 76.839986746014375, 11.734664683070537 ], [ 76.839975873596288, 11.734332168124705 ], [ 76.839979061047359, 11.734256743080126 ], [ 76.840038907937583, 11.734254801213053 ], [ 76.840056042384475, 11.734253607089126 ], [ 76.840119959584854, 11.734249356588345 ], [ 76.841813488879197, 11.734132525748132 ], [ 76.842804305520247, 11.734140130561833 ], [ 76.842904764490555, 11.734135990027664 ], [ 76.84281927934768, 11.733595413631173 ], [ 76.842984621473306, 11.733550220659808 ], [ 76.843233929965194, 11.733490198686319 ], [ 76.84326291211319, 11.73354208920127 ], [ 76.843300761256188, 11.733531555155979 ], [ 76.843356466163783, 11.73363270071262 ], [ 76.843502062778029, 11.733637582355609 ], [ 76.843518367711908, 11.73363815332071 ], [ 76.84355488347191, 11.733671099314394 ], [ 76.843556648656048, 11.733671116544285 ], [ 76.843572210555095, 11.733671268358787 ], [ 76.843629357425726, 11.733723217636571 ], [ 76.843716003214169, 11.733722676154438 ], [ 76.843736514902673, 11.733750777838617 ], [ 76.843761354292269, 11.733749923425236 ], [ 76.844186422428081, 11.734347515139126 ], [ 76.844290613824725, 11.734512321257595 ], [ 76.844513798112956, 11.734865344303456 ], [ 76.844825277211157, 11.73535801901863 ], [ 76.844861058274688, 11.735414615837682 ], [ 76.845063407853175, 11.735734680127223 ], [ 76.845128711701506, 11.73583797183379 ], [ 76.845525639376618, 11.736106810385882 ], [ 76.845773978054496, 11.736437768402933 ], [ 76.845856226929484, 11.736510488240897 ], [ 76.84594785720364, 11.7365915042027 ], [ 76.846065149207845, 11.736572466428379 ], [ 76.846816402000826, 11.736450516040568 ], [ 76.847050522578257, 11.736359963784496 ], [ 76.847173819945951, 11.736312274931514 ], [ 76.847378776921175, 11.736276319801581 ], [ 76.847449179697605, 11.736263969026842 ], [ 76.848643755188689, 11.736122838951353 ], [ 76.848847449432796, 11.736084260573145 ], [ 76.849382278910099, 11.735963434614101 ], [ 76.849588622333258, 11.735837518973767 ], [ 76.849765683604829, 11.735729472538095 ], [ 76.849855961164451, 11.735730350685712 ], [ 76.849876685620828, 11.73548429979046 ], [ 76.849686328571735, 11.734805647112131 ], [ 76.849696058377532, 11.734770444409996 ], [ 76.849683607242909, 11.734724352560324 ], [ 76.849994263471956, 11.733612435994036 ], [ 76.850018665185814, 11.733457771838182 ], [ 76.850734764573872, 11.733534516882706 ], [ 76.850728786930148, 11.733420358520066 ], [ 76.850734256066772, 11.733362476681757 ], [ 76.850733482286529, 11.733344528996486 ], [ 76.850754046960262, 11.733153022543712 ], [ 76.850843848829768, 11.732202617087051 ], [ 76.850491233725492, 11.731599466058778 ], [ 76.850271459505436, 11.730850170157961 ], [ 76.850524032343856, 11.729606510736392 ], [ 76.850798185841413, 11.728105816645421 ], [ 76.850572347780258, 11.721521720550673 ], [ 76.850554464424363, 11.720939076670744 ], [ 76.843678095028963, 11.712827153686396 ], [ 76.841768011377752, 11.710589392945392 ], [ 76.841422546674025, 11.710184642143469 ], [ 76.841451967868821, 11.709562552208036 ], [ 76.841608593213863, 11.705974346994179 ], [ 76.842439113860394, 11.695008585884107 ], [ 76.842751295734573, 11.690209564822435 ], [ 76.842879463191579, 11.688348898553643 ], [ 76.842960669293404, 11.6855233046604 ], [ 76.843253653533665, 11.675328800729668 ], [ 76.843308781620564, 11.67022198631515 ], [ 76.843157147106297, 11.670264344652177 ], [ 76.843032496440514, 11.670299164598489 ], [ 76.84173517320346, 11.670661557903792 ], [ 76.8401622881603, 11.671100917161382 ], [ 76.837189664853582, 11.671931244317822 ], [ 76.83487655101807, 11.672577330876608 ], [ 76.832093794373634, 11.673354567815613 ], [ 76.830558083244156, 11.673783485866112 ], [ 76.83013691270844, 11.67442004771959 ], [ 76.829134221277357, 11.675935513098716 ], [ 76.828521476997352, 11.676861605223673 ], [ 76.827361965715937, 11.678614051935678 ], [ 76.827329107711677, 11.678543285989264 ], [ 76.827329106178937, 11.678543282688185 ], [ 76.827124498315129, 11.678853323400157 ], [ 76.826763876920197, 11.679871930731347 ], [ 76.823294480496955, 11.675569515408437 ], [ 76.819632818530053, 11.67374049933567 ], [ 76.818984389743804, 11.675342550967256 ], [ 76.818747893342987, 11.676941740760721 ], [ 76.818381741774843, 11.678950976444028 ], [ 76.818175736791872, 11.681389334934455 ], [ 76.818137588967247, 11.685769242443975 ], [ 76.817557810413774, 11.688363989448428 ], [ 76.816794964153232, 11.687405623099707 ], [ 76.814361505183143, 11.68574252367063 ], [ 76.813597372299341, 11.685161235518992 ], [ 76.813791262360226, 11.684969783892585 ], [ 76.813787632757666, 11.684965483291275 ], [ 76.809185916875762, 11.679511868436517 ], [ 76.809181433478187, 11.679512076577412 ], [ 76.800849425893631, 11.669688029913615 ], [ 76.798044064575237, 11.666492675538123 ], [ 76.797753433736858, 11.666163330709047 ], [ 76.796664837570816, 11.664929694752812 ], [ 76.792781338024312, 11.660528638898953 ], [ 76.792412300814746, 11.660110408198225 ], [ 76.788326582629963, 11.655479932599535 ], [ 76.788329686375576, 11.655431274283554 ], [ 76.788329983864813, 11.655428178201552 ], [ 76.788329984404243, 11.655428172589893 ], [ 76.788266536088656, 11.65535590387659 ], [ 76.788543435157692, 11.65320766002781 ], [ 76.787739473771879, 11.652922102190809 ], [ 76.787110210130535, 11.652698592469358 ], [ 76.785808458500185, 11.652236215523651 ], [ 76.779130623240022, 11.649864150123614 ], [ 76.764925358707529, 11.644735857745259 ], [ 76.762289394879957, 11.645639162944345 ], [ 76.760995990954541, 11.646078985535294 ], [ 76.760809286555158, 11.646142495851098 ], [ 76.753870317113709, 11.648502769244521 ], [ 76.750420447346713, 11.650143536959485 ], [ 76.75107666796859, 11.651146906362367 ], [ 76.756877430698509, 11.664202709907427 ], [ 76.757068910791958, 11.664633647369344 ], [ 76.758142614431378, 11.667050052090124 ], [ 76.758538773039135, 11.667941607081852 ], [ 76.759010714550342, 11.669003699405316 ], [ 76.760829667537294, 11.668826100449387 ], [ 76.760598742918859, 11.669628700771687 ], [ 76.756964612479564, 11.680023134922179 ], [ 76.756617809192548, 11.680008314718995 ], [ 76.756617656918337, 11.680008777199147 ], [ 76.756333262438886, 11.680872526169093 ], [ 76.755855696917479, 11.682322954161277 ], [ 76.755821518730102, 11.682426756915127 ], [ 76.755420523334735, 11.683644619224756 ], [ 76.755350661707269, 11.683856796226502 ], [ 76.755194545470005, 11.684330934299753 ], [ 76.754353272240635, 11.686880131121129 ], [ 76.754347076318339, 11.686898863044144 ], [ 76.75431743434946, 11.686988508097778 ], [ 76.754030413806504, 11.687856514741686 ], [ 76.754020846968416, 11.68801844479494 ], [ 76.754011855381464, 11.688170640126019 ], [ 76.753987363837382, 11.688585178277739 ], [ 76.753681727146883, 11.689270549139119 ], [ 76.753568499785445, 11.689538455801689 ], [ 76.751238314099751, 11.69427243633473 ], [ 76.751024473290485, 11.694876127585816 ], [ 76.751191247615338, 11.695905904404194 ], [ 76.75124510419127, 11.696360942849269 ], [ 76.751148288327897, 11.696938947284139 ], [ 76.751135665281495, 11.696956969058427 ], [ 76.751132949947262, 11.696960844683883 ], [ 76.751068910168215, 11.697052271783074 ], [ 76.751064378102654, 11.697079232258552 ], [ 76.751042459432284, 11.697110577443681 ], [ 76.751039932311741, 11.697114337115005 ], [ 76.750965822871635, 11.697224506179692 ], [ 76.750898105668142, 11.69732041948631 ], [ 76.750893511913375, 11.697326926282601 ], [ 76.750765019366241, 11.697508918685198 ], [ 76.750755394553124, 11.697522550548053 ], [ 76.75035066078658, 11.698095802123154 ], [ 76.750311143175153, 11.698151773969553 ], [ 76.749909695975859, 11.698720367722379 ], [ 76.749886620723913, 11.69875304833897 ], [ 76.74996681634012, 11.699381902269899 ], [ 76.750070960828921, 11.700031709741172 ], [ 76.750076068244667, 11.700063566929567 ], [ 76.750228981915981, 11.70133391718168 ], [ 76.75035860608449, 11.701318388464848 ], [ 76.750363407709187, 11.701338477500707 ], [ 76.750367271205207, 11.701337218521358 ], [ 76.750372617294701, 11.70136238487402 ], [ 76.750399760032138, 11.70149018205281 ], [ 76.750400496547869, 11.701493649771953 ], [ 76.750609827232211, 11.702369447421317 ], [ 76.750340022815138, 11.702410759969062 ], [ 76.750209823736867, 11.702430695313081 ], [ 76.750197837800258, 11.702433245068447 ], [ 76.749795552642894, 11.702518820946326 ], [ 76.749606230979751, 11.70255909353231 ], [ 76.749591135218878, 11.702562304398304 ], [ 76.7495837306315, 11.702647691433334 ], [ 76.749490290699669, 11.703779454584621 ], [ 76.749474555829693, 11.704070016961733 ], [ 76.74947441531009, 11.704072614016143 ], [ 76.749472736295331, 11.70410361410274 ], [ 76.749844730048508, 11.704223222503316 ], [ 76.749908436095083, 11.70424370601329 ], [ 76.74995443182317, 11.704846655466032 ], [ 76.749961413340586, 11.704938167584608 ], [ 76.749987411535926, 11.705325227898234 ], [ 76.750014401531558, 11.705727034884815 ], [ 76.74997207693896, 11.705736292287591 ], [ 76.749972916863456, 11.705751285043942 ], [ 76.749870839827025, 11.705772580571631 ], [ 76.749883379418463, 11.706046149462557 ], [ 76.749907053047025, 11.70656262694181 ], [ 76.74985506328926, 11.706560230008629 ], [ 76.749855618720147, 11.706576199651543 ], [ 76.749856090214877, 11.706589767135407 ], [ 76.749796307628458, 11.706586355561512 ], [ 76.749772908412979, 11.706585008173473 ], [ 76.749777611965953, 11.706644187208514 ], [ 76.749797403820963, 11.706893207058879 ], [ 76.750163035203101, 11.706923620910596 ], [ 76.750214281165967, 11.707575541178876 ], [ 76.750260688287341, 11.70774727267232 ], [ 76.750333980406424, 11.708018488702917 ], [ 76.750364231807382, 11.708074703258672 ], [ 76.750474858650492, 11.708280284483299 ], [ 76.75049979488351, 11.708326623115655 ], [ 76.750584658313898, 11.708434853491367 ], [ 76.750876035474249, 11.708610351140504 ], [ 76.750989208747924, 11.709392418831154 ], [ 76.751133620707492, 11.709667604636454 ], [ 76.751497184360176, 11.711811144410982 ], [ 76.751572656048339, 11.712326871205645 ], [ 76.751807092010267, 11.713301850921802 ], [ 76.751951501523621, 11.713692281648644 ], [ 76.75189501859731, 11.713724220851722 ], [ 76.751895034374229, 11.713724262420071 ], [ 76.751891018152619, 11.713726482969211 ], [ 76.751872927835521, 11.713736712437637 ], [ 76.751872374818575, 11.713736790776732 ], [ 76.751816740572011, 11.713767550677499 ], [ 76.751217408907479, 11.713849504708355 ], [ 76.750717188923161, 11.713905335145787 ], [ 76.750534848708085, 11.713937317966138 ], [ 76.750533258149204, 11.713938038740284 ], [ 76.750404188983822, 11.713997839309442 ], [ 76.75055856427042, 11.715377544016475 ], [ 76.750491797802439, 11.715385540234399 ], [ 76.750497877559923, 11.715442218845874 ], [ 76.750356801092977, 11.715550015450649 ], [ 76.750024658270945, 11.715535683643312 ], [ 76.749800123741949, 11.715558126923446 ], [ 76.749809795047526, 11.715876322134047 ], [ 76.749826733159836, 11.716433649078057 ], [ 76.750001892672529, 11.717545907662124 ], [ 76.750005513209175, 11.71755460338318 ], [ 76.750062226255793, 11.717582256961604 ], [ 76.750288609372987, 11.717484883882419 ], [ 76.751018752727916, 11.71743038295784 ], [ 76.751613465225631, 11.717385090708619 ], [ 76.751612002510555, 11.717405271318729 ], [ 76.751651271675911, 11.717402108800615 ], [ 76.751624352794636, 11.717750630553036 ], [ 76.751558252978867, 11.718606344577317 ], [ 76.75110101074948, 11.7195891049775 ], [ 76.751034343230131, 11.720023032686449 ], [ 76.751023164167535, 11.720800337790754 ], [ 76.750943686926419, 11.721392259606679 ], [ 76.750852743468414, 11.721351430777624 ], [ 76.749525159700241, 11.721538539422415 ], [ 76.749509058873954, 11.721540643784104 ], [ 76.749371713791305, 11.721558596633255 ], [ 76.748683522411156, 11.721648549678452 ], [ 76.747979475127323, 11.721740574981364 ], [ 76.747749769958489, 11.721770597977168 ], [ 76.747728131364283, 11.721775177689869 ], [ 76.747502193999907, 11.721836499965999 ], [ 76.747293411783232, 11.721977756439365 ], [ 76.747201260007074, 11.722007169389514 ], [ 76.746617017292508, 11.722237860769306 ], [ 76.746526640942861, 11.72227354515449 ], [ 76.746522005755097, 11.722275970885415 ], [ 76.746416056739491, 11.722330633415085 ], [ 76.746089042169132, 11.722319074539234 ], [ 76.746067337855422, 11.722311605539753 ], [ 76.745890369873749, 11.72229198743058 ], [ 76.74528786027426, 11.72227362865938 ], [ 76.744900945731715, 11.722300707884141 ], [ 76.744632315389637, 11.722272096711613 ], [ 76.744143323235789, 11.722221058061306 ], [ 76.743835388513403, 11.722115999291439 ], [ 76.743786384643712, 11.722099333195562 ], [ 76.743342291073319, 11.721623660758372 ], [ 76.743292665955593, 11.721631938874621 ], [ 76.743261441774493, 11.721637145263399 ], [ 76.742834572398309, 11.721699391741337 ], [ 76.742588699695446, 11.721751352682649 ], [ 76.741943383038119, 11.721878051898829 ], [ 76.741965885806493, 11.722366723123047 ], [ 76.742007262650972, 11.723265278927137 ], [ 76.742038242114447, 11.723938068113737 ], [ 76.742025036406076, 11.723940419954845 ], [ 76.742025217542334, 11.723944247426418 ], [ 76.741772198231857, 11.7239873025925 ], [ 76.741774929859545, 11.72400431000619 ], [ 76.741830837212646, 11.724352543237485 ], [ 76.74203612010875, 11.725631167236756 ], [ 76.742036123893115, 11.725631189185471 ], [ 76.742036123635174, 11.725631189201335 ], [ 76.742045114348059, 11.725687188709781 ], [ 76.741663588591152, 11.725710129193534 ], [ 76.741656424887452, 11.725712254661989 ], [ 76.740813900340598, 11.725962252493002 ], [ 76.740847817026676, 11.72613139783979 ], [ 76.741066772570903, 11.727570405478028 ], [ 76.741076653811376, 11.727641351291929 ], [ 76.741143397694756, 11.728290180077689 ], [ 76.741160376519403, 11.728455226656523 ], [ 76.741172439994173, 11.728572470581932 ], [ 76.741189941658362, 11.728720437859035 ], [ 76.741212918582661, 11.72891468500929 ], [ 76.741226399598006, 11.729028648713671 ], [ 76.741308182644346, 11.729722579712627 ], [ 76.741291245689553, 11.729725695866739 ], [ 76.741295597315101, 11.729766514287061 ], [ 76.741282230300556, 11.729897895568284 ], [ 76.741263778519595, 11.730079147313505 ], [ 76.740871277165326, 11.733986635944264 ], [ 76.740626955512766, 11.735004072688183 ], [ 76.740568371132866, 11.735261307111958 ], [ 76.740350825591861, 11.735451800452807 ], [ 76.740265645910682, 11.736142986879788 ], [ 76.740262094984089, 11.736174454016897 ], [ 76.740223542391561, 11.736543024169674 ], [ 76.740190685590193, 11.736885267658014 ], [ 76.740202272140422, 11.736940483016356 ], [ 76.740202873647291, 11.736943364826384 ], [ 76.740210357766315, 11.736979117375791 ], [ 76.740243194217001, 11.737136641228668 ], [ 76.740311618688978, 11.737468261806002 ], [ 76.740415336119582, 11.737854206593957 ], [ 76.740451348068902, 11.738015427262413 ], [ 76.740540229952657, 11.738415747749714 ], [ 76.740542260781055, 11.738510468730764 ], [ 76.740611056487211, 11.738712058897338 ], [ 76.740649943972258, 11.738826387521126 ], [ 76.740826278347768, 11.739108348831282 ], [ 76.740892484024101, 11.739253394164791 ], [ 76.741147022774783, 11.739855312399191 ], [ 76.741223660723477, 11.74007601142347 ], [ 76.741247342254482, 11.740144397019911 ], [ 76.74140075618665, 11.740222659552396 ], [ 76.741468072782766, 11.740256990547941 ], [ 76.741531417651743, 11.740690276531613 ], [ 76.741560654090065, 11.740733701256715 ], [ 76.741753898788133, 11.740946725818471 ], [ 76.742811433923876, 11.741250957016597 ], [ 76.742993833439911, 11.74141281248156 ], [ 76.743038915769205, 11.741452735067801 ], [ 76.743046654674146, 11.741510985695012 ], [ 76.743065097395657, 11.741649817673997 ], [ 76.743098424239676, 11.742192219733667 ], [ 76.743132449718232, 11.742947307761328 ], [ 76.743132238106611, 11.742996248109165 ], [ 76.743132104264745, 11.742998014376868 ], [ 76.743098313242214, 11.74301584709789 ], [ 76.742924657480458, 11.743107493613165 ], [ 76.74292820760455, 11.743135796905111 ], [ 76.743044936185754, 11.744666614449544 ], [ 76.743043404063073, 11.744688924707216 ], [ 76.743035204142416, 11.744808081663383 ], [ 76.743031454650549, 11.744862484589801 ], [ 76.743089255974624, 11.746303656063423 ], [ 76.743059155309354, 11.746603117579051 ], [ 76.742963879797614, 11.747542456950463 ], [ 76.742865514654468, 11.747552552734261 ], [ 76.741188443421649, 11.747718215976992 ], [ 76.741045270526726, 11.747731848654386 ], [ 76.741074183990975, 11.748386531192059 ], [ 76.741119206109047, 11.749383952986685 ], [ 76.740126267518448, 11.749422494446678 ], [ 76.739783848457208, 11.749452907498773 ], [ 76.739774586173908, 11.749453733228213 ], [ 76.736662816341564, 11.756424970478131 ], [ 76.736667020177308, 11.756426911928843 ], [ 76.7376874564997, 11.756611899948881 ], [ 76.739231505201019, 11.756899635886601 ], [ 76.740822959000425, 11.757192804907637 ], [ 76.742170642754886, 11.757423334021379 ], [ 76.74217999963345, 11.757424819048477 ], [ 76.743463204901644, 11.75759787886599 ], [ 76.744821421298411, 11.757819245624271 ], [ 76.745909440409179, 11.758067292103629 ], [ 76.746062607419461, 11.758106117761793 ], [ 76.746342748884601, 11.758156564978185 ], [ 76.746485027235721, 11.758182186453837 ], [ 76.746423884642397, 11.759110851943205 ], [ 76.74643588188647, 11.759152047259514 ], [ 76.746518231118273, 11.7594348189382 ], [ 76.746568993356078, 11.759606976719704 ], [ 76.746760672587413, 11.760362512016616 ], [ 76.746806939217194, 11.760544877930997 ], [ 76.746913996485318, 11.760911409341745 ], [ 76.74691762324909, 11.760919000327853 ], [ 76.746916879481958, 11.760922386620402 ], [ 76.746802630284677, 11.761413525942807 ], [ 76.746513122769585, 11.762689396803779 ], [ 76.746435047020725, 11.762995719259653 ], [ 76.746430960302618, 11.763040725641003 ], [ 76.746389088020948, 11.763188804954778 ], [ 76.746306557654862, 11.763678516629014 ], [ 76.746264655821562, 11.764609804423904 ], [ 76.746240178465115, 11.765153798395241 ], [ 76.746208956825512, 11.765847674170397 ], [ 76.746188933045815, 11.766292673743852 ], [ 76.746181199916194, 11.766464543351043 ], [ 76.748126837509986, 11.767626451674873 ], [ 76.749504440052164, 11.768446086159809 ], [ 76.750917984849806, 11.769299641953813 ], [ 76.752535519996059, 11.770271454364872 ], [ 76.754166253134443, 11.771247446851529 ], [ 76.754326974382479, 11.771343016841977 ], [ 76.755226455160027, 11.77217419278908 ], [ 76.755315521740471, 11.772614394085029 ], [ 76.754884057253662, 11.785588192569376 ], [ 76.754894215026056, 11.785766171387897 ], [ 76.754929760367091, 11.786388918729974 ], [ 76.754932767538151, 11.7864415739915 ], [ 76.754925165867292, 11.786534714377286 ], [ 76.754898752389209, 11.786858491644564 ], [ 76.754880530724407, 11.787081791955796 ], [ 76.754834424938934, 11.787646946067641 ], [ 76.7548313147133, 11.78770213940456 ], [ 76.754775964383612, 11.7886845908445 ], [ 76.754792665679147, 11.788976434669188 ], [ 76.754733154543587, 11.789121825006635 ], [ 76.754567562448912, 11.789526376990475 ], [ 76.754506004698641, 11.789676767080325 ], [ 76.75433900125725, 11.79012254200377 ], [ 76.754272908316281, 11.79024077088822 ], [ 76.754198112454247, 11.790374568104911 ], [ 76.754009103009693, 11.790712673612365 ], [ 76.753995846966333, 11.790738425533817 ], [ 76.753989779832381, 11.79074723946535 ], [ 76.753980911415056, 11.790763103544245 ], [ 76.753947871859111, 11.790808120601325 ], [ 76.753871151292216, 11.790919575174296 ], [ 76.753860555234525, 11.790929604858041 ], [ 76.75385453139701, 11.790935298851448 ], [ 76.75385124097221, 11.79093978212118 ], [ 76.753840386312291, 11.790949544922059 ], [ 76.753821235085042, 11.790966771974764 ], [ 76.753730525752516, 11.791052514384033 ], [ 76.753726505841797, 11.791051983519935 ], [ 76.753707221072858, 11.791069330697038 ], [ 76.752744569098667, 11.790932218217041 ], [ 76.752657551572355, 11.790909694221957 ], [ 76.752527794618146, 11.790883678967397 ], [ 76.752360568508095, 11.791208747119693 ], [ 76.752248204578279, 11.791862831850082 ], [ 76.752156148512739, 11.792019447966023 ], [ 76.75211265262466, 11.792346150045949 ], [ 76.752094039938925, 11.792873102687334 ], [ 76.752066912158071, 11.793669634828294 ], [ 76.752012318288067, 11.794073345977559 ], [ 76.752013237556724, 11.794301196540834 ], [ 76.751973073986903, 11.794337134153333 ], [ 76.751970807095319, 11.794404419145801 ], [ 76.751963098768528, 11.794636746841302 ], [ 76.751957170348547, 11.794819318554305 ], [ 76.75196117374702, 11.795009039086787 ], [ 76.75194175038888, 11.795497703962893 ], [ 76.751938953047699, 11.79557031655477 ], [ 76.751944926113453, 11.796219998635024 ], [ 76.751934198792469, 11.797056375722715 ], [ 76.751928474454374, 11.797124205401978 ], [ 76.751898089043777, 11.797489487347844 ], [ 76.751815518863452, 11.798552329975777 ], [ 76.752046582304004, 11.798628985955533 ], [ 76.752038149891618, 11.799596690734374 ], [ 76.751958237890165, 11.799876375296929 ], [ 76.751909028123265, 11.799901863277181 ], [ 76.751908371334181, 11.799904351036529 ], [ 76.751736357628715, 11.799991297193104 ], [ 76.751567300225759, 11.80007885972428 ], [ 76.751205984844603, 11.800319178240391 ], [ 76.751138047116413, 11.800423815379279 ], [ 76.751109658927049, 11.800427606516486 ], [ 76.751104998836695, 11.800434974056026 ], [ 76.750956456761244, 11.800451709202063 ], [ 76.750746456195827, 11.800443604025773 ], [ 76.750578154410846, 11.800437107892666 ], [ 76.750550655564254, 11.800436637028335 ], [ 76.750550212379551, 11.800436029382688 ], [ 76.750524727326052, 11.800435045707442 ], [ 76.749885033909081, 11.799556117248397 ], [ 76.749762914449548, 11.799456298495283 ], [ 76.749380606776541, 11.799143804528734 ], [ 76.749161651450777, 11.799195288995417 ], [ 76.749160328473437, 11.79919559905802 ], [ 76.748844361740836, 11.799269729592488 ], [ 76.748727810522695, 11.799211047067406 ], [ 76.748559710190435, 11.799126257771848 ], [ 76.748268783938599, 11.798979044736358 ], [ 76.748028752596923, 11.798831105355641 ], [ 76.747735058058026, 11.799791598790499 ], [ 76.747847953526744, 11.800462629505937 ], [ 76.747900253053515, 11.801084711964585 ], [ 76.748087994679736, 11.801549927508377 ], [ 76.747925551441639, 11.802499492908971 ], [ 76.747823730147701, 11.803306118788916 ], [ 76.747919272977668, 11.804776111889156 ], [ 76.747908676232896, 11.8048352916143 ], [ 76.747911202324204, 11.804863179717959 ], [ 76.747738831123371, 11.805783826954162 ], [ 76.74765927250067, 11.806228138629873 ], [ 76.747652712061964, 11.806350239298933 ], [ 76.747525064983009, 11.806936771614312 ], [ 76.747503522096821, 11.807220726809488 ], [ 76.74756356075666, 11.807606411230454 ], [ 76.747605521372904, 11.807875959878334 ], [ 76.747489077578351, 11.80812498025873 ], [ 76.747202914417954, 11.808736957767211 ], [ 76.747057907107063, 11.808961886828406 ], [ 76.746798157846101, 11.809153565804278 ], [ 76.74677644080073, 11.809155167373428 ], [ 76.746741187522261, 11.809179742319126 ], [ 76.746524117089663, 11.80919434616084 ], [ 76.746099719129134, 11.809134029103959 ], [ 76.745650057960418, 11.809333465556977 ], [ 76.745715309758907, 11.8094866250004 ], [ 76.745662527063786, 11.809504403037661 ], [ 76.745670883954958, 11.809525182664776 ], [ 76.745482701334282, 11.809594119970496 ], [ 76.74531572400862, 11.809702914632505 ], [ 76.745290669875402, 11.809719241373976 ], [ 76.745121190033259, 11.809784965681592 ], [ 76.744368980357464, 11.809998476318249 ], [ 76.743919542244072, 11.810137845713397 ], [ 76.743919698065667, 11.810161425418706 ], [ 76.743925470407973, 11.811036088575108 ], [ 76.743923190723294, 11.811303646205539 ], [ 76.743925410858111, 11.811491268464488 ], [ 76.743925969957374, 11.811504802802492 ], [ 76.743926140939024, 11.811508912982767 ], [ 76.743939304891072, 11.811827162310397 ], [ 76.743945680797424, 11.811981267165297 ], [ 76.743945818406786, 11.811984598332982 ], [ 76.743950147187547, 11.812089247209952 ], [ 76.743882701044342, 11.812070390250279 ], [ 76.743883442912903, 11.812088865800375 ], [ 76.742814312921013, 11.811783508105027 ], [ 76.741626450451932, 11.811674584575895 ], [ 76.741303088984992, 11.811669363430916 ], [ 76.740148963521946, 11.811650718632171 ], [ 76.740106092883551, 11.811644330473401 ], [ 76.740064364705773, 11.811644590046205 ], [ 76.739900007522778, 11.811622903706505 ], [ 76.739860801556944, 11.811617705197483 ], [ 76.73979644723768, 11.811633597386919 ], [ 76.73936751362875, 11.811739520601526 ], [ 76.739328481352842, 11.811734207595492 ], [ 76.739297988708302, 11.81174206433799 ], [ 76.738751161697053, 11.8116725336013 ], [ 76.738319856799905, 11.811615992614387 ], [ 76.738154950610763, 11.811553832743682 ], [ 76.738093879001326, 11.811808327675276 ], [ 76.738218574049668, 11.812517278942577 ], [ 76.738661022568039, 11.815032757741452 ], [ 76.738622144185285, 11.815601691063803 ], [ 76.73862825185104, 11.815939114299759 ], [ 76.738710610247907, 11.816142578267565 ], [ 76.739161742926967, 11.816255407339298 ], [ 76.739174124166382, 11.81625497101974 ], [ 76.739235014558048, 11.816252408437251 ], [ 76.739380389487422, 11.816217741216722 ], [ 76.739421615158406, 11.816220162502299 ], [ 76.739431271373988, 11.816217939348643 ], [ 76.739518238480215, 11.816223539972498 ], [ 76.73957051661769, 11.816300573870533 ], [ 76.739619458565443, 11.816520217834231 ], [ 76.739647900285036, 11.81650559834654 ], [ 76.739655609811592, 11.816501634225181 ], [ 76.739696191559574, 11.816499110731268 ], [ 76.73969993926498, 11.816497211600401 ], [ 76.740820525140307, 11.816428765990871 ], [ 76.740987860708856, 11.816404097768109 ], [ 76.741371170412293, 11.816347700889475 ], [ 76.741827108165324, 11.816285982894035 ], [ 76.741878593037171, 11.816279238954191 ], [ 76.741878774744052, 11.816280091386279 ], [ 76.74189943673754, 11.816277379988634 ], [ 76.741950023105105, 11.816535803404532 ], [ 76.741990662953299, 11.816658123581107 ], [ 76.74211080342485, 11.816740466246463 ], [ 76.742434968441444, 11.81700953448062 ], [ 76.742517378693847, 11.81705892665488 ], [ 76.742690278194644, 11.817070556203506 ], [ 76.742691741385812, 11.817119240180245 ], [ 76.742699988328624, 11.817252624679103 ], [ 76.742703100325699, 11.817300268918492 ], [ 76.742718796874044, 11.817540635284269 ], [ 76.744309073673378, 11.817465903044763 ], [ 76.744358689866829, 11.817463571514514 ], [ 76.744305519684346, 11.817751570231236 ], [ 76.744301590050668, 11.817972681335359 ], [ 76.744301537502395, 11.81797568643406 ], [ 76.744394270554508, 11.818111161396587 ], [ 76.744462808085245, 11.81821128814545 ], [ 76.744522272761884, 11.818315983211141 ], [ 76.744779097474847, 11.818316495747151 ], [ 76.745075934961761, 11.818361219016465 ], [ 76.745447173418142, 11.818469910893167 ], [ 76.746110165667588, 11.818677662113455 ], [ 76.74606357327977, 11.818722700880189 ], [ 76.74610355017451, 11.818735655873006 ], [ 76.74605718082374, 11.81878482830632 ], [ 76.746018143724953, 11.818914435465432 ], [ 76.745963421630961, 11.819095990773768 ], [ 76.745991354826515, 11.819128574613412 ], [ 76.746176192821991, 11.819344184484457 ], [ 76.746618087141286, 11.819546277594808 ], [ 76.746652873104352, 11.819562186630224 ], [ 76.746614820102579, 11.819864330766942 ], [ 76.746602409178706, 11.819962869465256 ], [ 76.74666951042397, 11.820055090142658 ], [ 76.746662685616982, 11.82032650083042 ], [ 76.746640140154838, 11.821223629953973 ], [ 76.746546207127892, 11.822121038378656 ], [ 76.746551599412072, 11.822651109652622 ], [ 76.746632113310781, 11.823370060727035 ], [ 76.746712438228897, 11.824087319730474 ], [ 76.747000012128467, 11.825540586013865 ], [ 76.747149269020298, 11.826294864928158 ], [ 76.747340628547377, 11.82774395971196 ], [ 76.747343336328413, 11.827744067697617 ], [ 76.748366846646505, 11.82765275372412 ], [ 76.748368588807537, 11.827666440731111 ], [ 76.748460584981473, 11.827657943250554 ], [ 76.748585261927957, 11.828737497181352 ], [ 76.748596885590786, 11.828838147608822 ], [ 76.748598461639631, 11.828851795844596 ], [ 76.74852121808776, 11.828854238405604 ], [ 76.748522437946605, 11.828862902310913 ], [ 76.747232453998762, 11.828904460641045 ], [ 76.747163255255685, 11.828856518594664 ], [ 76.747163233932284, 11.828856520325809 ], [ 76.746404379298554, 11.828940215422023 ], [ 76.746298297127353, 11.828956284718599 ], [ 76.745975660071082, 11.829005153987429 ], [ 76.745656569823737, 11.829053484009082 ], [ 76.745312479085044, 11.829105604161999 ], [ 76.745327526293792, 11.829193087484722 ], [ 76.745321416005908, 11.82919357796829 ], [ 76.745572763723416, 11.830946305345202 ], [ 76.745576841379133, 11.830974740603679 ], [ 76.745262098049125, 11.830971926455685 ], [ 76.744981753542234, 11.831007534771667 ], [ 76.744375601565565, 11.831044732976746 ], [ 76.74436533972829, 11.830990350925033 ], [ 76.744267935664396, 11.830995689874745 ], [ 76.744253717993075, 11.830919038081657 ], [ 76.744138848771783, 11.830294604104559 ], [ 76.74384577359433, 11.830310742381014 ], [ 76.743823223391843, 11.830259888356732 ], [ 76.743746027119712, 11.830263531481366 ], [ 76.743665491446762, 11.830079676839306 ], [ 76.743550925990988, 11.829921383009022 ], [ 76.743499877178436, 11.829850963010529 ], [ 76.743082956372433, 11.829909899036085 ], [ 76.742155608596619, 11.830040980167718 ], [ 76.74202596309118, 11.829995756574238 ], [ 76.741997965079733, 11.829985992163019 ], [ 76.74198699136133, 11.829982161668939 ], [ 76.741978820945221, 11.829955677895358 ], [ 76.741940828551378, 11.829942416752619 ], [ 76.741930175638885, 11.82993870402729 ], [ 76.741200457109528, 11.830154195886241 ], [ 76.741074760572417, 11.830137443275678 ], [ 76.740698257275298, 11.830293774504069 ], [ 76.740543403543711, 11.830358072015388 ], [ 76.740493208529415, 11.830294719379346 ], [ 76.740474179602842, 11.830302723105969 ], [ 76.74033120284605, 11.830128392556421 ], [ 76.739600435930996, 11.829848728304434 ], [ 76.739232991795788, 11.8299139890385 ], [ 76.738945415101725, 11.829889477037945 ], [ 76.738563795965959, 11.829888176907144 ], [ 76.738342618947797, 11.829886215027377 ], [ 76.738310115078221, 11.829823814608218 ], [ 76.738205370878106, 11.82971410491505 ], [ 76.73808687238008, 11.829233314658421 ], [ 76.738070020016906, 11.829079043138025 ], [ 76.737928603928466, 11.828839828019284 ], [ 76.73771959685044, 11.828484526428085 ], [ 76.737706371530976, 11.828390897794987 ], [ 76.737763123824195, 11.828397738463547 ], [ 76.737810051228607, 11.828393835175273 ], [ 76.737808301766023, 11.828381904433753 ], [ 76.737866017087057, 11.828388665056526 ], [ 76.737883275604517, 11.828387744579569 ], [ 76.738435720980874, 11.828341793741542 ], [ 76.738723353514047, 11.82830255963877 ], [ 76.738803880531933, 11.828326591478493 ], [ 76.738822604652043, 11.828324742943815 ], [ 76.739167421518815, 11.828435083745541 ], [ 76.739246438853399, 11.828458665047444 ], [ 76.739764015093513, 11.828236846285302 ], [ 76.740183526589064, 11.828093266232782 ], [ 76.740235410604583, 11.828007632621542 ], [ 76.740567201001852, 11.827769357498603 ], [ 76.740581887632473, 11.827696157412259 ], [ 76.740493516244058, 11.827292245805827 ], [ 76.74033117179971, 11.826926354906984 ], [ 76.740242909215738, 11.82682188994611 ], [ 76.740116489443764, 11.826672176889685 ], [ 76.740112491606368, 11.826667441784663 ], [ 76.739614372407232, 11.826527622435997 ], [ 76.739013262769248, 11.826634656285279 ], [ 76.738340008375147, 11.826754537925419 ], [ 76.737639111241407, 11.826692453517484 ], [ 76.737635425559418, 11.826692388407285 ], [ 76.73729306187866, 11.82665973487301 ], [ 76.737262729318473, 11.826685807506347 ], [ 76.737257670683277, 11.826685718255838 ], [ 76.736929962254578, 11.826898500901413 ], [ 76.737016184413548, 11.827446631866293 ], [ 76.737145001053577, 11.827729421877608 ], [ 76.737190843498908, 11.827982626893505 ], [ 76.737243506060238, 11.828273491843976 ], [ 76.737252509859502, 11.828316788217069 ], [ 76.737155238202106, 11.828305392105932 ], [ 76.737159499762953, 11.828326308904771 ], [ 76.736387784334795, 11.828237490704488 ], [ 76.736386062902085, 11.828281154482985 ], [ 76.736385800442463, 11.828287844539595 ], [ 76.736380415986162, 11.828347832190415 ], [ 76.736318732933881, 11.828324081986908 ], [ 76.736304890291194, 11.828320235650814 ], [ 76.736301474298571, 11.828361999654526 ], [ 76.736240640477106, 11.828338312936863 ], [ 76.735903714243761, 11.828244502971511 ], [ 76.73555017500486, 11.828095823072172 ], [ 76.735237808351229, 11.828114396866145 ], [ 76.734959237971395, 11.828074605068874 ], [ 76.734490583643762, 11.827887506771454 ], [ 76.734469272234222, 11.827804225272741 ], [ 76.734421418926132, 11.827734820144181 ], [ 76.734540278756043, 11.8271275112408 ], [ 76.734625695824548, 11.826703327373993 ], [ 76.734602312370129, 11.82619547216817 ], [ 76.734683123773081, 11.825541774673193 ], [ 76.734701861812468, 11.825069532259228 ], [ 76.734735371417088, 11.824645831184277 ], [ 76.73469764125467, 11.824655525490435 ], [ 76.733896507304863, 11.824853343392318 ], [ 76.732921631228251, 11.825131429696311 ], [ 76.73234984706184, 11.82541713763057 ], [ 76.731901972060427, 11.825479896287233 ], [ 76.73115228871302, 11.825536860078044 ], [ 76.730823239984275, 11.825615095696008 ], [ 76.73006815918329, 11.825630034241529 ], [ 76.729676654563164, 11.825519365359904 ], [ 76.729175042535104, 11.825419338654775 ], [ 76.728731508747941, 11.825383496115112 ], [ 76.728474163632583, 11.825404041023617 ], [ 76.728474368885017, 11.825454013063563 ], [ 76.728476758951345, 11.826038193882013 ], [ 76.728478591006379, 11.826486109973024 ], [ 76.728480097402738, 11.826854370170521 ], [ 76.728517650091973, 11.827491232505352 ], [ 76.728532430268942, 11.827741939048984 ], [ 76.728528108628339, 11.827775487310607 ], [ 76.728523467415258, 11.82781148366297 ], [ 76.728524308269385, 11.827834472830379 ], [ 76.728529627880079, 11.827979876571082 ], [ 76.728589796489047, 11.828890367456628 ], [ 76.728603059911663, 11.829139729051489 ], [ 76.728607541387305, 11.829223979778979 ], [ 76.72861019222573, 11.829480660401439 ], [ 76.728673781317084, 11.830273973931059 ], [ 76.728705491982709, 11.830669580303203 ], [ 76.728709207057889, 11.830969122464236 ], [ 76.728710020242019, 11.831034736687956 ], [ 76.728785293718445, 11.831329687986827 ], [ 76.728775354748478, 11.831875611709375 ], [ 76.728774502001556, 11.831922463339744 ], [ 76.72883022124546, 11.832278605076105 ], [ 76.728845410138845, 11.832375674769642 ], [ 76.728845512934825, 11.832377284113218 ], [ 76.728850969131869, 11.832463415444872 ], [ 76.728852892284166, 11.832493749986995 ], [ 76.72891709633565, 11.833365962372696 ], [ 76.728940638758914, 11.833804869687395 ], [ 76.729003578180311, 11.834472602641945 ], [ 76.728994383841737, 11.835071835998658 ], [ 76.728992763430213, 11.835177436763274 ], [ 76.728936196285389, 11.835182802354296 ], [ 76.728935956733139, 11.835191081493713 ], [ 76.72815312819894, 11.835268780354999 ], [ 76.728020006616234, 11.835282029431049 ], [ 76.727991057969916, 11.835328001980111 ], [ 76.727985306441482, 11.835337138206548 ], [ 76.72813301663156, 11.836060432602677 ], [ 76.728269329094445, 11.836727902011321 ], [ 76.728243376373996, 11.836825665477681 ], [ 76.728174648963957, 11.836828613721288 ], [ 76.72817264890287, 11.836835801694368 ], [ 76.727915807593675, 11.836850921528368 ], [ 76.727602670747075, 11.836842110915917 ], [ 76.727515843497201, 11.836889636480654 ], [ 76.727480113237903, 11.836896194625851 ], [ 76.727457162058514, 11.836909066956379 ], [ 76.727003442630021, 11.836997947382976 ], [ 76.726917917105624, 11.83702631794781 ], [ 76.726860951274801, 11.837025808925286 ], [ 76.726611860547123, 11.837023565741212 ], [ 76.726253654808829, 11.83702044696242 ], [ 76.726173439134143, 11.837156151810278 ], [ 76.726150099607551, 11.837195635647497 ], [ 76.726131440416282, 11.837193678933458 ], [ 76.726111520858126, 11.837227061177185 ], [ 76.725654607657006, 11.837184315533973 ], [ 76.725235703566455, 11.837098600760008 ], [ 76.725087772576245, 11.837073031881848 ], [ 76.724653637149075, 11.836998179711236 ], [ 76.724196499950352, 11.836857873667258 ], [ 76.724054527877257, 11.836813892037537 ], [ 76.723998306490543, 11.836794824789406 ], [ 76.723881388776874, 11.836762643004729 ], [ 76.723304729744854, 11.836603702762014 ], [ 76.723189135301354, 11.836571788336521 ], [ 76.723172124994448, 11.836567089837667 ], [ 76.723088210446505, 11.836609515294443 ], [ 76.722963591578974, 11.836673431478959 ], [ 76.722730080187333, 11.836691536185233 ], [ 76.722639340227872, 11.836710966895033 ], [ 76.722582743572417, 11.836754679073413 ], [ 76.722566794838059, 11.836754862225003 ], [ 76.722548029953387, 11.836768706328662 ], [ 76.722094778329236, 11.836760282753822 ], [ 76.722055203814762, 11.836760737218427 ], [ 76.721449087908312, 11.836767695526877 ], [ 76.721019707194401, 11.836701409110795 ], [ 76.720503401062459, 11.836636558948653 ], [ 76.719759158403079, 11.836553710530637 ], [ 76.71964687644855, 11.836546930751444 ], [ 76.719644379910648, 11.83661029318748 ], [ 76.719618764442345, 11.83726055837541 ], [ 76.719604887111473, 11.837612835192063 ], [ 76.71960430749543, 11.837627571669751 ], [ 76.719755068074804, 11.838827688844242 ], [ 76.719759529828394, 11.838863189735724 ], [ 76.719788042552551, 11.840098013422171 ], [ 76.719788592809778, 11.840121873171595 ], [ 76.71975559340396, 11.840799513764832 ], [ 76.719777872897879, 11.841001331619227 ], [ 76.719793973986754, 11.841147172256765 ], [ 76.719874405895965, 11.841875702362477 ], [ 76.719900193797017, 11.842173712357587 ], [ 76.719930553683582, 11.842524510120429 ], [ 76.720027762103328, 11.843353576592273 ], [ 76.720071624526298, 11.843775905042612 ], [ 76.720065929058606, 11.843778961602814 ], [ 76.720021890935868, 11.843802595762865 ], [ 76.72001296754766, 11.843807384574259 ], [ 76.720015003765724, 11.843830357908512 ], [ 76.720009242975664, 11.843833535092784 ], [ 76.719964701262654, 11.843858088931668 ], [ 76.719952745972108, 11.843864672289371 ], [ 76.720171900800707, 11.844559716043037 ], [ 76.720302165613859, 11.844972900326786 ], [ 76.720220937720029, 11.845073357613909 ], [ 76.720178760406696, 11.845091223723406 ], [ 76.720141521127942, 11.845136240196222 ], [ 76.719497428704514, 11.845412442961075 ], [ 76.719494302509659, 11.845515038991904 ], [ 76.719551445854066, 11.846477098968649 ], [ 76.719409666913364, 11.846651044271226 ], [ 76.71942589059708, 11.846929481604178 ], [ 76.719380210853316, 11.847180885345381 ], [ 76.719366537774604, 11.847204209935207 ], [ 76.719364481569556, 11.847214556198315 ], [ 76.719311178645356, 11.847307420269797 ], [ 76.719289822481755, 11.847456380173636 ], [ 76.719213431703437, 11.847989261468298 ], [ 76.719138947153979, 11.848508835555135 ], [ 76.719124825784121, 11.848505097336261 ], [ 76.719112931167899, 11.84859373282454 ], [ 76.718999003419455, 11.848564165190215 ], [ 76.718876465728997, 11.849250122034455 ], [ 76.718865609595383, 11.849255099319299 ], [ 76.718851329043758, 11.849335203793133 ], [ 76.718738269331652, 11.849386875897862 ], [ 76.718737834650099, 11.84938780782057 ], [ 76.718685413571933, 11.849533685472277 ], [ 76.718525420569065, 11.850003967849942 ], [ 76.718522281765772, 11.850013186635202 ], [ 76.718513164592039, 11.850013020838356 ], [ 76.718489351207566, 11.85007928884975 ], [ 76.718486050730888, 11.85008833686104 ], [ 76.718380611860084, 11.850087084512971 ], [ 76.718373887466342, 11.850127421925871 ], [ 76.718347585809923, 11.85012965873638 ], [ 76.718334280889692, 11.850200948295345 ], [ 76.718227006423206, 11.850210260205863 ], [ 76.717135763227276, 11.850301966512733 ], [ 76.717122235899822, 11.850340109956701 ], [ 76.717091794228836, 11.850425948794785 ], [ 76.717057496680852, 11.850429630741575 ], [ 76.717046460542605, 11.850430815303937 ], [ 76.71702085816618, 11.850495603453369 ], [ 76.716985352858771, 11.85049913723261 ], [ 76.716108233395289, 11.850579968019575 ], [ 76.7162194170524, 11.851901683593532 ], [ 76.716253617252661, 11.852308223094013 ], [ 76.716259302775157, 11.852375808610207 ], [ 76.716282831797159, 11.852478323997399 ], [ 76.716283563898358, 11.852481514204079 ], [ 76.716650879553498, 11.854263889164578 ], [ 76.716614053864475, 11.854288687011252 ], [ 76.716611430045816, 11.854290453015787 ], [ 76.71663073808358, 11.854327084277282 ], [ 76.716944053034169, 11.854921494921786 ], [ 76.716894978636489, 11.854969870424853 ], [ 76.716826470801422, 11.855038355343657 ], [ 76.717084106639092, 11.855299501652857 ], [ 76.717116923074357, 11.855289875038032 ], [ 76.71738160301355, 11.855212291206152 ], [ 76.717467201643117, 11.855392929037286 ], [ 76.717471870506103, 11.855392530079229 ], [ 76.717477358383292, 11.855414350339521 ], [ 76.717512311164725, 11.855488045317561 ], [ 76.718220346204404, 11.855404618003686 ], [ 76.718241363090655, 11.855483004107551 ], [ 76.718254420693327, 11.855531673401469 ], [ 76.718367915510868, 11.855953787983591 ], [ 76.718574183574049, 11.85645797584397 ], [ 76.718871298194543, 11.856402796518827 ], [ 76.719210057536657, 11.85635244426622 ], [ 76.719705655115959, 11.856268051522507 ], [ 76.719775030088925, 11.856054560980718 ], [ 76.720297240869428, 11.8560053472854 ], [ 76.720367547489175, 11.855998807298601 ], [ 76.720473870383415, 11.85614768254052 ], [ 76.720583245016783, 11.856548788962215 ], [ 76.720693732288638, 11.856551966379667 ], [ 76.72075657781329, 11.856553795413243 ], [ 76.720870199883535, 11.857028466357493 ], [ 76.721768299224124, 11.856936111638014 ], [ 76.722111413919265, 11.856902156364267 ], [ 76.722193158954809, 11.857009652791469 ], [ 76.722559788674488, 11.856969606649894 ], [ 76.722681418254851, 11.856812418769449 ], [ 76.722719255329835, 11.856817082562007 ], [ 76.723558913705574, 11.856838046359101 ], [ 76.72365954499513, 11.856963705560949 ], [ 76.723675745008805, 11.857055925807312 ], [ 76.723738472879191, 11.857413689698431 ], [ 76.723809439269118, 11.857599774605289 ], [ 76.723964409755894, 11.858006391146262 ], [ 76.724028242904566, 11.858010828575093 ], [ 76.72489462639345, 11.858064147221977 ], [ 76.724921995917086, 11.858067969618629 ], [ 76.724937608158967, 11.858067281452996 ], [ 76.724946908233164, 11.858071440882213 ], [ 76.725085672015027, 11.858090679438343 ], [ 76.725100514140806, 11.85814007227963 ], [ 76.725137208537859, 11.85826227324327 ], [ 76.725138175004659, 11.858265497236246 ], [ 76.725388089298391, 11.858313179406748 ], [ 76.725413961767899, 11.858343399566605 ], [ 76.725809517075149, 11.858801042095791 ], [ 76.725912188080002, 11.859109554525556 ], [ 76.72608972701353, 11.85938337867646 ], [ 76.726122650060276, 11.859434202399274 ], [ 76.726191408366347, 11.859540392587947 ], [ 76.727390160848387, 11.859406423817425 ], [ 76.727511317297441, 11.859393015050674 ], [ 76.727531604673914, 11.859590963423337 ], [ 76.727911294457172, 11.859928192877643 ], [ 76.728056228801492, 11.859887428285568 ], [ 76.728092494571172, 11.860095090643478 ], [ 76.728094181761492, 11.860097040142865 ], [ 76.728778330591226, 11.860887828645538 ], [ 76.72880124345744, 11.860914338527381 ], [ 76.728984672459461, 11.860972004504191 ], [ 76.72948255892274, 11.860897069796446 ], [ 76.729961587561689, 11.861086411511494 ], [ 76.730382971660589, 11.861121257972 ], [ 76.730485706767567, 11.861129770537918 ], [ 76.730607626552455, 11.861135470989389 ], [ 76.730611004591694, 11.861486663351267 ], [ 76.730555267734573, 11.861851584282872 ], [ 76.730518462484056, 11.86209204598452 ], [ 76.730590525342706, 11.86257608465189 ], [ 76.730751976443557, 11.863278789315338 ], [ 76.730806119724861, 11.863518197366952 ], [ 76.731105298815734, 11.864449248822369 ], [ 76.73116620509154, 11.864536369209153 ], [ 76.731220702224277, 11.864509387613483 ], [ 76.732099416855704, 11.864327032066011 ], [ 76.732137170282826, 11.864319151508298 ], [ 76.732156426448938, 11.864315131162808 ], [ 76.732252327393681, 11.865171824074299 ], [ 76.732280174508773, 11.865415737108856 ], [ 76.73238988411282, 11.866356196239515 ], [ 76.732269960168196, 11.867074372761646 ], [ 76.732260491624274, 11.867131387872547 ], [ 76.732186384322688, 11.867585349075476 ], [ 76.732199062145028, 11.868192817227836 ], [ 76.732174896147626, 11.868548368652506 ], [ 76.732172644260913, 11.869127737138182 ], [ 76.732177254805521, 11.869160221846553 ], [ 76.732212437839877, 11.869407488750154 ], [ 76.733307685882181, 11.869403679160555 ], [ 76.733635252535166, 11.869416070112905 ], [ 76.733768807095473, 11.869390990551421 ], [ 76.735781486276736, 11.869329591494436 ], [ 76.735933719802532, 11.869333734437609 ], [ 76.736167658013713, 11.869339943763419 ], [ 76.736972623955793, 11.869312347267631 ], [ 76.739463305535992, 11.869408322937739 ], [ 76.740222975069216, 11.869435363792936 ], [ 76.741089845017981, 11.869550467266803 ], [ 76.741874303006966, 11.869599466383139 ], [ 76.742013832387471, 11.869607526121355 ], [ 76.742498428431844, 11.869596976495311 ], [ 76.742567071993719, 11.869595438848226 ], [ 76.743422878364925, 11.869620277529439 ], [ 76.743493906896063, 11.869622730402567 ], [ 76.744359712305211, 11.869619422113381 ], [ 76.744412082234433, 11.869620294944381 ], [ 76.744528468087239, 11.869934467048655 ], [ 76.744864610554188, 11.869924887128844 ], [ 76.745566666866281, 11.870105659209063 ], [ 76.746133266189489, 11.870194128353749 ], [ 76.746954105358768, 11.870320234687197 ], [ 76.747046968907242, 11.870334040136971 ], [ 76.747072294338849, 11.87035017118102 ], [ 76.747102420993357, 11.870369369517681 ], [ 76.74717046985711, 11.870412783792615 ], [ 76.747230256593554, 11.870450979026002 ], [ 76.747280052235126, 11.870482826920878 ], [ 76.74863725591824, 11.870432917657347 ], [ 76.74872518045899, 11.870429670072603 ], [ 76.748902932879915, 11.87039753491209 ], [ 76.749002288322629, 11.870407652068639 ], [ 76.749211093722423, 11.870428998963273 ], [ 76.749399361549592, 11.870460812262186 ], [ 76.750081716902628, 11.870532881359136 ], [ 76.750926463381461, 11.870621532267311 ], [ 76.751219796468931, 11.870624944785485 ], [ 76.751818757609229, 11.870631973849145 ], [ 76.752707499679929, 11.870579802149468 ], [ 76.75270896854262, 11.870579721630396 ], [ 76.752917946035609, 11.870568683112198 ], [ 76.753835643951192, 11.870511721814907 ], [ 76.753974790072803, 11.870502762735084 ], [ 76.754958023303374, 11.870473898413005 ], [ 76.755020975497771, 11.870472948980165 ], [ 76.755842893171916, 11.870453068516705 ], [ 76.755878937222704, 11.870450897534903 ], [ 76.756955488215723, 11.870378710422942 ], [ 76.757045861277987, 11.870407320312452 ], [ 76.757158829787812, 11.870443312447017 ], [ 76.757174271110316, 11.870529053337405 ], [ 76.757338395696792, 11.871901828707919 ], [ 76.757416938046376, 11.87188303081513 ], [ 76.757422180075878, 11.871912042296591 ], [ 76.757845212581074, 11.871845531309065 ], [ 76.757852686095276, 11.87184437929845 ], [ 76.757868074973601, 11.872009218273618 ], [ 76.757943952413683, 11.872723175211286 ], [ 76.757962116671976, 11.872992483201669 ], [ 76.757951045521281, 11.873085990229512 ], [ 76.757963174105299, 11.873457308152691 ], [ 76.758032990698439, 11.8739913478679 ], [ 76.758048436854011, 11.87410794508374 ], [ 76.758133337703228, 11.874827278366823 ], [ 76.758144668941227, 11.874892123553455 ], [ 76.758170301080554, 11.875090450783366 ], [ 76.758207223000667, 11.875392935509852 ], [ 76.758287277099811, 11.875883006209641 ], [ 76.758296222824896, 11.875979719758709 ], [ 76.758327512589602, 11.87632470090476 ], [ 76.758462020833818, 11.877268569224526 ], [ 76.758584980992126, 11.877951713015122 ], [ 76.758620994868195, 11.877944273725561 ], [ 76.758615067951268, 11.877911987703923 ], [ 76.759537138800539, 11.877753957983021 ], [ 76.760123217085749, 11.877630911672194 ], [ 76.760390861755852, 11.877577625837485 ], [ 76.76042697221466, 11.877567519742612 ], [ 76.761529587832783, 11.87726649163808 ], [ 76.761534417867196, 11.8772620059435 ], [ 76.761589603930744, 11.877210777492905 ], [ 76.761667175334679, 11.877188123528276 ], [ 76.763470400676908, 11.876721261841906 ], [ 76.76343825217667, 11.876600473024913 ], [ 76.763533245147926, 11.876579139016565 ], [ 76.763832211101359, 11.876511833244601 ], [ 76.764955286307313, 11.876257350577557 ], [ 76.765077335233954, 11.876229524858188 ], [ 76.765207057660618, 11.876207797119486 ], [ 76.765558794171369, 11.876148747517057 ], [ 76.76617336950757, 11.876093851722398 ], [ 76.767486055124181, 11.875972418392767 ], [ 76.767592080926377, 11.87596215165229 ], [ 76.768502137119313, 11.875874022070898 ], [ 76.769609451104301, 11.875802722595653 ], [ 76.769730639901496, 11.875803453383126 ], [ 76.769856835468275, 11.875804214229804 ], [ 76.770028784062575, 11.875805250702554 ], [ 76.770787065172868, 11.87563877196245 ], [ 76.771016874188234, 11.875686120663216 ], [ 76.77114676011027, 11.875712881586846 ], [ 76.771207270703229, 11.875725348854694 ], [ 76.771217262878196, 11.875635248827871 ], [ 76.771240340964582, 11.875628598496533 ], [ 76.771241656553926, 11.875617002501457 ], [ 76.772337988471307, 11.875295829704106 ], [ 76.772549404656715, 11.875233893975713 ], [ 76.772537826356668, 11.875173781787474 ], [ 76.772568853883058, 11.875170067970332 ], [ 76.772564692002334, 11.875147662743744 ], [ 76.773229275390534, 11.875065233374817 ], [ 76.773605495233426, 11.875018568245315 ], [ 76.774097544341842, 11.875013238003076 ], [ 76.774495140247083, 11.875001346805085 ], [ 76.774493441100105, 11.874964420642414 ], [ 76.774462897700474, 11.874293538358677 ], [ 76.774503523266716, 11.874276829119871 ], [ 76.774502432189294, 11.87424600104853 ], [ 76.774717360582088, 11.874155327984507 ], [ 76.775315808121363, 11.874137113570749 ], [ 76.775341747222626, 11.874136324116829 ], [ 76.775346599772007, 11.873801173538928 ], [ 76.775400554373604, 11.873793606095562 ], [ 76.775401962411706, 11.873735102522987 ], [ 76.776183532571864, 11.873611275096829 ], [ 76.776341172345624, 11.873596102608206 ], [ 76.776356708701186, 11.873401316400956 ], [ 76.776423461402473, 11.873254321974176 ], [ 76.77647144389779, 11.873246958188235 ], [ 76.776508922485348, 11.873157521796891 ], [ 76.777036197598605, 11.873082806386297 ], [ 76.77750289914141, 11.873016677885886 ], [ 76.778167658856674, 11.873007565641402 ], [ 76.779085164653793, 11.873019644138374 ], [ 76.779407337791781, 11.873120478725999 ], [ 76.77948261190798, 11.87308247846215 ], [ 76.779634195251546, 11.872997698580301 ], [ 76.779626292917456, 11.872935869692167 ], [ 76.779468212981442, 11.871699077703658 ], [ 76.77940827611252, 11.871228863005644 ], [ 76.779396246597514, 11.871134486407373 ], [ 76.779298022155245, 11.87041584762728 ], [ 76.779297714502377, 11.870414105476039 ], [ 76.779297685299198, 11.870413383089836 ], [ 76.779293633469337, 11.870383738716145 ], [ 76.779293361195073, 11.870306419609078 ], [ 76.7792858553005, 11.870120749563371 ], [ 76.779282205853107, 11.870031141845038 ], [ 76.779292391332774, 11.870031032332383 ], [ 76.77929226785605, 11.869995986463572 ], [ 76.78038789003719, 11.87001925370488 ], [ 76.780386366408791, 11.869952502463551 ], [ 76.780370133713276, 11.86898132697775 ], [ 76.780370132454294, 11.86898125338509 ], [ 76.780338317441007, 11.867770743781403 ], [ 76.780334684743167, 11.867726029518153 ], [ 76.780327511015031, 11.867637573058202 ], [ 76.780326665561446, 11.867630048520409 ], [ 76.780332800517257, 11.867630850563653 ], [ 76.78038402582591, 11.867629433591231 ], [ 76.780382033943525, 11.867584317367285 ], [ 76.780381471952467, 11.867576914885532 ], [ 76.780387561211739, 11.867577888061028 ], [ 76.780869165726301, 11.867580195904509 ], [ 76.780907712614635, 11.867577489890323 ], [ 76.781852996938269, 11.867511110775888 ], [ 76.781918067920472, 11.867506544401627 ], [ 76.782093835635649, 11.867614397257071 ], [ 76.782255893197828, 11.867633993046093 ], [ 76.782619230080144, 11.867649550838969 ], [ 76.782836984811439, 11.867575158652675 ], [ 76.782882759634646, 11.867559554529027 ], [ 76.783161631777531, 11.867390642478872 ], [ 76.783315982090386, 11.867214039223075 ], [ 76.78352844667242, 11.867116486244047 ], [ 76.783696622179022, 11.867108345821974 ], [ 76.783700974560944, 11.867112150325097 ], [ 76.783736225373559, 11.867110738243785 ], [ 76.783827620324615, 11.867194666202392 ], [ 76.783870843852071, 11.867182626675563 ], [ 76.784368888510073, 11.867103090399217 ], [ 76.785111667103479, 11.86678218886045 ], [ 76.785327624090115, 11.866702631806049 ], [ 76.785829436724555, 11.866551249306543 ], [ 76.786068520233613, 11.866479646827772 ], [ 76.786757825454288, 11.866232346373367 ], [ 76.78690198774035, 11.866181914864502 ], [ 76.787017818113455, 11.866151946773343 ], [ 76.787592315416475, 11.866002083552409 ], [ 76.788329848898897, 11.86585370763893 ], [ 76.788615412570508, 11.865738349573986 ], [ 76.788895324737794, 11.865726353794985 ], [ 76.790107582863286, 11.865678023125694 ], [ 76.791215389676452, 11.865712808993296 ], [ 76.792365575085668, 11.865638416170603 ], [ 76.793510169807817, 11.865563730404915 ], [ 76.793523542682237, 11.865562796983268 ], [ 76.793712438090012, 11.8655344400737 ], [ 76.793931058764358, 11.865500643720667 ], [ 76.793944522636764, 11.865589563749662 ], [ 76.794218201852502, 11.86739732746952 ], [ 76.793804363096498, 11.86757630419303 ], [ 76.793714450999801, 11.867691642232183 ], [ 76.792923926974268, 11.868091901288015 ], [ 76.792936035151769, 11.868252977874668 ], [ 76.793061943069134, 11.868873013849374 ], [ 76.793118388238199, 11.869150978702445 ], [ 76.793128902657173, 11.869202756186999 ], [ 76.793132437461836, 11.869208831186182 ], [ 76.793211624694067, 11.869344964757278 ], [ 76.793229678157559, 11.869376005412839 ], [ 76.793304256420726, 11.869504269557927 ], [ 76.793769989065467, 11.869327730869008 ], [ 76.793902908099014, 11.869236406005273 ], [ 76.794623934725578, 11.869129142922157 ], [ 76.795519436096711, 11.868817850545591 ], [ 76.795867957243004, 11.868689488982646 ], [ 76.795929983252051, 11.868666227201979 ], [ 76.796155785198636, 11.868645020155645 ], [ 76.796326537203527, 11.86868437757094 ], [ 76.79710873092904, 11.868830065436406 ], [ 76.797408668406831, 11.868829979419786 ], [ 76.797542533998794, 11.868804811695515 ], [ 76.797531851145223, 11.868765973158407 ], [ 76.797543072038451, 11.868766037368252 ], [ 76.797540619830215, 11.86875693137454 ], [ 76.797619293580439, 11.868759397921123 ], [ 76.797629491226843, 11.868788447992218 ], [ 76.797720822672588, 11.869285339036173 ], [ 76.797838961504084, 11.869932822218374 ], [ 76.797870389753413, 11.86993334229575 ], [ 76.797953487645145, 11.869934717538253 ], [ 76.798853184996702, 11.86994960242718 ], [ 76.800358871677574, 11.869887392882273 ], [ 76.800945645124116, 11.869877313699059 ], [ 76.802477792030601, 11.869850985084494 ], [ 76.804546143778509, 11.869815429303037 ], [ 76.805485600130751, 11.869435671838179 ], [ 76.806560058768042, 11.868978426913324 ], [ 76.807566522856405, 11.868564325356237 ], [ 76.807571612371916, 11.86853934247746 ], [ 76.807619505975552, 11.868509344830626 ], [ 76.807649612522312, 11.868490482539062 ], [ 76.807700919755106, 11.868458335200355 ], [ 76.80773346214076, 11.868432111974242 ], [ 76.808697059845215, 11.867587164311312 ], [ 76.808761849299586, 11.867529248828433 ], [ 76.810329842849569, 11.866127596348958 ], [ 76.810389191208358, 11.86607454255005 ], [ 76.811447724835119, 11.865191410639289 ], [ 76.812237084295973, 11.864532843715065 ], [ 76.813119614882964, 11.863790649171637 ], [ 76.813175631703075, 11.863743539608299 ], [ 76.812395181399438, 11.863604242577242 ], [ 76.812256197905697, 11.863585197029774 ], [ 76.810387019051618, 11.863355387271474 ], [ 76.810305207755505, 11.863354462766857 ], [ 76.809996514112044, 11.863336082562158 ], [ 76.808295592070266, 11.863234800423019 ], [ 76.807829066520995, 11.863109935593167 ], [ 76.807039073426225, 11.862208665633963 ], [ 76.806130929904143, 11.861200314308848 ], [ 76.80595577944392, 11.861016680145211 ], [ 76.805564837379691, 11.859749199009748 ], [ 76.805525102125856, 11.859604719199076 ], [ 76.805347258378447, 11.858956749844868 ], [ 76.805114728891894, 11.858062604546513 ], [ 76.804982529745644, 11.857959792752494 ], [ 76.804881068241102, 11.857868198820173 ], [ 76.804882176832095, 11.857757493248624 ], [ 76.804882270519869, 11.857747872982692 ], [ 76.804725571122461, 11.857122453973798 ], [ 76.804703882513323, 11.856964932565107 ], [ 76.804639969976549, 11.856501227638036 ], [ 76.804523158964017, 11.855842168040638 ], [ 76.804458288146975, 11.855693378184252 ], [ 76.804456774499897, 11.855679780003117 ], [ 76.804409697480466, 11.854922346991639 ], [ 76.80439264812685, 11.854787405127555 ], [ 76.804664272871776, 11.854698844254287 ], [ 76.805185594786096, 11.854492803763153 ], [ 76.805499855620965, 11.854368504400965 ], [ 76.80587627812956, 11.854144992814875 ], [ 76.805996626681662, 11.854078618398599 ], [ 76.806031778329356, 11.854114311042821 ], [ 76.806034533828878, 11.854117109096 ], [ 76.806039687467219, 11.854114361822457 ], [ 76.806061215301668, 11.85413645117961 ], [ 76.806242186409634, 11.854053576476877 ], [ 76.807657867069011, 11.853361183446975 ], [ 76.807644028915576, 11.853306509725208 ], [ 76.807739771231525, 11.85326078847717 ], [ 76.807671774216871, 11.852823962139592 ], [ 76.807561610251469, 11.852449638968203 ], [ 76.807367157713159, 11.851840434268402 ], [ 76.807351972260733, 11.851480809974667 ], [ 76.807334578805197, 11.851368754607293 ], [ 76.807988627664912, 11.851271048000759 ], [ 76.808978714442375, 11.851120690477392 ], [ 76.810203442580544, 11.850595307652112 ], [ 76.811358126921476, 11.850136972627134 ], [ 76.811861824677578, 11.849894530038787 ], [ 76.811959892635613, 11.849850259815716 ], [ 76.812004289128467, 11.84991336120606 ], [ 76.812060036110424, 11.849899450925417 ], [ 76.812244265345328, 11.849818911287661 ], [ 76.812269015617886, 11.84980808469113 ], [ 76.813414626210928, 11.849517273328161 ], [ 76.813553478310624, 11.849500494814334 ], [ 76.814229491579539, 11.849418342524984 ], [ 76.814836554137401, 11.849659813626815 ], [ 76.815721889890398, 11.849981900401831 ], [ 76.816396198630514, 11.850224387381223 ], [ 76.816483249670739, 11.850255602980251 ], [ 76.81649122974197, 11.850241838275339 ], [ 76.816520791465379, 11.850174551765946 ], [ 76.816555057074254, 11.850096551537929 ], [ 76.816592240972227, 11.850011897745167 ], [ 76.816640846633476, 11.849885781559847 ], [ 76.816721657231483, 11.849676062242699 ], [ 76.816749058942534, 11.849604938842443 ], [ 76.817586552134486, 11.847434754135051 ], [ 76.817700780656324, 11.84709531615337 ], [ 76.817832369924105, 11.846775214767623 ], [ 76.817917716369493, 11.846537250975411 ], [ 76.817965987162296, 11.846402838788045 ], [ 76.818246147324686, 11.846461519652928 ], [ 76.818216273115951, 11.846331524889509 ], [ 76.818107158970946, 11.845857286611547 ], [ 76.818000383493867, 11.845484870752687 ], [ 76.818019597777763, 11.845477663344266 ], [ 76.818977175371543, 11.84512084593559 ], [ 76.819080407495022, 11.845079603882255 ], [ 76.819546793559425, 11.844884987732922 ], [ 76.819705740576495, 11.844812343792009 ], [ 76.819726676935645, 11.844810914878098 ], [ 76.820399210519128, 11.844764902040792 ], [ 76.820816084217284, 11.844717849059888 ], [ 76.821567457628433, 11.8445359979786 ], [ 76.821588512555351, 11.844531004887235 ], [ 76.822259350607439, 11.844371919205694 ], [ 76.822333394411672, 11.844468944997544 ], [ 76.822415231855487, 11.844576187427128 ], [ 76.822458516971736, 11.844632907657154 ], [ 76.82249856148151, 11.844504613538685 ], [ 76.822557923622981, 11.844271280635855 ], [ 76.822593444813023, 11.844131657545134 ], [ 76.822660405277048, 11.843868456111402 ], [ 76.822677635029464, 11.843800729724054 ], [ 76.822662551072057, 11.843746987075866 ], [ 76.822656078997014, 11.843723907168593 ], [ 76.822650043951697, 11.843702382819306 ], [ 76.822632380073202, 11.843686505088481 ], [ 76.822936323421203, 11.843466881255065 ], [ 76.823214070770518, 11.843273564586243 ], [ 76.823356854295156, 11.843174184593602 ], [ 76.823477312360836, 11.843112918570466 ], [ 76.823531643719804, 11.843085284764854 ], [ 76.823560866282122, 11.843070422335732 ], [ 76.823588307247022, 11.843056466258471 ], [ 76.823700183768509, 11.842977299794176 ], [ 76.823779921232429, 11.842912422446965 ], [ 76.823804811513824, 11.842892170653236 ], [ 76.824077347187426, 11.842631923986234 ], [ 76.82424313367197, 11.84246045205315 ], [ 76.824282727862624, 11.84242780221677 ], [ 76.824381982072651, 11.842345955318741 ], [ 76.824427099473027, 11.84230387991837 ], [ 76.824770031351406, 11.841984063599014 ], [ 76.824867738915074, 11.841892941404277 ], [ 76.824910147417711, 11.841710153873905 ], [ 76.824979860573208, 11.841709686802547 ], [ 76.825005596066944, 11.841705293541336 ], [ 76.825009966290693, 11.841695191887339 ], [ 76.825112031652608, 11.841677200804366 ], [ 76.82537857620774, 11.841630217936768 ], [ 76.826669785342119, 11.841476277312182 ], [ 76.826837333998981, 11.841456303310521 ], [ 76.827637892181045, 11.841376829228611 ], [ 76.827826552968475, 11.841364012255179 ], [ 76.827903287525189, 11.841511052216926 ], [ 76.828178113950401, 11.842028660620274 ], [ 76.828241997544922, 11.842082202768804 ], [ 76.828473462609338, 11.842276179174892 ], [ 76.828955962490184, 11.842364769936221 ], [ 76.829153185719221, 11.84246301247517 ], [ 76.829272665009256, 11.842677639845537 ], [ 76.829416084546494, 11.842683758861121 ], [ 76.829815917227364, 11.84262984958081 ], [ 76.830072065879136, 11.842590153572262 ], [ 76.830067076572959, 11.842537218592909 ], [ 76.830067050389289, 11.842537007243932 ], [ 76.83006116713608, 11.842489425649601 ], [ 76.830058951943883, 11.842471509730707 ], [ 76.830068825116385, 11.842466975153744 ], [ 76.830110422276633, 11.84244433074992 ], [ 76.829881896903416, 11.84167952266956 ], [ 76.829872999707135, 11.841649745904215 ], [ 76.829848582452797, 11.841650306057712 ], [ 76.829786181079982, 11.841661484704655 ], [ 76.829669816196713, 11.841682332156923 ], [ 76.829646660411825, 11.841652595247441 ], [ 76.829634895559565, 11.841637486658371 ], [ 76.829594207384815, 11.841643926339186 ], [ 76.829571167701147, 11.841612466697367 ], [ 76.829514399625694, 11.841534395245622 ], [ 76.82947797864631, 11.841484306247651 ], [ 76.829384053591141, 11.841191865952295 ], [ 76.829351519607698, 11.841090568948449 ], [ 76.829378596136735, 11.841015165078048 ], [ 76.82940109217968, 11.840952517122831 ], [ 76.829494726947757, 11.840691758797481 ], [ 76.829498902882406, 11.840680129070172 ], [ 76.829539124068418, 11.840654416705986 ], [ 76.829582888893583, 11.840632379410446 ], [ 76.829672683357188, 11.840598796485096 ], [ 76.829886991382537, 11.840518646577106 ], [ 76.830463898945382, 11.84030288462229 ], [ 76.830879409330237, 11.840147483461687 ], [ 76.830952107982398, 11.840120293795058 ], [ 76.831415652586031, 11.83994692705444 ], [ 76.831422282596279, 11.839944447231289 ], [ 76.831521155155215, 11.839907468734038 ], [ 76.831739038254582, 11.839825979259112 ], [ 76.831746789582454, 11.839823079992589 ], [ 76.831759402261085, 11.839758000989939 ], [ 76.83174164290493, 11.839707838684186 ], [ 76.831556466806646, 11.839184791818436 ], [ 76.831666205292365, 11.839116870502616 ], [ 76.831578683454964, 11.838701944310962 ], [ 76.831498931982381, 11.838323857837402 ], [ 76.831528185162199, 11.838317725185053 ], [ 76.831522761072236, 11.83829336729093 ], [ 76.832303666504743, 11.838101214290612 ], [ 76.832345835792808, 11.837966923382746 ], [ 76.83299054007847, 11.837810780105425 ], [ 76.833016080904628, 11.83780459472219 ], [ 76.832974494766319, 11.83766422516668 ], [ 76.832944664815543, 11.837563538517216 ], [ 76.83280137791472, 11.837079883952088 ], [ 76.832831567532693, 11.83692899401146 ], [ 76.832831666990913, 11.836928496210968 ], [ 76.832857557841848, 11.83692253104123 ], [ 76.832873710545869, 11.836918809181613 ], [ 76.832880010577171, 11.836895262760397 ], [ 76.833321231751569, 11.836815692609861 ], [ 76.833448247720597, 11.836786425584144 ], [ 76.833486182372141, 11.83677768515625 ], [ 76.833497319206685, 11.836775119261706 ], [ 76.833487780164774, 11.836381246155199 ], [ 76.833637624394242, 11.836306619917945 ], [ 76.834144252973331, 11.836054301893645 ], [ 76.834149893197122, 11.836008954503228 ], [ 76.834154902729864, 11.835950904762129 ], [ 76.834170131307872, 11.835774495329918 ], [ 76.833760245313925, 11.835617427616516 ], [ 76.83370887080244, 11.835592247631022 ], [ 76.833392573838509, 11.835437222408933 ], [ 76.833193561064931, 11.835339680835785 ], [ 76.833188267387271, 11.835325033194534 ], [ 76.833148924765908, 11.835305266981386 ], [ 76.83310733977163, 11.835195828814939 ], [ 76.833054359343322, 11.835194719479356 ], [ 76.833041984460607, 11.835157210205493 ], [ 76.833007513725619, 11.835155805692345 ], [ 76.83294592720425, 11.83497380943221 ], [ 76.832634663420563, 11.835043398102307 ], [ 76.832551535736158, 11.835059595914892 ], [ 76.83251412354501, 11.835066843147205 ], [ 76.832292130964234, 11.834762218737026 ], [ 76.832046364754149, 11.834804389533632 ], [ 76.831343591660072, 11.834526783031073 ], [ 76.830974317823333, 11.834368895230584 ], [ 76.830643372891089, 11.833979889150664 ], [ 76.830632327376179, 11.833966923176247 ], [ 76.830598406536126, 11.833939374556484 ], [ 76.83032445442926, 11.834107161484281 ], [ 76.830255699164354, 11.834070738800547 ], [ 76.830259542965351, 11.834050578178296 ], [ 76.829960292503628, 11.83363868433182 ], [ 76.829954263170919, 11.833606383342952 ], [ 76.829943143724094, 11.833591202505295 ], [ 76.829932170092846, 11.833533299254276 ], [ 76.829830679355098, 11.832997783510708 ], [ 76.829829853488235, 11.83294203931726 ], [ 76.829826405826438, 11.832709381539528 ], [ 76.829790568698712, 11.832532590092381 ], [ 76.829789307593359, 11.832526368714801 ], [ 76.829540731439522, 11.832368045516795 ], [ 76.829094447079754, 11.832083708896974 ], [ 76.828538945263048, 11.831905678539384 ], [ 76.828037043299403, 11.831744780667753 ], [ 76.827797889801062, 11.831844804889933 ], [ 76.827739587188361, 11.831869178988821 ], [ 76.82764646645532, 11.831585210848869 ], [ 76.827408347331286, 11.8310800446092 ], [ 76.827356912617191, 11.830970976657962 ], [ 76.827097750815923, 11.830807314870743 ], [ 76.827087519400038, 11.830841736286253 ], [ 76.827077859722763, 11.830874232272466 ], [ 76.82707495517738, 11.830884003438074 ], [ 76.826963802814959, 11.830868780599975 ], [ 76.826495124310952, 11.830804718267345 ], [ 76.826468570441108, 11.83072497591216 ], [ 76.826401978146833, 11.830716862680642 ], [ 76.826291600741143, 11.830381595974787 ], [ 76.825825641506611, 11.829053628978148 ], [ 76.825561071035651, 11.828051234229541 ], [ 76.825468925077402, 11.827524825445419 ], [ 76.825406582338417, 11.827524497155135 ], [ 76.825051644363668, 11.827550776574517 ], [ 76.824914235429006, 11.827564816338848 ], [ 76.824457799239823, 11.82761141199885 ], [ 76.824132257126607, 11.827607037981304 ], [ 76.823836733740208, 11.827603087968434 ], [ 76.823806693082986, 11.8276026845194 ], [ 76.823015143191824, 11.827692957789088 ], [ 76.822711620716092, 11.827471292778769 ], [ 76.822459374788735, 11.827452269542819 ], [ 76.822448179804184, 11.826620048918727 ], [ 76.82244774662702, 11.826617682506306 ], [ 76.822335908381945, 11.826598802873926 ], [ 76.82173320802687, 11.826622415552093 ], [ 76.821299799947795, 11.826625806702213 ], [ 76.820846601417614, 11.826629711095705 ], [ 76.820220411408783, 11.826635831173304 ], [ 76.819406460611916, 11.826732164930284 ], [ 76.81937966770073, 11.826648775722983 ], [ 76.8193062143433, 11.826652302971953 ], [ 76.819175518432814, 11.826464859813502 ], [ 76.819063046572907, 11.826508248288929 ], [ 76.818290519350839, 11.826795118362014 ], [ 76.818226328678676, 11.826822188482867 ], [ 76.817852695665152, 11.826968796602227 ], [ 76.817322485845679, 11.827217672484851 ], [ 76.817074317618335, 11.827328755296525 ], [ 76.816762231207761, 11.827050562824317 ], [ 76.816340383866589, 11.826284948257896 ], [ 76.816030422466909, 11.826302453959515 ], [ 76.816006162502219, 11.82620668772347 ], [ 76.816006162305129, 11.826206687716645 ], [ 76.816006128526766, 11.826206553605356 ], [ 76.815986919999176, 11.826130727922537 ], [ 76.815939321232776, 11.825942839588491 ], [ 76.815785112345438, 11.825334110614055 ], [ 76.815689748323578, 11.824971372227164 ], [ 76.815654269874571, 11.824808125115966 ], [ 76.815480201124615, 11.824566117596341 ], [ 76.815325822394215, 11.824262832090412 ], [ 76.815221927815557, 11.823375331678706 ], [ 76.815086898356583, 11.822554510777024 ], [ 76.814817006087466, 11.821410137301188 ], [ 76.814766242072054, 11.821266287494316 ], [ 76.814770203924766, 11.821240058082182 ], [ 76.814581887130061, 11.820367323602319 ], [ 76.814485974574694, 11.820195921218414 ], [ 76.814401750498519, 11.820026064817625 ], [ 76.814234995103163, 11.819377528923168 ], [ 76.814167637056272, 11.818666957984796 ], [ 76.814059763089844, 11.81854476861573 ], [ 76.814101840117672, 11.818529757494868 ], [ 76.813804271878155, 11.816438843264276 ], [ 76.813571479003258, 11.815079776562975 ], [ 76.813507976025591, 11.814989634292886 ], [ 76.813504959306599, 11.814985351743417 ], [ 76.813419985780328, 11.814539865050056 ], [ 76.813256060395474, 11.813493020369194 ], [ 76.813613747262366, 11.813278051799951 ], [ 76.813643453068806, 11.813271569818609 ], [ 76.81392870422944, 11.813186463270407 ], [ 76.813893364246397, 11.812990868245791 ], [ 76.813691957245894, 11.811876089496508 ], [ 76.813595962834455, 11.811769695794981 ], [ 76.813576132211324, 11.811677190989657 ], [ 76.813503337669701, 11.811337614286639 ], [ 76.813455259191628, 11.811129075668344 ], [ 76.813429580706483, 11.81101768342935 ], [ 76.813394858528355, 11.810867056759221 ], [ 76.813243502732746, 11.810326660152876 ], [ 76.813064785821098, 11.809956295185934 ], [ 76.813130788060576, 11.809940155006258 ], [ 76.813117300617776, 11.809911968289908 ], [ 76.813210892607472, 11.809886579653909 ], [ 76.81323543669518, 11.809855008587656 ], [ 76.813272610801064, 11.809807190973487 ], [ 76.812999453713644, 11.808709355607881 ], [ 76.812986235715243, 11.808656229018975 ], [ 76.812913985669908, 11.808550289883701 ], [ 76.812832479594604, 11.807796240686464 ], [ 76.812773586157832, 11.807614438598124 ], [ 76.812673601621043, 11.807305799253196 ], [ 76.812483223211927, 11.80667520569321 ], [ 76.812405977615541, 11.806513650211453 ], [ 76.81238318073261, 11.806465970290885 ], [ 76.812365409528653, 11.80642880360382 ], [ 76.812390461351669, 11.806422666267295 ], [ 76.812383513170644, 11.806408351433038 ], [ 76.812365572049117, 11.806371437122685 ], [ 76.813210901270949, 11.806134410380571 ], [ 76.81372686529366, 11.80601466292104 ], [ 76.814236402965889, 11.805855129233343 ], [ 76.814996307626018, 11.805615690737497 ], [ 76.81526087719331, 11.805489750992443 ], [ 76.815214876633419, 11.805431194979414 ], [ 76.815229399797971, 11.805429118478447 ], [ 76.815194397364365, 11.805381878878007 ], [ 76.815284034292475, 11.805370671531151 ], [ 76.815206265692538, 11.805135712615648 ], [ 76.815074576955553, 11.804761892015588 ], [ 76.815074229754941, 11.804736798134389 ], [ 76.815063255665279, 11.804703642590773 ], [ 76.815056266711025, 11.80374590654133 ], [ 76.814985551024677, 11.803680935880847 ], [ 76.814925926886986, 11.803639244894148 ], [ 76.814831316820204, 11.803573095410103 ], [ 76.814880265383579, 11.803538777459316 ], [ 76.814829598257077, 11.803502105174831 ], [ 76.814910302767231, 11.803445678347767 ], [ 76.814544161324477, 11.803115971390243 ], [ 76.814360858850563, 11.802867029622831 ], [ 76.814195581118881, 11.802642565045499 ], [ 76.814125484577914, 11.802581892097736 ], [ 76.81412313332433, 11.802579856984012 ], [ 76.814124045762625, 11.802560943590262 ], [ 76.814126812137346, 11.802503584139114 ], [ 76.814125841246209, 11.802502740528716 ], [ 76.814126606895726, 11.80248396908538 ], [ 76.814138104568215, 11.802195292436684 ], [ 76.814140380503119, 11.802136235848018 ], [ 76.814017572136578, 11.802091872529315 ], [ 76.814024332709053, 11.802021534097562 ], [ 76.814016296765772, 11.802018611454834 ], [ 76.814050587505093, 11.801610373736789 ], [ 76.81399509260045, 11.801543999208974 ], [ 76.813833323606204, 11.801180495943308 ], [ 76.813568700720054, 11.800745287012921 ], [ 76.813531364722792, 11.800683883539618 ], [ 76.813481729209087, 11.800608874206491 ], [ 76.813415551625411, 11.800284401822772 ], [ 76.813362545209401, 11.800025536051955 ], [ 76.81334497886958, 11.799939197688147 ], [ 76.811841427733157, 11.796739984654744 ], [ 76.810261942480736, 11.793086737202961 ], [ 76.809789734897748, 11.792076280830491 ], [ 76.809628488558928, 11.792007743319832 ], [ 76.80961561533131, 11.791987332983327 ], [ 76.809736096520453, 11.791871398807709 ], [ 76.811919197963377, 11.789766195922972 ], [ 76.812302586066821, 11.789395422476316 ], [ 76.812419339725423, 11.789310347127723 ], [ 76.815777939479986, 11.786379544516288 ], [ 76.81615080226004, 11.78605647613705 ], [ 76.816237104410405, 11.786116179767264 ], [ 76.816309039781913, 11.786054037239911 ], [ 76.821660619075487, 11.789829714875328 ], [ 76.823521176795836, 11.791351861549041 ], [ 76.825004044015159, 11.790831240124673 ] ], [ [ 76.830663903726105, 11.737139178573424 ], [ 76.830067803854092, 11.736618477591671 ], [ 76.829050468365921, 11.735548909737382 ], [ 76.828496115425892, 11.734721737220198 ], [ 76.82823245593228, 11.734782021328725 ], [ 76.828089442636482, 11.734792772759649 ], [ 76.828020588414972, 11.734797948888529 ], [ 76.827888897229329, 11.734807850418354 ], [ 76.82711635505315, 11.734696659884882 ], [ 76.827339729157359, 11.734295520671759 ], [ 76.827416498235564, 11.734157657620484 ], [ 76.827843075755041, 11.733391599091066 ], [ 76.827789834660678, 11.733297804221227 ], [ 76.827789905830187, 11.733128506568271 ], [ 76.827753393647797, 11.733057019473911 ], [ 76.827572496480329, 11.732702845479073 ], [ 76.82718290477186, 11.732275785442379 ], [ 76.82700421283019, 11.732168791252954 ], [ 76.826980884159411, 11.732161249713229 ], [ 76.826952062900631, 11.732125857902119 ], [ 76.82688039629322, 11.732108648607738 ], [ 76.826717994589046, 11.732069653185167 ], [ 76.826222885739924, 11.73195077065391 ], [ 76.825411369832224, 11.732061964525593 ], [ 76.8248555474444, 11.730934777379106 ], [ 76.824940643057147, 11.730895514223525 ], [ 76.824894004182539, 11.730784540599773 ], [ 76.825281093031975, 11.730627814237057 ], [ 76.825507425554548, 11.730536176532153 ], [ 76.825345538021978, 11.730064048781234 ], [ 76.825083306216456, 11.730132980923361 ], [ 76.824732365463205, 11.729451211796322 ], [ 76.824374712591577, 11.728868214120201 ], [ 76.824370213361576, 11.72868254433245 ], [ 76.824368805345188, 11.728624469316925 ], [ 76.824424325197555, 11.728455341803372 ], [ 76.824440300304715, 11.728337476433001 ], [ 76.824457401212186, 11.728190619279873 ], [ 76.824019085740119, 11.727459079626724 ], [ 76.823721424287513, 11.726738319884843 ], [ 76.823669908240277, 11.72661357842785 ], [ 76.823610449856744, 11.726469603995945 ], [ 76.82326792074474, 11.725663765680608 ], [ 76.82327152148936, 11.725440968357615 ], [ 76.823120372498366, 11.725086007224863 ], [ 76.822813019167327, 11.724695643714286 ], [ 76.822694880688999, 11.724341053955799 ], [ 76.822712208545525, 11.724267907501735 ], [ 76.822534680045479, 11.723875967684906 ], [ 76.822544172570701, 11.723548642501161 ], [ 76.822605678178761, 11.723371403199035 ], [ 76.822757053034891, 11.723188485828651 ], [ 76.823178006219251, 11.722971931569212 ], [ 76.823671960229575, 11.722738656870824 ], [ 76.82389428133888, 11.722564245628394 ], [ 76.823902462632063, 11.722561627199541 ], [ 76.823901215870023, 11.722557404741307 ], [ 76.823858138850284, 11.72247362444738 ], [ 76.823373686782034, 11.721531418871649 ], [ 76.822979048670447, 11.720746074228865 ], [ 76.823925986842795, 11.720301155051796 ], [ 76.823973130474656, 11.720276908421562 ], [ 76.824084106624014, 11.720277380569524 ], [ 76.824188953318867, 11.720264664499286 ], [ 76.824284049950165, 11.720281482394901 ], [ 76.826277224852646, 11.718773425255636 ], [ 76.826671782889747, 11.718107521879531 ], [ 76.827400779999252, 11.717421284898009 ], [ 76.827878084997621, 11.716996074402735 ], [ 76.827978835936264, 11.716886070540616 ], [ 76.829324958109936, 11.716088051119844 ], [ 76.829375300236279, 11.716075159290067 ], [ 76.830581405201031, 11.71576614874448 ], [ 76.830600514414897, 11.715760086799843 ], [ 76.831275588637865, 11.715545905631789 ], [ 76.832026734510976, 11.715439629967463 ], [ 76.832256537445033, 11.715335122764015 ], [ 76.832342009446833, 11.715430936327879 ], [ 76.83288665648395, 11.716041482972743 ], [ 76.832898455962294, 11.716052774321742 ], [ 76.833631951068796, 11.716754690085409 ], [ 76.833877031501089, 11.716993252102636 ], [ 76.83422675059002, 11.717351561883104 ], [ 76.83452115287092, 11.717653195955643 ], [ 76.834905460942238, 11.718030673079531 ], [ 76.835223626130329, 11.718343183565766 ], [ 76.835264960080664, 11.718383781453118 ], [ 76.835662635953668, 11.718867442706735 ], [ 76.835824223511239, 11.719220452005894 ], [ 76.835874325273963, 11.720201882008681 ], [ 76.835928807014469, 11.721184025909073 ], [ 76.835957291513637, 11.722284364165343 ], [ 76.83605338852631, 11.723205749879343 ], [ 76.836060281130841, 11.723317656154855 ], [ 76.835987014484076, 11.723339626342723 ], [ 76.835042051229976, 11.723961725077759 ], [ 76.834240332886282, 11.724450533219256 ], [ 76.833553892418465, 11.724852492259936 ], [ 76.833059573443208, 11.725091621475057 ], [ 76.832477392885238, 11.72538507229106 ], [ 76.831933689870297, 11.725678448274568 ], [ 76.832187029940073, 11.725970551740584 ], [ 76.83269385260877, 11.726646856345837 ], [ 76.832877966413918, 11.726942344880403 ], [ 76.833192900408918, 11.727437113555943 ], [ 76.833270320857423, 11.727519758755948 ], [ 76.833324092684919, 11.727839639730968 ], [ 76.833384440163726, 11.727949946984287 ], [ 76.833525132417563, 11.728439438675535 ], [ 76.833542186942537, 11.728537032219156 ], [ 76.833801306402847, 11.729345310949371 ], [ 76.833835246016534, 11.72945117736854 ], [ 76.834150678517332, 11.730221123862842 ], [ 76.834205341472426, 11.730351119572951 ], [ 76.834413342188142, 11.730943951225667 ], [ 76.834580556887687, 11.731440882698463 ], [ 76.834785396141328, 11.732016694159025 ], [ 76.834737301028596, 11.732096508725022 ], [ 76.834523768712828, 11.732196640570816 ], [ 76.834442437619316, 11.732308554459417 ], [ 76.834437710849841, 11.732694684871559 ], [ 76.834417960575294, 11.733219438619326 ], [ 76.834500289847952, 11.733839158242235 ], [ 76.834473894063692, 11.733972145372038 ], [ 76.834404777896324, 11.734320358895395 ], [ 76.833996012129575, 11.735809590112845 ], [ 76.833930250874332, 11.735912440736215 ], [ 76.832786159190221, 11.736162898845231 ], [ 76.832703843009881, 11.736330636369836 ], [ 76.832747706088071, 11.736467491811476 ], [ 76.832885485717497, 11.736897375965283 ], [ 76.833076891493192, 11.737483720350212 ], [ 76.833022842732078, 11.737930213470385 ], [ 76.833021370717034, 11.737931225370581 ], [ 76.832947637349363, 11.738099343629743 ], [ 76.832826355915088, 11.738318809024101 ], [ 76.832803988542707, 11.738518798375432 ], [ 76.832763026078283, 11.738710693022997 ], [ 76.832732390520505, 11.738867019643195 ], [ 76.832564404480891, 11.738988288065059 ], [ 76.832351765416334, 11.739041515773598 ], [ 76.831979659346501, 11.739129687704462 ], [ 76.831683314739607, 11.738717712412619 ], [ 76.830663903726105, 11.737139178573424 ] ] ] } },
{ "type": "Feature", "properties": { "OBJECTID": 523, "KGISHobliID": 503, "KGISHobliCode": "270101", "KGISHobliName": "Kasaba", "BhuCodeHobli": null, "SHAPE.STArea()": 231736811.58343017, "SHAPE.STLength()": 95391.818897751029, "KGISTalukCode": "2701", "created_user": null, "created_date": null, "last_edited_user": "SURESHBV", "last_edited_date": 1645082375000.0, "_overlap_percent": 0.024368090111738547, "_police_station": "Terakambi PS", "_police_feature_index": "424", "_admin_layer": "Hobli", "_geometry_clipped": true }, "geometry": { "type": "MultiPolygon", "coordinates": [ [ [ [ 76.696310356327331, 11.747632078555036 ], [ 76.694110333212024, 11.745781799712452 ], [ 76.694123245976286, 11.745835399177754 ], [ 76.694128827089898, 11.745832942468089 ], [ 76.696334746782384, 11.747696758680492 ], [ 76.696575467611126, 11.747900143379875 ], [ 76.696310356327331, 11.747632078555036 ] ] ], [ [ [ 76.745909440409179, 11.758067292103629 ], [ 76.744821421298411, 11.757819245624271 ], [ 76.743463204901644, 11.75759787886599 ], [ 76.74217999963345, 11.757424819048477 ], [ 76.742170642754886, 11.757423334021379 ], [ 76.740822959000425, 11.757192804907637 ], [ 76.739231505201019, 11.756899635886601 ], [ 76.7376874564997, 11.756611899948881 ], [ 76.736667020177308, 11.756426911928843 ], [ 76.736662816341564, 11.756424970478131 ], [ 76.736126683317138, 11.756272009259733 ], [ 76.729375456737742, 11.753236440795433 ], [ 76.736015850960882, 11.756388297060262 ], [ 76.736554435977723, 11.756542941196127 ], [ 76.736558661877297, 11.756544889745756 ], [ 76.737580888605095, 11.756720241722679 ], [ 76.739125759498009, 11.756963933563714 ], [ 76.740709131114073, 11.757211102470068 ], [ 76.742061166331624, 11.757423122109735 ], [ 76.74207071423541, 11.757424639420803 ], [ 76.743422917534502, 11.757639558444914 ], [ 76.744891264516667, 11.757895181939036 ], [ 76.746028368991986, 11.758099952186273 ], [ 76.746062607419461, 11.758106117761793 ], [ 76.745909440409179, 11.758067292103629 ] ] ], [ [ [ 76.746389088020948, 11.763188804954778 ], [ 76.746430960302618, 11.763040725641003 ], [ 76.746435047020725, 11.762995719259653 ], [ 76.746513122769585, 11.762689396803779 ], [ 76.746802630284677, 11.761413525942807 ], [ 76.746916879481958, 11.760922386620402 ], [ 76.74691762324909, 11.760919000327853 ], [ 76.746913996485318, 11.760911409341745 ], [ 76.746806939217194, 11.760544877930997 ], [ 76.746883776696819, 11.760847742809993 ], [ 76.746887219916772, 11.760855033900329 ], [ 76.746886484365888, 11.760858413814763 ], [ 76.746779909237517, 11.761348075148074 ], [ 76.746504132250678, 11.762615131395997 ], [ 76.746429731327439, 11.762920808509707 ], [ 76.746426368533491, 11.762965390113138 ], [ 76.74638689377089, 11.763113657230305 ], [ 76.746308295079317, 11.763639901559747 ], [ 76.746306557654862, 11.763678516629014 ], [ 76.746389088020948, 11.763188804954778 ] ] ], [ [ [ 76.753995846966333, 11.790738425533817 ], [ 76.754009103009693, 11.790712673612365 ], [ 76.753989779832381, 11.79074723946535 ], [ 76.753995846966333, 11.790738425533817 ] ] ], [ [ [ 76.753860555234525, 11.790929604858041 ], [ 76.753871151292216, 11.790919575174296 ], [ 76.753947871859111, 11.790808120601325 ], [ 76.75385453139701, 11.790935298851448 ], [ 76.753860555234525, 11.790929604858041 ] ] ], [ [ [ 76.753730525752516, 11.791052514384033 ], [ 76.753821235085042, 11.790966771974764 ], [ 76.753726505841797, 11.791051983519935 ], [ 76.753730525752516, 11.791052514384033 ] ] ], [ [ [ 76.751958237890165, 11.799876375296929 ], [ 76.752038149891618, 11.799596690734374 ], [ 76.752046582304004, 11.798628985955533 ], [ 76.751815518863452, 11.798552329975777 ], [ 76.751898089043777, 11.797489487347844 ], [ 76.751928474454374, 11.797124205401978 ], [ 76.751934198792469, 11.797056375722715 ], [ 76.751944926113453, 11.796219998635024 ], [ 76.751938953047699, 11.79557031655477 ], [ 76.75194175038888, 11.795497703962893 ], [ 76.75196117374702, 11.795009039086787 ], [ 76.751957170348547, 11.794819318554305 ], [ 76.751963098768528, 11.794636746841302 ], [ 76.751970807095319, 11.794404419145801 ], [ 76.751973073986903, 11.794337134153333 ], [ 76.752013237556724, 11.794301196540834 ], [ 76.752012318288067, 11.794073345977559 ], [ 76.752066912158071, 11.793669634828294 ], [ 76.752094039938925, 11.792873102687334 ], [ 76.75211265262466, 11.792346150045949 ], [ 76.752156148512739, 11.792019447966023 ], [ 76.752248204578279, 11.791862831850082 ], [ 76.752360568508095, 11.791208747119693 ], [ 76.752527794618146, 11.790883678967397 ], [ 76.752516051256421, 11.79088132451521 ], [ 76.752336577153045, 11.791210774227563 ], [ 76.752208943855095, 11.791862132642549 ], [ 76.752113687051505, 11.79201782020589 ], [ 76.752062358202906, 11.792343222721561 ], [ 76.752030392265425, 11.79286809262781 ], [ 76.751982096334487, 11.793661070620599 ], [ 76.751916464259452, 11.794062730871008 ], [ 76.751910759978259, 11.794289456131466 ], [ 76.75186977631796, 11.794325135729279 ], [ 76.751865529022481, 11.794392077665128 ], [ 76.751850873680979, 11.794623205211149 ], [ 76.751839357714402, 11.794804814277732 ], [ 76.751837375108494, 11.794993534849235 ], [ 76.751802055634769, 11.795479520689426 ], [ 76.751796808618977, 11.79555172893561 ], [ 76.751779468648252, 11.79619767396202 ], [ 76.751803663647252, 11.797049417570953 ], [ 76.751800567459384, 11.797118313103864 ], [ 76.751783902846753, 11.797489092496603 ], [ 76.751735553356227, 11.798564848041442 ], [ 76.751967834173442, 11.798647108380104 ], [ 76.751982279123794, 11.79962440607645 ], [ 76.751909028123265, 11.799901863277181 ], [ 76.751958237890165, 11.799876375296929 ] ] ], [ [ [ 76.751138047116413, 11.800423815379279 ], [ 76.751205984844603, 11.800319178240391 ], [ 76.751567300225759, 11.80007885972428 ], [ 76.751736357628715, 11.799991297193104 ], [ 76.751524068439963, 11.800098601020986 ], [ 76.75117041096803, 11.800331558365023 ], [ 76.751109658927049, 11.800427606516486 ], [ 76.751138047116413, 11.800423815379279 ] ] ], [ [ [ 76.750550655564254, 11.800436637028335 ], [ 76.750578154410846, 11.800437107892666 ], [ 76.750550212379551, 11.800436029382688 ], [ 76.750550655564254, 11.800436637028335 ] ] ], [ [ [ 76.748028752596923, 11.798831105355641 ], [ 76.748268783938599, 11.798979044736358 ], [ 76.748559710190435, 11.799126257771848 ], [ 76.748727810522695, 11.799211047067406 ], [ 76.748844361740836, 11.799269729592488 ], [ 76.749160328473437, 11.79919559905802 ], [ 76.749161651450777, 11.799195288995417 ], [ 76.749380606776541, 11.799143804528734 ], [ 76.749353230176041, 11.799121427205222 ], [ 76.74913377334174, 11.799171664585669 ], [ 76.749132480550756, 11.799171959999029 ], [ 76.748823756161457, 11.799242631685141 ], [ 76.748708188501723, 11.799182924333733 ], [ 76.748541499225198, 11.799096806559428 ], [ 76.748252921052384, 11.798947715089643 ], [ 76.748014108083609, 11.798798734969944 ], [ 76.747734778133321, 11.799789934967551 ], [ 76.747735058058026, 11.799791598790499 ], [ 76.748028752596923, 11.798831105355641 ] ] ], [ [ [ 76.747911202324204, 11.804863179717959 ], [ 76.747908676232896, 11.8048352916143 ], [ 76.747738831123371, 11.805783826954162 ], [ 76.747911202324204, 11.804863179717959 ] ] ], [ [ [ 76.746099719129134, 11.809134029103959 ], [ 76.746524117089663, 11.80919434616084 ], [ 76.746741187522261, 11.809179742319126 ], [ 76.74677644080073, 11.809155167373428 ], [ 76.746585161172064, 11.809169273691618 ], [ 76.746149639304647, 11.809105034094927 ], [ 76.745642139574358, 11.809314879469991 ], [ 76.745650057960418, 11.809333465556977 ], [ 76.746099719129134, 11.809134029103959 ] ] ], [ [ [ 76.744368980357464, 11.809998476318249 ], [ 76.745121190033259, 11.809784965681592 ], [ 76.745290669875402, 11.809719241373976 ], [ 76.74531572400862, 11.809702914632505 ], [ 76.745482701334282, 11.809594119970496 ], [ 76.745670883954958, 11.809525182664776 ], [ 76.745662527063786, 11.809504403037661 ], [ 76.745522669576062, 11.809551509226958 ], [ 76.745352155091524, 11.809656695319866 ], [ 76.74532656625783, 11.809672481162552 ], [ 76.745153311093347, 11.809734517003111 ], [ 76.744385599766275, 11.809931336275811 ], [ 76.743919247902809, 11.810093304515709 ], [ 76.743919542244072, 11.810137845713397 ], [ 76.744368980357464, 11.809998476318249 ] ] ], [ [ [ 76.743883442912903, 11.812088865800375 ], [ 76.743882701044342, 11.812070390250279 ], [ 76.742877241883477, 11.811789278507623 ], [ 76.742814312921013, 11.811783508105027 ], [ 76.743883442912903, 11.812088865800375 ] ] ], [ [ [ 76.739900007522778, 11.811622903706505 ], [ 76.740064364705773, 11.811644590046205 ], [ 76.740106092883551, 11.811644330473401 ], [ 76.739980653016673, 11.811625638664378 ], [ 76.739885878057677, 11.811611512598377 ], [ 76.739860801556944, 11.811617705197483 ], [ 76.739900007522778, 11.811622903706505 ] ] ], [ [ [ 76.738319856799905, 11.811615992614387 ], [ 76.738751161697053, 11.8116725336013 ], [ 76.739297988708302, 11.81174206433799 ], [ 76.739328481352842, 11.811734207595492 ], [ 76.738811416720438, 11.811663825650102 ], [ 76.738374179152032, 11.81160430723817 ], [ 76.738162260095905, 11.811523372977863 ], [ 76.738154950610763, 11.811553832743682 ], [ 76.738319856799905, 11.811615992614387 ] ] ], [ [ [ 76.739380389487422, 11.816217741216722 ], [ 76.739235014558048, 11.816252408437251 ], [ 76.739174124166382, 11.81625497101974 ], [ 76.739287829588008, 11.8162509639977 ], [ 76.739421615158406, 11.816220162502299 ], [ 76.739380389487422, 11.816217741216722 ] ] ], [ [ [ 76.739655609811592, 11.816501634225181 ], [ 76.739647900285036, 11.81650559834654 ], [ 76.739619458565443, 11.816520217834231 ], [ 76.739623015949391, 11.816536182828374 ], [ 76.739692333652528, 11.816501065706261 ], [ 76.739696191559574, 11.816499110731268 ], [ 76.739655609811592, 11.816501634225181 ] ] ], [ [ [ 76.741878593037171, 11.816279238954191 ], [ 76.741827108165324, 11.816285982894035 ], [ 76.741371170412293, 11.816347700889475 ], [ 76.740987860708856, 11.816404097768109 ], [ 76.740820525140307, 11.816428765990871 ], [ 76.740840840369586, 11.816427525132601 ], [ 76.741011589886256, 11.816402315185211 ], [ 76.741392716450974, 11.816346042852645 ], [ 76.741848020708076, 11.816284127125655 ], [ 76.741878774744052, 11.816280091386279 ], [ 76.741878593037171, 11.816279238954191 ] ] ], [ [ [ 76.746018143724953, 11.818914435465432 ], [ 76.74605718082374, 11.81878482830632 ], [ 76.74610355017451, 11.818735655873006 ], [ 76.74606357327977, 11.818722700880189 ], [ 76.74606241912565, 11.818723816549092 ], [ 76.746021009601407, 11.818848584018392 ], [ 76.745945740487343, 11.819075365867205 ], [ 76.745963421630961, 11.819095990773768 ], [ 76.746018143724953, 11.818914435465432 ] ] ], [ [ [ 76.748366846646505, 11.82765275372412 ], [ 76.747343336328413, 11.827744067697617 ], [ 76.747340628547377, 11.82774395971196 ], [ 76.747341305304303, 11.827749084541358 ], [ 76.747444327503118, 11.82775181267788 ], [ 76.748368588807537, 11.827666440731111 ], [ 76.748366846646505, 11.82765275372412 ] ] ], [ [ [ 76.747163255255685, 11.828856518594664 ], [ 76.747232453998762, 11.828904460641045 ], [ 76.748522437946605, 11.828862902310913 ], [ 76.74852121808776, 11.828854238405604 ], [ 76.747343416462101, 11.828891482321218 ], [ 76.747277265030604, 11.828843943682903 ], [ 76.747163233932284, 11.828856520325809 ], [ 76.747163255255685, 11.828856518594664 ] ] ], [ [ [ 76.744253717993075, 11.830919038081657 ], [ 76.744267935664396, 11.830995689874745 ], [ 76.74436533972829, 11.830990350925033 ], [ 76.744361024947565, 11.830967484977926 ], [ 76.744233077534417, 11.830289414576862 ], [ 76.744190441592437, 11.830291763129727 ], [ 76.744138848771783, 11.830294604104559 ], [ 76.744253717993075, 11.830919038081657 ] ] ], [ [ [ 76.743550925990988, 11.829921383009022 ], [ 76.743665491446762, 11.830079676839306 ], [ 76.743746027119712, 11.830263531481366 ], [ 76.743823223391843, 11.830259888356732 ], [ 76.743764006582552, 11.830126345739531 ], [ 76.743648068765793, 11.829967845253435 ], [ 76.743556700250736, 11.829842930487343 ], [ 76.743499877178436, 11.829850963010529 ], [ 76.743550925990988, 11.829921383009022 ] ] ], [ [ [ 76.741940828551378, 11.829942416752619 ], [ 76.741978820945221, 11.829955677895358 ], [ 76.741969959874069, 11.829926955416761 ], [ 76.741930175638885, 11.82993870402729 ], [ 76.741940828551378, 11.829942416752619 ] ] ], [ [ [ 76.740474179602842, 11.830302723105969 ], [ 76.740493208529415, 11.830294719379346 ], [ 76.740374577988845, 11.830144992208945 ], [ 76.74033120284605, 11.830128392556421 ], [ 76.740474179602842, 11.830302723105969 ] ] ], [ [ [ 76.737763123824195, 11.828397738463547 ], [ 76.737706371530976, 11.828390897794987 ], [ 76.73771959685044, 11.828484526428085 ], [ 76.737928603928466, 11.828839828019284 ], [ 76.738070020016906, 11.829079043138025 ], [ 76.73808687238008, 11.829233314658421 ], [ 76.738205370878106, 11.82971410491505 ], [ 76.738310115078221, 11.829823814608218 ], [ 76.738342618947797, 11.829886215027377 ], [ 76.738563795965959, 11.829888176907144 ], [ 76.738945415101725, 11.829889477037945 ], [ 76.738660352504866, 11.829865179329969 ], [ 76.738447106266889, 11.829847002389402 ], [ 76.738416761105256, 11.82978088701368 ], [ 76.73831719739448, 11.829661931489509 ], [ 76.738195222366087, 11.829198967118339 ], [ 76.738177628076002, 11.829050298419391 ], [ 76.738034315036529, 11.828817899139885 ], [ 76.73782166938625, 11.828473067070155 ], [ 76.737810051228607, 11.828393835175273 ], [ 76.737763123824195, 11.828397738463547 ] ] ], [ [ [ 76.738723353514047, 11.82830255963877 ], [ 76.738435720980874, 11.828341793741542 ], [ 76.737883275604517, 11.828387744579569 ], [ 76.738538339100828, 11.828352806998419 ], [ 76.738803880531933, 11.828326591478493 ], [ 76.738723353514047, 11.82830255963877 ] ] ], [ [ [ 76.740116489443764, 11.826672176889685 ], [ 76.740242909215738, 11.82682188994611 ], [ 76.74033117179971, 11.826926354906984 ], [ 76.740493516244058, 11.827292245805827 ], [ 76.740581887632473, 11.827696157412259 ], [ 76.740567201001852, 11.827769357498603 ], [ 76.740235410604583, 11.828007632621542 ], [ 76.740183526589064, 11.828093266232782 ], [ 76.739764015093513, 11.828236846285302 ], [ 76.739246438853399, 11.828458665047444 ], [ 76.739167421518815, 11.828435083745541 ], [ 76.739339881217418, 11.828490270551187 ], [ 76.739855086968092, 11.82827263795984 ], [ 76.740271977225134, 11.828128992496072 ], [ 76.740323411403267, 11.828042752358982 ], [ 76.740652692734187, 11.827802275108059 ], [ 76.740666943576556, 11.827728368081859 ], [ 76.74057638293506, 11.8273206000794 ], [ 76.740411818650855, 11.826951237174908 ], [ 76.740323092708437, 11.82684591541617 ], [ 76.740195955003855, 11.82669499639754 ], [ 76.740191400515158, 11.826689591503881 ], [ 76.74017838906515, 11.826685938842758 ], [ 76.740112491606368, 11.826667441784663 ], [ 76.740116489443764, 11.826672176889685 ] ] ], [ [ [ 76.737159499762953, 11.828326308904771 ], [ 76.737155238202106, 11.828305392105932 ], [ 76.736388648147496, 11.828215580276943 ], [ 76.736387784334795, 11.828237490704488 ], [ 76.737159499762953, 11.828326308904771 ] ] ], [ [ [ 76.728731508747941, 11.825383496115112 ], [ 76.729175042535104, 11.825419338654775 ], [ 76.729676654563164, 11.825519365359904 ], [ 76.73006815918329, 11.825630034241529 ], [ 76.730823239984275, 11.825615095696008 ], [ 76.73115228871302, 11.825536860078044 ], [ 76.731901972060427, 11.825479896287233 ], [ 76.73234984706184, 11.82541713763057 ], [ 76.732921631228251, 11.825131429696311 ], [ 76.733896507304863, 11.824853343392318 ], [ 76.73469764125467, 11.824655525490435 ], [ 76.734735371417088, 11.824645831184277 ], [ 76.734701861812468, 11.825069532259228 ], [ 76.734683123773081, 11.825541774673193 ], [ 76.734602312370129, 11.82619547216817 ], [ 76.734625695824548, 11.826703327373993 ], [ 76.734540278756043, 11.8271275112408 ], [ 76.734421418926132, 11.827734820144181 ], [ 76.734469272234222, 11.827804225272741 ], [ 76.734490583643762, 11.827887506771454 ], [ 76.734959237971395, 11.828074605068874 ], [ 76.735237808351229, 11.828114396866145 ], [ 76.73555017500486, 11.828095823072172 ], [ 76.735903714243761, 11.828244502971511 ], [ 76.736240640477106, 11.828338312936863 ], [ 76.736301474298571, 11.828361999654526 ], [ 76.736304890291194, 11.828320235650814 ], [ 76.735977008435754, 11.828229129939025 ], [ 76.735619066252838, 11.828078551623124 ], [ 76.735301696951666, 11.828094853688381 ], [ 76.735019211499221, 11.828052816940371 ], [ 76.734545559340745, 11.827859990124661 ], [ 76.734524902605671, 11.827775607212216 ], [ 76.734477178669266, 11.827704889646103 ], [ 76.734604731727458, 11.827092702203313 ], [ 76.73469381719066, 11.826665127717149 ], [ 76.734670472542106, 11.826154419373029 ], [ 76.734748115885125, 11.825502585344225 ], [ 76.734762011700695, 11.825032863880258 ], [ 76.734791224043732, 11.824611370357161 ], [ 76.734753599226408, 11.824620888656089 ], [ 76.733954075537127, 11.82481486041708 ], [ 76.732981517266538, 11.825090407953397 ], [ 76.73240776630908, 11.825375609120423 ], [ 76.731957487851076, 11.825440518607815 ], [ 76.731204672416453, 11.8254990401963 ], [ 76.730874735905132, 11.825577344561045 ], [ 76.730118420955037, 11.82559183877048 ], [ 76.729726362015228, 11.825480568577003 ], [ 76.729224300915632, 11.825379600040794 ], [ 76.728780770070315, 11.825342899684744 ], [ 76.728474011143106, 11.825366914982785 ], [ 76.728474163632583, 11.825404041023617 ], [ 76.728731508747941, 11.825383496115112 ] ] ], [ [ [ 76.72815312819894, 11.835268780354999 ], [ 76.728935956733139, 11.835191081493713 ], [ 76.728936196285389, 11.835182802354296 ], [ 76.728201787541408, 11.835252463585645 ], [ 76.728028261269273, 11.83526892044358 ], [ 76.728020006616234, 11.835282029431049 ], [ 76.72815312819894, 11.835268780354999 ] ] ], [ [ [ 76.727915807593675, 11.836850921528368 ], [ 76.72817264890287, 11.836835801694368 ], [ 76.728174648963957, 11.836828613721288 ], [ 76.727981996446545, 11.836836878059383 ], [ 76.727637681472501, 11.836822947525389 ], [ 76.727602670747075, 11.836842110915917 ], [ 76.727915807593675, 11.836850921528368 ] ] ], [ [ [ 76.726611860547123, 11.837023565741212 ], [ 76.726860951274801, 11.837025808925286 ], [ 76.726917917105624, 11.83702631794781 ], [ 76.727003442630021, 11.836997947382976 ], [ 76.727457162058514, 11.836909066956379 ], [ 76.727480113237903, 11.836896194625851 ], [ 76.727055179441734, 11.836974189512768 ], [ 76.726968493105602, 11.837001836755507 ], [ 76.726910486652059, 11.837000747405273 ], [ 76.726656846758914, 11.836995983678777 ], [ 76.72627238436354, 11.836988761242861 ], [ 76.726253654808829, 11.83702044696242 ], [ 76.726611860547123, 11.837023565741212 ] ] ], [ [ [ 76.722730080187333, 11.836691536185233 ], [ 76.722963591578974, 11.836673431478959 ], [ 76.723088210446505, 11.836609515294443 ], [ 76.723172124994448, 11.836567089837667 ], [ 76.723189135301354, 11.836571788336521 ], [ 76.723304729744854, 11.836603702762014 ], [ 76.723881388776874, 11.836762643004729 ], [ 76.723998306490543, 11.836794824789406 ], [ 76.724054527877257, 11.836813892037537 ], [ 76.724196499950352, 11.836857873667258 ], [ 76.724653637149075, 11.836998179711236 ], [ 76.725087772576245, 11.837073031881848 ], [ 76.725235703566455, 11.837098600760008 ], [ 76.725654607657006, 11.837184315533973 ], [ 76.726111520858126, 11.837227061177185 ], [ 76.726131440416282, 11.837193678933458 ], [ 76.725684054658913, 11.837146763395721 ], [ 76.725256112861587, 11.837054697221429 ], [ 76.725105036964536, 11.837026930952653 ], [ 76.724661586657533, 11.83694542438859 ], [ 76.724193718347422, 11.836797395901501 ], [ 76.724048889020111, 11.836751573077667 ], [ 76.723993602560341, 11.836734082995152 ], [ 76.723879856496453, 11.836706163127593 ], [ 76.723319190631628, 11.836568545257112 ], [ 76.723206899609806, 11.836540983267799 ], [ 76.723190378785631, 11.836536927230412 ], [ 76.723109108260118, 11.83658157485443 ], [ 76.722987715930017, 11.836648263804816 ], [ 76.722760350725252, 11.836673320689407 ], [ 76.722654017902173, 11.836699630657728 ], [ 76.722639340227872, 11.836710966895033 ], [ 76.722730080187333, 11.836691536185233 ] ] ], [ [ [ 76.722548029953387, 11.836768706328662 ], [ 76.722566794838059, 11.836754862225003 ], [ 76.722094778329236, 11.836760282753822 ], [ 76.722548029953387, 11.836768706328662 ] ] ], [ [ [ 76.719759158403079, 11.836553710530637 ], [ 76.720503401062459, 11.836636558948653 ], [ 76.719795290063999, 11.836547617310691 ], [ 76.719647396712048, 11.836533726400519 ], [ 76.71964687644855, 11.836546930751444 ], [ 76.719759158403079, 11.836553710530637 ] ] ], [ [ [ 76.719964701262654, 11.843858088931668 ], [ 76.720009242975664, 11.843833535092784 ], [ 76.720015003765724, 11.843830357908512 ], [ 76.72001296754766, 11.843807384574259 ], [ 76.719946012312278, 11.843843316664952 ], [ 76.719952745972108, 11.843864672289371 ], [ 76.719964701262654, 11.843858088931668 ] ] ], [ [ [ 76.720141521127942, 11.845136240196222 ], [ 76.720178760406696, 11.845091223723406 ], [ 76.719498435365509, 11.845379406177825 ], [ 76.719497428704514, 11.845412442961075 ], [ 76.720141521127942, 11.845136240196222 ] ] ], [ [ [ 76.719364481569556, 11.847214556198315 ], [ 76.719366537774604, 11.847204209935207 ], [ 76.719312843897839, 11.847295805082011 ], [ 76.719311178645356, 11.847307420269797 ], [ 76.719364481569556, 11.847214556198315 ] ] ], [ [ [ 76.719112931167899, 11.84859373282454 ], [ 76.719124825784121, 11.848505097336261 ], [ 76.719014760065392, 11.848475960662459 ], [ 76.718999003419455, 11.848564165190215 ], [ 76.719112931167899, 11.84859373282454 ] ] ], [ [ [ 76.718737834650099, 11.84938780782057 ], [ 76.718738269331652, 11.849386875897862 ], [ 76.718851329043758, 11.849335203793133 ], [ 76.718865609595383, 11.849255099319299 ], [ 76.718764529909109, 11.849301442005249 ], [ 76.718764104455587, 11.849302382007712 ], [ 76.718685413571933, 11.849533685472277 ], [ 76.718737834650099, 11.84938780782057 ] ] ], [ [ [ 76.718486050730888, 11.85008833686104 ], [ 76.718489351207566, 11.85007928884975 ], [ 76.718513164592039, 11.850013020838356 ], [ 76.718393321850826, 11.850010841484398 ], [ 76.718380611860084, 11.850087084512971 ], [ 76.718486050730888, 11.85008833686104 ] ] ], [ [ [ 76.718227006423206, 11.850210260205863 ], [ 76.718334280889692, 11.850200948295345 ], [ 76.718347585809923, 11.85012965873638 ], [ 76.718268102376626, 11.85013641836308 ], [ 76.717161072805581, 11.850230600273838 ], [ 76.717135763227276, 11.850301966512733 ], [ 76.718227006423206, 11.850210260205863 ] ] ], [ [ [ 76.716985352858771, 11.85049913723261 ], [ 76.71702085816618, 11.850495603453369 ], [ 76.717046460542605, 11.850430815303937 ], [ 76.716104194363922, 11.850531953313052 ], [ 76.716108233395289, 11.850579968019575 ], [ 76.716985352858771, 11.85049913723261 ] ] ], [ [ [ 76.716198763724577, 11.855610787520309 ], [ 76.716219574620837, 11.855591182970802 ], [ 76.716177630167863, 11.855621105179919 ], [ 76.716198763724577, 11.855610787520309 ] ] ], [ [ [ 76.716064020007067, 11.855702152058566 ], [ 76.71524559445551, 11.856285998044603 ], [ 76.715249572010407, 11.856296017842219 ], [ 76.716064020007067, 11.855702152058566 ] ] ], [ [ [ 76.714079913629163, 11.858917474203677 ], [ 76.714255258136646, 11.858844414964084 ], [ 76.714295029959487, 11.858834349629781 ], [ 76.714593326234876, 11.858758626184619 ], [ 76.714643677345222, 11.858745808283333 ], [ 76.714807086924424, 11.85868450040082 ], [ 76.71557911869823, 11.858393167177296 ], [ 76.71588977805439, 11.858275296571968 ], [ 76.71588684737381, 11.858263127737324 ], [ 76.715644496376328, 11.85835423440855 ], [ 76.714872408468054, 11.858644483358644 ], [ 76.714709408058155, 11.858705759867458 ], [ 76.714659218146977, 11.85871852346787 ], [ 76.71436219462781, 11.858794059372959 ], [ 76.714322633869756, 11.858804119821091 ], [ 76.714148403231533, 11.8588775646746 ], [ 76.713637148543143, 11.859140230140911 ], [ 76.714079913629163, 11.858917474203677 ] ] ], [ [ [ 76.696538020840379, 11.87366756383148 ], [ 76.699322881426014, 11.874384433415724 ], [ 76.70000729088872, 11.874470792383129 ], [ 76.702612680195514, 11.874856045254813 ], [ 76.702647584382888, 11.874860078251954 ], [ 76.703807346175708, 11.87461668044479 ], [ 76.703785144542252, 11.874537997116139 ], [ 76.702705297147389, 11.874759143932584 ], [ 76.702670455059845, 11.874754615186484 ], [ 76.70008982551839, 11.874419176765043 ], [ 76.699558849084369, 11.874307852219509 ], [ 76.696850208870288, 11.873605556961525 ], [ 76.696300754299031, 11.873463091613029 ], [ 76.696220734278199, 11.873571064324866 ], [ 76.696538020840379, 11.87366756383148 ] ] ] ] } },
{ "type": "Feature", "properties": { "OBJECTID": 1062, "KGISHobliID": 139, "KGISHobliCode": "270104", "KGISHobliName": "Beguru", "BhuCodeHobli": null, "SHAPE.STArea()": 249434871.52670172, "SHAPE.STLength()": 96628.170079944903, "KGISTalukCode": "2701", "created_user": null, "created_date": null, "last_edited_user": "SURESHBV", "last_edited_date": 1655198767000.0, "_overlap_percent": 18.304793266734357, "_police_station": "Terakambi PS", "_police_feature_index": "424", "_admin_layer": "Hobli", "_geometry_clipped": true }, "geometry": { "type": "Polygon", "coordinates": [ [ [ 76.703807346175708, 11.87461668044479 ], [ 76.702647584382888, 11.874860078251954 ], [ 76.702612680195514, 11.874856045254813 ], [ 76.70000729088872, 11.874470792383129 ], [ 76.699322881426014, 11.874384433415724 ], [ 76.696538020840379, 11.87366756383148 ], [ 76.696220734278199, 11.873571064324866 ], [ 76.695879738620434, 11.874031177000541 ], [ 76.695820827043619, 11.874387144245762 ], [ 76.695726204816097, 11.874958908232276 ], [ 76.695952446679598, 11.876107712720373 ], [ 76.69561649177362, 11.877298686152352 ], [ 76.695434633436747, 11.878046474435596 ], [ 76.695295170255477, 11.878988031716016 ], [ 76.695591033728888, 11.879569148078668 ], [ 76.69557735013548, 11.879887577251122 ], [ 76.695423182771705, 11.880275387644778 ], [ 76.695212676919695, 11.880566351736887 ], [ 76.694665025364316, 11.881037671528921 ], [ 76.694286113790838, 11.881564176270592 ], [ 76.694202065714279, 11.88181346528218 ], [ 76.694174242874908, 11.882062690056181 ], [ 76.694273122507354, 11.882477901546528 ], [ 76.694456162617698, 11.882740733681135 ], [ 76.694512583134241, 11.882906798359974 ], [ 76.694723867318913, 11.883280350418266 ], [ 76.694752336038121, 11.883584888314683 ], [ 76.694612222070461, 11.883972682061245 ], [ 76.694443946306265, 11.884318974808943 ], [ 76.694163347117268, 11.884776145801618 ], [ 76.69378439769801, 11.885274961800203 ], [ 76.693068054718552, 11.885746469087296 ], [ 76.692225213500151, 11.886231960974582 ], [ 76.691691475191362, 11.886592505402691 ], [ 76.691513091679383, 11.886712363777908 ], [ 76.691430944589499, 11.886991668626793 ], [ 76.691316524214642, 11.887174232706064 ], [ 76.6911971334372, 11.887786639698392 ], [ 76.691209854224766, 11.888208287814601 ], [ 76.691057710458324, 11.888871070197077 ], [ 76.691049304465196, 11.889309947321564 ], [ 76.691046172834831, 11.889473458626533 ], [ 76.690941900651595, 11.889772593781483 ], [ 76.6921887222652, 11.890875723485751 ], [ 76.692425280454884, 11.891462031959062 ], [ 76.692526560210794, 11.892350492899151 ], [ 76.692939849365061, 11.892779795647085 ], [ 76.693854751236955, 11.893522145460469 ], [ 76.694268416137845, 11.894270868870432 ], [ 76.694499317805779, 11.894739699969104 ], [ 76.694671454291651, 11.89489922590581 ], [ 76.694897045702433, 11.89480459277442 ], [ 76.695567976288586, 11.89446732215711 ], [ 76.695597098638075, 11.894486494159922 ], [ 76.69612125177035, 11.894831549217555 ], [ 76.696165496670034, 11.894834606293086 ], [ 76.696370479447339, 11.894848772449922 ], [ 76.697498503362382, 11.894857346429932 ], [ 76.697521091941027, 11.894857517893204 ], [ 76.697625244419257, 11.894830743687049 ], [ 76.697903428065104, 11.894855693029147 ], [ 76.698081400987235, 11.894871654846858 ], [ 76.698928849402634, 11.895812663766208 ], [ 76.698980131464623, 11.895869608493317 ], [ 76.698995267853135, 11.896018830293585 ], [ 76.698334769364493, 11.896272428997305 ], [ 76.698229437954936, 11.896892310618862 ], [ 76.698314797755913, 11.897323957684341 ], [ 76.69864051944208, 11.897713547138006 ], [ 76.698987328346405, 11.897998657362615 ], [ 76.699058606391205, 11.898479064433371 ], [ 76.698776472008262, 11.899071295165866 ], [ 76.698720686733893, 11.899732902642496 ], [ 76.698756667918758, 11.900262096725447 ], [ 76.699026740242886, 11.901424708847971 ], [ 76.699119067272207, 11.901765820428748 ], [ 76.6989641979944, 11.902350941610013 ], [ 76.698597074778604, 11.902831852463114 ], [ 76.69802534498622, 11.903695995929542 ], [ 76.697715025497558, 11.904378785006918 ], [ 76.697758544423436, 11.905304896393233 ], [ 76.697962814845738, 11.906301051605118 ], [ 76.697719704452908, 11.906993332011877 ], [ 76.697122549265117, 11.907402841497708 ], [ 76.697106572448305, 11.907609093774129 ], [ 76.697001383952468, 11.907864565136135 ], [ 76.697001105029159, 11.907920629803264 ], [ 76.696998265908903, 11.908490971038143 ], [ 76.697036575397192, 11.908849418560532 ], [ 76.696712225006493, 11.909628343289626 ], [ 76.69650072036687, 11.910327059180275 ], [ 76.696582700432472, 11.910891974908642 ], [ 76.696714204052256, 11.911310020280389 ], [ 76.69685896208793, 11.91147446386093 ], [ 76.697039813952401, 11.911598825408543 ], [ 76.697275025500559, 11.911847694384207 ], [ 76.697655294933853, 11.912514592078363 ], [ 76.69774616699587, 11.912954927642579 ], [ 76.697828346890716, 11.91368445125468 ], [ 76.697720290377248, 11.913995996903511 ], [ 76.697720821458645, 11.914445332546105 ], [ 76.697884297765754, 11.915156967220867 ], [ 76.697884713132169, 11.915508428838816 ], [ 76.697740484419256, 11.915793321796784 ], [ 76.69709993483535, 11.916612648931991 ], [ 76.696495811421826, 11.917676622777892 ], [ 76.695552549639714, 11.918482944414423 ], [ 76.694893682871992, 11.919102088107866 ], [ 76.695003031415425, 11.919889417173582 ], [ 76.694854659361184, 11.920499082506012 ], [ 76.694670018638945, 11.921002016281014 ], [ 76.694137449326888, 11.921456406228614 ], [ 76.6938983644784, 11.921712329377231 ], [ 76.693817086015628, 11.921799331905749 ], [ 76.693572363749027, 11.922038468407539 ], [ 76.693655799964446, 11.922250462385589 ], [ 76.693564761714541, 11.923241320875286 ], [ 76.693665842463275, 11.923987232908377 ], [ 76.693586070460498, 11.924326786599277 ], [ 76.693522492223295, 11.924804473130793 ], [ 76.693567524387134, 11.925609658126339 ], [ 76.693745029898054, 11.92658047578856 ], [ 76.69382588516973, 11.927168522399091 ], [ 76.694043112859504, 11.927827465305192 ], [ 76.694380373684709, 11.928296803276782 ], [ 76.695174919405616, 11.929034033251417 ], [ 76.695616135151795, 11.929274312126907 ], [ 76.696663114593719, 11.929920464108994 ], [ 76.697665982230575, 11.930546925975984 ], [ 76.697904461101487, 11.930539283940506 ], [ 76.69821914996092, 11.930530505584278 ], [ 76.698235558988458, 11.930547394093372 ], [ 76.698276552515139, 11.930647038893529 ], [ 76.698277197098491, 11.930820058087624 ], [ 76.698321924102828, 11.931409584544054 ], [ 76.698358310707661, 11.931965249488643 ], [ 76.69835765155895, 11.931994444702729 ], [ 76.698354681598744, 11.932176381734687 ], [ 76.698386068550363, 11.93229831145576 ], [ 76.698443987889561, 11.932555559156787 ], [ 76.698539729662954, 11.933103372560963 ], [ 76.698540939794341, 11.933150579077518 ], [ 76.698602424012677, 11.933401154605205 ], [ 76.698037383018416, 11.934020666142761 ], [ 76.697927597806682, 11.933926502504351 ], [ 76.696828515229541, 11.934019245482826 ], [ 76.696736837538211, 11.934265840461343 ], [ 76.695804431222825, 11.934473433511553 ], [ 76.695825910752276, 11.935038845455319 ], [ 76.695763987675051, 11.935733927853574 ], [ 76.695682412335103, 11.936033651829202 ], [ 76.695539199919025, 11.936214045300249 ], [ 76.695587376492256, 11.937222161548853 ], [ 76.695455608207112, 11.937920711454938 ], [ 76.695808067225769, 11.938985377033115 ], [ 76.695845648329382, 11.939098895222338 ], [ 76.696355035315207, 11.940637572895684 ], [ 76.696847724590171, 11.941772677535727 ], [ 76.696912129733974, 11.941921055437829 ], [ 76.697038868859437, 11.942213048861229 ], [ 76.697626328451562, 11.943024382034832 ], [ 76.697644183079433, 11.943049042271394 ], [ 76.697691379405128, 11.943110504284652 ], [ 76.697847354590195, 11.943313627778927 ], [ 76.698357491591423, 11.94368913053234 ], [ 76.699036947118103, 11.943970783927897 ], [ 76.699515636697555, 11.944197426704072 ], [ 76.699735836940022, 11.944301683191785 ], [ 76.700486516614333, 11.944657100271188 ], [ 76.700604672537537, 11.944914220916662 ], [ 76.700701609652739, 11.945125167348298 ], [ 76.700853230406452, 11.945455109361973 ], [ 76.70175249240657, 11.946760454809054 ], [ 76.701825113985223, 11.94682656385455 ], [ 76.701936000900645, 11.946926816582318 ], [ 76.702121176330309, 11.947064149612759 ], [ 76.70232951654377, 11.947218662320934 ], [ 76.704520442334115, 11.948843511802524 ], [ 76.705037938989136, 11.947935808163715 ], [ 76.7065912727154, 11.947239202603516 ], [ 76.706999915035482, 11.947372895012439 ], [ 76.707059829646369, 11.947392497089636 ], [ 76.707478283152952, 11.947395728398707 ], [ 76.707598453814555, 11.947514591914155 ], [ 76.70878382892154, 11.947442693320834 ], [ 76.708810449113372, 11.947441078758443 ], [ 76.709419922413929, 11.947442423205219 ], [ 76.709708810793259, 11.947535168649932 ], [ 76.70981259786393, 11.947568490318956 ], [ 76.710005938847189, 11.947534869383135 ], [ 76.71050193683125, 11.947566103858636 ], [ 76.710736058129285, 11.947621525738038 ], [ 76.711307073154757, 11.947926950057402 ], [ 76.711859519853832, 11.948104281451849 ], [ 76.71229730180103, 11.948127702593787 ], [ 76.712885781082818, 11.948083892806043 ], [ 76.713858681006144, 11.948178505302332 ], [ 76.714418136561022, 11.948264036630947 ], [ 76.715055381203598, 11.948320737199612 ], [ 76.715639134054285, 11.948387080113482 ], [ 76.716807160401856, 11.948499329319093 ], [ 76.716875714297103, 11.948505030304185 ], [ 76.717027357077583, 11.948434747610724 ], [ 76.717841950138876, 11.94845842795919 ], [ 76.718372012962647, 11.948309664248031 ], [ 76.718766895728436, 11.948056850929659 ], [ 76.718818035497137, 11.948024110083026 ], [ 76.719328659122382, 11.947868592594366 ], [ 76.71971127866469, 11.947632222211503 ], [ 76.720519135155314, 11.947525751524527 ], [ 76.72077319824696, 11.947854093028663 ], [ 76.721025238024467, 11.94794227625831 ], [ 76.721592554724424, 11.94793656815018 ], [ 76.721976348256391, 11.947873079392398 ], [ 76.722249331141995, 11.947839718736049 ], [ 76.722716837386869, 11.947782586043578 ], [ 76.723076193654194, 11.948590763453259 ], [ 76.723098190966994, 11.948821183171532 ], [ 76.723237535038407, 11.948822114821363 ], [ 76.723352282357737, 11.948795186090731 ], [ 76.723695922762033, 11.948746601666491 ], [ 76.724265920855999, 11.948666015045593 ], [ 76.724297702123266, 11.948664674686176 ], [ 76.725642023246351, 11.948607971199287 ], [ 76.725639473471006, 11.948573877228011 ], [ 76.725680698616515, 11.948573232619905 ], [ 76.725668309283776, 11.946958071448032 ], [ 76.725736502454183, 11.946941542214553 ], [ 76.725744026713357, 11.946939492821354 ], [ 76.725869224941917, 11.946905397813811 ], [ 76.725979115467211, 11.946871575974352 ], [ 76.726016039281063, 11.946860211440548 ], [ 76.726515593739975, 11.946865287393162 ], [ 76.726782782393286, 11.946853208517371 ], [ 76.727328875758317, 11.946837307119118 ], [ 76.727402247853973, 11.94683517021498 ], [ 76.72742781760725, 11.945620851282969 ], [ 76.7274279036629, 11.945616758509528 ], [ 76.728048169972951, 11.945626463205063 ], [ 76.728160179582943, 11.945628215164868 ], [ 76.729497223312961, 11.94572756821978 ], [ 76.729606130652954, 11.945735660099668 ], [ 76.7295900166812, 11.945195980397573 ], [ 76.729648634748344, 11.945213152918907 ], [ 76.729760852691754, 11.945246027324842 ], [ 76.73010945799615, 11.94534815004369 ], [ 76.731393628426559, 11.94572490120887 ], [ 76.731740450881318, 11.945375461218946 ], [ 76.731883319428405, 11.945015806494853 ], [ 76.731950382915571, 11.944846980605082 ], [ 76.732153453360851, 11.944335776243538 ], [ 76.73307113201821, 11.944390458756338 ], [ 76.733077866583415, 11.944390859267846 ], [ 76.733078123221503, 11.944360335426149 ], [ 76.733085112556594, 11.943531181555336 ], [ 76.733085624621026, 11.943470372522251 ], [ 76.733070083565835, 11.94285485515929 ], [ 76.733620011961264, 11.941739179476576 ], [ 76.733785284232667, 11.940286200329155 ], [ 76.733888205385639, 11.939965177322554 ], [ 76.734945073806401, 11.939492578303401 ], [ 76.735012495448984, 11.939074085778881 ], [ 76.734907002936254, 11.938423807929635 ], [ 76.734834878406829, 11.938150969205791 ], [ 76.734586939432816, 11.937213048886461 ], [ 76.734581291715983, 11.937191680631075 ], [ 76.734504192993811, 11.936899604459068 ], [ 76.734324103196585, 11.935850597616168 ], [ 76.734358936554415, 11.935848319979508 ], [ 76.736035451756422, 11.935738656836238 ], [ 76.736112573177579, 11.935733611281817 ], [ 76.737241475137807, 11.93577162175376 ], [ 76.737559092044421, 11.935799853826127 ], [ 76.73773987503256, 11.935815922103348 ], [ 76.737810214606071, 11.935821040528358 ], [ 76.739062222870558, 11.936351984836175 ], [ 76.739481013165957, 11.936367882728378 ], [ 76.740690207902276, 11.936337897276399 ], [ 76.74086543818477, 11.936946143984787 ], [ 76.740953480802673, 11.937205299903741 ], [ 76.741183377811851, 11.937369192508296 ], [ 76.741711653776406, 11.937488839607688 ], [ 76.742720554041981, 11.937619799165734 ], [ 76.742825826859558, 11.937633464545632 ], [ 76.742886055266084, 11.937640511863281 ], [ 76.743894941488293, 11.937758566765906 ], [ 76.74393093724818, 11.937762778355456 ], [ 76.74406761052019, 11.937349115268235 ], [ 76.74413776597504, 11.937211876222769 ], [ 76.74417524316712, 11.93713856067366 ], [ 76.744395999767036, 11.937076817975196 ], [ 76.744694528513989, 11.936359927591381 ], [ 76.744685271661695, 11.936359124097809 ], [ 76.74468848223718, 11.936351564277247 ], [ 76.744691283135296, 11.936319860503398 ], [ 76.744696822340373, 11.936298181798925 ], [ 76.744710390935964, 11.936245008242235 ], [ 76.744925942997426, 11.935395533563305 ], [ 76.744769307000226, 11.935368004409403 ], [ 76.744647255458744, 11.93534654947287 ], [ 76.744354615533396, 11.935295038282336 ], [ 76.744255233811174, 11.935291607983938 ], [ 76.743731818933497, 11.935273888433834 ], [ 76.743622052740847, 11.935270172063174 ], [ 76.743621937923834, 11.935269752410392 ], [ 76.74360784994748, 11.935269266658818 ], [ 76.743517457428823, 11.934939585137382 ], [ 76.743419929373232, 11.934585015825707 ], [ 76.743323584530316, 11.934594362268445 ], [ 76.743235615092786, 11.934606773718349 ], [ 76.743166534957055, 11.934616519825054 ], [ 76.743166710886427, 11.934610669086853 ], [ 76.743149980114197, 11.9346130056839 ], [ 76.743172711377255, 11.933782140416669 ], [ 76.743038170413612, 11.933144279165791 ], [ 76.742835120682329, 11.932810708498234 ], [ 76.74281398894739, 11.932346127324537 ], [ 76.742791848435857, 11.931970193584393 ], [ 76.742663398314079, 11.93134790366026 ], [ 76.742706446991647, 11.930992387854189 ], [ 76.742561465947617, 11.929975005015899 ], [ 76.742582274349729, 11.929742914168466 ], [ 76.742571686846688, 11.929542776506523 ], [ 76.742540394309316, 11.929086649484301 ], [ 76.742546060142018, 11.928899918104948 ], [ 76.742585806162481, 11.928635977437603 ], [ 76.742666086478152, 11.92817204174478 ], [ 76.742672854576313, 11.928097001320797 ], [ 76.742700545790356, 11.927733599373225 ], [ 76.742730870423131, 11.927260068345177 ], [ 76.742769868609869, 11.926906791407481 ], [ 76.74278144672256, 11.926801932878403 ], [ 76.742528916213459, 11.925787315258724 ], [ 76.742558139525769, 11.925773831978876 ], [ 76.742557561520343, 11.92577147142228 ], [ 76.742739207642032, 11.925690289358604 ], [ 76.742949653277435, 11.925593192309336 ], [ 76.742947384463093, 11.925585208135544 ], [ 76.742945112895114, 11.925577223978761 ], [ 76.742964677231086, 11.925497073606989 ], [ 76.74302416907129, 11.925253354254615 ], [ 76.74274299678406, 11.92525261560956 ], [ 76.742709906932873, 11.925059866041234 ], [ 76.742738054570708, 11.924851201922605 ], [ 76.742800139799229, 11.924390938689038 ], [ 76.742779775204824, 11.923652526242845 ], [ 76.742874703968894, 11.922798920046468 ], [ 76.742941667370033, 11.922806325652839 ], [ 76.743012828849615, 11.92281419610234 ], [ 76.743020423626078, 11.922757900275428 ], [ 76.743687153194827, 11.920460902845234 ], [ 76.744033248112331, 11.919266401805331 ], [ 76.744553098415906, 11.918848339459316 ], [ 76.744674050637812, 11.918710532114385 ], [ 76.745071640157221, 11.91838204114338 ], [ 76.745762444043393, 11.917811289713931 ], [ 76.74624827120816, 11.917393540672267 ], [ 76.746265768542273, 11.917376146702805 ], [ 76.747941175897083, 11.915778986302618 ], [ 76.747831389472239, 11.91574799287152 ], [ 76.747732477577046, 11.915731495696166 ], [ 76.747092782952947, 11.915767115678134 ], [ 76.746940433340825, 11.915745905417163 ], [ 76.746142745554295, 11.915755357286169 ], [ 76.745887564341587, 11.91575036353939 ], [ 76.745229581741583, 11.915725239264251 ], [ 76.745083587324984, 11.915718869556786 ], [ 76.744048416024839, 11.91575606822758 ], [ 76.743952680718934, 11.915757747477945 ], [ 76.743935294944365, 11.915758044940167 ], [ 76.743908352001156, 11.915758413317777 ], [ 76.743833878732374, 11.915791399670983 ], [ 76.743726290034019, 11.915808902794764 ], [ 76.742994226220759, 11.915925379572727 ], [ 76.742040822041076, 11.9159613753323 ], [ 76.74200759985564, 11.915956778044061 ], [ 76.741155529529266, 11.915835911932048 ], [ 76.741091849384716, 11.915816388582311 ], [ 76.741013150406474, 11.915792200499475 ], [ 76.740885389446206, 11.915752789182781 ], [ 76.740828448544775, 11.915717367762777 ], [ 76.740824648792028, 11.915715002982328 ], [ 76.740788517264122, 11.915710629624813 ], [ 76.740130210512049, 11.915305488622476 ], [ 76.740138616918827, 11.915282268199821 ], [ 76.740464965662994, 11.913979920224447 ], [ 76.740356839731049, 11.912735581117593 ], [ 76.740420278077096, 11.911162530974249 ], [ 76.740756467188575, 11.908827328949668 ], [ 76.741048135106055, 11.907169517773495 ], [ 76.741377018674555, 11.90527868530874 ], [ 76.741445578446587, 11.905087037222934 ], [ 76.742269772520345, 11.905005220219874 ], [ 76.742340571409386, 11.904997860551552 ], [ 76.742411433438789, 11.904288447232336 ], [ 76.742485739730768, 11.903544556221005 ], [ 76.742553396153795, 11.903254089099313 ], [ 76.74320871574507, 11.901984715106902 ], [ 76.743461946961759, 11.902043899353416 ], [ 76.744560643783217, 11.902281500940722 ], [ 76.74464182844811, 11.902058810022549 ], [ 76.744648322538424, 11.902059896727584 ], [ 76.74465892809242, 11.90203077371468 ], [ 76.744898471197146, 11.902070783397676 ], [ 76.745054638365744, 11.900809680554978 ], [ 76.74507002666185, 11.90081081396962 ], [ 76.745076323679044, 11.900759772603886 ], [ 76.745860950701726, 11.900810391177549 ], [ 76.746033315528948, 11.899547687606963 ], [ 76.746040675464627, 11.899484800270967 ], [ 76.7468064837349, 11.899498957753025 ], [ 76.747044897535233, 11.899504856559428 ], [ 76.747045580125501, 11.899551557071018 ], [ 76.747066629159193, 11.899551670819179 ], [ 76.747065502269919, 11.899743257329412 ], [ 76.747154895001273, 11.899861242206775 ], [ 76.747509602145357, 11.899808569607794 ], [ 76.747642370716932, 11.899426780371906 ], [ 76.748049372919468, 11.899447486392011 ], [ 76.748811432776577, 11.899425284840843 ], [ 76.748723128175556, 11.8975917851575 ], [ 76.748243588593823, 11.896329319827673 ], [ 76.748205905143223, 11.89597874184912 ], [ 76.748222817233142, 11.895514124877351 ], [ 76.748221414548226, 11.895462228321183 ], [ 76.748734139847684, 11.895455739816704 ], [ 76.749068743628399, 11.895451118456505 ], [ 76.749369316057155, 11.895423626057541 ], [ 76.749646570711334, 11.895434170010518 ], [ 76.750149166602583, 11.895358750869441 ], [ 76.750178783583905, 11.895354448733221 ], [ 76.750352328889619, 11.895329572826862 ], [ 76.750366032916176, 11.895331044984555 ], [ 76.750408987052239, 11.895323802122824 ], [ 76.750575614617233, 11.895338004557336 ], [ 76.750910758019955, 11.895323115067438 ], [ 76.750987389451652, 11.895319706184958 ], [ 76.75099293381011, 11.895319914942377 ], [ 76.751019072972142, 11.895320924255479 ], [ 76.751914422116812, 11.895355220952444 ], [ 76.752006343557056, 11.895327894001277 ], [ 76.752401802186625, 11.895210300430158 ], [ 76.752473701615358, 11.895193661316013 ], [ 76.752994720654215, 11.895073065173117 ], [ 76.753228313438811, 11.895018998197436 ], [ 76.754288611324796, 11.894860935269131 ], [ 76.754288618045976, 11.894860934042534 ], [ 76.754289459590751, 11.894349134807459 ], [ 76.754289212190443, 11.89418280410449 ], [ 76.754351877859733, 11.894174206861372 ], [ 76.754351602274923, 11.89416333012019 ], [ 76.754513942021177, 11.894144514688001 ], [ 76.754864775139225, 11.89414383005753 ], [ 76.755032935992446, 11.894123954108423 ], [ 76.755376464835791, 11.894080012885938 ], [ 76.755436096310433, 11.894076302150145 ], [ 76.755437148734131, 11.894076177757817 ], [ 76.755449600794563, 11.894075461795735 ], [ 76.755804487040862, 11.894053378003498 ], [ 76.755956464699949, 11.89404399933883 ], [ 76.75599400318292, 11.894002888028929 ], [ 76.756067775454667, 11.893922180409266 ], [ 76.756100316091235, 11.893931703548446 ], [ 76.756116136909654, 11.893929451999366 ], [ 76.756122458054705, 11.893922456607536 ], [ 76.756136423782522, 11.893926564861118 ], [ 76.756278347618647, 11.893906366886883 ], [ 76.756325292018701, 11.893908604722501 ], [ 76.756332320650316, 11.893907636386844 ], [ 76.756486302451762, 11.893915569091268 ], [ 76.756734995188324, 11.893781709408691 ], [ 76.756757243739401, 11.8937800658193 ], [ 76.75729423726068, 11.893792865094442 ], [ 76.757297849682345, 11.893739496675225 ], [ 76.757316018750871, 11.893469299340298 ], [ 76.757208852251622, 11.892503261326294 ], [ 76.757588574684391, 11.892436176394959 ], [ 76.757705935632302, 11.892426872383339 ], [ 76.75782335528389, 11.892417278693145 ], [ 76.758426829716598, 11.892363449308576 ], [ 76.758639851379627, 11.892373697987399 ], [ 76.758751079992862, 11.892379107441 ], [ 76.759230607484469, 11.892251601000284 ], [ 76.759242044710504, 11.892250259747209 ], [ 76.759177907726553, 11.892107763464784 ], [ 76.758922594626569, 11.891540461836327 ], [ 76.758906587678425, 11.891438674324473 ], [ 76.758936657664876, 11.891418581595824 ], [ 76.758931473238221, 11.891386640466443 ], [ 76.758974120869908, 11.891358700847594 ], [ 76.7589752720191, 11.891299025755321 ], [ 76.758933617170882, 11.89106261595963 ], [ 76.758920965503293, 11.890919044898094 ], [ 76.758932018565687, 11.890920374434025 ], [ 76.758944692256591, 11.890921889498241 ], [ 76.758940586441639, 11.890882330603004 ], [ 76.758951525641081, 11.890883652712345 ], [ 76.758987917402564, 11.890888031553221 ], [ 76.759092251916414, 11.8906231661768 ], [ 76.759131027274464, 11.890520183291807 ], [ 76.759127104973615, 11.890145651790117 ], [ 76.759083872498962, 11.889046900043393 ], [ 76.759077888255263, 11.888868186015689 ], [ 76.759078864839267, 11.888128228242763 ], [ 76.759173206184713, 11.887193360458818 ], [ 76.759249364773865, 11.88687858048654 ], [ 76.759281553182447, 11.886613362534705 ], [ 76.759342378264094, 11.885577736526322 ], [ 76.759348276483379, 11.885477318479703 ], [ 76.759303215525307, 11.885368021108635 ], [ 76.759264877687471, 11.885185979585909 ], [ 76.759261607360244, 11.885143095624036 ], [ 76.75909087500321, 11.884164832377296 ], [ 76.759042002089117, 11.883772959301099 ], [ 76.758950689213222, 11.883061993643263 ], [ 76.758950400909839, 11.88303848220732 ], [ 76.758947120261425, 11.883012177293704 ], [ 76.758944742551179, 11.882745912684678 ], [ 76.758962736328129, 11.882127548905981 ], [ 76.758964244155877, 11.882060946938751 ], [ 76.758968564357914, 11.881850363922792 ], [ 76.758973480112488, 11.881601874419573 ], [ 76.758985998683656, 11.880969297371655 ], [ 76.758988040617766, 11.880868467605985 ], [ 76.758997144111333, 11.880821517417232 ], [ 76.758975113827645, 11.8807341771913 ], [ 76.758958998197059, 11.880601117023286 ], [ 76.75891734527022, 11.880440751938353 ], [ 76.758926021286427, 11.880294746449268 ], [ 76.758951598725005, 11.88012211914454 ], [ 76.758922111825413, 11.880127519459716 ], [ 76.758914955765704, 11.880128830455183 ], [ 76.758912951989927, 11.880097630311846 ], [ 76.75890991071644, 11.880050215177747 ], [ 76.758757860051929, 11.879181912583194 ], [ 76.758650611125333, 11.878604854212172 ], [ 76.758593536039342, 11.877998224247488 ], [ 76.758584980992126, 11.877951713015122 ], [ 76.758462020833818, 11.877268569224526 ], [ 76.758327512589602, 11.87632470090476 ], [ 76.758296222824896, 11.875979719758709 ], [ 76.758287277099811, 11.875883006209641 ], [ 76.758207223000667, 11.875392935509852 ], [ 76.758170301080554, 11.875090450783366 ], [ 76.758144668941227, 11.874892123553455 ], [ 76.758133337703228, 11.874827278366823 ], [ 76.758048436854011, 11.87410794508374 ], [ 76.758032990698439, 11.8739913478679 ], [ 76.757963174105299, 11.873457308152691 ], [ 76.757951045521281, 11.873085990229512 ], [ 76.757962116671976, 11.872992483201669 ], [ 76.757943952413683, 11.872723175211286 ], [ 76.757868074973601, 11.872009218273618 ], [ 76.757852686095276, 11.87184437929845 ], [ 76.757845212581074, 11.871845531309065 ], [ 76.757422180075878, 11.871912042296591 ], [ 76.757416938046376, 11.87188303081513 ], [ 76.757338395696792, 11.871901828707919 ], [ 76.757174271110316, 11.870529053337405 ], [ 76.757158829787812, 11.870443312447017 ], [ 76.757045861277987, 11.870407320312452 ], [ 76.756955488215723, 11.870378710422942 ], [ 76.755878937222704, 11.870450897534903 ], [ 76.755842893171916, 11.870453068516705 ], [ 76.755020975497771, 11.870472948980165 ], [ 76.754958023303374, 11.870473898413005 ], [ 76.753974790072803, 11.870502762735084 ], [ 76.753835643951192, 11.870511721814907 ], [ 76.752917946035609, 11.870568683112198 ], [ 76.75270896854262, 11.870579721630396 ], [ 76.752707499679929, 11.870579802149468 ], [ 76.751818757609229, 11.870631973849145 ], [ 76.751219796468931, 11.870624944785485 ], [ 76.750926463381461, 11.870621532267311 ], [ 76.750081716902628, 11.870532881359136 ], [ 76.749399361549592, 11.870460812262186 ], [ 76.749211093722423, 11.870428998963273 ], [ 76.749002288322629, 11.870407652068639 ], [ 76.748902932879915, 11.87039753491209 ], [ 76.74872518045899, 11.870429670072603 ], [ 76.74863725591824, 11.870432917657347 ], [ 76.747280052235126, 11.870482826920878 ], [ 76.747230256593554, 11.870450979026002 ], [ 76.74717046985711, 11.870412783792615 ], [ 76.747102420993357, 11.870369369517681 ], [ 76.747072294338849, 11.87035017118102 ], [ 76.747046968907242, 11.870334040136971 ], [ 76.746954105358768, 11.870320234687197 ], [ 76.746133266189489, 11.870194128353749 ], [ 76.745566666866281, 11.870105659209063 ], [ 76.744864610554188, 11.869924887128844 ], [ 76.744528468087239, 11.869934467048655 ], [ 76.744412082234433, 11.869620294944381 ], [ 76.744359712305211, 11.869619422113381 ], [ 76.743493906896063, 11.869622730402567 ], [ 76.743422878364925, 11.869620277529439 ], [ 76.742567071993719, 11.869595438848226 ], [ 76.742498428431844, 11.869596976495311 ], [ 76.742013832387471, 11.869607526121355 ], [ 76.741874303006966, 11.869599466383139 ], [ 76.741089845017981, 11.869550467266803 ], [ 76.740222975069216, 11.869435363792936 ], [ 76.739463305535992, 11.869408322937739 ], [ 76.736972623955793, 11.869312347267631 ], [ 76.736167658013713, 11.869339943763419 ], [ 76.735933719802532, 11.869333734437609 ], [ 76.735781486276736, 11.869329591494436 ], [ 76.733768807095473, 11.869390990551421 ], [ 76.733635252535166, 11.869416070112905 ], [ 76.733307685882181, 11.869403679160555 ], [ 76.732212437839877, 11.869407488750154 ], [ 76.732177254805521, 11.869160221846553 ], [ 76.732172644260913, 11.869127737138182 ], [ 76.732174896147626, 11.868548368652506 ], [ 76.732199062145028, 11.868192817227836 ], [ 76.732186384322688, 11.867585349075476 ], [ 76.732260491624274, 11.867131387872547 ], [ 76.732269960168196, 11.867074372761646 ], [ 76.73238988411282, 11.866356196239515 ], [ 76.732280174508773, 11.865415737108856 ], [ 76.732252327393681, 11.865171824074299 ], [ 76.732156426448938, 11.864315131162808 ], [ 76.732137170282826, 11.864319151508298 ], [ 76.732099416855704, 11.864327032066011 ], [ 76.731220702224277, 11.864509387613483 ], [ 76.73116620509154, 11.864536369209153 ], [ 76.731105298815734, 11.864449248822369 ], [ 76.730806119724861, 11.863518197366952 ], [ 76.730751976443557, 11.863278789315338 ], [ 76.730590525342706, 11.86257608465189 ], [ 76.730518462484056, 11.86209204598452 ], [ 76.730555267734573, 11.861851584282872 ], [ 76.730611004591694, 11.861486663351267 ], [ 76.730607626552455, 11.861135470989389 ], [ 76.730485706767567, 11.861129770537918 ], [ 76.730382971660589, 11.861121257972 ], [ 76.729961587561689, 11.861086411511494 ], [ 76.72948255892274, 11.860897069796446 ], [ 76.728984672459461, 11.860972004504191 ], [ 76.72880124345744, 11.860914338527381 ], [ 76.728778330591226, 11.860887828645538 ], [ 76.728094181761492, 11.860097040142865 ], [ 76.728092494571172, 11.860095090643478 ], [ 76.728056228801492, 11.859887428285568 ], [ 76.727911294457172, 11.859928192877643 ], [ 76.727531604673914, 11.859590963423337 ], [ 76.727511317297441, 11.859393015050674 ], [ 76.727390160848387, 11.859406423817425 ], [ 76.726191408366347, 11.859540392587947 ], [ 76.726122650060276, 11.859434202399274 ], [ 76.72608972701353, 11.85938337867646 ], [ 76.725912188080002, 11.859109554525556 ], [ 76.725809517075149, 11.858801042095791 ], [ 76.725413961767899, 11.858343399566605 ], [ 76.725388089298391, 11.858313179406748 ], [ 76.725138175004659, 11.858265497236246 ], [ 76.725137208537859, 11.85826227324327 ], [ 76.725100514140806, 11.85814007227963 ], [ 76.725085672015027, 11.858090679438343 ], [ 76.724946908233164, 11.858071440882213 ], [ 76.724937608158967, 11.858067281452996 ], [ 76.724921995917086, 11.858067969618629 ], [ 76.72489462639345, 11.858064147221977 ], [ 76.724028242904566, 11.858010828575093 ], [ 76.723964409755894, 11.858006391146262 ], [ 76.723809439269118, 11.857599774605289 ], [ 76.723738472879191, 11.857413689698431 ], [ 76.723675745008805, 11.857055925807312 ], [ 76.72365954499513, 11.856963705560949 ], [ 76.723558913705574, 11.856838046359101 ], [ 76.722719255329835, 11.856817082562007 ], [ 76.722681418254851, 11.856812418769449 ], [ 76.722559788674488, 11.856969606649894 ], [ 76.722193158954809, 11.857009652791469 ], [ 76.722111413919265, 11.856902156364267 ], [ 76.721768299224124, 11.856936111638014 ], [ 76.720870199883535, 11.857028466357493 ], [ 76.72075657781329, 11.856553795413243 ], [ 76.720693732288638, 11.856551966379667 ], [ 76.720583245016783, 11.856548788962215 ], [ 76.720473870383415, 11.85614768254052 ], [ 76.720367547489175, 11.855998807298601 ], [ 76.720297240869428, 11.8560053472854 ], [ 76.719775030088925, 11.856054560980718 ], [ 76.719705655115959, 11.856268051522507 ], [ 76.719210057536657, 11.85635244426622 ], [ 76.718871298194543, 11.856402796518827 ], [ 76.718574183574049, 11.85645797584397 ], [ 76.718367915510868, 11.855953787983591 ], [ 76.718254420693327, 11.855531673401469 ], [ 76.718241363090655, 11.855483004107551 ], [ 76.718220346204404, 11.855404618003686 ], [ 76.717512311164725, 11.855488045317561 ], [ 76.717477358383292, 11.855414350339521 ], [ 76.717471870506103, 11.855392530079229 ], [ 76.717467201643117, 11.855392929037286 ], [ 76.71738160301355, 11.855212291206152 ], [ 76.717116923074357, 11.855289875038032 ], [ 76.717084106639092, 11.855299501652857 ], [ 76.716826470801422, 11.855038355343657 ], [ 76.71666873691332, 11.855196036468882 ], [ 76.716662979983525, 11.855201782689649 ], [ 76.716277386820664, 11.855556908534952 ], [ 76.716248453832918, 11.85557058120437 ], [ 76.716219574620837, 11.855591182970802 ], [ 76.716198763724577, 11.855610787520309 ], [ 76.716177630167863, 11.855621105179919 ], [ 76.716064020007067, 11.855702152058566 ], [ 76.715249572010407, 11.856296017842219 ], [ 76.715317427830087, 11.856466952398499 ], [ 76.715382535680519, 11.856630962708557 ], [ 76.715525286943574, 11.857024732859378 ], [ 76.715878422670073, 11.857907599866561 ], [ 76.715955911387397, 11.85823716459938 ], [ 76.71588684737381, 11.858263127737324 ], [ 76.71588977805439, 11.858275296571968 ], [ 76.71557911869823, 11.858393167177296 ], [ 76.714807086924424, 11.85868450040082 ], [ 76.714643677345222, 11.858745808283333 ], [ 76.714593326234876, 11.858758626184619 ], [ 76.714295029959487, 11.858834349629781 ], [ 76.714255258136646, 11.858844414964084 ], [ 76.714079913629163, 11.858917474203677 ], [ 76.713637148543143, 11.859140230140911 ], [ 76.713542356505755, 11.859188931102031 ], [ 76.713545989467377, 11.859201205873861 ], [ 76.713893770752435, 11.860091605702534 ], [ 76.713915496744065, 11.860228544697671 ], [ 76.713856893560092, 11.860251490907693 ], [ 76.713820102005684, 11.860265898027389 ], [ 76.712980917539866, 11.860608540375127 ], [ 76.713019220709256, 11.860720304663516 ], [ 76.713009104711261, 11.860724077632065 ], [ 76.713269738031798, 11.861669350033598 ], [ 76.713330904915793, 11.861629790491708 ], [ 76.713752812027039, 11.861460844996945 ], [ 76.71394690833128, 11.861979056883605 ], [ 76.713958056662364, 11.861984365280049 ], [ 76.714178118465838, 11.862706641876031 ], [ 76.714460495221729, 11.862700379158419 ], [ 76.714462615795938, 11.862714270336376 ], [ 76.714471425576505, 11.862763931918334 ], [ 76.714510763299515, 11.862924049514064 ], [ 76.714675050577966, 11.863700850365959 ], [ 76.714731845191565, 11.864042123352826 ], [ 76.715163596409894, 11.863996584109193 ], [ 76.715194498656828, 11.864003717109249 ], [ 76.715296630473347, 11.864922400378207 ], [ 76.715235186575498, 11.865003587362933 ], [ 76.715232305046868, 11.865055906055307 ], [ 76.715202251964001, 11.865102123178037 ], [ 76.715168161100678, 11.866186126808088 ], [ 76.715158621485358, 11.866489419075908 ], [ 76.715134182821032, 11.866604999327523 ], [ 76.715094073880124, 11.866862855238427 ], [ 76.71507616038501, 11.867225613779357 ], [ 76.715038886617563, 11.867217627234798 ], [ 76.715038321935751, 11.86722125921049 ], [ 76.715060974114266, 11.867344305441595 ], [ 76.71516242335683, 11.867895381727443 ], [ 76.715252027261386, 11.867910287132366 ], [ 76.715774726617425, 11.867997235880322 ], [ 76.715840652511645, 11.86800820241586 ], [ 76.715915813686237, 11.868020703886982 ], [ 76.716203752126901, 11.868068600872721 ], [ 76.716296054941722, 11.868759673283648 ], [ 76.71632060324032, 11.868989076518845 ], [ 76.716412063079915, 11.86983685853075 ], [ 76.716424214858122, 11.869949507491976 ], [ 76.71644282728613, 11.869955574056327 ], [ 76.716930134792491, 11.870114363954322 ], [ 76.717086134766916, 11.87073319565518 ], [ 76.717229972768223, 11.871303788211108 ], [ 76.717413379559048, 11.871801615387399 ], [ 76.717992115803156, 11.871725325389649 ], [ 76.718043789690043, 11.871718513591786 ], [ 76.718316157468749, 11.872245591447394 ], [ 76.718416087959639, 11.872379674914342 ], [ 76.719013149466306, 11.872377853494729 ], [ 76.719037199256547, 11.872377780461907 ], [ 76.719108281579821, 11.872470143590389 ], [ 76.719137625141329, 11.872635910842797 ], [ 76.719159061716624, 11.872949953132586 ], [ 76.719152667037065, 11.873013731071875 ], [ 76.719173163674796, 11.873386000264754 ], [ 76.719262333295674, 11.873902777357918 ], [ 76.719360678918477, 11.874173554093082 ], [ 76.719613888040413, 11.874406779518594 ], [ 76.719898653453924, 11.874593259003865 ], [ 76.720047511542234, 11.874807928535803 ], [ 76.720088817664305, 11.874972908612172 ], [ 76.720210120717411, 11.875900661633869 ], [ 76.720321462547517, 11.876448548726643 ], [ 76.720325027378223, 11.876769264072461 ], [ 76.720255672251739, 11.876925037336768 ], [ 76.719011201921347, 11.877294830365535 ], [ 76.718579901522489, 11.877301886991987 ], [ 76.718304827503644, 11.877961433523883 ], [ 76.718271977295885, 11.878141174757683 ], [ 76.719111162714469, 11.877979758029335 ], [ 76.720018281305414, 11.8776916442587 ], [ 76.720085691983641, 11.877793882518612 ], [ 76.721627672538162, 11.878564563381346 ], [ 76.721846583260429, 11.878800143682088 ], [ 76.72209188001824, 11.879378662060093 ], [ 76.722182929555984, 11.879539148403868 ], [ 76.722237299115122, 11.879529073071346 ], [ 76.722594837535652, 11.879478584185552 ], [ 76.722776239524023, 11.879460794382643 ], [ 76.722814187692776, 11.87945707364802 ], [ 76.723205961868032, 11.879568179464547 ], [ 76.723487648880266, 11.879784645923651 ], [ 76.723724179161309, 11.880182215787473 ], [ 76.724529156684, 11.880115151403293 ], [ 76.724553722811876, 11.880166399303695 ], [ 76.724584366777961, 11.880230326227677 ], [ 76.724671693072338, 11.880458853396838 ], [ 76.724699321640244, 11.880505220130322 ], [ 76.72479692486057, 11.88072699692564 ], [ 76.724821954147103, 11.880825413762411 ], [ 76.724825163149006, 11.880837410625617 ], [ 76.724833635717118, 11.880873140688927 ], [ 76.72484502715821, 11.880910207978024 ], [ 76.724898574709215, 11.881084470821293 ], [ 76.724930572667134, 11.881296378131285 ], [ 76.72497306065452, 11.88155187763167 ], [ 76.725078821892666, 11.882062807479171 ], [ 76.725176346919724, 11.882533937879998 ], [ 76.725258107718275, 11.882890535858019 ], [ 76.725300129780365, 11.883059542738428 ], [ 76.725302925949322, 11.883085115196408 ], [ 76.725380180297876, 11.883791422703357 ], [ 76.725392008607727, 11.883899560877477 ], [ 76.725491533173525, 11.884936729211324 ], [ 76.725315843858368, 11.885000192756271 ], [ 76.72531723886965, 11.885045784011755 ], [ 76.725344749498973, 11.885944667538109 ], [ 76.725314849737018, 11.886285788192907 ], [ 76.725278880392651, 11.886696148320079 ], [ 76.725237498188307, 11.887543706887078 ], [ 76.72523555399026, 11.887712246466158 ], [ 76.725233958148294, 11.88785070346902 ], [ 76.725232825131641, 11.887948984391873 ], [ 76.725218620582652, 11.889180923082678 ], [ 76.725236367059935, 11.889450066954819 ], [ 76.725297409227281, 11.890375841702749 ], [ 76.725304930082885, 11.890539826154951 ], [ 76.72532068804081, 11.890883417566597 ], [ 76.72533903084458, 11.891283376357556 ], [ 76.725354474711409, 11.891368398669789 ], [ 76.72534643759893, 11.891369961042242 ], [ 76.725320994140986, 11.891372271633783 ], [ 76.724808826980748, 11.891418784282507 ], [ 76.723955349224582, 11.891495272002656 ], [ 76.723610372782801, 11.891524949056143 ], [ 76.723585598318024, 11.891527829429577 ], [ 76.723356352569851, 11.891554474414104 ], [ 76.723156976285622, 11.891577648220792 ], [ 76.722341800320237, 11.891657302587442 ], [ 76.72235696064736, 11.891933734261857 ], [ 76.722324128610708, 11.891976083089334 ], [ 76.722130438625214, 11.891985340167917 ], [ 76.721042281195992, 11.892001138604822 ], [ 76.720488100730577, 11.892010086777372 ], [ 76.719625992203859, 11.892025387580809 ], [ 76.718403649381841, 11.892077642419329 ], [ 76.717102028223607, 11.892037522022827 ], [ 76.716220183773686, 11.892025897429273 ], [ 76.715239004316487, 11.892076035642917 ], [ 76.714475046835418, 11.89211502934744 ], [ 76.713429412782276, 11.892148921584997 ], [ 76.713061247387742, 11.892172932295306 ], [ 76.712404066251466, 11.892211793025622 ], [ 76.711240577733321, 11.892220434658737 ], [ 76.711035640437174, 11.892300050832739 ], [ 76.711032612934673, 11.892274151344731 ], [ 76.711006902147702, 11.892163851519362 ], [ 76.711004140328711, 11.89213331845599 ], [ 76.711025614239333, 11.892115720778976 ], [ 76.710995113876805, 11.891620342520103 ], [ 76.710985711373908, 11.891467642342546 ], [ 76.711013114501455, 11.890947150475373 ], [ 76.711005501944484, 11.890884044077911 ], [ 76.711012824743705, 11.890786524146932 ], [ 76.710876659384056, 11.889612058145911 ], [ 76.710870978181916, 11.889563061008575 ], [ 76.710692427967615, 11.887852489986079 ], [ 76.710689083244276, 11.887820454411177 ], [ 76.710502325091852, 11.88624250220581 ], [ 76.710487464647031, 11.886116939739527 ], [ 76.710320714644766, 11.884857515991076 ], [ 76.710251057084051, 11.884331404108323 ], [ 76.710225956013517, 11.884285297912955 ], [ 76.710129211955362, 11.884107594585926 ], [ 76.709516187284763, 11.882376683187132 ], [ 76.709506859653501, 11.882359101274488 ], [ 76.70933412436716, 11.882033475266542 ], [ 76.709297488194736, 11.881964411771939 ], [ 76.709221047085634, 11.881762213877417 ], [ 76.709082723802084, 11.881396326029403 ], [ 76.708813800107109, 11.880684974677095 ], [ 76.70875784525704, 11.880536967105799 ], [ 76.708409741728246, 11.879659408979446 ], [ 76.708388886537193, 11.879606833292854 ], [ 76.708283679971643, 11.879228800219648 ], [ 76.70819754767102, 11.878919302396302 ], [ 76.707977608148397, 11.878098572349213 ], [ 76.707738567439804, 11.877311718165164 ], [ 76.707567663524728, 11.876568806346661 ], [ 76.707547419673929, 11.876480803615269 ], [ 76.707511947528275, 11.876350703405963 ], [ 76.707193020320332, 11.875180964353762 ], [ 76.707153888624859, 11.875179734486702 ], [ 76.707132867710641, 11.875110456836859 ], [ 76.706856008156535, 11.875131364806563 ], [ 76.705999910807293, 11.875196011153038 ], [ 76.705777381876047, 11.87530666513185 ], [ 76.705709263383838, 11.875340536999943 ], [ 76.70569853086019, 11.875078923810165 ], [ 76.705651009283244, 11.874941668638797 ], [ 76.704654893163408, 11.874822829357347 ], [ 76.704637407961386, 11.874820801433065 ], [ 76.703940906038255, 11.874506097934434 ], [ 76.703893046542319, 11.874515899035945 ], [ 76.70385302170024, 11.874524096246935 ], [ 76.703785144542252, 11.874537997116139 ], [ 76.703807346175708, 11.87461668044479 ] ] ] } }
]
}
