{
"type": "FeatureCollection",
"name": "hoblis_in_police_area.writing_20260805_172659",
"crs": { "type": "name", "properties": { "name": "urn:ogc:def:crs:OGC:1.3:CRS84" } },
"features": [
{ "type": "Feature", "properties": { "OBJECTID": 919, "KGISHobliID": 935, "KGISHobliCode": "210102", "KGISHobliName": "Sompura", "BhuCodeHobli": null, "SHAPE.STArea()": 305401.72875354002, "SHAPE.STLength()": 2523.7168378636547, "KGISTalukCode": "2101", "created_user": null, "created_date": null, "last_edited_user": null, "last_edited_date": null, "_overlap_percent": 98.012214236409093, "_police_station": "Dobbespet PS", "_police_feature_index": "674", "_admin_layer": "Hobli", "_geometry_clipped": true }, "geometry": { "type": "Polygon", "coordinates": [ [ [ 77.292318982052407, 13.191046854044645 ], [ 77.292718264055978, 13.191029030042669 ], [ 77.292800494358474, 13.191016009371717 ], [ 77.292942926304022, 13.190999759660722 ], [ 77.29295608881003, 13.190997080998168 ], [ 77.292993119307553, 13.190998410284099 ], [ 77.293228749037141, 13.190941238437157 ], [ 77.294306158978301, 13.190716054803158 ], [ 77.294615650173114, 13.190642531711026 ], [ 77.296257465778638, 13.19045824116353 ], [ 77.296321859579692, 13.190458187008202 ], [ 77.296573938219893, 13.190304602124883 ], [ 77.296640335973635, 13.190278488983177 ], [ 77.297018905258298, 13.190033768776281 ], [ 77.297660731830902, 13.189619400862579 ], [ 77.297762106552625, 13.189554016124337 ], [ 77.297618417470702, 13.189279033642618 ], [ 77.296999129775656, 13.188744382460449 ], [ 77.297012326948547, 13.188727234710287 ], [ 77.296992080997853, 13.188709873812359 ], [ 77.297247680778867, 13.18838100862393 ], [ 77.297208907211527, 13.187745574884993 ], [ 77.297174410067981, 13.187333854759391 ], [ 77.297158556084824, 13.18714410236772 ], [ 77.296652000939162, 13.187177898001321 ], [ 77.296522198486997, 13.187053524025337 ], [ 77.296266278619129, 13.186731043054795 ], [ 77.295248799859749, 13.186116364145594 ], [ 77.295245319441804, 13.186114673056741 ], [ 77.295184861848156, 13.186085292732711 ], [ 77.294623998177499, 13.185768572926374 ], [ 77.294575591523639, 13.185746677491158 ], [ 77.294516565117036, 13.18577244200649 ], [ 77.290947470095816, 13.187214374168525 ], [ 77.291208653990495, 13.189134618174613 ], [ 77.291958726037009, 13.188912832407578 ], [ 77.292283831186239, 13.188834898607027 ], [ 77.292417190293492, 13.188802912951619 ], [ 77.292406580790029, 13.188883541246971 ], [ 77.292438864406364, 13.188875208037954 ], [ 77.292357503805007, 13.189467404008438 ], [ 77.292346609061099, 13.189569210477595 ], [ 77.291582605382104, 13.189667241687763 ], [ 77.291413649783351, 13.189703389394346 ], [ 77.291475896992438, 13.191284358938624 ], [ 77.292318982052407, 13.191046854044645 ] ] ] } },
{ "type": "Feature", "properties": { "OBJECTID": 920, "KGISHobliID": 936, "KGISHobliCode": "210102", "KGISHobliName": "Sompura", "BhuCodeHobli": null, "SHAPE.STArea()": 151162676.48423436, "SHAPE.STLength()": 111378.1102639231, "KGISTalukCode": "2101", "created_user": null, "created_date": null, "last_edited_user": "SURESHBV2", "last_edited_date": 1781583949000.0, "_overlap_percent": 99.673522573166267, "_police_station": "Dobbespet PS", "_police_feature_index": "674", "_admin_layer": "Hobli", "_geometry_clipped": true }, "geometry": { "type": "MultiPolygon", "coordinates": [ [ [ [ 77.208045760777921, 13.26193558010992 ], [ 77.208329420007075, 13.261934130742265 ], [ 77.208350715734795, 13.261931511778393 ], [ 77.208471703675826, 13.261916626127213 ], [ 77.208598735951227, 13.261836780989661 ], [ 77.208829099940502, 13.26179434441749 ], [ 77.209065209067816, 13.261736774156601 ], [ 77.209494015384379, 13.261667603850015 ], [ 77.209549402778677, 13.261658670929275 ], [ 77.210119976223936, 13.261566636238104 ], [ 77.21027273078434, 13.261543558886272 ], [ 77.210603630516587, 13.261493567287522 ], [ 77.211028160036847, 13.261429430591804 ], [ 77.211557154249505, 13.261353925216046 ], [ 77.211647316878796, 13.261341056527543 ], [ 77.211951737034312, 13.261297607724662 ], [ 77.212646652901711, 13.261184722959269 ], [ 77.212898420144995, 13.261143823941596 ], [ 77.21385173279765, 13.26100178715674 ], [ 77.214804600693114, 13.260850753233532 ], [ 77.215157293948394, 13.260795991441931 ], [ 77.215606946238111, 13.260898023483197 ], [ 77.216395715483529, 13.261099026896126 ], [ 77.2169232299985, 13.261215484611311 ], [ 77.217195372700289, 13.261275562580764 ], [ 77.217995478476382, 13.261461087439878 ], [ 77.218808247616934, 13.261658115673679 ], [ 77.219231286184623, 13.261741689737351 ], [ 77.219439667880309, 13.262102749791051 ], [ 77.219782014910265, 13.262757286928611 ], [ 77.219915940975753, 13.263011621442576 ], [ 77.220112764211223, 13.263385402461322 ], [ 77.220295221078928, 13.26371146600272 ], [ 77.220674333954477, 13.264436610348271 ], [ 77.221013815347675, 13.265094266500569 ], [ 77.221471064014935, 13.265954685993195 ], [ 77.221775548410676, 13.266523618907689 ], [ 77.22215612259923, 13.267270519171984 ], [ 77.222283282503767, 13.267492349772953 ], [ 77.222055323547949, 13.268046424666109 ], [ 77.222054555375024, 13.268048283829833 ], [ 77.221731619367375, 13.268752522710972 ], [ 77.221463584451882, 13.269390450578566 ], [ 77.221190802377251, 13.26998478834942 ], [ 77.220932357724806, 13.270606880108968 ], [ 77.220668150683721, 13.271164817420022 ], [ 77.220611890247781, 13.271304712681584 ], [ 77.220525567140854, 13.271519368942316 ], [ 77.220359444256459, 13.271889636670506 ], [ 77.220258479297755, 13.272114882912478 ], [ 77.220226021441022, 13.272187291823178 ], [ 77.220077299853202, 13.272519078922118 ], [ 77.219925362340547, 13.272867768620543 ], [ 77.219798386669751, 13.273159163984792 ], [ 77.21962774533705, 13.273567844049154 ], [ 77.219766407550111, 13.274129865968431 ], [ 77.219870074082948, 13.274550043704769 ], [ 77.219887875868707, 13.274621322249407 ], [ 77.220062072360562, 13.27531878617396 ], [ 77.220342730081512, 13.276504379065694 ], [ 77.220574562901433, 13.277570886952947 ], [ 77.220799044687979, 13.278488368539708 ], [ 77.221040442085638, 13.279517402809429 ], [ 77.221229663054245, 13.280347274109472 ], [ 77.221418717616146, 13.281173774099051 ], [ 77.221617977583634, 13.281999855696675 ], [ 77.221806201926157, 13.282809462298447 ], [ 77.222066252611086, 13.283863428839792 ], [ 77.222097893164118, 13.283990142799199 ], [ 77.222174577700557, 13.284297267168547 ], [ 77.222173627819487, 13.284303086769393 ], [ 77.22198190471245, 13.285475931196839 ], [ 77.221887866388741, 13.286051212344354 ], [ 77.222415990706423, 13.287664922386245 ], [ 77.222477764951293, 13.287853671588055 ], [ 77.222656809938456, 13.288999486525224 ], [ 77.222687612370407, 13.289196599206891 ], [ 77.222954972052591, 13.290233425588195 ], [ 77.22296492624416, 13.290272016129549 ], [ 77.22304166687438, 13.29060821192612 ], [ 77.223083013926953, 13.290789349943477 ], [ 77.223044377866316, 13.292742283300917 ], [ 77.22288114880098, 13.294514739505571 ], [ 77.222873291132942, 13.296378712369179 ], [ 77.222954835577042, 13.296618159321905 ], [ 77.223185549505075, 13.297295644309143 ], [ 77.22446078562011, 13.301040230447203 ], [ 77.224554545717766, 13.301200865346319 ], [ 77.227143785497759, 13.305636811298116 ], [ 77.227269004136531, 13.305851332752276 ], [ 77.227327740668301, 13.306771656510826 ], [ 77.227399082850653, 13.307889490996612 ], [ 77.227453687836515, 13.308058522396877 ], [ 77.228075304972393, 13.309982739444907 ], [ 77.228169090501865, 13.310723554005056 ], [ 77.228171186645397, 13.310732508706479 ], [ 77.228529356685712, 13.312264423100897 ], [ 77.228686522474007, 13.312493937747407 ], [ 77.228874764862226, 13.313590615724651 ], [ 77.228836552630511, 13.313904429896889 ], [ 77.228964818291814, 13.314139744669275 ], [ 77.228982604755998, 13.314136729093962 ], [ 77.229009186253805, 13.314132219755765 ], [ 77.229027899149457, 13.314129044577038 ], [ 77.229035843290035, 13.314127697100922 ], [ 77.229050726462347, 13.314125172721873 ], [ 77.229141989613211, 13.314109690204624 ], [ 77.229148058955232, 13.314108660093975 ], [ 77.229282289337405, 13.314085889325964 ], [ 77.229335557214441, 13.314076840750186 ], [ 77.229344272324028, 13.314111164333616 ], [ 77.229368974201009, 13.314106816374421 ], [ 77.229411518066513, 13.314284471387429 ], [ 77.229412443353866, 13.314284375545128 ], [ 77.22943421755707, 13.3142825867398 ], [ 77.229465711588858, 13.314279998718989 ], [ 77.229539946342513, 13.314273899799447 ], [ 77.229563425708122, 13.314238853139537 ], [ 77.229603210152632, 13.314355482777195 ], [ 77.229635993645985, 13.314469746718698 ], [ 77.229642132801047, 13.314491144511948 ], [ 77.229767698412871, 13.314560919819172 ], [ 77.229894744921978, 13.314440826314103 ], [ 77.230253135647047, 13.314172160481199 ], [ 77.230331092582787, 13.313998522168152 ], [ 77.230396507229287, 13.31401702237712 ], [ 77.230474360777961, 13.314039042293144 ], [ 77.230441991747469, 13.314206135960092 ], [ 77.230563213485937, 13.31412559429797 ], [ 77.230582328139235, 13.314112894800923 ], [ 77.230584042563365, 13.314111690559306 ], [ 77.23067997359621, 13.314044342244054 ], [ 77.230746666344118, 13.313984487058214 ], [ 77.231030488098767, 13.313785711780714 ], [ 77.231285347846182, 13.31368545356575 ], [ 77.231515751297252, 13.31361118887626 ], [ 77.231550063915549, 13.313600129589679 ], [ 77.231586230289338, 13.313588472068313 ], [ 77.231589942371329, 13.313587270145097 ], [ 77.231594041777626, 13.313585944634792 ], [ 77.231619082559135, 13.313577847603602 ], [ 77.231625463486608, 13.31357578275049 ], [ 77.231651139039329, 13.313567479531415 ], [ 77.231687488134455, 13.313555725509749 ], [ 77.231778936071706, 13.313528143547979 ], [ 77.232011243360432, 13.313458079874307 ], [ 77.232050981040487, 13.313394629039969 ], [ 77.23206150178838, 13.313377830209923 ], [ 77.232346253588787, 13.312923164040717 ], [ 77.232379263545255, 13.312870464999227 ], [ 77.232389374914476, 13.312849173287312 ], [ 77.232572474583534, 13.312463612169838 ], [ 77.232632477673803, 13.312127430548589 ], [ 77.232595257301497, 13.3120302097891 ], [ 77.232558358524486, 13.311933039506199 ], [ 77.232542353770313, 13.311890891128398 ], [ 77.232443241751625, 13.31176867505782 ], [ 77.23250855957744, 13.311710632581518 ], [ 77.232574051269395, 13.311652435850533 ], [ 77.232597073613618, 13.31158189564621 ], [ 77.232680265229746, 13.311326998815646 ], [ 77.232689247557644, 13.31129880514742 ], [ 77.232712518149853, 13.311225758794258 ], [ 77.232721849972322, 13.311221400768996 ], [ 77.23298430044315, 13.311098847966912 ], [ 77.233084413267136, 13.311037960252627 ], [ 77.233290574075212, 13.310880017992632 ], [ 77.23330173749396, 13.31085705071782 ], [ 77.233315886696047, 13.310827940504746 ], [ 77.233330140032507, 13.31079861521491 ], [ 77.233369364545013, 13.310717913944313 ], [ 77.233393331758677, 13.310668542913598 ], [ 77.233412108105085, 13.310645156275109 ], [ 77.233440264292966, 13.310705312778687 ], [ 77.233449256932843, 13.310686469847102 ], [ 77.2334730046814, 13.310636713083616 ], [ 77.233562074390704, 13.310524295154092 ], [ 77.233996121392124, 13.310262011120242 ], [ 77.234035046023337, 13.310246437137071 ], [ 77.234111512665734, 13.310215847110042 ], [ 77.234260346576903, 13.310221990146649 ], [ 77.234594494540801, 13.310235777625744 ], [ 77.234679186238736, 13.310173842213006 ], [ 77.23474039347586, 13.310129080887144 ], [ 77.234856461468269, 13.310153088395001 ], [ 77.235098759869999, 13.310203206019578 ], [ 77.235299317081143, 13.310244687887293 ], [ 77.235383600259027, 13.310308891846187 ], [ 77.235525716876481, 13.310482929959727 ], [ 77.235712775405759, 13.31071200284758 ], [ 77.235819089714809, 13.310819920982574 ], [ 77.236249269168937, 13.311110746856965 ], [ 77.236311566364719, 13.311152864109106 ], [ 77.236407497614124, 13.311143132936616 ], [ 77.237049169779382, 13.310988708271999 ], [ 77.23723301725542, 13.310893693306642 ], [ 77.237415069031911, 13.310730168214313 ], [ 77.237385380614995, 13.3102973834088 ], [ 77.237376393598126, 13.310165771230828 ], [ 77.237453284838097, 13.31007579270528 ], [ 77.237564786953712, 13.309949366793214 ], [ 77.237631553523258, 13.309594297449189 ], [ 77.237608318057369, 13.309489668484398 ], [ 77.237543060988713, 13.309358922506744 ], [ 77.237624001544773, 13.309194398635199 ], [ 77.237840727799323, 13.309023411244336 ], [ 77.237897068878794, 13.308978960531693 ], [ 77.237930178894132, 13.308978071681194 ], [ 77.237939568930543, 13.308970681140583 ], [ 77.237973791258256, 13.308969995580734 ], [ 77.238584471854239, 13.308957749506895 ], [ 77.238641265205885, 13.308956613728876 ], [ 77.239341214389867, 13.309021183627802 ], [ 77.239455734228414, 13.308899654330075 ], [ 77.239470761996003, 13.308883706534472 ], [ 77.239527216961847, 13.308857078216846 ], [ 77.239645487172766, 13.30873219624889 ], [ 77.239812774226721, 13.308366785849893 ], [ 77.23987312646463, 13.308226078361603 ], [ 77.239936048029904, 13.30783427627234 ], [ 77.239908240956296, 13.307813207335188 ], [ 77.239914990909412, 13.307770416142535 ], [ 77.239936449721426, 13.307674087212087 ], [ 77.240026602813899, 13.307575492590255 ], [ 77.240084516880614, 13.307552182464699 ], [ 77.240121210499851, 13.307537414400006 ], [ 77.240132771244078, 13.307532760880012 ], [ 77.240151105180274, 13.307525381928659 ], [ 77.24039202862015, 13.307436461099927 ], [ 77.240528622367535, 13.307351023837008 ], [ 77.240593668658363, 13.307265513639242 ], [ 77.240580156998803, 13.30718854612312 ], [ 77.240507264591784, 13.307076208409004 ], [ 77.240480905577371, 13.306877705984308 ], [ 77.240497689289498, 13.306823557158488 ], [ 77.240483304409366, 13.306710314857849 ], [ 77.240481956667921, 13.306699708211505 ], [ 77.240510270212766, 13.306641664273247 ], [ 77.240774406190354, 13.30640857433441 ], [ 77.240874593920807, 13.306379261617817 ], [ 77.241210173156674, 13.306347711561394 ], [ 77.241246680280312, 13.306333160078509 ], [ 77.241342096861516, 13.306295128611826 ], [ 77.241346112349532, 13.306293528103321 ], [ 77.241366198264799, 13.306207501768531 ], [ 77.241428105548934, 13.305873673384596 ], [ 77.241449440134346, 13.305801828407473 ], [ 77.241477295403456, 13.305783819763715 ], [ 77.241490691909121, 13.305736463831682 ], [ 77.241568053517142, 13.305684489598274 ], [ 77.241649491834821, 13.305684015957404 ], [ 77.24170944747604, 13.305727042698392 ], [ 77.241842766993486, 13.305822725242347 ], [ 77.24188328897101, 13.305821953038164 ], [ 77.241899131948699, 13.305775618783084 ], [ 77.241866264833405, 13.305471733410114 ], [ 77.241880242468184, 13.305427826621962 ], [ 77.241910850978442, 13.305384133460553 ], [ 77.241921822605747, 13.305347525759892 ], [ 77.241930680780186, 13.305334316484217 ], [ 77.241917058718812, 13.305243200655658 ], [ 77.24191551704196, 13.305232780075263 ], [ 77.241698336355327, 13.304937711079498 ], [ 77.241558750357783, 13.304747594945869 ], [ 77.241496594132883, 13.304685773110977 ], [ 77.241500370819779, 13.304575248737956 ], [ 77.241519378523023, 13.304534247780737 ], [ 77.241519000458922, 13.304487793971632 ], [ 77.241559276021874, 13.304395460227859 ], [ 77.24179339415592, 13.304070634404589 ], [ 77.241828019930537, 13.30399964446646 ], [ 77.241910266283398, 13.303956179951989 ], [ 77.241984511244766, 13.303952784386926 ], [ 77.24201935441998, 13.303928246875365 ], [ 77.242267104748876, 13.303792173016204 ], [ 77.242270634405486, 13.303714895266227 ], [ 77.242234104262124, 13.303557008800103 ], [ 77.242231351148419, 13.303530742060879 ], [ 77.242263738208706, 13.303429245512616 ], [ 77.242187227170405, 13.303379317519315 ], [ 77.242087720260272, 13.303314383449292 ], [ 77.241988243877771, 13.303250154795617 ], [ 77.241993315407001, 13.302939069771288 ], [ 77.241998894451811, 13.302901528146316 ], [ 77.242018554901662, 13.302769281417325 ], [ 77.242141024961455, 13.302629441667102 ], [ 77.242211337176613, 13.302569220740109 ], [ 77.242332812423953, 13.302553564176108 ], [ 77.24265044923429, 13.30247382204556 ], [ 77.242967601813618, 13.302451895890076 ], [ 77.243230895909718, 13.302380495004863 ], [ 77.243310682483667, 13.302388756454842 ], [ 77.243344262370186, 13.302207394953751 ], [ 77.243431682456091, 13.302207282874646 ], [ 77.243437540302665, 13.302207276343022 ], [ 77.243529737827217, 13.302207160007214 ], [ 77.24352986725718, 13.302212501104673 ], [ 77.243534824175001, 13.302411965063502 ], [ 77.243569019130248, 13.302415505758363 ], [ 77.244522654825758, 13.302586398398327 ], [ 77.244877922228611, 13.302992095785696 ], [ 77.245133037081658, 13.30286073552352 ], [ 77.245701320813382, 13.302540122923922 ], [ 77.246051085270878, 13.302537031734186 ], [ 77.246147335899181, 13.302522331348525 ], [ 77.246468884641033, 13.302395542498711 ], [ 77.246729894154015, 13.301959377419557 ], [ 77.246837216412217, 13.301906014733495 ], [ 77.247342970064423, 13.301793633739745 ], [ 77.247366324029613, 13.301796829362775 ], [ 77.247476617006797, 13.301811920435856 ], [ 77.247669245329035, 13.301879967580749 ], [ 77.24776019639269, 13.301936595135714 ], [ 77.248025388433831, 13.30201749724619 ], [ 77.248720338575737, 13.301932450712457 ], [ 77.249226943974591, 13.302071417655899 ], [ 77.250473694620254, 13.302261211012469 ], [ 77.251887604661889, 13.302469659979572 ], [ 77.252017839008928, 13.302471155588405 ], [ 77.252202992206179, 13.302531991106099 ], [ 77.252365855695416, 13.302582759602844 ], [ 77.252528694631692, 13.302621540250456 ], [ 77.252603495841939, 13.302639354448907 ], [ 77.252993812471416, 13.302732308820188 ], [ 77.25301118112499, 13.302774213697878 ], [ 77.253212876143124, 13.30282169911685 ], [ 77.253213908994155, 13.302821942972585 ], [ 77.253521994507196, 13.302894477230776 ], [ 77.253552881722129, 13.303098824657049 ], [ 77.253364046657666, 13.303071037589801 ], [ 77.253173142955774, 13.303064800201657 ], [ 77.253194747767225, 13.303230388767854 ], [ 77.253254273683154, 13.303686616983008 ], [ 77.253379298098707, 13.304644884443491 ], [ 77.253384521361099, 13.304684911899907 ], [ 77.253998654936922, 13.305683812602522 ], [ 77.254372379498804, 13.306279858127494 ], [ 77.254629298536926, 13.306659775170397 ], [ 77.25491494702311, 13.307425694561427 ], [ 77.254930802499416, 13.307468211907882 ], [ 77.254801336938925, 13.30853268857906 ], [ 77.254773880283167, 13.308758443661874 ], [ 77.255859448119125, 13.308915009222867 ], [ 77.256758275179635, 13.309044638996857 ], [ 77.257020168324956, 13.309079410987882 ], [ 77.257504261866686, 13.309142819827967 ], [ 77.258062065416269, 13.309209387514159 ], [ 77.258248840556234, 13.309236193702466 ], [ 77.258977236254367, 13.309340155949897 ], [ 77.260739919204951, 13.310004562987297 ], [ 77.260820827901469, 13.310035059140858 ], [ 77.261354484854081, 13.310237960218876 ], [ 77.26140039689146, 13.31024610506473 ], [ 77.262137231414997, 13.310375086674288 ], [ 77.2635487113035, 13.310505880447877 ], [ 77.263637351982325, 13.310514094052909 ], [ 77.263726131846724, 13.310522193433597 ], [ 77.263775396254445, 13.31052669077912 ], [ 77.264043760330836, 13.310570064005073 ], [ 77.264044393298548, 13.310570164989086 ], [ 77.264213254208556, 13.310597491274759 ], [ 77.264791663491735, 13.310691305129014 ], [ 77.265448933576749, 13.310803762345213 ], [ 77.265877829123497, 13.310877623490841 ], [ 77.266045057210079, 13.310871433579079 ], [ 77.266668245323714, 13.310848839358876 ], [ 77.266981467145854, 13.310837773837214 ], [ 77.267039158816971, 13.31084371247254 ], [ 77.267098782571395, 13.310849850714526 ], [ 77.267949163794171, 13.310938571639815 ], [ 77.268069984946209, 13.310940394180689 ], [ 77.268963373727345, 13.310950261483315 ], [ 77.269065563356136, 13.310951389761904 ], [ 77.269068436711819, 13.310951407463607 ], [ 77.26954432709222, 13.310926749872642 ], [ 77.270182076538859, 13.310893704902851 ], [ 77.270249188685654, 13.310910638664906 ], [ 77.270121435063842, 13.310742421304937 ], [ 77.270111114039565, 13.310707465192086 ], [ 77.270045834233741, 13.310488537117578 ], [ 77.270031465612007, 13.310458543663144 ], [ 77.26978706419446, 13.309945206842471 ], [ 77.269785468064768, 13.309941056361515 ], [ 77.269739435424526, 13.309821333497077 ], [ 77.269736564543166, 13.309813855562915 ], [ 77.26969494525386, 13.309733666907082 ], [ 77.26915863439396, 13.308682415000689 ], [ 77.269183038284879, 13.308678996398326 ], [ 77.269228395213659, 13.308672643628562 ], [ 77.269352354700942, 13.308655023592753 ], [ 77.269351320195057, 13.308634794643519 ], [ 77.269348114159143, 13.30857211534393 ], [ 77.269311274375809, 13.307880107979063 ], [ 77.269323638272354, 13.307878812120229 ], [ 77.269323345286111, 13.307873745343302 ], [ 77.269419755954033, 13.307861702750525 ], [ 77.269522280876714, 13.307848897714372 ], [ 77.269521902654077, 13.307825677624002 ], [ 77.269521583134264, 13.307806035057366 ], [ 77.269520697972553, 13.307753104875804 ], [ 77.269480581593669, 13.306139678668384 ], [ 77.269510031344211, 13.306108735260684 ], [ 77.270058241628092, 13.305532720643939 ], [ 77.270060644823857, 13.305527835030839 ], [ 77.270095370719616, 13.305457238239299 ], [ 77.270618705534631, 13.304393311566638 ], [ 77.270671302329845, 13.304312272845994 ], [ 77.270849683664622, 13.304037429366783 ], [ 77.271060488603183, 13.303817300636927 ], [ 77.271289616546184, 13.303578037597756 ], [ 77.271369979695066, 13.303493622296195 ], [ 77.271381728588551, 13.303481346539689 ], [ 77.271794276680211, 13.303050280470984 ], [ 77.271814530603862, 13.303029117556067 ], [ 77.271847406900093, 13.302994765641609 ], [ 77.271901598852779, 13.302938140714323 ], [ 77.271901624440218, 13.30293811428086 ], [ 77.27197707902522, 13.30285927192568 ], [ 77.271981456745849, 13.30285469846735 ], [ 77.272089512471069, 13.302741791257267 ], [ 77.272097746189928, 13.302731411056286 ], [ 77.272108191298628, 13.302718241516308 ], [ 77.272114051288384, 13.302710853610449 ], [ 77.272135392099131, 13.302683958394471 ], [ 77.272221869464232, 13.302575149490302 ], [ 77.272390194040639, 13.302363354329021 ], [ 77.272403285854679, 13.302346688539508 ], [ 77.27284462440916, 13.30177814613176 ], [ 77.272907055102223, 13.301697787250145 ], [ 77.272934912131234, 13.301652272656973 ], [ 77.272958864541735, 13.301613186026263 ], [ 77.273299811104977, 13.301056801825732 ], [ 77.273319502791992, 13.3010292996166 ], [ 77.273362898105717, 13.30096869487857 ], [ 77.27338570915704, 13.300936836471859 ], [ 77.273725803207768, 13.300461855853138 ], [ 77.273813045167856, 13.300258603527801 ], [ 77.273815063181061, 13.300252890925421 ], [ 77.273827374335937, 13.300218032473248 ], [ 77.273998023163756, 13.299965708865399 ], [ 77.274194231917448, 13.299675591638575 ], [ 77.274203745803788, 13.299661524962152 ], [ 77.274223073113717, 13.299627324805092 ], [ 77.274296422887488, 13.299497202031688 ], [ 77.274413247634314, 13.299289955715007 ], [ 77.274467652877831, 13.299193440502906 ], [ 77.274500908274049, 13.299134445358114 ], [ 77.274502774308871, 13.299131135907404 ], [ 77.274669712801014, 13.298835095200751 ], [ 77.274769083561097, 13.298658875002227 ], [ 77.274797609513143, 13.298608288681164 ], [ 77.274879815632062, 13.298464889353653 ], [ 77.275176267506097, 13.297947760841375 ], [ 77.275379468585655, 13.297599687212751 ], [ 77.275387952212199, 13.297585271905325 ], [ 77.275398452990402, 13.297567430129197 ], [ 77.2754100599563, 13.297547707077159 ], [ 77.275506431625317, 13.297538907132457 ], [ 77.275595528200625, 13.297530770466169 ], [ 77.27568340373783, 13.297529806703778 ], [ 77.275703806673945, 13.297531415006569 ], [ 77.276039277729438, 13.297557838506979 ], [ 77.276058317870906, 13.297559337898761 ], [ 77.276964968379247, 13.297603188620441 ], [ 77.276968798050433, 13.297650843217466 ], [ 77.27703433524681, 13.297653396134992 ], [ 77.277542314621655, 13.297673183177212 ], [ 77.277570660414156, 13.297670328512197 ], [ 77.277668568678394, 13.297625567681747 ], [ 77.279656202244809, 13.297357044222929 ], [ 77.280227337124472, 13.297279881844533 ], [ 77.280278098465544, 13.29727329645398 ], [ 77.281445509902227, 13.297121196342445 ], [ 77.281568492780565, 13.297105517442022 ], [ 77.281949161026148, 13.297056987258998 ], [ 77.282019376581701, 13.297052793141969 ], [ 77.28216761229146, 13.297043940814522 ], [ 77.282136258167071, 13.297187758411237 ], [ 77.282181268107351, 13.297182771913191 ], [ 77.282027333241686, 13.29788051266366 ], [ 77.281857522111252, 13.298626036725974 ], [ 77.281829183705838, 13.298849394876376 ], [ 77.281823500786956, 13.298894193328874 ], [ 77.281750381668687, 13.299123799806814 ], [ 77.281562017633135, 13.299452124146377 ], [ 77.280890078676535, 13.300759962473851 ], [ 77.280891199511558, 13.300892377633687 ], [ 77.280899790414423, 13.301906065635482 ], [ 77.280900672762954, 13.302010023865842 ], [ 77.280776558013201, 13.302103594752113 ], [ 77.280776287844461, 13.302112091973717 ], [ 77.280775838940556, 13.302125941048601 ], [ 77.280770955539253, 13.302278686101451 ], [ 77.280750998317899, 13.302903150096759 ], [ 77.280750905886606, 13.303224070077063 ], [ 77.280750882171489, 13.303323484978955 ], [ 77.280765605459735, 13.303405605333561 ], [ 77.281053729434433, 13.305012839910283 ], [ 77.281082661909622, 13.30517423514549 ], [ 77.281105304778819, 13.305300538401625 ], [ 77.281121139180513, 13.305388858287897 ], [ 77.281044167685181, 13.306468715210041 ], [ 77.281042300385721, 13.306552506122522 ], [ 77.281035887228313, 13.306839724933344 ], [ 77.281045076593514, 13.306914312743478 ], [ 77.281114471554702, 13.307477534738616 ], [ 77.281179403776449, 13.308071260863409 ], [ 77.281197928086655, 13.308371247712049 ], [ 77.281237324068172, 13.309009234826005 ], [ 77.281240809024609, 13.30906964566468 ], [ 77.281252623078259, 13.309274429280766 ], [ 77.281252628333547, 13.309274505132452 ], [ 77.281252632644993, 13.309274552788104 ], [ 77.281284724676723, 13.30957175951022 ], [ 77.281295558364732, 13.309672044579582 ], [ 77.28160093300761, 13.310644057041896 ], [ 77.281597366952823, 13.3107075640837 ], [ 77.281670923580265, 13.310725750262694 ], [ 77.281629015617412, 13.310769284201671 ], [ 77.281775661003181, 13.310801862361387 ], [ 77.281836921233477, 13.310815471451642 ], [ 77.282616210954629, 13.310988597580824 ], [ 77.283231340651398, 13.31112525234885 ], [ 77.283313967368628, 13.311140134279769 ], [ 77.283475445562118, 13.311169218812648 ], [ 77.283500580699396, 13.311173745768285 ], [ 77.283506847708566, 13.311174958078333 ], [ 77.283697188592939, 13.311142236703786 ], [ 77.28374917795972, 13.311133300629596 ], [ 77.283797801104541, 13.311124941775457 ], [ 77.284373218658047, 13.310975288365848 ], [ 77.284796326816448, 13.310865245679707 ], [ 77.285267613494597, 13.310742671401179 ], [ 77.28608351146535, 13.310842391848407 ], [ 77.286830351553817, 13.310933669177764 ], [ 77.287198395174286, 13.310978650594786 ], [ 77.287696213900148, 13.311039489050829 ], [ 77.288407224927624, 13.311129692743295 ], [ 77.288900375791528, 13.311192258725818 ], [ 77.291661947305485, 13.311282519050469 ], [ 77.291762687214742, 13.311285810819347 ], [ 77.291815380944712, 13.311263199929297 ], [ 77.29245386975164, 13.31097239339266 ], [ 77.292524463595058, 13.310958932422412 ], [ 77.292526797793997, 13.310957930817183 ], [ 77.292559041635769, 13.310952339014907 ], [ 77.294320566055148, 13.310616448140438 ], [ 77.294360121136435, 13.310608908111726 ], [ 77.294464942445543, 13.310600837186204 ], [ 77.294709939408207, 13.31058197220724 ], [ 77.294971367900374, 13.31056184347943 ], [ 77.295471644306119, 13.310523320919568 ], [ 77.295588982298469, 13.310514285223579 ], [ 77.295913136639115, 13.31048932450974 ], [ 77.296446051512191, 13.310448286692063 ], [ 77.297044139949506, 13.310402229814756 ], [ 77.297102475531659, 13.310397737223585 ], [ 77.298066797920669, 13.310323474860024 ], [ 77.29818521151995, 13.310314751745626 ], [ 77.298354415398251, 13.310302343124706 ], [ 77.29845024576592, 13.310298855471373 ], [ 77.29919852846794, 13.310271623371699 ], [ 77.29926746781274, 13.310269174011907 ], [ 77.300567136376259, 13.310116004987385 ], [ 77.300688158249258, 13.310101650306363 ], [ 77.300779872746958, 13.310090771531268 ], [ 77.300816745627273, 13.310086397534855 ], [ 77.300861949579073, 13.310096630556254 ], [ 77.300871181057857, 13.310162999020006 ], [ 77.300876357665814, 13.310198117942498 ], [ 77.300940624791195, 13.310191788203362 ], [ 77.300976914754614, 13.31018821552877 ], [ 77.302088654273533, 13.310441603218441 ], [ 77.302327378274597, 13.310428525968325 ], [ 77.302478281654643, 13.310427231151161 ], [ 77.302504207555359, 13.310426397933544 ], [ 77.302764490271414, 13.31041802380167 ], [ 77.303822815194877, 13.31038396565814 ], [ 77.304207297870917, 13.310366528063383 ], [ 77.304239641197199, 13.310365060859684 ], [ 77.304309706026686, 13.310361841806824 ], [ 77.304357603747718, 13.31040118876088 ], [ 77.304397311167392, 13.310433807778157 ], [ 77.304440366131828, 13.310469175861657 ], [ 77.304454113412319, 13.310466428901979 ], [ 77.304500022883559, 13.310504899306874 ], [ 77.304528786053538, 13.310498134261969 ], [ 77.304624283811819, 13.3104747447841 ], [ 77.305208159567314, 13.310331745799326 ], [ 77.305260452018615, 13.310318938950386 ], [ 77.305328051441677, 13.310293098905174 ], [ 77.305339015333118, 13.310288916961644 ], [ 77.305478752823447, 13.310235601684335 ], [ 77.305482384313066, 13.310234427484001 ], [ 77.305507560986172, 13.310226287098287 ], [ 77.305570463562006, 13.310205948225832 ], [ 77.305616657416053, 13.310191011788874 ], [ 77.305771413192545, 13.3101409701846 ], [ 77.305784416769583, 13.310216981476898 ], [ 77.306264892679678, 13.310145200239388 ], [ 77.306600960061999, 13.310038188461496 ], [ 77.306628083348755, 13.310029551391555 ], [ 77.306644651611364, 13.310042352986381 ], [ 77.306824898264423, 13.310039519580579 ], [ 77.306835206346179, 13.310039357282895 ], [ 77.307262184548719, 13.310032642446957 ], [ 77.30726531106464, 13.310032511035267 ], [ 77.30727009794245, 13.310042079037624 ], [ 77.307403128165461, 13.310037093496755 ], [ 77.307480574090391, 13.310034190556822 ], [ 77.308543983975397, 13.310096248519617 ], [ 77.308650815031811, 13.310090904992325 ], [ 77.308736800543386, 13.310086603900197 ], [ 77.308864318486769, 13.310080225572216 ], [ 77.309001231852079, 13.310073378643404 ], [ 77.309077606271956, 13.310067920571868 ], [ 77.309211876136843, 13.310866735702646 ], [ 77.309310430003777, 13.311452456713962 ], [ 77.309357881106138, 13.311734205172877 ], [ 77.309360289975743, 13.311748492500058 ], [ 77.309368201175019, 13.311795439705811 ], [ 77.309372019910597, 13.311818880216595 ], [ 77.309382182232099, 13.311883327536671 ], [ 77.309417114165143, 13.312112046130405 ], [ 77.309429800350941, 13.312195118755957 ], [ 77.309552061478101, 13.312997025198248 ], [ 77.309560281500893, 13.31305093714534 ], [ 77.309560697833859, 13.31305378147003 ], [ 77.309562616001344, 13.313066913045494 ], [ 77.309562838057545, 13.313068463451843 ], [ 77.309564661194997, 13.313077094152256 ], [ 77.309567778748104, 13.313091872903868 ], [ 77.309584519201849, 13.313172023466688 ], [ 77.309598615540466, 13.313239546932067 ], [ 77.309663172181033, 13.313548834912575 ], [ 77.309769643672809, 13.313990010016642 ], [ 77.309778769397454, 13.314141733476568 ], [ 77.309791380773163, 13.314351413915006 ], [ 77.309803357401734, 13.314425397405834 ], [ 77.309814349370839, 13.314493303817837 ], [ 77.309901484901815, 13.31488245954495 ], [ 77.309928089541927, 13.315093105975343 ], [ 77.309994539521711, 13.315619269858233 ], [ 77.310147191093108, 13.31620088860004 ], [ 77.310155828854946, 13.316231759722514 ], [ 77.310158566645555, 13.316231328171614 ], [ 77.310169528516923, 13.316229739308415 ], [ 77.310169957291464, 13.316231364576032 ], [ 77.310169964946482, 13.316231393421193 ], [ 77.310173608646508, 13.316245212269962 ], [ 77.310173623956516, 13.316245269960289 ], [ 77.310209663582413, 13.316381930475243 ], [ 77.31021107914664, 13.316387299364139 ], [ 77.310225195441248, 13.316440827771441 ], [ 77.310269408748255, 13.316610129193009 ], [ 77.310288634443111, 13.316683747553036 ], [ 77.310377598442386, 13.317024410769973 ], [ 77.310378062382483, 13.317026068959136 ], [ 77.310429491379452, 13.317131474743327 ], [ 77.310549494061632, 13.317377418761215 ], [ 77.31120145145573, 13.318664213959362 ], [ 77.311903346991315, 13.320161212608287 ], [ 77.311953813775261, 13.320355487608365 ], [ 77.311994833098979, 13.320513407894905 ], [ 77.3120282943799, 13.320642239176381 ], [ 77.312070103727223, 13.320663988038344 ], [ 77.312132285061338, 13.320696335605405 ], [ 77.312194464547787, 13.320728681364237 ], [ 77.312561913252964, 13.320919823797091 ], [ 77.313140363349305, 13.321090301811635 ], [ 77.3131956578287, 13.321104961803462 ], [ 77.313801678296372, 13.321265631156672 ], [ 77.313824203349569, 13.321271608122336 ], [ 77.313878627643163, 13.321289551383966 ], [ 77.314621352306006, 13.32153441609448 ], [ 77.314652053953381, 13.321544538146258 ], [ 77.31531515073425, 13.321763148513229 ], [ 77.315500520662582, 13.321824260870288 ], [ 77.315505530636258, 13.321826589763189 ], [ 77.315559932786414, 13.321844490372982 ], [ 77.315694483845718, 13.321906731303626 ], [ 77.315854315219326, 13.321980667861794 ], [ 77.316104326344103, 13.322096320207406 ], [ 77.316146557117236, 13.322115855189185 ], [ 77.317210990134967, 13.322665526614434 ], [ 77.317514950796493, 13.322834450626923 ], [ 77.318987387902752, 13.3233173176984 ], [ 77.31906822458933, 13.323342326990129 ], [ 77.319070380913203, 13.323342985386091 ], [ 77.320332712123374, 13.32372841233847 ], [ 77.320349475040786, 13.323738720851344 ], [ 77.320358606177706, 13.323741545846737 ], [ 77.320478869232403, 13.323817108634277 ], [ 77.320564910082425, 13.323871169840096 ], [ 77.320744424565817, 13.323981506392764 ], [ 77.32074327615031, 13.32398324084712 ], [ 77.320758984539864, 13.323993110745903 ], [ 77.32111377531686, 13.324216030031733 ], [ 77.322250887703234, 13.324920823762969 ], [ 77.322258154911239, 13.324926054036471 ], [ 77.323480629176146, 13.325805452806662 ], [ 77.324053688908563, 13.326217681134175 ], [ 77.324138978155091, 13.326297004720525 ], [ 77.324233056884196, 13.326364948700457 ], [ 77.324353088144292, 13.326475785300753 ], [ 77.324396688368211, 13.326516162550725 ], [ 77.324479841312638, 13.326593184374762 ], [ 77.324511537860573, 13.326622551222588 ], [ 77.325122248321065, 13.32730028702713 ], [ 77.325376557124045, 13.327577081526897 ], [ 77.325414556418437, 13.327579058838131 ], [ 77.326213950623369, 13.32762065189433 ], [ 77.326654347109979, 13.327568526344582 ], [ 77.326718266967518, 13.327650903878832 ], [ 77.326807140813358, 13.327765439904335 ], [ 77.326847595125628, 13.327759612555395 ], [ 77.326917657349753, 13.327850461643996 ], [ 77.327214982490858, 13.328237287441072 ], [ 77.327359515704913, 13.328354632410671 ], [ 77.327476500386993, 13.328471518368193 ], [ 77.327527651972474, 13.328520931000019 ], [ 77.328524557131857, 13.328339959920164 ], [ 77.328451916656249, 13.328640805488726 ], [ 77.328767655888555, 13.328636277158866 ], [ 77.328747752712317, 13.328680076439351 ], [ 77.328607256499694, 13.328989260068878 ], [ 77.328502386556835, 13.329300376455155 ], [ 77.328669404512041, 13.329264452080052 ], [ 77.328690619322487, 13.32934691936061 ], [ 77.328712827031737, 13.329343488645724 ], [ 77.328751718973805, 13.329526457528786 ], [ 77.328757376640723, 13.329526460499487 ], [ 77.328888435467277, 13.329526718228877 ], [ 77.329114004995489, 13.329527161592514 ], [ 77.32913718221468, 13.329603029857029 ], [ 77.329171851360726, 13.329603974718207 ], [ 77.329214312306831, 13.329764888060792 ], [ 77.329328109529811, 13.329767280651152 ], [ 77.329622966754314, 13.329773479080705 ], [ 77.329659775927112, 13.329848438364849 ], [ 77.329700517892576, 13.329850022507687 ], [ 77.329837881627157, 13.330146184501691 ], [ 77.329868809826607, 13.33021286267822 ], [ 77.329954803917246, 13.330222629988338 ], [ 77.330080325264674, 13.330236887316401 ], [ 77.330125600396144, 13.330229831885632 ], [ 77.330275911867119, 13.330206602412433 ], [ 77.330144468248392, 13.329382893248582 ], [ 77.330214143694377, 13.32940430309716 ], [ 77.330417284239459, 13.329466710771991 ], [ 77.330596019169263, 13.329450617601246 ], [ 77.331220371858251, 13.329394401592236 ], [ 77.331328258459735, 13.329385886799171 ], [ 77.331798846981357, 13.329348743972643 ], [ 77.33195239523819, 13.329336280669594 ], [ 77.332444917397012, 13.329150524704835 ], [ 77.332463432692805, 13.329143539681466 ], [ 77.332558056106592, 13.329107790637769 ], [ 77.332634094208132, 13.3290353583943 ], [ 77.332747482665795, 13.328936319337023 ], [ 77.332774878894142, 13.328915188482803 ], [ 77.333223586310226, 13.328570176252521 ], [ 77.333358073575326, 13.328466225351775 ], [ 77.333485631102221, 13.328500089804461 ], [ 77.333543343977766, 13.328515411461957 ], [ 77.333556012907536, 13.328504636057827 ], [ 77.33367505133036, 13.32840338696559 ], [ 77.334049657052944, 13.328504911094463 ], [ 77.334248103794479, 13.328558692678476 ], [ 77.334828566905884, 13.328693611016831 ], [ 77.335139236634433, 13.328763017989225 ], [ 77.335494066511274, 13.328842291566328 ], [ 77.335729933429946, 13.328845021551396 ], [ 77.335872309047829, 13.328840851526079 ], [ 77.336202809539174, 13.328831178164819 ], [ 77.336486754483317, 13.32882286752414 ], [ 77.336746570191238, 13.328815259562397 ], [ 77.336894615203718, 13.328812579134578 ], [ 77.337763146175078, 13.328796837523008 ], [ 77.338545823943193, 13.328791277380006 ], [ 77.338825150363576, 13.328197939801536 ], [ 77.338963155578455, 13.327907153270122 ], [ 77.339549916252935, 13.326619635269239 ], [ 77.33961700144603, 13.326472582136494 ], [ 77.33999450400843, 13.325681820434117 ], [ 77.340151001453776, 13.325356156954326 ], [ 77.3407429841061, 13.32412974427325 ], [ 77.340761546943895, 13.324091230030211 ], [ 77.3408222204217, 13.323969333486639 ], [ 77.34082345313, 13.323921282009048 ], [ 77.340842422303069, 13.322789158780644 ], [ 77.340912603269643, 13.322531016495926 ], [ 77.341120476872447, 13.321761545044748 ], [ 77.341763934262957, 13.319619277660257 ], [ 77.341779876216222, 13.319567418374657 ], [ 77.341834125963302, 13.319371982616827 ], [ 77.341932757653851, 13.319017958456735 ], [ 77.34194171182628, 13.318969984841072 ], [ 77.342447789426004, 13.316830536387583 ], [ 77.342642176147308, 13.316010699710892 ], [ 77.341878792169624, 13.315691439341403 ], [ 77.340260621183774, 13.314967567076232 ], [ 77.340201778930222, 13.314944067239828 ], [ 77.34004917516063, 13.314870468370598 ], [ 77.339528142036926, 13.314928823808039 ], [ 77.338675821820885, 13.314580576798017 ], [ 77.337570759640045, 13.314255560389645 ], [ 77.337340910040325, 13.314186999860736 ], [ 77.337166704681096, 13.314220912538175 ], [ 77.336709149408037, 13.314322254334803 ], [ 77.33659847740482, 13.314347240118805 ], [ 77.335382530332751, 13.314622783120976 ], [ 77.335041910550217, 13.314699968358704 ], [ 77.333705644258202, 13.315661175697777 ], [ 77.332540893333132, 13.316477399802501 ], [ 77.332491049479216, 13.316512329164626 ], [ 77.332062631808896, 13.316199423622129 ], [ 77.330582660102337, 13.314987614760096 ], [ 77.330093508004794, 13.314624514122972 ], [ 77.328940360733014, 13.312391983975253 ], [ 77.328881731793516, 13.312274575884786 ], [ 77.328793649483544, 13.312067423472937 ], [ 77.32852672391256, 13.311487717681905 ], [ 77.328484201669738, 13.311395088746732 ], [ 77.328043894922786, 13.31035793148413 ], [ 77.327433593945827, 13.308929785321164 ], [ 77.32701231661639, 13.30801356877981 ], [ 77.326757990341065, 13.307523622312468 ], [ 77.326153964550244, 13.306252241927693 ], [ 77.325641230928369, 13.304861340875648 ], [ 77.325450724915783, 13.304338353605301 ], [ 77.324688807051302, 13.30412363550013 ], [ 77.324456643724389, 13.304058207836318 ], [ 77.320366070697617, 13.303404311574486 ], [ 77.31992745670226, 13.302521210002164 ], [ 77.31960025246434, 13.301864315155887 ], [ 77.318471680134607, 13.299808502983648 ], [ 77.318466289991832, 13.299797056116603 ], [ 77.318455167065977, 13.299776832990592 ], [ 77.318069321510066, 13.29895555280839 ], [ 77.318023987607717, 13.298905974856833 ], [ 77.317933938796315, 13.298828935975621 ], [ 77.317890123443007, 13.298749120708701 ], [ 77.317370850750592, 13.298349326782215 ], [ 77.317221780450097, 13.298222198192208 ], [ 77.31719895293034, 13.298214649506033 ], [ 77.317197674432236, 13.298213660865359 ], [ 77.317193051907182, 13.29821211272124 ], [ 77.317068089226794, 13.298115577065936 ], [ 77.316466613369712, 13.298033230491354 ], [ 77.316376952597111, 13.298021428983208 ], [ 77.316312663475713, 13.298012967217074 ], [ 77.316214647669312, 13.297999218655047 ], [ 77.316215951465523, 13.297991742712494 ], [ 77.316203612918613, 13.297989934562253 ], [ 77.316273373629272, 13.297596966504345 ], [ 77.316389567412571, 13.297291329781295 ], [ 77.316403421045266, 13.297037365549096 ], [ 77.316424881015735, 13.296943704005079 ], [ 77.316516400809107, 13.296868823914849 ], [ 77.316528634629336, 13.296822434393695 ], [ 77.31655748626973, 13.296810345353238 ], [ 77.316669959647584, 13.296763225794157 ], [ 77.316654876229805, 13.296139459108302 ], [ 77.316652450611812, 13.296139444164877 ], [ 77.316736775692902, 13.295599183659695 ], [ 77.31660503485034, 13.295542205854909 ], [ 77.316414529857397, 13.295412347951867 ], [ 77.31638788102704, 13.295394180192021 ], [ 77.316296436627326, 13.295331830993774 ], [ 77.315765851187649, 13.295020093257797 ], [ 77.315708746252298, 13.294987108157949 ], [ 77.315183819089469, 13.294931949299334 ], [ 77.314722985647705, 13.295119229980909 ], [ 77.314404878817371, 13.295217860959657 ], [ 77.314260186957739, 13.295036785413533 ], [ 77.314031380045108, 13.294399102093649 ], [ 77.31395565509321, 13.293910786114122 ], [ 77.313960655261852, 13.293906642600316 ], [ 77.313958291704139, 13.29389093560801 ], [ 77.314131143386192, 13.293749477277137 ], [ 77.314316545368555, 13.29358178423019 ], [ 77.314321161594492, 13.293346983471347 ], [ 77.313975341507145, 13.292568688576033 ], [ 77.313982416292461, 13.292564541319114 ], [ 77.313978430043036, 13.292555534058062 ], [ 77.314057311100697, 13.292510319614149 ], [ 77.314005004078425, 13.292427768058557 ], [ 77.313681978554982, 13.291865292845237 ], [ 77.313505472917143, 13.291741126487477 ], [ 77.313377084021283, 13.291650809814543 ], [ 77.313249826349832, 13.291433338027881 ], [ 77.313173400802114, 13.290660303549135 ], [ 77.313211651284092, 13.290434657751623 ], [ 77.313296801753779, 13.290201868105587 ], [ 77.313217665530331, 13.289542179869425 ], [ 77.313046934862101, 13.288492229477384 ], [ 77.312999329842867, 13.288404945124842 ], [ 77.312996172909706, 13.288360934949401 ], [ 77.312990718309024, 13.2883504024323 ], [ 77.312952321567352, 13.287787933527378 ], [ 77.312947770028856, 13.287754400368836 ], [ 77.312789934661481, 13.288039896509821 ], [ 77.312652618403163, 13.288053215114248 ], [ 77.312419339188097, 13.287630246312601 ], [ 77.312220597179575, 13.287235177793509 ], [ 77.3119531404583, 13.286631025901723 ], [ 77.311466882331473, 13.285532619429498 ], [ 77.311413947704565, 13.284825211384737 ], [ 77.311373121954318, 13.284738177179012 ], [ 77.311216251063883, 13.28440375703336 ], [ 77.311115612683125, 13.28418921298886 ], [ 77.310302291479957, 13.282455332550875 ], [ 77.309769920020145, 13.28216161727565 ], [ 77.309768223578359, 13.282152754898346 ], [ 77.30841823290163, 13.282120192836254 ], [ 77.30776061463844, 13.282115916106216 ], [ 77.307566615290924, 13.282114653737809 ], [ 77.307130873209559, 13.2821118186578 ], [ 77.306389131995786, 13.282099932860071 ], [ 77.306377349405423, 13.282099744173838 ], [ 77.305898446882807, 13.281756406996147 ], [ 77.305818059021661, 13.281698793121237 ], [ 77.305370618264803, 13.281378117278559 ], [ 77.303638919532972, 13.281148387817543 ], [ 77.303391638854819, 13.280863877694461 ], [ 77.30319574965479, 13.28078495868685 ], [ 77.303162155565715, 13.280888136004004 ], [ 77.302873749617632, 13.280840380411098 ], [ 77.302890103110087, 13.280725130775878 ], [ 77.301849748899329, 13.280579960825357 ], [ 77.301769378259905, 13.280672694476106 ], [ 77.301237312597479, 13.28058049964333 ], [ 77.300016351244551, 13.280390258872723 ], [ 77.299911077847881, 13.280412376957223 ], [ 77.299823785948021, 13.280430716322117 ], [ 77.299761863376503, 13.280443726522378 ], [ 77.299731188293933, 13.280322891792331 ], [ 77.299681623325768, 13.280332971290333 ], [ 77.29955113198136, 13.279823024350362 ], [ 77.299094645656965, 13.280000061822697 ], [ 77.299030595700373, 13.280076066313732 ], [ 77.298994509862226, 13.280118885714797 ], [ 77.298938554295916, 13.279975272388272 ], [ 77.298907129332989, 13.280011310265714 ], [ 77.298861817449563, 13.279896030346695 ], [ 77.298648477956377, 13.280097990845432 ], [ 77.297933580241249, 13.280139698515702 ], [ 77.297662589488226, 13.28002787254281 ], [ 77.296534293740308, 13.280136165841638 ], [ 77.296433255602125, 13.280145862295498 ], [ 77.295392034582136, 13.280278714556671 ], [ 77.295236226842718, 13.280298593793182 ], [ 77.295194609427682, 13.280303903659217 ], [ 77.29499003448538, 13.280342631553172 ], [ 77.294308038152082, 13.280471738591224 ], [ 77.294085170941301, 13.280513927028791 ], [ 77.293220354511291, 13.280566227709766 ], [ 77.290754158252355, 13.281015641121785 ], [ 77.29067031973608, 13.281030917521548 ], [ 77.290086278632529, 13.281093832483789 ], [ 77.29005851286594, 13.280994376177269 ], [ 77.290018584437902, 13.28099893815188 ], [ 77.2891297539894, 13.277824719190811 ], [ 77.288994095830461, 13.276459803188924 ], [ 77.28896773742423, 13.276459398691898 ], [ 77.288965179520716, 13.276434347763221 ], [ 77.288913799176427, 13.276433709902792 ], [ 77.288884104321667, 13.276142654501557 ], [ 77.288777679007211, 13.27480616091886 ], [ 77.28875621835968, 13.274471294311212 ], [ 77.288753729988798, 13.274433350904516 ], [ 77.288711597091577, 13.273858947873878 ], [ 77.288612264337488, 13.272682280718064 ], [ 77.288476219270706, 13.272085214227559 ], [ 77.288444427180082, 13.271947464610479 ], [ 77.28811365327978, 13.270492671620685 ], [ 77.287800781758449, 13.269209891105668 ], [ 77.287140043733345, 13.267499298982436 ], [ 77.287104672365061, 13.267407694715304 ], [ 77.287094315102237, 13.267151032196754 ], [ 77.287043113554276, 13.26715561773513 ], [ 77.287041842057135, 13.267150360234291 ], [ 77.287018376568739, 13.267072958567041 ], [ 77.286957589011791, 13.267078194859179 ], [ 77.286955072662408, 13.267065178509108 ], [ 77.286894176120299, 13.267069928691633 ], [ 77.286817071545769, 13.266658678482713 ], [ 77.286615065434148, 13.265973714364726 ], [ 77.286582718306846, 13.265781994148082 ], [ 77.286420140151975, 13.264814166474336 ], [ 77.286405899567384, 13.264728926213072 ], [ 77.286201811754395, 13.263932830214705 ], [ 77.28619245557789, 13.263859789938104 ], [ 77.286066935047771, 13.262873556907515 ], [ 77.285950054337178, 13.2619949874522 ], [ 77.285970571355875, 13.261993588646044 ], [ 77.285967659705705, 13.261972584576196 ], [ 77.285975478148217, 13.261971849107685 ], [ 77.285941175503837, 13.261651596844509 ], [ 77.285961166364558, 13.261654009788684 ], [ 77.285958841694253, 13.261632347008675 ], [ 77.28600268016416, 13.261636570673312 ], [ 77.28600060460893, 13.261598483879979 ], [ 77.285944854581558, 13.260611442898567 ], [ 77.285936350897941, 13.260186859051771 ], [ 77.285894993448707, 13.258928293316057 ], [ 77.285522888448114, 13.258889927255996 ], [ 77.285092035000687, 13.258845503309999 ], [ 77.284897848871609, 13.258842196555106 ], [ 77.284604323854836, 13.258789927193465 ], [ 77.28458057243428, 13.258765441977452 ], [ 77.284552459776805, 13.258760347140901 ], [ 77.284421621133305, 13.258626145375132 ], [ 77.284296621901348, 13.258606130899066 ], [ 77.284210772488834, 13.258579901383037 ], [ 77.28412921925829, 13.258554984228821 ], [ 77.284107831018702, 13.258532226533161 ], [ 77.284072224667526, 13.25852116965202 ], [ 77.283926902061438, 13.258366668595977 ], [ 77.283264883154516, 13.258324603231671 ], [ 77.283160488793087, 13.258318341084291 ], [ 77.282928581718267, 13.258292119907516 ], [ 77.282921088472889, 13.25825683848028 ], [ 77.282870175938598, 13.258250792424649 ], [ 77.282860034488223, 13.258204250797849 ], [ 77.282854154444678, 13.258203726956621 ], [ 77.282713109716084, 13.257783204308158 ], [ 77.282687217349547, 13.257427076067836 ], [ 77.282713595068671, 13.257060253636682 ], [ 77.282716290627747, 13.257010547365537 ], [ 77.282719585196261, 13.256949706903667 ], [ 77.282563099033467, 13.25682240730224 ], [ 77.282393190263761, 13.256614519340213 ], [ 77.281991260250123, 13.256243491027613 ], [ 77.281868770288369, 13.256213477736674 ], [ 77.281866388935569, 13.256169242355801 ], [ 77.281803091376204, 13.25615323110152 ], [ 77.281786238102796, 13.255861775946618 ], [ 77.281757482468194, 13.255355892717915 ], [ 77.28170600080739, 13.254581671387069 ], [ 77.281696551051468, 13.254435160919082 ], [ 77.281678524232746, 13.254141643311353 ], [ 77.28166345275946, 13.253888455283132 ], [ 77.281656367283318, 13.253767458702562 ], [ 77.281660370987382, 13.253537302821591 ], [ 77.281690173959063, 13.253371384001913 ], [ 77.281748425822329, 13.253047474088143 ], [ 77.281397231364949, 13.251169697385546 ], [ 77.281296836263692, 13.251150890986448 ], [ 77.281173558576867, 13.251127663137531 ], [ 77.281158356511028, 13.251026901952535 ], [ 77.281131378886073, 13.251021531180685 ], [ 77.280931334373832, 13.249640147641465 ], [ 77.280946968839842, 13.249219198154755 ], [ 77.280949155618117, 13.249160704062518 ], [ 77.279759899625034, 13.249129906933371 ], [ 77.279744384679688, 13.249123105883655 ], [ 77.279618053846477, 13.249067681673299 ], [ 77.279351049993366, 13.246919564408699 ], [ 77.279355741996426, 13.246804762124512 ], [ 77.279354423026646, 13.24679391534591 ], [ 77.279366180878398, 13.246497567251488 ], [ 77.279401254504762, 13.246059825231825 ], [ 77.279400962924186, 13.245895839119042 ], [ 77.279402921566501, 13.245881310933509 ], [ 77.279402693206436, 13.245777028791387 ], [ 77.279588248440021, 13.244380114341444 ], [ 77.279632671341318, 13.243435839209704 ], [ 77.279716526128936, 13.242363421491905 ], [ 77.279741869760386, 13.241247329099755 ], [ 77.27975333041023, 13.240695543973814 ], [ 77.279797374338898, 13.239778022637879 ], [ 77.279797293659612, 13.239293551080301 ], [ 77.279647539902527, 13.238534638099871 ], [ 77.279503684160346, 13.237658936586485 ], [ 77.2794414714662, 13.237143763787257 ], [ 77.279381633381846, 13.23642811459899 ], [ 77.279398313689285, 13.236302196661287 ], [ 77.279417782410448, 13.236280190705248 ], [ 77.279465321187232, 13.2362262806512 ], [ 77.279611567250356, 13.236062400884689 ], [ 77.27949278716639, 13.234471866554886 ], [ 77.279470040448786, 13.234121832030194 ], [ 77.279466877358374, 13.234074999030174 ], [ 77.278686700215147, 13.233185225584906 ], [ 77.277955191444477, 13.232186425002688 ], [ 77.277892392414927, 13.232100605342533 ], [ 77.276785471764271, 13.230754468343129 ], [ 77.275493340527746, 13.229116857035226 ], [ 77.275352836969489, 13.228944613176164 ], [ 77.275300439813591, 13.228888297453501 ], [ 77.275297314497905, 13.228890309050346 ], [ 77.27529660467782, 13.228884175503763 ], [ 77.275259431696739, 13.228844222509032 ], [ 77.275252486588826, 13.228844964223752 ], [ 77.275205125681282, 13.228873074230011 ], [ 77.275201489962626, 13.228850411013825 ], [ 77.275153366540252, 13.228855551552915 ], [ 77.275087422664157, 13.228862594330128 ], [ 77.275026203932811, 13.228869132355598 ], [ 77.274965249663339, 13.228875643613875 ], [ 77.274924548661119, 13.228879990142705 ], [ 77.274869049308734, 13.228885917856598 ], [ 77.274793269015291, 13.22889401141571 ], [ 77.274706219487271, 13.228903309526396 ], [ 77.274634171017937, 13.228911004746397 ], [ 77.274509153430657, 13.22892435655967 ], [ 77.274380551422553, 13.228938092639368 ], [ 77.274206715891538, 13.228956672659036 ], [ 77.274089532794335, 13.228880643138178 ], [ 77.274084915497795, 13.228877562260271 ], [ 77.273970900583379, 13.228803601754525 ], [ 77.27314495406587, 13.228129903779987 ], [ 77.273107874911489, 13.228103182234339 ], [ 77.271594328078947, 13.226441430287265 ], [ 77.271593227688939, 13.226437618746937 ], [ 77.271513843530641, 13.226350773233877 ], [ 77.271357821357171, 13.225823459516061 ], [ 77.270944809921758, 13.224352494188102 ], [ 77.271679255597434, 13.222990005527672 ], [ 77.271833063381678, 13.22270685756018 ], [ 77.271833066784993, 13.222706850610166 ], [ 77.272290277694395, 13.221634043144244 ], [ 77.272257212597594, 13.22122675152748 ], [ 77.272231821769438, 13.220904029682305 ], [ 77.272250125860353, 13.218290160802297 ], [ 77.272250125761573, 13.218290148140017 ], [ 77.272213230732376, 13.217091714891744 ], [ 77.272193519030736, 13.21622881701831 ], [ 77.272190887794238, 13.216104714339538 ], [ 77.272190392456537, 13.21608100063877 ], [ 77.272262430031333, 13.215813227219458 ], [ 77.272293731677109, 13.215696527184754 ], [ 77.272446125729999, 13.215197452230999 ], [ 77.272556153983402, 13.215034311437652 ], [ 77.273069231346057, 13.214068017455984 ], [ 77.273357650252422, 13.213512678518823 ], [ 77.273374444838907, 13.213509343058222 ], [ 77.273617456700279, 13.213460580282359 ], [ 77.274943277083409, 13.212640575792879 ], [ 77.275307903568532, 13.212416056527699 ], [ 77.275698090109714, 13.2119787766876 ], [ 77.276247025961311, 13.211340458114703 ], [ 77.276252440702308, 13.211334190348147 ], [ 77.276798626446507, 13.210868035629794 ], [ 77.278386323917019, 13.210610011432321 ], [ 77.278698283317624, 13.210531769706643 ], [ 77.279193919918001, 13.210406144428299 ], [ 77.279468389330503, 13.21032936861172 ], [ 77.279474169261022, 13.210086290394356 ], [ 77.280472727224748, 13.209631376334938 ], [ 77.280537289481146, 13.209601384528913 ], [ 77.280551479046636, 13.20955852261881 ], [ 77.280578381246571, 13.209476633339024 ], [ 77.280637680902828, 13.209296709752531 ], [ 77.280605850109922, 13.208649877756612 ], [ 77.280639383423036, 13.208097118045563 ], [ 77.280638550957406, 13.208084345692459 ], [ 77.280543853402776, 13.206212385672796 ], [ 77.280510296528689, 13.205287862782027 ], [ 77.280507104083014, 13.205194044850051 ], [ 77.280498295319504, 13.204928315172159 ], [ 77.28049728545615, 13.204897126982653 ], [ 77.280622025617859, 13.202046278909739 ], [ 77.280632752564188, 13.202018191229872 ], [ 77.28065416751879, 13.201962093927364 ], [ 77.280934171393767, 13.201222193554797 ], [ 77.280966437526743, 13.201120912027312 ], [ 77.281160914198708, 13.200505724970737 ], [ 77.281105272018095, 13.199721500240711 ], [ 77.281118893252554, 13.199718622607888 ], [ 77.281117655039907, 13.199701243860147 ], [ 77.281330822195414, 13.1996570730222 ], [ 77.281344588740708, 13.199654219605623 ], [ 77.281463696646085, 13.199629538454808 ], [ 77.281564910596487, 13.199608566144157 ], [ 77.281587250045831, 13.199601118240057 ], [ 77.281774278835897, 13.199538773494677 ], [ 77.281805852687484, 13.199528249587027 ], [ 77.282249463786684, 13.199380371837696 ], [ 77.282636131513655, 13.199295335000352 ], [ 77.283147670583134, 13.199085797608346 ], [ 77.283774234780068, 13.19882914173264 ], [ 77.284111282073781, 13.198748708516423 ], [ 77.284376090136064, 13.198685512575693 ], [ 77.2844030969231, 13.198679068274171 ], [ 77.284820049476124, 13.198543018133815 ], [ 77.285220412794814, 13.198404906291074 ], [ 77.285254072950707, 13.198395732344029 ], [ 77.285313986064963, 13.198379388810183 ], [ 77.285970476700072, 13.198199190030035 ], [ 77.286128521481402, 13.198155459879343 ], [ 77.287834704154278, 13.197731340200299 ], [ 77.287931344420528, 13.197609076767479 ], [ 77.288527267733386, 13.197725727008237 ], [ 77.288684184738074, 13.197757178379392 ], [ 77.289046249606528, 13.197824042870538 ], [ 77.289176637479358, 13.197847734221751 ], [ 77.289211568742829, 13.197854066968128 ], [ 77.289223562363802, 13.197823774717385 ], [ 77.289476505328295, 13.197673932777443 ], [ 77.290033317559008, 13.19734941341156 ], [ 77.290574881308572, 13.197048275666559 ], [ 77.290721525466296, 13.197005443706395 ], [ 77.29133576391439, 13.196776975584429 ], [ 77.291787235547844, 13.196588317750644 ], [ 77.291828120747866, 13.196571236843246 ], [ 77.291790426790243, 13.19592255118693 ], [ 77.29142676263875, 13.194967907368646 ], [ 77.291065169724149, 13.194350916968187 ], [ 77.290973852119876, 13.194141452212367 ], [ 77.29080687163443, 13.193777603663699 ], [ 77.290711135059709, 13.193531297574189 ], [ 77.290513569149638, 13.19302300337611 ], [ 77.29037780686275, 13.192686248922886 ], [ 77.290346423938317, 13.192520521693053 ], [ 77.290344700562059, 13.192462157651878 ], [ 77.290343049994178, 13.192453449128276 ], [ 77.290317696861536, 13.191626248564077 ], [ 77.290414799955727, 13.189950061724842 ], [ 77.290411055903405, 13.18991612025034 ], [ 77.290343526709876, 13.189303887967286 ], [ 77.29034098669058, 13.189280011567684 ], [ 77.290332421189518, 13.1892034384077 ], [ 77.29022101927923, 13.188152307899561 ], [ 77.290147858419488, 13.187487517685801 ], [ 77.290135739242928, 13.187366616765443 ], [ 77.290124572420723, 13.186932175280019 ], [ 77.290096132925115, 13.186260756797273 ], [ 77.28919360942497, 13.184576482839706 ], [ 77.289171864580084, 13.18457422020529 ], [ 77.28838789172957, 13.182998878417516 ], [ 77.288203982413719, 13.183104746573102 ], [ 77.288198088132503, 13.183162582260609 ], [ 77.288166859076043, 13.183171490643341 ], [ 77.288166252441954, 13.18317721855256 ], [ 77.287926264339674, 13.183244483733313 ], [ 77.287959186499975, 13.184030136667957 ], [ 77.285645225720913, 13.184451264330921 ], [ 77.285069874735115, 13.18464048856727 ], [ 77.28495163087986, 13.184686482323004 ], [ 77.284902592969743, 13.184705553883102 ], [ 77.284873209541203, 13.184716980922479 ], [ 77.283524561261359, 13.185201339618645 ], [ 77.282409544610516, 13.185558255454886 ], [ 77.282295180898203, 13.185613666239732 ], [ 77.281909528542243, 13.184709208983076 ], [ 77.281813982603239, 13.184399750958734 ], [ 77.281609105278619, 13.183740772344713 ], [ 77.281339115625812, 13.182872357743294 ], [ 77.281329029150314, 13.182843250013976 ], [ 77.281288400825019, 13.182726003777693 ], [ 77.281288222787765, 13.182725491262888 ], [ 77.281225673989738, 13.182546230098943 ], [ 77.281080509974998, 13.182167292960463 ], [ 77.280972534663107, 13.181898243728453 ], [ 77.280654638364211, 13.181132557447308 ], [ 77.280403836792019, 13.180562615945036 ], [ 77.28030746216281, 13.180348495718224 ], [ 77.280102313804207, 13.179892064202066 ], [ 77.280061878607256, 13.179801985766371 ], [ 77.279924956164891, 13.17945040505775 ], [ 77.279738362748333, 13.179016397392855 ], [ 77.279528076715422, 13.178525310160955 ], [ 77.279482581843794, 13.178418872349004 ], [ 77.279469400617387, 13.178388022720265 ], [ 77.279234013824833, 13.177820665534783 ], [ 77.279182859163768, 13.177680181881431 ], [ 77.278345619205638, 13.17537445527511 ], [ 77.278228938003352, 13.175158468264382 ], [ 77.277769259318546, 13.174305734768534 ], [ 77.277603381128472, 13.17307823390952 ], [ 77.277594863340127, 13.172994696248017 ], [ 77.277527117406692, 13.172331123609883 ], [ 77.277524430499668, 13.172155271420902 ], [ 77.277523940549855, 13.172125727554269 ], [ 77.277266708999278, 13.170783235173865 ], [ 77.277061196238677, 13.169633667526197 ], [ 77.276998870756557, 13.169292777470861 ], [ 77.276955712595267, 13.169112525433993 ], [ 77.276891919610406, 13.168848663011524 ], [ 77.276898088911466, 13.168839578575152 ], [ 77.276883408661135, 13.16877517429389 ], [ 77.277407931030865, 13.168003181026497 ], [ 77.277330688140736, 13.167866310405955 ], [ 77.277379181787367, 13.167874848106958 ], [ 77.277336416876608, 13.167796145304511 ], [ 77.277560992999696, 13.16782789252377 ], [ 77.278742275576391, 13.167502048428689 ], [ 77.2788934991014, 13.167474257189888 ], [ 77.279884044414899, 13.167292209521671 ], [ 77.280971681734627, 13.166784152231163 ], [ 77.281092113173216, 13.16672789595067 ], [ 77.281345836321009, 13.166609375519069 ], [ 77.281482889201541, 13.166548292365523 ], [ 77.281931285810984, 13.166506177360061 ], [ 77.282009324509971, 13.166497119378135 ], [ 77.283482479101664, 13.166326117012492 ], [ 77.283759647547143, 13.16629639424654 ], [ 77.28418366160291, 13.16623665993767 ], [ 77.285106445104162, 13.166085770138787 ], [ 77.28563084773873, 13.16605256824589 ], [ 77.285656889833945, 13.166047875112973 ], [ 77.285712834198819, 13.165536581693493 ], [ 77.285812720958489, 13.165059312637018 ], [ 77.285829414973605, 13.164978026877803 ], [ 77.285867330651485, 13.164793005472303 ], [ 77.285995426259376, 13.164163883600343 ], [ 77.286141654441366, 13.163412193452729 ], [ 77.286145197033051, 13.163158034890706 ], [ 77.286056908038944, 13.162494483969878 ], [ 77.286021731552438, 13.162273059743221 ], [ 77.286001268085712, 13.162150386659741 ], [ 77.285967589720926, 13.161852889893574 ], [ 77.285949627095377, 13.16169420862445 ], [ 77.285936741696304, 13.161303507086247 ], [ 77.285935557191934, 13.161267560240212 ], [ 77.285852308099521, 13.160586952701959 ], [ 77.28584385021918, 13.159974629930007 ], [ 77.285894558210273, 13.159497915580735 ], [ 77.285854316287896, 13.159431276608521 ], [ 77.285614066364246, 13.159033439675355 ], [ 77.285438304054807, 13.159054452123463 ], [ 77.285044717674509, 13.159114149169461 ], [ 77.284755761529851, 13.158200363974807 ], [ 77.284381967515912, 13.156917086028889 ], [ 77.284283967413018, 13.156580633237271 ], [ 77.28426468095455, 13.156514419153236 ], [ 77.284250051204921, 13.156412099561125 ], [ 77.284164352318584, 13.155812706173855 ], [ 77.284099313476517, 13.155766090922697 ], [ 77.284133293986201, 13.155707991002858 ], [ 77.284110838828511, 13.155691176505497 ], [ 77.284281216389772, 13.155414661570564 ], [ 77.284277714562364, 13.155348851078562 ], [ 77.284267460035807, 13.155156137629289 ], [ 77.284250212224819, 13.154716634834333 ], [ 77.284253599100666, 13.154683708510436 ], [ 77.284251908872122, 13.154652137956433 ], [ 77.284297058449141, 13.154169103461507 ], [ 77.284268354102863, 13.153963826612264 ], [ 77.284260784155947, 13.153888297733355 ], [ 77.284242340496604, 13.153704287504363 ], [ 77.284237734033695, 13.153636517613066 ], [ 77.284215344190628, 13.153402253899419 ], [ 77.284182615822971, 13.152087258277577 ], [ 77.283933539347387, 13.150825825527052 ], [ 77.283895894399919, 13.150814835017606 ], [ 77.283725481260674, 13.150765080260717 ], [ 77.283600045962743, 13.150650576477444 ], [ 77.283593742989055, 13.15064482138297 ], [ 77.282947838962556, 13.150055206874569 ], [ 77.282928572824773, 13.149962733651629 ], [ 77.282928572499316, 13.149962733341875 ], [ 77.282764500624225, 13.14923533721786 ], [ 77.282680915564057, 13.149223589935392 ], [ 77.282017131982585, 13.149130004569409 ], [ 77.281802090337322, 13.148953559567611 ], [ 77.281710403019019, 13.148936362281631 ], [ 77.281647207485449, 13.148891295624191 ], [ 77.281512100164193, 13.148890076705607 ], [ 77.281388516663583, 13.1488889622947 ], [ 77.281202318852181, 13.148887282509783 ], [ 77.280314879972067, 13.148844983478142 ], [ 77.279544666766313, 13.14880826817679 ], [ 77.27931752298025, 13.148781706064339 ], [ 77.279060085689693, 13.148751601971597 ], [ 77.279038515870624, 13.148749077076564 ], [ 77.278445772083401, 13.148679762643427 ], [ 77.277410917371952, 13.148557984781432 ], [ 77.277333133561058, 13.148546347245565 ], [ 77.275438882227363, 13.148137103222528 ], [ 77.274952082219031, 13.147566383818885 ], [ 77.274388380992292, 13.146959414691343 ], [ 77.274386248696231, 13.146979782324237 ], [ 77.274385170170461, 13.146990084419777 ], [ 77.274327281171921, 13.147585877852032 ], [ 77.274204899998622, 13.148845494949338 ], [ 77.274112163693886, 13.149799945241414 ], [ 77.274102082950236, 13.149903678629082 ], [ 77.274110778115698, 13.150180458241616 ], [ 77.274265507404465, 13.150216286032318 ], [ 77.274262076611379, 13.150284163801222 ], [ 77.274292339750403, 13.150290837318044 ], [ 77.274244175626976, 13.151525873007092 ], [ 77.274236093219372, 13.151733118953448 ], [ 77.274273750896413, 13.152566236861604 ], [ 77.274275528057899, 13.152605570081862 ], [ 77.274279374982683, 13.152690668595728 ], [ 77.274252458029224, 13.153487690397331 ], [ 77.274249155135209, 13.153585473064021 ], [ 77.274042516306707, 13.153607106799843 ], [ 77.273904707806423, 13.153726688525554 ], [ 77.273732953729365, 13.153789541611395 ], [ 77.273230808273951, 13.153973296162375 ], [ 77.273080236939833, 13.154022580545016 ], [ 77.273050527897155, 13.15403230533029 ], [ 77.272821179139768, 13.154037083379018 ], [ 77.272715482493865, 13.153986542448671 ], [ 77.272480431993202, 13.15397485159051 ], [ 77.272123175475571, 13.153957083417389 ], [ 77.2719130517537, 13.153946632615447 ], [ 77.271717955520117, 13.153972664260234 ], [ 77.271259553022787, 13.154006382461301 ], [ 77.271243723415651, 13.154007547182108 ], [ 77.270737015334674, 13.15407004733488 ], [ 77.270291703597053, 13.154129574762841 ], [ 77.269844625929437, 13.154189623087552 ], [ 77.269819115845195, 13.154176710850363 ], [ 77.269138108634365, 13.153832019170821 ], [ 77.268369017596868, 13.153087072653983 ], [ 77.268232790909082, 13.152885610802745 ], [ 77.268198748775163, 13.152835268010893 ], [ 77.267953384532987, 13.152593346062243 ], [ 77.267761840542903, 13.152500475378259 ], [ 77.267054716962207, 13.152183646681012 ], [ 77.266888847769039, 13.151847902476931 ], [ 77.266736614369734, 13.151820750435409 ], [ 77.266520937261021, 13.151782282811592 ], [ 77.266518412878597, 13.151773379105704 ], [ 77.266508023796902, 13.151736741242892 ], [ 77.266489500955885, 13.151735905304907 ], [ 77.265964595547729, 13.151712158891311 ], [ 77.265440989781851, 13.151688468597754 ], [ 77.265419954890177, 13.151692516233533 ], [ 77.264470459380263, 13.15187510685476 ], [ 77.264217169080212, 13.151923817092369 ], [ 77.264039450102516, 13.151957992965579 ], [ 77.263552518971366, 13.152047553891473 ], [ 77.263420867717969, 13.152038055073273 ], [ 77.261869946323202, 13.151926138024166 ], [ 77.261723819993421, 13.151915593798046 ], [ 77.261431275754205, 13.151894483259635 ], [ 77.261358396654472, 13.151889223414676 ], [ 77.261355209456966, 13.151868751829863 ], [ 77.260671809411349, 13.152214224562556 ], [ 77.260666100069628, 13.152213636860987 ], [ 77.259802912961035, 13.152124835922509 ], [ 77.259767804597388, 13.152133753701175 ], [ 77.259004238319108, 13.152327709190645 ], [ 77.258945876672371, 13.152342535102523 ], [ 77.258516821612744, 13.152451517735662 ], [ 77.258511497685703, 13.152456737278762 ], [ 77.258204334248092, 13.152758125227551 ], [ 77.258168903262145, 13.152792955351346 ], [ 77.258106556535907, 13.152854243606226 ], [ 77.257713113665645, 13.153241007273687 ], [ 77.257701259213476, 13.153252670700136 ], [ 77.257673083408193, 13.153280392308726 ], [ 77.257504759564455, 13.153446007044142 ], [ 77.257483064484035, 13.153443349535857 ], [ 77.257482061980468, 13.153443226738057 ], [ 77.257471503702234, 13.153453452518951 ], [ 77.255558010718048, 13.153227239824078 ], [ 77.25434387785026, 13.153083699677088 ], [ 77.253473704922285, 13.153329468067138 ], [ 77.253044903861507, 13.153450576044474 ], [ 77.253032879814768, 13.153449356819838 ], [ 77.252989526591691, 13.153444958793397 ], [ 77.252114498145588, 13.153356187286938 ], [ 77.252109153701142, 13.153351739499829 ], [ 77.251743252997059, 13.153047129107204 ], [ 77.250866780619631, 13.153022284077448 ], [ 77.250705127039325, 13.152607476541851 ], [ 77.25005154815922, 13.152668258496341 ], [ 77.249302227444375, 13.152798856204273 ], [ 77.249281793357767, 13.152802417478599 ], [ 77.246731773850328, 13.153292301672456 ], [ 77.246202782050588, 13.153001671485592 ], [ 77.246202462343263, 13.153001497169788 ], [ 77.245963108840328, 13.15221532531956 ], [ 77.245782776283193, 13.151843187239546 ], [ 77.245685660875097, 13.151642777209062 ], [ 77.245667916749596, 13.151606159868294 ], [ 77.245443818056728, 13.151143703570233 ], [ 77.245176480829542, 13.150757374793987 ], [ 77.244928667125421, 13.150399258130125 ], [ 77.244925845593357, 13.150374407244263 ], [ 77.244884506901073, 13.150315453346204 ], [ 77.244878652365401, 13.150268187889186 ], [ 77.244801712754025, 13.150158910151726 ], [ 77.244726312953446, 13.150051827812877 ], [ 77.243841930219943, 13.148795764955025 ], [ 77.243821370773915, 13.148766565544761 ], [ 77.243762550047123, 13.14868302287651 ], [ 77.242746261560683, 13.147281019359021 ], [ 77.242657002887199, 13.147157778099171 ], [ 77.242614467994258, 13.147099041648975 ], [ 77.242600643302325, 13.147079951923811 ], [ 77.241507037742281, 13.146489926487508 ], [ 77.241449324969267, 13.146424065997033 ], [ 77.241416660639302, 13.146386789489471 ], [ 77.240597854567127, 13.145881067624483 ], [ 77.240409194965821, 13.14576467513243 ], [ 77.23993085167551, 13.145844576059673 ], [ 77.239742928544842, 13.145876242207304 ], [ 77.238988143695465, 13.146005249369544 ], [ 77.238698258791729, 13.146042654950067 ], [ 77.237583633412939, 13.14618647830015 ], [ 77.237378542785891, 13.146212894875141 ], [ 77.237255010383961, 13.146228806559314 ], [ 77.237112383479214, 13.146249868020634 ], [ 77.235656138092409, 13.146463461084151 ], [ 77.235463260596589, 13.146491313333406 ], [ 77.235201311307605, 13.146511927090772 ], [ 77.234507185067528, 13.146585623596375 ], [ 77.234331831000219, 13.146599307147982 ], [ 77.233533432145933, 13.146661594678351 ], [ 77.233495791196475, 13.146676238303382 ], [ 77.233063056668868, 13.146844571134771 ], [ 77.23295573387594, 13.146883160510479 ], [ 77.231642664561164, 13.147355326154864 ], [ 77.2316340830793, 13.147358412539607 ], [ 77.231609671009679, 13.146934281341895 ], [ 77.231600353507716, 13.146772384366788 ], [ 77.231223805860282, 13.146143254071893 ], [ 77.230944253412474, 13.14567618676023 ], [ 77.230655950449943, 13.145194493567949 ], [ 77.230628518727286, 13.145148661280052 ], [ 77.229904175193155, 13.145240591383697 ], [ 77.229756618315093, 13.145259317675571 ], [ 77.229635496248719, 13.145274689696663 ], [ 77.229438915753477, 13.145299638089831 ], [ 77.227840959129395, 13.145502434182044 ], [ 77.22668586293085, 13.145649022274608 ], [ 77.226526137737778, 13.145669291741822 ], [ 77.226440595671292, 13.145680145707585 ], [ 77.225470635988373, 13.145813568382446 ], [ 77.224246240966821, 13.14598198275238 ], [ 77.223006060389054, 13.146152563119626 ], [ 77.221655310633594, 13.146338343500631 ], [ 77.22159854884282, 13.14634615206446 ], [ 77.221735839774666, 13.147289669133928 ], [ 77.221897282486481, 13.14839914428277 ], [ 77.221902927491655, 13.148437950501958 ], [ 77.221908606706734, 13.148476971492901 ], [ 77.221913152707529, 13.148508213745428 ], [ 77.22098418390928, 13.148635695011412 ], [ 77.219327067606741, 13.148863087536975 ], [ 77.219166295692432, 13.148885149279669 ], [ 77.217906491990462, 13.149058016131788 ], [ 77.21736005453694, 13.149132995122102 ], [ 77.2157099228574, 13.148847553447858 ], [ 77.215502373213496, 13.148811652296052 ], [ 77.213007475468288, 13.153463247239696 ], [ 77.213625387784759, 13.157168644856496 ], [ 77.213626281865359, 13.157168482754704 ], [ 77.213885894854016, 13.157121477217498 ], [ 77.216025523051599, 13.15872254047818 ], [ 77.216062408099603, 13.158750141236107 ], [ 77.216531172402711, 13.159100929365612 ], [ 77.216348129175685, 13.161823526748751 ], [ 77.21634227547618, 13.161910586143742 ], [ 77.216111424623051, 13.165344227627498 ], [ 77.215840688233655, 13.165764752521609 ], [ 77.214471067873703, 13.167912828460324 ], [ 77.213701429108653, 13.16845348094366 ], [ 77.213420415676168, 13.168589448307859 ], [ 77.212825215834471, 13.168989816137088 ], [ 77.212776864742608, 13.169022340877023 ], [ 77.211747400303167, 13.169228597742814 ], [ 77.211711686337594, 13.169235752654822 ], [ 77.211177692508699, 13.16951583841559 ], [ 77.210388027311751, 13.169928119780971 ], [ 77.210286879022718, 13.169980927958553 ], [ 77.21014737316419, 13.170461870361089 ], [ 77.209863281039503, 13.171462926182212 ], [ 77.209674369312324, 13.172120650268543 ], [ 77.209443252040444, 13.172289831795965 ], [ 77.209443338236682, 13.172290394029277 ], [ 77.209483295648852, 13.172563820532107 ], [ 77.20916496902899, 13.172672661764542 ], [ 77.208924695967582, 13.172759041440107 ], [ 77.207552070789632, 13.173362203246105 ], [ 77.207475001045253, 13.173501272177726 ], [ 77.207399821855248, 13.173694157311584 ], [ 77.207222237612456, 13.174149794800412 ], [ 77.206938293490495, 13.17487831785809 ], [ 77.20683413537229, 13.175145561060054 ], [ 77.206920827527071, 13.176831982391151 ], [ 77.207023187172823, 13.178067221843095 ], [ 77.207030858461437, 13.178171248621352 ], [ 77.20704755343948, 13.178397654587238 ], [ 77.207059938811, 13.178565621289353 ], [ 77.207070099660356, 13.178737370858823 ], [ 77.207023272311673, 13.178824824998822 ], [ 77.207025749886029, 13.178873019783767 ], [ 77.206935135471696, 13.179041854315075 ], [ 77.206041216096864, 13.180707412733808 ], [ 77.205852057027656, 13.181059854869556 ], [ 77.203062035172351, 13.182115899934805 ], [ 77.202826182631256, 13.182205170790041 ], [ 77.202968692824086, 13.182927599025227 ], [ 77.20327103161992, 13.184460198142453 ], [ 77.203944308859093, 13.185250587176883 ], [ 77.204993490264783, 13.186493363425971 ], [ 77.206618567817799, 13.18842654346016 ], [ 77.20662473518658, 13.188433879510468 ], [ 77.20662587461922, 13.188494474136823 ], [ 77.206626094336642, 13.188506217031755 ], [ 77.206645092697528, 13.189516091508869 ], [ 77.206823795851633, 13.190600870908092 ], [ 77.206848172709428, 13.190748843776381 ], [ 77.20687115473784, 13.190888342445538 ], [ 77.206888906827473, 13.190996101066311 ], [ 77.206896896785537, 13.191054008816245 ], [ 77.206992071254575, 13.191743767830094 ], [ 77.207012233567426, 13.191889900000209 ], [ 77.207186974108566, 13.191880435671539 ], [ 77.207182967224256, 13.191981973956551 ], [ 77.207182731610288, 13.191987944966902 ], [ 77.207291617097681, 13.191982077645012 ], [ 77.20717959634716, 13.194889095812076 ], [ 77.207165693031484, 13.195249909677971 ], [ 77.207138222242435, 13.195962807023893 ], [ 77.207097492219773, 13.197019769771538 ], [ 77.207084398306336, 13.197359563093995 ], [ 77.20364862248033, 13.197087465864454 ], [ 77.203555735015271, 13.197080109007979 ], [ 77.203503967803044, 13.197076007389898 ], [ 77.203520795363687, 13.196934991500987 ], [ 77.203501317847426, 13.19693350393452 ], [ 77.203519955536905, 13.196783456081452 ], [ 77.203575374131916, 13.196316328972182 ], [ 77.203618336693424, 13.195933317663616 ], [ 77.203574380624246, 13.195829403955699 ], [ 77.203498996637549, 13.195651179661713 ], [ 77.203125966393571, 13.195017467367805 ], [ 77.20306942735175, 13.194921420870703 ], [ 77.203049328641185, 13.194856104998156 ], [ 77.20268119549614, 13.194667661949287 ], [ 77.202481652585234, 13.194565517677674 ], [ 77.202256307243644, 13.194559386270853 ], [ 77.201698203381042, 13.19454419961326 ], [ 77.20159832711532, 13.194561675718212 ], [ 77.200866164302667, 13.194689762957186 ], [ 77.200806951923752, 13.195247983413433 ], [ 77.200805236657899, 13.195248825002697 ], [ 77.200638291728424, 13.195331116404443 ], [ 77.20003756590782, 13.195404471535577 ], [ 77.199801475264195, 13.195433298909665 ], [ 77.199374610733116, 13.195485417430467 ], [ 77.198769265354414, 13.195559331686733 ], [ 77.198741438619621, 13.195518201207332 ], [ 77.198648984149571, 13.195381542492465 ], [ 77.198650311285377, 13.195395667013313 ], [ 77.19868745606162, 13.195790904299557 ], [ 77.198768918492448, 13.196861035323556 ], [ 77.198743552972218, 13.197142156023387 ], [ 77.198762787300453, 13.197252589470459 ], [ 77.198884117425592, 13.1979491853619 ], [ 77.198932358575348, 13.198226182952988 ], [ 77.198924440895667, 13.198272785705107 ], [ 77.19885241281645, 13.198696778744372 ], [ 77.1987865333803, 13.199084580809291 ], [ 77.198783269378666, 13.199171572315526 ], [ 77.198782346975918, 13.199196194058786 ], [ 77.198766498834118, 13.199444237753227 ], [ 77.19890714779261, 13.200265194405906 ], [ 77.198912773895515, 13.200296501760588 ], [ 77.198920620050259, 13.200343830889691 ], [ 77.198925037043296, 13.200369612522611 ], [ 77.198928183887077, 13.200389457036593 ], [ 77.198973526084316, 13.200662967664059 ], [ 77.199214549240679, 13.202190876660042 ], [ 77.199262396046763, 13.202497068327627 ], [ 77.199262414183707, 13.202497182697375 ], [ 77.199298552734859, 13.202718747969188 ], [ 77.19897601781723, 13.203319504779758 ], [ 77.198898167553153, 13.203464510377342 ], [ 77.197767344452501, 13.205534490312864 ], [ 77.197510279387913, 13.205662469405004 ], [ 77.196725589243101, 13.206046774100475 ], [ 77.195114302109417, 13.206887368583475 ], [ 77.195062784992672, 13.206995183364709 ], [ 77.194167189364066, 13.209403377501417 ], [ 77.194189848603941, 13.209434422697745 ], [ 77.194203071157787, 13.209431484429672 ], [ 77.194628221236698, 13.20996730973032 ], [ 77.194711854836413, 13.210072714215626 ], [ 77.194710389891853, 13.211049577562905 ], [ 77.194710229104786, 13.21115725803236 ], [ 77.194706461818228, 13.213666168025766 ], [ 77.194585531402595, 13.214909898471253 ], [ 77.194903075390016, 13.216495110435631 ], [ 77.194796921573143, 13.217056928925141 ], [ 77.194757752058777, 13.217264230104284 ], [ 77.194672341162729, 13.217528883152315 ], [ 77.194230693398424, 13.218897393249613 ], [ 77.194196859607217, 13.219216021850665 ], [ 77.194172018647919, 13.219449952851445 ], [ 77.194206391879746, 13.219747327463445 ], [ 77.194537759724966, 13.222614118495617 ], [ 77.193950426140162, 13.22411735423983 ], [ 77.193473689220554, 13.225337505186227 ], [ 77.193385698768367, 13.225325338299916 ], [ 77.193384922948667, 13.225327365485242 ], [ 77.192045617599675, 13.225140816063458 ], [ 77.191556141739298, 13.225072352900879 ], [ 77.190157705551329, 13.224878975789009 ], [ 77.189095288901896, 13.225056191575019 ], [ 77.188467467788755, 13.225165276125312 ], [ 77.188413775414674, 13.225220051483346 ], [ 77.186831007979393, 13.22682005810265 ], [ 77.186805408122595, 13.226845746951597 ], [ 77.18626422154577, 13.22738880892974 ], [ 77.186242693509413, 13.227410308755662 ], [ 77.18517034414171, 13.228481217133879 ], [ 77.185161435531938, 13.228490113995528 ], [ 77.183705458600613, 13.229944232812267 ], [ 77.183692020558723, 13.229957653244558 ], [ 77.183610103228858, 13.230039769740531 ], [ 77.183802840767001, 13.231406694628591 ], [ 77.183824974177071, 13.231563655178817 ], [ 77.183826239464636, 13.231570768843104 ], [ 77.183981388195818, 13.232443159095466 ], [ 77.184008835531884, 13.232625740894802 ], [ 77.184126524087361, 13.233408634286294 ], [ 77.183986722026376, 13.233446668738953 ], [ 77.183990615543621, 13.23348641289326 ], [ 77.184001162627112, 13.233594175812762 ], [ 77.184253766486606, 13.234661066844573 ], [ 77.184384041735726, 13.23488229145387 ], [ 77.184409317000828, 13.23492521248092 ], [ 77.184386454604947, 13.235147795936129 ], [ 77.184385154326634, 13.235160459246691 ], [ 77.184350169201764, 13.23550109522853 ], [ 77.184318872959949, 13.235537933315825 ], [ 77.184257329835106, 13.235661345351456 ], [ 77.184244876270142, 13.236212493891482 ], [ 77.184244756037359, 13.236217839183489 ], [ 77.184240531034504, 13.236404791708342 ], [ 77.185189866488457, 13.236479603430823 ], [ 77.185199663360095, 13.236946441096658 ], [ 77.185207159067133, 13.237303563090666 ], [ 77.185220027011553, 13.238068443871013 ], [ 77.185219885212021, 13.238075401478193 ], [ 77.185216687222038, 13.238232776475604 ], [ 77.185789378115373, 13.238190429154242 ], [ 77.187113893044739, 13.238086063398503 ], [ 77.187214031898037, 13.238078185779894 ], [ 77.188044353846919, 13.238012868991358 ], [ 77.18815103079568, 13.238004471395167 ], [ 77.188167582049189, 13.238005692256436 ], [ 77.188217628842693, 13.238001768792282 ], [ 77.188291367672051, 13.238007349363253 ], [ 77.188373909715779, 13.23801359273711 ], [ 77.189155920202609, 13.23807275110587 ], [ 77.189593881296986, 13.237930654370739 ], [ 77.189657311617168, 13.237910098750005 ], [ 77.189664193640809, 13.237933826852718 ], [ 77.189721876194838, 13.237915307575836 ], [ 77.190209416677533, 13.239586351980774 ], [ 77.190245606960048, 13.239664972491177 ], [ 77.191060128952074, 13.241434525950517 ], [ 77.191082357491041, 13.241482812806549 ], [ 77.191002021004337, 13.242605770228916 ], [ 77.1909256404318, 13.243830525208249 ], [ 77.190806138500832, 13.245058670464001 ], [ 77.190708397585723, 13.245981162336358 ], [ 77.190644334900909, 13.246049607015509 ], [ 77.189390071566777, 13.247389693806078 ], [ 77.18932687895348, 13.247457208152079 ], [ 77.189311517150202, 13.247502610623203 ], [ 77.18908819062051, 13.24816268869534 ], [ 77.188877770669095, 13.248784620023738 ], [ 77.188544385034518, 13.249273774358214 ], [ 77.187682295720819, 13.250538650094402 ], [ 77.187648315843347, 13.250706139499425 ], [ 77.18721952522526, 13.252096772385125 ], [ 77.186751868384491, 13.25361318551176 ], [ 77.186754361928095, 13.253694219777682 ], [ 77.186756985149813, 13.253779441397883 ], [ 77.186667895785746, 13.25467707684696 ], [ 77.186642826646178, 13.254853980987052 ], [ 77.186504182312305, 13.255832275655729 ], [ 77.18649717935017, 13.255834109598441 ], [ 77.186396700098769, 13.255860450896771 ], [ 77.18629680980618, 13.25588663348581 ], [ 77.186167407522177, 13.255920554118381 ], [ 77.185833953066251, 13.256007963299028 ], [ 77.185626399761773, 13.256062364647805 ], [ 77.184877751573211, 13.256584344717966 ], [ 77.184852602009272, 13.256583405369026 ], [ 77.184980819953878, 13.256996033446509 ], [ 77.185080521155612, 13.257316892303146 ], [ 77.185147952805281, 13.257533899488754 ], [ 77.185200541818261, 13.257555945564016 ], [ 77.185250570022646, 13.257757962142001 ], [ 77.185380064903953, 13.25828087236267 ], [ 77.185396124191143, 13.258332554363664 ], [ 77.185537374214491, 13.258787116557453 ], [ 77.18580963342346, 13.260165684247674 ], [ 77.185892262664709, 13.260584082617127 ], [ 77.185946769168993, 13.261008992613638 ], [ 77.185971066034526, 13.261198403849576 ], [ 77.186004405717838, 13.261458316115467 ], [ 77.186043712246999, 13.261711706067405 ], [ 77.186058596995494, 13.261807648350109 ], [ 77.186278715374513, 13.263226571783191 ], [ 77.186383866508635, 13.263904385508489 ], [ 77.186406631130936, 13.264028451425624 ], [ 77.186412806107796, 13.264062233286946 ], [ 77.186594359522161, 13.265092456406487 ], [ 77.186600361713928, 13.26512650902661 ], [ 77.186616635773916, 13.265224129113429 ], [ 77.186617359154667, 13.26522847312474 ], [ 77.186651615319974, 13.265433964205988 ], [ 77.186652372289871, 13.265437731393593 ], [ 77.186655912227863, 13.265455383831599 ], [ 77.186808173200589, 13.266214497795145 ], [ 77.186812315760505, 13.266235159663522 ], [ 77.18687449358589, 13.266545150583001 ], [ 77.18698505326806, 13.267051825161152 ], [ 77.186985861280149, 13.26705552142224 ], [ 77.187005745775977, 13.267146656498328 ], [ 77.187005874610776, 13.26714723915649 ], [ 77.187006636501451, 13.267150729778935 ], [ 77.187031115493383, 13.267262918631811 ], [ 77.187039003813965, 13.267299064169377 ], [ 77.187039940419183, 13.267303522014794 ], [ 77.187040981050373, 13.26730847055803 ], [ 77.187053919882715, 13.267370032443472 ], [ 77.187067631555905, 13.267435276430817 ], [ 77.18710222010219, 13.267599859410186 ], [ 77.187107146304569, 13.267651802939637 ], [ 77.187131926772238, 13.267849314430418 ], [ 77.187205720941861, 13.268235210375554 ], [ 77.187215509886158, 13.268274561124034 ], [ 77.187337887205288, 13.268766542410601 ], [ 77.187467532635097, 13.269287746924304 ], [ 77.187471544346892, 13.269303874419448 ], [ 77.1875073164139, 13.269550712607144 ], [ 77.187527452299065, 13.26968965982897 ], [ 77.187557020971909, 13.269893696128436 ], [ 77.18762809776112, 13.270384149437113 ], [ 77.187681923727155, 13.270755551883409 ], [ 77.187674617758404, 13.270803963111774 ], [ 77.187646224880552, 13.270992122002729 ], [ 77.187649919337602, 13.271034429409745 ], [ 77.187655059347321, 13.271093212563812 ], [ 77.187658738605677, 13.271135367382135 ], [ 77.187663245909008, 13.271186955614056 ], [ 77.187735555963528, 13.271316217398681 ], [ 77.187799035133082, 13.271445150172005 ], [ 77.187686975293502, 13.27152072972094 ], [ 77.187672481679385, 13.271530506203069 ], [ 77.187701485351241, 13.271610164921023 ], [ 77.187804582270687, 13.271893331839316 ], [ 77.187820183665735, 13.271924330671201 ], [ 77.187848237145232, 13.271970497074671 ], [ 77.187942895226698, 13.272126268969552 ], [ 77.187963872491707, 13.272287597888882 ], [ 77.18813835638413, 13.272721545695777 ], [ 77.188178429609096, 13.272821211986116 ], [ 77.18820189489837, 13.273167802031422 ], [ 77.188207879762288, 13.273256197100551 ], [ 77.188239119525463, 13.27366919705581 ], [ 77.188316743820266, 13.273655798337746 ], [ 77.18833159428489, 13.273689044635134 ], [ 77.188496423482945, 13.27405809732339 ], [ 77.188569179375989, 13.27422099531692 ], [ 77.18865946652312, 13.27467936718597 ], [ 77.18857162972526, 13.274722398944416 ], [ 77.188586855546362, 13.274781257987714 ], [ 77.188602666254269, 13.274842378376544 ], [ 77.188641408523097, 13.275028399591957 ], [ 77.188715330245941, 13.275200578869567 ], [ 77.188726801184828, 13.27522729971089 ], [ 77.188734539966475, 13.275241432593885 ], [ 77.188757485402959, 13.275283336784424 ], [ 77.188751364782291, 13.275284519089027 ], [ 77.188778451276008, 13.275347615397674 ], [ 77.188705532461469, 13.275467055229761 ], [ 77.188697535754244, 13.275480155628246 ], [ 77.18860458968615, 13.275632395352025 ], [ 77.188616814724995, 13.275638427650673 ], [ 77.188639164325465, 13.275649455351457 ], [ 77.18868545945962, 13.275672113321859 ], [ 77.188780996576639, 13.275720426636717 ], [ 77.188974225665987, 13.275818141596126 ], [ 77.189003247161182, 13.275832347307954 ], [ 77.188971440132235, 13.27568283551329 ], [ 77.189558026965216, 13.275651262955197 ], [ 77.189593137254619, 13.275649373283828 ], [ 77.18970858356289, 13.275782054895435 ], [ 77.189727912056725, 13.275804269103025 ], [ 77.189775132314296, 13.275809253742386 ], [ 77.189834229692579, 13.275815492160516 ], [ 77.18988847856788, 13.275902746008398 ], [ 77.189894645562305, 13.275900364545215 ], [ 77.190239616262446, 13.275767156587566 ], [ 77.190667751332029, 13.275601833291626 ], [ 77.190783981248586, 13.275446473202678 ], [ 77.19085650340142, 13.27524656880999 ], [ 77.190861371143356, 13.275206938181496 ], [ 77.190870990752614, 13.275206635232751 ], [ 77.190922944741857, 13.275063428113416 ], [ 77.19101947367561, 13.275072962425867 ], [ 77.191340897314873, 13.275104711475928 ], [ 77.191627986023278, 13.274825283123757 ], [ 77.191632334904739, 13.274818144887609 ], [ 77.191648132609089, 13.274792214705023 ], [ 77.19165768890997, 13.274716317684097 ], [ 77.191673695313654, 13.274589187223135 ], [ 77.191696592742758, 13.274530681683546 ], [ 77.191750635346665, 13.27439259041086 ], [ 77.191762344045813, 13.274328866856626 ], [ 77.191776782112612, 13.274250281683015 ], [ 77.191781759530159, 13.274224486430805 ], [ 77.191796679220687, 13.274147140543279 ], [ 77.191814774888101, 13.274117561719139 ], [ 77.191845799920912, 13.274066848931847 ], [ 77.191914996566425, 13.273953742615999 ], [ 77.192031372306275, 13.273899320257797 ], [ 77.192485997064523, 13.273686714019581 ], [ 77.192513902108715, 13.273673663519457 ], [ 77.192597988386169, 13.273634338920116 ], [ 77.192674561554171, 13.27361889936936 ], [ 77.192915895822608, 13.273586729413029 ], [ 77.192980751626649, 13.273573270286711 ], [ 77.193092387532289, 13.273501055574336 ], [ 77.193141355542849, 13.273467946792048 ], [ 77.193143972646823, 13.273476657183414 ], [ 77.193170556005001, 13.273535079116789 ], [ 77.193185449052379, 13.273577111818538 ], [ 77.193209051770197, 13.27363380451645 ], [ 77.193245865278982, 13.273722229934769 ], [ 77.193282541461372, 13.273694081563963 ], [ 77.193470768339083, 13.273549632239128 ], [ 77.193565423121086, 13.27332874033004 ], [ 77.193606506858202, 13.273232759765847 ], [ 77.193600576828587, 13.273184082115977 ], [ 77.193590794571122, 13.273103802468274 ], [ 77.193574363374609, 13.272968959523189 ], [ 77.193571229283094, 13.272964732108816 ], [ 77.193556709360976, 13.272945146642673 ], [ 77.193524282387614, 13.272902130006612 ], [ 77.193507386213639, 13.272840443799655 ], [ 77.193504496137294, 13.2728298959206 ], [ 77.193475623698873, 13.272724487366979 ], [ 77.193441469332043, 13.272604559174979 ], [ 77.193468878428902, 13.272598971641893 ], [ 77.193476501010295, 13.272592638228717 ], [ 77.193506953742045, 13.272567331840774 ], [ 77.193486487208162, 13.272468642019049 ], [ 77.193320566853103, 13.272160155959163 ], [ 77.193395861788105, 13.272051611854904 ], [ 77.193417689889245, 13.272020144592368 ], [ 77.193415694863177, 13.272017160849465 ], [ 77.193399961603163, 13.271994567602402 ], [ 77.193390197550869, 13.271974876090743 ], [ 77.193413114582881, 13.271940200624375 ], [ 77.193390056719636, 13.271895469441322 ], [ 77.193431699359792, 13.271834831513182 ], [ 77.193419707747395, 13.271811795779897 ], [ 77.193405160843341, 13.271783849899311 ], [ 77.193399030028928, 13.271772056733685 ], [ 77.193362953628125, 13.271754975621727 ], [ 77.193295965741299, 13.271723254972631 ], [ 77.193266019053851, 13.271559139117343 ], [ 77.19323495070492, 13.271546989115629 ], [ 77.193185899497166, 13.271529008626446 ], [ 77.193166578600554, 13.271418550334454 ], [ 77.192955154941842, 13.27131964397039 ], [ 77.192950098354046, 13.271317276555653 ], [ 77.192812848575016, 13.271334618400559 ], [ 77.192807590231084, 13.271294862133342 ], [ 77.192776425229752, 13.271059133383503 ], [ 77.192816982718213, 13.270931126472043 ], [ 77.192824271774157, 13.270915386222224 ], [ 77.192823795015485, 13.270912119953906 ], [ 77.1928556143218, 13.27079062773036 ], [ 77.192880804312921, 13.270694449777723 ], [ 77.193038228528195, 13.270453361365671 ], [ 77.193048960374668, 13.270430186156492 ], [ 77.193154284404059, 13.27020274735376 ], [ 77.193126409751159, 13.270062242674673 ], [ 77.19306648184839, 13.269760158539947 ], [ 77.193090834013191, 13.26974622051929 ], [ 77.193101340595348, 13.269740207131825 ], [ 77.193089329493532, 13.269687025012898 ], [ 77.193208255996652, 13.269618768938594 ], [ 77.193204143967606, 13.269601258108651 ], [ 77.193195921371412, 13.269494054075345 ], [ 77.193191549858199, 13.269437052936528 ], [ 77.19359911075064, 13.269253943540416 ], [ 77.193633942754985, 13.269238294180131 ], [ 77.193633210862572, 13.269225858836858 ], [ 77.193663023698321, 13.269225228662705 ], [ 77.19373726686058, 13.269191872615107 ], [ 77.193734615218006, 13.269117231784964 ], [ 77.193735969038116, 13.269115944163268 ], [ 77.193746404266122, 13.269106000827422 ], [ 77.193863938002067, 13.268994037691979 ], [ 77.193944335817989, 13.268951200533149 ], [ 77.194111278781648, 13.268865475007734 ], [ 77.194191639340133, 13.268831034872534 ], [ 77.194195249229622, 13.268829487442899 ], [ 77.194397318528019, 13.26874431945714 ], [ 77.194461160783888, 13.268728483230413 ], [ 77.194481697150636, 13.268723388616694 ], [ 77.194832441083506, 13.268618325949667 ], [ 77.194945082204853, 13.268584585216392 ], [ 77.19502039768993, 13.268562024397953 ], [ 77.195047580372574, 13.268553881371785 ], [ 77.195484318145873, 13.268434226525866 ], [ 77.195519215322463, 13.268424665096104 ], [ 77.19596939048661, 13.268301327846919 ], [ 77.195993852095086, 13.26829652821313 ], [ 77.196152505320512, 13.268265397692566 ], [ 77.19625548678107, 13.268245191509422 ], [ 77.196392947651688, 13.268298708150153 ], [ 77.19657431021696, 13.268288105977739 ], [ 77.196641484401681, 13.268284179591879 ], [ 77.196882656082067, 13.2682707462858 ], [ 77.19695127256432, 13.268269838237137 ], [ 77.197552716763269, 13.268261870767045 ], [ 77.197943369215324, 13.268075445451041 ], [ 77.197962218057512, 13.268066450507185 ], [ 77.197975179556721, 13.26806026431121 ], [ 77.198006375358304, 13.26804537763965 ], [ 77.198068763258732, 13.268015604318663 ], [ 77.198144878681163, 13.267988298787213 ], [ 77.198188867247225, 13.267972676379308 ], [ 77.198200011059157, 13.267968718002372 ], [ 77.198310194072732, 13.267958730655774 ], [ 77.198414643506354, 13.267949262643397 ], [ 77.198437633981214, 13.26794717921349 ], [ 77.198875960829341, 13.267907446905397 ], [ 77.198896488486611, 13.267951859577019 ], [ 77.198899193681555, 13.267957712915155 ], [ 77.198978785289185, 13.267950241918635 ], [ 77.199068208354632, 13.268147703457229 ], [ 77.199116219166172, 13.268253714758407 ], [ 77.199146033603995, 13.268259071025621 ], [ 77.199201333797333, 13.268269014536102 ], [ 77.199303144730834, 13.268287323719663 ], [ 77.199429211963391, 13.268310015791466 ], [ 77.199888510754064, 13.268392809386066 ], [ 77.199893383191181, 13.268350326358636 ], [ 77.199931132854786, 13.268021217190912 ], [ 77.200106763545321, 13.267408357753343 ], [ 77.200140502328509, 13.267384529838058 ], [ 77.200187172257202, 13.267351566364258 ], [ 77.200360757477995, 13.267228957812911 ], [ 77.200461566448752, 13.267157741361586 ], [ 77.200437255534041, 13.266922029393848 ], [ 77.200412302642249, 13.26684147827276 ], [ 77.200427002808283, 13.266853001191272 ], [ 77.201182412532717, 13.265703979103701 ], [ 77.201253305213442, 13.265596144686251 ], [ 77.201390258869978, 13.265398174923739 ], [ 77.201420715056258, 13.265375197420173 ], [ 77.201432559703946, 13.265341814641088 ], [ 77.201446469931696, 13.265328320403524 ], [ 77.201496311732868, 13.265279972701986 ], [ 77.201821986470804, 13.265029327489549 ], [ 77.202528991360111, 13.264575788308942 ], [ 77.202654350737689, 13.264498828667074 ], [ 77.203375847360732, 13.264011025075936 ], [ 77.203387340064069, 13.264002819044087 ], [ 77.203475647324723, 13.263939776704119 ], [ 77.203582148748524, 13.26386374877251 ], [ 77.2037092296965, 13.263786681649611 ], [ 77.203725427614444, 13.263778923788571 ], [ 77.204059607142938, 13.263618834406378 ], [ 77.204353980146252, 13.263487090419554 ], [ 77.204411360302743, 13.263469899096041 ], [ 77.204580168251013, 13.263277610342776 ], [ 77.204926418017138, 13.262883193061786 ], [ 77.205032276033606, 13.262885993813724 ], [ 77.205089459365098, 13.262887508721075 ], [ 77.205139847590829, 13.262888841141542 ], [ 77.205467152827424, 13.262897498547748 ], [ 77.205651940829242, 13.262915425007929 ], [ 77.205662550896875, 13.262911857997121 ], [ 77.205665990706322, 13.262910702276425 ], [ 77.205879042039101, 13.262825653685347 ], [ 77.206090878188832, 13.262716571149337 ], [ 77.206091190097453, 13.262717399806734 ], [ 77.206190581292404, 13.262668383875059 ], [ 77.20619213250076, 13.262667718010748 ], [ 77.206604276903477, 13.262491138705387 ], [ 77.206606357449971, 13.262490247764939 ], [ 77.206903417278866, 13.262361144624416 ], [ 77.20693832503909, 13.262345973678965 ], [ 77.207024541330057, 13.262308502723744 ], [ 77.20720652156983, 13.262231889429227 ], [ 77.207212991520535, 13.262229165820541 ], [ 77.207288443168892, 13.262193877257539 ], [ 77.207298592324051, 13.262189131944952 ], [ 77.207305419646374, 13.262185937148715 ], [ 77.207334520331415, 13.262172325547342 ], [ 77.207528088070163, 13.261988310617273 ], [ 77.207557594583875, 13.261958549083158 ], [ 77.207578811494159, 13.26198357528925 ], [ 77.20750450718009, 13.262163108869974 ], [ 77.207489498552519, 13.262199366757986 ], [ 77.207559116190907, 13.262169807185959 ], [ 77.207594661027429, 13.262154704740842 ], [ 77.207613341178359, 13.262155147125837 ], [ 77.207633526239619, 13.262146678918162 ], [ 77.207704851845605, 13.262116757514198 ], [ 77.207741300865123, 13.26210146558471 ], [ 77.207907124326766, 13.262103727698268 ], [ 77.208045760777921, 13.26193558010992 ] ], [ [ 77.254668598672623, 13.283504841121925 ], [ 77.25458017320156, 13.28351057646158 ], [ 77.254583569144359, 13.283476708458057 ], [ 77.254429578136097, 13.283478334871502 ], [ 77.254338139408191, 13.283424515626381 ], [ 77.254244725581628, 13.283369507504306 ], [ 77.254263304032122, 13.282732462207449 ], [ 77.254154985680628, 13.282053093008233 ], [ 77.254129329414553, 13.281999972237537 ], [ 77.253868992846023, 13.281460427456912 ], [ 77.253500045545792, 13.281635609715773 ], [ 77.253496459066596, 13.281600276410899 ], [ 77.253460223752256, 13.281243771298293 ], [ 77.253414575865875, 13.280795817977829 ], [ 77.253421632750388, 13.280563526366997 ], [ 77.253405748440613, 13.280296859858108 ], [ 77.253403836133202, 13.279999774793305 ], [ 77.253401151370412, 13.279967872680915 ], [ 77.253373384258481, 13.279638379473587 ], [ 77.253350111010448, 13.279466540323202 ], [ 77.253344779028353, 13.27942719410707 ], [ 77.253254773912587, 13.279305583488195 ], [ 77.253246150768192, 13.279259492847434 ], [ 77.253196199371459, 13.278992688669545 ], [ 77.253158479671157, 13.278610829070375 ], [ 77.253092797980727, 13.277952223158776 ], [ 77.252736197129622, 13.277991728332196 ], [ 77.252706827566556, 13.277897305732175 ], [ 77.252544220327465, 13.277946226444529 ], [ 77.252337832892621, 13.277996210347908 ], [ 77.251947776601256, 13.278091485699541 ], [ 77.25189201910139, 13.27798411253861 ], [ 77.251810330094486, 13.277826564634928 ], [ 77.25181743283828, 13.277533501015334 ], [ 77.251810287857722, 13.277045131360943 ], [ 77.251809475948917, 13.276992291933109 ], [ 77.251647816801665, 13.276957791039905 ], [ 77.251589026368748, 13.27683029737956 ], [ 77.251450125586075, 13.276791979655547 ], [ 77.251405460861449, 13.276686548580466 ], [ 77.251400819783001, 13.276652249213404 ], [ 77.251393343816773, 13.276596743374109 ], [ 77.251423602625707, 13.276252872870002 ], [ 77.250851182392822, 13.275424061985406 ], [ 77.250739228752082, 13.275431161108582 ], [ 77.250687648034003, 13.275434430070925 ], [ 77.25068481379455, 13.27543461054904 ], [ 77.250680873525994, 13.275433500489243 ], [ 77.250197378049791, 13.275297315653834 ], [ 77.250111456578907, 13.275297083738939 ], [ 77.250108912133641, 13.275297076406318 ], [ 77.249672350277521, 13.275285868087407 ], [ 77.248818979784076, 13.275296310343256 ], [ 77.247707825732491, 13.275546392789785 ], [ 77.246936702347625, 13.275821335120348 ], [ 77.2468780676748, 13.275827624056149 ], [ 77.246833489829697, 13.275832404570531 ], [ 77.246840249559241, 13.274763874571956 ], [ 77.246898447139912, 13.274757032002537 ], [ 77.246887976877261, 13.273928612899326 ], [ 77.246886225308913, 13.273816709711053 ], [ 77.24684951184112, 13.273254977138638 ], [ 77.246843806181403, 13.273199029752847 ], [ 77.246843899932671, 13.273167995682885 ], [ 77.246887298227591, 13.272746414403231 ], [ 77.24684133987688, 13.272524579304214 ], [ 77.246801719327379, 13.272333026620366 ], [ 77.246823246412788, 13.2721591434098 ], [ 77.246842163013866, 13.272060933939402 ], [ 77.247025834677402, 13.271382681516979 ], [ 77.247014834875685, 13.271356248096925 ], [ 77.247207348290615, 13.271262313611022 ], [ 77.247493288615345, 13.271072456919066 ], [ 77.247579303186157, 13.270948963725239 ], [ 77.247584465674606, 13.270345877815242 ], [ 77.247583955656239, 13.270338671378955 ], [ 77.247558499771927, 13.269975714181911 ], [ 77.247505289777834, 13.269462981827889 ], [ 77.247502346818919, 13.2694343818187 ], [ 77.247491420553828, 13.26934471560725 ], [ 77.247514301801758, 13.269341795600768 ], [ 77.248768002544097, 13.268793514745067 ], [ 77.249324450810946, 13.268551905977759 ], [ 77.249482382935369, 13.268482702378561 ], [ 77.249877444257606, 13.268294801486828 ], [ 77.25045745835493, 13.267968423030812 ], [ 77.250419244257856, 13.267834292230654 ], [ 77.250506402916827, 13.267790038002511 ], [ 77.250455222587362, 13.267682325369071 ], [ 77.251053087189064, 13.267301590595238 ], [ 77.251102847162684, 13.267377670707722 ], [ 77.251130391073517, 13.267348968562493 ], [ 77.251803810192783, 13.266646397679745 ], [ 77.252024847520673, 13.266415506191436 ], [ 77.252088480956857, 13.266395040461287 ], [ 77.252594371452119, 13.26623247985618 ], [ 77.252856956266541, 13.266208767411085 ], [ 77.253030653303952, 13.265968029605524 ], [ 77.25321804336906, 13.26584124855505 ], [ 77.253842501841405, 13.265217278242218 ], [ 77.253753786102891, 13.265053437352986 ], [ 77.254717469438646, 13.264494445936046 ], [ 77.254811034080163, 13.264223785427419 ], [ 77.255084682432951, 13.264448290365353 ], [ 77.255188519985339, 13.264533689847219 ], [ 77.255318452791883, 13.264640731372472 ], [ 77.255471006489401, 13.26450580937097 ], [ 77.255473955304353, 13.264507963708025 ], [ 77.255497146326064, 13.264482696458199 ], [ 77.255631039157905, 13.264336839482588 ], [ 77.255742865122954, 13.264215020787377 ], [ 77.256988092715261, 13.26323507947939 ], [ 77.257242266733954, 13.263026633450837 ], [ 77.257629860678449, 13.262695921818084 ], [ 77.258271651645458, 13.262084255312566 ], [ 77.258455162995432, 13.261909219730226 ], [ 77.258917632363591, 13.26134179935152 ], [ 77.259052108172071, 13.261176471964122 ], [ 77.259467766498261, 13.261421477901116 ], [ 77.259547462281802, 13.261634255163857 ], [ 77.259597381168376, 13.261856508806307 ], [ 77.259953486695522, 13.261936579898149 ], [ 77.259990103809386, 13.261925186732835 ], [ 77.260047407394211, 13.261946295839472 ], [ 77.260156398107767, 13.261884180388074 ], [ 77.26021396948029, 13.261851326531055 ], [ 77.260352575737912, 13.261904783337153 ], [ 77.262109266838337, 13.262824640048404 ], [ 77.262337470350431, 13.262949927662369 ], [ 77.262856631720027, 13.263234623951773 ], [ 77.262880315476792, 13.263403735390753 ], [ 77.2628568543374, 13.263405196151137 ], [ 77.262718622469094, 13.263413758338592 ], [ 77.262770943268009, 13.263509624843373 ], [ 77.262735839176131, 13.263653704924785 ], [ 77.262472566134562, 13.263945795102096 ], [ 77.262352749626857, 13.264204971198566 ], [ 77.262132965302797, 13.264319949856883 ], [ 77.262146165379804, 13.264386256750077 ], [ 77.262203240176561, 13.264559717339875 ], [ 77.262097784965675, 13.264736682091399 ], [ 77.262115983276473, 13.264783560184584 ], [ 77.262136237592173, 13.264872780747371 ], [ 77.262581242044917, 13.265352068998125 ], [ 77.262606291381999, 13.265379055389561 ], [ 77.262862128642823, 13.265301465798766 ], [ 77.263708708827082, 13.265320488254753 ], [ 77.263980306424301, 13.265263322094109 ], [ 77.264838140004287, 13.265174759187724 ], [ 77.265121718436731, 13.265181515649205 ], [ 77.265467247039339, 13.265114895787885 ], [ 77.265650077217941, 13.26512957851388 ], [ 77.26572809227828, 13.265135792903097 ], [ 77.265771550783086, 13.265139240476937 ], [ 77.265896184005229, 13.265199372874672 ], [ 77.266100626459234, 13.265297744835904 ], [ 77.266188214459532, 13.265717536715186 ], [ 77.26574315599369, 13.26580485912096 ], [ 77.26479306635666, 13.265984722843621 ], [ 77.264035245029191, 13.266079187048071 ], [ 77.263796991065931, 13.266063807486127 ], [ 77.263670615019208, 13.266115832980175 ], [ 77.263557239305513, 13.266130454233087 ], [ 77.263258905458343, 13.266288438398005 ], [ 77.262797712340884, 13.266273520288992 ], [ 77.262803577189402, 13.266303569517873 ], [ 77.262862177469117, 13.26660402426015 ], [ 77.26273842134222, 13.266653716442599 ], [ 77.262620556601064, 13.266700952623905 ], [ 77.262628412768521, 13.266733154662147 ], [ 77.262708814347107, 13.267062977673934 ], [ 77.26282796935034, 13.267437290288067 ], [ 77.262898633624275, 13.267714708487658 ], [ 77.262915307945548, 13.267780267835025 ], [ 77.263003102757452, 13.268025426444515 ], [ 77.263057327805285, 13.268177153686688 ], [ 77.263065600435766, 13.268202710402578 ], [ 77.263149956583746, 13.268588743622949 ], [ 77.263171316157539, 13.268686641534968 ], [ 77.263190296844485, 13.269065883830566 ], [ 77.263191179147441, 13.269083257978107 ], [ 77.263192487522886, 13.269108587403112 ], [ 77.263502291328663, 13.269709247596753 ], [ 77.263779324752662, 13.270186564632688 ], [ 77.264002971121954, 13.270528842139541 ], [ 77.264018265972794, 13.270556766196306 ], [ 77.264169568211244, 13.270850864127889 ], [ 77.264178745132199, 13.270868751868372 ], [ 77.263461698140262, 13.271095722052074 ], [ 77.263416269304727, 13.271038434353503 ], [ 77.263321886186574, 13.27099789741701 ], [ 77.263233693813291, 13.270960015374703 ], [ 77.26305223944091, 13.271030526847218 ], [ 77.262998258052718, 13.271026534512359 ], [ 77.262877057775697, 13.271017527060474 ], [ 77.262366070486209, 13.271170264632788 ], [ 77.262373325910502, 13.271215177760189 ], [ 77.262502153852566, 13.272008166038153 ], [ 77.262956928422312, 13.271921638527941 ], [ 77.263146749676849, 13.271868839473308 ], [ 77.263376626029284, 13.271841251242575 ], [ 77.263516463627795, 13.27182437850389 ], [ 77.263546971140627, 13.27182244920666 ], [ 77.263971534539621, 13.271795227228232 ], [ 77.265115513275489, 13.271745814243367 ], [ 77.265152857820993, 13.271738341704866 ], [ 77.265172839213662, 13.271735209152141 ], [ 77.265439735979754, 13.271692921421106 ], [ 77.265918444481443, 13.271610341614446 ], [ 77.266305649013049, 13.271527608397149 ], [ 77.267844274168084, 13.271272388827947 ], [ 77.267943280493583, 13.271256457463613 ], [ 77.268714245843668, 13.270828799131907 ], [ 77.268773674998755, 13.270795978166735 ], [ 77.26915754724304, 13.270751190791445 ], [ 77.269435806238064, 13.27054959557514 ], [ 77.269708373774677, 13.270604442219621 ], [ 77.270027876165429, 13.270542304066682 ], [ 77.271093361821798, 13.270586024324349 ], [ 77.271171031638985, 13.270589258813601 ], [ 77.271177666171013, 13.270589535793748 ], [ 77.271247614632628, 13.270607965595229 ], [ 77.2712268087746, 13.270665291101832 ], [ 77.270776582874788, 13.271905336470912 ], [ 77.270735047398929, 13.272019693109934 ], [ 77.270833526147115, 13.272083980846032 ], [ 77.270886697152392, 13.272118687072528 ], [ 77.271022588168663, 13.272466356587385 ], [ 77.271486064973644, 13.273991876346289 ], [ 77.271508011119451, 13.274063920776182 ], [ 77.272380198911463, 13.274820308714842 ], [ 77.272454999667985, 13.2749189986709 ], [ 77.272511774727406, 13.274966969807707 ], [ 77.273461217039369, 13.276189982313714 ], [ 77.2735619840102, 13.276319258488135 ], [ 77.273633074681044, 13.276390924246909 ], [ 77.273761613410642, 13.27652045107819 ], [ 77.273971009681375, 13.276731316119918 ], [ 77.274296223555226, 13.27739384624604 ], [ 77.275303337176268, 13.279445322681669 ], [ 77.27535700952582, 13.279538340319574 ], [ 77.275371393614321, 13.279563262513078 ], [ 77.275246392318095, 13.279785638830409 ], [ 77.274022308528018, 13.280096405449751 ], [ 77.273943629921106, 13.280167340654716 ], [ 77.272905169916498, 13.281103139935039 ], [ 77.271525782102728, 13.282255825621741 ], [ 77.271407929890074, 13.282308284062653 ], [ 77.270858899658833, 13.282550616294152 ], [ 77.269888620738612, 13.283016848138205 ], [ 77.269830954416776, 13.283068672385054 ], [ 77.269723827348898, 13.283117092926869 ], [ 77.268448256697354, 13.284283929990593 ], [ 77.268075272338521, 13.284624563227627 ], [ 77.268068623388757, 13.284637868572757 ], [ 77.267796784676065, 13.285181430812028 ], [ 77.267749068345424, 13.285190467562112 ], [ 77.267096817458906, 13.285313848719799 ], [ 77.266858234199105, 13.285358903467806 ], [ 77.266036398880985, 13.285514750801312 ], [ 77.265214874764865, 13.286010247432721 ], [ 77.264612254762071, 13.286362977522838 ], [ 77.264589947481696, 13.286376073398799 ], [ 77.26445457738788, 13.286462956496811 ], [ 77.264395105491374, 13.28646885423132 ], [ 77.264361880399719, 13.286249170100957 ], [ 77.264215352586078, 13.285475243120271 ], [ 77.263521078258961, 13.285651663967004 ], [ 77.262720810641312, 13.285669771438981 ], [ 77.262531615083518, 13.285674051011068 ], [ 77.261195930528686, 13.285900342408867 ], [ 77.26085488302914, 13.286114791917216 ], [ 77.26073005789128, 13.286193558083555 ], [ 77.260382752633149, 13.286257101537521 ], [ 77.260320419039545, 13.286268714737243 ], [ 77.259664842815539, 13.286243824446068 ], [ 77.259159168824482, 13.286337494393109 ], [ 77.259109600118393, 13.286347731598015 ], [ 77.258467645584574, 13.286431848257271 ], [ 77.257650793738549, 13.286649121374523 ], [ 77.256698744770134, 13.28713590152509 ], [ 77.256116037512996, 13.287253432487814 ], [ 77.255655082603894, 13.287342639394726 ], [ 77.255310611375705, 13.287407497615229 ], [ 77.255247904311275, 13.287418908741765 ], [ 77.255001356826241, 13.287367311737132 ], [ 77.254640238925262, 13.287389622345364 ], [ 77.254444425362394, 13.287427289357383 ], [ 77.254361287900096, 13.287019678710848 ], [ 77.254291089463905, 13.286434013995207 ], [ 77.254246164877699, 13.286147516752813 ], [ 77.2542489074755, 13.286127313679247 ], [ 77.254308709370747, 13.285436212731243 ], [ 77.254337505534039, 13.285192549954917 ], [ 77.254363037738813, 13.284922232155926 ], [ 77.254367158866174, 13.28487907662875 ], [ 77.254415601134454, 13.284441112059802 ], [ 77.254602075221996, 13.284302988548395 ], [ 77.254643245088872, 13.283815848298302 ], [ 77.254668598672623, 13.283504841121925 ] ], [ [ 77.232107834578869, 13.256169275436724 ], [ 77.231960235224236, 13.255964188097114 ], [ 77.231727316090684, 13.255793810642579 ], [ 77.231717746989986, 13.255786810803514 ], [ 77.231641784728083, 13.255731231614774 ], [ 77.231059367575767, 13.255305223919621 ], [ 77.231182544968178, 13.255121994647729 ], [ 77.231401283348063, 13.254796838010591 ], [ 77.231623228531035, 13.254420797467553 ], [ 77.231967618939308, 13.254417529134189 ], [ 77.232301034555675, 13.254261788384028 ], [ 77.232350098325526, 13.253613996070277 ], [ 77.232394132544016, 13.253081039339035 ], [ 77.23245379789563, 13.252886497387761 ], [ 77.232974576523688, 13.250950145885529 ], [ 77.23345177882743, 13.249776724783247 ], [ 77.233447085441384, 13.249777440896629 ], [ 77.233296676845939, 13.249659959678713 ], [ 77.232420462283741, 13.248981511218636 ], [ 77.232376161721888, 13.248946957140026 ], [ 77.232133360685737, 13.248146710061192 ], [ 77.232070997453988, 13.247717569533966 ], [ 77.231756557404807, 13.247518471783902 ], [ 77.230978283435789, 13.247021166572235 ], [ 77.230259011344558, 13.245335545835127 ], [ 77.230619621259208, 13.24364326779984 ], [ 77.230607816305294, 13.243515715067259 ], [ 77.230598988631357, 13.243146496475546 ], [ 77.230576053908507, 13.242748978172891 ], [ 77.230891258978502, 13.242468158275987 ], [ 77.231461945152688, 13.241510258323567 ], [ 77.231641630080304, 13.241141737421465 ], [ 77.231930809169143, 13.240766748578002 ], [ 77.232677274136293, 13.240122109622092 ], [ 77.232964394130974, 13.239856571961949 ], [ 77.233484405342665, 13.239365884960137 ], [ 77.234096085436377, 13.23908925231698 ], [ 77.234934276858027, 13.238718994906437 ], [ 77.235171807670653, 13.238308217227877 ], [ 77.235573306849929, 13.238202537231375 ], [ 77.235759270069337, 13.238153746940617 ], [ 77.235993166871964, 13.238132908980045 ], [ 77.236214166126103, 13.238113350388552 ], [ 77.236261930734813, 13.237736560984668 ], [ 77.236805050517944, 13.237539456815608 ], [ 77.236670663908441, 13.237363668381732 ], [ 77.236660577969559, 13.237267748322253 ], [ 77.23657073978319, 13.23637589651641 ], [ 77.236728726518862, 13.236326685763007 ], [ 77.236695001966837, 13.236158492287602 ], [ 77.236642456262814, 13.235890711489635 ], [ 77.236680706835287, 13.235671576699849 ], [ 77.236669983534469, 13.235493687206496 ], [ 77.236607326287043, 13.235298310997164 ], [ 77.236460676281254, 13.234799131206536 ], [ 77.236442209243407, 13.234546193967152 ], [ 77.236413687029312, 13.234125050077017 ], [ 77.236563312864064, 13.233708469769642 ], [ 77.238031339549863, 13.233880949748498 ], [ 77.238211355482548, 13.233903216971147 ], [ 77.239327873946678, 13.23406346793678 ], [ 77.240524080230614, 13.234167479125581 ], [ 77.240887046512896, 13.234335975002381 ], [ 77.240904084962025, 13.234339703857142 ], [ 77.240955268428635, 13.234349462981289 ], [ 77.241538373664241, 13.234461646923759 ], [ 77.241639946751292, 13.234468792106565 ], [ 77.242349749054455, 13.234520417274554 ], [ 77.242377362479942, 13.234517964487553 ], [ 77.242996859247, 13.234463844599393 ], [ 77.243006661190066, 13.234463001250468 ], [ 77.243137065346914, 13.234481314451328 ], [ 77.24344750345567, 13.23440745321296 ], [ 77.243509576628938, 13.234390299983515 ], [ 77.243531828788576, 13.234389127638057 ], [ 77.243578177889745, 13.234386681790374 ], [ 77.243890380957694, 13.234400238916026 ], [ 77.243982175132032, 13.23440420518298 ], [ 77.244024444976688, 13.234409469636883 ], [ 77.244116367244629, 13.234420977330771 ], [ 77.244182788757172, 13.234429333160604 ], [ 77.244309885839911, 13.234445401283617 ], [ 77.244669888575487, 13.234391629811972 ], [ 77.244671071309824, 13.234391453146509 ], [ 77.244673588762467, 13.234391076792363 ], [ 77.248164598395945, 13.233852808743395 ], [ 77.248299820705, 13.233717291136145 ], [ 77.248305520319576, 13.233710473681477 ], [ 77.248278614078927, 13.233704724052334 ], [ 77.248538217388827, 13.23331605953358 ], [ 77.248581504355613, 13.233250946076959 ], [ 77.24828473744914, 13.233283410507166 ], [ 77.248053852600663, 13.233253406017377 ], [ 77.248125953864673, 13.232890626016703 ], [ 77.248234288286113, 13.232679398896913 ], [ 77.248252695143094, 13.232682891113809 ], [ 77.248280983563561, 13.232378002831661 ], [ 77.248277059712095, 13.231985642300993 ], [ 77.248273767819327, 13.231698566040107 ], [ 77.248272342070763, 13.231583355162325 ], [ 77.248259412268951, 13.231313870629171 ], [ 77.248258747249494, 13.231300296759654 ], [ 77.248275832281934, 13.231210676324991 ], [ 77.248358948239826, 13.230823772818683 ], [ 77.248446158532104, 13.230641008942154 ], [ 77.248552547086717, 13.230159333163305 ], [ 77.248886794355812, 13.229964773324992 ], [ 77.248889670599226, 13.229871500831402 ], [ 77.248897147217164, 13.229853387744653 ], [ 77.248954183981226, 13.229653407879923 ], [ 77.249025404314807, 13.229447933769446 ], [ 77.24904021320981, 13.229405228046012 ], [ 77.249183816068523, 13.22896133957229 ], [ 77.249268050356775, 13.228643026001517 ], [ 77.24928471165758, 13.22856296064381 ], [ 77.249321431404198, 13.228409776020889 ], [ 77.249314280028941, 13.227962563137057 ], [ 77.249304519858356, 13.226967834392136 ], [ 77.249303312026854, 13.226885336576727 ], [ 77.249275746166759, 13.226198160646423 ], [ 77.249248612220327, 13.226008617794061 ], [ 77.249174765366305, 13.225630004420344 ], [ 77.249154892066997, 13.225528717309286 ], [ 77.249024751100762, 13.224924275788952 ], [ 77.249011701162146, 13.22486398131181 ], [ 77.248895503950578, 13.224142212665699 ], [ 77.250619775151478, 13.224253749304191 ], [ 77.251189122639673, 13.224290064753124 ], [ 77.251254925871478, 13.224328038231913 ], [ 77.251309468615901, 13.224332806834573 ], [ 77.251375179798401, 13.224338546008871 ], [ 77.251496036586943, 13.224341379335018 ], [ 77.252031147887394, 13.224303324259289 ], [ 77.252720518570854, 13.224244319312209 ], [ 77.253188649903748, 13.224201649300952 ], [ 77.253267138893989, 13.224194499847311 ], [ 77.25336674331777, 13.22418475057207 ], [ 77.253950637749455, 13.224136403696264 ], [ 77.253987920250836, 13.224133317858097 ], [ 77.25404835056311, 13.224124370218364 ], [ 77.254060621189623, 13.224258209066797 ], [ 77.254149472226828, 13.225337343255827 ], [ 77.254300783987745, 13.226259652253255 ], [ 77.254319668700461, 13.226346275189963 ], [ 77.254549842129279, 13.227404280091989 ], [ 77.25464068391625, 13.227958480185896 ], [ 77.254667189202806, 13.228132224733892 ], [ 77.254822368118141, 13.229153392140239 ], [ 77.254780613250048, 13.229869482033152 ], [ 77.254741029311177, 13.230457671806786 ], [ 77.254699553580892, 13.230498649558109 ], [ 77.254709822189227, 13.230626585342296 ], [ 77.254441143187066, 13.230890040525804 ], [ 77.254408689823393, 13.230921270723188 ], [ 77.254255269926134, 13.2310690564344 ], [ 77.254221523805271, 13.231289592065258 ], [ 77.254218181065141, 13.231313857691759 ], [ 77.254320184581047, 13.232546533393005 ], [ 77.254331462902798, 13.232671421388778 ], [ 77.254327220631041, 13.232869544211338 ], [ 77.254324001142209, 13.233630586335305 ], [ 77.254356156325088, 13.234246424419686 ], [ 77.254382353942432, 13.234866243108447 ], [ 77.254401968196362, 13.235143919096116 ], [ 77.254416744951897, 13.235384839486164 ], [ 77.254776454489843, 13.235461630155378 ], [ 77.255166113993369, 13.236260660971546 ], [ 77.255054095195007, 13.236962426258771 ], [ 77.255049184585545, 13.236993116948398 ], [ 77.25626898217844, 13.237062239250447 ], [ 77.256654280479935, 13.237077608181545 ], [ 77.257882465303368, 13.237077693957048 ], [ 77.258345790202029, 13.240348500024261 ], [ 77.258624416177625, 13.240565847709146 ], [ 77.257946169062322, 13.240819680986604 ], [ 77.257921745737477, 13.241025624722736 ], [ 77.257730901895727, 13.24102794019279 ], [ 77.257653559111574, 13.241032489180554 ], [ 77.257624652132066, 13.241203555719091 ], [ 77.257442992429347, 13.241164524928845 ], [ 77.257288743038615, 13.241950049260804 ], [ 77.257008952565755, 13.243268067387127 ], [ 77.256992510467839, 13.243345132782867 ], [ 77.257012436443205, 13.244054564073378 ], [ 77.257034239631096, 13.24429292483649 ], [ 77.257060479585149, 13.24458020008592 ], [ 77.257082429272614, 13.24468673637733 ], [ 77.25710190183139, 13.244886684855404 ], [ 77.2571255076044, 13.245007158413147 ], [ 77.257193672069718, 13.245354955108278 ], [ 77.257295027794115, 13.245744490075296 ], [ 77.257078651437141, 13.24576315665683 ], [ 77.257066418425921, 13.245766184483344 ], [ 77.257061144942739, 13.245767489882427 ], [ 77.257064767045179, 13.245826394800167 ], [ 77.257181117410227, 13.247738762049467 ], [ 77.257217793749078, 13.247837228722785 ], [ 77.257319347192791, 13.248114176718962 ], [ 77.257636346543464, 13.249037099418196 ], [ 77.257969235862262, 13.249877309496215 ], [ 77.257998456077047, 13.24995119567561 ], [ 77.258002615551874, 13.249961713151942 ], [ 77.257146980995685, 13.25078658840992 ], [ 77.256149831318439, 13.251749566339043 ], [ 77.253718149619743, 13.254178868004843 ], [ 77.253610483850878, 13.254184817562736 ], [ 77.253481693369295, 13.254191936013779 ], [ 77.252594465539204, 13.255086637799755 ], [ 77.252488799628338, 13.255193230322003 ], [ 77.251702479373279, 13.255691868010612 ], [ 77.250819477704098, 13.256252647512197 ], [ 77.250797572568288, 13.256317804331358 ], [ 77.250389061902723, 13.257532800020128 ], [ 77.250297414824189, 13.257549356527438 ], [ 77.249825445892427, 13.257634808932453 ], [ 77.249674592169441, 13.257662091500661 ], [ 77.249047571904242, 13.257775881358901 ], [ 77.248629482183773, 13.257796639195542 ], [ 77.248487151941845, 13.257809884879288 ], [ 77.248311163097085, 13.257827438549295 ], [ 77.248027634340986, 13.257928907878014 ], [ 77.247918624620567, 13.257931188482768 ], [ 77.247653573931515, 13.257936106414709 ], [ 77.247193524914707, 13.257941453681344 ], [ 77.246955169078205, 13.257940574636494 ], [ 77.246843807011942, 13.25749134467147 ], [ 77.24653790786526, 13.25749400539995 ], [ 77.245997183117808, 13.257530412388665 ], [ 77.245953976283616, 13.257562390217261 ], [ 77.245913663171279, 13.257592248839854 ], [ 77.245895657865347, 13.257591608663835 ], [ 77.245856562507356, 13.257590230784032 ], [ 77.245452968138935, 13.257576349741699 ], [ 77.245026163777368, 13.257612988293715 ], [ 77.244921281518998, 13.257707379660415 ], [ 77.244613571292845, 13.257835440668382 ], [ 77.244278282256104, 13.257818833729431 ], [ 77.244189853542665, 13.257814451615411 ], [ 77.243900119930913, 13.257800115142823 ], [ 77.243606918329007, 13.257927242182831 ], [ 77.241607200315471, 13.258128477672898 ], [ 77.241046656137939, 13.258228340832984 ], [ 77.240949436799497, 13.258245707565528 ], [ 77.240461565968758, 13.25813002460132 ], [ 77.238015257828508, 13.257701977677636 ], [ 77.237989550796755, 13.257697525262358 ], [ 77.237168779238914, 13.257886166479645 ], [ 77.237080553665777, 13.257900597344284 ], [ 77.237202001629896, 13.258030997423758 ], [ 77.236744898138056, 13.258167050265035 ], [ 77.236126402931006, 13.258348313674521 ], [ 77.235929815139926, 13.258356590372321 ], [ 77.235600941964108, 13.258231690251744 ], [ 77.235364210765511, 13.25817309905765 ], [ 77.235076523388713, 13.258101903232575 ], [ 77.234491583362853, 13.258057120905148 ], [ 77.234396639702183, 13.258037804802489 ], [ 77.234254029100072, 13.258008777618002 ], [ 77.234045598516687, 13.257662348167166 ], [ 77.234033339840451, 13.257641972915476 ], [ 77.234028903426051, 13.257640034642353 ], [ 77.23374297485276, 13.257515068129294 ], [ 77.233372427632744, 13.257156183080609 ], [ 77.232564678043843, 13.256699218960755 ], [ 77.232427468291277, 13.256423820413994 ], [ 77.23238080505655, 13.256330174122208 ], [ 77.232107834578869, 13.256169275436724 ] ] ], [ [ [ 77.188452441565659, 13.275564735123039 ], [ 77.188419280549468, 13.275548576869131 ], [ 77.18841020581209, 13.275552934841288 ], [ 77.188452441565659, 13.275564735123039 ] ] ] ] } },
{ "type": "Feature", "properties": { "OBJECTID": 923, "KGISHobliID": 937, "KGISHobliCode": "210105", "KGISHobliName": "Sompura-2 ", "BhuCodeHobli": null, "SHAPE.STArea()": 7253214.7701770104, "SHAPE.STLength()": 12978.726941517558, "KGISTalukCode": "2101", "created_user": null, "created_date": null, "last_edited_user": null, "last_edited_date": null, "_overlap_percent": 100.00000000000007, "_police_station": "Dobbespet PS", "_police_feature_index": "674", "_admin_layer": "Hobli", "_geometry_clipped": true }, "geometry": { "type": "Polygon", "coordinates": [ [ [ 77.237989550796755, 13.257697525262358 ], [ 77.238015257828508, 13.257701977677636 ], [ 77.240461565968758, 13.25813002460132 ], [ 77.240949436799497, 13.258245707565528 ], [ 77.241046656137939, 13.258228340832984 ], [ 77.241607200315471, 13.258128477672898 ], [ 77.243606918329007, 13.257927242182831 ], [ 77.243900119930913, 13.257800115142823 ], [ 77.244189853542665, 13.257814451615411 ], [ 77.244278282256104, 13.257818833729431 ], [ 77.244613571292845, 13.257835440668382 ], [ 77.244921281518998, 13.257707379660415 ], [ 77.245026163777368, 13.257612988293715 ], [ 77.245452968138935, 13.257576349741699 ], [ 77.245856562507356, 13.257590230784032 ], [ 77.245895657865347, 13.257591608663835 ], [ 77.245913663171279, 13.257592248839854 ], [ 77.245953976283616, 13.257562390217261 ], [ 77.245997183117808, 13.257530412388665 ], [ 77.24653790786526, 13.25749400539995 ], [ 77.246843807011942, 13.25749134467147 ], [ 77.246955169078205, 13.257940574636494 ], [ 77.247193524914707, 13.257941453681344 ], [ 77.247653573931515, 13.257936106414709 ], [ 77.247918624620567, 13.257931188482768 ], [ 77.248027634340986, 13.257928907878014 ], [ 77.248311163097085, 13.257827438549295 ], [ 77.248487151941845, 13.257809884879288 ], [ 77.248629482183773, 13.257796639195542 ], [ 77.249047571904242, 13.257775881358901 ], [ 77.249674592169441, 13.257662091500661 ], [ 77.249825445892427, 13.257634808932453 ], [ 77.250297414824189, 13.257549356527438 ], [ 77.250389061902723, 13.257532800020128 ], [ 77.250797572568288, 13.256317804331358 ], [ 77.250819477704098, 13.256252647512197 ], [ 77.251702479373279, 13.255691868010612 ], [ 77.252488799628338, 13.255193230322003 ], [ 77.252594465539204, 13.255086637799755 ], [ 77.253481693369295, 13.254191936013779 ], [ 77.253610483850878, 13.254184817562736 ], [ 77.253718149619743, 13.254178868004843 ], [ 77.256149831318439, 13.251749566339043 ], [ 77.257146980995685, 13.25078658840992 ], [ 77.258002615551874, 13.249961713151942 ], [ 77.257998456077047, 13.24995119567561 ], [ 77.257969235862262, 13.249877309496215 ], [ 77.257636346543464, 13.249037099418196 ], [ 77.257319347192791, 13.248114176718962 ], [ 77.257217793749078, 13.247837228722785 ], [ 77.257181117410227, 13.247738762049467 ], [ 77.257064767045179, 13.245826394800167 ], [ 77.257061144942739, 13.245767489882427 ], [ 77.257066418425921, 13.245766184483344 ], [ 77.257078651437141, 13.24576315665683 ], [ 77.257295027794115, 13.245744490075296 ], [ 77.257193672069718, 13.245354955108278 ], [ 77.2571255076044, 13.245007158413147 ], [ 77.25710190183139, 13.244886684855404 ], [ 77.257082429272614, 13.24468673637733 ], [ 77.257060479585149, 13.24458020008592 ], [ 77.257034239631096, 13.24429292483649 ], [ 77.257012436443205, 13.244054564073378 ], [ 77.256992510467839, 13.243345132782867 ], [ 77.257008952565755, 13.243268067387127 ], [ 77.257288743038615, 13.241950049260804 ], [ 77.257442992429347, 13.241164524928845 ], [ 77.257624652132066, 13.241203555719091 ], [ 77.257653559111574, 13.241032489180554 ], [ 77.257730901895727, 13.24102794019279 ], [ 77.257921745737477, 13.241025624722736 ], [ 77.257946169062322, 13.240819680986604 ], [ 77.258624416177625, 13.240565847709146 ], [ 77.258345790202029, 13.240348500024261 ], [ 77.257882465303368, 13.237077693957048 ], [ 77.256654280479935, 13.237077608181545 ], [ 77.25626898217844, 13.237062239250447 ], [ 77.255049184585545, 13.236993116948398 ], [ 77.255054095195007, 13.236962426258771 ], [ 77.255166113993369, 13.236260660971546 ], [ 77.254776454489843, 13.235461630155378 ], [ 77.254416744951897, 13.235384839486164 ], [ 77.254401968196362, 13.235143919096116 ], [ 77.254382353942432, 13.234866243108447 ], [ 77.254356156325088, 13.234246424419686 ], [ 77.254324001142209, 13.233630586335305 ], [ 77.254327220631041, 13.232869544211338 ], [ 77.254331462902798, 13.232671421388778 ], [ 77.254320184581047, 13.232546533393005 ], [ 77.254218181065141, 13.231313857691759 ], [ 77.254221523805271, 13.231289592065258 ], [ 77.254255269926134, 13.2310690564344 ], [ 77.254408689823393, 13.230921270723188 ], [ 77.254441143187066, 13.230890040525804 ], [ 77.254709822189227, 13.230626585342296 ], [ 77.254699553580892, 13.230498649558109 ], [ 77.254741029311177, 13.230457671806786 ], [ 77.254780613250048, 13.229869482033152 ], [ 77.254822368118141, 13.229153392140239 ], [ 77.254667189202806, 13.228132224733892 ], [ 77.25464068391625, 13.227958480185896 ], [ 77.254549842129279, 13.227404280091989 ], [ 77.254319668700461, 13.226346275189963 ], [ 77.254300783987745, 13.226259652253255 ], [ 77.254149472226828, 13.225337343255827 ], [ 77.254060621189623, 13.224258209066797 ], [ 77.25404835056311, 13.224124370218364 ], [ 77.253987920250836, 13.224133317858097 ], [ 77.253950637749455, 13.224136403696264 ], [ 77.25336674331777, 13.22418475057207 ], [ 77.253267138893989, 13.224194499847311 ], [ 77.253188649903748, 13.224201649300952 ], [ 77.252720518570854, 13.224244319312209 ], [ 77.252031147887394, 13.224303324259289 ], [ 77.251496036586943, 13.224341379335018 ], [ 77.251375179798401, 13.224338546008871 ], [ 77.251309468615901, 13.224332806834573 ], [ 77.251254925871478, 13.224328038231913 ], [ 77.251189122639673, 13.224290064753124 ], [ 77.250619775151478, 13.224253749304191 ], [ 77.248895503950578, 13.224142212665699 ], [ 77.249011701162146, 13.22486398131181 ], [ 77.249024751100762, 13.224924275788952 ], [ 77.249154892066997, 13.225528717309286 ], [ 77.249174765366305, 13.225630004420344 ], [ 77.249248612220327, 13.226008617794061 ], [ 77.249275746166759, 13.226198160646423 ], [ 77.249303312026854, 13.226885336576727 ], [ 77.249304519858356, 13.226967834392136 ], [ 77.249314280028941, 13.227962563137057 ], [ 77.249321431404198, 13.228409776020889 ], [ 77.24928471165758, 13.22856296064381 ], [ 77.249268050356775, 13.228643026001517 ], [ 77.249183816068523, 13.22896133957229 ], [ 77.24904021320981, 13.229405228046012 ], [ 77.249025404314807, 13.229447933769446 ], [ 77.248954183981226, 13.229653407879923 ], [ 77.248897147217164, 13.229853387744653 ], [ 77.248889670599226, 13.229871500831402 ], [ 77.248886794355812, 13.229964773324992 ], [ 77.248552547086717, 13.230159333163305 ], [ 77.248446158532104, 13.230641008942154 ], [ 77.248358948239826, 13.230823772818683 ], [ 77.248275832281934, 13.231210676324991 ], [ 77.248258747249494, 13.231300296759654 ], [ 77.248259412268951, 13.231313870629171 ], [ 77.248272342070763, 13.231583355162325 ], [ 77.248273767819327, 13.231698566040107 ], [ 77.248277059712095, 13.231985642300993 ], [ 77.248280983563561, 13.232378002831661 ], [ 77.248252695143094, 13.232682891113809 ], [ 77.248234288286113, 13.232679398896913 ], [ 77.248125953864673, 13.232890626016703 ], [ 77.248053852600663, 13.233253406017377 ], [ 77.24828473744914, 13.233283410507166 ], [ 77.248581504355613, 13.233250946076959 ], [ 77.248538217388827, 13.23331605953358 ], [ 77.248278614078927, 13.233704724052334 ], [ 77.248305520319576, 13.233710473681477 ], [ 77.248299820705, 13.233717291136145 ], [ 77.248164598395945, 13.233852808743395 ], [ 77.244673588762467, 13.234391076792363 ], [ 77.244671071309824, 13.234391453146509 ], [ 77.244669888575487, 13.234391629811972 ], [ 77.244309885839911, 13.234445401283617 ], [ 77.244182788757172, 13.234429333160604 ], [ 77.244116367244629, 13.234420977330771 ], [ 77.244024444976688, 13.234409469636883 ], [ 77.243982175132032, 13.23440420518298 ], [ 77.243890380957694, 13.234400238916026 ], [ 77.243578177889745, 13.234386681790374 ], [ 77.243531828788576, 13.234389127638057 ], [ 77.243509576628938, 13.234390299983515 ], [ 77.24344750345567, 13.23440745321296 ], [ 77.243137065346914, 13.234481314451328 ], [ 77.243006661190066, 13.234463001250468 ], [ 77.242996859247, 13.234463844599393 ], [ 77.242377362479942, 13.234517964487553 ], [ 77.242349749054455, 13.234520417274554 ], [ 77.241639946751292, 13.234468792106565 ], [ 77.241538373664241, 13.234461646923759 ], [ 77.240955268428635, 13.234349462981289 ], [ 77.240904084962025, 13.234339703857142 ], [ 77.240887046512896, 13.234335975002381 ], [ 77.240524080230614, 13.234167479125581 ], [ 77.239327873946678, 13.23406346793678 ], [ 77.238211355482548, 13.233903216971147 ], [ 77.238031339549863, 13.233880949748498 ], [ 77.236563312864064, 13.233708469769642 ], [ 77.236413687029312, 13.234125050077017 ], [ 77.236442209243407, 13.234546193967152 ], [ 77.236460676281254, 13.234799131206536 ], [ 77.236607326287043, 13.235298310997164 ], [ 77.236669983534469, 13.235493687206496 ], [ 77.236680706835287, 13.235671576699849 ], [ 77.236642456262814, 13.235890711489635 ], [ 77.236695001966837, 13.236158492287602 ], [ 77.236728726518862, 13.236326685763007 ], [ 77.23657073978319, 13.23637589651641 ], [ 77.236660577969559, 13.237267748322253 ], [ 77.236670663908441, 13.237363668381732 ], [ 77.236805050517944, 13.237539456815608 ], [ 77.236261930734813, 13.237736560984668 ], [ 77.236214166126103, 13.238113350388552 ], [ 77.235993166871964, 13.238132908980045 ], [ 77.235759270069337, 13.238153746940617 ], [ 77.235573306849929, 13.238202537231375 ], [ 77.235171807670653, 13.238308217227877 ], [ 77.234934276858027, 13.238718994906437 ], [ 77.234096085436377, 13.23908925231698 ], [ 77.233484405342665, 13.239365884960137 ], [ 77.232964394130974, 13.239856571961949 ], [ 77.232677274136293, 13.240122109622092 ], [ 77.231930809169143, 13.240766748578002 ], [ 77.231641630080304, 13.241141737421465 ], [ 77.231461945152688, 13.241510258323567 ], [ 77.230891258978502, 13.242468158275987 ], [ 77.230576053908507, 13.242748978172891 ], [ 77.230598988631357, 13.243146496475546 ], [ 77.230607816305294, 13.243515715067259 ], [ 77.230619621259208, 13.24364326779984 ], [ 77.230259011344558, 13.245335545835127 ], [ 77.230978283435789, 13.247021166572235 ], [ 77.231756557404807, 13.247518471783902 ], [ 77.232070997453988, 13.247717569533966 ], [ 77.232133360685737, 13.248146710061192 ], [ 77.232376161721888, 13.248946957140026 ], [ 77.232420462283741, 13.248981511218636 ], [ 77.233296676845939, 13.249659959678713 ], [ 77.233447085441384, 13.249777440896629 ], [ 77.23345177882743, 13.249776724783247 ], [ 77.232974576523688, 13.250950145885529 ], [ 77.23245379789563, 13.252886497387761 ], [ 77.232394132544016, 13.253081039339035 ], [ 77.232350098325526, 13.253613996070277 ], [ 77.232301034555675, 13.254261788384028 ], [ 77.231967618939308, 13.254417529134189 ], [ 77.231623228531035, 13.254420797467553 ], [ 77.231401283348063, 13.254796838010591 ], [ 77.231182544968178, 13.255121994647729 ], [ 77.231059367575767, 13.255305223919621 ], [ 77.231641784728083, 13.255731231614774 ], [ 77.231717746989986, 13.255786810803514 ], [ 77.231727316090684, 13.255793810642579 ], [ 77.231960235224236, 13.255964188097114 ], [ 77.232107834578869, 13.256169275436724 ], [ 77.23238080505655, 13.256330174122208 ], [ 77.232427468291277, 13.256423820413994 ], [ 77.232564678043843, 13.256699218960755 ], [ 77.233372427632744, 13.257156183080609 ], [ 77.23374297485276, 13.257515068129294 ], [ 77.234028903426051, 13.257640034642353 ], [ 77.234033339840451, 13.257641972915476 ], [ 77.234045598516687, 13.257662348167166 ], [ 77.234254029100072, 13.258008777618002 ], [ 77.234396639702183, 13.258037804802489 ], [ 77.234491583362853, 13.258057120905148 ], [ 77.235076523388713, 13.258101903232575 ], [ 77.235364210765511, 13.25817309905765 ], [ 77.235600941964108, 13.258231690251744 ], [ 77.235929815139926, 13.258356590372321 ], [ 77.236126402931006, 13.258348313674521 ], [ 77.236744898138056, 13.258167050265035 ], [ 77.237202001629896, 13.258030997423758 ], [ 77.237080553665777, 13.257900597344284 ], [ 77.237168779238914, 13.257886166479645 ], [ 77.237989550796755, 13.257697525262358 ] ] ] } },
{ "type": "Feature", "properties": { "OBJECTID": 922, "KGISHobliID": 984, "KGISHobliCode": "210103", "KGISHobliName": "Tyamagundlu", "BhuCodeHobli": null, "SHAPE.STArea()": 74279226.183235481, "SHAPE.STLength()": 60353.861810346782, "KGISTalukCode": "2101", "created_user": null, "created_date": null, "last_edited_user": "SA", "last_edited_date": 1625728608000.0, "_overlap_percent": 0.066927234490293155, "_police_station": "Dobbespet PS", "_police_feature_index": "674", "_admin_layer": "Hobli", "_geometry_clipped": true }, "geometry": { "type": "MultiPolygon", "coordinates": [ [ [ [ 77.337340910040325, 13.314186999860736 ], [ 77.337570759640045, 13.314255560389645 ], [ 77.338675821820885, 13.314580576798017 ], [ 77.339528142036926, 13.314928823808039 ], [ 77.34004917516063, 13.314870468370598 ], [ 77.340201778930222, 13.314944067239828 ], [ 77.340260621183774, 13.314967567076232 ], [ 77.341878792169624, 13.315691439341403 ], [ 77.342642176147308, 13.316010699710892 ], [ 77.342447789426004, 13.316830536387583 ], [ 77.34250692188786, 13.316853002554447 ], [ 77.342508095965201, 13.316847934734842 ], [ 77.342702095778606, 13.316010538031518 ], [ 77.341941325917603, 13.315679223611902 ], [ 77.340324590206862, 13.314935158181731 ], [ 77.340265707567099, 13.31491119971815 ], [ 77.340113003428641, 13.314836180495115 ], [ 77.339592536291462, 13.314898408058786 ], [ 77.338741340039817, 13.314548925666081 ], [ 77.337639566532076, 13.314232683665542 ], [ 77.33741046256489, 13.31416692373433 ], [ 77.337166704681096, 13.314220912538175 ], [ 77.337340910040325, 13.314186999860736 ] ] ], [ [ [ 77.327433593945827, 13.308929785321164 ], [ 77.328043894922786, 13.31035793148413 ], [ 77.328484201669738, 13.311395088746732 ], [ 77.32852672391256, 13.311487717681905 ], [ 77.328793649483544, 13.312067423472937 ], [ 77.328881731793516, 13.312274575884786 ], [ 77.328940360733014, 13.312391983975253 ], [ 77.330093508004794, 13.314624514122972 ], [ 77.330582660102337, 13.314987614760096 ], [ 77.33007027634423, 13.314568072159322 ], [ 77.328941624952549, 13.312338358607336 ], [ 77.328884465302039, 13.312225434145649 ], [ 77.328799114793242, 13.312025695834393 ], [ 77.328537859120985, 13.311466379695672 ], [ 77.328496040013448, 13.311376848105262 ], [ 77.328060746380046, 13.310368796150696 ], [ 77.327446314461184, 13.30895482438901 ], [ 77.32701231661639, 13.30801356877981 ], [ 77.327433593945827, 13.308929785321164 ] ] ], [ [ [ 77.325641230928369, 13.304861340875648 ], [ 77.326153964550244, 13.306252241927693 ], [ 77.326757990341065, 13.307523622312468 ], [ 77.32701231661639, 13.30801356877981 ], [ 77.326805018907223, 13.307563978199985 ], [ 77.326246638492165, 13.30632614738135 ], [ 77.325742756856243, 13.304938848590796 ], [ 77.32553308299353, 13.304361563154814 ], [ 77.325450724915783, 13.304338353605301 ], [ 77.325641230928369, 13.304861340875648 ] ] ], [ [ [ 77.31992745670226, 13.302521210002164 ], [ 77.31961013476942, 13.301882316804981 ], [ 77.31960025246434, 13.301864315155887 ], [ 77.31992745670226, 13.302521210002164 ] ] ], [ [ [ 77.318455167065977, 13.299776832990592 ], [ 77.318466289991832, 13.299797056116603 ], [ 77.318070802470871, 13.298957172413129 ], [ 77.318069321510066, 13.29895555280839 ], [ 77.318455167065977, 13.299776832990592 ] ] ], [ [ [ 77.317370850750592, 13.298349326782215 ], [ 77.317890123443007, 13.298749120708701 ], [ 77.317375493187228, 13.298351165722085 ], [ 77.317226618936203, 13.298223798200164 ], [ 77.317221780450097, 13.298222198192208 ], [ 77.317370850750592, 13.298349326782215 ] ] ], [ [ [ 77.317193051907182, 13.29821211272124 ], [ 77.317197674432236, 13.298213660865359 ], [ 77.317071424082087, 13.298116033632741 ], [ 77.317068089226794, 13.298115577065936 ], [ 77.317193051907182, 13.29821211272124 ] ] ], [ [ [ 77.316296436627326, 13.295331830993774 ], [ 77.31638788102704, 13.295394180192021 ], [ 77.316414529857397, 13.295412347951867 ], [ 77.31660503485034, 13.295542205854909 ], [ 77.316736775692902, 13.295599183659695 ], [ 77.316652450611812, 13.296139444164877 ], [ 77.316654876229805, 13.296139459108302 ], [ 77.316669959647584, 13.296763225794157 ], [ 77.31655748626973, 13.296810345353238 ], [ 77.316528634629336, 13.296822434393695 ], [ 77.316516400809107, 13.296868823914849 ], [ 77.316424881015735, 13.296943704005079 ], [ 77.316403421045266, 13.297037365549096 ], [ 77.316389567412571, 13.297291329781295 ], [ 77.316273373629272, 13.297596966504345 ], [ 77.316203612918613, 13.297989934562253 ], [ 77.316215951465523, 13.297991742712494 ], [ 77.316283583762456, 13.297603940413323 ], [ 77.316399023608952, 13.297296537722225 ], [ 77.316412618631475, 13.297041864725662 ], [ 77.316433984347427, 13.296947799233889 ], [ 77.31652535427456, 13.296872002463264 ], [ 77.316537573903148, 13.296825381753324 ], [ 77.316566399939916, 13.296813025483868 ], [ 77.3166788179592, 13.296764837483709 ], [ 77.31666425312936, 13.296139043851802 ], [ 77.316661823122047, 13.296139052441699 ], [ 77.316747158338444, 13.295595773791765 ], [ 77.316615022211735, 13.295539917329725 ], [ 77.316423991845724, 13.295411472008084 ], [ 77.316397265559118, 13.295393502840323 ], [ 77.316305547153135, 13.295331833831531 ], [ 77.315765851187649, 13.295020093257797 ], [ 77.316296436627326, 13.295331830993774 ] ] ], [ [ [ 77.314131143386192, 13.293749477277137 ], [ 77.313958291704139, 13.29389093560801 ], [ 77.313960655261852, 13.293906642600316 ], [ 77.31412904658886, 13.29376710094907 ], [ 77.314316269976388, 13.293595791839937 ], [ 77.314316545368555, 13.29358178423019 ], [ 77.314131143386192, 13.293749477277137 ] ] ], [ [ [ 77.313978430043036, 13.292555534058062 ], [ 77.313982416292461, 13.292564541319114 ], [ 77.314062078293659, 13.292517843253965 ], [ 77.314057311100697, 13.292510319614149 ], [ 77.313978430043036, 13.292555534058062 ] ] ], [ [ [ 77.313217665530331, 13.289542179869425 ], [ 77.313296801753779, 13.290201868105587 ], [ 77.313211651284092, 13.290434657751623 ], [ 77.313300430299279, 13.2902074246963 ], [ 77.313225670221172, 13.289564228707665 ], [ 77.313048671525905, 13.288495413670519 ], [ 77.313046934862101, 13.288492229477384 ], [ 77.313217665530331, 13.289542179869425 ] ] ], [ [ [ 77.312990718309024, 13.2883504024323 ], [ 77.312996172909706, 13.288360934949401 ], [ 77.312958151364299, 13.287830884170411 ], [ 77.312952321567352, 13.287787933527378 ], [ 77.312990718309024, 13.2883504024323 ] ] ], [ [ [ 77.299681623325768, 13.280332971290333 ], [ 77.299731188293933, 13.280322891792331 ], [ 77.299599527341002, 13.27980425534966 ], [ 77.29955113198136, 13.279823024350362 ], [ 77.299681623325768, 13.280332971290333 ] ] ], [ [ [ 77.298907129332989, 13.280011310265714 ], [ 77.298938554295916, 13.279975272388272 ], [ 77.298895321642675, 13.27986431318336 ], [ 77.298861817449563, 13.279896030346695 ], [ 77.298907129332989, 13.280011310265714 ] ] ], [ [ [ 77.2891297539894, 13.277824719190811 ], [ 77.290018584437902, 13.28099893815188 ], [ 77.29005851286594, 13.280994376177269 ], [ 77.28918742357321, 13.277874155331945 ], [ 77.289045112551676, 13.276460586093316 ], [ 77.288994095830461, 13.276459803188924 ], [ 77.2891297539894, 13.277824719190811 ] ] ], [ [ [ 77.287041842057135, 13.267150360234291 ], [ 77.287043113554276, 13.26715561773513 ], [ 77.287094315102237, 13.267151032196754 ], [ 77.287104672365061, 13.267407694715304 ], [ 77.287140043733345, 13.267499298982436 ], [ 77.287800781758449, 13.269209891105668 ], [ 77.28811365327978, 13.270492671620685 ], [ 77.288444427180082, 13.271947464610479 ], [ 77.288476219270706, 13.272085214227559 ], [ 77.288612264337488, 13.272682280718064 ], [ 77.288711597091577, 13.273858947873878 ], [ 77.288753729988798, 13.274433350904516 ], [ 77.28875621835968, 13.274471294311212 ], [ 77.288777679007211, 13.27480616091886 ], [ 77.288884104321667, 13.276142654501557 ], [ 77.288913799176427, 13.276433709902792 ], [ 77.288965179520716, 13.276434347763221 ], [ 77.288937474091256, 13.276163013549274 ], [ 77.288831494530768, 13.274799792882678 ], [ 77.288811450487515, 13.274457114560951 ], [ 77.288809176611309, 13.274418237613448 ], [ 77.288772289496762, 13.273828032239171 ], [ 77.288695446875479, 13.272598531756879 ], [ 77.288554597709378, 13.272018748347659 ], [ 77.288521975411982, 13.271884454355289 ], [ 77.28818578001929, 13.270459057456447 ], [ 77.287870141351362, 13.269195166466787 ], [ 77.287205112117789, 13.267503470433498 ], [ 77.287169405755378, 13.267412643575733 ], [ 77.287157962281597, 13.26715732183151 ], [ 77.287106822364962, 13.267162282728746 ], [ 77.2871055281189, 13.267157058866019 ], [ 77.287077912313478, 13.267067830107079 ], [ 77.287018376568739, 13.267072958567041 ], [ 77.287041842057135, 13.267150360234291 ] ] ], [ [ [ 77.285950054337178, 13.2619949874522 ], [ 77.286066935047771, 13.262873556907515 ], [ 77.28619245557789, 13.263859789938104 ], [ 77.286201811754395, 13.263932830214705 ], [ 77.286405899567384, 13.264728926213072 ], [ 77.286420140151975, 13.264814166474336 ], [ 77.286582718306846, 13.265781994148082 ], [ 77.286615065434148, 13.265973714364726 ], [ 77.286817071545769, 13.266658678482713 ], [ 77.286894176120299, 13.267069928691633 ], [ 77.286955072662408, 13.267065178509108 ], [ 77.286878472677827, 13.26666894886802 ], [ 77.286672335999654, 13.26598650500644 ], [ 77.286638678062417, 13.265794893255041 ], [ 77.286468242978302, 13.264824610586949 ], [ 77.286453185172931, 13.26473888971829 ], [ 77.286239771105045, 13.263935513988502 ], [ 77.286229505121099, 13.263861462612066 ], [ 77.286090275862847, 13.262857113342466 ], [ 77.285970571355875, 13.261993588646044 ], [ 77.285950054337178, 13.2619949874522 ] ] ], [ [ [ 77.285941175503837, 13.261651596844509 ], [ 77.285975478148217, 13.261971849107685 ], [ 77.285995076412888, 13.261970005529948 ], [ 77.285961166364558, 13.261654009788684 ], [ 77.285941175503837, 13.261651596844509 ] ] ], [ [ [ 77.285936350897941, 13.260186859051771 ], [ 77.285944854581558, 13.260611442898567 ], [ 77.28600060460893, 13.261598483879979 ], [ 77.28600268016416, 13.261636570673312 ], [ 77.286020883094935, 13.261638324454299 ], [ 77.286017658063969, 13.261578422678603 ], [ 77.285965388331221, 13.260607650627412 ], [ 77.285959316917868, 13.260191034648646 ], [ 77.285927924091496, 13.258931688645378 ], [ 77.285894993448707, 13.258928293316057 ], [ 77.285936350897941, 13.260186859051771 ] ] ], [ [ [ 77.284552459776805, 13.258760347140901 ], [ 77.28458057243428, 13.258765441977452 ], [ 77.284449832075111, 13.258630662420643 ], [ 77.284421621133305, 13.258626145375132 ], [ 77.284552459776805, 13.258760347140901 ] ] ], [ [ [ 77.284072224667526, 13.25852116965202 ], [ 77.284107831018702, 13.258532226533161 ], [ 77.283953844551689, 13.258368380549603 ], [ 77.283926902061438, 13.258366668595977 ], [ 77.284072224667526, 13.25852116965202 ] ] ], [ [ [ 77.282393190263761, 13.256614519340213 ], [ 77.282563099033467, 13.25682240730224 ], [ 77.282719585196261, 13.256949706903667 ], [ 77.282716290627747, 13.257010547365537 ], [ 77.282713595068671, 13.257060253636682 ], [ 77.282687217349547, 13.257427076067836 ], [ 77.282713109716084, 13.257783204308158 ], [ 77.282854154444678, 13.258203726956621 ], [ 77.282860034488223, 13.258204250797849 ], [ 77.282870175938598, 13.258250792424649 ], [ 77.282921088472889, 13.25825683848028 ], [ 77.282918773874641, 13.258245940354611 ], [ 77.282912876591624, 13.258245447391953 ], [ 77.282774596773905, 13.257828430429356 ], [ 77.282751531169467, 13.257474920852248 ], [ 77.282781369042638, 13.257110681580443 ], [ 77.282784548561395, 13.257061336937959 ], [ 77.282788439444303, 13.257000937520047 ], [ 77.282631754929312, 13.256875125278405 ], [ 77.28246200315904, 13.25666934318436 ], [ 77.28199450035055, 13.256244284938196 ], [ 77.281991260250123, 13.256243491027613 ], [ 77.282393190263761, 13.256614519340213 ] ] ], [ [ [ 77.281748425822329, 13.253047474088143 ], [ 77.281690173959063, 13.253371384001913 ], [ 77.281660370987382, 13.253537302821591 ], [ 77.281656367283318, 13.253767458702562 ], [ 77.28166345275946, 13.253888455283132 ], [ 77.281678524232746, 13.254141643311353 ], [ 77.281696551051468, 13.254435160919082 ], [ 77.28170600080739, 13.254581671387069 ], [ 77.281757482468194, 13.255355892717915 ], [ 77.281786238102796, 13.255861775946618 ], [ 77.281803091376204, 13.25615323110152 ], [ 77.281866388935569, 13.256169242355801 ], [ 77.281853191700804, 13.255924094007 ], [ 77.281826147942354, 13.255421768354548 ], [ 77.281775382332228, 13.25465323791623 ], [ 77.281765781024376, 13.254507890854383 ], [ 77.281747088757967, 13.254216818059412 ], [ 77.281730973603842, 13.25396587220299 ], [ 77.281723268126783, 13.253845955568396 ], [ 77.281726216430101, 13.253617772681395 ], [ 77.281755591461589, 13.253453152559898 ], [ 77.281812973562438, 13.253131834745075 ], [ 77.281426620781019, 13.25117520272476 ], [ 77.281397231364949, 13.251169697385546 ], [ 77.281748425822329, 13.253047474088143 ] ] ], [ [ [ 77.280946968839842, 13.249219198154755 ], [ 77.280931334373832, 13.249640147641465 ], [ 77.281131378886073, 13.251021531180685 ], [ 77.281158356511028, 13.251026901952535 ], [ 77.280967366264093, 13.249760994818022 ], [ 77.280983072815118, 13.249343830816526 ], [ 77.280987270179878, 13.249233401213701 ], [ 77.280987366619655, 13.249161693579625 ], [ 77.280949155618117, 13.249160704062518 ], [ 77.280946968839842, 13.249219198154755 ] ] ], [ [ [ 77.279366180878398, 13.246497567251488 ], [ 77.279354423026646, 13.24679391534591 ], [ 77.279355741996426, 13.246804762124512 ], [ 77.279363226608751, 13.246621631256675 ], [ 77.279401425420602, 13.246155949002135 ], [ 77.279401254504762, 13.246059825231825 ], [ 77.279366180878398, 13.246497567251488 ] ] ], [ [ [ 77.275352836969489, 13.228944613176164 ], [ 77.275493340527746, 13.229116857035226 ], [ 77.276785471764271, 13.230754468343129 ], [ 77.277892392414927, 13.232100605342533 ], [ 77.277955191444477, 13.232186425002688 ], [ 77.278686700215147, 13.233185225584906 ], [ 77.279466877358374, 13.234074999030174 ], [ 77.279470040448786, 13.234121832030194 ], [ 77.27949278716639, 13.234471866554886 ], [ 77.279611567250356, 13.236062400884689 ], [ 77.279465321187232, 13.2362262806512 ], [ 77.279417782410448, 13.236280190705248 ], [ 77.279398313689285, 13.236302196661287 ], [ 77.279381633381846, 13.23642811459899 ], [ 77.2794414714662, 13.237143763787257 ], [ 77.279503684160346, 13.237658936586485 ], [ 77.279647539902527, 13.238534638099871 ], [ 77.279797293659612, 13.239293551080301 ], [ 77.279797374338898, 13.239778022637879 ], [ 77.27975333041023, 13.240695543973814 ], [ 77.279741869760386, 13.241247329099755 ], [ 77.279716526128936, 13.242363421491905 ], [ 77.279632671341318, 13.243435839209704 ], [ 77.279588248440021, 13.244380114341444 ], [ 77.279402693206436, 13.245777028791387 ], [ 77.279402921566501, 13.245881310933509 ], [ 77.27959167659202, 13.244481224754836 ], [ 77.279637289404093, 13.243516347537378 ], [ 77.279721914390521, 13.242416190253197 ], [ 77.279745424982977, 13.241262324373448 ], [ 77.279757241478706, 13.240695654518991 ], [ 77.2798169836732, 13.239778636334206 ], [ 77.279825717986924, 13.23929443393704 ], [ 77.279689751757829, 13.238535989715583 ], [ 77.279563832851593, 13.237660813915028 ], [ 77.27951284786856, 13.2371459023373 ], [ 77.279468531623593, 13.236430971229437 ], [ 77.279487710690404, 13.236305358992482 ], [ 77.279507842269823, 13.236283318196712 ], [ 77.279557008200456, 13.236229319503854 ], [ 77.279708369571921, 13.236065127451646 ], [ 77.279546443768638, 13.23447923628002 ], [ 77.279519673294075, 13.234129368718088 ], [ 77.27951609048236, 13.234082532238352 ], [ 77.278743020066102, 13.233200800041754 ], [ 77.278017370314998, 13.232210975380783 ], [ 77.277955073482403, 13.232125998848234 ], [ 77.276853646343611, 13.23079429992865 ], [ 77.275580778389411, 13.229131905750702 ], [ 77.275444537401128, 13.228957919764062 ], [ 77.275351854032053, 13.228855204899075 ], [ 77.275300439813591, 13.228888297453501 ], [ 77.275352836969489, 13.228944613176164 ] ] ], [ [ [ 77.27529660467782, 13.228884175503763 ], [ 77.275291583641007, 13.228840788786956 ], [ 77.275259431696739, 13.228844222509032 ], [ 77.27529660467782, 13.228884175503763 ] ] ], [ [ [ 77.275205125681282, 13.228873074230011 ], [ 77.275252486588826, 13.228844964223752 ], [ 77.275223828223147, 13.228848024843106 ], [ 77.275201489962626, 13.228850411013825 ], [ 77.275205125681282, 13.228873074230011 ] ] ], [ [ [ 77.271679255597434, 13.222990005527672 ], [ 77.270944809921758, 13.224352494188102 ], [ 77.271357821357171, 13.225823459516061 ], [ 77.271513843530641, 13.226350773233877 ], [ 77.271593227688939, 13.226437618746937 ], [ 77.271437271972147, 13.225897417999498 ], [ 77.270991393473608, 13.224353572929029 ], [ 77.271724669922463, 13.22292821106271 ], [ 77.271833063381678, 13.22270685756018 ], [ 77.271679255597434, 13.222990005527672 ] ] ], [ [ [ 77.272231821769438, 13.220904029682305 ], [ 77.272257212597594, 13.22122675152748 ], [ 77.272290277694395, 13.221634043144244 ], [ 77.271833066784993, 13.222706850610166 ], [ 77.271873289380181, 13.22262471085385 ], [ 77.272354594935635, 13.221641760125754 ], [ 77.272317169124534, 13.221248225993275 ], [ 77.272287573087894, 13.220935734335905 ], [ 77.272251234429945, 13.218432258465214 ], [ 77.272250125860353, 13.218290160802297 ], [ 77.272231821769438, 13.220904029682305 ] ] ], [ [ [ 77.278698283317624, 13.210531769706643 ], [ 77.278386323917019, 13.210610011432321 ], [ 77.276798626446507, 13.210868035629794 ], [ 77.276252440702308, 13.211334190348147 ], [ 77.276247025961311, 13.211340458114703 ], [ 77.275698090109714, 13.2119787766876 ], [ 77.275307903568532, 13.212416056527699 ], [ 77.274943277083409, 13.212640575792879 ], [ 77.273617456700279, 13.213460580282359 ], [ 77.273374444838907, 13.213509343058222 ], [ 77.273357650252422, 13.213512678518823 ], [ 77.273069231346057, 13.214068017455984 ], [ 77.272556153983402, 13.215034311437652 ], [ 77.272446125729999, 13.215197452230999 ], [ 77.272293731677109, 13.215696527184754 ], [ 77.272262430031333, 13.215813227219458 ], [ 77.272190392456537, 13.21608100063877 ], [ 77.272190887794238, 13.216104714339538 ], [ 77.272193519030736, 13.21622881701831 ], [ 77.272213230732376, 13.217091714891744 ], [ 77.272250125761573, 13.218290148140017 ], [ 77.272241465399787, 13.217180053496019 ], [ 77.272232153201713, 13.216299094820453 ], [ 77.272230822113016, 13.216173168841037 ], [ 77.27223056829223, 13.21614914305435 ], [ 77.272305403366587, 13.215882683922919 ], [ 77.272337665361704, 13.215767803364004 ], [ 77.272492765593242, 13.215283293212446 ], [ 77.272603231954932, 13.215130114479466 ], [ 77.273114459832712, 13.214235598355446 ], [ 77.273398776378173, 13.213735523882976 ], [ 77.27341499426592, 13.213731461616641 ], [ 77.27364971599718, 13.213672665551437 ], [ 77.274911499575069, 13.212814941591938 ], [ 77.275304062684228, 13.212548443057649 ], [ 77.275732060832766, 13.212055976446646 ], [ 77.276299145837697, 13.211403469456583 ], [ 77.276304716047363, 13.211397059341433 ], [ 77.27686002184123, 13.210916636585544 ], [ 77.278420109616675, 13.210622596869776 ], [ 77.278724225277543, 13.210537529522309 ], [ 77.279193919918001, 13.210406144428299 ], [ 77.278698283317624, 13.210531769706643 ] ] ], [ [ [ 77.280537289481146, 13.209601384528913 ], [ 77.280472727224748, 13.209631376334938 ], [ 77.279474169261022, 13.210086290394356 ], [ 77.279468389330503, 13.21032936861172 ], [ 77.279470969659769, 13.21032864683043 ], [ 77.279481944908326, 13.210083199416825 ], [ 77.280476317041661, 13.209646403011059 ], [ 77.280541770152112, 13.209617595123849 ], [ 77.280546695839462, 13.209604708048461 ], [ 77.280537289481146, 13.209601384528913 ] ] ] ] } },
{ "type": "Feature", "properties": { "OBJECTID": 924, "KGISHobliID": 938, "KGISHobliCode": "210105", "KGISHobliName": "Sompura-2 ", "BhuCodeHobli": null, "SHAPE.STArea()": 4866784.7778020948, "SHAPE.STLength()": 11834.137814108299, "KGISTalukCode": "2101", "created_user": null, "created_date": null, "last_edited_user": null, "last_edited_date": null, "_overlap_percent": 99.999999999999844, "_police_station": "Dobbespet PS", "_police_feature_index": "674", "_admin_layer": "Hobli", "_geometry_clipped": true }, "geometry": { "type": "Polygon", "coordinates": [ [ [ 77.255001356826241, 13.287367311737132 ], [ 77.255247904311275, 13.287418908741765 ], [ 77.255310611375705, 13.287407497615229 ], [ 77.255655082603894, 13.287342639394726 ], [ 77.256116037512996, 13.287253432487814 ], [ 77.256698744770134, 13.28713590152509 ], [ 77.257650793738549, 13.286649121374523 ], [ 77.258467645584574, 13.286431848257271 ], [ 77.259109600118393, 13.286347731598015 ], [ 77.259159168824482, 13.286337494393109 ], [ 77.259664842815539, 13.286243824446068 ], [ 77.260320419039545, 13.286268714737243 ], [ 77.260382752633149, 13.286257101537521 ], [ 77.26073005789128, 13.286193558083555 ], [ 77.26085488302914, 13.286114791917216 ], [ 77.261195930528686, 13.285900342408867 ], [ 77.262531615083518, 13.285674051011068 ], [ 77.262720810641312, 13.285669771438981 ], [ 77.263521078258961, 13.285651663967004 ], [ 77.264215352586078, 13.285475243120271 ], [ 77.264361880399719, 13.286249170100957 ], [ 77.264395105491374, 13.28646885423132 ], [ 77.26445457738788, 13.286462956496811 ], [ 77.264589947481696, 13.286376073398799 ], [ 77.264612254762071, 13.286362977522838 ], [ 77.265214874764865, 13.286010247432721 ], [ 77.266036398880985, 13.285514750801312 ], [ 77.266858234199105, 13.285358903467806 ], [ 77.267096817458906, 13.285313848719799 ], [ 77.267749068345424, 13.285190467562112 ], [ 77.267796784676065, 13.285181430812028 ], [ 77.268068623388757, 13.284637868572757 ], [ 77.268075272338521, 13.284624563227627 ], [ 77.268448256697354, 13.284283929990593 ], [ 77.269723827348898, 13.283117092926869 ], [ 77.269830954416776, 13.283068672385054 ], [ 77.269888620738612, 13.283016848138205 ], [ 77.270858899658833, 13.282550616294152 ], [ 77.271407929890074, 13.282308284062653 ], [ 77.271525782102728, 13.282255825621741 ], [ 77.272905169916498, 13.281103139935039 ], [ 77.273943629921106, 13.280167340654716 ], [ 77.274022308528018, 13.280096405449751 ], [ 77.275246392318095, 13.279785638830409 ], [ 77.275371393614321, 13.279563262513078 ], [ 77.27535700952582, 13.279538340319574 ], [ 77.275303337176268, 13.279445322681669 ], [ 77.274296223555226, 13.27739384624604 ], [ 77.273971009681375, 13.276731316119918 ], [ 77.273761613410642, 13.27652045107819 ], [ 77.273633074681044, 13.276390924246909 ], [ 77.2735619840102, 13.276319258488135 ], [ 77.273461217039369, 13.276189982313714 ], [ 77.272511774727406, 13.274966969807707 ], [ 77.272454999667985, 13.2749189986709 ], [ 77.272380198911463, 13.274820308714842 ], [ 77.271508011119451, 13.274063920776182 ], [ 77.271486064973644, 13.273991876346289 ], [ 77.271022588168663, 13.272466356587385 ], [ 77.270886697152392, 13.272118687072528 ], [ 77.270833526147115, 13.272083980846032 ], [ 77.270735047398929, 13.272019693109934 ], [ 77.270776582874788, 13.271905336470912 ], [ 77.2712268087746, 13.270665291101832 ], [ 77.271247614632628, 13.270607965595229 ], [ 77.271177666171013, 13.270589535793748 ], [ 77.271171031638985, 13.270589258813601 ], [ 77.271093361821798, 13.270586024324349 ], [ 77.270027876165429, 13.270542304066682 ], [ 77.269708373774677, 13.270604442219621 ], [ 77.269435806238064, 13.27054959557514 ], [ 77.26915754724304, 13.270751190791445 ], [ 77.268773674998755, 13.270795978166735 ], [ 77.268714245843668, 13.270828799131907 ], [ 77.267943280493583, 13.271256457463613 ], [ 77.267844274168084, 13.271272388827947 ], [ 77.266305649013049, 13.271527608397149 ], [ 77.265918444481443, 13.271610341614446 ], [ 77.265439735979754, 13.271692921421106 ], [ 77.265172839213662, 13.271735209152141 ], [ 77.265152857820993, 13.271738341704866 ], [ 77.265115513275489, 13.271745814243367 ], [ 77.263971534539621, 13.271795227228232 ], [ 77.263546971140627, 13.27182244920666 ], [ 77.263516463627795, 13.27182437850389 ], [ 77.263376626029284, 13.271841251242575 ], [ 77.263146749676849, 13.271868839473308 ], [ 77.262956928422312, 13.271921638527941 ], [ 77.262502153852566, 13.272008166038153 ], [ 77.262373325910502, 13.271215177760189 ], [ 77.262366070486209, 13.271170264632788 ], [ 77.262877057775697, 13.271017527060474 ], [ 77.262998258052718, 13.271026534512359 ], [ 77.26305223944091, 13.271030526847218 ], [ 77.263233693813291, 13.270960015374703 ], [ 77.263321886186574, 13.27099789741701 ], [ 77.263416269304727, 13.271038434353503 ], [ 77.263461698140262, 13.271095722052074 ], [ 77.264178745132199, 13.270868751868372 ], [ 77.264169568211244, 13.270850864127889 ], [ 77.264018265972794, 13.270556766196306 ], [ 77.264002971121954, 13.270528842139541 ], [ 77.263779324752662, 13.270186564632688 ], [ 77.263502291328663, 13.269709247596753 ], [ 77.263192487522886, 13.269108587403112 ], [ 77.263191179147441, 13.269083257978107 ], [ 77.263190296844485, 13.269065883830566 ], [ 77.263171316157539, 13.268686641534968 ], [ 77.263149956583746, 13.268588743622949 ], [ 77.263065600435766, 13.268202710402578 ], [ 77.263057327805285, 13.268177153686688 ], [ 77.263003102757452, 13.268025426444515 ], [ 77.262915307945548, 13.267780267835025 ], [ 77.262898633624275, 13.267714708487658 ], [ 77.26282796935034, 13.267437290288067 ], [ 77.262708814347107, 13.267062977673934 ], [ 77.262628412768521, 13.266733154662147 ], [ 77.262620556601064, 13.266700952623905 ], [ 77.26273842134222, 13.266653716442599 ], [ 77.262862177469117, 13.26660402426015 ], [ 77.262803577189402, 13.266303569517873 ], [ 77.262797712340884, 13.266273520288992 ], [ 77.263258905458343, 13.266288438398005 ], [ 77.263557239305513, 13.266130454233087 ], [ 77.263670615019208, 13.266115832980175 ], [ 77.263796991065931, 13.266063807486127 ], [ 77.264035245029191, 13.266079187048071 ], [ 77.26479306635666, 13.265984722843621 ], [ 77.26574315599369, 13.26580485912096 ], [ 77.266188214459532, 13.265717536715186 ], [ 77.266100626459234, 13.265297744835904 ], [ 77.265896184005229, 13.265199372874672 ], [ 77.265771550783086, 13.265139240476937 ], [ 77.26572809227828, 13.265135792903097 ], [ 77.265650077217941, 13.26512957851388 ], [ 77.265467247039339, 13.265114895787885 ], [ 77.265121718436731, 13.265181515649205 ], [ 77.264838140004287, 13.265174759187724 ], [ 77.263980306424301, 13.265263322094109 ], [ 77.263708708827082, 13.265320488254753 ], [ 77.262862128642823, 13.265301465798766 ], [ 77.262606291381999, 13.265379055389561 ], [ 77.262581242044917, 13.265352068998125 ], [ 77.262136237592173, 13.264872780747371 ], [ 77.262115983276473, 13.264783560184584 ], [ 77.262097784965675, 13.264736682091399 ], [ 77.262203240176561, 13.264559717339875 ], [ 77.262146165379804, 13.264386256750077 ], [ 77.262132965302797, 13.264319949856883 ], [ 77.262352749626857, 13.264204971198566 ], [ 77.262472566134562, 13.263945795102096 ], [ 77.262735839176131, 13.263653704924785 ], [ 77.262770943268009, 13.263509624843373 ], [ 77.262718622469094, 13.263413758338592 ], [ 77.2628568543374, 13.263405196151137 ], [ 77.262880315476792, 13.263403735390753 ], [ 77.262856631720027, 13.263234623951773 ], [ 77.262337470350431, 13.262949927662369 ], [ 77.262109266838337, 13.262824640048404 ], [ 77.260352575737912, 13.261904783337153 ], [ 77.26021396948029, 13.261851326531055 ], [ 77.260156398107767, 13.261884180388074 ], [ 77.260047407394211, 13.261946295839472 ], [ 77.259990103809386, 13.261925186732835 ], [ 77.259953486695522, 13.261936579898149 ], [ 77.259597381168376, 13.261856508806307 ], [ 77.259547462281802, 13.261634255163857 ], [ 77.259467766498261, 13.261421477901116 ], [ 77.259052108172071, 13.261176471964122 ], [ 77.258917632363591, 13.26134179935152 ], [ 77.258455162995432, 13.261909219730226 ], [ 77.258271651645458, 13.262084255312566 ], [ 77.257629860678449, 13.262695921818084 ], [ 77.257242266733954, 13.263026633450837 ], [ 77.256988092715261, 13.26323507947939 ], [ 77.255742865122954, 13.264215020787377 ], [ 77.255631039157905, 13.264336839482588 ], [ 77.255497146326064, 13.264482696458199 ], [ 77.255473955304353, 13.264507963708025 ], [ 77.255471006489401, 13.26450580937097 ], [ 77.255318452791883, 13.264640731372472 ], [ 77.255188519985339, 13.264533689847219 ], [ 77.255084682432951, 13.264448290365353 ], [ 77.254811034080163, 13.264223785427419 ], [ 77.254717469438646, 13.264494445936046 ], [ 77.253753786102891, 13.265053437352986 ], [ 77.253842501841405, 13.265217278242218 ], [ 77.25321804336906, 13.26584124855505 ], [ 77.253030653303952, 13.265968029605524 ], [ 77.252856956266541, 13.266208767411085 ], [ 77.252594371452119, 13.26623247985618 ], [ 77.252088480956857, 13.266395040461287 ], [ 77.252024847520673, 13.266415506191436 ], [ 77.251803810192783, 13.266646397679745 ], [ 77.251130391073517, 13.267348968562493 ], [ 77.251102847162684, 13.267377670707722 ], [ 77.251053087189064, 13.267301590595238 ], [ 77.250455222587362, 13.267682325369071 ], [ 77.250506402916827, 13.267790038002511 ], [ 77.250419244257856, 13.267834292230654 ], [ 77.25045745835493, 13.267968423030812 ], [ 77.249877444257606, 13.268294801486828 ], [ 77.249482382935369, 13.268482702378561 ], [ 77.249324450810946, 13.268551905977759 ], [ 77.248768002544097, 13.268793514745067 ], [ 77.247514301801758, 13.269341795600768 ], [ 77.247491420553828, 13.26934471560725 ], [ 77.247502346818919, 13.2694343818187 ], [ 77.247505289777834, 13.269462981827889 ], [ 77.247558499771927, 13.269975714181911 ], [ 77.247583955656239, 13.270338671378955 ], [ 77.247584465674606, 13.270345877815242 ], [ 77.247579303186157, 13.270948963725239 ], [ 77.247493288615345, 13.271072456919066 ], [ 77.247207348290615, 13.271262313611022 ], [ 77.247014834875685, 13.271356248096925 ], [ 77.247025834677402, 13.271382681516979 ], [ 77.246842163013866, 13.272060933939402 ], [ 77.246823246412788, 13.2721591434098 ], [ 77.246801719327379, 13.272333026620366 ], [ 77.24684133987688, 13.272524579304214 ], [ 77.246887298227591, 13.272746414403231 ], [ 77.246843899932671, 13.273167995682885 ], [ 77.246843806181403, 13.273199029752847 ], [ 77.24684951184112, 13.273254977138638 ], [ 77.246886225308913, 13.273816709711053 ], [ 77.246887976877261, 13.273928612899326 ], [ 77.246898447139912, 13.274757032002537 ], [ 77.246840249559241, 13.274763874571956 ], [ 77.246833489829697, 13.275832404570531 ], [ 77.2468780676748, 13.275827624056149 ], [ 77.246936702347625, 13.275821335120348 ], [ 77.247707825732491, 13.275546392789785 ], [ 77.248818979784076, 13.275296310343256 ], [ 77.249672350277521, 13.275285868087407 ], [ 77.250108912133641, 13.275297076406318 ], [ 77.250111456578907, 13.275297083738939 ], [ 77.250197378049791, 13.275297315653834 ], [ 77.250680873525994, 13.275433500489243 ], [ 77.25068481379455, 13.27543461054904 ], [ 77.250687648034003, 13.275434430070925 ], [ 77.250739228752082, 13.275431161108582 ], [ 77.250851182392822, 13.275424061985406 ], [ 77.251423602625707, 13.276252872870002 ], [ 77.251393343816773, 13.276596743374109 ], [ 77.251400819783001, 13.276652249213404 ], [ 77.251405460861449, 13.276686548580466 ], [ 77.251450125586075, 13.276791979655547 ], [ 77.251589026368748, 13.27683029737956 ], [ 77.251647816801665, 13.276957791039905 ], [ 77.251809475948917, 13.276992291933109 ], [ 77.251810287857722, 13.277045131360943 ], [ 77.25181743283828, 13.277533501015334 ], [ 77.251810330094486, 13.277826564634928 ], [ 77.25189201910139, 13.27798411253861 ], [ 77.251947776601256, 13.278091485699541 ], [ 77.252337832892621, 13.277996210347908 ], [ 77.252544220327465, 13.277946226444529 ], [ 77.252706827566556, 13.277897305732175 ], [ 77.252736197129622, 13.277991728332196 ], [ 77.253092797980727, 13.277952223158776 ], [ 77.253158479671157, 13.278610829070375 ], [ 77.253196199371459, 13.278992688669545 ], [ 77.253246150768192, 13.279259492847434 ], [ 77.253254773912587, 13.279305583488195 ], [ 77.253344779028353, 13.27942719410707 ], [ 77.253350111010448, 13.279466540323202 ], [ 77.253373384258481, 13.279638379473587 ], [ 77.253401151370412, 13.279967872680915 ], [ 77.253403836133202, 13.279999774793305 ], [ 77.253405748440613, 13.280296859858108 ], [ 77.253421632750388, 13.280563526366997 ], [ 77.253414575865875, 13.280795817977829 ], [ 77.253460223752256, 13.281243771298293 ], [ 77.253496459066596, 13.281600276410899 ], [ 77.253500045545792, 13.281635609715773 ], [ 77.253868992846023, 13.281460427456912 ], [ 77.254129329414553, 13.281999972237537 ], [ 77.254154985680628, 13.282053093008233 ], [ 77.254263304032122, 13.282732462207449 ], [ 77.254244725581628, 13.283369507504306 ], [ 77.254338139408191, 13.283424515626381 ], [ 77.254429578136097, 13.283478334871502 ], [ 77.254583569144359, 13.283476708458057 ], [ 77.25458017320156, 13.28351057646158 ], [ 77.254668598672623, 13.283504841121925 ], [ 77.254643245088872, 13.283815848298302 ], [ 77.254602075221996, 13.284302988548395 ], [ 77.254415601134454, 13.284441112059802 ], [ 77.254367158866174, 13.28487907662875 ], [ 77.254363037738813, 13.284922232155926 ], [ 77.254337505534039, 13.285192549954917 ], [ 77.254308709370747, 13.285436212731243 ], [ 77.2542489074755, 13.286127313679247 ], [ 77.254246164877699, 13.286147516752813 ], [ 77.254291089463905, 13.286434013995207 ], [ 77.254361287900096, 13.287019678710848 ], [ 77.254444425362394, 13.287427289357383 ], [ 77.254640238925262, 13.287389622345364 ], [ 77.255001356826241, 13.287367311737132 ] ] ] } },
{ "type": "Feature", "properties": { "OBJECTID": 356, "KGISHobliID": 999, "KGISHobliCode": "180605", "KGISHobliName": "Urdigere", "BhuCodeHobli": null, "SHAPE.STArea()": 180934218.79498193, "SHAPE.STLength()": 95374.546009278449, "KGISTalukCode": "1806", "created_user": null, "created_date": null, "last_edited_user": "SURESHBV2", "last_edited_date": 1781583939000.0, "_overlap_percent": 0.04086306690567993, "_police_station": "Dobbespet PS", "_police_feature_index": "674", "_admin_layer": "Hobli", "_geometry_clipped": true }, "geometry": { "type": "MultiPolygon", "coordinates": [ [ [ [ 77.229335557214441, 13.314076840750186 ], [ 77.229282289337405, 13.314085889325964 ], [ 77.229148058955232, 13.314108660093975 ], [ 77.229141989613211, 13.314109690204624 ], [ 77.229050726462347, 13.314125172721873 ], [ 77.229035843290035, 13.314127697100922 ], [ 77.229027899149457, 13.314129044577038 ], [ 77.229009186253805, 13.314132219755765 ], [ 77.228982604755998, 13.314136729093962 ], [ 77.228964818291814, 13.314139744669275 ], [ 77.228983822499757, 13.314174609580272 ], [ 77.22901153185407, 13.314169730694218 ], [ 77.229315033138192, 13.314116310937937 ], [ 77.229344272324028, 13.314111164333616 ], [ 77.229335557214441, 13.314076840750186 ] ] ], [ [ [ 77.229635993645985, 13.314469746718698 ], [ 77.229603210152632, 13.314355482777195 ], [ 77.229563425708122, 13.314238853139537 ], [ 77.229539946342513, 13.314273899799447 ], [ 77.229465711588858, 13.314279998718989 ], [ 77.22943421755707, 13.3142825867398 ], [ 77.229412443353866, 13.314284375545128 ], [ 77.229411518066513, 13.314284471387429 ], [ 77.229425683065372, 13.31434362170269 ], [ 77.229449732723779, 13.31444403917973 ], [ 77.229458867462142, 13.314389307212654 ], [ 77.229614293310121, 13.314475674440136 ], [ 77.229642132801047, 13.314491144511948 ], [ 77.229635993645985, 13.314469746718698 ] ] ], [ [ [ 77.233412108105085, 13.310645156275109 ], [ 77.233393331758677, 13.310668542913598 ], [ 77.233369364545013, 13.310717913944313 ], [ 77.233330140032507, 13.31079861521491 ], [ 77.233315886696047, 13.310827940504746 ], [ 77.23330173749396, 13.31085705071782 ], [ 77.233290574075212, 13.310880017992632 ], [ 77.233084413267136, 13.311037960252627 ], [ 77.23298430044315, 13.311098847966912 ], [ 77.232721849972322, 13.311221400768996 ], [ 77.232712518149853, 13.311225758794258 ], [ 77.232689247557644, 13.31129880514742 ], [ 77.232680265229746, 13.311326998815646 ], [ 77.232597073613618, 13.31158189564621 ], [ 77.232574051269395, 13.311652435850533 ], [ 77.23250855957744, 13.311710632581518 ], [ 77.232443241751625, 13.31176867505782 ], [ 77.232542353770313, 13.311890891128398 ], [ 77.232558358524486, 13.311933039506199 ], [ 77.232595257301497, 13.3120302097891 ], [ 77.232632477673803, 13.312127430548589 ], [ 77.232572474583534, 13.312463612169838 ], [ 77.232389374914476, 13.312849173287312 ], [ 77.232379263545255, 13.312870464999227 ], [ 77.232346253588787, 13.312923164040717 ], [ 77.23206150178838, 13.313377830209923 ], [ 77.232050981040487, 13.313394629039969 ], [ 77.232011243360432, 13.313458079874307 ], [ 77.231778936071706, 13.313528143547979 ], [ 77.231687488134455, 13.313555725509749 ], [ 77.231651139039329, 13.313567479531415 ], [ 77.231625463486608, 13.31357578275049 ], [ 77.231619082559135, 13.313577847603602 ], [ 77.231594041777626, 13.313585944634792 ], [ 77.231589942371329, 13.313587270145097 ], [ 77.231586230289338, 13.313588472068313 ], [ 77.231550063915549, 13.313600129589679 ], [ 77.231515751297252, 13.31361118887626 ], [ 77.231285347846182, 13.31368545356575 ], [ 77.231030488098767, 13.313785711780714 ], [ 77.230746666344118, 13.313984487058214 ], [ 77.23067997359621, 13.314044342244054 ], [ 77.230584042563365, 13.314111690559306 ], [ 77.230582328139235, 13.314112894800923 ], [ 77.230563213485937, 13.31412559429797 ], [ 77.230441991747469, 13.314206135960092 ], [ 77.230424174527343, 13.314298111054805 ], [ 77.230459167270212, 13.314280898504684 ], [ 77.23052587718476, 13.314248089849549 ], [ 77.23101701112823, 13.313806259521622 ], [ 77.231645001971273, 13.313601493781702 ], [ 77.231747189262933, 13.31356817516463 ], [ 77.232073602723347, 13.313469115397915 ], [ 77.232417285352, 13.312925554117422 ], [ 77.232451131032178, 13.312872025416722 ], [ 77.232650584452983, 13.312458480492007 ], [ 77.23271554647404, 13.312116010270048 ], [ 77.23267950849565, 13.312016523666822 ], [ 77.232627835698125, 13.311873872459289 ], [ 77.232529591497581, 13.311748289998128 ], [ 77.232660301359303, 13.311630445875892 ], [ 77.232765708281832, 13.311299319422162 ], [ 77.23279761385281, 13.311196528202332 ], [ 77.233067436164646, 13.311069606515638 ], [ 77.233166765016662, 13.311008555783891 ], [ 77.23337122491462, 13.310849976003373 ], [ 77.233440264292966, 13.310705312778687 ], [ 77.233412108105085, 13.310645156275109 ] ] ], [ [ [ 77.237897068878794, 13.308978960531693 ], [ 77.237840727799323, 13.309023411244336 ], [ 77.237624001544773, 13.309194398635199 ], [ 77.237543060988713, 13.309358922506744 ], [ 77.237608318057369, 13.309489668484398 ], [ 77.237631553523258, 13.309594297449189 ], [ 77.237564786953712, 13.309949366793214 ], [ 77.237453284838097, 13.31007579270528 ], [ 77.237376393598126, 13.310165771230828 ], [ 77.237385380614995, 13.3102973834088 ], [ 77.237415069031911, 13.310730168214313 ], [ 77.23723301725542, 13.310893693306642 ], [ 77.237049169779382, 13.310988708271999 ], [ 77.236407497614124, 13.311143132936616 ], [ 77.236438204564806, 13.311140018053452 ], [ 77.237092557847859, 13.310981735022942 ], [ 77.237274579040999, 13.310886691839315 ], [ 77.237455218133604, 13.310722863800581 ], [ 77.237427552303799, 13.310288084051365 ], [ 77.237419146840224, 13.310156000482369 ], [ 77.237495612261213, 13.310066174796676 ], [ 77.23760651095823, 13.30994005509441 ], [ 77.237674028336755, 13.309584764070351 ], [ 77.237651412127178, 13.309479850435089 ], [ 77.237587249450939, 13.309348513796927 ], [ 77.23766808720913, 13.309184354080749 ], [ 77.237930178894132, 13.308978071681194 ], [ 77.237897068878794, 13.308978960531693 ] ] ], [ [ [ 77.239470761996003, 13.308883706534472 ], [ 77.239455734228414, 13.308899654330075 ], [ 77.239341214389867, 13.309021183627802 ], [ 77.239369342530864, 13.3090237784322 ], [ 77.239527216961847, 13.308857078216846 ], [ 77.239470761996003, 13.308883706534472 ] ] ], [ [ [ 77.241449440134346, 13.305801828407473 ], [ 77.241428105548934, 13.305873673384596 ], [ 77.241366198264799, 13.306207501768531 ], [ 77.241346112349532, 13.306293528103321 ], [ 77.241342096861516, 13.306295128611826 ], [ 77.241246680280312, 13.306333160078509 ], [ 77.241210173156674, 13.306347711561394 ], [ 77.240874593920807, 13.306379261617817 ], [ 77.240774406190354, 13.30640857433441 ], [ 77.240510270212766, 13.306641664273247 ], [ 77.240481956667921, 13.306699708211505 ], [ 77.240483304409366, 13.306710314857849 ], [ 77.240497689289498, 13.306823557158488 ], [ 77.240480905577371, 13.306877705984308 ], [ 77.240507264591784, 13.307076208409004 ], [ 77.240580156998803, 13.30718854612312 ], [ 77.240593668658363, 13.307265513639242 ], [ 77.240528622367535, 13.307351023837008 ], [ 77.24039202862015, 13.307436461099927 ], [ 77.240151105180274, 13.307525381928659 ], [ 77.240132771244078, 13.307532760880012 ], [ 77.240121210499851, 13.307537414400006 ], [ 77.240084516880614, 13.307552182464699 ], [ 77.240026602813899, 13.307575492590255 ], [ 77.239936449721426, 13.307674087212087 ], [ 77.239914990909412, 13.307770416142535 ], [ 77.239908240956296, 13.307813207335188 ], [ 77.239936048029904, 13.30783427627234 ], [ 77.239944734534177, 13.307780186859441 ], [ 77.239966269049802, 13.307684566608758 ], [ 77.240055973210545, 13.307587222039485 ], [ 77.240179660124937, 13.307538336645187 ], [ 77.24041901165522, 13.307451759205069 ], [ 77.240554809840461, 13.307367903967933 ], [ 77.24061957355724, 13.307283472477328 ], [ 77.240606306872934, 13.30720695823184 ], [ 77.240534115420374, 13.307094893566932 ], [ 77.240508211048038, 13.306897673001757 ], [ 77.240524941632458, 13.306844068627477 ], [ 77.240509434469587, 13.306721059877505 ], [ 77.240537604813071, 13.306663698535271 ], [ 77.240800150990793, 13.306434618433141 ], [ 77.24089970983978, 13.30640634952065 ], [ 77.241233182630111, 13.306377706002431 ], [ 77.241368308386541, 13.30632506496994 ], [ 77.241388312548764, 13.306239981839081 ], [ 77.241465747697362, 13.305824640287977 ], [ 77.241477295403456, 13.305783819763715 ], [ 77.241449440134346, 13.305801828407473 ] ] ], [ [ [ 77.241880242468184, 13.305427826621962 ], [ 77.241866264833405, 13.305471733410114 ], [ 77.241899131948699, 13.305775618783084 ], [ 77.24188328897101, 13.305821953038164 ], [ 77.241905732446924, 13.30582152534566 ], [ 77.241941522371846, 13.305711481170656 ], [ 77.241908183563993, 13.305393033499415 ], [ 77.241910850978442, 13.305384133460553 ], [ 77.241880242468184, 13.305427826621962 ] ] ], [ [ [ 77.241500370819779, 13.304575248737956 ], [ 77.241496594132883, 13.304685773110977 ], [ 77.241558750357783, 13.304747594945869 ], [ 77.241698336355327, 13.304937711079498 ], [ 77.24191551704196, 13.305232780075263 ], [ 77.241917058718812, 13.305243200655658 ], [ 77.241930680780186, 13.305334316484217 ], [ 77.24197411498038, 13.305269547571807 ], [ 77.24195639504299, 13.305157599035272 ], [ 77.241954710015293, 13.30514694116256 ], [ 77.241731493314305, 13.304847757920014 ], [ 77.241585400783634, 13.304657544681387 ], [ 77.241519886874059, 13.304596710316597 ], [ 77.241519378523023, 13.304534247780737 ], [ 77.241500370819779, 13.304575248737956 ] ] ], [ [ [ 77.242267104748876, 13.303792173016204 ], [ 77.24201935441998, 13.303928246875365 ], [ 77.241984511244766, 13.303952784386926 ], [ 77.242087803203759, 13.303948060368475 ], [ 77.242148399085281, 13.303945289201479 ], [ 77.242228936252658, 13.303918536899229 ], [ 77.242284072344049, 13.303854545249227 ], [ 77.242285013574474, 13.303839615348489 ], [ 77.242288109554949, 13.303790424386559 ], [ 77.242270634405486, 13.303714895266227 ], [ 77.242267104748876, 13.303792173016204 ] ] ], [ [ [ 77.243230895909718, 13.302380495004863 ], [ 77.242967601813618, 13.302451895890076 ], [ 77.24265044923429, 13.30247382204556 ], [ 77.242332812423953, 13.302553564176108 ], [ 77.242792263278986, 13.302494346995045 ], [ 77.243202938750287, 13.302436749476263 ], [ 77.243223828983901, 13.302429884560819 ], [ 77.243308197705659, 13.30240217648441 ], [ 77.243310682483667, 13.302388756454842 ], [ 77.243230895909718, 13.302380495004863 ] ] ], [ [ [ 77.245701320813382, 13.302540122923922 ], [ 77.245133037081658, 13.30286073552352 ], [ 77.244877922228611, 13.302992095785696 ], [ 77.244522654825758, 13.302586398398327 ], [ 77.243569019130248, 13.302415505758363 ], [ 77.243534824175001, 13.302411965063502 ], [ 77.243535133832097, 13.302424425514115 ], [ 77.243535588123066, 13.302442807592318 ], [ 77.243669870347759, 13.302569861997819 ], [ 77.243799481844079, 13.302652270516795 ], [ 77.244046415610683, 13.302648449063263 ], [ 77.244561052550154, 13.3027236390081 ], [ 77.244617647567296, 13.302776293099706 ], [ 77.244732290525775, 13.303075223666584 ], [ 77.244851213567344, 13.30306846310622 ], [ 77.245310977394354, 13.302812107951059 ], [ 77.245388779303781, 13.30277237213404 ], [ 77.245466647302422, 13.302732602278711 ], [ 77.246033865518925, 13.302539661711767 ], [ 77.246051085270878, 13.302537031734186 ], [ 77.245701320813382, 13.302540122923922 ] ] ], [ [ [ 77.246147335899181, 13.302522331348525 ], [ 77.246396380192849, 13.302484294743175 ], [ 77.246457616048133, 13.302414373102453 ], [ 77.246468884641033, 13.302395542498711 ], [ 77.246147335899181, 13.302522331348525 ] ] ], [ [ [ 77.250473694620254, 13.302261211012469 ], [ 77.249226943974591, 13.302071417655899 ], [ 77.248720338575737, 13.301932450712457 ], [ 77.248025388433831, 13.30201749724619 ], [ 77.24776019639269, 13.301936595135714 ], [ 77.24792951532207, 13.302042015749771 ], [ 77.247993997269063, 13.302067326058099 ], [ 77.2487663474664, 13.302177402711223 ], [ 77.249166786248736, 13.302240278862836 ], [ 77.249258235118404, 13.302292048602816 ], [ 77.249457826544713, 13.302529271314613 ], [ 77.250192439587266, 13.302497176028162 ], [ 77.250738363948869, 13.302460344130401 ], [ 77.251150039266719, 13.302463682628225 ], [ 77.251339683818742, 13.30246508484106 ], [ 77.251759438288175, 13.302468188119306 ], [ 77.251887604661889, 13.302469659979572 ], [ 77.250473694620254, 13.302261211012469 ] ] ], [ [ [ 77.252993812471416, 13.302732308820188 ], [ 77.252603495841939, 13.302639354448907 ], [ 77.252528694631692, 13.302621540250456 ], [ 77.252365855695416, 13.302582759602844 ], [ 77.252883886983142, 13.302744242510213 ], [ 77.252982460287313, 13.302767451899678 ], [ 77.25301118112499, 13.302774213697878 ], [ 77.252993812471416, 13.302732308820188 ] ] ], [ [ [ 77.269311274375809, 13.307880107979063 ], [ 77.269348114159143, 13.30857211534393 ], [ 77.269351320195057, 13.308634794643519 ], [ 77.269352354700942, 13.308655023592753 ], [ 77.269228395213659, 13.308672643628562 ], [ 77.269183038284879, 13.308678996398326 ], [ 77.26915863439396, 13.308682415000689 ], [ 77.26969494525386, 13.309733666907082 ], [ 77.269736564543166, 13.309813855562915 ], [ 77.269739435424526, 13.309821333497077 ], [ 77.269785468064768, 13.309941056361515 ], [ 77.26978706419446, 13.309945206842471 ], [ 77.270031465612007, 13.310458543663144 ], [ 77.270045834233741, 13.310488537117578 ], [ 77.270111114039565, 13.310707465192086 ], [ 77.270121435063842, 13.310742421304937 ], [ 77.270249188685654, 13.310910638664906 ], [ 77.270182076538859, 13.310893704902851 ], [ 77.26954432709222, 13.310926749872642 ], [ 77.269068436711819, 13.310951407463607 ], [ 77.269065563356136, 13.310951389761904 ], [ 77.268963373727345, 13.310950261483315 ], [ 77.268069984946209, 13.310940394180689 ], [ 77.267949163794171, 13.310938571639815 ], [ 77.267098782571395, 13.310849850714526 ], [ 77.267039158816971, 13.31084371247254 ], [ 77.266981467145854, 13.310837773837214 ], [ 77.266668245323714, 13.310848839358876 ], [ 77.266045057210079, 13.310871433579079 ], [ 77.265877829123497, 13.310877623490841 ], [ 77.265448933576749, 13.310803762345213 ], [ 77.264791663491735, 13.310691305129014 ], [ 77.264213254208556, 13.310597491274759 ], [ 77.264044393298548, 13.310570164989086 ], [ 77.264043760330836, 13.310570064005073 ], [ 77.263775396254445, 13.31052669077912 ], [ 77.263726131846724, 13.310522193433597 ], [ 77.263637351982325, 13.310514094052909 ], [ 77.2635487113035, 13.310505880447877 ], [ 77.262137231414997, 13.310375086674288 ], [ 77.26140039689146, 13.31024610506473 ], [ 77.261354484854081, 13.310237960218876 ], [ 77.260820827901469, 13.310035059140858 ], [ 77.260739919204951, 13.310004562987297 ], [ 77.258977236254367, 13.309340155949897 ], [ 77.258248840556234, 13.309236193702466 ], [ 77.258062065416269, 13.309209387514159 ], [ 77.257504261866686, 13.309142819827967 ], [ 77.257020168324956, 13.309079410987882 ], [ 77.256758275179635, 13.309044638996857 ], [ 77.255859448119125, 13.308915009222867 ], [ 77.254773880283167, 13.308758443661874 ], [ 77.254764213128425, 13.308837929282426 ], [ 77.256782213721394, 13.30909711993236 ], [ 77.257043913153012, 13.309128703837208 ], [ 77.257527425733585, 13.309187058420537 ], [ 77.258084308805664, 13.309248675166803 ], [ 77.258270680176338, 13.309274023773433 ], [ 77.258997279869931, 13.309372845871149 ], [ 77.260832558115268, 13.310055572541971 ], [ 77.261363342973667, 13.310253020534274 ], [ 77.26140909060743, 13.310260749371228 ], [ 77.262144142346017, 13.310384936880675 ], [ 77.263644409537406, 13.310528000132178 ], [ 77.263733219604589, 13.310536469722443 ], [ 77.263782498803948, 13.310541168440347 ], [ 77.264050944442104, 13.310585671350893 ], [ 77.264051577435055, 13.310585775045512 ], [ 77.264220491715719, 13.310613779463289 ], [ 77.264799094034672, 13.310709694283387 ], [ 77.265456531719693, 13.310823896662557 ], [ 77.265885502582734, 13.310898411333751 ], [ 77.266052532221948, 13.310892112944586 ], [ 77.266674778522557, 13.310868646080957 ], [ 77.266987418815361, 13.310856857426227 ], [ 77.267104561600192, 13.310868624997614 ], [ 77.26795327652971, 13.310953875540262 ], [ 77.268073866199515, 13.31095531249559 ], [ 77.269069285523372, 13.310967151639767 ], [ 77.269072165497278, 13.310967186450883 ], [ 77.270195161160089, 13.310931650752998 ], [ 77.270283113752271, 13.310957409023645 ], [ 77.270285200996213, 13.3109580210859 ], [ 77.270267536953469, 13.310934011909694 ], [ 77.270128418002912, 13.310744917011624 ], [ 77.270118349932034, 13.310709877313238 ], [ 77.270055439203034, 13.310490914512746 ], [ 77.27004155688094, 13.310461026049524 ], [ 77.269803749484865, 13.309949049887276 ], [ 77.269756942739633, 13.309825170104112 ], [ 77.269754116125043, 13.309817689967437 ], [ 77.26971323231507, 13.309737712513469 ], [ 77.269177089773734, 13.308688790474204 ], [ 77.269245817329733, 13.308677050321506 ], [ 77.26936858396742, 13.308656078594966 ], [ 77.269363743690391, 13.308572377816208 ], [ 77.269323638272354, 13.307878812120229 ], [ 77.269311274375809, 13.307880107979063 ] ] ], [ [ [ 77.273725803207768, 13.300461855853138 ], [ 77.27338570915704, 13.300936836471859 ], [ 77.273362898105717, 13.30096869487857 ], [ 77.273319502791992, 13.3010292996166 ], [ 77.273299811104977, 13.301056801825732 ], [ 77.272958864541735, 13.301613186026263 ], [ 77.272934912131234, 13.301652272656973 ], [ 77.272907055102223, 13.301697787250145 ], [ 77.27284462440916, 13.30177814613176 ], [ 77.272403285854679, 13.302346688539508 ], [ 77.272390194040639, 13.302363354329021 ], [ 77.272221869464232, 13.302575149490302 ], [ 77.272135392099131, 13.302683958394471 ], [ 77.272114051288384, 13.302710853610449 ], [ 77.272108191298628, 13.302718241516308 ], [ 77.272097746189928, 13.302731411056286 ], [ 77.272089512471069, 13.302741791257267 ], [ 77.271981456745849, 13.30285469846735 ], [ 77.27197707902522, 13.30285927192568 ], [ 77.271901624440218, 13.30293811428086 ], [ 77.271901598852779, 13.302938140714323 ], [ 77.271847406900093, 13.302994765641609 ], [ 77.271814530603862, 13.303029117556067 ], [ 77.271794276680211, 13.303050280470984 ], [ 77.271381728588551, 13.303481346539689 ], [ 77.271369979695066, 13.303493622296195 ], [ 77.271289616546184, 13.303578037597756 ], [ 77.271060488603183, 13.303817300636927 ], [ 77.270849683664622, 13.304037429366783 ], [ 77.270671302329845, 13.304312272845994 ], [ 77.270618705534631, 13.304393311566638 ], [ 77.270095370719616, 13.305457238239299 ], [ 77.270060644823857, 13.305527835030839 ], [ 77.270058241628092, 13.305532720643939 ], [ 77.269510031344211, 13.306108735260684 ], [ 77.269480581593669, 13.306139678668384 ], [ 77.269520697972553, 13.307753104875804 ], [ 77.269521583134264, 13.307806035057366 ], [ 77.269521902654077, 13.307825677624002 ], [ 77.269522280876714, 13.307848897714372 ], [ 77.269536943743503, 13.307847066369032 ], [ 77.269536185371507, 13.307794871498938 ], [ 77.26953540764471, 13.307741390962111 ], [ 77.269511887621078, 13.306122495143482 ], [ 77.270106272085926, 13.305500353343307 ], [ 77.270690276605336, 13.304341994739344 ], [ 77.270929669818102, 13.303977379789528 ], [ 77.271383028561019, 13.303500352314007 ], [ 77.271465895203576, 13.303412419445358 ], [ 77.272208890401203, 13.302624004485086 ], [ 77.27223437071099, 13.302591529503196 ], [ 77.272256534828244, 13.30256328505717 ], [ 77.272521502424752, 13.302225598515443 ], [ 77.272535139080446, 13.302207997130559 ], [ 77.272934436489521, 13.301692591476327 ], [ 77.272991088774106, 13.301619464348084 ], [ 77.273015824564055, 13.301577813490679 ], [ 77.273339711700302, 13.301032427867323 ], [ 77.273723677619628, 13.300487492205288 ], [ 77.273796744242446, 13.300300350649936 ], [ 77.273813045167856, 13.300258603527801 ], [ 77.273725803207768, 13.300461855853138 ] ] ], [ [ [ 77.276964968379247, 13.297603188620441 ], [ 77.276058317870906, 13.297559337898761 ], [ 77.276039277729438, 13.297557838506979 ], [ 77.275703806673945, 13.297531415006569 ], [ 77.27568340373783, 13.297529806703778 ], [ 77.275595528200625, 13.297530770466169 ], [ 77.275506431625317, 13.297538907132457 ], [ 77.2754100599563, 13.297547707077159 ], [ 77.275398452990402, 13.297567430129197 ], [ 77.275387952212199, 13.297585271905325 ], [ 77.275379468585655, 13.297599687212751 ], [ 77.275176267506097, 13.297947760841375 ], [ 77.274879815632062, 13.298464889353653 ], [ 77.274797609513143, 13.298608288681164 ], [ 77.274769083561097, 13.298658875002227 ], [ 77.274669712801014, 13.298835095200751 ], [ 77.274502774308871, 13.299131135907404 ], [ 77.274500908274049, 13.299134445358114 ], [ 77.274467652877831, 13.299193440502906 ], [ 77.274413247634314, 13.299289955715007 ], [ 77.274296422887488, 13.299497202031688 ], [ 77.274223073113717, 13.299627324805092 ], [ 77.274203745803788, 13.299661524962152 ], [ 77.274194231917448, 13.299675591638575 ], [ 77.273998023163756, 13.299965708865399 ], [ 77.273827374335937, 13.300218032473248 ], [ 77.273815063181061, 13.300252890925421 ], [ 77.273813045167856, 13.300258603527801 ], [ 77.274221395240559, 13.299686511783298 ], [ 77.274242662091183, 13.299651342769716 ], [ 77.274548777431306, 13.299145115129468 ], [ 77.274877537037469, 13.298603557735516 ], [ 77.27525159244442, 13.29798738851132 ], [ 77.275447952195307, 13.297663928031495 ], [ 77.275490844836369, 13.297593268612438 ], [ 77.275661076491275, 13.297599899817328 ], [ 77.276059004500596, 13.297615403375275 ], [ 77.276968798050433, 13.297650843217466 ], [ 77.276964968379247, 13.297603188620441 ] ] ], [ [ [ 77.28216761229146, 13.297043940814522 ], [ 77.282019376581701, 13.297052793141969 ], [ 77.281949161026148, 13.297056987258998 ], [ 77.281568492780565, 13.297105517442022 ], [ 77.281445509902227, 13.297121196342445 ], [ 77.280278098465544, 13.29727329645398 ], [ 77.280227337124472, 13.297279881844533 ], [ 77.279656202244809, 13.297357044222929 ], [ 77.277668568678394, 13.297625567681747 ], [ 77.277570660414156, 13.297670328512197 ], [ 77.277634685600418, 13.297663880625473 ], [ 77.278594620174076, 13.297567202436658 ], [ 77.279876653896295, 13.297438078811913 ], [ 77.281931832701403, 13.297210406012603 ], [ 77.282136258167071, 13.297187758411237 ], [ 77.28216761229146, 13.297043940814522 ] ] ], [ [ [ 77.281252628333547, 13.309274505132452 ], [ 77.281252623078259, 13.309274429280766 ], [ 77.281252627402523, 13.309274504237209 ], [ 77.281252632644993, 13.309274552788104 ], [ 77.281252628333547, 13.309274505132452 ] ] ], [ [ [ 77.281670923580265, 13.310725750262694 ], [ 77.281597366952823, 13.3107075640837 ], [ 77.281595407194914, 13.310742464957437 ], [ 77.281594334181548, 13.310761579510855 ], [ 77.281629015617412, 13.310769284201671 ], [ 77.281670923580265, 13.310725750262694 ] ] ], [ [ [ 77.28374917795972, 13.311133300629596 ], [ 77.283697188592939, 13.311142236703786 ], [ 77.283506847708566, 13.311174958078333 ], [ 77.283500580699396, 13.311173745768285 ], [ 77.283475445562118, 13.311169218812648 ], [ 77.283313967368628, 13.311140134279769 ], [ 77.283231340651398, 13.31112525234885 ], [ 77.28353619950434, 13.311192978579673 ], [ 77.283797801104541, 13.311124941775457 ], [ 77.28374917795972, 13.311133300629596 ] ] ], [ [ [ 77.29245386975164, 13.31097239339266 ], [ 77.291815380944712, 13.311263199929297 ], [ 77.292524463595058, 13.310958932422412 ], [ 77.29245386975164, 13.31097239339266 ] ] ], [ [ [ 77.300871181057857, 13.310162999020006 ], [ 77.300861949579073, 13.310096630556254 ], [ 77.300816745627273, 13.310086397534855 ], [ 77.300779872746958, 13.310090771531268 ], [ 77.300688158249258, 13.310101650306363 ], [ 77.300567136376259, 13.310116004987385 ], [ 77.29926746781274, 13.310269174011907 ], [ 77.29919852846794, 13.310271623371699 ], [ 77.29845024576592, 13.310298855471373 ], [ 77.298354415398251, 13.310302343124706 ], [ 77.29818521151995, 13.310314751745626 ], [ 77.298066797920669, 13.310323474860024 ], [ 77.297102475531659, 13.310397737223585 ], [ 77.297044139949506, 13.310402229814756 ], [ 77.296446051512191, 13.310448286692063 ], [ 77.295913136639115, 13.31048932450974 ], [ 77.295588982298469, 13.310514285223579 ], [ 77.295471644306119, 13.310523320919568 ], [ 77.294971367900374, 13.31056184347943 ], [ 77.294709939408207, 13.31058197220724 ], [ 77.294464942445543, 13.310600837186204 ], [ 77.294360121136435, 13.310608908111726 ], [ 77.294320566055148, 13.310616448140438 ], [ 77.292559041635769, 13.310952339014907 ], [ 77.294430615067952, 13.310627766383194 ], [ 77.294471067295433, 13.310620751354911 ], [ 77.298261652088769, 13.310371175393852 ], [ 77.298383233458054, 13.310363169888602 ], [ 77.298557015430461, 13.31035172901468 ], [ 77.299384874842303, 13.310339352305563 ], [ 77.299452503774731, 13.310338341532423 ], [ 77.300731265976552, 13.310212408180913 ], [ 77.300876357665814, 13.310198117942498 ], [ 77.300871181057857, 13.310162999020006 ] ] ], [ [ [ 77.309562616001344, 13.313066913045494 ], [ 77.309560697833859, 13.31305378147003 ], [ 77.309560281500893, 13.31305093714534 ], [ 77.309552061478101, 13.312997025198248 ], [ 77.309429800350941, 13.312195118755957 ], [ 77.309417114165143, 13.312112046130405 ], [ 77.309382182232099, 13.311883327536671 ], [ 77.309372019910597, 13.311818880216595 ], [ 77.309368201175019, 13.311795439705811 ], [ 77.309360289975743, 13.311748492500058 ], [ 77.309357881106138, 13.311734205172877 ], [ 77.309310430003777, 13.311452456713962 ], [ 77.309211876136843, 13.310866735702646 ], [ 77.309077606271956, 13.310067920571868 ], [ 77.309001231852079, 13.310073378643404 ], [ 77.308864318486769, 13.310080225572216 ], [ 77.308736800543386, 13.310086603900197 ], [ 77.308650815031811, 13.310090904992325 ], [ 77.308543983975397, 13.310096248519617 ], [ 77.307480574090391, 13.310034190556822 ], [ 77.307403128165461, 13.310037093496755 ], [ 77.30727009794245, 13.310042079037624 ], [ 77.30726531106464, 13.310032511035267 ], [ 77.307262184548719, 13.310032642446957 ], [ 77.306835206346179, 13.310039357282895 ], [ 77.306824898264423, 13.310039519580579 ], [ 77.306644651611364, 13.310042352986381 ], [ 77.306628083348755, 13.310029551391555 ], [ 77.306600960061999, 13.310038188461496 ], [ 77.306264892679678, 13.310145200239388 ], [ 77.305784416769583, 13.310216981476898 ], [ 77.305771413192545, 13.3101409701846 ], [ 77.305616657416053, 13.310191011788874 ], [ 77.305570463562006, 13.310205948225832 ], [ 77.305507560986172, 13.310226287098287 ], [ 77.305482384313066, 13.310234427484001 ], [ 77.305478752823447, 13.310235601684335 ], [ 77.305339015333118, 13.310288916961644 ], [ 77.305328051441677, 13.310293098905174 ], [ 77.305260452018615, 13.310318938950386 ], [ 77.305208159567314, 13.310331745799326 ], [ 77.304624283811819, 13.3104747447841 ], [ 77.304528786053538, 13.310498134261969 ], [ 77.304500022883559, 13.310504899306874 ], [ 77.304454113412319, 13.310466428901979 ], [ 77.304440366131828, 13.310469175861657 ], [ 77.304397311167392, 13.310433807778157 ], [ 77.304357603747718, 13.31040118876088 ], [ 77.304309706026686, 13.310361841806824 ], [ 77.304239641197199, 13.310365060859684 ], [ 77.304207297870917, 13.310366528063383 ], [ 77.303822815194877, 13.31038396565814 ], [ 77.302764490271414, 13.31041802380167 ], [ 77.302504207555359, 13.310426397933544 ], [ 77.302478281654643, 13.310427231151161 ], [ 77.302327378274597, 13.310428525968325 ], [ 77.302088654273533, 13.310441603218441 ], [ 77.302108562621044, 13.310446140729338 ], [ 77.302531872846956, 13.310542620235433 ], [ 77.304330263157013, 13.310459143810316 ], [ 77.304399268986117, 13.310455943373025 ], [ 77.304522986525924, 13.310560574469303 ], [ 77.304550873090307, 13.310555067042459 ], [ 77.305249986220971, 13.310416994984166 ], [ 77.305314792627598, 13.3104041983283 ], [ 77.305459142912554, 13.310375689034238 ], [ 77.305738931333593, 13.310337951529091 ], [ 77.305983560963881, 13.310304953321003 ], [ 77.306278066838587, 13.310265232871656 ], [ 77.306608804157122, 13.310175457557955 ], [ 77.306627051446057, 13.310170504615254 ], [ 77.306899676514192, 13.310151446716779 ], [ 77.307122012641926, 13.310140360514513 ], [ 77.30722549265549, 13.310135196209725 ], [ 77.307466236911736, 13.310123193408662 ], [ 77.308924484607488, 13.310091386417511 ], [ 77.308941272086045, 13.310168966868048 ], [ 77.308963985176177, 13.310273939964848 ], [ 77.309318866060195, 13.311914046139339 ], [ 77.309323566016104, 13.311935744650601 ], [ 77.309336177349763, 13.311995455679654 ], [ 77.309562838057545, 13.313068463451843 ], [ 77.309562616001344, 13.313066913045494 ] ] ], [ [ [ 77.309803357401734, 13.314425397405834 ], [ 77.309791380773163, 13.314351413915006 ], [ 77.309778769397454, 13.314141733476568 ], [ 77.309769643672809, 13.313990010016642 ], [ 77.309663172181033, 13.313548834912575 ], [ 77.309752102715436, 13.313974897129363 ], [ 77.309775818882386, 13.314321222921732 ], [ 77.309814349370839, 13.314493303817837 ], [ 77.309803357401734, 13.314425397405834 ] ] ], [ [ [ 77.310288634443111, 13.316683747553036 ], [ 77.310269408748255, 13.316610129193009 ], [ 77.310225195441248, 13.316440827771441 ], [ 77.31021107914664, 13.316387299364139 ], [ 77.310209663582413, 13.316381930475243 ], [ 77.310173623956516, 13.316245269960289 ], [ 77.310173608646508, 13.316245212269962 ], [ 77.310169964946482, 13.316231393421193 ], [ 77.310169957291464, 13.316231364576032 ], [ 77.310169528516923, 13.316229739308415 ], [ 77.310158566645555, 13.316231328171614 ], [ 77.310155828854946, 13.316231759722514 ], [ 77.310165506099921, 13.316266345929026 ], [ 77.310224010938782, 13.316475466755607 ], [ 77.310377598442386, 13.317024410769973 ], [ 77.310288634443111, 13.316683747553036 ] ] ], [ [ [ 77.310429491379452, 13.317131474743327 ], [ 77.310378062382483, 13.317026068959136 ], [ 77.310386177850845, 13.317055074820153 ], [ 77.310549494061632, 13.317377418761215 ], [ 77.310429491379452, 13.317131474743327 ] ] ], [ [ [ 77.185250570022646, 13.257757962142001 ], [ 77.185200541818261, 13.257555945564016 ], [ 77.185147952805281, 13.257533899488754 ], [ 77.18517401179497, 13.257617762007884 ], [ 77.185372522891697, 13.258256600657454 ], [ 77.185380064903953, 13.25828087236267 ], [ 77.185250570022646, 13.257757962142001 ] ] ], [ [ [ 77.18710222010219, 13.267599859410186 ], [ 77.187067631555905, 13.267435276430817 ], [ 77.187053919882715, 13.267370032443472 ], [ 77.187040981050373, 13.26730847055803 ], [ 77.187039940419183, 13.267303522014794 ], [ 77.187039003813965, 13.267299064169377 ], [ 77.187031115493383, 13.267262918631811 ], [ 77.187006636501451, 13.267150729778935 ], [ 77.187005874610776, 13.26714723915649 ], [ 77.187005745775977, 13.267146656498328 ], [ 77.186985861280149, 13.26705552142224 ], [ 77.18698505326806, 13.267051825161152 ], [ 77.18687449358589, 13.266545150583001 ], [ 77.186812315760505, 13.266235159663522 ], [ 77.186808173200589, 13.266214497795145 ], [ 77.186655912227863, 13.265455383831599 ], [ 77.186652372289871, 13.265437731393593 ], [ 77.186651615319974, 13.265433964205988 ], [ 77.186617359154667, 13.26522847312474 ], [ 77.186616635773916, 13.265224129113429 ], [ 77.186600361713928, 13.26512650902661 ], [ 77.186594359522161, 13.265092456406487 ], [ 77.186412806107796, 13.264062233286946 ], [ 77.186406631130936, 13.264028451425624 ], [ 77.186383866508635, 13.263904385508489 ], [ 77.186428649013834, 13.264193057589171 ], [ 77.186620236658712, 13.265428061506288 ], [ 77.186845781119516, 13.266533081064035 ], [ 77.187026353244107, 13.267282915935404 ], [ 77.187098400461053, 13.267582094626791 ], [ 77.187107146304569, 13.267651802939637 ], [ 77.18710222010219, 13.267599859410186 ] ] ], [ [ [ 77.188757485402959, 13.275283336784424 ], [ 77.188734539966475, 13.275241432593885 ], [ 77.188726801184828, 13.27522729971089 ], [ 77.188751364782291, 13.275284519089027 ], [ 77.188757485402959, 13.275283336784424 ] ] ], [ [ [ 77.18841020581209, 13.275552934841288 ], [ 77.188315710751695, 13.275598314318959 ], [ 77.188421745659369, 13.275622718023847 ], [ 77.188603994685806, 13.275691986531431 ], [ 77.189005879612196, 13.275844724356464 ], [ 77.189004549469232, 13.275838468923872 ], [ 77.189003247161182, 13.275832347307954 ], [ 77.188974225665987, 13.275818141596126 ], [ 77.188780996576639, 13.275720426636717 ], [ 77.18868545945962, 13.275672113321859 ], [ 77.188639164325465, 13.275649455351457 ], [ 77.188616814724995, 13.275638427650673 ], [ 77.18860458968615, 13.275632395352025 ], [ 77.188601542230671, 13.275637386889473 ], [ 77.188452441565659, 13.275564735123039 ], [ 77.18841020581209, 13.275552934841288 ] ] ], [ [ [ 77.189834229692579, 13.275815492160516 ], [ 77.189775132314296, 13.275809253742386 ], [ 77.189727912056725, 13.275804269103025 ], [ 77.189832428999253, 13.275924390260858 ], [ 77.18988847856788, 13.275902746008398 ], [ 77.189834229692579, 13.275815492160516 ] ] ], [ [ [ 77.190861371143356, 13.275206938181496 ], [ 77.19085650340142, 13.27524656880999 ], [ 77.190865084806561, 13.275222914512437 ], [ 77.190870990752614, 13.275206635232751 ], [ 77.190861371143356, 13.275206938181496 ] ] ], [ [ [ 77.191632334904739, 13.274818144887609 ], [ 77.191627986023278, 13.274825283123757 ], [ 77.191646201221971, 13.274807553959189 ], [ 77.191648132609089, 13.274792214705023 ], [ 77.191632334904739, 13.274818144887609 ] ] ], [ [ [ 77.193209051770197, 13.27363380451645 ], [ 77.193185449052379, 13.273577111818538 ], [ 77.193170556005001, 13.273535079116789 ], [ 77.193143972646823, 13.273476657183414 ], [ 77.193141355542849, 13.273467946792048 ], [ 77.193092387532289, 13.273501055574336 ], [ 77.192980751626649, 13.273573270286711 ], [ 77.192915895822608, 13.273586729413029 ], [ 77.192674561554171, 13.27361889936936 ], [ 77.192597988386169, 13.273634338920116 ], [ 77.192513902108715, 13.273673663519457 ], [ 77.192485997064523, 13.273686714019581 ], [ 77.192031372306275, 13.273899320257797 ], [ 77.191914996566425, 13.273953742615999 ], [ 77.191845799920912, 13.274066848931847 ], [ 77.191814774888101, 13.274117561719139 ], [ 77.191796679220687, 13.274147140543279 ], [ 77.191781759530159, 13.274224486430805 ], [ 77.191776782112612, 13.274250281683015 ], [ 77.191762344045813, 13.274328866856626 ], [ 77.191750635346665, 13.27439259041086 ], [ 77.191837837109091, 13.274169769867722 ], [ 77.191859304115923, 13.274160477125804 ], [ 77.192602259758857, 13.273838886304441 ], [ 77.193055438698181, 13.273868379224538 ], [ 77.193245865278982, 13.273722229934769 ], [ 77.193209051770197, 13.27363380451645 ] ] ], [ [ [ 77.193476501010295, 13.272592638228717 ], [ 77.193468878428902, 13.272598971641893 ], [ 77.193441469332043, 13.272604559174979 ], [ 77.193475623698873, 13.272724487366979 ], [ 77.193504496137294, 13.2728298959206 ], [ 77.193507386213639, 13.272840443799655 ], [ 77.193524282387614, 13.272902130006612 ], [ 77.193556709360976, 13.272945146642673 ], [ 77.193571229283094, 13.272964732108816 ], [ 77.193574363374609, 13.272968959523189 ], [ 77.193590794571122, 13.273103802468274 ], [ 77.193600576828587, 13.273184082115977 ], [ 77.193606506858202, 13.273232759765847 ], [ 77.193565423121086, 13.27332874033004 ], [ 77.193470768339083, 13.273549632239128 ], [ 77.193495360496087, 13.27353075969277 ], [ 77.193597523517951, 13.273287905028507 ], [ 77.193638783021299, 13.27318982194803 ], [ 77.19361102450722, 13.272914824695372 ], [ 77.193563981385594, 13.272842326591029 ], [ 77.193523865861806, 13.272648882243692 ], [ 77.193506953742045, 13.272567331840774 ], [ 77.193476501010295, 13.272592638228717 ] ] ], [ [ [ 77.193405160843341, 13.271783849899311 ], [ 77.193419707747395, 13.271811795779897 ], [ 77.193431699359792, 13.271834831513182 ], [ 77.193390056719636, 13.271895469441322 ], [ 77.193413114582881, 13.271940200624375 ], [ 77.193390197550869, 13.271974876090743 ], [ 77.193399961603163, 13.271994567602402 ], [ 77.193415694863177, 13.272017160849465 ], [ 77.193417689889245, 13.272020144592368 ], [ 77.193484870222349, 13.271923297818317 ], [ 77.193458094017942, 13.271872972507401 ], [ 77.193406209173489, 13.271775455846939 ], [ 77.193399030028928, 13.271772056733685 ], [ 77.193405160843341, 13.271783849899311 ] ] ], [ [ [ 77.193266019053851, 13.271559139117343 ], [ 77.193265870157532, 13.271558323125715 ], [ 77.19323495070492, 13.271546989115629 ], [ 77.193266019053851, 13.271559139117343 ] ] ], [ [ [ 77.192880804312921, 13.270694449777723 ], [ 77.1928556143218, 13.27079062773036 ], [ 77.192823795015485, 13.270912119953906 ], [ 77.192824271774157, 13.270915386222224 ], [ 77.192969657105621, 13.270601435903519 ], [ 77.193017214114164, 13.270498741575159 ], [ 77.193038228528195, 13.270453361365671 ], [ 77.192880804312921, 13.270694449777723 ] ] ], [ [ [ 77.193090834013191, 13.26974622051929 ], [ 77.19306648184839, 13.269760158539947 ], [ 77.193126409751159, 13.270062242674673 ], [ 77.193154284404059, 13.27020274735376 ], [ 77.193188915140468, 13.270127965053174 ], [ 77.193101340595348, 13.269740207131825 ], [ 77.193090834013191, 13.26974622051929 ] ] ], [ [ [ 77.19359911075064, 13.269253943540416 ], [ 77.193191549858199, 13.269437052936528 ], [ 77.193195921371412, 13.269494054075345 ], [ 77.193204143967606, 13.269601258108651 ], [ 77.193208255996652, 13.269618768938594 ], [ 77.193243921048293, 13.269598299519656 ], [ 77.193641695980901, 13.269370000218609 ], [ 77.193637721890795, 13.269302504233531 ], [ 77.193633942754985, 13.269238294180131 ], [ 77.19359911075064, 13.269253943540416 ] ] ], [ [ [ 77.198896488486611, 13.267951859577019 ], [ 77.198875960829341, 13.267907446905397 ], [ 77.198456890259649, 13.267945433443188 ], [ 77.198414643506354, 13.267949262643397 ], [ 77.198310194072732, 13.267958730655774 ], [ 77.198200011059157, 13.267968718002372 ], [ 77.198188867247225, 13.267972676379308 ], [ 77.198144878681163, 13.267988298787213 ], [ 77.198068763258732, 13.268015604318663 ], [ 77.198006375358304, 13.26804537763965 ], [ 77.197975179556721, 13.26806026431121 ], [ 77.197962218057512, 13.268066450507185 ], [ 77.197869841357445, 13.268110534364881 ], [ 77.197552716763269, 13.268261870767045 ], [ 77.19695127256432, 13.268269838237137 ], [ 77.196882656082067, 13.2682707462858 ], [ 77.196641484401681, 13.268284179591879 ], [ 77.19657431021696, 13.268288105977739 ], [ 77.196392947651688, 13.268298708150153 ], [ 77.19625548678107, 13.268245191509422 ], [ 77.196152505320512, 13.268265397692566 ], [ 77.195993852095086, 13.26829652821313 ], [ 77.19596939048661, 13.268301327846919 ], [ 77.195519215322463, 13.268424665096104 ], [ 77.195484318145873, 13.268434226525866 ], [ 77.195047580372574, 13.268553881371785 ], [ 77.19502039768993, 13.268562024397953 ], [ 77.194945082204853, 13.268584585216392 ], [ 77.194832441083506, 13.268618325949667 ], [ 77.194481697150636, 13.268723388616694 ], [ 77.194461160783888, 13.268728483230413 ], [ 77.194397318528019, 13.26874431945714 ], [ 77.194195249229622, 13.268829487442899 ], [ 77.194191639340133, 13.268831034872534 ], [ 77.194111278781648, 13.268865475007734 ], [ 77.193944335817989, 13.268951200533149 ], [ 77.193863938002067, 13.268994037691979 ], [ 77.193746404266122, 13.269106000827422 ], [ 77.193735969038116, 13.269115944163268 ], [ 77.193734615218006, 13.269117231784964 ], [ 77.19373726686058, 13.269191872615107 ], [ 77.193663023698321, 13.269225228662705 ], [ 77.193747705674454, 13.269223438682276 ], [ 77.193761922281979, 13.269223137318511 ], [ 77.193778070650865, 13.269146775769096 ], [ 77.193781864609534, 13.269128837151959 ], [ 77.194056205620328, 13.268952766302373 ], [ 77.194352917928896, 13.268867304521748 ], [ 77.194551136720833, 13.268810214536177 ], [ 77.195005678040218, 13.268679291165437 ], [ 77.195133253013609, 13.268646534965699 ], [ 77.195905644723496, 13.268448216126044 ], [ 77.196178782910025, 13.268313826621261 ], [ 77.196429205970261, 13.268363726124894 ], [ 77.196948660774282, 13.268320532269405 ], [ 77.197571839171019, 13.268278988181713 ], [ 77.198246881861223, 13.268033639559789 ], [ 77.198302177543695, 13.268013752812085 ], [ 77.198899193681555, 13.267957712915155 ], [ 77.198896488486611, 13.267951859577019 ] ] ], [ [ [ 77.201390258869978, 13.265398174923739 ], [ 77.201253305213442, 13.265596144686251 ], [ 77.201182412532717, 13.265703979103701 ], [ 77.200427002808283, 13.266853001191272 ], [ 77.200412302642249, 13.26684147827276 ], [ 77.200437255534041, 13.266922029393848 ], [ 77.200461566448752, 13.267157741361586 ], [ 77.200360757477995, 13.267228957812911 ], [ 77.200187172257202, 13.267351566364258 ], [ 77.200140502328509, 13.267384529838058 ], [ 77.200106763545321, 13.267408357753343 ], [ 77.199931132854786, 13.268021217190912 ], [ 77.199893383191181, 13.268350326358636 ], [ 77.199888510754064, 13.268392809386066 ], [ 77.199429211963391, 13.268310015791466 ], [ 77.199303144730834, 13.268287323719663 ], [ 77.199201333797333, 13.268269014536102 ], [ 77.199146033603995, 13.268259071025621 ], [ 77.199116219166172, 13.268253714758407 ], [ 77.199129401614385, 13.268282822545668 ], [ 77.199205048889169, 13.268296286337907 ], [ 77.199246715986419, 13.268303698928554 ], [ 77.199302012520732, 13.268313542141104 ], [ 77.199403825432285, 13.268331658785295 ], [ 77.199529907009179, 13.268354096752038 ], [ 77.19998937470406, 13.268435863946412 ], [ 77.199994495604201, 13.268393108581675 ], [ 77.200034199979541, 13.268061742382569 ], [ 77.200213415737466, 13.267444204461126 ], [ 77.200294185306433, 13.267386816223947 ], [ 77.200832909576235, 13.267004034838038 ], [ 77.200841656185744, 13.266979649225558 ], [ 77.200918798732275, 13.266764556069038 ], [ 77.201099027969661, 13.266262029637192 ], [ 77.201339022350368, 13.265605441864929 ], [ 77.201366506396724, 13.265527978300941 ], [ 77.201420715056258, 13.265375197420173 ], [ 77.201390258869978, 13.265398174923739 ] ] ], [ [ [ 77.207594661027429, 13.262154704740842 ], [ 77.207559116190907, 13.262169807185959 ], [ 77.207489498552519, 13.262199366757986 ], [ 77.20750450718009, 13.262163108869974 ], [ 77.207578811494159, 13.26198357528925 ], [ 77.207557594583875, 13.261958549083158 ], [ 77.207528088070163, 13.261988310617273 ], [ 77.207334520331415, 13.262172325547342 ], [ 77.207305419646374, 13.262185937148715 ], [ 77.207298592324051, 13.262189131944952 ], [ 77.207288443168892, 13.262193877257539 ], [ 77.207212991520535, 13.262229165820541 ], [ 77.20720652156983, 13.262231889429227 ], [ 77.207024541330057, 13.262308502723744 ], [ 77.20693832503909, 13.262345973678965 ], [ 77.206903417278866, 13.262361144624416 ], [ 77.206606357449971, 13.262490247764939 ], [ 77.206604276903477, 13.262491138705387 ], [ 77.20619213250076, 13.262667718010748 ], [ 77.206190581292404, 13.262668383875059 ], [ 77.206091190097453, 13.262717399806734 ], [ 77.206090878188832, 13.262716571149337 ], [ 77.205879042039101, 13.262825653685347 ], [ 77.205665990706322, 13.262910702276425 ], [ 77.205662550896875, 13.262911857997121 ], [ 77.205651940829242, 13.262915425007929 ], [ 77.205675127533496, 13.262917674372209 ], [ 77.205726385335225, 13.26292264898979 ], [ 77.20585243757921, 13.262934883107658 ], [ 77.20617093838203, 13.262749808288193 ], [ 77.206295669143145, 13.262696777614684 ], [ 77.206660086632951, 13.262541841758884 ], [ 77.206757114062711, 13.262500588567191 ], [ 77.206792506374754, 13.262485541759816 ], [ 77.207124957069183, 13.262360057356288 ], [ 77.207344790149492, 13.262267811925541 ], [ 77.207613341178359, 13.262155147125837 ], [ 77.207594661027429, 13.262154704740842 ] ] ], [ [ [ 77.208350715734795, 13.261931511778393 ], [ 77.208329420007075, 13.261934130742265 ], [ 77.208045760777921, 13.26193558010992 ], [ 77.207907124326766, 13.262103727698268 ], [ 77.208008806036077, 13.262105114809421 ], [ 77.208168357708033, 13.262107291849341 ], [ 77.208471703675826, 13.261916626127213 ], [ 77.208350715734795, 13.261931511778393 ] ] ] ] } },
{ "type": "Feature", "properties": { "OBJECTID": 925, "KGISHobliID": 985, "KGISHobliCode": "210106", "KGISHobliName": "Tyamagundlu-2 ", "BhuCodeHobli": null, "SHAPE.STArea()": 79762352.021103263, "SHAPE.STLength()": 76927.499035007248, "KGISTalukCode": "2101", "created_user": null, "created_date": null, "last_edited_user": null, "last_edited_date": null, "_overlap_percent": 0.024640168956988322, "_police_station": "Dobbespet PS", "_police_feature_index": "674", "_admin_layer": "Hobli", "_geometry_clipped": true }, "geometry": { "type": "MultiPolygon", "coordinates": [ [ [ [ 77.281105272018095, 13.199721500240711 ], [ 77.281160914198708, 13.200505724970737 ], [ 77.280966437526743, 13.201120912027312 ], [ 77.280934171393767, 13.201222193554797 ], [ 77.28065416751879, 13.201962093927364 ], [ 77.280632752564188, 13.202018191229872 ], [ 77.280622025617859, 13.202046278909739 ], [ 77.28049728545615, 13.204897126982653 ], [ 77.280498295319504, 13.204928315172159 ], [ 77.280507104083014, 13.205194044850051 ], [ 77.280510296528689, 13.205287862782027 ], [ 77.280543853402776, 13.206212385672796 ], [ 77.280638550957406, 13.208084345692459 ], [ 77.280639383423036, 13.208097118045563 ], [ 77.280605850109922, 13.208649877756612 ], [ 77.280637680902828, 13.209296709752531 ], [ 77.280578381246571, 13.209476633339024 ], [ 77.280551479046636, 13.20955852261881 ], [ 77.280537289481146, 13.209601384528913 ], [ 77.280546695839462, 13.209604708048461 ], [ 77.280557600950104, 13.209576177008463 ], [ 77.280587649923035, 13.20949706357626 ], [ 77.280653877658253, 13.209323288734229 ], [ 77.280645476335224, 13.208697809823876 ], [ 77.280692661950269, 13.20815994370871 ], [ 77.280692081436712, 13.208147488084716 ], [ 77.280607994617981, 13.206308065691569 ], [ 77.280565934738362, 13.205387974958658 ], [ 77.280561627153062, 13.205293749502859 ], [ 77.280549384705182, 13.2050259314749 ], [ 77.280547943750904, 13.204994403756928 ], [ 77.280636202365713, 13.202071105805691 ], [ 77.280646795189639, 13.202042280166292 ], [ 77.2806679512302, 13.201984718608539 ], [ 77.280946294332182, 13.201227358985697 ], [ 77.280978606079387, 13.201124037599556 ], [ 77.281174415053371, 13.200497890506647 ], [ 77.281118893252554, 13.199718622607888 ], [ 77.281105272018095, 13.199721500240711 ] ] ], [ [ [ 77.290574881308572, 13.197048275666559 ], [ 77.290033317559008, 13.19734941341156 ], [ 77.289476505328295, 13.197673932777443 ], [ 77.289223562363802, 13.197823774717385 ], [ 77.289211568742829, 13.197854066968128 ], [ 77.289176637479358, 13.197847734221751 ], [ 77.289046249606528, 13.197824042870538 ], [ 77.288684184738074, 13.197757178379392 ], [ 77.288527267733386, 13.197725727008237 ], [ 77.287931344420528, 13.197609076767479 ], [ 77.287834704154278, 13.197731340200299 ], [ 77.286128521481402, 13.198155459879343 ], [ 77.285970476700072, 13.198199190030035 ], [ 77.285313986064963, 13.198379388810183 ], [ 77.285254072950707, 13.198395732344029 ], [ 77.285220412794814, 13.198404906291074 ], [ 77.284820049476124, 13.198543018133815 ], [ 77.284837651937252, 13.198537274513134 ], [ 77.284878570929848, 13.198523922587063 ], [ 77.285294158986787, 13.198388317278706 ], [ 77.285327811883008, 13.198379850913543 ], [ 77.285387669600283, 13.198364790983419 ], [ 77.2860395556322, 13.198200776122071 ], [ 77.286195251440958, 13.198161603025495 ], [ 77.287872381833807, 13.197787703045035 ], [ 77.287963761614733, 13.197672067590554 ], [ 77.288566682669014, 13.197776603755461 ], [ 77.288723494526238, 13.197803791913504 ], [ 77.289082493348218, 13.197866034695124 ], [ 77.289211758961642, 13.197888446612621 ], [ 77.289246402222204, 13.197894453015786 ], [ 77.289257525664013, 13.1978642046901 ], [ 77.28950395460032, 13.19771204990961 ], [ 77.29004732453059, 13.197376550824981 ], [ 77.290576576080738, 13.197054974297568 ], [ 77.290721525466296, 13.197005443706395 ], [ 77.290574881308572, 13.197048275666559 ] ] ], [ [ [ 77.291828120747866, 13.196571236843246 ], [ 77.291787235547844, 13.196588317750644 ], [ 77.29133576391439, 13.196776975584429 ], [ 77.290721525466296, 13.197005443706395 ], [ 77.291339915220902, 13.196794128627689 ], [ 77.291792666902651, 13.196618424257599 ], [ 77.291833615756943, 13.196602531923842 ], [ 77.29179270908115, 13.195949321930899 ], [ 77.291791151036378, 13.195924452383647 ], [ 77.291790426790243, 13.19592255118693 ], [ 77.291828120747866, 13.196571236843246 ] ] ], [ [ [ 77.290317696861536, 13.191626248564077 ], [ 77.290343049994178, 13.192453449128276 ], [ 77.290344700562059, 13.192462157651878 ], [ 77.290322157536366, 13.191698713178242 ], [ 77.290423925537411, 13.1900327891204 ], [ 77.290414799955727, 13.189950061724842 ], [ 77.290317696861536, 13.191626248564077 ] ] ], [ [ [ 77.290135739242928, 13.187366616765443 ], [ 77.290147858419488, 13.187487517685801 ], [ 77.29022101927923, 13.188152307899561 ], [ 77.290332421189518, 13.1892034384077 ], [ 77.29034098669058, 13.189280011567684 ], [ 77.290234367093873, 13.188277778196413 ], [ 77.290160129117822, 13.187579923804112 ], [ 77.290146636839381, 13.187453086716179 ], [ 77.290124572420723, 13.186932175280019 ], [ 77.290135739242928, 13.187366616765443 ] ] ], [ [ [ 77.288198088132503, 13.183162582260609 ], [ 77.288203982413719, 13.183104746573102 ], [ 77.28838789172957, 13.182998878417516 ], [ 77.288387717153242, 13.182998527617892 ], [ 77.288172266258158, 13.183120435404799 ], [ 77.288166859076043, 13.183171490643341 ], [ 77.288198088132503, 13.183162582260609 ] ] ], [ [ [ 77.281909528542243, 13.184709208983076 ], [ 77.282295180898203, 13.185613666239732 ], [ 77.282409544610516, 13.185558255454886 ], [ 77.283524561261359, 13.185201339618645 ], [ 77.284873209541203, 13.184716980922479 ], [ 77.284902592969743, 13.184705553883102 ], [ 77.28495163087986, 13.184686482323004 ], [ 77.285069874735115, 13.18464048856727 ], [ 77.285645225720913, 13.184451264330921 ], [ 77.287959186499975, 13.184030136667957 ], [ 77.287926264339674, 13.183244483733313 ], [ 77.287895053159943, 13.183253231773843 ], [ 77.287927467834436, 13.184032976197001 ], [ 77.285622642531706, 13.184441846854025 ], [ 77.285049243408153, 13.184625965402649 ], [ 77.284931414842916, 13.184670900028136 ], [ 77.284882550863472, 13.184689535396528 ], [ 77.284853272904982, 13.184700701253167 ], [ 77.283509570259042, 13.18517322995972 ], [ 77.282401377535365, 13.185528716856492 ], [ 77.282288416247567, 13.185585295260058 ], [ 77.281899148111293, 13.184673681949226 ], [ 77.281813982603239, 13.184399750958734 ], [ 77.281909528542243, 13.184709208983076 ] ] ], [ [ [ 77.280061878607256, 13.179801985766371 ], [ 77.280102313804207, 13.179892064202066 ], [ 77.28030746216281, 13.180348495718224 ], [ 77.280403836792019, 13.180562615945036 ], [ 77.280654638364211, 13.181132557447308 ], [ 77.280972534663107, 13.181898243728453 ], [ 77.281080509974998, 13.182167292960463 ], [ 77.281225673989738, 13.182546230098943 ], [ 77.281288222787765, 13.182725491262888 ], [ 77.281288400825019, 13.182726003777693 ], [ 77.281264424607002, 13.182656812608638 ], [ 77.281203638765632, 13.182481399586331 ], [ 77.281062061058549, 13.182110506990448 ], [ 77.280956483463726, 13.181847129161961 ], [ 77.280644809442492, 13.181097588346036 ], [ 77.280397970305401, 13.180539666670596 ], [ 77.280302914544748, 13.180330041024039 ], [ 77.28010025006688, 13.179883114198795 ], [ 77.280060248021996, 13.179794897870728 ], [ 77.279924956164891, 13.17945040505775 ], [ 77.280061878607256, 13.179801985766371 ] ] ], [ [ [ 77.277266708999278, 13.170783235173865 ], [ 77.277523940549855, 13.172125727554269 ], [ 77.277524430499668, 13.172155271420902 ], [ 77.277527117406692, 13.172331123609883 ], [ 77.277594863340127, 13.172994696248017 ], [ 77.277603381128472, 13.17307823390952 ], [ 77.277769259318546, 13.174305734768534 ], [ 77.278228938003352, 13.175158468264382 ], [ 77.278345619205638, 13.17537445527511 ], [ 77.279182859163768, 13.177680181881431 ], [ 77.279234013824833, 13.177820665534783 ], [ 77.279469400617387, 13.178388022720265 ], [ 77.279482581843794, 13.178418872349004 ], [ 77.279528076715422, 13.178525310160955 ], [ 77.279738362748333, 13.179016397392855 ], [ 77.279924956164891, 13.17945040505775 ], [ 77.279743303764391, 13.179016005556486 ], [ 77.279538144684523, 13.178525387796745 ], [ 77.279493780834201, 13.178419297760568 ], [ 77.279480926912001, 13.178388541005123 ], [ 77.279251399293003, 13.177822157340682 ], [ 77.279201623580832, 13.177681709323698 ], [ 77.278383285310355, 13.175372651285716 ], [ 77.278268083723617, 13.175156321330237 ], [ 77.277813408696517, 13.174302513354075 ], [ 77.277653129222159, 13.173072883610534 ], [ 77.277644991715988, 13.172989187153764 ], [ 77.277580343535107, 13.172324263240894 ], [ 77.277568506449143, 13.172139465206836 ], [ 77.277566519171472, 13.172108450902897 ], [ 77.277259278078802, 13.170717078791522 ], [ 77.277061196238677, 13.169633667526197 ], [ 77.277266708999278, 13.170783235173865 ] ] ], [ [ [ 77.276891919610406, 13.168848663011524 ], [ 77.276955712595267, 13.169112525433993 ], [ 77.276998870756557, 13.169292777470861 ], [ 77.276988652672514, 13.169236889523944 ], [ 77.276942796331056, 13.16903571618584 ], [ 77.276898088911466, 13.168839578575152 ], [ 77.276891919610406, 13.168848663011524 ] ] ], [ [ [ 77.277330688140736, 13.167866310405955 ], [ 77.277407931030865, 13.168003181026497 ], [ 77.277430702860229, 13.167969665394041 ], [ 77.277379181787367, 13.167874848106958 ], [ 77.277330688140736, 13.167866310405955 ] ] ], [ [ [ 77.286056908038944, 13.162494483969878 ], [ 77.286145197033051, 13.163158034890706 ], [ 77.286141654441366, 13.163412193452729 ], [ 77.285995426259376, 13.164163883600343 ], [ 77.285867330651485, 13.164793005472303 ], [ 77.285829414973605, 13.164978026877803 ], [ 77.285812720958489, 13.165059312637018 ], [ 77.285712834198819, 13.165536581693493 ], [ 77.285656889833945, 13.166047875112973 ], [ 77.28563084773873, 13.16605256824589 ], [ 77.285106445104162, 13.166085770138787 ], [ 77.28418366160291, 13.16623665993767 ], [ 77.285123652412395, 13.166104235786664 ], [ 77.285645217288973, 13.166081421744813 ], [ 77.285671105222406, 13.166077207090041 ], [ 77.285723516468636, 13.165564470454978 ], [ 77.285820925187807, 13.16508617347751 ], [ 77.285837284133876, 13.16500465214987 ], [ 77.285874528458251, 13.164819028594732 ], [ 77.286001328831887, 13.164187061042725 ], [ 77.286148567508462, 13.163428997759617 ], [ 77.286151726467821, 13.163171754978334 ], [ 77.286059867359612, 13.162501673844602 ], [ 77.286021731552438, 13.162273059743221 ], [ 77.286056908038944, 13.162494483969878 ] ] ], [ [ [ 77.285614066364246, 13.159033439675355 ], [ 77.285610942768116, 13.159028267220414 ], [ 77.285438304054807, 13.159054452123463 ], [ 77.285614066364246, 13.159033439675355 ] ] ], [ [ [ 77.284110838828511, 13.155691176505497 ], [ 77.284133293986201, 13.155707991002858 ], [ 77.284283187395943, 13.155451703055126 ], [ 77.284281216389772, 13.155414661570564 ], [ 77.284110838828511, 13.155691176505497 ] ] ], [ [ [ 77.284251908872122, 13.154652137956433 ], [ 77.284253599100666, 13.154683708510436 ], [ 77.284302517094432, 13.154208140529096 ], [ 77.284297058449141, 13.154169103461507 ], [ 77.284251908872122, 13.154652137956433 ] ] ], [ [ [ 77.284182615822971, 13.152087258277577 ], [ 77.284215344190628, 13.153402253899419 ], [ 77.284237734033695, 13.153636517613066 ], [ 77.284226056233237, 13.153464714803803 ], [ 77.284214483722565, 13.152143370196764 ], [ 77.283956380672663, 13.15083249409264 ], [ 77.283933539347387, 13.150825825527052 ], [ 77.284182615822971, 13.152087258277577 ] ] ], [ [ [ 77.282928572499316, 13.149962733341875 ], [ 77.282928572824773, 13.149962733651629 ], [ 77.282777402743591, 13.149237150518472 ], [ 77.282764500624225, 13.14923533721786 ], [ 77.282928572499316, 13.149962733341875 ] ] ], [ [ [ 77.297660731830902, 13.189619400862579 ], [ 77.297018905258298, 13.190033768776281 ], [ 77.296640335973635, 13.190278488983177 ], [ 77.296573938219893, 13.190304602124883 ], [ 77.296321859579692, 13.190458187008202 ], [ 77.296257465778638, 13.19045824116353 ], [ 77.294615650173114, 13.190642531711026 ], [ 77.294306158978301, 13.190716054803158 ], [ 77.293228749037141, 13.190941238437157 ], [ 77.292993119307553, 13.190998410284099 ], [ 77.29295608881003, 13.190997080998168 ], [ 77.292942926304022, 13.190999759660722 ], [ 77.292800494358474, 13.191016009371717 ], [ 77.292718264055978, 13.191029030042669 ], [ 77.292318982052407, 13.191046854044645 ], [ 77.291475896992438, 13.191284358938624 ], [ 77.291478232703653, 13.191343681892151 ], [ 77.291478835633114, 13.191358998947237 ], [ 77.292327391485159, 13.191112521511215 ], [ 77.292726604269049, 13.191088845446767 ], [ 77.292808876775936, 13.191074810547011 ], [ 77.292951340775588, 13.191056951218107 ], [ 77.292964510353329, 13.191054140564962 ], [ 77.293001515833495, 13.191055060739131 ], [ 77.293237210485458, 13.190995945544042 ], [ 77.294313591676058, 13.190766237670806 ], [ 77.294622717434564, 13.190691990432995 ], [ 77.296261568704296, 13.190504760741016 ], [ 77.296325822534598, 13.190504628320635 ], [ 77.296577907367734, 13.190349826217654 ], [ 77.296644253905498, 13.190323461427095 ], [ 77.297022837370648, 13.190076600442083 ], [ 77.29766459986233, 13.189658128010915 ], [ 77.297777902825061, 13.189584245966 ], [ 77.297762106552625, 13.189554016124337 ], [ 77.297660731830902, 13.189619400862579 ] ] ], [ [ [ 77.297174410067981, 13.187333854759391 ], [ 77.297208907211527, 13.187745574884993 ], [ 77.297247680778867, 13.18838100862393 ], [ 77.296992080997853, 13.188709873812359 ], [ 77.297012326948547, 13.188727234710287 ], [ 77.297254535590355, 13.188412520846232 ], [ 77.297216272167205, 13.187772963011733 ], [ 77.297181889750775, 13.187358521112483 ], [ 77.297164070047614, 13.187143734494907 ], [ 77.297158556084824, 13.18714410236772 ], [ 77.297174410067981, 13.187333854759391 ] ] ], [ [ [ 77.292417190293492, 13.188802912951619 ], [ 77.292283831186239, 13.188834898607027 ], [ 77.291958726037009, 13.188912832407578 ], [ 77.291208653990495, 13.189134618174613 ], [ 77.29122174000841, 13.189230827580957 ], [ 77.291981045967233, 13.188993382539158 ], [ 77.292305826927446, 13.188909548339478 ], [ 77.292406580790029, 13.188883541246971 ], [ 77.292417190293492, 13.188802912951619 ] ] ] ] } }
]
}
