{
"type": "FeatureCollection",
"name": "police_station_boundary.writing_20260805_172659",
"crs": { "type": "name", "properties": { "name": "urn:ogc:def:crs:OGC:1.3:CRS84" } },
"features": [
{ "type": "Feature", "properties": { "Shape.STArea()": 572808758.87117326, "Shape.STLength()": 140469.76078802289, "OBJECTID": 347, "KGISPS_BOUNDID": 447, "PS_BOUNDName": "Aigali PS", "PS_BOUNDCode": "PSB - 447", "KGISPS_SUB_DIVID": 7, "_source_layer": "Police Station Boundary", "_source_layer_url": "https://kgis.ksrsac.in/kgismaps/rest/services/Home/Home_Department/MapServer/82", "_police_station": "Aigali PS" }, "geometry": { "type": "Polygon", "coordinates": [ [ [ 75.289633449147587, 16.957078728053528 ], [ 75.288959073091291, 16.957159515200082 ], [ 75.288284323572739, 16.9572280006177 ], [ 75.287607901360715, 16.957312949793899 ], [ 75.286931540788345, 16.957399946806241 ], [ 75.286255180495274, 16.95748694068082 ], [ 75.286151926391, 16.957485137449954 ], [ 75.285669295889264, 16.957476708005856 ], [ 75.28513143706202, 16.957461616538602 ], [ 75.284803380604885, 16.957403505856956 ], [ 75.28417009840922, 16.957263465498958 ], [ 75.283524913657715, 16.957160727608905 ], [ 75.282879730514466, 16.957057987666634 ], [ 75.282179021055597, 16.956971737262034 ], [ 75.281574860890757, 16.956947327871958 ], [ 75.280936136761468, 16.956914129061893 ], [ 75.280442573812735, 16.956903021166976 ], [ 75.279517963451383, 16.956864471316511 ], [ 75.279604010543721, 16.956536205252483 ], [ 75.279804018219139, 16.955973094105367 ], [ 75.279907642785489, 16.955681342357973 ], [ 75.280004024724278, 16.955409980941081 ], [ 75.280203966934479, 16.954844831959097 ], [ 75.280351354283198, 16.954460897463122 ], [ 75.280417166571198, 16.954289461565295 ], [ 75.280567055021407, 16.95391491822048 ], [ 75.280634700813891, 16.953460283964635 ], [ 75.280652793410511, 16.953227567007051 ], [ 75.280645744551904, 16.952675062573174 ], [ 75.280637534346013, 16.952488671227471 ], [ 75.280621431819313, 16.952123101608869 ], [ 75.280575601117405, 16.951573859432223 ], [ 75.280568651724508, 16.951464878811162 ], [ 75.280540559902676, 16.951024276966095 ], [ 75.280481295903286, 16.950510301793482 ], [ 75.280477526274652, 16.950477615611764 ], [ 75.28037540132793, 16.949924029386867 ], [ 75.280251759110428, 16.949373160953336 ], [ 75.280149882344048, 16.948827726023051 ], [ 75.280117173027591, 16.948607235922438 ], [ 75.280069772705872, 16.948287721917968 ], [ 75.279993669917488, 16.947737393658347 ], [ 75.27992623452549, 16.94726325377399 ], [ 75.279915409425755, 16.947187133376719 ], [ 75.279863105823495, 16.946638094856755 ], [ 75.279859216855854, 16.946581108812147 ], [ 75.27984485320448, 16.94623530500828 ], [ 75.279839166712037, 16.94609835975746 ], [ 75.279860172118219, 16.945544970338471 ], [ 75.279862262052546, 16.945471479898515 ], [ 75.27987355735867, 16.945184924698953 ], [ 75.279881178366608, 16.944991580887958 ], [ 75.279848296955251, 16.944441929862474 ], [ 75.279800126035809, 16.943886641915892 ], [ 75.279765108235637, 16.943493733399446 ], [ 75.279752633774976, 16.943353767361117 ], [ 75.279671969163815, 16.942795425976126 ], [ 75.279591677181585, 16.942249308141918 ], [ 75.279524736735453, 16.941617232440528 ], [ 75.27953548653241, 16.941542256684723 ], [ 75.279560937014836, 16.941165219113099 ], [ 75.279566962473268, 16.940616379652042 ], [ 75.279573047282739, 16.94006957849064 ], [ 75.27958573068922, 16.939526648933189 ], [ 75.279598475285098, 16.938985756769675 ], [ 75.279622132667967, 16.938448600137271 ], [ 75.279654297849831, 16.937907095576644 ], [ 75.279667879281178, 16.93752468204201 ], [ 75.27967351545297, 16.937365998310266 ], [ 75.279701487660333, 16.936828704610704 ], [ 75.279737844155406, 16.936282989038524 ], [ 75.279743051951797, 16.936136348315738 ], [ 75.279757060491363, 16.935741892589736 ], [ 75.279776277681378, 16.935200796110916 ], [ 75.279795493847203, 16.934659699604616 ], [ 75.279823279841452, 16.934116293490149 ], [ 75.279831035013828, 16.934030393899366 ], [ 75.279872581807254, 16.933570168624868 ], [ 75.279921883512387, 16.933024042818857 ], [ 75.279956079874054, 16.93247839506693 ], [ 75.279998460295701, 16.932080597288731 ], [ 75.280014074335028, 16.931934036257946 ], [ 75.280072068484742, 16.931389675600627 ], [ 75.280125745419411, 16.930845452796248 ], [ 75.28016641389506, 16.930299598975104 ], [ 75.280182887053328, 16.930066131687159 ], [ 75.28018831861813, 16.929989153629244 ], [ 75.280204924191551, 16.929753814970901 ], [ 75.280254574677102, 16.929138059710098 ], [ 75.280228123302621, 16.928668021876714 ], [ 75.280215618928892, 16.928446985649554 ], [ 75.280197832044308, 16.928132565738728 ], [ 75.280167602219223, 16.927599146990186 ], [ 75.280148137296109, 16.927164047195461 ], [ 75.280091462465791, 16.926282905102653 ], [ 75.280066739164795, 16.925727865188577 ], [ 75.2800053888853, 16.924742709717819 ], [ 75.280026173516433, 16.923712084931704 ], [ 75.280103065806571, 16.923587269406823 ], [ 75.280219458487835, 16.923259304166997 ], [ 75.280435206793754, 16.92271812470522 ], [ 75.280650953891083, 16.922176946813519 ], [ 75.28087742511515, 16.92163339011643 ], [ 75.281099395579361, 16.921083856080596 ], [ 75.281301025126652, 16.920575754426363 ], [ 75.281355755133163, 16.920457771148897 ], [ 75.281372986172158, 16.920375666718702 ], [ 75.281445377987041, 16.920030708197384 ], [ 75.281535726176429, 16.91948532670715 ], [ 75.281571531911737, 16.919223285650702 ], [ 75.281609060771771, 16.918948639298332 ], [ 75.281630505523253, 16.918872496933112 ], [ 75.281703166823462, 16.918384782044878 ], [ 75.281715280211785, 16.917823510888443 ], [ 75.281725484481782, 16.917270459264518 ], [ 75.281731602957194, 16.917140708260245 ], [ 75.281751102545272, 16.916727118339413 ], [ 75.281785102063168, 16.9161753554583 ], [ 75.281780275760426, 16.916016420021048 ], [ 75.281784667878327, 16.915985617189946 ], [ 75.281836362017629, 16.915623048087287 ], [ 75.281905006635597, 16.915074271065414 ], [ 75.281920782813387, 16.914913505644101 ], [ 75.281958610361059, 16.914528007831088 ], [ 75.282012212865141, 16.913981745463499 ], [ 75.282076540884091, 16.913433104430936 ], [ 75.282085711813963, 16.913308400455431 ], [ 75.282089178765844, 16.913295819875454 ], [ 75.282205347537257, 16.9128742691281 ], [ 75.28237132938655, 16.912330578781738 ], [ 75.282439234464789, 16.912077565198121 ], [ 75.282450693706977, 16.912057007035866 ], [ 75.282608199996076, 16.911774451415319 ], [ 75.282958259568062, 16.911168150608621 ], [ 75.283300606035453, 16.910580273411213 ], [ 75.283611672212132, 16.910058500826612 ], [ 75.283909345423226, 16.909515987958162 ], [ 75.284748439018983, 16.909128940514073 ], [ 75.285507661063519, 16.908763661651292 ], [ 75.285628129469657, 16.908691146515707 ], [ 75.286307308992534, 16.908206231503648 ], [ 75.287079004063983, 16.907637172863932 ], [ 75.287329749763543, 16.907423985093516 ], [ 75.287638634367141, 16.907152942735294 ], [ 75.287719952162774, 16.907081584228692 ], [ 75.28799076393959, 16.906839505111513 ], [ 75.288360353480684, 16.906508515532142 ], [ 75.288759349850082, 16.906078730490258 ], [ 75.289270047166696, 16.90555512729571 ], [ 75.28960434488296, 16.904983081957212 ], [ 75.289809092967047, 16.904702425500933 ], [ 75.289062953393014, 16.902672680665155 ], [ 75.288210014195457, 16.900276830489382 ], [ 75.287495907917204, 16.898164335226035 ], [ 75.287161543374012, 16.897160446894073 ], [ 75.286483089784056, 16.89481147410315 ], [ 75.285727113514241, 16.892114544915039 ], [ 75.285296756037809, 16.890615994951077 ], [ 75.285009712714924, 16.889446953984702 ], [ 75.284522906525041, 16.887870161670786 ], [ 75.284183116435955, 16.886613067535972 ], [ 75.283925604120455, 16.885280089047978 ], [ 75.283604803817127, 16.883631577807122 ], [ 75.283543617049375, 16.883358677742368 ], [ 75.283369505037825, 16.882956139329124 ], [ 75.28283780164378, 16.881715075135965 ], [ 75.282570920879749, 16.881166567462781 ], [ 75.282539612126982, 16.881081776150591 ], [ 75.282511589537165, 16.881005888790742 ], [ 75.281467412552672, 16.87967635477639 ], [ 75.281247247437989, 16.879393321835998 ], [ 75.281072571879477, 16.879175831806105 ], [ 75.280877440602012, 16.878942271090999 ], [ 75.280679440638465, 16.878715050842146 ], [ 75.280484572048877, 16.878484525759831 ], [ 75.280289702997507, 16.8782540022892 ], [ 75.280094835358014, 16.878023477715807 ], [ 75.279899967255403, 16.877792953850129 ], [ 75.279705100564655, 16.877562428881731 ], [ 75.279687098291078, 16.877540236903997 ], [ 75.279512037223128, 16.877324437286589 ], [ 75.279319145185752, 16.877089603689011 ], [ 75.279313508020763, 16.877083000735087 ], [ 75.279126762320985, 16.876864247191687 ], [ 75.279020816114283, 16.87673760065011 ], [ 75.278983321298142, 16.876692780174231 ], [ 75.278942363586964, 16.876643817953653 ], [ 75.278763940518544, 16.876411517786778 ], [ 75.278585461890373, 16.876178163515238 ], [ 75.278559362694821, 16.87614403845377 ], [ 75.278406984641492, 16.875944809075186 ], [ 75.278228449960778, 16.875710401436638 ], [ 75.278049860669341, 16.875474941499451 ], [ 75.277866337068588, 16.875250251500063 ], [ 75.277816621948148, 16.875182954198451 ], [ 75.277694517187726, 16.875017661158072 ], [ 75.277516461110793, 16.874771622798558 ], [ 75.277482773600426, 16.874726511224932 ], [ 75.277332908022842, 16.874525824026023 ], [ 75.277137230333423, 16.874300610109216 ], [ 75.276948533689222, 16.874045355298165 ], [ 75.27674990095106, 16.87380750856255 ], [ 75.276536497132383, 16.873531588789213 ], [ 75.276322726736723, 16.873265274722218 ], [ 75.276159167085595, 16.873064665626778 ], [ 75.276109390253652, 16.873007067426265 ], [ 75.275877538311775, 16.872742704453461 ], [ 75.275645686079031, 16.872478342107382 ], [ 75.275424347961092, 16.872206554716364 ], [ 75.275188958610016, 16.87192145436622 ], [ 75.274949815314287, 16.871634196496299 ], [ 75.274709463619672, 16.871346991474422 ], [ 75.274469734912088, 16.871071365919924 ], [ 75.274304197855685, 16.870878966736772 ], [ 75.274241481502244, 16.870783630671177 ], [ 75.274230444733988, 16.870769946858697 ], [ 75.274042079766303, 16.870536418076902 ], [ 75.273820933353932, 16.870268103400168 ], [ 75.273602856344525, 16.869989208068365 ], [ 75.273384655539445, 16.869707995809812 ], [ 75.273162176540382, 16.869437417738201 ], [ 75.27301047226743, 16.869248573265136 ], [ 75.272999691413872, 16.869235153900917 ], [ 75.272809549914939, 16.869069947413568 ], [ 75.272542289145775, 16.86882338218529 ], [ 75.272275029069391, 16.868576816592697 ], [ 75.272011647722351, 16.86833472460356 ], [ 75.271748702032724, 16.868100738379876 ], [ 75.271580295017827, 16.867967659306029 ], [ 75.271548900936367, 16.867960756674407 ], [ 75.271505450704993, 16.867951203324079 ], [ 75.271386409766166, 16.86784556254846 ], [ 75.271208415134623, 16.867692010349003 ], [ 75.27104079675486, 16.867553832354254 ], [ 75.270835646173083, 16.867379993825978 ], [ 75.270505302880721, 16.867132705519023 ], [ 75.27018318002817, 16.8668804123675 ], [ 75.269866794879462, 16.866622066373491 ], [ 75.269551496231429, 16.866361349170838 ], [ 75.2692349874782, 16.866100686387679 ], [ 75.268881766211337, 16.865814152033465 ], [ 75.268528778807905, 16.865532922075012 ], [ 75.268183975146783, 16.865255161027097 ], [ 75.267896156728483, 16.864998516454317 ], [ 75.267864097160142, 16.86496992996009 ], [ 75.267503408329674, 16.864694139214937 ], [ 75.267229617904775, 16.86448479308822 ], [ 75.267142720543049, 16.864418348717113 ], [ 75.266974264329605, 16.864282393915978 ], [ 75.266770028281613, 16.864117562448733 ], [ 75.266386768923468, 16.863818513956517 ], [ 75.266002521824788, 16.863525887728052 ], [ 75.265621003741103, 16.863234417905357 ], [ 75.265495647379169, 16.863138944064577 ], [ 75.265468614211429, 16.863161110677648 ], [ 75.26419118638124, 16.863095154685176 ], [ 75.262725536386569, 16.863546133957826 ], [ 75.262497060443962, 16.863691255171929 ], [ 75.259512748070009, 16.864497073237899 ], [ 75.257803670199323, 16.864493216323705 ], [ 75.256266717236358, 16.86451941733548 ], [ 75.255443239894547, 16.86460076497168 ], [ 75.254572511950713, 16.864602417050218 ], [ 75.253846951690477, 16.864566122008195 ], [ 75.253296472588247, 16.864506348471394 ], [ 75.252790042682562, 16.864547566471177 ], [ 75.251693006407805, 16.864489418816344 ], [ 75.250820735606936, 16.864723294018571 ], [ 75.250366482483813, 16.864690389861458 ], [ 75.249877995083011, 16.864759244465574 ], [ 75.249321468831184, 16.864912124131283 ], [ 75.248401372774083, 16.865168196949213 ], [ 75.246935831954275, 16.865890076375198 ], [ 75.24568183177891, 16.866279961480092 ], [ 75.244670193027801, 16.866460165758127 ], [ 75.244148704105086, 16.866548243546827 ], [ 75.244138722298615, 16.866550049789993 ], [ 75.242030157830087, 16.866931674367937 ], [ 75.237943936328833, 16.867653969927623 ], [ 75.237709467101922, 16.867694561178286 ], [ 75.237099916693865, 16.866117779508503 ], [ 75.236629513297004, 16.864870464337173 ], [ 75.236387189599469, 16.86369442276365 ], [ 75.236056381315379, 16.862324576700487 ], [ 75.234960249129628, 16.859944819623387 ], [ 75.233045088655544, 16.855700593995891 ], [ 75.232795180571301, 16.854935733081035 ], [ 75.2325028993519, 16.853950699394446 ], [ 75.232380060402676, 16.853243832992391 ], [ 75.232314097232305, 16.853047561781874 ], [ 75.23234568344202, 16.853004279595513 ], [ 75.231835239942455, 16.851109247239265 ], [ 75.231207373637886, 16.850187126067521 ], [ 75.231154440308913, 16.850140819669001 ], [ 75.23053571610906, 16.849206304419337 ], [ 75.229575118288835, 16.847687327901749 ], [ 75.228544281019552, 16.845072123389279 ], [ 75.228232686500377, 16.844211628228724 ], [ 75.227992620961274, 16.843446927367818 ], [ 75.227606169664213, 16.843423375782553 ], [ 75.226827325565267, 16.843371639661168 ], [ 75.226095808708465, 16.843304277713351 ], [ 75.223786716542406, 16.843379620625385 ], [ 75.221635649911661, 16.842641072844931 ], [ 75.221119170808606, 16.842463032758367 ], [ 75.220550583556758, 16.842262993342633 ], [ 75.220190132106637, 16.842137907362527 ], [ 75.220052907809418, 16.842090287235429 ], [ 75.220017619895387, 16.842073920826593 ], [ 75.219933972582695, 16.8420440982892 ], [ 75.218432768308034, 16.8420680411995 ], [ 75.217489144341613, 16.841903283026255 ], [ 75.214859701962624, 16.842011996527674 ], [ 75.213022559128916, 16.842107017906581 ], [ 75.212043363790073, 16.842193810291601 ], [ 75.210333983776621, 16.842344536113739 ], [ 75.208876780880445, 16.842523702160662 ], [ 75.207124228069233, 16.842588284816365 ], [ 75.206357688750472, 16.84257460852826 ], [ 75.205797200575034, 16.842577356811709 ], [ 75.203222968712481, 16.842780853750359 ], [ 75.200734351925774, 16.842837148980053 ], [ 75.200453723874389, 16.842847880181644 ], [ 75.198446568652386, 16.842870009881363 ], [ 75.197953348143258, 16.842870887317048 ], [ 75.197445430047708, 16.842863956602432 ], [ 75.196964159860414, 16.842862056751766 ], [ 75.19696131376817, 16.842862055865918 ], [ 75.196289300876359, 16.842861845118854 ], [ 75.195928526263117, 16.842820199630985 ], [ 75.19526109220854, 16.842820729630855 ], [ 75.194473446615291, 16.842814986646783 ], [ 75.193685949331865, 16.842805533342855 ], [ 75.193142346366812, 16.842794834410636 ], [ 75.193114414881649, 16.842793914230416 ], [ 75.192898824753144, 16.842786812839908 ], [ 75.192157589656873, 16.84273822730216 ], [ 75.191416353972457, 16.842689640893362 ], [ 75.191256376066463, 16.842686013197468 ], [ 75.190691313078958, 16.842673194402451 ], [ 75.18996858541405, 16.84264755079397 ], [ 75.189467838980732, 16.842625897949361 ], [ 75.189251902420779, 16.842616560253632 ], [ 75.188848664867081, 16.84265470728073 ], [ 75.188699068645136, 16.842668858972274 ], [ 75.1885526880301, 16.842682706582071 ], [ 75.1878627276717, 16.842760324226997 ], [ 75.187171497119991, 16.842821191153536 ], [ 75.186483922232057, 16.842887758262332 ], [ 75.18618574550419, 16.842910193156492 ], [ 75.186151537765795, 16.842913858109196 ], [ 75.185865894748289, 16.842944466577546 ], [ 75.185792540399305, 16.842952326947213 ], [ 75.185197792297018, 16.843029726543172 ], [ 75.184597595757467, 16.843097646727578 ], [ 75.184014339259974, 16.843179177250349 ], [ 75.183418246144541, 16.843241676471575 ], [ 75.182821034107633, 16.843331970073386 ], [ 75.181982122450293, 16.843450703506541 ], [ 75.18189022792356, 16.843463707108789 ], [ 75.181846210302794, 16.842903709093605 ], [ 75.181808591862819, 16.84248027911309 ], [ 75.181807253792641, 16.842314629617182 ], [ 75.181689346408902, 16.841884236001764 ], [ 75.181643529475906, 16.841716988762624 ], [ 75.18145272995838, 16.841045329683975 ], [ 75.181404328606334, 16.840944400444268 ], [ 75.181218549885742, 16.840666441509249 ], [ 75.181027127890957, 16.840380038005744 ], [ 75.180924395249932, 16.840226331512703 ], [ 75.180835704594585, 16.840093631600027 ], [ 75.180528287360417, 16.839633673460312 ], [ 75.18016841075891, 16.838650065694608 ], [ 75.180150464036672, 16.838601015099762 ], [ 75.179902858965576, 16.837628510172681 ], [ 75.179725994667123, 16.836933847275375 ], [ 75.179346052344229, 16.835441543174205 ], [ 75.179093907421517, 16.834874930541105 ], [ 75.179054627552034, 16.834786661790297 ], [ 75.178389615484321, 16.83398309946995 ], [ 75.177917744102061, 16.833339421211846 ], [ 75.177454808722075, 16.832246007361569 ], [ 75.177356712430978, 16.83203348105355 ], [ 75.177263528708224, 16.83183157386372 ], [ 75.177133486635299, 16.83163122791689 ], [ 75.176312528585171, 16.830928852652132 ], [ 75.175669288894639, 16.830335403758724 ], [ 75.175548443520682, 16.830223912398875 ], [ 75.175452529664412, 16.830230344684754 ], [ 75.17358748736244, 16.830363482090949 ], [ 75.172757630505146, 16.830528430384962 ], [ 75.172386767214832, 16.830615111339473 ], [ 75.172202668777558, 16.83063873629758 ], [ 75.171861513331237, 16.830706543706867 ], [ 75.170881972103516, 16.830808209905904 ], [ 75.170107873336946, 16.830888550449853 ], [ 75.169721941031469, 16.830957061220467 ], [ 75.169248469855916, 16.831017812333496 ], [ 75.167897008160594, 16.830919018363723 ], [ 75.16786168911085, 16.830916436566227 ], [ 75.167336836532357, 16.830933951465482 ], [ 75.167166562095588, 16.830908280920596 ], [ 75.16673090666869, 16.830842600145033 ], [ 75.166569684994116, 16.830840041607949 ], [ 75.166540747546549, 16.830839435904352 ], [ 75.166243436842393, 16.830833207888123 ], [ 75.164667617489187, 16.830779398148461 ], [ 75.163827320426549, 16.830750699084142 ], [ 75.163104180586572, 16.830665558461011 ], [ 75.161866080814917, 16.83052004159229 ], [ 75.161856346084591, 16.83051864359248 ], [ 75.161719605514378, 16.830498994163143 ], [ 75.160866215760493, 16.830376353945958 ], [ 75.160115462827619, 16.830295099702141 ], [ 75.159456984284716, 16.830209940109388 ], [ 75.159139525901978, 16.83015725624875 ], [ 75.158902285084864, 16.830117884971486 ], [ 75.157540171729067, 16.829891829293825 ], [ 75.157084973868223, 16.829822532552917 ], [ 75.155692490197239, 16.829610539067883 ], [ 75.15444166040885, 16.829517816646351 ], [ 75.15435987502606, 16.829507852200567 ], [ 75.152963548005843, 16.829337721153479 ], [ 75.151945372950067, 16.829339116577206 ], [ 75.150667371267829, 16.829340863059723 ], [ 75.149170151189224, 16.829287581778523 ], [ 75.148936428309398, 16.829306755422095 ], [ 75.148628037320876, 16.829332052962869 ], [ 75.14830087692269, 16.829358889485366 ], [ 75.146761544157641, 16.829573746826956 ], [ 75.146183121686789, 16.829617739413209 ], [ 75.144362655965182, 16.82975619088085 ], [ 75.143340562000276, 16.829737155640508 ], [ 75.142393049589131, 16.829856803683693 ], [ 75.142163628776373, 16.829958919234851 ], [ 75.141935809413297, 16.830060318385975 ], [ 75.140798053096702, 16.830427621144715 ], [ 75.139911030388348, 16.830713972113028 ], [ 75.139842927562199, 16.830710391757474 ], [ 75.138914099056066, 16.830661577506302 ], [ 75.137420605547561, 16.830481358884619 ], [ 75.135143099612336, 16.830206512067164 ], [ 75.13427764869418, 16.830096473578681 ], [ 75.131931534279346, 16.82979815715851 ], [ 75.130837696900912, 16.829982310529378 ], [ 75.130555407429881, 16.83002983449996 ], [ 75.130540052230813, 16.83003083771651 ], [ 75.130416012063108, 16.830038941909667 ], [ 75.13023139974861, 16.828889185510558 ], [ 75.130128428675206, 16.828412191545318 ], [ 75.130058802645081, 16.828089662745054 ], [ 75.129881478381378, 16.827268226946313 ], [ 75.129822145773247, 16.82711903827078 ], [ 75.129837207360708, 16.826869207196548 ], [ 75.129985503019284, 16.825570139967802 ], [ 75.129894263274807, 16.824499582699222 ], [ 75.129887880482102, 16.824424695660156 ], [ 75.129881358613218, 16.824348182468984 ], [ 75.129626221203225, 16.823093550275782 ], [ 75.129570727640171, 16.823023927254397 ], [ 75.129477115539416, 16.821251888588762 ], [ 75.12944116551985, 16.821197222928198 ], [ 75.129421517865097, 16.820911825246569 ], [ 75.129273342741129, 16.818759102181126 ], [ 75.128998517397164, 16.818057871699583 ], [ 75.128948351534817, 16.817943291646824 ], [ 75.128255575420056, 16.816276499446737 ], [ 75.127726752751641, 16.815004154683198 ], [ 75.127612384645985, 16.814503034344181 ], [ 75.127383833139987, 16.813913838614049 ], [ 75.127268294695455, 16.813251409006728 ], [ 75.127158982721696, 16.812624677714833 ], [ 75.12696794170887, 16.811529321080634 ], [ 75.126878818594506, 16.811018340323901 ], [ 75.126510332614444, 16.809383030139127 ], [ 75.126012451736642, 16.808576548933758 ], [ 75.125848973029193, 16.808311737904766 ], [ 75.125823378480675, 16.808274349995834 ], [ 75.125810887931095, 16.808256103769622 ], [ 75.125669973917553, 16.808050255596083 ], [ 75.125654103365292, 16.808027069420611 ], [ 75.125606427860333, 16.807957431376007 ], [ 75.124368984878927, 16.806149739465294 ], [ 75.124279219082212, 16.806035159440292 ], [ 75.123635701626142, 16.804724076109256 ], [ 75.123271692093326, 16.803982448509679 ], [ 75.122842475117523, 16.803107957391354 ], [ 75.12278951138866, 16.802867271596973 ], [ 75.122615483267808, 16.802000618551229 ], [ 75.122709767779838, 16.800801002315666 ], [ 75.12254737583423, 16.800324111688472 ], [ 75.122544355296583, 16.799798343285698 ], [ 75.122478876968444, 16.799306790269014 ], [ 75.122415122193487, 16.798737921357439 ], [ 75.122387771746119, 16.798493894402291 ], [ 75.122343862225463, 16.798102101532621 ], [ 75.122318524265737, 16.797876014468049 ], [ 75.122316453103167, 16.797817455554323 ], [ 75.122307526845361, 16.797725807239615 ], [ 75.122295158188621, 16.797598801239069 ], [ 75.122283468659148, 16.797444886327192 ], [ 75.122269886454774, 16.79737481223415 ], [ 75.122254189493205, 16.79729383569709 ], [ 75.122229289847439, 16.7971510664504 ], [ 75.122211231446272, 16.797037348574595 ], [ 75.122206512807608, 16.796961002883958 ], [ 75.122195521027407, 16.796880986274434 ], [ 75.122132493545308, 16.796277146576706 ], [ 75.122131414475788, 16.796270054659452 ], [ 75.122129016962361, 16.796254297153201 ], [ 75.121947629071258, 16.795062388507649 ], [ 75.121869036834283, 16.794081806997596 ], [ 75.121869399264838, 16.794040919255696 ], [ 75.121871947231995, 16.793752755185135 ], [ 75.121581701979949, 16.793686471348181 ], [ 75.121521548052129, 16.793623698933768 ], [ 75.121204194307381, 16.790477884308462 ], [ 75.121111733774242, 16.790247127625783 ], [ 75.121105466302268, 16.789231925857507 ], [ 75.12126024443846, 16.787546424459784 ], [ 75.121268722609486, 16.787454095006812 ], [ 75.121314004267489, 16.787117581956974 ], [ 75.121387994203403, 16.786567716385196 ], [ 75.121357717745724, 16.786448672075185 ], [ 75.121374617038143, 16.785330769584778 ], [ 75.121374682808991, 16.785326466638764 ], [ 75.121386110067888, 16.784570451727937 ], [ 75.121455304491704, 16.783048686662649 ], [ 75.121470247104583, 16.781785511164216 ], [ 75.121487829078262, 16.780299094320252 ], [ 75.121310573738555, 16.779868548047283 ], [ 75.121298035521846, 16.77983809245741 ], [ 75.12127785934976, 16.779789085517553 ], [ 75.120966089565826, 16.77903180392088 ], [ 75.120943667400923, 16.778977339171128 ], [ 75.120631500644123, 16.778419531468106 ], [ 75.120451978038403, 16.777963486419523 ], [ 75.120130557265384, 16.77707236047927 ], [ 75.12011419279095, 16.777026990581291 ], [ 75.11992951789513, 16.776360784242211 ], [ 75.119769603673802, 16.77543967997056 ], [ 75.119800363493965, 16.775239780997303 ], [ 75.120843355895389, 16.775292858052691 ], [ 75.12266008891649, 16.774664870360269 ], [ 75.124333299707118, 16.773937156511515 ], [ 75.126045557288393, 16.773192441268115 ], [ 75.126066466647401, 16.773162887543762 ], [ 75.126180148615987, 16.772994531638147 ], [ 75.126422790097607, 16.772635193760856 ], [ 75.126625597913616, 16.772313794508154 ], [ 75.126678649979766, 16.77226873229451 ], [ 75.126693415836343, 16.772256189631118 ], [ 75.126962560167968, 16.772027580963783 ], [ 75.127243479316476, 16.772133673375745 ], [ 75.127768748466423, 16.772040820440878 ], [ 75.128279938751831, 16.771924902827838 ], [ 75.128684965758239, 16.771832610512085 ], [ 75.129136428937514, 16.771733558232917 ], [ 75.129668754765092, 16.770307074430491 ], [ 75.129684364666744, 16.770257005286606 ], [ 75.129826749385131, 16.769693804525613 ], [ 75.129915642587861, 16.769291450590579 ], [ 75.130045299183138, 16.768752693862751 ], [ 75.130092535058665, 16.768556404218575 ], [ 75.130133510150841, 16.768368080710061 ], [ 75.130155998935734, 16.768264705295689 ], [ 75.130174605808364, 16.768179171339611 ], [ 75.130261705540946, 16.767789411591242 ], [ 75.13041202808499, 16.767100064844335 ], [ 75.130488937927268, 16.766740877466219 ], [ 75.130547014674008, 16.766400988249817 ], [ 75.130616301258215, 16.766006195400877 ], [ 75.130687282687092, 16.765606699874539 ], [ 75.130753379895637, 16.765207129666038 ], [ 75.130801690533346, 16.764800954524226 ], [ 75.130905317673609, 16.764206976255863 ], [ 75.130941891981536, 16.763944106409074 ], [ 75.13096950075635, 16.763745679299724 ], [ 75.130984779443523, 16.76359542735285 ], [ 75.13100564840849, 16.763390241886249 ], [ 75.131049583507021, 16.762960412407139 ], [ 75.131118294339615, 16.762173566185009 ], [ 75.131167700470897, 16.761712807303933 ], [ 75.13121208234044, 16.76125139259188 ], [ 75.131224832832203, 16.761118815796635 ], [ 75.131247487020332, 16.76058409083473 ], [ 75.131253715691301, 16.760319132090679 ], [ 75.131269152488343, 16.760148380556462 ], [ 75.131343847903125, 16.759322169408005 ], [ 75.13142273131534, 16.758411460132258 ], [ 75.131435143876317, 16.758268193106332 ], [ 75.131462356296424, 16.757380991955394 ], [ 75.131479155155077, 16.756833282210554 ], [ 75.131479944223628, 16.756779977958203 ], [ 75.131481801495042, 16.756653560485343 ], [ 75.131484834985073, 16.756447371045404 ], [ 75.131493881598857, 16.755832396937453 ], [ 75.131506455467402, 16.754845020126378 ], [ 75.131423172273998, 16.754586679322959 ], [ 75.131137067244637, 16.753699246969212 ], [ 75.13102250699059, 16.753375507916179 ], [ 75.130787563043413, 16.75271155381451 ], [ 75.130617111169542, 16.752229852313246 ], [ 75.130589853390646, 16.752152822896594 ], [ 75.13055294009996, 16.752045370891302 ], [ 75.130179480354883, 16.750958249911569 ], [ 75.130045438393964, 16.750543665790353 ], [ 75.130010034889551, 16.750434165212543 ], [ 75.129952986082671, 16.750297914275016 ], [ 75.129544487032987, 16.749322292183365 ], [ 75.129207835972849, 16.748518257426007 ], [ 75.129119225748823, 16.747686272469181 ], [ 75.129095823916558, 16.747466547916058 ], [ 75.129075836363214, 16.747269179238963 ], [ 75.129070565104342, 16.74721712802662 ], [ 75.129050826961759, 16.747022235174217 ], [ 75.129043259637598, 16.746947503752651 ], [ 75.128945473450614, 16.745981886033793 ], [ 75.128862525412814, 16.745188350516472 ], [ 75.128868134351222, 16.744900087332226 ], [ 75.12888854781194, 16.743851151158815 ], [ 75.128848035143051, 16.743531292051934 ], [ 75.128911697014644, 16.742661564506886 ], [ 75.128988262690982, 16.741615516483861 ], [ 75.128988813975283, 16.741607995061425 ], [ 75.129030109459947, 16.741043799801893 ], [ 75.129096633531503, 16.740623228677936 ], [ 75.128809220634807, 16.739911340110385 ], [ 75.128581292930619, 16.739336128650208 ], [ 75.128346140929636, 16.738761147382828 ], [ 75.127992782629633, 16.737919501094424 ], [ 75.127850853837217, 16.737581448635687 ], [ 75.126916063916767, 16.736542604609006 ], [ 75.126456003855779, 16.736026472351668 ], [ 75.126155606937388, 16.735675586049712 ], [ 75.126007781912122, 16.735502914678964 ], [ 75.125559339867948, 16.735017717267901 ], [ 75.125533341990149, 16.734989586864472 ], [ 75.125313768389972, 16.734741682656839 ], [ 75.12510767807477, 16.734293237323822 ], [ 75.124959045653384, 16.733976943678201 ], [ 75.124795400698844, 16.733632133101633 ], [ 75.124683639522303, 16.733396644204493 ], [ 75.124680135424938, 16.733389263543408 ], [ 75.124524383534222, 16.73305366581053 ], [ 75.124503981405198, 16.732770119632175 ], [ 75.124451023118752, 16.732158789430635 ], [ 75.124426459702207, 16.731738034717655 ], [ 75.124419408126485, 16.731617241460597 ], [ 75.124402216245187, 16.731353342135744 ], [ 75.124380474540587, 16.730778595949111 ], [ 75.124334398205292, 16.73015530274029 ], [ 75.124309000818172, 16.729824940695707 ], [ 75.124264026162137, 16.72952573784352 ], [ 75.124140661794968, 16.728897862628369 ], [ 75.124053566561827, 16.728273528996933 ], [ 75.124040440381251, 16.728115494574055 ], [ 75.12402943211373, 16.727982970012707 ], [ 75.124024422460408, 16.727652044191395 ], [ 75.124055774212607, 16.727038024227383 ], [ 75.12408471674685, 16.726424080700532 ], [ 75.124116067194933, 16.725810059753705 ], [ 75.12414741839514, 16.725196039670458 ], [ 75.124155253705169, 16.724978934869327 ], [ 75.124158705967588, 16.724883297418629 ], [ 75.124176523215965, 16.72451043312309 ], [ 75.124200207046954, 16.723958920370524 ], [ 75.124243600803268, 16.723344515065016 ], [ 75.124277358357375, 16.722730417439767 ], [ 75.124294183047624, 16.722317539090348 ], [ 75.124300453957886, 16.722163634948913 ], [ 75.124303778112278, 16.72208618376817 ], [ 75.124333911704639, 16.721384184553937 ], [ 75.124335875626727, 16.721358891886428 ], [ 75.124646840932513, 16.72142738063906 ], [ 75.125542528074973, 16.721624660378268 ], [ 75.125672723848709, 16.721653080038426 ], [ 75.125841994238982, 16.721564532768404 ], [ 75.126181711041681, 16.721470376132434 ], [ 75.126596700369333, 16.721448004704936 ], [ 75.127395618434164, 16.721680078225717 ], [ 75.127916492208314, 16.72152232516385 ], [ 75.128483687750432, 16.720593527806166 ], [ 75.129098333275024, 16.720308612399268 ], [ 75.130012644196327, 16.719469816975117 ], [ 75.13026748555734, 16.719456424080416 ], [ 75.130430843734985, 16.71948229142334 ], [ 75.130738799185892, 16.719507365730607 ], [ 75.130806059193361, 16.719685644502473 ], [ 75.131295188249069, 16.719856669731598 ], [ 75.131695996060074, 16.719996811464146 ], [ 75.132179265999824, 16.720165786290153 ], [ 75.132760716097636, 16.720200828715246 ], [ 75.132775274851767, 16.720203072978151 ], [ 75.132971054001231, 16.720339660135885 ], [ 75.133063680348656, 16.720404281912423 ], [ 75.133111787095729, 16.720437843638337 ], [ 75.133370645176498, 16.720618437880049 ], [ 75.134021415808135, 16.721037590744558 ], [ 75.134168036045935, 16.721096270405852 ], [ 75.134732688015404, 16.721322246310304 ], [ 75.135001066990014, 16.721331267321379 ], [ 75.135118200659861, 16.721335202619329 ], [ 75.136490595517444, 16.721367672865703 ], [ 75.13692316226556, 16.72129024129277 ], [ 75.137474667869029, 16.721191518805885 ], [ 75.138573268482261, 16.721016374404854 ], [ 75.13880629724963, 16.720960651441384 ], [ 75.139989858305952, 16.720209991333991 ], [ 75.140307642426521, 16.719812805973007 ], [ 75.140494344746742, 16.71969930682814 ], [ 75.141374252369275, 16.718929679767982 ], [ 75.141553690431607, 16.718462360676412 ], [ 75.141579412952154, 16.718419764821032 ], [ 75.141751412144899, 16.71812403458285 ], [ 75.141930535306969, 16.717829346110868 ], [ 75.142239221588454, 16.717562558211959 ], [ 75.142564495673213, 16.717295535128393 ], [ 75.142831354283004, 16.717102795572114 ], [ 75.142938321091307, 16.717025537325163 ], [ 75.143444311558454, 16.716800552932895 ], [ 75.143683654818403, 16.716672620337441 ], [ 75.143809077658986, 16.71660558002754 ], [ 75.143883013242686, 16.71650791166843 ], [ 75.144100173815531, 16.716221831424502 ], [ 75.144322105464525, 16.715937969594727 ], [ 75.144548489616312, 16.715720367768078 ], [ 75.144798253709013, 16.715566467978704 ], [ 75.144902097787849, 16.715482798990688 ], [ 75.14504093641375, 16.715370932941266 ], [ 75.145277147332251, 16.71526639383082 ], [ 75.145639143424347, 16.715129772299623 ], [ 75.145843971035646, 16.714983367949454 ], [ 75.146170339085316, 16.71476343384068 ], [ 75.146182505599299, 16.714758379235196 ], [ 75.146625379768764, 16.714574380975726 ], [ 75.146729565794232, 16.714539746185203 ], [ 75.147082322580601, 16.714443728130171 ], [ 75.147565763585121, 16.714354163741593 ], [ 75.147596576441629, 16.714308496304653 ], [ 75.14754704913247, 16.714108518497621 ], [ 75.147534796062132, 16.714078960849406 ], [ 75.147483217903954, 16.713814977450852 ], [ 75.147414844252168, 16.713667291875527 ], [ 75.147422941114371, 16.713521386833204 ], [ 75.147458966545628, 16.713353479847104 ], [ 75.147554366403568, 16.713298655145831 ], [ 75.147956971787693, 16.713088857041836 ], [ 75.147963466285077, 16.713010230749756 ], [ 75.147982017924065, 16.713000285469867 ], [ 75.148042845145014, 16.712476402254389 ], [ 75.148102230944943, 16.711948526255988 ], [ 75.148102792766423, 16.71186330877984 ], [ 75.148189436425952, 16.711836985241483 ], [ 75.148833698140066, 16.711722418795855 ], [ 75.149231123420861, 16.71167648868915 ], [ 75.149545018656127, 16.711640214879157 ], [ 75.149847512462799, 16.711553020562935 ], [ 75.150116680138055, 16.711486161478398 ], [ 75.150357115325463, 16.711396426090356 ], [ 75.150565744065503, 16.711318563830869 ], [ 75.150738932665462, 16.71131496365545 ], [ 75.150960242289898, 16.711279752267419 ], [ 75.151149755150072, 16.711295881796858 ], [ 75.151476382752278, 16.711222077968575 ], [ 75.15187078450856, 16.711132957481684 ], [ 75.152395829485755, 16.711014313716056 ], [ 75.152959273354028, 16.710816765458691 ], [ 75.153295208589924, 16.710636128843621 ], [ 75.153479392310999, 16.710478945986104 ], [ 75.153675551959921, 16.710425319166287 ], [ 75.153896396046406, 16.71046314819036 ], [ 75.15422505961341, 16.710631259196447 ], [ 75.154462748728875, 16.710801296231747 ], [ 75.154673490102212, 16.710856987331621 ], [ 75.15487422188265, 16.710779048903348 ], [ 75.155274975080147, 16.710623448614747 ], [ 75.155753666107714, 16.710437585160982 ], [ 75.156113703082738, 16.710439708282284 ], [ 75.156480367971014, 16.710393170978076 ], [ 75.15683470738891, 16.710297863746401 ], [ 75.156846417447625, 16.710287064084387 ], [ 75.157018968317544, 16.710223012874675 ], [ 75.156898387096859, 16.709991590332162 ], [ 75.156837900642643, 16.709536594698008 ], [ 75.156661422541987, 16.709236986673517 ], [ 75.156642036190917, 16.708963184723796 ], [ 75.156762314128827, 16.708502469044564 ], [ 75.157145517828852, 16.70766330405521 ], [ 75.157508198546026, 16.70746865575228 ], [ 75.158117660208489, 16.707221172426017 ], [ 75.158630233308685, 16.707077167664263 ], [ 75.159175061925879, 16.706963353172537 ], [ 75.15980327711307, 16.706783232961467 ], [ 75.160367595517968, 16.706621430698569 ], [ 75.160981502921203, 16.706412416942491 ], [ 75.161471772825394, 16.706082797926651 ], [ 75.161632680999162, 16.705875646873245 ], [ 75.161828234565505, 16.705385964689388 ], [ 75.161921719305099, 16.704705685290168 ], [ 75.161908845022381, 16.704142396934781 ], [ 75.161969558522898, 16.703448352904744 ], [ 75.162041074778571, 16.702901394746554 ], [ 75.16214799503976, 16.702322977473496 ], [ 75.162212199339734, 16.701818953046107 ], [ 75.162322656644534, 16.701423768316882 ], [ 75.162424424969018, 16.700917703861109 ], [ 75.162641633038859, 16.700342192695324 ], [ 75.162959770175277, 16.699765011708379 ], [ 75.163209604866879, 16.699225885545314 ], [ 75.163562518871657, 16.698778927682174 ], [ 75.164146982530696, 16.697960187273946 ], [ 75.164492686482717, 16.697475905547105 ], [ 75.164725773403859, 16.69698643639579 ], [ 75.164625744104285, 16.696472401777875 ], [ 75.164722940067762, 16.695572736568568 ], [ 75.164746339235876, 16.695498080954344 ], [ 75.164573432999916, 16.695459457745059 ], [ 75.164392990563655, 16.69541236738662 ], [ 75.164224265977609, 16.695368333866323 ], [ 75.163485941584341, 16.69522421862597 ], [ 75.162428241540482, 16.695007923088152 ], [ 75.161934428714943, 16.694915624254747 ], [ 75.161591116536655, 16.694855468871015 ], [ 75.161533025549815, 16.694840596766543 ], [ 75.161326229240601, 16.69483328308171 ], [ 75.160672384607409, 16.694769063271238 ], [ 75.160525534971001, 16.694754641255734 ], [ 75.159847939780875, 16.694688088720582 ], [ 75.159724839452039, 16.694675996326918 ], [ 75.158948166460689, 16.694626640454143 ], [ 75.158744645864402, 16.694600083193347 ], [ 75.158261583554989, 16.694537047198128 ], [ 75.15821574903228, 16.694531064457593 ], [ 75.157857931672822, 16.69445428978133 ], [ 75.157668614620846, 16.694413668272652 ], [ 75.157463537183929, 16.694369664141679 ], [ 75.156907428772811, 16.69426426223577 ], [ 75.156775529697981, 16.694239261415571 ], [ 75.15669836632182, 16.694223756955203 ], [ 75.156092154776644, 16.694101951923788 ], [ 75.155684391703872, 16.69400984711173 ], [ 75.155384851349993, 16.693942186119358 ], [ 75.154739464144754, 16.693799537258862 ], [ 75.154682337202672, 16.693786910698321 ], [ 75.154043527529254, 16.693626167023698 ], [ 75.153364291268232, 16.693445481525472 ], [ 75.152777698677099, 16.693289438398882 ], [ 75.152685056265668, 16.69326479378428 ], [ 75.152430672900479, 16.693204108245517 ], [ 75.152013184698589, 16.693104512955141 ], [ 75.151398343381828, 16.692952366523222 ], [ 75.15135545564948, 16.692941753536502 ], [ 75.150699937926362, 16.692767560492605 ], [ 75.15065032127896, 16.692754376821497 ], [ 75.150508154718722, 16.692716595387591 ], [ 75.150044418562615, 16.692593368073883 ], [ 75.149654924189377, 16.692511961080815 ], [ 75.14958484330414, 16.692497313038981 ], [ 75.149388900368635, 16.692419171758406 ], [ 75.149062819649316, 16.692290877268828 ], [ 75.148687117158786, 16.692143056704236 ], [ 75.147907523369, 16.691877161924371 ], [ 75.14764489500881, 16.691839680611256 ], [ 75.147384463659819, 16.691802515600347 ], [ 75.147076312902072, 16.691637067901887 ], [ 75.146804454362069, 16.691631068643197 ], [ 75.146573014437521, 16.691625961563698 ], [ 75.146175986714411, 16.691525592354854 ], [ 75.145444075387857, 16.691378678837058 ], [ 75.145251811843707, 16.691326420096974 ], [ 75.145264813417, 16.691281466011208 ], [ 75.14530160191002, 16.691154271954954 ], [ 75.145358592993091, 16.69066769745065 ], [ 75.145426564954377, 16.690189512262698 ], [ 75.145517377966129, 16.68969747375953 ], [ 75.145594168346804, 16.689200379157025 ], [ 75.145643706592807, 16.68870800979915 ], [ 75.145648814309027, 16.688670524490774 ], [ 75.14566295846322, 16.688566729520403 ], [ 75.14571088840691, 16.688214986164269 ], [ 75.145799639702645, 16.68772116625831 ], [ 75.145888391490956, 16.687227346293703 ], [ 75.145992631221034, 16.686729238620536 ], [ 75.146096871359589, 16.686231130874585 ], [ 75.146142694412504, 16.685944902980765 ], [ 75.146148229049246, 16.6859103263577 ], [ 75.146167351505042, 16.685790883535873 ], [ 75.146172878672417, 16.68575636296374 ], [ 75.146256039315091, 16.685268324045332 ], [ 75.146339200483226, 16.684780284169246 ], [ 75.146422361240298, 16.684292245144118 ], [ 75.14642715753746, 16.684269844739767 ], [ 75.146472913933948, 16.684056196437961 ], [ 75.146527477226016, 16.683773663118863 ], [ 75.146627016914834, 16.683335188464483 ], [ 75.146797337057777, 16.682641366893982 ], [ 75.146796132815425, 16.682575026441544 ], [ 75.146792651331367, 16.682383289261988 ], [ 75.146911004954163, 16.681892090894234 ], [ 75.147031220107536, 16.681398965640057 ], [ 75.147151433717653, 16.680905841202215 ], [ 75.147265372351114, 16.68040551460539 ], [ 75.147358549302808, 16.680050889101899 ], [ 75.147378838222124, 16.680019729824775 ], [ 75.147438336299487, 16.679928356518211 ], [ 75.147450290617371, 16.679909999011244 ], [ 75.147475223965969, 16.679866655280392 ], [ 75.147710212274504, 16.679458165239868 ], [ 75.147970231683516, 16.679008186029819 ], [ 75.148005052082894, 16.678947928020595 ], [ 75.14823025082049, 16.678558206482879 ], [ 75.148490267808356, 16.67810822479246 ], [ 75.148761829341623, 16.677594581579513 ], [ 75.148905690877456, 16.677199121354178 ], [ 75.149061001643602, 16.676728936060293 ], [ 75.149062273232474, 16.676725089611203 ], [ 75.14909494078502, 16.676641032955363 ], [ 75.149300232767004, 16.676063565915914 ], [ 75.149576933722983, 16.675193029849115 ], [ 75.149610520919794, 16.675087358256864 ], [ 75.149657893029058, 16.674899965869624 ], [ 75.149746799870059, 16.674548269330348 ], [ 75.149950354293722, 16.673815177976735 ], [ 75.150094234972883, 16.673296995963625 ], [ 75.150297036590914, 16.672559206756429 ], [ 75.150310228793217, 16.672491232274496 ], [ 75.150334414420911, 16.672340325823672 ], [ 75.150505938083114, 16.670812278829324 ], [ 75.150508021072127, 16.670812328843247 ], [ 75.150754581547176, 16.669188959045055 ], [ 75.150778029183058, 16.668964856763427 ], [ 75.15078866153091, 16.668863224347323 ], [ 75.15107836498774, 16.668152118771214 ], [ 75.152055055498096, 16.666759411343918 ], [ 75.152156779836318, 16.666606938061225 ], [ 75.152296313441141, 16.666397793465883 ], [ 75.152434286135005, 16.666066523824856 ], [ 75.152435626545156, 16.666063304664714 ], [ 75.152748559989092, 16.665150233679068 ], [ 75.152784851324157, 16.664821285984562 ], [ 75.152802283710756, 16.664663276126017 ], [ 75.152915021077263, 16.664177853362922 ], [ 75.153020014228431, 16.663694574153904 ], [ 75.153027931064457, 16.66365780337248 ], [ 75.153098749822519, 16.663328843648944 ], [ 75.153259505713677, 16.662728783788964 ], [ 75.153322414252969, 16.662502232874495 ], [ 75.153395569689678, 16.662238781048085 ], [ 75.153406687650843, 16.662190911502147 ], [ 75.153508304192798, 16.661753356969186 ], [ 75.153609480992145, 16.661401149437527 ], [ 75.153629016605393, 16.661296944718227 ], [ 75.153639336338358, 16.661297216400886 ], [ 75.153655048632771, 16.66124251927371 ], [ 75.154021226945886, 16.661253879985836 ], [ 75.154256164896807, 16.661261167677132 ], [ 75.155171175077285, 16.661309084690629 ], [ 75.155969125632069, 16.661308932460084 ], [ 75.156029612577953, 16.661308920391615 ], [ 75.156108906447656, 16.660071097067721 ], [ 75.156128507670118, 16.659685176029249 ], [ 75.156170391329567, 16.659258457756458 ], [ 75.156187894059684, 16.658920533382464 ], [ 75.156243088748511, 16.657854837047118 ], [ 75.158243784614953, 16.657909127147349 ], [ 75.158333939984928, 16.656764507614575 ], [ 75.158568180540698, 16.653790527106857 ], [ 75.158477977742308, 16.65239390971454 ], [ 75.158576598176339, 16.652300121181288 ], [ 75.159953723037972, 16.652138698133008 ], [ 75.16272994334058, 16.651813245530708 ], [ 75.164700482973089, 16.65161234578413 ], [ 75.166865261232573, 16.651465153943619 ], [ 75.167736507393712, 16.651405905704415 ], [ 75.167737765266793, 16.651414931853935 ], [ 75.167786606034213, 16.65176507518084 ], [ 75.169420787658382, 16.651846818230929 ], [ 75.169744614903635, 16.651854871008997 ], [ 75.170124744996244, 16.651864324383798 ], [ 75.170802079790889, 16.651866050272258 ], [ 75.171023004747255, 16.651862244162913 ], [ 75.172122954741894, 16.65184328086163 ], [ 75.172565140834664, 16.651842630496507 ], [ 75.172825925035141, 16.651842248840548 ], [ 75.172912768075676, 16.651842118606641 ], [ 75.173451106218039, 16.651841324701945 ], [ 75.174771981454981, 16.651818539329167 ], [ 75.174847333164863, 16.651817238271434 ], [ 75.176092859106234, 16.651795744641209 ], [ 75.176883143593855, 16.651784172885797 ], [ 75.177413771428078, 16.651776402860861 ], [ 75.178617290957817, 16.6517587728286 ], [ 75.178683388265057, 16.651757804684369 ], [ 75.178734684334586, 16.651757051766069 ], [ 75.180077097786679, 16.65176900469837 ], [ 75.180613376170541, 16.651775160077325 ], [ 75.181419550206314, 16.651784410252557 ], [ 75.182973094563977, 16.651794584925419 ], [ 75.183277577239025, 16.651843053363287 ], [ 75.183485265780917, 16.651602176507613 ], [ 75.183649641198372, 16.650968656315229 ], [ 75.183497161551102, 16.650481630116346 ], [ 75.183152543567672, 16.649380888528 ], [ 75.182780160823498, 16.648336850345117 ], [ 75.182614139784491, 16.647871369923429 ], [ 75.182493060725676, 16.647367833753872 ], [ 75.182640080587063, 16.646889782644461 ], [ 75.18287982349446, 16.646680449674008 ], [ 75.183176830320235, 16.646693704902557 ], [ 75.183435390029686, 16.64681294310628 ], [ 75.184034774890648, 16.647089355306388 ], [ 75.184519877023789, 16.647369897378454 ], [ 75.185105052731345, 16.64760020153998 ], [ 75.185477075888386, 16.647624415092608 ], [ 75.186122624697575, 16.647666428050503 ], [ 75.18645559757519, 16.647644390103515 ], [ 75.186759298022295, 16.647535986243305 ], [ 75.187079198362682, 16.647216956746636 ], [ 75.187235906279383, 16.646777269579989 ], [ 75.18735840303377, 16.646246396887346 ], [ 75.187628362362048, 16.645931651300153 ], [ 75.187724071270893, 16.645812679353718 ], [ 75.187953289063543, 16.645789202438078 ], [ 75.188043756880219, 16.645981863868922 ], [ 75.188157037720657, 16.646144679493972 ], [ 75.188208360545389, 16.646224804383333 ], [ 75.188535735877522, 16.64670685196576 ], [ 75.189304726171414, 16.647920758742842 ], [ 75.18966189760495, 16.648487257921943 ], [ 75.189941823346629, 16.648947216114873 ], [ 75.190208382771999, 16.648928903094241 ], [ 75.191116278955192, 16.648933437402206 ], [ 75.191877616343447, 16.648947212768565 ], [ 75.191934559459199, 16.648948242157065 ], [ 75.191981029761791, 16.648949083250297 ], [ 75.19200638845119, 16.648949540698748 ], [ 75.192934719636682, 16.648968886082621 ], [ 75.193865962783647, 16.648991177896121 ], [ 75.194066343144442, 16.648997166537278 ], [ 75.194811853003003, 16.649019445168655 ], [ 75.1951199514195, 16.649026700233449 ], [ 75.195706591114245, 16.649040510075277 ], [ 75.196104256118431, 16.649055739056887 ], [ 75.197049720819052, 16.649091944323921 ], [ 75.197884273298726, 16.649122706088008 ], [ 75.198839034566433, 16.649170028660265 ], [ 75.199811744001437, 16.649216845916396 ], [ 75.200179812826804, 16.64921224958325 ], [ 75.200687690654703, 16.649229360282373 ], [ 75.200746254869046, 16.649229150844352 ], [ 75.201037893454753, 16.649228107264214 ], [ 75.201232081888037, 16.649254324266426 ], [ 75.20141786686186, 16.649263950346786 ], [ 75.202306068865269, 16.649287918398194 ], [ 75.202870629817511, 16.649253707318994 ], [ 75.203211294798976, 16.649232792949952 ], [ 75.203831628336644, 16.649204054267337 ], [ 75.204551601050625, 16.649152601520356 ], [ 75.204681956171626, 16.649157492747687 ], [ 75.205871326746674, 16.649138443200687 ], [ 75.207018492281549, 16.649214501517793 ], [ 75.207092568120387, 16.649212202883955 ], [ 75.207861871987788, 16.649188332228814 ], [ 75.208678558807492, 16.649132725636893 ], [ 75.209155205934351, 16.649115498461285 ], [ 75.210316379812838, 16.649074194956661 ], [ 75.210427759746736, 16.649070335005693 ], [ 75.211231740242255, 16.649042473521806 ], [ 75.211237491001015, 16.649042137713106 ], [ 75.212031871851295, 16.648995712433781 ], [ 75.212248778364994, 16.648983035575487 ], [ 75.212828610945465, 16.648953769055915 ], [ 75.212876045457932, 16.648951373651979 ], [ 75.21305954697813, 16.648942111110522 ], [ 75.213448781452982, 16.648922464331442 ], [ 75.213525785838414, 16.648919515850892 ], [ 75.214439471121167, 16.64888453942087 ], [ 75.214648619024757, 16.648876531710904 ], [ 75.215769341029556, 16.648833749801859 ], [ 75.215851401386473, 16.64883061711577 ], [ 75.217266985279068, 16.648748565787798 ], [ 75.217766058584075, 16.648738301202361 ], [ 75.219095445788582, 16.648697013313996 ], [ 75.219271875578656, 16.648744915033692 ], [ 75.219452362404652, 16.648793918782129 ], [ 75.220672050463207, 16.648752412279102 ], [ 75.221915966213757, 16.648705296041641 ], [ 75.222541561245635, 16.648696320107852 ], [ 75.222571177896597, 16.648692474442754 ], [ 75.223296437574149, 16.648598266005379 ], [ 75.224292551915056, 16.648464678800501 ], [ 75.224375090321587, 16.648453610708927 ], [ 75.22544761407967, 16.648317626551616 ], [ 75.226517115792433, 16.648181608524819 ], [ 75.22660779217324, 16.648170266699381 ], [ 75.227112378576706, 16.648107153183048 ], [ 75.227777195079355, 16.648023995815635 ], [ 75.230619472476576, 16.647676677159492 ], [ 75.230953180416222, 16.647737715076534 ], [ 75.231164217208303, 16.647776314998985 ], [ 75.23137516404195, 16.64781489943833 ], [ 75.23209320114097, 16.64779880566288 ], [ 75.232826629446592, 16.647691447147121 ], [ 75.233560056898781, 16.647584084239721 ], [ 75.233622987594813, 16.647573924067341 ], [ 75.233761146713803, 16.647551618229866 ], [ 75.234348026566238, 16.647456861801537 ], [ 75.235021030909778, 16.647336485928054 ], [ 75.235085194424229, 16.647127034410875 ], [ 75.235187642860666, 16.646642126751072 ], [ 75.235211747540191, 16.646528038904925 ], [ 75.235339345098907, 16.646088559249481 ], [ 75.235539175626201, 16.645379852958911 ], [ 75.235751211559148, 16.644679342520718 ], [ 75.235913454496142, 16.644134356690628 ], [ 75.235931523974969, 16.644073658316834 ], [ 75.235973995769186, 16.643935830858833 ], [ 75.236181821482788, 16.643192740029509 ], [ 75.236442784097193, 16.642265978367917 ], [ 75.236547669466219, 16.641870576477341 ], [ 75.236543132004044, 16.641866803013542 ], [ 75.236600693138186, 16.641705176306726 ], [ 75.236535947825544, 16.64150400159199 ], [ 75.236425589118866, 16.641161092282562 ], [ 75.236298664359325, 16.640766717390328 ], [ 75.236048592794873, 16.63998970029014 ], [ 75.236091984958406, 16.639516722011148 ], [ 75.236180753021145, 16.639018190795767 ], [ 75.236284691865947, 16.638577454497383 ], [ 75.23635204636318, 16.638291846635706 ], [ 75.236486407750817, 16.637722092058315 ], [ 75.236596185662648, 16.637256595221704 ], [ 75.236781172306038, 16.636788296980701 ], [ 75.236862743186094, 16.636489527926006 ], [ 75.236998540087072, 16.635992147595285 ], [ 75.23696474274918, 16.635465376251485 ], [ 75.236808110574927, 16.635115834793758 ], [ 75.236445251870975, 16.634690440142752 ], [ 75.236096735329895, 16.634336285681584 ], [ 75.2358927589828, 16.633879742496546 ], [ 75.235710148739813, 16.633554958927988 ], [ 75.235704341211175, 16.633288078798135 ], [ 75.235857350321254, 16.633000719421144 ], [ 75.236258251623013, 16.63260797849356 ], [ 75.236754589553954, 16.632256787944463 ], [ 75.237092331059486, 16.631979224903091 ], [ 75.237349347533595, 16.631768004545897 ], [ 75.237659145451303, 16.63161229748755 ], [ 75.23791824847153, 16.631482070713016 ], [ 75.238270492239792, 16.631202915322433 ], [ 75.238538400800934, 16.630830791425353 ], [ 75.238562452657092, 16.630507144120607 ], [ 75.238560644759971, 16.63018691373027 ], [ 75.23834492400951, 16.629844161305467 ], [ 75.23771391356388, 16.62920738103249 ], [ 75.237111358774612, 16.628752213106985 ], [ 75.236600225697501, 16.628439862260539 ], [ 75.236128762204217, 16.628284284045879 ], [ 75.235757194827485, 16.628086552633064 ], [ 75.235396002880606, 16.628006294690202 ], [ 75.235253628072471, 16.628036127391702 ], [ 75.235165566597985, 16.628243867072214 ], [ 75.235032049642072, 16.628558836873559 ], [ 75.234881355318336, 16.6289143207499 ], [ 75.234735392261484, 16.629258647652946 ], [ 75.234604402963001, 16.629727321817096 ], [ 75.234485206587948, 16.630378046144777 ], [ 75.234378427803009, 16.630960974963401 ], [ 75.234318076435642, 16.631181237459547 ], [ 75.234014559937975, 16.631332565351762 ], [ 75.233579030884059, 16.631340846251749 ], [ 75.233036773207672, 16.631298725264575 ], [ 75.232816336370774, 16.631130286981655 ], [ 75.232696767481897, 16.630756036370869 ], [ 75.232714329203617, 16.630282920014967 ], [ 75.232788531091828, 16.629593074859635 ], [ 75.232906343626397, 16.629017325530942 ], [ 75.232920173069218, 16.628551300484872 ], [ 75.232352149492129, 16.627875711795685 ], [ 75.231546836618833, 16.62738739097281 ], [ 75.230254484976328, 16.626882149792507 ], [ 75.229428935538593, 16.626696139897607 ], [ 75.22868313466526, 16.626752508468844 ], [ 75.22771496214169, 16.626967758937862 ], [ 75.22703926879646, 16.627138917306674 ], [ 75.226015092998736, 16.627349741871342 ], [ 75.225106132223488, 16.627536841730119 ], [ 75.22465788600023, 16.627350476783874 ], [ 75.224270998675252, 16.627101697887475 ], [ 75.223657052665217, 16.626706913995893 ], [ 75.223248115564616, 16.626124572197945 ], [ 75.223167729973582, 16.625532909281969 ], [ 75.223084620442194, 16.624921182627983 ], [ 75.222992708374761, 16.624244653447956 ], [ 75.222795908771744, 16.623502626576666 ], [ 75.222708630979611, 16.622994215710676 ], [ 75.222644436891969, 16.622620270906072 ], [ 75.222525017618963, 16.622224670669148 ], [ 75.222375907576861, 16.621857367847095 ], [ 75.222341042222581, 16.621515607625057 ], [ 75.222373504742507, 16.62114999155224 ], [ 75.22234959739086, 16.620700872566417 ], [ 75.222318472091104, 16.620116133171223 ], [ 75.222381501493615, 16.619683461267485 ], [ 75.222562249993615, 16.619220166509578 ], [ 75.222790703497978, 16.618883297545498 ], [ 75.222866419875416, 16.618771647717892 ], [ 75.223186299649726, 16.61870628632224 ], [ 75.223225205932792, 16.618698336487945 ], [ 75.223565035389313, 16.618494431308527 ], [ 75.223602751699431, 16.61847180110334 ], [ 75.223611676099537, 16.618469770194217 ], [ 75.223807371714557, 16.618425236328861 ], [ 75.223949854046737, 16.618418232429573 ], [ 75.224021613663069, 16.618414704572857 ], [ 75.224172463448753, 16.618407290131284 ], [ 75.224310551541052, 16.618400502257639 ], [ 75.224320212772483, 16.61839677103557 ], [ 75.224562340417322, 16.618303267313827 ], [ 75.224659324674647, 16.618265815341179 ], [ 75.22470110972877, 16.618255911324951 ], [ 75.224844967670279, 16.61822181206535 ], [ 75.224954783920964, 16.618212003415231 ], [ 75.225221344140294, 16.618188192129111 ], [ 75.225248962338995, 16.618190421243892 ], [ 75.225629031910429, 16.618221098649986 ], [ 75.225722935682484, 16.618229149679046 ], [ 75.225818713879434, 16.618237360441327 ], [ 75.225958131097997, 16.618246452098244 ], [ 75.22611409795465, 16.618256623087309 ], [ 75.226532888874345, 16.618283932752732 ], [ 75.2266040897956, 16.618288578423464 ], [ 75.226766897849842, 16.618299191644038 ], [ 75.22694096138018, 16.618311992737151 ], [ 75.226980313328838, 16.618314887696297 ], [ 75.227251838793137, 16.61833485367427 ], [ 75.227355443359485, 16.61834247300234 ], [ 75.227411842815727, 16.618355206249639 ], [ 75.227817045429006, 16.618446689245669 ], [ 75.227856724392197, 16.618451764085222 ], [ 75.228401758473581, 16.618521462058087 ], [ 75.228497762995246, 16.618533739253945 ], [ 75.22882982281827, 16.618568440199684 ], [ 75.228983436132935, 16.618525917590318 ], [ 75.229270107130787, 16.61844656087596 ], [ 75.229414924868493, 16.61840333622019 ], [ 75.229685563925571, 16.618322554784317 ], [ 75.229799940487553, 16.618288416891705 ], [ 75.229877500844211, 16.618265265991656 ], [ 75.230035425755347, 16.618218127529076 ], [ 75.230098259975065, 16.618199372643655 ], [ 75.230202447278572, 16.618148387448731 ], [ 75.230408079010829, 16.618047756030592 ], [ 75.230555158422035, 16.61793920631909 ], [ 75.230769322512984, 16.61778114593367 ], [ 75.231019497780963, 16.617595632033542 ], [ 75.231068359591674, 16.617559399430046 ], [ 75.231085281973549, 16.617546850513286 ], [ 75.231441210909537, 16.617206376255744 ], [ 75.231464000743955, 16.617184554050873 ], [ 75.231576549763957, 16.617076781539375 ], [ 75.231833664521034, 16.616830576409509 ], [ 75.231961393354226, 16.616465070441052 ], [ 75.232053393982795, 16.616067881738221 ], [ 75.231741606275619, 16.614497970611946 ], [ 75.232522527525603, 16.614361080640592 ], [ 75.232534910225723, 16.61435118535389 ], [ 75.232898243929199, 16.614072811135966 ], [ 75.233669983688159, 16.613595457542274 ], [ 75.233774518114402, 16.613527346947141 ], [ 75.234002521787303, 16.613378801985412 ], [ 75.234518932433005, 16.613093514267778 ], [ 75.235287004205773, 16.61249158374314 ], [ 75.235287145564087, 16.612491409114508 ], [ 75.235763680925089, 16.611924420146934 ], [ 75.235763822292455, 16.611924253653804 ], [ 75.236147645962646, 16.611484470694446 ], [ 75.236157998912503, 16.61147261585738 ], [ 75.236513428524319, 16.611252289967659 ], [ 75.236835004060822, 16.6110554712442 ], [ 75.237093040827688, 16.610927786061481 ], [ 75.237346931112185, 16.610802143776009 ], [ 75.238065306120902, 16.610353784957773 ], [ 75.238748965011666, 16.61000617081854 ], [ 75.238780913297703, 16.609989923908813 ], [ 75.239203228895036, 16.609781687836449 ], [ 75.239614864951221, 16.609578723496966 ], [ 75.240464676113888, 16.609154650406154 ], [ 75.241310334108704, 16.608726178102771 ], [ 75.241560683810164, 16.608602473863169 ], [ 75.24173643455218, 16.608515630087606 ], [ 75.242236472896025, 16.608268532031335 ], [ 75.242741602913227, 16.608027629060441 ], [ 75.242913649303105, 16.60796985256227 ], [ 75.243202803849471, 16.607804083008656 ], [ 75.243304316001598, 16.607745886978776 ], [ 75.243521877941163, 16.607607529954052 ], [ 75.243851699473581, 16.607397791880331 ], [ 75.244120803554807, 16.607306476682762 ], [ 75.244339412883846, 16.607244762634156 ], [ 75.244670387971269, 16.607151339142916 ], [ 75.24510931620641, 16.60696906472603 ], [ 75.246094460342675, 16.606445162328804 ], [ 75.247238665882193, 16.606073018428226 ], [ 75.247868458691357, 16.605864515362885 ], [ 75.24846257982901, 16.60566299832816 ], [ 75.249406106439849, 16.605372979468562 ], [ 75.250437990240499, 16.605054616778794 ], [ 75.251620481377998, 16.604746024169959 ], [ 75.252312414094803, 16.604649755025711 ], [ 75.253183793897861, 16.60550104159416 ], [ 75.25324056219651, 16.605556510407602 ], [ 75.253567408063972, 16.605875818875081 ], [ 75.253567715759431, 16.605875962232965 ], [ 75.253877312536318, 16.606019870811458 ], [ 75.254146606635985, 16.606111075417541 ], [ 75.254531212883208, 16.606270054700794 ], [ 75.254752361767316, 16.606356832791423 ], [ 75.25477474229524, 16.606366741033213 ], [ 75.255287968083991, 16.606594110195594 ], [ 75.255588354711307, 16.606702251509724 ], [ 75.255842365369574, 16.606785864767961 ], [ 75.256135325920084, 16.606882292488415 ], [ 75.256907697724841, 16.607055282788956 ], [ 75.257295910619106, 16.607079459725597 ], [ 75.258023138230385, 16.607046522271308 ], [ 75.258395109654657, 16.607046984176097 ], [ 75.258907548137927, 16.607120984814678 ], [ 75.259298089510821, 16.607183098829932 ], [ 75.259548814192271, 16.607217658875317 ], [ 75.259656895662218, 16.607232568884005 ], [ 75.259751139455147, 16.60724555979662 ], [ 75.259850660966791, 16.607332739256886 ], [ 75.259844537177258, 16.60735656411147 ], [ 75.259797826356106, 16.607538401415329 ], [ 75.259797789983253, 16.607538543385871 ], [ 75.259370951123742, 16.607679635511545 ], [ 75.258586276588204, 16.607944914568272 ], [ 75.258552372199929, 16.607955825306103 ], [ 75.258000791662667, 16.60813336821014 ], [ 75.257860556259402, 16.608235887371691 ], [ 75.257639588610644, 16.608397428022883 ], [ 75.257273319300282, 16.608683500914569 ], [ 75.25708140142045, 16.608934750505259 ], [ 75.256985336083417, 16.609060525426745 ], [ 75.256985200379859, 16.609060705486836 ], [ 75.256847855224251, 16.609244423251489 ], [ 75.256714727800485, 16.60942249487238 ], [ 75.256714592096415, 16.609422674932283 ], [ 75.256613889845582, 16.609553873873683 ], [ 75.256784255273757, 16.60977848460147 ], [ 75.25710027470096, 16.609990274713869 ], [ 75.25727278912187, 16.61008821467707 ], [ 75.257395763649171, 16.610164123439876 ], [ 75.257563250214403, 16.610392119760707 ], [ 75.257563118253401, 16.610392294392625 ], [ 75.257450554378508, 16.610545391100352 ], [ 75.257552395664362, 16.610616081035626 ], [ 75.257565935093822, 16.610625478321573 ], [ 75.257584818160524, 16.610644443051633 ], [ 75.257675912998977, 16.610735928772055 ], [ 75.257980111586576, 16.610994791607016 ], [ 75.258152479828439, 16.611303736497067 ], [ 75.258437544256111, 16.611809836847875 ], [ 75.258463740289287, 16.611892486916187 ], [ 75.258482226324418, 16.612237572304966 ], [ 75.258491809286056, 16.612416461875021 ], [ 75.258495238225848, 16.61248046580387 ], [ 75.258495107149855, 16.612480601564059 ], [ 75.258393245581559, 16.612586442488787 ], [ 75.257997003917254, 16.613014752832381 ], [ 75.257996946861567, 16.613014854149093 ], [ 75.257793472911942, 16.613370649632767 ], [ 75.257390923438606, 16.614101747882994 ], [ 75.257220043126253, 16.614414979158873 ], [ 75.257219949502428, 16.614415078712661 ], [ 75.256803170747972, 16.614856828186333 ], [ 75.256445586464622, 16.615242924326928 ], [ 75.256315852079311, 16.615374845940789 ], [ 75.256151492586682, 16.615558717650089 ], [ 75.256151349362938, 16.615558886871074 ], [ 75.256161464424594, 16.61557345290494 ], [ 75.256262742858027, 16.615719281197109 ], [ 75.256159959032885, 16.615838872623932 ], [ 75.256136941540532, 16.615865647081012 ], [ 75.256136801135256, 16.615865820818424 ], [ 75.255879019858327, 16.616201424032951 ], [ 75.255641722839371, 16.616376975401696 ], [ 75.255641700460856, 16.616377068539276 ], [ 75.255641588998671, 16.616377150938661 ], [ 75.255618605450167, 16.616472902661254 ], [ 75.255597108100062, 16.616808288864075 ], [ 75.255581186051359, 16.616915896643405 ], [ 75.255548315134874, 16.617138107558919 ], [ 75.255522600702946, 16.617351120699468 ], [ 75.255509413703649, 16.617460307976046 ], [ 75.25549939742298, 16.617653726098599 ], [ 75.255471896669704, 16.617762441916156 ], [ 75.255468512834497, 16.61777582951321 ], [ 75.255477099134012, 16.617808393003099 ], [ 75.255496622534338, 16.618088506336267 ], [ 75.255497457972155, 16.618100596052724 ], [ 75.255544938390173, 16.618414090644588 ], [ 75.255563468009868, 16.618597037184553 ], [ 75.255685172815262, 16.618683303498848 ], [ 75.255772547771258, 16.618746700609595 ], [ 75.255876091726634, 16.618816682254629 ], [ 75.256002944369328, 16.618902403265349 ], [ 75.256059779835113, 16.618957536621981 ], [ 75.256167649458206, 16.619052536780824 ], [ 75.256239903454016, 16.619152769656996 ], [ 75.256246807095465, 16.619162806176483 ], [ 75.256383051963041, 16.619360849427061 ], [ 75.256451035611803, 16.61939834129134 ], [ 75.256479051495731, 16.619410910912148 ], [ 75.256537563725715, 16.619437155359925 ], [ 75.256852106884921, 16.619578249665775 ], [ 75.257197471124854, 16.619577256536374 ], [ 75.257492603191352, 16.619522888991604 ], [ 75.257546387734493, 16.619519202790539 ], [ 75.257949542079047, 16.619491594995889 ], [ 75.258445769149418, 16.619473349808466 ], [ 75.258693025062655, 16.619436109976125 ], [ 75.258962353271741, 16.619376968724737 ], [ 75.259231825113062, 16.619308308935995 ], [ 75.259333581369035, 16.619282389581223 ], [ 75.259356403813456, 16.619276575618745 ], [ 75.259401316159057, 16.619289868631437 ], [ 75.25950030758284, 16.619319187663471 ], [ 75.25956080281675, 16.619307486005365 ], [ 75.259622431293892, 16.619295566862366 ], [ 75.259801049423416, 16.61933198734631 ], [ 75.259824367811348, 16.619336604647103 ], [ 75.260225660961297, 16.619415976337756 ], [ 75.260655680360614, 16.619550306668401 ], [ 75.261097800775232, 16.619700516483594 ], [ 75.261535797957208, 16.619828975346728 ], [ 75.261743415450013, 16.619900538747313 ], [ 75.261905179409254, 16.61995628585111 ], [ 75.261919399501863, 16.620021022745153 ], [ 75.261962091089529, 16.620215462085799 ], [ 75.261962143920726, 16.620215702477953 ], [ 75.261970668217288, 16.620388987457357 ], [ 75.261970818382665, 16.620389098457583 ], [ 75.261973694494216, 16.620447539866046 ], [ 75.261981552043508, 16.620758955667938 ], [ 75.261990534309689, 16.621070053648509 ], [ 75.262003340084405, 16.621377659241592 ], [ 75.262001539026372, 16.621689390028095 ], [ 75.26203292583088, 16.621909630511009 ], [ 75.262043679366954, 16.621985094766494 ], [ 75.262115470422955, 16.622282080079646 ], [ 75.262189723832833, 16.622583194341683 ], [ 75.262263977483528, 16.622884310373134 ], [ 75.262333401974544, 16.623185581621637 ], [ 75.262408778915258, 16.623486378862452 ], [ 75.262476291639672, 16.623789397136338 ], [ 75.262557406668293, 16.624084955717443 ], [ 75.262673237997461, 16.624374332333577 ], [ 75.262790194384024, 16.62466339196024 ], [ 75.262906027356792, 16.624952767515385 ], [ 75.263013994297992, 16.62524436499255 ], [ 75.263131069587899, 16.625529771256968 ], [ 75.263249269939877, 16.625814860528198 ], [ 75.263367469708754, 16.626099949720551 ], [ 75.263477469969573, 16.626386147570443 ], [ 75.263486993707247, 16.626411797662566 ], [ 75.263582862652925, 16.62666997011522 ], [ 75.263584098295382, 16.626673297903956 ], [ 75.263700051543537, 16.626959020699111 ], [ 75.263816006079296, 16.627244744319555 ], [ 75.263931960026213, 16.627530467863672 ], [ 75.264010131657358, 16.627736672898177 ], [ 75.264041842258067, 16.627820317580895 ], [ 75.264073856839701, 16.627904765508951 ], [ 75.264151724826931, 16.628110168131144 ], [ 75.264264979087329, 16.628399066045997 ], [ 75.264373067905765, 16.628687010436433 ], [ 75.264441904011463, 16.6288579719625 ], [ 75.264486895694759, 16.62896971521679 ], [ 75.264600388502018, 16.629251309358953 ], [ 75.26462101470058, 16.62930540974212 ], [ 75.26470792736356, 16.629533376566165 ], [ 75.26471595522024, 16.629554432666122 ], [ 75.264765376784823, 16.629684061759129 ], [ 75.264815467483814, 16.629815444608305 ], [ 75.264923007923898, 16.630097512582584 ], [ 75.265030547746179, 16.630379580490203 ], [ 75.265035933490694, 16.630393872759083 ], [ 75.265040358400682, 16.630405613416951 ], [ 75.265129913574981, 16.630643256463358 ], [ 75.265136964089407, 16.630661964349631 ], [ 75.265244505487587, 16.630944032120919 ], [ 75.265350840544173, 16.631207068086297 ], [ 75.265356994608723, 16.631222290461739 ], [ 75.26546948499589, 16.631500547824313 ], [ 75.265581976651617, 16.631778806016598 ], [ 75.265593661034259, 16.631807680433194 ], [ 75.265604491126439, 16.631834440630886 ], [ 75.26569413142974, 16.632055953577122 ], [ 75.265803586721731, 16.632336273871626 ], [ 75.265913041400751, 16.632616595001462 ], [ 75.265987476147586, 16.632807225653238 ], [ 75.266022497342092, 16.632896916964228 ], [ 75.266131952667948, 16.633177237954378 ], [ 75.266176225558851, 16.633290518455674 ], [ 75.266234217011743, 16.633438901837032 ], [ 75.266241074852388, 16.633456446504329 ], [ 75.266324349661531, 16.633742953421425 ], [ 75.266337187513685, 16.633784675463041 ], [ 75.266401178111678, 16.633992632333861 ], [ 75.266412119043864, 16.63402819076412 ], [ 75.266496733859611, 16.634319144349686 ], [ 75.266539828013762, 16.634467300864141 ], [ 75.266581685217474, 16.634611209350986 ], [ 75.266674501695732, 16.634901052167013 ], [ 75.266684921551843, 16.634937404941095 ], [ 75.266696011315361, 16.634976090926859 ], [ 75.266757994426513, 16.635192323445398 ], [ 75.266841486476793, 16.635483593775618 ], [ 75.266865391334889, 16.635566989427581 ], [ 75.266924978785468, 16.635774864060455 ], [ 75.267004884182839, 16.63606232141229 ], [ 75.267005333722906, 16.636063963363174 ], [ 75.267085340870892, 16.636355655681552 ], [ 75.267089098607912, 16.636369559460686 ], [ 75.267165008393604, 16.636650418305894 ], [ 75.267210257326724, 16.636805940189852 ], [ 75.267250630668343, 16.63694470676872 ], [ 75.267322208275772, 16.63719062149703 ], [ 75.267337258329476, 16.637242329570132 ], [ 75.267425010099331, 16.637539636290629 ], [ 75.267491149538699, 16.637773308135717 ], [ 75.267491211724817, 16.637773524106404 ], [ 75.267510059475043, 16.637840117600994 ], [ 75.267597692150048, 16.638141075546407 ], [ 75.267645299415918, 16.63833060012109 ], [ 75.267674087663977, 16.638445206434699 ], [ 75.267743718793398, 16.638684337312782 ], [ 75.267761721821103, 16.638746164284452 ], [ 75.267861953939772, 16.639099055650004 ], [ 75.267885411657645, 16.639207549773175 ], [ 75.267913330498573, 16.639336681380897 ], [ 75.267928473865567, 16.639406723762317 ], [ 75.267960944402546, 16.639714812763668 ], [ 75.26799838374501, 16.640016072106071 ], [ 75.267999035219802, 16.640021314338266 ], [ 75.268038249076668, 16.640327498956477 ], [ 75.268077463064245, 16.640633682652499 ], [ 75.268078234029133, 16.64063988656245 ], [ 75.268115552396523, 16.64094018507971 ], [ 75.268116256990268, 16.641115848806532 ], [ 75.268116794902767, 16.641249852012734 ], [ 75.268082352089024, 16.641563945715202 ], [ 75.268081166861535, 16.641574753399738 ], [ 75.268062516204154, 16.641891242118827 ], [ 75.268046867937386, 16.642177322553763 ], [ 75.268046001022839, 16.6421931685997 ], [ 75.268045561181296, 16.642201220899743 ], [ 75.268047592109255, 16.642509458493521 ], [ 75.26804760739148, 16.642549464922265 ], [ 75.268047643997605, 16.642645293769668 ], [ 75.268047710692798, 16.642819442321688 ], [ 75.268039961295898, 16.64313164743379 ], [ 75.268040655504322, 16.643287716513356 ], [ 75.268040853273661, 16.643332182026331 ], [ 75.268040924134809, 16.643348082905856 ], [ 75.268041322450671, 16.643437662079641 ], [ 75.268005478205637, 16.643757798804451 ], [ 75.267967387046355, 16.644078569393034 ], [ 75.267928170021904, 16.644399657812428 ], [ 75.267888954751768, 16.644720747117933 ], [ 75.267849738419073, 16.64504183460129 ], [ 75.267822549251676, 16.645358321569688 ], [ 75.267816915370943, 16.64543656720976 ], [ 75.267814896974812, 16.645464609395926 ], [ 75.267777160786707, 16.645988756346544 ], [ 75.267763160460333, 16.646346479279014 ], [ 75.267752909212078, 16.646608399236527 ], [ 75.267741742378632, 16.646893703557438 ], [ 75.267672919024619, 16.647241365418012 ], [ 75.267605054450613, 16.647564509235643 ], [ 75.267579000361152, 16.647688570368292 ], [ 75.267537189658512, 16.647887653928326 ], [ 75.267469994453933, 16.648213020609138 ], [ 75.267445937621048, 16.648535859272975 ], [ 75.267430037650399, 16.648717816987489 ], [ 75.267417839210722, 16.648857427622872 ], [ 75.267394235379442, 16.649177726406386 ], [ 75.267370632414469, 16.649498024273303 ], [ 75.26735238521016, 16.649742900913896 ], [ 75.26734657529073, 16.649820864698416 ], [ 75.267339534751358, 16.64986750363671 ], [ 75.267297123274034, 16.650148460214737 ], [ 75.267249128507075, 16.650476850237695 ], [ 75.267202259371558, 16.650804923303252 ], [ 75.267155388209559, 16.651132996352594 ], [ 75.267111889577777, 16.651460117671874 ], [ 75.267079685463088, 16.651702298482867 ], [ 75.267068390806841, 16.651787238973881 ], [ 75.267030173579428, 16.65207463812494 ], [ 75.267024890957785, 16.652114359355846 ], [ 75.266999649100583, 16.652304190900267 ], [ 75.266981391908573, 16.652441480623303 ], [ 75.266953627631608, 16.652764159365194 ], [ 75.266925861395777, 16.653086839001109 ], [ 75.26688731085558, 16.653410149918862 ], [ 75.266846512338475, 16.653734095593496 ], [ 75.266815494621227, 16.654054074673109 ], [ 75.266785598863549, 16.654373735000348 ], [ 75.266755703956377, 16.654693398025632 ], [ 75.266724350574904, 16.655012263798287 ], [ 75.266692996162547, 16.655331131367095 ], [ 75.266661642591075, 16.655649998017687 ], [ 75.266629379758612, 16.655973946174317 ], [ 75.266603861423349, 16.656295990006672 ], [ 75.266565741211267, 16.656628829950954 ], [ 75.266525492652121, 16.656958651524516 ], [ 75.266488830585899, 16.657292285062258 ], [ 75.266437365893879, 16.657613209613249 ], [ 75.266202748956786, 16.658129623817729 ], [ 75.266243722476233, 16.659047260305947 ], [ 75.266209396856624, 16.661107558234345 ], [ 75.265889773647046, 16.665525930132961 ], [ 75.265852343904641, 16.666469638750232 ], [ 75.265533951236065, 16.668499449414661 ], [ 75.26512923302073, 16.670231147262101 ], [ 75.264771730257152, 16.671632308388567 ], [ 75.264060419360504, 16.674201266074604 ], [ 75.263513255746076, 16.676423447038228 ], [ 75.263503925978256, 16.676583806946748 ], [ 75.263249196638768, 16.677300714731956 ], [ 75.262803258444819, 16.680412666648728 ], [ 75.262948992482976, 16.681969602858178 ], [ 75.263054363060789, 16.68356307259338 ], [ 75.263259840338208, 16.685054440994129 ], [ 75.263382228382284, 16.685963021086735 ], [ 75.263500463059714, 16.686763720571513 ], [ 75.263683403919032, 16.688042533580543 ], [ 75.264204693528399, 16.68994795630352 ], [ 75.264920795235327, 16.692584233980135 ], [ 75.265441795835557, 16.692502771067662 ], [ 75.265464106894044, 16.692640125673154 ], [ 75.265466646872881, 16.692655767489132 ], [ 75.265466484661275, 16.692655805664092 ], [ 75.265018601841888, 16.692762967208349 ], [ 75.265018751145533, 16.692763090861586 ], [ 75.265607007036166, 16.693252243513161 ], [ 75.265610015673786, 16.693254744563049 ], [ 75.265999412059315, 16.693568743213316 ], [ 75.266386083800626, 16.693880544340146 ], [ 75.267162715989613, 16.694522539579765 ], [ 75.267939463860642, 16.69516777239161 ], [ 75.268178439803705, 16.695357831487787 ], [ 75.268698416293191, 16.695771366581972 ], [ 75.269247695886591, 16.696215635253473 ], [ 75.269464471906915, 16.696390966141617 ], [ 75.270230866893584, 16.697020280030131 ], [ 75.270997043895107, 16.697643112486183 ], [ 75.27113005856468, 16.697748506002089 ], [ 75.271369705629283, 16.697938387742589 ], [ 75.271762668302301, 16.698249745341204 ], [ 75.272514881581586, 16.698847039521436 ], [ 75.272953775676186, 16.699187281290971 ], [ 75.27323632674198, 16.69940632148834 ], [ 75.273924073525976, 16.700023480735911 ], [ 75.273967667491348, 16.700062599375183 ], [ 75.273997196711221, 16.700086759614951 ], [ 75.274713800655604, 16.700673037984181 ], [ 75.275405492512917, 16.701223457433631 ], [ 75.275890816890083, 16.701627526409908 ], [ 75.276319712417106, 16.701800346698374 ], [ 75.276448688309941, 16.701852315500147 ], [ 75.277753140809281, 16.703151815245519 ], [ 75.277777782710828, 16.703176362964228 ], [ 75.27946078401051, 16.704894065261918 ], [ 75.279471016870346, 16.704904509485441 ], [ 75.279587545952154, 16.704958030748102 ], [ 75.279834511150099, 16.705312972129295 ], [ 75.28055974097245, 16.706359205543929 ], [ 75.281125808990367, 16.706974226799343 ], [ 75.281216667809929, 16.70707294080384 ], [ 75.283607114785383, 16.709658768521194 ], [ 75.285025839123207, 16.711163942620331 ], [ 75.285326027999616, 16.711482418775905 ], [ 75.2859023608097, 16.712124770737905 ], [ 75.286355717375841, 16.712634945538078 ], [ 75.287647272339029, 16.714088348133121 ], [ 75.287887311868502, 16.714358465687479 ], [ 75.289227675884149, 16.714968451599116 ], [ 75.289972936865453, 16.715046570935204 ], [ 75.291058134948926, 16.715160316509198 ], [ 75.292976571406413, 16.715497600445879 ], [ 75.294730992742927, 16.715670036397068 ], [ 75.296886560901143, 16.715579599367576 ], [ 75.299120828846554, 16.716390036865359 ], [ 75.299301527776677, 16.716455580662359 ], [ 75.301018490782369, 16.717183558832005 ], [ 75.301142149660947, 16.717219353973189 ], [ 75.30357094009122, 16.717459662170487 ], [ 75.303946812158742, 16.717496849591942 ], [ 75.304054119897842, 16.717507466173505 ], [ 75.306048392813707, 16.717518923130516 ], [ 75.307331749232901, 16.717597132231731 ], [ 75.307855570677674, 16.717629051056075 ], [ 75.310192844430304, 16.717934816929411 ], [ 75.310863845198952, 16.71802259389937 ], [ 75.313573020668301, 16.718257820765388 ], [ 75.313653854001956, 16.718264838558895 ], [ 75.315371794871211, 16.718413979836853 ], [ 75.316754490956853, 16.718543848355388 ], [ 75.317844915102029, 16.718509449787081 ], [ 75.319144112287304, 16.718468457804487 ], [ 75.319144118240359, 16.718468653052348 ], [ 75.322481408683899, 16.718407179244068 ], [ 75.32248129202685, 16.718406978745271 ], [ 75.323291003348245, 16.71839205394183 ], [ 75.323337823357349, 16.718382159093863 ], [ 75.32509392498288, 16.718011005997891 ], [ 75.326289888973903, 16.717886024583738 ], [ 75.328237356131027, 16.71743562549543 ], [ 75.329620714154942, 16.717159880862731 ], [ 75.329765815037646, 16.717130956596204 ], [ 75.329765870364355, 16.71713094566033 ], [ 75.329932610659327, 16.716721820631832 ], [ 75.329932685389821, 16.716721637911181 ], [ 75.33463133891118, 16.716454444558213 ], [ 75.341011848171647, 16.71602929326346 ], [ 75.341092104825918, 16.716023835581087 ], [ 75.343378614893766, 16.715868335495038 ], [ 75.34404804233067, 16.715822804203761 ], [ 75.344202191720797, 16.71580311502106 ], [ 75.345710747806962, 16.715904637741293 ], [ 75.346444612914823, 16.715905737712056 ], [ 75.346953291528308, 16.715906499934533 ], [ 75.347495255325981, 16.715607402844 ], [ 75.349473160249516, 16.715485946323533 ], [ 75.351998353040756, 16.715302283392543 ], [ 75.359959046683713, 16.714723078552574 ], [ 75.361850268379754, 16.714610579649932 ], [ 75.361991332492835, 16.714602187960377 ], [ 75.362256635935367, 16.714586405539087 ], [ 75.362301109227246, 16.714583759437016 ], [ 75.362301220842156, 16.714583752913644 ], [ 75.362310142014877, 16.714301133465753 ], [ 75.362310149131943, 16.71430092825327 ], [ 75.362511359916368, 16.71432762123829 ], [ 75.362548307353137, 16.714697081889241 ], [ 75.362768027070658, 16.715121855461106 ], [ 75.363041885175107, 16.715422028828456 ], [ 75.364509304700434, 16.717007493334066 ], [ 75.364915630183404, 16.71735644698083 ], [ 75.364808487780294, 16.718599004886336 ], [ 75.36480835957363, 16.718599166922242 ], [ 75.364808356816141, 16.718599196757932 ], [ 75.364199377681203, 16.719364071755443 ], [ 75.363591770300459, 16.720127192500843 ], [ 75.363677119917469, 16.720654471083034 ], [ 75.363915152735728, 16.72085357140708 ], [ 75.364247869119083, 16.721464514226575 ], [ 75.36492908724135, 16.721979753313192 ], [ 75.365470106280938, 16.722514809794287 ], [ 75.365469944270444, 16.722514955618998 ], [ 75.364971680758188, 16.722963670825031 ], [ 75.36497160786638, 16.722963817395929 ], [ 75.364830446402536, 16.723248288283784 ], [ 75.364754337882459, 16.723824289192017 ], [ 75.364754236689507, 16.723824352648109 ], [ 75.364754219113351, 16.723824482849942 ], [ 75.364513775839328, 16.723973671587441 ], [ 75.363995349661067, 16.724295367938193 ], [ 75.363799912233333, 16.72490029580154 ], [ 75.364129274399787, 16.725590841981877 ], [ 75.36427924862079, 16.726203250733366 ], [ 75.364121828994101, 16.727047483135994 ], [ 75.364028790209346, 16.72727467212875 ], [ 75.364028719980325, 16.727274740049772 ], [ 75.36393100517931, 16.727369268832817 ], [ 75.363622431510564, 16.727494689346763 ], [ 75.362939359517966, 16.727460573582412 ], [ 75.362553965910536, 16.727695017116211 ], [ 75.362553982994626, 16.72769512194602 ], [ 75.362641240927431, 16.728217531177531 ], [ 75.362808793845204, 16.728379125099114 ], [ 75.36309813793882, 16.728429980831361 ], [ 75.363322595033068, 16.728592353849201 ], [ 75.363384379978484, 16.728905759598543 ], [ 75.363384250774416, 16.728905894516398 ], [ 75.363384262137927, 16.728905950542131 ], [ 75.362982420161728, 16.729325801419478 ], [ 75.362523712738493, 16.729804388738184 ], [ 75.362413055728354, 16.730107543563751 ], [ 75.36248364102957, 16.730258560586037 ], [ 75.362714968089563, 16.730270802754529 ], [ 75.363001446199107, 16.730556066723377 ], [ 75.36298546782777, 16.731069905762975 ], [ 75.362938857763609, 16.73126059556893 ], [ 75.362938741783736, 16.731260779277292 ], [ 75.362761782929198, 16.731535876019457 ], [ 75.362895012025348, 16.73199796404846 ], [ 75.363191500409329, 16.732515713919295 ], [ 75.363533589409926, 16.733723777616284 ], [ 75.363795109670605, 16.733970735386016 ], [ 75.364228482564911, 16.734867486461873 ], [ 75.364228359108253, 16.73486768555146 ], [ 75.364127110041878, 16.735031190315674 ], [ 75.363909346738126, 16.735382861395085 ], [ 75.363885637582953, 16.735796395673876 ], [ 75.364067860326529, 16.736661322345736 ], [ 75.364092112019094, 16.736897689342712 ], [ 75.363966966172413, 16.737130909984657 ], [ 75.363966857697022, 16.737131094584271 ], [ 75.363725590490645, 16.737222913980187 ], [ 75.363627909899748, 16.737480615968902 ], [ 75.363655211825332, 16.737710429328718 ], [ 75.36436381208955, 16.738205063226783 ], [ 75.36440942987457, 16.738774938343397 ], [ 75.364477566757927, 16.738968870799191 ], [ 75.3647603317023, 16.739351847667603 ], [ 75.36526274616736, 16.740015998198924 ], [ 75.365542105419692, 16.740895553525199 ], [ 75.365495612635158, 16.741274960097144 ], [ 75.365723456499694, 16.741626399445121 ], [ 75.366324935203863, 16.742498650727153 ], [ 75.366373037329126, 16.743259142722376 ], [ 75.366373139796465, 16.743259250111979 ], [ 75.366504810252366, 16.743398626957784 ], [ 75.366504570205919, 16.7433986942772 ], [ 75.366504684897436, 16.743398816108414 ], [ 75.366265838528079, 16.74346625348052 ], [ 75.366110062717269, 16.743271994506735 ], [ 75.366144799448477, 16.744225769140098 ], [ 75.36596962560877, 16.744837341563827 ], [ 75.36596495238804, 16.744862837959097 ], [ 75.365964430556033, 16.744865681844466 ], [ 75.365760007495936, 16.745981063968106 ], [ 75.365704200972885, 16.746316908732933 ], [ 75.365626855699631, 16.746782381782928 ], [ 75.365640874247674, 16.747114175982407 ], [ 75.365674587844111, 16.747470653199453 ], [ 75.36570605711394, 16.747803394533253 ], [ 75.365768190743466, 16.748460371392873 ], [ 75.36580977345848, 16.748681642615242 ], [ 75.365856854723219, 16.748932174348354 ], [ 75.366086839053125, 16.750339408899418 ], [ 75.366096484156941, 16.750398428600498 ], [ 75.366228346464737, 16.75221607521425 ], [ 75.366239257558362, 16.752381650690509 ], [ 75.366288519634864, 16.753032331205223 ], [ 75.366353760577013, 16.753894079889356 ], [ 75.36640248784245, 16.754506041856548 ], [ 75.366470516004824, 16.75604550115974 ], [ 75.366522695930243, 16.756729883967598 ], [ 75.366524824567961, 16.75691550853211 ], [ 75.366541094447498, 16.758334598503556 ], [ 75.366560482218048, 16.759428109593621 ], [ 75.366544817274445, 16.759605159125599 ], [ 75.366500855203284, 16.759823875477949 ], [ 75.366936676085643, 16.760040551817873 ], [ 75.367086785068409, 16.760086325194305 ], [ 75.36729686043553, 16.760090450166071 ], [ 75.367967918432925, 16.760191381548001 ], [ 75.368703373518755, 16.760339743921698 ], [ 75.368720270769956, 16.760343152376134 ], [ 75.369383543255637, 16.76047695108949 ], [ 75.370907389441314, 16.760810066998559 ], [ 75.372197806562951, 16.76110704859434 ], [ 75.372375571149959, 16.761147959094753 ], [ 75.37246906385306, 16.761169475344218 ], [ 75.373223309733618, 16.761295522076654 ], [ 75.373743344666408, 16.761382427943591 ], [ 75.374036690752703, 16.761431449341583 ], [ 75.375046383992157, 16.761611000393785 ], [ 75.375611819371528, 16.761711548276313 ], [ 75.375960427619802, 16.76173464012685 ], [ 75.376430669851388, 16.761765788749241 ], [ 75.376464765457101, 16.76177278462195 ], [ 75.377246202593938, 16.761933125490401 ], [ 75.378316651343042, 16.762162822954824 ], [ 75.378342677940637, 16.76216840777397 ], [ 75.378572868013478, 16.762200759246518 ], [ 75.379452596176677, 16.762324399389257 ], [ 75.380566564845296, 16.762331786532084 ], [ 75.38075732973067, 16.762331919799102 ], [ 75.381681652793475, 16.762332562162779 ], [ 75.382775893591656, 16.762349074940168 ], [ 75.383561903559283, 16.762346954489317 ], [ 75.383676531889577, 16.762290383924537 ], [ 75.384417490162733, 16.761861233460589 ], [ 75.385152886669715, 16.761435300724283 ], [ 75.385237075651645, 16.761690668195314 ], [ 75.385260018563685, 16.76176026269761 ], [ 75.385278516022922, 16.76181637301455 ], [ 75.385312544827428, 16.761925199395616 ], [ 75.385477198648999, 16.762786114771149 ], [ 75.385512727275213, 16.762971877832165 ], [ 75.385595009418068, 16.763402094135216 ], [ 75.385770418013337, 16.765272250431167 ], [ 75.385852006633286, 16.766280429817467 ], [ 75.385971792304346, 16.767760607095472 ], [ 75.385955652244093, 16.767872079985136 ], [ 75.385670574413737, 16.769841021095779 ], [ 75.385662860040256, 16.769894294926193 ], [ 75.385620779867594, 16.770184923826704 ], [ 75.385502565889723, 16.771001371963319 ], [ 75.38542976525676, 16.771504168358568 ], [ 75.385415146592734, 16.771594230802545 ], [ 75.385356986961384, 16.771952556351554 ], [ 75.385273698916507, 16.772388270577604 ], [ 75.385273093505603, 16.7723914364656 ], [ 75.385248272680315, 16.772521287587335 ], [ 75.384994699275296, 16.773847817738048 ], [ 75.3846984386701, 16.775035438262535 ], [ 75.38463373735226, 16.775389024544872 ], [ 75.384613994116847, 16.77547225532529 ], [ 75.384405108727563, 16.776352820450882 ], [ 75.384267764295913, 16.776795067564752 ], [ 75.384257640686059, 16.777439563831006 ], [ 75.384231959559656, 16.777570596965212 ], [ 75.383885628399213, 16.779337642165618 ], [ 75.38386231056721, 16.779457482556086 ], [ 75.383560291760816, 16.781009697657517 ], [ 75.383556161427251, 16.781030923031182 ], [ 75.383272287338499, 16.782106388440582 ], [ 75.38326373056799, 16.782138806704623 ], [ 75.383057569674818, 16.783319100065299 ], [ 75.382836371930509, 16.784546407861647 ], [ 75.382829927405339, 16.784582163202213 ], [ 75.38276735116527, 16.784957456889313 ], [ 75.382652777312813, 16.786024818012692 ], [ 75.382471515993416, 16.786613905417497 ], [ 75.382324729330108, 16.787558020941141 ], [ 75.382129853642454, 16.788249167392557 ], [ 75.382120359466526, 16.788289816055915 ], [ 75.381891526819089, 16.789269601677201 ], [ 75.381791154683484, 16.790445989896039 ], [ 75.381730108405918, 16.791161472565673 ], [ 75.381696500475769, 16.791555350736338 ], [ 75.381606366071821, 16.792175857912557 ], [ 75.381606444942335, 16.792175879461318 ], [ 75.38160637838196, 16.79217638308841 ], [ 75.381354021480007, 16.794095605574896 ], [ 75.381155857719875, 16.795608540793612 ], [ 75.381149390931014, 16.795657915100517 ], [ 75.381095106174982, 16.796838012765463 ], [ 75.381093496175112, 16.796873000652763 ], [ 75.381085001936526, 16.797057642165914 ], [ 75.381058722338068, 16.797628935866687 ], [ 75.381046804838974, 16.797888016340782 ], [ 75.38103110783301, 16.798229235432544 ], [ 75.381016200514338, 16.798553297776092 ], [ 75.380010354307274, 16.798524857716068 ], [ 75.37943150319559, 16.798510325211037 ], [ 75.379127365258086, 16.798502688612736 ], [ 75.378982272558204, 16.798500660691357 ], [ 75.378963175773762, 16.798563457525255 ], [ 75.378846177573735, 16.79939586570336 ], [ 75.378833188712761, 16.799488274820739 ], [ 75.378803641439148, 16.799719645219245 ], [ 75.378720385858188, 16.800371574197815 ], [ 75.378578669192393, 16.801197795736442 ], [ 75.378578203471676, 16.801200513884581 ], [ 75.378570813079463, 16.80124360188174 ], [ 75.378569403824159, 16.801251810585676 ], [ 75.378568937179068, 16.801254535967132 ], [ 75.378568011955423, 16.801261215191236 ], [ 75.378567390203202, 16.801265702668022 ], [ 75.378536774403656, 16.801486660489825 ], [ 75.378505157455393, 16.801714851791871 ], [ 75.378479547037458, 16.801899686452291 ], [ 75.378455619588536, 16.802072381501198 ], [ 75.378446434786454, 16.802138670105503 ], [ 75.37844597123312, 16.802142010170783 ], [ 75.378445155875795, 16.802148726254032 ], [ 75.378439070635267, 16.802198814788984 ], [ 75.378427201182191, 16.80229651717719 ], [ 75.378420931249437, 16.802348124696454 ], [ 75.378417167435032, 16.802379101143448 ], [ 75.378414458156143, 16.802401400387371 ], [ 75.378383818554454, 16.802653604347579 ], [ 75.378360094298898, 16.802848882528991 ], [ 75.378344075874296, 16.802980731329328 ], [ 75.378339540988804, 16.803018054960528 ], [ 75.378338220673967, 16.803030428022439 ], [ 75.37833821698635, 16.803030461475576 ], [ 75.37832539631475, 16.803150668674853 ], [ 75.378304654710689, 16.803345141357813 ], [ 75.378297415570415, 16.803413002870922 ], [ 75.378294231085732, 16.803440355193661 ], [ 75.378272543070523, 16.803626590956988 ], [ 75.37826460903355, 16.803694723123815 ], [ 75.378253327165737, 16.803791610850904 ], [ 75.378250154660222, 16.803818857387355 ], [ 75.378246456161776, 16.803850616533417 ], [ 75.378240675879539, 16.803900256133605 ], [ 75.378240742706751, 16.803930194118475 ], [ 75.378242609875414, 16.804771153262706 ], [ 75.378243279609862, 16.805072670934493 ], [ 75.378244312179802, 16.805537865350647 ], [ 75.378244543977587, 16.805642051221916 ], [ 75.378248265525528, 16.806533066061256 ], [ 75.378230225598756, 16.80675317440954 ], [ 75.378213868977213, 16.80695275715809 ], [ 75.378176691170637, 16.807406367945358 ], [ 75.378149387359286, 16.807679615141087 ], [ 75.378107280285789, 16.80810101346356 ], [ 75.378086583741407, 16.808308136817075 ], [ 75.378070235260211, 16.808585381928157 ], [ 75.378066981879613, 16.808640541834556 ], [ 75.378044164208134, 16.808884609204707 ], [ 75.378044155937118, 16.808884697807525 ], [ 75.377990914498753, 16.809454186200998 ], [ 75.377977003871919, 16.809824676102632 ], [ 75.37795471966534, 16.809967179481475 ], [ 75.377909151173156, 16.810258582643989 ], [ 75.377887955839284, 16.810394125364272 ], [ 75.377881432258661, 16.810435838607482 ], [ 75.378431185648722, 16.810517278518645 ], [ 75.378795170946333, 16.810571198356023 ], [ 75.379847326169894, 16.810709182058247 ], [ 75.379811341704979, 16.811419726330893 ], [ 75.379809074209845, 16.811464497979255 ], [ 75.37980421691347, 16.811521783337319 ], [ 75.379722182912261, 16.812489422296043 ], [ 75.379685945573783, 16.812636063659635 ], [ 75.379672230636942, 16.812691563780056 ], [ 75.379565958214968, 16.813893702448365 ], [ 75.379445229993365, 16.81499049815509 ], [ 75.379429905640919, 16.815129715551194 ], [ 75.379359703271447, 16.815815465681101 ], [ 75.379359501921201, 16.815831730002447 ], [ 75.379353132083537, 16.816347552658257 ], [ 75.379302765466662, 16.816887587519066 ], [ 75.379297158304439, 16.816922834006689 ], [ 75.379279496979834, 16.817033851399358 ], [ 75.379196081645858, 16.817558186722113 ], [ 75.379187943531321, 16.817605409844859 ], [ 75.378984399678416, 16.818786631546402 ], [ 75.37884958506406, 16.819536023988753 ], [ 75.378787466125146, 16.820022925036465 ], [ 75.378786045146072, 16.820038518152916 ], [ 75.378679591486957, 16.82120716723356 ], [ 75.378630997268246, 16.822373232748944 ], [ 75.37858737434361, 16.823002852874424 ], [ 75.378577646968651, 16.823143247609227 ], [ 75.378665739403232, 16.823528239321345 ], [ 75.378891121297954, 16.824533520554237 ], [ 75.378891154439216, 16.824533666933664 ], [ 75.378925767393667, 16.824688053573063 ], [ 75.379046216594205, 16.825180406723373 ], [ 75.379046227003087, 16.825180449189997 ], [ 75.379209057963777, 16.825846039077575 ], [ 75.379382188407448, 16.826634281684704 ], [ 75.379452074185565, 16.827025210200887 ], [ 75.379554309062925, 16.827504801059604 ], [ 75.379586455936774, 16.82765559976718 ], [ 75.379604582518226, 16.827740631921181 ], [ 75.379623102307804, 16.827827508315217 ], [ 75.379623849844123, 16.82783101427367 ], [ 75.379698879482831, 16.828182979980053 ], [ 75.379705192371006, 16.828212596292527 ], [ 75.379720262246579, 16.828271347112814 ], [ 75.379882605258516, 16.828904241988834 ], [ 75.379999409031058, 16.829359597696421 ], [ 75.380009883627039, 16.829400432494047 ], [ 75.380031055451752, 16.829494896229857 ], [ 75.380031064918867, 16.829494936890246 ], [ 75.380161188452291, 16.830075538571663 ], [ 75.380178498418715, 16.830152774656693 ], [ 75.380255824274343, 16.830497796147636 ], [ 75.380277759676019, 16.830595668141644 ], [ 75.380287971572017, 16.830634610526161 ], [ 75.380354016542995, 16.830886465212835 ], [ 75.380500402114848, 16.831444691644013 ], [ 75.380563522309771, 16.831624791337902 ], [ 75.380718832592208, 16.832067935036729 ], [ 75.380755887444266, 16.832173662312695 ], [ 75.380804497870955, 16.832312360637136 ], [ 75.380888842716786, 16.832553020060242 ], [ 75.380969643028592, 16.83278356264352 ], [ 75.381037622007497, 16.832977523394852 ], [ 75.381038317591489, 16.832979433061126 ], [ 75.381090413648735, 16.833122404147375 ], [ 75.381147521391526, 16.833279127697068 ], [ 75.381202370700848, 16.833429653397097 ], [ 75.381270117254033, 16.83361557653366 ], [ 75.381419248858307, 16.834024846355334 ], [ 75.381462092345998, 16.834142424389729 ], [ 75.381603669749964, 16.834442497023669 ], [ 75.381625334262068, 16.834488415541202 ], [ 75.381688250293294, 16.834621765456703 ], [ 75.381804695860183, 16.834868573109098 ], [ 75.38186033121741, 16.834986491559761 ], [ 75.381955892117489, 16.835189033406827 ], [ 75.381999490149809, 16.835281439341877 ], [ 75.38201337335839, 16.835310865203194 ], [ 75.382077887823243, 16.835435951687387 ], [ 75.382128436544463, 16.835533960919339 ], [ 75.382454984226356, 16.836167108866679 ], [ 75.382594540961094, 16.836437693919827 ], [ 75.382616234807131, 16.836479755095667 ], [ 75.382864540694953, 16.836976167925485 ], [ 75.383026848025764, 16.837300650876191 ], [ 75.383200850604027, 16.837648512471297 ], [ 75.383205939759407, 16.83765868690276 ], [ 75.383373475645541, 16.838014905679653 ], [ 75.383495614155549, 16.838211091110548 ], [ 75.38370739960564, 16.838551270384322 ], [ 75.383868102342973, 16.838809394633888 ], [ 75.383950660876806, 16.83898234171415 ], [ 75.383971733437335, 16.839026484784675 ], [ 75.384383756251637, 16.839776890050825 ], [ 75.384503900125907, 16.839995704459028 ], [ 75.384629937611166, 16.840454102917263 ], [ 75.38477652478673, 16.840987241276618 ], [ 75.384831614231757, 16.841187603830637 ], [ 75.385341001832145, 16.84217362921904 ], [ 75.385413833046229, 16.842314608430307 ], [ 75.38584749267531, 16.843151905401658 ], [ 75.385848980662175, 16.843154778979418 ], [ 75.386006476509095, 16.843458862427408 ], [ 75.38610024804926, 16.843685634898051 ], [ 75.386482801046796, 16.844399502346914 ], [ 75.386570455600278, 16.844563070045687 ], [ 75.38661070379527, 16.844638174090186 ], [ 75.387185710775626, 16.845761143100116 ], [ 75.387203370397643, 16.845801825565481 ], [ 75.387310086580726, 16.846047682497314 ], [ 75.387839854265991, 16.847100136133907 ], [ 75.38797391187174, 16.847366457075911 ], [ 75.388083521106964, 16.847584207845408 ], [ 75.388110317058761, 16.847640372089987 ], [ 75.388277510232697, 16.847990800642595 ], [ 75.38883082814101, 16.849150522001509 ], [ 75.388922229532781, 16.849342092165934 ], [ 75.389421558151469, 16.850323815769023 ], [ 75.389638427656209, 16.850750196328619 ], [ 75.389829937167008, 16.851126717684011 ], [ 75.389920486561479, 16.851313823433067 ], [ 75.389920499757096, 16.851313849622571 ], [ 75.390694865533931, 16.852913929366697 ], [ 75.390825558315797, 16.853160939844109 ], [ 75.39086810203203, 16.853249106058232 ], [ 75.391373170335129, 16.854295793677405 ], [ 75.391554561520621, 16.854671703309418 ], [ 75.391574971104376, 16.854713999961525 ], [ 75.391703711536493, 16.854961304588787 ], [ 75.392346740241564, 16.856196533160613 ], [ 75.392388893159719, 16.856277506121693 ], [ 75.392393002953085, 16.856287066571408 ], [ 75.392819030366212, 16.857278020793146 ], [ 75.39314627613301, 16.858000052944281 ], [ 75.393272589672023, 16.858278748014673 ], [ 75.393322093603828, 16.858462216348428 ], [ 75.393339725088751, 16.858527561601896 ], [ 75.393965158563844, 16.859759263647621 ], [ 75.394263126103255, 16.860349658049859 ], [ 75.394394037514175, 16.860609043247827 ], [ 75.39441517788164, 16.860669485849304 ], [ 75.394524502501881, 16.860982061049143 ], [ 75.394553083574365, 16.861063777326596 ], [ 75.39476675919154, 16.861674704355718 ], [ 75.394820664435457, 16.86196031542655 ], [ 75.394851352242725, 16.862122908440003 ], [ 75.394857271352137, 16.862158724164562 ], [ 75.394863153383028, 16.862194313972875 ], [ 75.395022993795578, 16.863056945802494 ], [ 75.394842775612545, 16.863057553129476 ], [ 75.393699199106024, 16.862927596616348 ], [ 75.393332474205152, 16.863029628345956 ], [ 75.393241692914543, 16.863054886091597 ], [ 75.392541328674383, 16.86326212643284 ], [ 75.39216902442756, 16.86331551442499 ], [ 75.391878261060782, 16.863357209774918 ], [ 75.391278425811834, 16.863432304278415 ], [ 75.391108998505487, 16.863453514062087 ], [ 75.391112884033504, 16.863532003803599 ], [ 75.391152605386111, 16.86388025768608 ], [ 75.390690631007743, 16.863894574471271 ], [ 75.389662119420592, 16.863926444482122 ], [ 75.388888530439516, 16.863789645460368 ], [ 75.388851264524135, 16.863783054909018 ], [ 75.388083953044244, 16.863788286658362 ], [ 75.388033874823307, 16.863788627277913 ], [ 75.387945539907747, 16.863795526989364 ], [ 75.38759510709518, 16.863822898495226 ], [ 75.387329876007982, 16.863843613649106 ], [ 75.387275128804262, 16.86384788875376 ], [ 75.387042356415023, 16.863869839415941 ], [ 75.386649891411096, 16.863906847889883 ], [ 75.386528113382454, 16.863918330685618 ], [ 75.385978835640699, 16.863955591750766 ], [ 75.385770413947455, 16.863969729316988 ], [ 75.385256175575648, 16.864031504557342 ], [ 75.385069659747288, 16.864085820609333 ], [ 75.384941619513768, 16.864123107527281 ], [ 75.384823020283648, 16.864182554157818 ], [ 75.384736422410413, 16.864225960670574 ], [ 75.384715404796566, 16.864236495855476 ], [ 75.384603590389403, 16.864375991566433 ], [ 75.384340629198178, 16.864480398948601 ], [ 75.38402959103739, 16.864603893431855 ], [ 75.383859051174767, 16.864671605754282 ], [ 75.38372836389938, 16.86472983868504 ], [ 75.383153388988816, 16.86503467422628 ], [ 75.382766230194662, 16.865239934782331 ], [ 75.382434941795765, 16.865415573769134 ], [ 75.382343601686344, 16.865471923653036 ], [ 75.381909687421853, 16.865835462821778 ], [ 75.381878755805189, 16.86586137700294 ], [ 75.381878238467309, 16.865861810958247 ], [ 75.381868475569945, 16.865869990900553 ], [ 75.381750763825238, 16.865881537438732 ], [ 75.381731607929154, 16.865883416248419 ], [ 75.381556751348754, 16.865900568662834 ], [ 75.381391696542366, 16.865916759881294 ], [ 75.381142095343947, 16.865941244562251 ], [ 75.380974888246882, 16.865957646450909 ], [ 75.38053452792326, 16.865886631609193 ], [ 75.380240710695276, 16.865839248229083 ], [ 75.380095485447214, 16.865815827609101 ], [ 75.379621650841429, 16.865890727894818 ], [ 75.379509511683722, 16.865908454892647 ], [ 75.379463156870329, 16.865915782210024 ], [ 75.379149323639041, 16.865971802804605 ], [ 75.378868015094383, 16.866022015524873 ], [ 75.378682205604505, 16.866025198907423 ], [ 75.378578260660831, 16.866016853903943 ], [ 75.377874708778819, 16.865791445200443 ], [ 75.377140735387869, 16.865552803729166 ], [ 75.376663087535661, 16.865753670594433 ], [ 75.376421676105821, 16.865906831723695 ], [ 75.376350316600721, 16.865952105968521 ], [ 75.37623774014169, 16.866027520293102 ], [ 75.37614246112804, 16.866338044738086 ], [ 75.376065707028133, 16.866549880734333 ], [ 75.375915452612219, 16.866739199349304 ], [ 75.375672916435917, 16.866960256486816 ], [ 75.375149440931594, 16.867093039649383 ], [ 75.375060055553604, 16.867094845622312 ], [ 75.37501964499296, 16.867095662571831 ], [ 75.374553390463177, 16.866992827037894 ], [ 75.374450914425566, 16.866970225583433 ], [ 75.373666329426342, 16.866998158680321 ], [ 75.373080526081125, 16.867020511452296 ], [ 75.372704655279463, 16.866873370046751 ], [ 75.372577555482152, 16.866854355886403 ], [ 75.37247544343424, 16.86686262269258 ], [ 75.372301550487208, 16.866837331338811 ], [ 75.372214883866391, 16.866824724872195 ], [ 75.372155093099963, 16.866816028903116 ], [ 75.372044223741042, 16.866780497799709 ], [ 75.371902031762986, 16.866734929022293 ], [ 75.37163604465276, 16.866565560666626 ], [ 75.371200751674067, 16.866478654940842 ], [ 75.370848730902807, 16.866468931618307 ], [ 75.370663872347791, 16.866475340362491 ], [ 75.370350618613259, 16.866486200487088 ], [ 75.370085538693999, 16.866508578127966 ], [ 75.369942603322428, 16.866520644325988 ], [ 75.369535929217747, 16.866609579620974 ], [ 75.369132688578318, 16.866675182384995 ], [ 75.368871622888449, 16.866956174322247 ], [ 75.368792958959304, 16.867111667003183 ], [ 75.368661262017127, 16.867371990370245 ], [ 75.367845656314358, 16.867664373517901 ], [ 75.367557081534883, 16.867750621661312 ], [ 75.367314603415011, 16.867993907988104 ], [ 75.367311748693538, 16.867993990841246 ], [ 75.367104101336395, 16.868000058466329 ], [ 75.366962641054513, 16.86800419231767 ], [ 75.366397440288551, 16.868259035126972 ], [ 75.365637208157764, 16.86859841553855 ], [ 75.365378177184482, 16.868774236528775 ], [ 75.365206603132194, 16.868890694465577 ], [ 75.364985060022235, 16.8690985113438 ], [ 75.364820306093279, 16.869215101455701 ], [ 75.364799530426779, 16.869229804120341 ], [ 75.364758452129394, 16.869246429445209 ], [ 75.364376732245589, 16.869400922628696 ], [ 75.364190441981506, 16.869399172686848 ], [ 75.364087876719537, 16.869398209520629 ], [ 75.363969289076977, 16.869515521497917 ], [ 75.363871031115778, 16.869612722385607 ], [ 75.363652888555833, 16.869681978702964 ], [ 75.363485500669555, 16.869735120482279 ], [ 75.362998236521165, 16.869738839252065 ], [ 75.362894956226043, 16.869739626807664 ], [ 75.362741412002649, 16.869743233169959 ], [ 75.362588590616483, 16.86974682096411 ], [ 75.361827313455649, 16.869752600513017 ], [ 75.361137062796232, 16.870036755045437 ], [ 75.360668098818749, 16.870028587065047 ], [ 75.360166519856435, 16.870441661515272 ], [ 75.359606682622456, 16.870896421421694 ], [ 75.359591433462398, 16.870908808797584 ], [ 75.358939869187296, 16.871027346651076 ], [ 75.35879082283094, 16.871054461208384 ], [ 75.358676843300657, 16.871072296723618 ], [ 75.358207558306759, 16.871145725228949 ], [ 75.358041155507053, 16.871081419505359 ], [ 75.357757964066948, 16.87097198067341 ], [ 75.357615185772019, 16.870912631323041 ], [ 75.357563070047746, 16.870890967716598 ], [ 75.357044873015894, 16.870675563264793 ], [ 75.356987058947524, 16.870646959851861 ], [ 75.356666548020357, 16.870488385081025 ], [ 75.356646612656476, 16.870478521486806 ], [ 75.356289386368715, 16.87040007749566 ], [ 75.355914361212825, 16.870455373602152 ], [ 75.355550017480184, 16.870509093899312 ], [ 75.354690584756284, 16.870941484478539 ], [ 75.353886400187534, 16.871107136576903 ], [ 75.353092965525789, 16.871306178899484 ], [ 75.352773791501747, 16.87133218992809 ], [ 75.3520784557236, 16.871103682802623 ], [ 75.351332015783782, 16.87090533082505 ], [ 75.351082469547009, 16.870839018588551 ], [ 75.350992711103942, 16.870806733940711 ], [ 75.350884620540313, 16.870767855560942 ], [ 75.350313932361772, 16.870764654236364 ], [ 75.350147291292785, 16.870958306905557 ], [ 75.349764120978421, 16.870967825059946 ], [ 75.349490123970938, 16.870974630795001 ], [ 75.349437697254743, 16.870975342070931 ], [ 75.349084349901105, 16.870980135597868 ], [ 75.348718874733251, 16.870929553139998 ], [ 75.348447917114584, 16.87089205141833 ], [ 75.348336267042157, 16.870868042328357 ], [ 75.348326082602767, 16.870865884721237 ], [ 75.348256246791081, 16.870850835030296 ], [ 75.348184916810581, 16.870835496780046 ], [ 75.34813172057568, 16.870824058100986 ], [ 75.348078669918678, 16.870812649895246 ], [ 75.348036055462089, 16.870803486553868 ], [ 75.347775705763155, 16.87074750089656 ], [ 75.347603629861325, 16.870710498329043 ], [ 75.347529322777078, 16.870694519473826 ], [ 75.347468693741561, 16.870682401695785 ], [ 75.347317529245373, 16.870652187384025 ], [ 75.347191304906644, 16.870653131552213 ], [ 75.346919996690843, 16.870655162752449 ], [ 75.346754171924005, 16.870656404158677 ], [ 75.346639278880161, 16.870657264643015 ], [ 75.346324924723348, 16.87067244620998 ], [ 75.346100811516834, 16.870683269803184 ], [ 75.345861562202529, 16.870694823767234 ], [ 75.345488616614148, 16.870766817765841 ], [ 75.34483967496169, 16.870724553027085 ], [ 75.344762389084863, 16.87071729137433 ], [ 75.344694158477111, 16.87070715436337 ], [ 75.342469372782816, 16.870376588939358 ], [ 75.342105709688013, 16.870407017428448 ], [ 75.34145698923956, 16.870461295500537 ], [ 75.340329628731169, 16.870555615276562 ], [ 75.339967481771779, 16.870585913625749 ], [ 75.339437682201165, 16.870448308486946 ], [ 75.33899484251026, 16.87033328901742 ], [ 75.338547264500079, 16.870170452763645 ], [ 75.337704680433092, 16.869863901516496 ], [ 75.336579815178268, 16.869602686158778 ], [ 75.335807295731314, 16.868874500297505 ], [ 75.33580666568227, 16.868873905623953 ], [ 75.335803479749629, 16.868891122115436 ], [ 75.33570448762147, 16.869426001599013 ], [ 75.335504106226296, 16.870508694437888 ], [ 75.335491403188328, 16.870577331610484 ], [ 75.335487310870448, 16.87059539839041 ], [ 75.335283538084994, 16.871495047749459 ], [ 75.335245527505577, 16.871662861034654 ], [ 75.335243529742399, 16.871663416616688 ], [ 75.335281078797649, 16.872023268724668 ], [ 75.335300634553221, 16.872210685909113 ], [ 75.33535887042882, 16.872768802547011 ], [ 75.335417107619762, 16.873326920938304 ], [ 75.335482218962582, 16.873882727467489 ], [ 75.33552857424074, 16.87427978167651 ], [ 75.335547364561407, 16.874440687099799 ], [ 75.335584513000597, 16.874847314739114 ], [ 75.335598760110599, 16.875003263074994 ], [ 75.3356386416243, 16.875566101922036 ], [ 75.33565085405391, 16.876127422197797 ], [ 75.335665371353272, 16.876688689853154 ], [ 75.335665454584685, 16.876750157603162 ], [ 75.335666137211248, 16.877254575691865 ], [ 75.335648613386184, 16.877829485781085 ], [ 75.335649128360018, 16.878147579560867 ], [ 75.335649547539447, 16.878406125606972 ], [ 75.335684017528351, 16.878874325654291 ], [ 75.335665365119482, 16.879567693255048 ], [ 75.335664742470101, 16.879670677972303 ], [ 75.335663387546902, 16.879894839627752 ], [ 75.335661827073309, 16.880153042658222 ], [ 75.335625352720768, 16.880418957534122 ], [ 75.335584258501754, 16.880718565751852 ], [ 75.33551186032588, 16.881150408364078 ], [ 75.335504414692323, 16.88119481546541 ], [ 75.335490468310468, 16.881278006439889 ], [ 75.335480802885343, 16.881341911811688 ], [ 75.33540588845905, 16.881837235830869 ], [ 75.3353932093314, 16.881960232974834 ], [ 75.335391881980613, 16.881973113756583 ], [ 75.335339564469052, 16.882385288653627 ], [ 75.335324397726566, 16.882740433850728 ], [ 75.335315096749071, 16.882958205753319 ], [ 75.335311867874168, 16.882995385170499 ], [ 75.335265295292857, 16.883531700317729 ], [ 75.335231615355653, 16.884104827676957 ], [ 75.335179511370171, 16.884678376554259 ], [ 75.33515958036817, 16.885246885659672 ], [ 75.335143138662204, 16.885569331469799 ], [ 75.335130471125225, 16.885817756406905 ], [ 75.335121852491014, 16.886095694171914 ], [ 75.33511717002618, 16.88624667266436 ], [ 75.335112842929789, 16.886386213772742 ], [ 75.335095214659972, 16.886954670203554 ], [ 75.335035004402783, 16.887321351019096 ], [ 75.335001586675432, 16.887524863548769 ], [ 75.334866571360209, 16.888100305939886 ], [ 75.334731553382298, 16.888675749131384 ], [ 75.334684916876611, 16.888925395581335 ], [ 75.334640572090521, 16.889162772550957 ], [ 75.334624172041941, 16.88925055950121 ], [ 75.334516890649581, 16.889831822941382 ], [ 75.334485288086768, 16.890005106051287 ], [ 75.334409709196322, 16.890419539451148 ], [ 75.33429565081822, 16.891009563143363 ], [ 75.334287198097726, 16.891050802558041 ], [ 75.334223777446525, 16.891360220228233 ], [ 75.334174682558583, 16.891599745368087 ], [ 75.334144208668448, 16.891775009833644 ], [ 75.334100690909551, 16.892025291009698 ], [ 75.33407213725458, 16.892189506942898 ], [ 75.334059010565198, 16.892315088129354 ], [ 75.334049646614645, 16.892404670537918 ], [ 75.334048954084366, 16.892411296728334 ], [ 75.334048703979434, 16.892412697357223 ], [ 75.334039448038595, 16.892464419386126 ], [ 75.334025411181287, 16.892542863691659 ], [ 75.334021079890846, 16.892590328211213 ], [ 75.334004105649825, 16.892776327649315 ], [ 75.333994394976443, 16.893028548667818 ], [ 75.333981966325709, 16.89335134198808 ], [ 75.333979007750287, 16.89342817545575 ], [ 75.333971822815855, 16.893614799814706 ], [ 75.333959827839792, 16.893926356293107 ], [ 75.333957252476111, 16.893987260603708 ], [ 75.333944402645372, 16.894291122222636 ], [ 75.333936869404624, 16.894469257222504 ], [ 75.333935418101262, 16.894503574487111 ], [ 75.333933276710482, 16.894574198275581 ], [ 75.333928543118432, 16.894730321105683 ], [ 75.333919439628644, 16.895030486664208 ], [ 75.333917918520456, 16.895080634036297 ], [ 75.333918329320767, 16.895155094548265 ], [ 75.333919800474277, 16.895421317559084 ], [ 75.33392107927348, 16.895652917735156 ], [ 75.333921497811701, 16.895662928312944 ], [ 75.333922850525695, 16.895695315584906 ], [ 75.333934040674393, 16.89596315255621 ], [ 75.333944969149698, 16.896224729180052 ], [ 75.333946772844698, 16.896357061983984 ], [ 75.333952971274584, 16.896811964405046 ], [ 75.333997823722626, 16.897398359377735 ], [ 75.334011777565749, 16.897506224083664 ], [ 75.334021421219802, 16.897580762622297 ], [ 75.334072482057522, 16.897975465484674 ], [ 75.33413349018619, 16.898563640987259 ], [ 75.334175441544375, 16.898857939636205 ], [ 75.334217565113747, 16.89915344295153 ], [ 75.334220995119949, 16.89919609479692 ], [ 75.334239202079985, 16.899422475853822 ], [ 75.334264721296591, 16.899739783328002 ], [ 75.334327301880933, 16.900215162004706 ], [ 75.334341820023155, 16.900325441087315 ], [ 75.334362832760078, 16.900529377847125 ], [ 75.334402057821706, 16.900631125756625 ], [ 75.334520376769404, 16.902744493917407 ], [ 75.334530473214258, 16.902924827311619 ], [ 75.334534604752477, 16.903159148954646 ], [ 75.334526150369001, 16.903725244621533 ], [ 75.334522302410733, 16.904291233294607 ], [ 75.334516048771931, 16.90485082228393 ], [ 75.334516498930199, 16.904935699780015 ], [ 75.334519009012467, 16.905410200026537 ], [ 75.334536551347554, 16.905670666342786 ], [ 75.334555410022489, 16.906331888728317 ], [ 75.334517533290949, 16.907437769237884 ], [ 75.334512354169235, 16.907557764435211 ], [ 75.334507984221688, 16.907658993206915 ], [ 75.334499561777491, 16.908227238170696 ], [ 75.33448883603765, 16.908795535681804 ], [ 75.334482783580754, 16.909368029794575 ], [ 75.33447857935839, 16.909393945682289 ], [ 75.334477414446411, 16.909738607451871 ], [ 75.334476731120503, 16.909940523875882 ], [ 75.334472080341868, 16.910020980313444 ], [ 75.334444971985704, 16.910489936002556 ], [ 75.334430620645961, 16.91088365857145 ], [ 75.334424797847703, 16.91104338789782 ], [ 75.334452959328232, 16.911593583373129 ], [ 75.33445470689658, 16.911722443083317 ], [ 75.334459502979001, 16.912076203229127 ], [ 75.334463057123813, 16.912096942162616 ], [ 75.334569570760962, 16.912718416964779 ], [ 75.334617725226352, 16.912984207898088 ], [ 75.334671674673473, 16.913281986437521 ], [ 75.334795727228141, 16.913849356262396 ], [ 75.334797752882622, 16.913861684627825 ], [ 75.334871262424514, 16.914309136867388 ], [ 75.334884827003549, 16.91439170491741 ], [ 75.334916749651484, 16.914794258217945 ], [ 75.33492285316774, 16.914871219525686 ], [ 75.334929281337111, 16.914952286943606 ], [ 75.334973735024676, 16.915512868022407 ], [ 75.335000047378884, 16.915862834150811 ], [ 75.335015886581459, 16.916073502544368 ], [ 75.335030785496897, 16.916435918451612 ], [ 75.335040012018624, 16.91666036932925 ], [ 75.335045356919451, 16.916707583791645 ], [ 75.335050634123647, 16.916750498277555 ], [ 75.335048627715665, 16.917656415134225 ], [ 75.335092468683825, 16.917808184187653 ], [ 75.335150490406861, 16.91796905807124 ], [ 75.335240031938554, 16.918217321990628 ], [ 75.335288746422279, 16.918352387963782 ], [ 75.335373618370483, 16.918752388230594 ], [ 75.335406877118373, 16.918909136321023 ], [ 75.335465224355801, 16.919242944053806 ], [ 75.3355048468825, 16.919502923509299 ], [ 75.335441889419826, 16.919773245171228 ], [ 75.335445246024477, 16.919825472552507 ], [ 75.335448541800389, 16.919876756310416 ], [ 75.33545010135677, 16.919901037438887 ], [ 75.33553099002215, 16.920537074212085 ], [ 75.335605400756151, 16.921113240345342 ], [ 75.335688419878139, 16.921612258325741 ], [ 75.335700467722276, 16.92168467377725 ], [ 75.335779379232704, 16.922256448226772 ], [ 75.335837135918823, 16.922676199614489 ], [ 75.335858348586086, 16.922830370293472 ], [ 75.335953212494189, 16.923358341063327 ], [ 75.335983222735308, 16.923504650083341 ], [ 75.336382916441721, 16.925453234131322 ], [ 75.336428594969377, 16.925572521749586 ], [ 75.336554583883768, 16.925901531505968 ], [ 75.336674657715264, 16.926215096102663 ], [ 75.336754834120455, 16.926428995522684 ], [ 75.336754868086643, 16.926429084957618 ], [ 75.336996914729298, 16.927074827459624 ], [ 75.337061102988443, 16.927254482598677 ], [ 75.337261405777326, 16.927815103640231 ], [ 75.337279103898013, 16.927864637016327 ], [ 75.337299120869318, 16.927926946583721 ], [ 75.337459336455453, 16.928425672388901 ], [ 75.337684945187988, 16.929108671913873 ], [ 75.337702420414587, 16.929161575529761 ], [ 75.337709783312391, 16.929190204959074 ], [ 75.337794722532223, 16.929520475689895 ], [ 75.337801284481003, 16.929545989625371 ], [ 75.337851391954558, 16.929717966983347 ], [ 75.337906732324072, 16.929907898927866 ], [ 75.337967963282551, 16.930118050563141 ], [ 75.338118602015825, 16.930694747985175 ], [ 75.338284934911698, 16.931253930596274 ], [ 75.338310553027185, 16.931350691964081 ], [ 75.338435344234469, 16.93182204147071 ], [ 75.338484567527956, 16.931984668741055 ], [ 75.338570324250895, 16.932268000179615 ], [ 75.338603929070644, 16.932379027023309 ], [ 75.338774996251828, 16.932942404608987 ], [ 75.338831791756178, 16.9331645658601 ], [ 75.338979658885137, 16.93360863980692 ], [ 75.338991374524952, 16.933643821899093 ], [ 75.33912195147829, 16.933743022316595 ], [ 75.339144511778741, 16.933760160785805 ], [ 75.33917908681822, 16.933915462151344 ], [ 75.339306520782458, 16.934487861555407 ], [ 75.339316791119188, 16.934533991019254 ], [ 75.339327793589291, 16.934573613556992 ], [ 75.339433368419776, 16.934953828332883 ], [ 75.339471532262252, 16.935091270701736 ], [ 75.339477374689054, 16.935116461240888 ], [ 75.339510527908899, 16.935259430521686 ], [ 75.339600886759087, 16.93564908868046 ], [ 75.339613584301887, 16.935705879762455 ], [ 75.339613591879811, 16.935705915907764 ], [ 75.339686085997727, 16.936030157913031 ], [ 75.339696554982893, 16.936076982153214 ], [ 75.33971202273753, 16.93614616625721 ], [ 75.339725625427548, 16.936207004603364 ], [ 75.33973805607431, 16.936262604714564 ], [ 75.339775927449466, 16.936431988462768 ], [ 75.339809974074868, 16.936584269551741 ], [ 75.339825878361026, 16.936655404538428 ], [ 75.339850364860141, 16.936764919502526 ], [ 75.339865245184953, 16.936830116350492 ], [ 75.339876542701106, 16.936879621209552 ], [ 75.339935246305274, 16.937136835733021 ], [ 75.339974756988639, 16.937309957230156 ], [ 75.339980738854138, 16.93733427159048 ], [ 75.340113520091776, 16.9378740179889 ], [ 75.340229377542329, 16.938445008444951 ], [ 75.340347369079211, 16.939009511225525 ], [ 75.340356779780009, 16.939056222374589 ], [ 75.340447571330202, 16.939506862206002 ], [ 75.34046068725236, 16.939571963396236 ], [ 75.340561010097773, 16.940025859550158 ], [ 75.340568315162443, 16.94005891374842 ], [ 75.340588259922256, 16.940149148630972 ], [ 75.340651531479466, 16.940375413119398 ], [ 75.340742893032967, 16.940702135150001 ], [ 75.340897527076592, 16.941255121505819 ], [ 75.340918402005769, 16.941331338191119 ], [ 75.341052508337143, 16.941820987456122 ], [ 75.341185506913462, 16.942288095828189 ], [ 75.341224160142488, 16.942533902025328 ], [ 75.341241762878965, 16.942614577874334 ], [ 75.341343278193023, 16.943079848531081 ], [ 75.341351967861783, 16.943119671836897 ], [ 75.341392694866627, 16.943277843225186 ], [ 75.341497719444632, 16.943685732608603 ], [ 75.341503400583747, 16.943744058390735 ], [ 75.341548802703741, 16.943933244455067 ], [ 75.341574349777275, 16.944039696567035 ], [ 75.341653192256658, 16.944368220632299 ], [ 75.341788025489649, 16.945060379985062 ], [ 75.341936469891536, 16.945695606654954 ], [ 75.341947826045072, 16.945744200967088 ], [ 75.342013108880877, 16.946003539589206 ], [ 75.342065946422395, 16.946439316777198 ], [ 75.342069608835729, 16.946475446794953 ], [ 75.342089978778688, 16.946676404199405 ], [ 75.342136511732278, 16.947135443196746 ], [ 75.342160966187038, 16.947386665793211 ], [ 75.342204278918487, 16.94783162846171 ], [ 75.342259831814218, 16.948453786482339 ], [ 75.342266452064848, 16.948527931498273 ], [ 75.342325898475835, 16.949140269689167 ], [ 75.342334290783072, 16.949226719853826 ], [ 75.34241317933558, 16.94992006502288 ], [ 75.342414612511121, 16.950089170996932 ], [ 75.342440368994644, 16.95007915366557 ], [ 75.342569168264745, 16.950029060604635 ], [ 75.342488738331426, 16.950244238808228 ], [ 75.342486414719886, 16.950308030544711 ], [ 75.342480359407887, 16.950478548379213 ], [ 75.34247738625632, 16.950562269592218 ], [ 75.342486509439794, 16.950613982586638 ], [ 75.342544489372415, 16.950942658531726 ], [ 75.342596617306057, 16.951238158611115 ], [ 75.34269395669952, 16.951789943584078 ], [ 75.342784612245325, 16.952089347233809 ], [ 75.342890623247683, 16.952439463506838 ], [ 75.342919927620258, 16.952536245842499 ], [ 75.343003707177331, 16.952741015101029 ], [ 75.343108621444799, 16.952857372759535 ], [ 75.343062203314645, 16.952899291689164 ], [ 75.342775094736695, 16.952998538112244 ], [ 75.342700532624207, 16.953085471885654 ], [ 75.342679265701818, 16.953110266650981 ], [ 75.342669223496188, 16.95313977924906 ], [ 75.342590257184895, 16.953371831653534 ], [ 75.342571873928719, 16.953429456485591 ], [ 75.342373128739453, 16.954052419405073 ], [ 75.342367012455824, 16.954071586978785 ], [ 75.342341785570426, 16.954142535670268 ], [ 75.342341751938406, 16.954142635160665 ], [ 75.342171943745441, 16.954620200335363 ], [ 75.34215067701777, 16.954680012987861 ], [ 75.342113345733651, 16.954785003730784 ], [ 75.342106114539305, 16.954804692029228 ], [ 75.34204713219863, 16.954965301741883 ], [ 75.341980582079259, 16.955146518702811 ], [ 75.341851283542539, 16.955498596919124 ], [ 75.341712546734882, 16.955874893986248 ], [ 75.341589148035524, 16.956209589225836 ], [ 75.340615377888611, 16.95617036983769 ], [ 75.339675110279998, 16.956127832231317 ], [ 75.338769260973024, 16.956079340348136 ], [ 75.337795487451089, 16.956076565428045 ], [ 75.336867252081532, 16.956064995776281 ], [ 75.336360512641704, 16.956058575428798 ], [ 75.336237188210575, 16.956057013197171 ], [ 75.335944612503297, 16.956053305122765 ], [ 75.335013580262526, 16.956041787685223 ], [ 75.334083180203194, 16.956053679876316 ], [ 75.333995309309358, 16.956057017310094 ], [ 75.333153411044222, 16.956088983520129 ], [ 75.332046504304358, 16.956126430569597 ], [ 75.331304710503431, 16.956146331277171 ], [ 75.330385849550566, 16.956170977833604 ], [ 75.329476989750631, 16.956151156172432 ], [ 75.328573585297079, 16.956126009187585 ], [ 75.327675776777042, 16.956100740744212 ], [ 75.326907826984083, 16.956101377245716 ], [ 75.326778668971855, 16.956101483710345 ], [ 75.325895408167838, 16.956096723615062 ], [ 75.325326550166423, 16.956118643252381 ], [ 75.32520652364235, 16.956123267461315 ], [ 75.324124692092965, 16.956347586785785 ], [ 75.323104350201902, 16.956553954661828 ], [ 75.32300535169432, 16.956570522493621 ], [ 75.32207190584441, 16.956726733246015 ], [ 75.32134076106081, 16.956757788125298 ], [ 75.321067769415947, 16.956771884474456 ], [ 75.320232434061268, 16.956815020497942 ], [ 75.319401197066171, 16.956813648097722 ], [ 75.319349987492544, 16.956822932210137 ], [ 75.319277638313707, 16.956836047761758 ], [ 75.319193060558234, 16.956916689171653 ], [ 75.319133601443099, 16.956910863097207 ], [ 75.318671101793953, 16.956865543129631 ], [ 75.317792205613685, 16.956794943803018 ], [ 75.31723522502962, 16.956806450554357 ], [ 75.31646148304138, 16.956835088202496 ], [ 75.315906164426494, 16.956864446230959 ], [ 75.315685946797416, 16.956876088078495 ], [ 75.314911411539228, 16.956949877772399 ], [ 75.314545432594514, 16.956990201286207 ], [ 75.314075824796944, 16.956945590540773 ], [ 75.313436024563771, 16.956877650708506 ], [ 75.313331863431543, 16.956869041431702 ], [ 75.312790150337008, 16.956824261781744 ], [ 75.312144088772996, 16.956764723344921 ], [ 75.311502619657887, 16.956713242676468 ], [ 75.310826357003407, 16.95666081139705 ], [ 75.310152390224189, 16.956612407797277 ], [ 75.310026951660944, 16.956615165565587 ], [ 75.309517264815966, 16.956626369703642 ], [ 75.308836678749387, 16.956645872729297 ], [ 75.308639712603323, 16.956658053939364 ], [ 75.308156780141545, 16.956687918715954 ], [ 75.307487672938166, 16.956727568803611 ], [ 75.307222169586183, 16.956750381065085 ], [ 75.306769261939351, 16.956789293800696 ], [ 75.306105245786114, 16.956853397065352 ], [ 75.30549979868573, 16.956878716129509 ], [ 75.305489084557223, 16.956877434095343 ], [ 75.30509308368886, 16.956830043001137 ], [ 75.304424568721572, 16.95674657168535 ], [ 75.303965684756434, 16.956717008533719 ], [ 75.303698507710649, 16.956699796407442 ], [ 75.302968292489709, 16.956659303531247 ], [ 75.302237890191449, 16.956612659659196 ], [ 75.302224480165123, 16.956612358612816 ], [ 75.3015171086018, 16.956596481901048 ], [ 75.300800668044985, 16.956580164126361 ], [ 75.300477920884859, 16.9565816509946 ], [ 75.300117412736398, 16.956583310388154 ], [ 75.299698185037968, 16.956579008855556 ], [ 75.299431675736827, 16.956576275024627 ], [ 75.298805522728813, 16.956567708346036 ], [ 75.29875238683185, 16.956566981607441 ], [ 75.298032168068517, 16.956569237589925 ], [ 75.297311885910943, 16.956569441872322 ], [ 75.296591667035912, 16.956571693676519 ], [ 75.296331366637546, 16.956586074793911 ], [ 75.296136133594814, 16.956587587494504 ], [ 75.295815445709749, 16.956590071906398 ], [ 75.29510050411406, 16.956622923929746 ], [ 75.294446591730363, 16.956662051034435 ], [ 75.293949807862717, 16.956688006191005 ], [ 75.293788123838326, 16.956706090142589 ], [ 75.293489650681423, 16.956739472057841 ], [ 75.292738502481143, 16.956867829395211 ], [ 75.29173111743529, 16.957032863794627 ], [ 75.291602064476947, 16.957048151376888 ], [ 75.291304482691046, 16.957083402721445 ], [ 75.291069017271241, 16.957107993383506 ], [ 75.290690170019971, 16.957147557640759 ], [ 75.290461467146756, 16.957120282939975 ], [ 75.290186645889193, 16.957085879021417 ], [ 75.289805772044204, 16.957065081516074 ], [ 75.289633449147587, 16.957078728053528 ] ] ] } }
]
}
